seed,train_author,epochs_completed,loss_dataset,loss_value
0,baum,0,baum,10.818527460098268
0,baum,0,thompson,10.82152509689331
0,baum,0,dickens,10.820019404093424
0,baum,0,melville,10.826112866401672
0,baum,0,wells,10.820290565490724
0,baum,0,austen,10.832980155944824
0,baum,0,fitzgerald,10.831403414408364
0,baum,0,twain,10.831809997558594
0,baum,0,non_oz_baum,10.830238819122314
0,baum,0,non_oz_thompson,10.824978351593018
0,baum,0,contested,10.81370210647583
0,baum,1,train,10.547385811805723
0,baum,1,baum,10.368644714355469
0,baum,1,thompson,10.387546062469482
0,baum,1,dickens,10.393876949946083
0,baum,1,melville,10.394836187362673
0,baum,1,wells,10.388689359029136
0,baum,1,austen,10.4449143409729
0,baum,1,fitzgerald,10.415863249037
0,baum,1,twain,10.391265392303469
0,baum,1,non_oz_baum,10.369075775146484
0,baum,1,non_oz_thompson,10.39171028137207
0,baum,1,contested,10.365113258361816
0,baum,2,train,10.18516170978546
0,baum,2,baum,10.017730474472046
0,baum,2,thompson,10.059771537780762
0,baum,2,dickens,10.079957008361816
0,baum,2,melville,10.089080691337584
0,baum,2,wells,10.088106791178385
0,baum,2,austen,10.152023792266846
0,baum,2,fitzgerald,10.104722658793133
0,baum,2,twain,10.070141633351644
0,baum,2,non_oz_baum,10.016313552856444
0,baum,2,non_oz_thompson,10.0857892036438
0,baum,2,contested,10.019784450531006
0,baum,3,train,9.838577687740326
0,baum,3,baum,9.688194751739502
0,baum,3,thompson,9.751916646957396
0,baum,3,dickens,9.783905108769735
0,baum,3,melville,9.798747062683104
0,baum,3,wells,9.79638703664144
0,baum,3,austen,9.85938549041748
0,baum,3,fitzgerald,9.813272264268663
0,baum,3,twain,9.763484795888266
0,baum,3,non_oz_baum,9.691076517105104
0,baum,3,non_oz_thompson,9.78407621383667
0,baum,3,contested,9.703035593032835
0,baum,4,train,9.505008816719055
0,baum,4,baum,9.368209838867188
0,baum,4,thompson,9.453036785125732
0,baum,4,dickens,9.498635292053224
0,baum,4,melville,9.51827311515808
0,baum,4,wells,9.513144493103027
0,baum,4,austen,9.57659673690796
0,baum,4,fitzgerald,9.53152847290039
0,baum,4,twain,9.466378529866535
0,baum,4,non_oz_baum,9.376732587814333
0,baum,4,non_oz_thompson,9.493058681488035
0,baum,4,contested,9.39717960357666
0,baum,5,train,9.188103437423706
0,baum,5,baum,9.06075406074524
0,baum,5,thompson,9.167036294937134
0,baum,5,dickens,9.22532614072164
0,baum,5,melville,9.250328421592712
0,baum,5,wells,9.241455713907875
0,baum,5,austen,9.306446552276611
0,baum,5,fitzgerald,9.261404779222277
0,baum,5,twain,9.18171008427938
0,baum,5,non_oz_baum,9.0766704082489
0,baum,5,non_oz_thompson,9.213884353637695
0,baum,5,contested,9.104902029037476
0,baum,6,train,8.886076956987381
0,baum,6,baum,8.772661209106445
0,baum,6,thompson,8.898939847946167
0,baum,6,dickens,8.969386974970499
0,baum,6,melville,8.99918007850647
0,baum,6,wells,8.98939291636149
0,baum,6,austen,9.053884506225586
0,baum,6,fitzgerald,9.010403209262424
0,baum,6,twain,8.916944821675619
0,baum,6,non_oz_baum,8.794872283935547
0,baum,6,non_oz_thompson,8.954243183135986
0,baum,6,contested,8.828953742980957
0,baum,7,train,8.594960331916809
0,baum,7,baum,8.503130912780762
0,baum,7,thompson,8.650239706039429
0,baum,7,dickens,8.73112694422404
0,baum,7,melville,8.764848709106445
0,baum,7,wells,8.75631586710612
0,baum,7,austen,8.818559646606445
0,baum,7,fitzgerald,8.776810963948568
0,baum,7,twain,8.669490496317545
0,baum,7,non_oz_baum,8.531902074813843
0,baum,7,non_oz_thompson,8.71405553817749
0,baum,7,contested,8.57135796546936
0,baum,8,train,8.334889650344849
0,baum,8,baum,8.255377531051636
0,baum,8,thompson,8.422921419143677
0,baum,8,dickens,8.512197732925415
0,baum,8,melville,8.551426768302917
0,baum,8,wells,8.54181162516276
0,baum,8,austen,8.605225086212158
0,baum,8,fitzgerald,8.561676661173502
0,baum,8,twain,8.440065383911133
0,baum,8,non_oz_baum,8.289239645004272
0,baum,8,non_oz_thompson,8.494123458862305
0,baum,8,contested,8.335353136062622
0,baum,9,train,8.08636249601841
0,baum,9,baum,8.030190229415894
0,baum,9,thompson,8.215667963027954
0,baum,9,dickens,8.312790075937906
0,baum,9,melville,8.35631787776947
0,baum,9,wells,8.347675959269205
0,baum,9,austen,8.411287307739258
0,baum,9,fitzgerald,8.36697514851888
0,baum,9,twain,8.231930255889893
0,baum,9,non_oz_baum,8.06904125213623
0,baum,9,non_oz_thompson,8.295035362243652
0,baum,9,contested,8.120788097381592
0,baum,10,train,7.873452976346016
0,baum,10,baum,7.826603293418884
0,baum,10,thompson,8.02786660194397
0,baum,10,dickens,8.131671071052551
0,baum,10,melville,8.178906083106995
0,baum,10,wells,8.17167059580485
0,baum,10,austen,8.236356735229492
0,baum,10,fitzgerald,8.189447296990288
0,baum,10,twain,8.042226870854696
0,baum,10,non_oz_baum,7.869560241699219
0,baum,10,non_oz_thompson,8.113835334777832
0,baum,10,contested,7.924617648124695
0,baum,11,train,7.670337960124016
0,baum,11,baum,7.642569303512573
0,baum,11,thompson,7.860609769821167
0,baum,11,dickens,7.970105012257894
0,baum,11,melville,8.021629750728607
0,baum,11,wells,8.016394138336182
0,baum,11,austen,8.083189487457275
0,baum,11,fitzgerald,8.032942559983995
0,baum,11,twain,7.8733030160268145
0,baum,11,non_oz_baum,7.689087629318237
0,baum,11,non_oz_thompson,7.954419136047363
0,baum,11,contested,7.749774694442749
0,baum,12,train,7.487639993429184
0,baum,12,baum,7.477054953575134
0,baum,12,thompson,7.709412097930908
0,baum,12,dickens,7.822981079419454
0,baum,12,melville,7.878375232219696
0,baum,12,wells,7.8738694190979
0,baum,12,austen,7.944471836090088
0,baum,12,fitzgerald,7.890723281436497
0,baum,12,twain,7.719950596491496
0,baum,12,non_oz_baum,7.528716921806335
0,baum,12,non_oz_thompson,7.810605049133301
0,baum,12,contested,7.59271764755249
0,baum,13,train,7.325512528419495
0,baum,13,baum,7.32925021648407
0,baum,13,thompson,7.574371099472046
0,baum,13,dickens,7.690795580546061
0,baum,13,melville,7.749935865402222
0,baum,13,wells,7.745841344197591
0,baum,13,austen,7.820358514785767
0,baum,13,fitzgerald,7.763977739546034
0,baum,13,twain,7.582829634348552
0,baum,13,non_oz_baum,7.384376406669617
0,baum,13,non_oz_thompson,7.683063745498657
0,baum,13,contested,7.4523844718933105
0,baum,14,train,7.177904516458511
0,baum,14,baum,7.195599794387817
0,baum,14,thompson,7.455035090446472
0,baum,14,dickens,7.574204643567403
0,baum,14,melville,7.636753141880035
0,baum,14,wells,7.633768717447917
0,baum,14,austen,7.712197542190552
0,baum,14,fitzgerald,7.653923882378472
0,baum,14,twain,7.462875445683797
0,baum,14,non_oz_baum,7.256803154945373
0,baum,14,non_oz_thompson,7.571741342544556
0,baum,14,contested,7.328075170516968
0,baum,15,train,7.061870589852333
0,baum,15,baum,7.077160716056824
0,baum,15,thompson,7.349750399589539
0,baum,15,dickens,7.470500946044922
0,baum,15,melville,7.536551296710968
0,baum,15,wells,7.535231272379558
0,baum,15,austen,7.617185115814209
0,baum,15,fitzgerald,7.556543085310194
0,baum,15,twain,7.357375701268514
0,baum,15,non_oz_baum,7.145515322685242
0,baum,15,non_oz_thompson,7.473384141921997
0,baum,15,contested,7.215771436691284
0,baum,16,train,6.927892223000526
0,baum,16,baum,6.971621751785278
0,baum,16,thompson,7.256108641624451
0,baum,16,dickens,7.379635055859883
0,baum,16,melville,7.448160529136658
0,baum,16,wells,7.448954264322917
0,baum,16,austen,7.535503387451172
0,baum,16,fitzgerald,7.470737298329671
0,baum,16,twain,7.263814687728882
0,baum,16,non_oz_baum,7.045028328895569
0,baum,16,non_oz_thompson,7.38745903968811
0,baum,16,contested,7.116664409637451
0,baum,17,train,6.830652102828026
0,baum,17,baum,6.878360986709595
0,baum,17,thompson,7.173649191856384
0,baum,17,dickens,7.29935081799825
0,baum,17,melville,7.371653854846954
0,baum,17,wells,7.372885862986247
0,baum,17,austen,7.467076539993286
0,baum,17,fitzgerald,7.395254188113743
0,baum,17,twain,7.181083917617798
0,baum,17,non_oz_baum,6.953994989395142
0,baum,17,non_oz_thompson,7.312498807907104
0,baum,17,contested,7.02692985534668
0,baum,18,train,6.737166732549667
0,baum,18,baum,6.794596433639526
0,baum,18,thompson,7.099303960800171
0,baum,18,dickens,7.2268093029658
0,baum,18,melville,7.301825940608978
0,baum,18,wells,7.304340203603108
0,baum,18,austen,7.406852722167969
0,baum,18,fitzgerald,7.326665083567302
0,baum,18,twain,7.105938831965129
0,baum,18,non_oz_baum,6.872818827629089
0,baum,18,non_oz_thompson,7.245165586471558
0,baum,18,contested,6.946962356567383
0,baum,19,train,6.662394896149635
0,baum,19,baum,6.719586730003357
0,baum,19,thompson,7.032843947410584
0,baum,19,dickens,7.162041942278544
0,baum,19,melville,7.239397644996643
0,baum,19,wells,7.243270397186279
0,baum,19,austen,7.355382204055786
0,baum,19,fitzgerald,7.2646475368075905
0,baum,19,twain,7.039273579915364
0,baum,19,non_oz_baum,6.802503347396851
0,baum,19,non_oz_thompson,7.182479619979858
0,baum,19,contested,6.873731732368469
0,baum,20,train,6.5832760483026505
0,baum,20,baum,6.654386639595032
0,baum,20,thompson,6.972118973731995
0,baum,20,dickens,7.104801177978516
0,baum,20,melville,7.184889554977417
0,baum,20,wells,7.189171155293782
0,baum,20,austen,7.312432289123535
0,baum,20,fitzgerald,7.207124392191569
0,baum,20,twain,6.978108406066895
0,baum,20,non_oz_baum,6.738208770751953
0,baum,20,non_oz_thompson,7.128410339355469
0,baum,20,contested,6.804311275482178
0,baum,21,train,6.5205294489860535
0,baum,21,baum,6.595478653907776
0,baum,21,thompson,6.918468713760376
0,baum,21,dickens,7.054335951805115
0,baum,21,melville,7.136703372001648
0,baum,21,wells,7.142291227976481
0,baum,21,austen,7.274308919906616
0,baum,21,fitzgerald,7.160588529374865
0,baum,21,twain,6.926304896672566
0,baum,21,non_oz_baum,6.682956576347351
0,baum,21,non_oz_thompson,7.080601930618286
0,baum,21,contested,6.74338436126709
0,baum,22,train,6.456730991601944
0,baum,22,baum,6.54137647151947
0,baum,22,thompson,6.8707650899887085
0,baum,22,dickens,7.00976300239563
0,baum,22,melville,7.09393036365509
0,baum,22,wells,7.1003524462382
0,baum,22,austen,7.241189002990723
0,baum,22,fitzgerald,7.1180033683776855
0,baum,22,twain,6.879176616668701
0,baum,22,non_oz_baum,6.630115985870361
0,baum,22,non_oz_thompson,7.038623809814453
0,baum,22,contested,6.687366366386414
0,baum,23,train,6.398687943816185
0,baum,23,baum,6.489471912384033
0,baum,23,thompson,6.8246917724609375
0,baum,23,dickens,6.967404246330261
0,baum,23,melville,7.052794873714447
0,baum,23,wells,7.060816764831543
0,baum,23,austen,7.209844589233398
0,baum,23,fitzgerald,7.078532589806451
0,baum,23,twain,6.834951241811116
0,baum,23,non_oz_baum,6.578824758529663
0,baum,23,non_oz_thompson,6.999709129333496
0,baum,23,contested,6.635499358177185
0,baum,24,train,6.348939120769501
0,baum,24,baum,6.443662405014038
0,baum,24,thompson,6.782984018325806
0,baum,24,dickens,6.928929885228475
0,baum,24,melville,7.016636669635773
0,baum,24,wells,7.024656931559245
0,baum,24,austen,7.18122410774231
0,baum,24,fitzgerald,7.041529761420356
0,baum,24,twain,6.793495734532674
0,baum,24,non_oz_baum,6.531528353691101
0,baum,24,non_oz_thompson,6.963868618011475
0,baum,24,contested,6.587846279144287
0,baum,25,train,6.302980110049248
0,baum,25,baum,6.396206736564636
0,baum,25,thompson,6.741147875785828
0,baum,25,dickens,6.893544316291809
0,baum,25,melville,6.984103143215179
0,baum,25,wells,6.991158326466878
0,baum,25,austen,7.155488729476929
0,baum,25,fitzgerald,7.008626937866211
0,baum,25,twain,6.757434050242106
0,baum,25,non_oz_baum,6.486817955970764
0,baum,25,non_oz_thompson,6.929622173309326
0,baum,25,contested,6.541286826133728
0,baum,26,train,6.229356721043587
0,baum,26,baum,6.353837490081787
0,baum,26,thompson,6.704418420791626
0,baum,26,dickens,6.863874991734822
0,baum,26,melville,6.95667690038681
0,baum,26,wells,6.964105288187663
0,baum,26,austen,7.134792804718018
0,baum,26,fitzgerald,6.977658589680989
0,baum,26,twain,6.724383910497029
0,baum,26,non_oz_baum,6.444931745529175
0,baum,26,non_oz_thompson,6.900298118591309
0,baum,26,contested,6.498013138771057
0,baum,27,train,6.199846222996712
0,baum,27,baum,6.309601306915283
0,baum,27,thompson,6.667533278465271
0,baum,27,dickens,6.834064205487569
0,baum,27,melville,6.928502082824707
0,baum,27,wells,6.9370646476745605
0,baum,27,austen,7.110640525817871
0,baum,27,fitzgerald,6.946768230862087
0,baum,27,twain,6.691309293111165
0,baum,27,non_oz_baum,6.401563763618469
0,baum,27,non_oz_thompson,6.870830297470093
0,baum,27,contested,6.455664873123169
0,baum,28,train,6.158722713589668
0,baum,28,baum,6.263989448547363
0,baum,28,thompson,6.63032329082489
0,baum,28,dickens,6.803488810857137
0,baum,28,melville,6.90110456943512
0,baum,28,wells,6.908544699350993
0,baum,28,austen,7.087265253067017
0,baum,28,fitzgerald,6.915650102827284
0,baum,28,twain,6.658009926478068
0,baum,28,non_oz_baum,6.357619404792786
0,baum,28,non_oz_thompson,6.8396430015563965
0,baum,28,contested,6.41294538974762
0,baum,29,train,6.102471306920052
0,baum,29,baum,6.219958543777466
0,baum,29,thompson,6.593704342842102
0,baum,29,dickens,6.778302431106567
0,baum,29,melville,6.876972436904907
0,baum,29,wells,6.8857472737630205
0,baum,29,austen,7.0681328773498535
0,baum,29,fitzgerald,6.887678994072808
0,baum,29,twain,6.62832768758138
0,baum,29,non_oz_baum,6.314836502075195
0,baum,29,non_oz_thompson,6.812307119369507
0,baum,29,contested,6.371358156204224
0,baum,30,train,6.071319192647934
0,baum,30,baum,6.177177786827087
0,baum,30,thompson,6.556849598884583
0,baum,30,dickens,6.749478975931804
0,baum,30,melville,6.849916934967041
0,baum,30,wells,6.859661261240642
0,baum,30,austen,7.045066833496094
0,baum,30,fitzgerald,6.859077559577094
0,baum,30,twain,6.596550544102986
0,baum,30,non_oz_baum,6.27650797367096
0,baum,30,non_oz_thompson,6.782315015792847
0,baum,30,contested,6.328903436660767
0,baum,31,train,6.0137651562690735
0,baum,31,baum,6.136322855949402
0,baum,31,thompson,6.5234434604644775
0,baum,31,dickens,6.726076722145081
0,baum,31,melville,6.829184949398041
0,baum,31,wells,6.84035062789917
0,baum,31,austen,7.026818513870239
0,baum,31,fitzgerald,6.834975454542372
0,baum,31,twain,6.569720983505249
0,baum,31,non_oz_baum,6.23895525932312
0,baum,31,non_oz_thompson,6.756080389022827
0,baum,31,contested,6.288799285888672
0,baum,32,train,5.979026690125465
0,baum,32,baum,6.092071652412415
0,baum,32,thompson,6.4861040115356445
0,baum,32,dickens,6.695844928423564
0,baum,32,melville,6.800319015979767
0,baum,32,wells,6.812930266062419
0,baum,32,austen,6.998335123062134
0,baum,32,fitzgerald,6.802174939049615
0,baum,32,twain,6.5347634156545
0,baum,32,non_oz_baum,6.196433186531067
0,baum,32,non_oz_thompson,6.724511861801148
0,baum,32,contested,6.245224475860596
0,baum,33,train,5.924626439809799
0,baum,33,baum,6.051306486129761
0,baum,33,thompson,6.4543598890304565
0,baum,33,dickens,6.670785109202067
0,baum,33,melville,6.7782779932022095
0,baum,33,wells,6.790050665537517
0,baum,33,austen,6.978506326675415
0,baum,33,fitzgerald,6.775513860914442
0,baum,33,twain,6.504268566767375
0,baum,33,non_oz_baum,6.157217860221863
0,baum,33,non_oz_thompson,6.69770073890686
0,baum,33,contested,6.206045031547546
0,baum,34,train,5.8865103125572205
0,baum,34,baum,6.008360743522644
0,baum,34,thompson,6.420480847358704
0,baum,34,dickens,6.639556328455607
0,baum,34,melville,6.747773170471191
0,baum,34,wells,6.759085178375244
0,baum,34,austen,6.9473865032196045
0,baum,34,fitzgerald,6.742126570807563
0,baum,34,twain,6.4684990247090655
0,baum,34,non_oz_baum,6.116271734237671
0,baum,34,non_oz_thompson,6.665324926376343
0,baum,34,contested,6.164965748786926
0,baum,35,train,5.826112300157547
0,baum,35,baum,5.96637761592865
0,baum,35,thompson,6.391032695770264
0,baum,35,dickens,6.61831549803416
0,baum,35,melville,6.725729942321777
0,baum,35,wells,6.742299556732178
0,baum,35,austen,6.927573204040527
0,baum,35,fitzgerald,6.718966960906982
0,baum,35,twain,6.443303267161052
0,baum,35,non_oz_baum,6.08204448223114
0,baum,35,non_oz_thompson,6.640318632125855
0,baum,35,contested,6.129308581352234
0,baum,36,train,5.795814275741577
0,baum,36,baum,5.931736826896668
0,baum,36,thompson,6.361282825469971
0,baum,36,dickens,6.594117522239685
0,baum,36,melville,6.706284999847412
0,baum,36,wells,6.7196478843688965
0,baum,36,austen,6.907423496246338
0,baum,36,fitzgerald,6.6927613152398
0,baum,36,twain,6.416392087936401
0,baum,36,non_oz_baum,6.046970725059509
0,baum,36,non_oz_thompson,6.61513614654541
0,baum,36,contested,6.094933032989502
0,baum,37,train,5.764378473162651
0,baum,37,baum,5.892356872558594
0,baum,37,thompson,6.330920696258545
0,baum,37,dickens,6.571828524271647
0,baum,37,melville,6.688009440898895
0,baum,37,wells,6.69761594136556
0,baum,37,austen,6.886310577392578
0,baum,37,fitzgerald,6.668861760033502
0,baum,37,twain,6.390670617421468
0,baum,37,non_oz_baum,6.011314511299133
0,baum,37,non_oz_thompson,6.589673757553101
0,baum,37,contested,6.062399983406067
0,baum,38,train,5.705804497003555
0,baum,38,baum,5.8520835638046265
0,baum,38,thompson,6.304676651954651
0,baum,38,dickens,6.549426515897115
0,baum,38,melville,6.669083595275879
0,baum,38,wells,6.6763614018758135
0,baum,38,austen,6.863418102264404
0,baum,38,fitzgerald,6.644876321156819
0,baum,38,twain,6.368868350982666
0,baum,38,non_oz_baum,5.976932525634766
0,baum,38,non_oz_thompson,6.56471586227417
0,baum,38,contested,6.030743956565857
0,baum,39,train,5.690825700759888
0,baum,39,baum,5.815637230873108
0,baum,39,thompson,6.279616832733154
0,baum,39,dickens,6.530876477559407
0,baum,39,melville,6.652551770210266
0,baum,39,wells,6.66008726755778
0,baum,39,austen,6.84676456451416
0,baum,39,fitzgerald,6.622763686709934
0,baum,39,twain,6.346930503845215
0,baum,39,non_oz_baum,5.945489287376404
0,baum,39,non_oz_thompson,6.544281959533691
0,baum,39,contested,6.001173615455627
0,baum,40,train,5.635539337992668
0,baum,40,baum,5.782312870025635
0,baum,40,thompson,6.253566861152649
0,baum,40,dickens,6.510969599088033
0,baum,40,melville,6.633943498134613
0,baum,40,wells,6.643148422241211
0,baum,40,austen,6.82592248916626
0,baum,40,fitzgerald,6.598889774746365
0,baum,40,twain,6.326048294703166
0,baum,40,non_oz_baum,5.915128469467163
0,baum,40,non_oz_thompson,6.522932291030884
0,baum,40,contested,5.9725741147995
0,baum,41,train,5.60170790553093
0,baum,41,baum,5.746053338050842
0,baum,41,thompson,6.230437397956848
0,baum,41,dickens,6.490349451700847
0,baum,41,melville,6.618340969085693
0,baum,41,wells,6.625100135803223
0,baum,41,austen,6.804481744766235
0,baum,41,fitzgerald,6.580927848815918
0,baum,41,twain,6.307551860809326
0,baum,41,non_oz_baum,5.883533835411072
0,baum,41,non_oz_thompson,6.502285957336426
0,baum,41,contested,5.943896532058716
0,baum,42,train,5.551776900887489
0,baum,42,baum,5.711764335632324
0,baum,42,thompson,6.205634951591492
0,baum,42,dickens,6.474874138832092
0,baum,42,melville,6.601829349994659
0,baum,42,wells,6.609843254089356
0,baum,42,austen,6.787423372268677
0,baum,42,fitzgerald,6.562229951222737
0,baum,42,twain,6.287552833557129
0,baum,42,non_oz_baum,5.856565833091736
0,baum,42,non_oz_thompson,6.482993364334106
0,baum,42,contested,5.915430307388306
0,baum,43,train,5.545090138912201
0,baum,43,baum,5.683656454086304
0,baum,43,thompson,6.186379551887512
0,baum,43,dickens,6.457978844642639
0,baum,43,melville,6.5884798765182495
0,baum,43,wells,6.59614912668864
0,baum,43,austen,6.767102479934692
0,baum,43,fitzgerald,6.543468687269423
0,baum,43,twain,6.270400365193685
0,baum,43,non_oz_baum,5.833646535873413
0,baum,43,non_oz_thompson,6.466618776321411
0,baum,43,contested,5.8930827379226685
0,baum,44,train,5.501791030168533
0,baum,44,baum,5.652717471122742
0,baum,44,thompson,6.165366411209106
0,baum,44,dickens,6.442122936248779
0,baum,44,melville,6.574397146701813
0,baum,44,wells,6.582089900970459
0,baum,44,austen,6.754219055175781
0,baum,44,fitzgerald,6.526333332061768
0,baum,44,twain,6.248474915822347
0,baum,44,non_oz_baum,5.805246353149414
0,baum,44,non_oz_thompson,6.446506500244141
0,baum,44,contested,5.866117238998413
0,baum,45,train,5.461926564574242
0,baum,45,baum,5.625311255455017
0,baum,45,thompson,6.144414067268372
0,baum,45,dickens,6.428175250689189
0,baum,45,melville,6.562138080596924
0,baum,45,wells,6.569496472676595
0,baum,45,austen,6.735696077346802
0,baum,45,fitzgerald,6.511115127139622
0,baum,45,twain,6.231432596842448
0,baum,45,non_oz_baum,5.77998423576355
0,baum,45,non_oz_thompson,6.433301210403442
0,baum,45,contested,5.84432327747345
0,baum,46,train,5.427796885371208
0,baum,46,baum,5.595354795455933
0,baum,46,thompson,6.127695560455322
0,baum,46,dickens,6.420356551806132
0,baum,46,melville,6.5541712641716
0,baum,46,wells,6.56221342086792
0,baum,46,austen,6.7293455600738525
0,baum,46,fitzgerald,6.503306070963542
0,baum,46,twain,6.220997095108032
0,baum,46,non_oz_baum,5.754919409751892
0,baum,46,non_oz_thompson,6.420788288116455
0,baum,46,contested,5.823476076126099
0,baum,47,train,5.42316061258316
0,baum,47,baum,5.56257700920105
0,baum,47,thompson,6.108150124549866
0,baum,47,dickens,6.399604678153992
0,baum,47,melville,6.539224922657013
0,baum,47,wells,6.540617148081462
0,baum,47,austen,6.70283579826355
0,baum,47,fitzgerald,6.480906221601698
0,baum,47,twain,6.20421568552653
0,baum,47,non_oz_baum,5.730734705924988
0,baum,47,non_oz_thompson,6.402475118637085
0,baum,47,contested,5.801809310913086
0,baum,48,train,5.392431423068047
0,baum,48,baum,5.537231087684631
0,baum,48,thompson,6.093851089477539
0,baum,48,dickens,6.388923565546672
0,baum,48,melville,6.528185486793518
0,baum,48,wells,6.531654040018718
0,baum,48,austen,6.6999945640563965
0,baum,48,fitzgerald,6.47177955839369
0,baum,48,twain,6.188314358393352
0,baum,48,non_oz_baum,5.706045389175415
0,baum,48,non_oz_thompson,6.386914253234863
0,baum,48,contested,5.781448602676392
0,baum,49,train,5.360800966620445
0,baum,49,baum,5.511816382408142
0,baum,49,thompson,6.077222108840942
0,baum,49,dickens,6.383684436480205
0,baum,49,melville,6.521192312240601
0,baum,49,wells,6.525695006052653
0,baum,49,austen,6.688396692276001
0,baum,49,fitzgerald,6.459792455037435
0,baum,49,twain,6.173162221908569
0,baum,49,non_oz_baum,5.685961008071899
0,baum,49,non_oz_thompson,6.376224517822266
0,baum,49,contested,5.76421594619751
0,baum,50,train,5.31233149766922
0,baum,50,baum,5.485645890235901
0,baum,50,thompson,6.0626455545425415
0,baum,50,dickens,6.372823556264241
0,baum,50,melville,6.515350580215454
0,baum,50,wells,6.513489723205566
0,baum,50,austen,6.676090478897095
0,baum,50,fitzgerald,6.449294514126247
0,baum,50,twain,6.162670532862346
0,baum,50,non_oz_baum,5.664584755897522
0,baum,50,non_oz_thompson,6.363184928894043
0,baum,50,contested,5.747251272201538
0,baum,51,train,5.291685312986374
0,baum,51,baum,5.4664705991745
0,baum,51,thompson,6.052019953727722
0,baum,51,dickens,6.362542271614075
0,baum,51,melville,6.507922291755676
0,baum,51,wells,6.505851586659749
0,baum,51,austen,6.6669921875
0,baum,51,fitzgerald,6.437254163953993
0,baum,51,twain,6.149319330851237
0,baum,51,non_oz_baum,5.644394040107727
0,baum,51,non_oz_thompson,6.351929187774658
0,baum,51,contested,5.730236053466797
0,baum,52,train,5.273280903697014
0,baum,52,baum,5.441455245018005
0,baum,52,thompson,6.03281843662262
0,baum,52,dickens,6.353158712387085
0,baum,52,melville,6.499787867069244
0,baum,52,wells,6.494753996531169
0,baum,52,austen,6.653373718261719
0,baum,52,fitzgerald,6.429097440507677
0,baum,52,twain,6.137258529663086
0,baum,52,non_oz_baum,5.626666784286499
0,baum,52,non_oz_thompson,6.338841438293457
0,baum,52,contested,5.711816430091858
0,baum,53,train,5.273103252053261
0,baum,53,baum,5.421910524368286
0,baum,53,thompson,6.024188041687012
0,baum,53,dickens,6.345590551694234
0,baum,53,melville,6.496553838253021
0,baum,53,wells,6.488052845001221
0,baum,53,austen,6.652274131774902
0,baum,53,fitzgerald,6.424248006608751
0,baum,53,twain,6.128210783004761
0,baum,53,non_oz_baum,5.608718395233154
0,baum,53,non_oz_thompson,6.328881978988648
0,baum,53,contested,5.698733329772949
0,baum,54,train,5.240337714552879
0,baum,54,baum,5.402715086936951
0,baum,54,thompson,6.013685941696167
0,baum,54,dickens,6.333908438682556
0,baum,54,melville,6.485923230648041
0,baum,54,wells,6.48151954015096
0,baum,54,austen,6.635418653488159
0,baum,54,fitzgerald,6.411579185061985
0,baum,54,twain,6.118721961975098
0,baum,54,non_oz_baum,5.5894410610198975
0,baum,54,non_oz_thompson,6.320060253143311
0,baum,54,contested,5.684424877166748
0,baum,55,train,5.213609501719475
0,baum,55,baum,5.378706097602844
0,baum,55,thompson,5.996572494506836
0,baum,55,dickens,6.331689516703288
0,baum,55,melville,6.484123110771179
0,baum,55,wells,6.479352951049805
0,baum,55,austen,6.631927967071533
0,baum,55,fitzgerald,6.402120219336616
0,baum,55,twain,6.10894250869751
0,baum,55,non_oz_baum,5.5739747285842896
0,baum,55,non_oz_thompson,6.310276508331299
0,baum,55,contested,5.66789436340332
0,baum,56,train,5.178863078355789
0,baum,56,baum,5.357567310333252
0,baum,56,thompson,5.988017797470093
0,baum,56,dickens,6.326190670331319
0,baum,56,melville,6.478065729141235
0,baum,56,wells,6.475674629211426
0,baum,56,austen,6.625699996948242
0,baum,56,fitzgerald,6.398384200202094
0,baum,56,twain,6.10029935836792
0,baum,56,non_oz_baum,5.559495210647583
0,baum,56,non_oz_thompson,6.300819635391235
0,baum,56,contested,5.656880259513855
0,baum,57,train,5.149030327796936
0,baum,57,baum,5.332050323486328
0,baum,57,thompson,5.973760485649109
0,baum,57,dickens,6.309646089871724
0,baum,57,melville,6.471157968044281
0,baum,57,wells,6.461845874786377
0,baum,57,austen,6.613802433013916
0,baum,57,fitzgerald,6.390924241807726
0,baum,57,twain,6.093544642130534
0,baum,57,non_oz_baum,5.543027997016907
0,baum,57,non_oz_thompson,6.2883782386779785
0,baum,57,contested,5.643745422363281
0,baum,58,train,5.138186112046242
0,baum,58,baum,5.318903565406799
0,baum,58,thompson,5.963410258293152
0,baum,58,dickens,6.306009133656819
0,baum,58,melville,6.466111123561859
0,baum,58,wells,6.461206595102946
0,baum,58,austen,6.60630989074707
0,baum,58,fitzgerald,6.38302034801907
0,baum,58,twain,6.084670464197795
0,baum,58,non_oz_baum,5.528858542442322
0,baum,58,non_oz_thompson,6.282304048538208
0,baum,58,contested,5.630585670471191
0,baum,59,train,5.127951338887215
0,baum,59,baum,5.298851132392883
0,baum,59,thompson,5.953814506530762
0,baum,59,dickens,6.299662232398987
0,baum,59,melville,6.467586517333984
0,baum,59,wells,6.444709936777751
0,baum,59,austen,6.598307371139526
0,baum,59,fitzgerald,6.377561887105306
0,baum,59,twain,6.07792067527771
0,baum,59,non_oz_baum,5.517880916595459
0,baum,59,non_oz_thompson,6.274193048477173
0,baum,59,contested,5.619821071624756
0,baum,60,train,5.094036638736725
0,baum,60,baum,5.284196376800537
0,baum,60,thompson,5.945048093795776
0,baum,60,dickens,6.293441971143087
0,baum,60,melville,6.462928235530853
0,baum,60,wells,6.445244948069255
0,baum,60,austen,6.59537935256958
0,baum,60,fitzgerald,6.372411992814806
0,baum,60,twain,6.072256088256836
0,baum,60,non_oz_baum,5.504969239234924
0,baum,60,non_oz_thompson,6.26708722114563
0,baum,60,contested,5.609264135360718
0,baum,61,train,5.095018818974495
0,baum,61,baum,5.274781346321106
0,baum,61,thompson,5.931799054145813
0,baum,61,dickens,6.284981608390808
0,baum,61,melville,6.453542649745941
0,baum,61,wells,6.435271739959717
0,baum,61,austen,6.578030824661255
0,baum,61,fitzgerald,6.361213366190593
0,baum,61,twain,6.05853796005249
0,baum,61,non_oz_baum,5.486789107322693
0,baum,61,non_oz_thompson,6.258384943008423
0,baum,61,contested,5.5973005294799805
0,baum,62,train,5.08520695567131
0,baum,62,baum,5.257068037986755
0,baum,62,thompson,5.92380952835083
0,baum,62,dickens,6.282504558563232
0,baum,62,melville,6.451480150222778
0,baum,62,wells,6.433201471964519
0,baum,62,austen,6.5794079303741455
0,baum,62,fitzgerald,6.355685393015544
0,baum,62,twain,6.052722771962483
0,baum,62,non_oz_baum,5.476768374443054
0,baum,62,non_oz_thompson,6.249895334243774
0,baum,62,contested,5.586062908172607
0,baum,63,train,5.082128077745438
0,baum,63,baum,5.2464905977249146
0,baum,63,thompson,5.917936086654663
0,baum,63,dickens,6.280237237612407
0,baum,63,melville,6.45013290643692
0,baum,63,wells,6.434356212615967
0,baum,63,austen,6.577145338058472
0,baum,63,fitzgerald,6.35431718826294
0,baum,63,twain,6.045710961023967
0,baum,63,non_oz_baum,5.465759515762329
0,baum,63,non_oz_thompson,6.246376991271973
0,baum,63,contested,5.578880548477173
0,baum,64,train,5.0406632125377655
0,baum,64,baum,5.229723572731018
0,baum,64,thompson,5.913076639175415
0,baum,64,dickens,6.276355504989624
0,baum,64,melville,6.452373683452606
0,baum,64,wells,6.4348578453063965
0,baum,64,austen,6.576838493347168
0,baum,64,fitzgerald,6.355106512705485
0,baum,64,twain,6.047429800033569
0,baum,64,non_oz_baum,5.455231666564941
0,baum,64,non_oz_thompson,6.240301132202148
0,baum,64,contested,5.5697261095047
0,baum,65,train,5.012328684329987
0,baum,65,baum,5.213847756385803
0,baum,65,thompson,5.905589818954468
0,baum,65,dickens,6.274538159370422
0,baum,65,melville,6.453310608863831
0,baum,65,wells,6.427149931589763
0,baum,65,austen,6.569844484329224
0,baum,65,fitzgerald,6.351330492231581
0,baum,65,twain,6.044092575709025
0,baum,65,non_oz_baum,5.448176383972168
0,baum,65,non_oz_thompson,6.232944250106812
0,baum,65,contested,5.563824415206909
0,baum,66,train,5.015340864658356
0,baum,66,baum,5.204718947410584
0,baum,66,thompson,5.892931938171387
0,baum,66,dickens,6.265219847361247
0,baum,66,melville,6.445207536220551
0,baum,66,wells,6.4208197593688965
0,baum,66,austen,6.563871383666992
0,baum,66,fitzgerald,6.341655996110704
0,baum,66,twain,6.02865735689799
0,baum,66,non_oz_baum,5.431668281555176
0,baum,66,non_oz_thompson,6.223926544189453
0,baum,66,contested,5.552528142929077
0,baum,67,train,4.996020510792732
0,baum,67,baum,5.19113564491272
0,baum,67,thompson,5.88817036151886
0,baum,67,dickens,6.261997739473979
0,baum,67,melville,6.440266370773315
0,baum,67,wells,6.417275587717692
0,baum,67,austen,6.558406591415405
0,baum,67,fitzgerald,6.339874956342909
0,baum,67,twain,6.027905464172363
0,baum,67,non_oz_baum,5.421143651008606
0,baum,67,non_oz_thompson,6.218143701553345
0,baum,67,contested,5.544002532958984
0,baum,68,train,4.981578975915909
0,baum,68,baum,5.180209517478943
0,baum,68,thompson,5.882919669151306
0,baum,68,dickens,6.255435546239217
0,baum,68,melville,6.440363883972168
0,baum,68,wells,6.414236227671306
0,baum,68,austen,6.549437522888184
0,baum,68,fitzgerald,6.334870179494222
0,baum,68,twain,6.025241692860921
0,baum,68,non_oz_baum,5.414074897766113
0,baum,68,non_oz_thompson,6.213950872421265
0,baum,68,contested,5.538259267807007
0,baum,69,train,4.9613804668188095
0,baum,69,baum,5.166032195091248
0,baum,69,thompson,5.879563689231873
0,baum,69,dickens,6.260377526283264
0,baum,69,melville,6.446109294891357
0,baum,69,wells,6.417470296223958
0,baum,69,austen,6.551547527313232
0,baum,69,fitzgerald,6.339975463019477
0,baum,69,twain,6.026454051335652
0,baum,69,non_oz_baum,5.405621528625488
0,baum,69,non_oz_thompson,6.214658737182617
0,baum,69,contested,5.534419178962708
0,baum,70,train,4.952818796038628
0,baum,70,baum,5.158889174461365
0,baum,70,thompson,5.871325492858887
0,baum,70,dickens,6.260111331939697
0,baum,70,melville,6.439852654933929
0,baum,70,wells,6.418237686157227
0,baum,70,austen,6.548398971557617
0,baum,70,fitzgerald,6.333423190646702
0,baum,70,twain,6.012699524561564
0,baum,70,non_oz_baum,5.391576170921326
0,baum,70,non_oz_thompson,6.2068705558776855
0,baum,70,contested,5.524668574333191
0,baum,71,train,4.955413207411766
0,baum,71,baum,5.14501690864563
0,baum,71,thompson,5.865666031837463
0,baum,71,dickens,6.250242670377095
0,baum,71,melville,6.43891304731369
0,baum,71,wells,6.412668546040853
0,baum,71,austen,6.549055814743042
0,baum,71,fitzgerald,6.331089125739204
0,baum,71,twain,6.011095762252808
0,baum,71,non_oz_baum,5.381085753440857
0,baum,71,non_oz_thompson,6.202000856399536
0,baum,71,contested,5.516663908958435
0,baum,72,train,4.941168561577797
0,baum,72,baum,5.139278054237366
0,baum,72,thompson,5.859705090522766
0,baum,72,dickens,6.245512247085571
0,baum,72,melville,6.434932172298431
0,baum,72,wells,6.40854024887085
0,baum,72,austen,6.542865514755249
0,baum,72,fitzgerald,6.326998180813259
0,baum,72,twain,6.003334283828735
0,baum,72,non_oz_baum,5.373134255409241
0,baum,72,non_oz_thompson,6.1944756507873535
0,baum,72,contested,5.511926293373108
0,baum,73,train,4.90424844622612
0,baum,73,baum,5.12523090839386
0,baum,73,thompson,5.8536306619644165
0,baum,73,dickens,6.243924220403035
0,baum,73,melville,6.429790496826172
0,baum,73,wells,6.408408164978027
0,baum,73,austen,6.536310195922852
0,baum,73,fitzgerald,6.317889796362983
0,baum,73,twain,5.998073498408
0,baum,73,non_oz_baum,5.363861560821533
0,baum,73,non_oz_thompson,6.19249701499939
0,baum,73,contested,5.503223299980164
0,baum,74,train,4.905336245894432
0,baum,74,baum,5.109344959259033
0,baum,74,thompson,5.848019480705261
0,baum,74,dickens,6.2357328335444135
0,baum,74,melville,6.431525707244873
0,baum,74,wells,6.4051235516866045
0,baum,74,austen,6.536528825759888
0,baum,74,fitzgerald,6.3178038067287865
0,baum,74,twain,5.998515923817952
0,baum,74,non_oz_baum,5.3591567277908325
0,baum,74,non_oz_thompson,6.18509316444397
0,baum,74,contested,5.494798541069031
0,baum,75,train,4.894276708364487
0,baum,75,baum,5.099682092666626
0,baum,75,thompson,5.842785477638245
0,baum,75,dickens,6.234829147656758
0,baum,75,melville,6.434765815734863
0,baum,75,wells,6.397438208262126
0,baum,75,austen,6.532073497772217
0,baum,75,fitzgerald,6.3196349673801
0,baum,75,twain,5.995641152064006
0,baum,75,non_oz_baum,5.352216124534607
0,baum,75,non_oz_thompson,6.181203126907349
0,baum,75,contested,5.492417573928833
0,baum,76,train,4.878481760621071
0,baum,76,baum,5.089362621307373
0,baum,76,thompson,5.835612773895264
0,baum,76,dickens,6.227617462476094
0,baum,76,melville,6.427556216716766
0,baum,76,wells,6.398893356323242
0,baum,76,austen,6.526779890060425
0,baum,76,fitzgerald,6.311800109015571
0,baum,76,twain,5.9858278433481855
0,baum,76,non_oz_baum,5.340510010719299
0,baum,76,non_oz_thompson,6.177181005477905
0,baum,76,contested,5.481849908828735
0,baum,77,train,4.856842488050461
0,baum,77,baum,5.071359038352966
0,baum,77,thompson,5.831299662590027
0,baum,77,dickens,6.228843530019124
0,baum,77,melville,6.428731024265289
0,baum,77,wells,6.400027910868327
0,baum,77,austen,6.5296266078948975
0,baum,77,fitzgerald,6.311307377285427
0,baum,77,twain,5.984425147374471
0,baum,77,non_oz_baum,5.334894180297852
0,baum,77,non_oz_thompson,6.173714876174927
0,baum,77,contested,5.479062080383301
0,baum,78,train,4.847180545330048
0,baum,78,baum,5.063405394554138
0,baum,78,thompson,5.824416875839233
0,baum,78,dickens,6.223560770352681
0,baum,78,melville,6.4257524609565735
0,baum,78,wells,6.387552420298259
0,baum,78,austen,6.522000551223755
0,baum,78,fitzgerald,6.312360604604085
0,baum,78,twain,5.984912713368733
0,baum,78,non_oz_baum,5.332139015197754
0,baum,78,non_oz_thompson,6.16764235496521
0,baum,78,contested,5.471139907836914
0,baum,79,train,4.841512337327004
0,baum,79,baum,5.05523943901062
0,baum,79,thompson,5.822556853294373
0,baum,79,dickens,6.2276999950408936
0,baum,79,melville,6.432042419910431
0,baum,79,wells,6.3905839920043945
0,baum,79,austen,6.519433736801148
0,baum,79,fitzgerald,6.3091930283440485
0,baum,79,twain,5.985367059707642
0,baum,79,non_oz_baum,5.325114727020264
0,baum,79,non_oz_thompson,6.165124893188477
0,baum,79,contested,5.472987413406372
0,baum,80,train,4.838067948818207
0,baum,80,baum,5.045215845108032
0,baum,80,thompson,5.814348340034485
0,baum,80,dickens,6.214742302894592
0,baum,80,melville,6.421403884887695
0,baum,80,wells,6.385722637176514
0,baum,80,austen,6.514533519744873
0,baum,80,fitzgerald,6.3018311394585504
0,baum,80,twain,5.974857091903687
0,baum,80,non_oz_baum,5.311010718345642
0,baum,80,non_oz_thompson,6.157497882843018
0,baum,80,contested,5.462633371353149
0,baum,81,train,4.831932753324509
0,baum,81,baum,5.038856983184815
0,baum,81,thompson,5.817611455917358
0,baum,81,dickens,6.222123861312866
0,baum,81,melville,6.420707643032074
0,baum,81,wells,6.39704179763794
0,baum,81,austen,6.5179762840271
0,baum,81,fitzgerald,6.305770927005344
0,baum,81,twain,5.974014202753703
0,baum,81,non_oz_baum,5.306932210922241
0,baum,81,non_oz_thompson,6.162287473678589
0,baum,81,contested,5.4633694887161255
0,baum,82,train,4.807582870125771
0,baum,82,baum,5.020830273628235
0,baum,82,thompson,5.810500264167786
0,baum,82,dickens,6.219913800557454
0,baum,82,melville,6.425727427005768
0,baum,82,wells,6.392250855763753
0,baum,82,austen,6.515844821929932
0,baum,82,fitzgerald,6.301335493723552
0,baum,82,twain,5.96724804242452
0,baum,82,non_oz_baum,5.303560018539429
0,baum,82,non_oz_thompson,6.156416177749634
0,baum,82,contested,5.459020376205444
0,baum,83,train,4.796833544969559
0,baum,83,baum,5.020317077636719
0,baum,83,thompson,5.806268692016602
0,baum,83,dickens,6.209648092587789
0,baum,83,melville,6.417474985122681
0,baum,83,wells,6.376593430836995
0,baum,83,austen,6.506700038909912
0,baum,83,fitzgerald,6.303136083814833
0,baum,83,twain,5.9670577843983965
0,baum,83,non_oz_baum,5.293083548545837
0,baum,83,non_oz_thompson,6.151329278945923
0,baum,83,contested,5.452894687652588
0,baum,84,train,4.81229692697525
0,baum,84,baum,5.014830827713013
0,baum,84,thompson,5.798774480819702
0,baum,84,dickens,6.213450630505879
0,baum,84,melville,6.418190062046051
0,baum,84,wells,6.383281707763672
0,baum,84,austen,6.518256425857544
0,baum,84,fitzgerald,6.294391949971517
0,baum,84,twain,5.962846517562866
0,baum,84,non_oz_baum,5.288930416107178
0,baum,84,non_oz_thompson,6.146696329116821
0,baum,84,contested,5.442094683647156
0,baum,85,train,4.800240322947502
0,baum,85,baum,5.005852937698364
0,baum,85,thompson,5.798313021659851
0,baum,85,dickens,6.215711275736491
0,baum,85,melville,6.423121809959412
0,baum,85,wells,6.382999102274577
0,baum,85,austen,6.505863428115845
0,baum,85,fitzgerald,6.297223461998834
0,baum,85,twain,5.960870424906413
0,baum,85,non_oz_baum,5.282231688499451
0,baum,85,non_oz_thompson,6.14559268951416
0,baum,85,contested,5.445012092590332
0,baum,86,train,4.798743918538094
0,baum,86,baum,4.995713472366333
0,baum,86,thompson,5.80110228061676
0,baum,86,dickens,6.212544560432434
0,baum,86,melville,6.423400640487671
0,baum,86,wells,6.377850691477458
0,baum,86,austen,6.500222682952881
0,baum,86,fitzgerald,6.301591979132758
0,baum,86,twain,5.967312812805176
0,baum,86,non_oz_baum,5.281879425048828
0,baum,86,non_oz_thompson,6.141712665557861
0,baum,86,contested,5.4431058168411255
0,baum,87,train,4.755556061863899
0,baum,87,baum,4.989101529121399
0,baum,87,thompson,5.791438937187195
0,baum,87,dickens,6.205844521522522
0,baum,87,melville,6.413499295711517
0,baum,87,wells,6.374637603759766
0,baum,87,austen,6.499667882919312
0,baum,87,fitzgerald,6.296249442630344
0,baum,87,twain,5.957775354385376
0,baum,87,non_oz_baum,5.271088600158691
0,baum,87,non_oz_thompson,6.136568784713745
0,baum,87,contested,5.436717391014099
0,baum,88,train,4.750950559973717
0,baum,88,baum,4.975514888763428
0,baum,88,thompson,5.789103627204895
0,baum,88,dickens,6.209944009780884
0,baum,88,melville,6.428704380989075
0,baum,88,wells,6.375303427378337
0,baum,88,austen,6.504785537719727
0,baum,88,fitzgerald,6.296053356594509
0,baum,88,twain,5.959569851557414
0,baum,88,non_oz_baum,5.267585515975952
0,baum,88,non_oz_thompson,6.133735656738281
0,baum,88,contested,5.433149576187134
0,baum,89,train,4.740179345011711
0,baum,89,baum,4.973822593688965
0,baum,89,thompson,5.786265969276428
0,baum,89,dickens,6.211303194363912
0,baum,89,melville,6.415673494338989
0,baum,89,wells,6.377586364746094
0,baum,89,austen,6.502248764038086
0,baum,89,fitzgerald,6.292941782209608
0,baum,89,twain,5.954659779866536
0,baum,89,non_oz_baum,5.259385466575623
0,baum,89,non_oz_thompson,6.13731837272644
0,baum,89,contested,5.4304198026657104
0,baum,90,train,4.756224825978279
0,baum,90,baum,4.960651278495789
0,baum,90,thompson,5.77575945854187
0,baum,90,dickens,6.208676854769389
0,baum,90,melville,6.415508151054382
0,baum,90,wells,6.374955972035726
0,baum,90,austen,6.496031045913696
0,baum,90,fitzgerald,6.287159548865424
0,baum,90,twain,5.953082164128621
0,baum,90,non_oz_baum,5.255662679672241
0,baum,90,non_oz_thompson,6.131162643432617
0,baum,90,contested,5.425498604774475
0,baum,91,train,4.743673250079155
0,baum,91,baum,4.950639009475708
0,baum,91,thompson,5.778351426124573
0,baum,91,dickens,6.204690217971802
0,baum,91,melville,6.420732378959656
0,baum,91,wells,6.368238766988118
0,baum,91,austen,6.499151706695557
0,baum,91,fitzgerald,6.292558405134413
0,baum,91,twain,5.952675978342692
0,baum,91,non_oz_baum,5.249225497245789
0,baum,91,non_oz_thompson,6.125612735748291
0,baum,91,contested,5.423247933387756
0,baum,92,train,4.728221029043198
0,baum,92,baum,4.952176451683044
0,baum,92,thompson,5.769204258918762
0,baum,92,dickens,6.205281019210815
0,baum,92,melville,6.411318719387054
0,baum,92,wells,6.366463343302409
0,baum,92,austen,6.492774486541748
0,baum,92,fitzgerald,6.286035590701633
0,baum,92,twain,5.942354281743367
0,baum,92,non_oz_baum,5.245461225509644
0,baum,92,non_oz_thompson,6.126131057739258
0,baum,92,contested,5.41407036781311
0,baum,93,train,4.727660119533539
0,baum,93,baum,4.945096611976624
0,baum,93,thompson,5.770160436630249
0,baum,93,dickens,6.203686873118083
0,baum,93,melville,6.41889876127243
0,baum,93,wells,6.3614803949991865
0,baum,93,austen,6.491039752960205
0,baum,93,fitzgerald,6.285698254903157
0,baum,93,twain,5.945946613947551
0,baum,93,non_oz_baum,5.238150477409363
0,baum,93,non_oz_thompson,6.117599010467529
0,baum,93,contested,5.415836811065674
0,baum,94,train,4.710431456565857
0,baum,94,baum,4.934680342674255
0,baum,94,thompson,5.767269492149353
0,baum,94,dickens,6.208337426185608
0,baum,94,melville,6.422208666801453
0,baum,94,wells,6.369422435760498
0,baum,94,austen,6.496900796890259
0,baum,94,fitzgerald,6.282742818196614
0,baum,94,twain,5.9437135855356855
0,baum,94,non_oz_baum,5.233180284500122
0,baum,94,non_oz_thompson,6.118815660476685
0,baum,94,contested,5.412234306335449
0,baum,95,train,4.731776788830757
0,baum,95,baum,4.920261740684509
0,baum,95,thompson,5.7604734897613525
0,baum,95,dickens,6.201680064201355
0,baum,95,melville,6.414283394813538
0,baum,95,wells,6.359047730763753
0,baum,95,austen,6.490983247756958
0,baum,95,fitzgerald,6.283602661556667
0,baum,95,twain,5.941428979237874
0,baum,95,non_oz_baum,5.227022647857666
0,baum,95,non_oz_thompson,6.112909078598023
0,baum,95,contested,5.407815098762512
0,baum,96,train,4.682977303862572
0,baum,96,baum,4.917936682701111
0,baum,96,thompson,5.75719165802002
0,baum,96,dickens,6.199289679527283
0,baum,96,melville,6.416006028652191
0,baum,96,wells,6.370670795440674
0,baum,96,austen,6.494725942611694
0,baum,96,fitzgerald,6.284630828433567
0,baum,96,twain,5.941794872283936
0,baum,96,non_oz_baum,5.227844953536987
0,baum,96,non_oz_thompson,6.110730648040772
0,baum,96,contested,5.405855774879456
0,baum,97,train,4.690013512969017
0,baum,97,baum,4.912442564964294
0,baum,97,thompson,5.754600167274475
0,baum,97,dickens,6.20462969938914
0,baum,97,melville,6.419008791446686
0,baum,97,wells,6.362934589385986
0,baum,97,austen,6.490513563156128
0,baum,97,fitzgerald,6.284154733022054
0,baum,97,twain,5.9391287962595625
0,baum,97,non_oz_baum,5.220383524894714
0,baum,97,non_oz_thompson,6.108432292938232
0,baum,97,contested,5.399808168411255
0,baum,98,train,4.687472343444824
0,baum,98,baum,4.901214122772217
0,baum,98,thompson,5.754559516906738
0,baum,98,dickens,6.199661572774251
0,baum,98,melville,6.418168008327484
0,baum,98,wells,6.357552846272786
0,baum,98,austen,6.486523151397705
0,baum,98,fitzgerald,6.281733142005073
0,baum,98,twain,5.942826271057129
0,baum,98,non_oz_baum,5.216546416282654
0,baum,98,non_oz_thompson,6.1091296672821045
0,baum,98,contested,5.400315761566162
0,baum,99,train,4.6735623478889465
0,baum,99,baum,4.899222731590271
0,baum,99,thompson,5.751153230667114
0,baum,99,dickens,6.200222929318746
0,baum,99,melville,6.415136933326721
0,baum,99,wells,6.366130828857422
0,baum,99,austen,6.482327699661255
0,baum,99,fitzgerald,6.284457259707981
0,baum,99,twain,5.936274131139119
0,baum,99,non_oz_baum,5.210675597190857
0,baum,99,non_oz_thompson,6.104049682617188
0,baum,99,contested,5.396785616874695
0,baum,100,train,4.66099251806736
0,baum,100,baum,4.883525371551514
0,baum,100,thompson,5.748783707618713
0,baum,100,dickens,6.206702033678691
0,baum,100,melville,6.422275543212891
0,baum,100,wells,6.362838904062907
0,baum,100,austen,6.481319427490234
0,baum,100,fitzgerald,6.283936871422662
0,baum,100,twain,5.942197402318318
0,baum,100,non_oz_baum,5.208788633346558
0,baum,100,non_oz_thompson,6.105952978134155
0,baum,100,contested,5.397740960121155
0,baum,101,train,4.660913795232773
0,baum,101,baum,4.87723970413208
0,baum,101,thompson,5.744447827339172
0,baum,101,dickens,6.196759819984436
0,baum,101,melville,6.412841379642487
0,baum,101,wells,6.3627058664957685
0,baum,101,austen,6.4806129932403564
0,baum,101,fitzgerald,6.280571089850532
0,baum,101,twain,5.933584849039714
0,baum,101,non_oz_baum,5.20050036907196
0,baum,101,non_oz_thompson,6.102884531021118
0,baum,101,contested,5.390256404876709
0,baum,102,train,4.658378720283508
0,baum,102,baum,4.8845062255859375
0,baum,102,thompson,5.742053985595703
0,baum,102,dickens,6.201886971791585
0,baum,102,melville,6.420496582984924
0,baum,102,wells,6.373173713684082
0,baum,102,austen,6.491567611694336
0,baum,102,fitzgerald,6.284901777903239
0,baum,102,twain,5.942957003911336
0,baum,102,non_oz_baum,5.203386902809143
0,baum,102,non_oz_thompson,6.105951547622681
0,baum,102,contested,5.38840126991272
0,baum,103,train,4.643512055277824
0,baum,103,baum,4.885263681411743
0,baum,103,thompson,5.74334990978241
0,baum,103,dickens,6.201665759086609
0,baum,103,melville,6.424028694629669
0,baum,103,wells,6.362865130106608
0,baum,103,austen,6.485913515090942
0,baum,103,fitzgerald,6.281239032745361
0,baum,103,twain,5.943100055058797
0,baum,103,non_oz_baum,5.197722911834717
0,baum,103,non_oz_thompson,6.100864171981812
0,baum,103,contested,5.384555101394653
0,baum,104,train,4.655895486474037
0,baum,104,baum,4.871629238128662
0,baum,104,thompson,5.73220694065094
0,baum,104,dickens,6.196101188659668
0,baum,104,melville,6.408634662628174
0,baum,104,wells,6.355502764383952
0,baum,104,austen,6.473495244979858
0,baum,104,fitzgerald,6.276670455932617
0,baum,104,twain,5.93286148707072
0,baum,104,non_oz_baum,5.191401720046997
0,baum,104,non_oz_thompson,6.094740152359009
0,baum,104,contested,5.379406809806824
0,baum,105,train,4.620191022753716
0,baum,105,baum,4.867063999176025
0,baum,105,thompson,5.7330886125564575
0,baum,105,dickens,6.18736747900645
0,baum,105,melville,6.417628884315491
0,baum,105,wells,6.35026741027832
0,baum,105,austen,6.480963468551636
0,baum,105,fitzgerald,6.280075550079346
0,baum,105,twain,5.932629187901815
0,baum,105,non_oz_baum,5.186764478683472
0,baum,105,non_oz_thompson,6.099332094192505
0,baum,105,contested,5.379307985305786
0,baum,106,train,4.621918097138405
0,baum,106,baum,4.854710221290588
0,baum,106,thompson,5.727914214134216
0,baum,106,dickens,6.200753927230835
0,baum,106,melville,6.42159104347229
0,baum,106,wells,6.357274532318115
0,baum,106,austen,6.476200580596924
0,baum,106,fitzgerald,6.280126783582899
0,baum,106,twain,5.939623196919759
0,baum,106,non_oz_baum,5.187623023986816
0,baum,106,non_oz_thompson,6.095063447952271
0,baum,106,contested,5.376363635063171
0,baum,107,train,4.641118198633194
0,baum,107,baum,4.862544655799866
0,baum,107,thompson,5.724467873573303
0,baum,107,dickens,6.18787161509196
0,baum,107,melville,6.421346008777618
0,baum,107,wells,6.336297512054443
0,baum,107,austen,6.472130298614502
0,baum,107,fitzgerald,6.2828868760002985
0,baum,107,twain,5.937548955281575
0,baum,107,non_oz_baum,5.18527626991272
0,baum,107,non_oz_thompson,6.089698791503906
0,baum,107,contested,5.372704267501831
0,baum,108,train,4.625488713383675
0,baum,108,baum,4.84670877456665
0,baum,108,thompson,5.725141882896423
0,baum,108,dickens,6.195189952850342
0,baum,108,melville,6.414240002632141
0,baum,108,wells,6.359965642293294
0,baum,108,austen,6.470120191574097
0,baum,108,fitzgerald,6.275537967681885
0,baum,108,twain,5.940359036127727
0,baum,108,non_oz_baum,5.182431697845459
0,baum,108,non_oz_thompson,6.09322452545166
0,baum,108,contested,5.371162533760071
0,baum,109,train,4.6111582070589066
0,baum,109,baum,4.828538537025452
0,baum,109,thompson,5.716876745223999
0,baum,109,dickens,6.18600594997406
0,baum,109,melville,6.414558053016663
0,baum,109,wells,6.336595376332601
0,baum,109,austen,6.4609363079071045
0,baum,109,fitzgerald,6.2722128762139215
0,baum,109,twain,5.9343477090199785
0,baum,109,non_oz_baum,5.170710802078247
0,baum,109,non_oz_thompson,6.0844011306762695
0,baum,109,contested,5.366790294647217
0,baum,110,train,4.582716777920723
0,baum,110,baum,4.831874489784241
0,baum,110,thompson,5.713752508163452
0,baum,110,dickens,6.184348464012146
0,baum,110,melville,6.4191665053367615
0,baum,110,wells,6.343811670939128
0,baum,110,austen,6.456976890563965
0,baum,110,fitzgerald,6.280688709682888
0,baum,110,twain,5.934320688247681
0,baum,110,non_oz_baum,5.170445799827576
0,baum,110,non_oz_thompson,6.083150148391724
0,baum,110,contested,5.368409156799316
0,baum,111,train,4.589750647544861
0,baum,111,baum,4.834332823753357
0,baum,111,thompson,5.720545291900635
0,baum,111,dickens,6.199543277422587
0,baum,111,melville,6.414886474609375
0,baum,111,wells,6.3625844319661455
0,baum,111,austen,6.459444284439087
0,baum,111,fitzgerald,6.282642894321018
0,baum,111,twain,5.937210003534953
0,baum,111,non_oz_baum,5.172704219818115
0,baum,111,non_oz_thompson,6.087826251983643
0,baum,111,contested,5.368574142456055
0,baum,112,train,4.591751769185066
0,baum,112,baum,4.819103240966797
0,baum,112,thompson,5.716201663017273
0,baum,112,dickens,6.191400210062663
0,baum,112,melville,6.419910371303558
0,baum,112,wells,6.348591168721517
0,baum,112,austen,6.46093225479126
0,baum,112,fitzgerald,6.282375441657172
0,baum,112,twain,5.944580634435018
0,baum,112,non_oz_baum,5.163024306297302
0,baum,112,non_oz_thompson,6.08481240272522
0,baum,112,contested,5.364860534667969
0,baum,113,train,4.5880396366119385
0,baum,113,baum,4.809559941291809
0,baum,113,thompson,5.704984307289124
0,baum,113,dickens,6.177584687868754
0,baum,113,melville,6.407531321048737
0,baum,113,wells,6.3394951820373535
0,baum,113,austen,6.448230981826782
0,baum,113,fitzgerald,6.274061414930555
0,baum,113,twain,5.929728349049886
0,baum,113,non_oz_baum,5.154187440872192
0,baum,113,non_oz_thompson,6.073977947235107
0,baum,113,contested,5.352302074432373
0,baum,114,train,4.5823615193367
0,baum,114,baum,4.804900884628296
0,baum,114,thompson,5.707295775413513
0,baum,114,dickens,6.182631611824036
0,baum,114,melville,6.416806697845459
0,baum,114,wells,6.343341986338298
0,baum,114,austen,6.451484441757202
0,baum,114,fitzgerald,6.269935607910156
0,baum,114,twain,5.930744409561157
0,baum,114,non_oz_baum,5.153220772743225
0,baum,114,non_oz_thompson,6.077036619186401
0,baum,114,contested,5.351781725883484
0,baum,115,train,4.564803212881088
0,baum,115,baum,4.796855211257935
0,baum,115,thompson,5.701688289642334
0,baum,115,dickens,6.182747522989909
0,baum,115,melville,6.413893938064575
0,baum,115,wells,6.341696898142497
0,baum,115,austen,6.452801465988159
0,baum,115,fitzgerald,6.274713728162977
0,baum,115,twain,5.926216920216878
0,baum,115,non_oz_baum,5.147665619850159
0,baum,115,non_oz_thompson,6.0748131275177
0,baum,115,contested,5.351779937744141
0,baum,116,train,4.5807434022426605
0,baum,116,baum,4.78868567943573
0,baum,116,thompson,5.695767760276794
0,baum,116,dickens,6.174968441327413
0,baum,116,melville,6.416714370250702
0,baum,116,wells,6.343237400054932
0,baum,116,austen,6.459745168685913
0,baum,116,fitzgerald,6.27133305867513
0,baum,116,twain,5.924917062123616
0,baum,116,non_oz_baum,5.143495082855225
0,baum,116,non_oz_thompson,6.069318532943726
0,baum,116,contested,5.3434659242630005
0,baum,117,train,4.539022922515869
0,baum,117,baum,4.785771131515503
0,baum,117,thompson,5.691350936889648
0,baum,117,dickens,6.177901387214661
0,baum,117,melville,6.407563507556915
0,baum,117,wells,6.33024263381958
0,baum,117,austen,6.45098876953125
0,baum,117,fitzgerald,6.270434591505262
0,baum,117,twain,5.922045389811198
0,baum,117,non_oz_baum,5.138942003250122
0,baum,117,non_oz_thompson,6.072904348373413
0,baum,117,contested,5.34467339515686
0,baum,118,train,4.5377208441495895
0,baum,118,baum,4.76849102973938
0,baum,118,thompson,5.6802085638046265
0,baum,118,dickens,6.168320854504903
0,baum,118,melville,6.411657631397247
0,baum,118,wells,6.318284511566162
0,baum,118,austen,6.447254419326782
0,baum,118,fitzgerald,6.267833444807264
0,baum,118,twain,5.921783844629924
0,baum,118,non_oz_baum,5.133889317512512
0,baum,118,non_oz_thompson,6.063788652420044
0,baum,118,contested,5.337607502937317
0,baum,119,train,4.538667142391205
0,baum,119,baum,4.76742434501648
0,baum,119,thompson,5.680296421051025
0,baum,119,dickens,6.159319519996643
0,baum,119,melville,6.410878479480743
0,baum,119,wells,6.317610263824463
0,baum,119,austen,6.4523866176605225
0,baum,119,fitzgerald,6.266524314880371
0,baum,119,twain,5.91809097925822
0,baum,119,non_oz_baum,5.123852014541626
0,baum,119,non_oz_thompson,6.061652660369873
0,baum,119,contested,5.333118557929993
0,baum,120,train,4.531264424324036
0,baum,120,baum,4.762142539024353
0,baum,120,thompson,5.68150782585144
0,baum,120,dickens,6.171749273935954
0,baum,120,melville,6.396195769309998
0,baum,120,wells,6.320723056793213
0,baum,120,austen,6.43554425239563
0,baum,120,fitzgerald,6.2604079246521
0,baum,120,twain,5.909255266189575
0,baum,120,non_oz_baum,5.128148198127747
0,baum,120,non_oz_thompson,6.061489582061768
0,baum,120,contested,5.3306556940078735
0,baum,121,train,4.531340062618256
0,baum,121,baum,4.750011920928955
0,baum,121,thompson,5.684048652648926
0,baum,121,dickens,6.179632941881816
0,baum,121,melville,6.408842086791992
0,baum,121,wells,6.340502103169759
0,baum,121,austen,6.457915544509888
0,baum,121,fitzgerald,6.268046538035075
0,baum,121,twain,5.915735642115275
0,baum,121,non_oz_baum,5.125341415405273
0,baum,121,non_oz_thompson,6.065326452255249
0,baum,121,contested,5.330782890319824
0,baum,122,train,4.508627980947495
0,baum,122,baum,4.761886835098267
0,baum,122,thompson,5.682972073554993
0,baum,122,dickens,6.179873506228129
0,baum,122,melville,6.413884401321411
0,baum,122,wells,6.335092544555664
0,baum,122,austen,6.459585666656494
0,baum,122,fitzgerald,6.271346728006999
0,baum,122,twain,5.9214184284210205
0,baum,122,non_oz_baum,5.120543122291565
0,baum,122,non_oz_thompson,6.070483922958374
0,baum,122,contested,5.334124445915222
0,baum,123,train,4.50532653927803
0,baum,123,baum,4.744527459144592
0,baum,123,thompson,5.682880163192749
0,baum,123,dickens,6.166912913322449
0,baum,123,melville,6.409167647361755
0,baum,123,wells,6.326646010080974
0,baum,123,austen,6.454270601272583
0,baum,123,fitzgerald,6.273033089107937
0,baum,123,twain,5.914387385050456
0,baum,123,non_oz_baum,5.1146240234375
0,baum,123,non_oz_thompson,6.063004493713379
0,baum,123,contested,5.32776403427124
0,baum,124,train,4.51606048643589
0,baum,124,baum,4.734759569168091
0,baum,124,thompson,5.677645087242127
0,baum,124,dickens,6.169931570688884
0,baum,124,melville,6.402308940887451
0,baum,124,wells,6.326944351196289
0,baum,124,austen,6.44618558883667
0,baum,124,fitzgerald,6.26906336678399
0,baum,124,twain,5.905463139216105
0,baum,124,non_oz_baum,5.107130765914917
0,baum,124,non_oz_thompson,6.058560848236084
0,baum,124,contested,5.327080726623535
0,baum,125,train,4.504108890891075
0,baum,125,baum,4.729402184486389
0,baum,125,thompson,5.673597812652588
0,baum,125,dickens,6.174405177434285
0,baum,125,melville,6.41324645280838
0,baum,125,wells,6.336583296457927
0,baum,125,austen,6.465411424636841
0,baum,125,fitzgerald,6.264855013953315
0,baum,125,twain,5.903987328211467
0,baum,125,non_oz_baum,5.102129101753235
0,baum,125,non_oz_thompson,6.062047481536865
0,baum,125,contested,5.31803560256958
0,baum,126,train,4.515363842248917
0,baum,126,baum,4.727890849113464
0,baum,126,thompson,5.667761325836182
0,baum,126,dickens,6.157050371170044
0,baum,126,melville,6.4103392362594604
0,baum,126,wells,6.311937173207601
0,baum,126,austen,6.450974464416504
0,baum,126,fitzgerald,6.270282957288954
0,baum,126,twain,5.903409481048584
0,baum,126,non_oz_baum,5.095705509185791
0,baum,126,non_oz_thompson,6.05366587638855
0,baum,126,contested,5.317606925964356
0,baum,127,train,4.481552615761757
0,baum,127,baum,4.719993710517883
0,baum,127,thompson,5.662071108818054
0,baum,127,dickens,6.151699542999268
0,baum,127,melville,6.4045299887657166
0,baum,127,wells,6.309128602345784
0,baum,127,austen,6.450552940368652
0,baum,127,fitzgerald,6.259443918863933
0,baum,127,twain,5.897573153177897
0,baum,127,non_oz_baum,5.0973992347717285
0,baum,127,non_oz_thompson,6.05689811706543
0,baum,127,contested,5.312030911445618
0,baum,128,train,4.497177451848984
0,baum,128,baum,4.7139928340911865
0,baum,128,thompson,5.659669280052185
0,baum,128,dickens,6.156034111976624
0,baum,128,melville,6.404531121253967
0,baum,128,wells,6.30477253595988
0,baum,128,austen,6.448336124420166
0,baum,128,fitzgerald,6.2678740289476185
0,baum,128,twain,5.893074671427409
0,baum,128,non_oz_baum,5.090995669364929
0,baum,128,non_oz_thompson,6.051679611206055
0,baum,128,contested,5.31358802318573
0,baum,129,train,4.463010266423225
0,baum,129,baum,4.702651262283325
0,baum,129,thompson,5.657079219818115
0,baum,129,dickens,6.14963698387146
0,baum,129,melville,6.403011560440064
0,baum,129,wells,6.305686791737874
0,baum,129,austen,6.44058895111084
0,baum,129,fitzgerald,6.258676528930664
0,baum,129,twain,5.897255023320516
0,baum,129,non_oz_baum,5.086169958114624
0,baum,129,non_oz_thompson,6.047407150268555
0,baum,129,contested,5.309292793273926
0,baum,130,train,4.463126927614212
0,baum,130,baum,4.701847791671753
0,baum,130,thompson,5.6602479219436646
0,baum,130,dickens,6.1542660395304365
0,baum,130,melville,6.39703768491745
0,baum,130,wells,6.322548389434815
0,baum,130,austen,6.452355861663818
0,baum,130,fitzgerald,6.260155094994439
0,baum,130,twain,5.8929909865061445
0,baum,130,non_oz_baum,5.077542304992676
0,baum,130,non_oz_thompson,6.052748680114746
0,baum,130,contested,5.304661393165588
0,baum,131,train,4.444951593875885
0,baum,131,baum,4.695639371871948
0,baum,131,thompson,5.6471147537231445
0,baum,131,dickens,6.145644903182983
0,baum,131,melville,6.398297727108002
0,baum,131,wells,6.309453169504802
0,baum,131,austen,6.455517530441284
0,baum,131,fitzgerald,6.2566160625881615
0,baum,131,twain,5.884353240331014
0,baum,131,non_oz_baum,5.075334548950195
0,baum,131,non_oz_thompson,6.046781539916992
0,baum,131,contested,5.296948432922363
0,baum,132,train,4.441639006137848
0,baum,132,baum,4.699679613113403
0,baum,132,thompson,5.652025103569031
0,baum,132,dickens,6.148460666338603
0,baum,132,melville,6.402300715446472
0,baum,132,wells,6.311608950297038
0,baum,132,austen,6.455836772918701
0,baum,132,fitzgerald,6.266275193956163
0,baum,132,twain,5.892767747243245
0,baum,132,non_oz_baum,5.07622754573822
0,baum,132,non_oz_thompson,6.045218467712402
0,baum,132,contested,5.302018880844116
0,baum,133,train,4.456734389066696
0,baum,133,baum,4.69158947467804
0,baum,133,thompson,5.6502357721328735
0,baum,133,dickens,6.153555989265442
0,baum,133,melville,6.401536643505096
0,baum,133,wells,6.323951244354248
0,baum,133,austen,6.449786424636841
0,baum,133,fitzgerald,6.264810509151882
0,baum,133,twain,5.892932017644246
0,baum,133,non_oz_baum,5.074187397956848
0,baum,133,non_oz_thompson,6.04535984992981
0,baum,133,contested,5.29582142829895
0,baum,134,train,4.461487248539925
0,baum,134,baum,4.675535798072815
0,baum,134,thompson,5.645777940750122
0,baum,134,dickens,6.154455780982971
0,baum,134,melville,6.402461349964142
0,baum,134,wells,6.313304901123047
0,baum,134,austen,6.4622132778167725
0,baum,134,fitzgerald,6.262200567457411
0,baum,134,twain,5.8871346314748125
0,baum,134,non_oz_baum,5.068442225456238
0,baum,134,non_oz_thompson,6.044794082641602
0,baum,134,contested,5.294902801513672
0,baum,135,train,4.455434486269951
0,baum,135,baum,4.680573105812073
0,baum,135,thompson,5.645642995834351
0,baum,135,dickens,6.155832727750142
0,baum,135,melville,6.410654962062836
0,baum,135,wells,6.32011604309082
0,baum,135,austen,6.467098474502564
0,baum,135,fitzgerald,6.264629734887017
0,baum,135,twain,5.888226429621379
0,baum,135,non_oz_baum,5.06548535823822
0,baum,135,non_oz_thompson,6.038867950439453
0,baum,135,contested,5.292043566703796
0,baum,136,train,4.417224004864693
0,baum,136,baum,4.669446110725403
0,baum,136,thompson,5.640735387802124
0,baum,136,dickens,6.159642140070598
0,baum,136,melville,6.4024627804756165
0,baum,136,wells,6.320487022399902
0,baum,136,austen,6.441254615783691
0,baum,136,fitzgerald,6.262499173482259
0,baum,136,twain,5.89180850982666
0,baum,136,non_oz_baum,5.062835335731506
0,baum,136,non_oz_thompson,6.046169519424439
0,baum,136,contested,5.287840962409973
0,baum,137,train,4.422894462943077
0,baum,137,baum,4.659256100654602
0,baum,137,thompson,5.634868860244751
0,baum,137,dickens,6.133865435918172
0,baum,137,melville,6.388986647129059
0,baum,137,wells,6.301706790924072
0,baum,137,austen,6.443369626998901
0,baum,137,fitzgerald,6.250665187835693
0,baum,137,twain,5.876528422037761
0,baum,137,non_oz_baum,5.054474830627441
0,baum,137,non_oz_thompson,6.032226800918579
0,baum,137,contested,5.281822204589844
0,baum,138,train,4.432358264923096
0,baum,138,baum,4.656504034996033
0,baum,138,thompson,5.644936919212341
0,baum,138,dickens,6.1431407531102495
0,baum,138,melville,6.400105953216553
0,baum,138,wells,6.317690213521321
0,baum,138,austen,6.449708938598633
0,baum,138,fitzgerald,6.261389626397027
0,baum,138,twain,5.8853944937388105
0,baum,138,non_oz_baum,5.0540488958358765
0,baum,138,non_oz_thompson,6.038212299346924
0,baum,138,contested,5.28690767288208
0,baum,139,train,4.416800007224083
0,baum,139,baum,4.6593945026397705
0,baum,139,thompson,5.643154144287109
0,baum,139,dickens,6.153288165728251
0,baum,139,melville,6.397128760814667
0,baum,139,wells,6.3211433092753095
0,baum,139,austen,6.455180644989014
0,baum,139,fitzgerald,6.259690602620442
0,baum,139,twain,5.877344687779744
0,baum,139,non_oz_baum,5.047761559486389
0,baum,139,non_oz_thompson,6.037361145019531
0,baum,139,contested,5.282208442687988
0,baum,140,train,4.409935459494591
0,baum,140,baum,4.653438448905945
0,baum,140,thompson,5.635300993919373
0,baum,140,dickens,6.150268038113912
0,baum,140,melville,6.397953927516937
0,baum,140,wells,6.316026528676351
0,baum,140,austen,6.446548938751221
0,baum,140,fitzgerald,6.266862021552192
0,baum,140,twain,5.885493199030559
0,baum,140,non_oz_baum,5.052424788475037
0,baum,140,non_oz_thompson,6.036380290985107
0,baum,140,contested,5.282938122749329
0,baum,141,train,4.420455798506737
0,baum,141,baum,4.646658420562744
0,baum,141,thompson,5.630496859550476
0,baum,141,dickens,6.143709500630696
0,baum,141,melville,6.399852752685547
0,baum,141,wells,6.308404763539632
0,baum,141,austen,6.444941282272339
0,baum,141,fitzgerald,6.252553992801243
0,baum,141,twain,5.87358554204305
0,baum,141,non_oz_baum,5.044714689254761
0,baum,141,non_oz_thompson,6.0318284034729
0,baum,141,contested,5.278194904327393
0,baum,142,train,4.4005793035030365
0,baum,142,baum,4.633889198303223
0,baum,142,thompson,5.630949020385742
0,baum,142,dickens,6.147317012151082
0,baum,142,melville,6.403777658939362
0,baum,142,wells,6.30448563893636
0,baum,142,austen,6.434350967407227
0,baum,142,fitzgerald,6.257184187571208
0,baum,142,twain,5.880053122838338
0,baum,142,non_oz_baum,5.046114802360535
0,baum,142,non_oz_thompson,6.029382944107056
0,baum,142,contested,5.282619118690491
0,baum,143,train,4.379441350698471
0,baum,143,baum,4.633660197257996
0,baum,143,thompson,5.628154277801514
0,baum,143,dickens,6.147198478380839
0,baum,143,melville,6.398474633693695
0,baum,143,wells,6.305016994476318
0,baum,143,austen,6.439210653305054
0,baum,143,fitzgerald,6.259660879770915
0,baum,143,twain,5.875541607538859
0,baum,143,non_oz_baum,5.039425492286682
0,baum,143,non_oz_thompson,6.028341054916382
0,baum,143,contested,5.277809977531433
0,baum,144,train,4.397771209478378
0,baum,144,baum,4.636834979057312
0,baum,144,thompson,5.636130332946777
0,baum,144,dickens,6.1513882875442505
0,baum,144,melville,6.403497815132141
0,baum,144,wells,6.314341227213542
0,baum,144,austen,6.45278525352478
0,baum,144,fitzgerald,6.264492935604519
0,baum,144,twain,5.880099455515544
0,baum,144,non_oz_baum,5.039394021034241
0,baum,144,non_oz_thompson,6.031084537506104
0,baum,144,contested,5.280485391616821
0,baum,145,train,4.367884427309036
0,baum,145,baum,4.632296442985535
0,baum,145,thompson,5.636491656303406
0,baum,145,dickens,6.16387144724528
0,baum,145,melville,6.418478786945343
0,baum,145,wells,6.3346686363220215
0,baum,145,austen,6.466246604919434
0,baum,145,fitzgerald,6.269336488511828
0,baum,145,twain,5.881249189376831
0,baum,145,non_oz_baum,5.040354490280151
0,baum,145,non_oz_thompson,6.03818154335022
0,baum,145,contested,5.2774025201797485
0,baum,146,train,4.376154109835625
0,baum,146,baum,4.625558495521545
0,baum,146,thompson,5.630104780197144
0,baum,146,dickens,6.155542294184367
0,baum,146,melville,6.4106616377830505
0,baum,146,wells,6.312577724456787
0,baum,146,austen,6.463597059249878
0,baum,146,fitzgerald,6.26063256793552
0,baum,146,twain,5.8828965822855634
0,baum,146,non_oz_baum,5.035021424293518
0,baum,146,non_oz_thompson,6.03511643409729
0,baum,146,contested,5.27070951461792
0,baum,147,train,4.382611766457558
0,baum,147,baum,4.619501829147339
0,baum,147,thompson,5.620784759521484
0,baum,147,dickens,6.1427539984385175
0,baum,147,melville,6.404392898082733
0,baum,147,wells,6.3192518552144366
0,baum,147,austen,6.457747936248779
0,baum,147,fitzgerald,6.255351543426514
0,baum,147,twain,5.876813968022664
0,baum,147,non_oz_baum,5.030140161514282
0,baum,147,non_oz_thompson,6.022529363632202
0,baum,147,contested,5.266470313072205
0,baum,148,train,4.376180291175842
0,baum,148,baum,4.607820987701416
0,baum,148,thompson,5.627784013748169
0,baum,148,dickens,6.142086505889893
0,baum,148,melville,6.406180560588837
0,baum,148,wells,6.308732191721599
0,baum,148,austen,6.451306104660034
0,baum,148,fitzgerald,6.266066657172309
0,baum,148,twain,5.879504362742106
0,baum,148,non_oz_baum,5.027921557426453
0,baum,148,non_oz_thompson,6.027251958847046
0,baum,148,contested,5.273112773895264
0,baum,149,train,4.337901517748833
0,baum,149,baum,4.613305926322937
0,baum,149,thompson,5.620197415351868
0,baum,149,dickens,6.14855694770813
0,baum,149,melville,6.404983103275299
0,baum,149,wells,6.316301504770915
0,baum,149,austen,6.440242052078247
0,baum,149,fitzgerald,6.267036332024468
0,baum,149,twain,5.880188703536987
0,baum,149,non_oz_baum,5.026601433753967
0,baum,149,non_oz_thompson,6.022970914840698
0,baum,149,contested,5.266232013702393
0,baum,150,train,4.356844410300255
0,baum,150,baum,4.611304640769959
0,baum,150,thompson,5.618719458580017
0,baum,150,dickens,6.150486787160237
0,baum,150,melville,6.415448307991028
0,baum,150,wells,6.315248171488444
0,baum,150,austen,6.454951286315918
0,baum,150,fitzgerald,6.271447499593099
0,baum,150,twain,5.882703224817912
0,baum,150,non_oz_baum,5.022167682647705
0,baum,150,non_oz_thompson,6.026365280151367
0,baum,150,contested,5.266780138015747
0,baum,151,train,4.352012008428574
0,baum,151,baum,4.607810020446777
0,baum,151,thompson,5.624146103858948
0,baum,151,dickens,6.154390414555867
0,baum,151,melville,6.407030165195465
0,baum,151,wells,6.3224161465962725
0,baum,151,austen,6.457428455352783
0,baum,151,fitzgerald,6.272724734412299
0,baum,151,twain,5.8777205149332685
0,baum,151,non_oz_baum,5.021351933479309
0,baum,151,non_oz_thompson,6.023181676864624
0,baum,151,contested,5.2664676904678345
0,baum,152,train,4.342169284820557
0,baum,152,baum,4.608257055282593
0,baum,152,thompson,5.624392747879028
0,baum,152,dickens,6.163866599400838
0,baum,152,melville,6.4105833768844604
0,baum,152,wells,6.331508795420329
0,baum,152,austen,6.480095863342285
0,baum,152,fitzgerald,6.266109042697483
0,baum,152,twain,5.876594305038452
0,baum,152,non_oz_baum,5.019510984420776
0,baum,152,non_oz_thompson,6.031515836715698
0,baum,152,contested,5.263795018196106
0,baum,153,train,4.356376692652702
0,baum,153,baum,4.604629039764404
0,baum,153,thompson,5.616526961326599
0,baum,153,dickens,6.145871957143148
0,baum,153,melville,6.40851491689682
0,baum,153,wells,6.312299569447835
0,baum,153,austen,6.454254865646362
0,baum,153,fitzgerald,6.263584931691487
0,baum,153,twain,5.875421206156413
0,baum,153,non_oz_baum,5.015445947647095
0,baum,153,non_oz_thompson,6.022179365158081
0,baum,153,contested,5.265630006790161
0,baum,154,train,4.3370339423418045
0,baum,154,baum,4.59164035320282
0,baum,154,thompson,5.616811990737915
0,baum,154,dickens,6.147407333056132
0,baum,154,melville,6.398844361305237
0,baum,154,wells,6.312952836354573
0,baum,154,austen,6.446276903152466
0,baum,154,fitzgerald,6.265108161502415
0,baum,154,twain,5.877205928166707
0,baum,154,non_oz_baum,5.014187335968018
0,baum,154,non_oz_thompson,6.0206170082092285
0,baum,154,contested,5.261248588562012
0,baum,155,train,4.339471191167831
0,baum,155,baum,4.58371901512146
0,baum,155,thompson,5.619043469429016
0,baum,155,dickens,6.155274510383606
0,baum,155,melville,6.413286864757538
0,baum,155,wells,6.320327281951904
0,baum,155,austen,6.46026086807251
0,baum,155,fitzgerald,6.274728880988227
0,baum,155,twain,5.886310497919719
0,baum,155,non_oz_baum,5.010302543640137
0,baum,155,non_oz_thompson,6.020946502685547
0,baum,155,contested,5.268337368965149
0,baum,156,train,4.341815561056137
0,baum,156,baum,4.5800981521606445
0,baum,156,thompson,5.609959602355957
0,baum,156,dickens,6.14542814095815
0,baum,156,melville,6.409120321273804
0,baum,156,wells,6.299123764038086
0,baum,156,austen,6.44623875617981
0,baum,156,fitzgerald,6.266548209720188
0,baum,156,twain,5.878316561381022
0,baum,156,non_oz_baum,5.0067445039749146
0,baum,156,non_oz_thompson,6.009064674377441
0,baum,156,contested,5.260299563407898
0,baum,157,train,4.346653401851654
0,baum,157,baum,4.581458330154419
0,baum,157,thompson,5.609804511070252
0,baum,157,dickens,6.151693304379781
0,baum,157,melville,6.40429162979126
0,baum,157,wells,6.313982327779134
0,baum,157,austen,6.453977108001709
0,baum,157,fitzgerald,6.262901465098064
0,baum,157,twain,5.863574902216594
0,baum,157,non_oz_baum,5.001320958137512
0,baum,157,non_oz_thompson,6.015834331512451
0,baum,157,contested,5.256541013717651
0,baum,158,train,4.299487039446831
0,baum,158,baum,4.576777815818787
0,baum,158,thompson,5.610479474067688
0,baum,158,dickens,6.145517547925313
0,baum,158,melville,6.4041889905929565
0,baum,158,wells,6.307352066040039
0,baum,158,austen,6.4565513134002686
0,baum,158,fitzgerald,6.268436961703831
0,baum,158,twain,5.872271617253621
0,baum,158,non_oz_baum,5.000441431999207
0,baum,158,non_oz_thompson,6.011003732681274
0,baum,158,contested,5.252520203590393
0,baum,159,train,4.32085807621479
0,baum,159,baum,4.58061420917511
0,baum,159,thompson,5.611540079116821
0,baum,159,dickens,6.143602768580119
0,baum,159,melville,6.3999199867248535
0,baum,159,wells,6.301466941833496
0,baum,159,austen,6.435380220413208
0,baum,159,fitzgerald,6.271729257371691
0,baum,159,twain,5.877171436945598
0,baum,159,non_oz_baum,5.003395080566406
0,baum,159,non_oz_thompson,6.008769273757935
0,baum,159,contested,5.261626839637756
0,baum,160,train,4.31207749247551
0,baum,160,baum,4.58199143409729
0,baum,160,thompson,5.604257702827454
0,baum,160,dickens,6.1339967250823975
0,baum,160,melville,6.402353346347809
0,baum,160,wells,6.294661521911621
0,baum,160,austen,6.453920841217041
0,baum,160,fitzgerald,6.264009793599446
0,baum,160,twain,5.864988883336385
0,baum,160,non_oz_baum,4.993801474571228
0,baum,160,non_oz_thompson,6.006956338882446
0,baum,160,contested,5.256070494651794
0,baum,161,train,4.301451802253723
0,baum,161,baum,4.576816082000732
0,baum,161,thompson,5.61078405380249
0,baum,161,dickens,6.155039509137471
0,baum,161,melville,6.406652271747589
0,baum,161,wells,6.313849925994873
0,baum,161,austen,6.456072092056274
0,baum,161,fitzgerald,6.269603199428982
0,baum,161,twain,5.87433393796285
0,baum,161,non_oz_baum,4.997391819953919
0,baum,161,non_oz_thompson,6.011915683746338
0,baum,161,contested,5.254774332046509
0,baum,162,train,4.299518048763275
0,baum,162,baum,4.563098669052124
0,baum,162,thompson,5.6115416288375854
0,baum,162,dickens,6.1596847375233965
0,baum,162,melville,6.41199117898941
0,baum,162,wells,6.316572507222493
0,baum,162,austen,6.451496362686157
0,baum,162,fitzgerald,6.2710067431132
0,baum,162,twain,5.873595317204793
0,baum,162,non_oz_baum,4.991463899612427
0,baum,162,non_oz_thompson,6.0104053020477295
0,baum,162,contested,5.2582937479019165
0,baum,163,train,4.303639113903046
0,baum,163,baum,4.562374591827393
0,baum,163,thompson,5.607755541801453
0,baum,163,dickens,6.144151171048482
0,baum,163,melville,6.39995276927948
0,baum,163,wells,6.301014582316081
0,baum,163,austen,6.431014776229858
0,baum,163,fitzgerald,6.268364747365316
0,baum,163,twain,5.86742639541626
0,baum,163,non_oz_baum,4.984402179718018
0,baum,163,non_oz_thompson,5.997806310653687
0,baum,163,contested,5.253704071044922
0,baum,164,train,4.307081460952759
0,baum,164,baum,4.5628803968429565
0,baum,164,thompson,5.6074278354644775
0,baum,164,dickens,6.143624941507976
0,baum,164,melville,6.403662860393524
0,baum,164,wells,6.308255513509114
0,baum,164,austen,6.448722839355469
0,baum,164,fitzgerald,6.268147150675456
0,baum,164,twain,5.869295994440715
0,baum,164,non_oz_baum,4.981980085372925
0,baum,164,non_oz_thompson,6.002915382385254
0,baum,164,contested,5.251754760742188
0,baum,165,train,4.314962297677994
0,baum,165,baum,4.557541847229004
0,baum,165,thompson,5.603219509124756
0,baum,165,dickens,6.146836320559184
0,baum,165,melville,6.40527617931366
0,baum,165,wells,6.311678568522136
0,baum,165,austen,6.459397315979004
0,baum,165,fitzgerald,6.267039246029324
0,baum,165,twain,5.867487510045369
0,baum,165,non_oz_baum,4.981310486793518
0,baum,165,non_oz_thompson,6.000088691711426
0,baum,165,contested,5.246313095092773
0,baum,166,train,4.310811415314674
0,baum,166,baum,4.555319309234619
0,baum,166,thompson,5.602679252624512
0,baum,166,dickens,6.143839359283447
0,baum,166,melville,6.405104637145996
0,baum,166,wells,6.307373682657878
0,baum,166,austen,6.459624528884888
0,baum,166,fitzgerald,6.262024614546034
0,baum,166,twain,5.858543713887532
0,baum,166,non_oz_baum,4.9750049114227295
0,baum,166,non_oz_thompson,5.996821403503418
0,baum,166,contested,5.240970373153687
0,baum,167,train,4.300442829728127
0,baum,167,baum,4.542686343193054
0,baum,167,thompson,5.5981528759002686
0,baum,167,dickens,6.140418569246928
0,baum,167,melville,6.412161648273468
0,baum,167,wells,6.299033323923747
0,baum,167,austen,6.452744722366333
0,baum,167,fitzgerald,6.273086759779188
0,baum,167,twain,5.867743094762166
0,baum,167,non_oz_baum,4.974881887435913
0,baum,167,non_oz_thompson,5.990281581878662
0,baum,167,contested,5.246150612831116
0,baum,168,train,4.287483245134354
0,baum,168,baum,4.542202949523926
0,baum,168,thompson,5.612776279449463
0,baum,168,dickens,6.1564135154088335
0,baum,168,melville,6.413068652153015
0,baum,168,wells,6.324634075164795
0,baum,168,austen,6.459081411361694
0,baum,168,fitzgerald,6.281376361846924
0,baum,168,twain,5.875191609064738
0,baum,168,non_oz_baum,4.980096340179443
0,baum,168,non_oz_thompson,6.005763292312622
0,baum,168,contested,5.252218961715698
0,baum,169,train,4.273376017808914
0,baum,169,baum,4.540908932685852
0,baum,169,thompson,5.604093790054321
0,baum,169,dickens,6.154377420743306
0,baum,169,melville,6.410191595554352
0,baum,169,wells,6.314698219299316
0,baum,169,austen,6.4600913524627686
0,baum,169,fitzgerald,6.274011241065131
0,baum,169,twain,5.863635301589966
0,baum,169,non_oz_baum,4.975592494010925
0,baum,169,non_oz_thompson,6.001507997512817
0,baum,169,contested,5.242934942245483
0,baum,170,train,4.280469596385956
0,baum,170,baum,4.539827585220337
0,baum,170,thompson,5.601118206977844
0,baum,170,dickens,6.152684609095256
0,baum,170,melville,6.410410404205322
0,baum,170,wells,6.313193162282308
0,baum,170,austen,6.458702564239502
0,baum,170,fitzgerald,6.275844573974609
0,baum,170,twain,5.871241013209025
0,baum,170,non_oz_baum,4.9747154712677
0,baum,170,non_oz_thompson,5.999584436416626
0,baum,170,contested,5.240555167198181
0,baum,171,train,4.294214829802513
0,baum,171,baum,4.542830586433411
0,baum,171,thompson,5.600955843925476
0,baum,171,dickens,6.151034990946452
0,baum,171,melville,6.413548469543457
0,baum,171,wells,6.316159248352051
0,baum,171,austen,6.468883275985718
0,baum,171,fitzgerald,6.280357996622722
0,baum,171,twain,5.86838420232137
0,baum,171,non_oz_baum,4.9689284563064575
0,baum,171,non_oz_thompson,5.995893239974976
0,baum,171,contested,5.246643662452698
0,baum,172,train,4.263598456978798
0,baum,172,baum,4.5340869426727295
0,baum,172,thompson,5.596761584281921
0,baum,172,dickens,6.151135365168254
0,baum,172,melville,6.404075026512146
0,baum,172,wells,6.304029146830241
0,baum,172,austen,6.451584339141846
0,baum,172,fitzgerald,6.273854732513428
0,baum,172,twain,5.858730395634969
0,baum,172,non_oz_baum,4.96691882610321
0,baum,172,non_oz_thompson,5.989191293716431
0,baum,172,contested,5.242826581001282
0,baum,173,train,4.253296211361885
0,baum,173,baum,4.521363973617554
0,baum,173,thompson,5.599704265594482
0,baum,173,dickens,6.159624020258586
0,baum,173,melville,6.418330550193787
0,baum,173,wells,6.314391771952312
0,baum,173,austen,6.47713303565979
0,baum,173,fitzgerald,6.280996958414714
0,baum,173,twain,5.864998499552409
0,baum,173,non_oz_baum,4.964613437652588
0,baum,173,non_oz_thompson,5.992401838302612
0,baum,173,contested,5.242438077926636
0,baum,174,train,4.243897184729576
0,baum,174,baum,4.523390054702759
0,baum,174,thompson,5.605897665023804
0,baum,174,dickens,6.158977786699931
0,baum,174,melville,6.411377787590027
0,baum,174,wells,6.319714069366455
0,baum,174,austen,6.46466326713562
0,baum,174,fitzgerald,6.277690569559733
0,baum,174,twain,5.858989159266154
0,baum,174,non_oz_baum,4.9660197496414185
0,baum,174,non_oz_thompson,5.996528625488281
0,baum,174,contested,5.242465019226074
0,baum,175,train,4.225455641746521
0,baum,175,baum,4.524134159088135
0,baum,175,thompson,5.602322816848755
0,baum,175,dickens,6.154716928799947
0,baum,175,melville,6.418355524539948
0,baum,175,wells,6.317269007364909
0,baum,175,austen,6.460499286651611
0,baum,175,fitzgerald,6.278584639231364
0,baum,175,twain,5.86434547106425
0,baum,175,non_oz_baum,4.96171510219574
0,baum,175,non_oz_thompson,5.99419641494751
0,baum,175,contested,5.242942571640015
0,baum,176,train,4.25116129219532
0,baum,176,baum,4.52238929271698
0,baum,176,thompson,5.600795745849609
0,baum,176,dickens,6.148040135701497
0,baum,176,melville,6.407844007015228
0,baum,176,wells,6.306502183278401
0,baum,176,austen,6.459216833114624
0,baum,176,fitzgerald,6.278525776333279
0,baum,176,twain,5.860748767852783
0,baum,176,non_oz_baum,4.956399321556091
0,baum,176,non_oz_thompson,5.989668846130371
0,baum,176,contested,5.238415479660034
0,baum,177,train,4.239344835281372
0,baum,177,baum,4.516236424446106
0,baum,177,thompson,5.598434209823608
0,baum,177,dickens,6.152201652526856
0,baum,177,melville,6.422472715377808
0,baum,177,wells,6.313079675038655
0,baum,177,austen,6.472609519958496
0,baum,177,fitzgerald,6.275892893473308
0,baum,177,twain,5.861712694168091
0,baum,177,non_oz_baum,4.954633712768555
0,baum,177,non_oz_thompson,5.991997718811035
0,baum,177,contested,5.241207003593445
0,baum,178,train,4.233708828687668
0,baum,178,baum,4.503508448600769
0,baum,178,thompson,5.597740650177002
0,baum,178,dickens,6.160581270853679
0,baum,178,melville,6.412272691726685
0,baum,178,wells,6.304043134053548
0,baum,178,austen,6.472395658493042
0,baum,178,fitzgerald,6.274448023902045
0,baum,178,twain,5.855865955352783
0,baum,178,non_oz_baum,4.952539682388306
0,baum,178,non_oz_thompson,5.986474275588989
0,baum,178,contested,5.237987160682678
0,baum,179,train,4.233569964766502
0,baum,179,baum,4.498350381851196
0,baum,179,thompson,5.589026927947998
0,baum,179,dickens,6.156581441561381
0,baum,179,melville,6.406054437160492
0,baum,179,wells,6.2971571286519366
0,baum,179,austen,6.4680335521698
0,baum,179,fitzgerald,6.263656828138563
0,baum,179,twain,5.84578275680542
0,baum,179,non_oz_baum,4.951682209968567
0,baum,179,non_oz_thompson,5.977965831756592
0,baum,179,contested,5.231224536895752
0,baum,180,train,4.232698157429695
0,baum,180,baum,4.497142314910889
0,baum,180,thompson,5.601658225059509
0,baum,180,dickens,6.168893456459045
0,baum,180,melville,6.421754062175751
0,baum,180,wells,6.321296215057373
0,baum,180,austen,6.486020803451538
0,baum,180,fitzgerald,6.277947796715631
0,baum,180,twain,5.864075501759847
0,baum,180,non_oz_baum,4.947948217391968
0,baum,180,non_oz_thompson,5.989303827285767
0,baum,180,contested,5.234556674957275
0,baum,181,train,4.230835929512978
0,baum,181,baum,4.487520217895508
0,baum,181,thompson,5.587148308753967
0,baum,181,dickens,6.146732449531555
0,baum,181,melville,6.407297611236572
0,baum,181,wells,6.298899173736572
0,baum,181,austen,6.452845811843872
0,baum,181,fitzgerald,6.2710755666097
0,baum,181,twain,5.854399919509888
0,baum,181,non_oz_baum,4.946548223495483
0,baum,181,non_oz_thompson,5.981562852859497
0,baum,181,contested,5.229100465774536
0,baum,182,train,4.236099943518639
0,baum,182,baum,4.492210865020752
0,baum,182,thompson,5.590019702911377
0,baum,182,dickens,6.151663184165955
0,baum,182,melville,6.407938659191132
0,baum,182,wells,6.3076127370198565
0,baum,182,austen,6.4662766456604
0,baum,182,fitzgerald,6.271763960520427
0,baum,182,twain,5.852413813273112
0,baum,182,non_oz_baum,4.947031736373901
0,baum,182,non_oz_thompson,5.9865562915802
0,baum,182,contested,5.231148838996887
0,baum,183,train,4.212361723184586
0,baum,183,baum,4.48316764831543
0,baum,183,thompson,5.584689497947693
0,baum,183,dickens,6.154786030451457
0,baum,183,melville,6.403270363807678
0,baum,183,wells,6.30029296875
0,baum,183,austen,6.474200010299683
0,baum,183,fitzgerald,6.272194067637126
0,baum,183,twain,5.850350062052409
0,baum,183,non_oz_baum,4.937793135643005
0,baum,183,non_oz_thompson,5.976884126663208
0,baum,183,contested,5.225344896316528
0,baum,184,train,4.20736075937748
0,baum,184,baum,4.485620141029358
0,baum,184,thompson,5.592760682106018
0,baum,184,dickens,6.162746946016948
0,baum,184,melville,6.4171671867370605
0,baum,184,wells,6.314905484517415
0,baum,184,austen,6.476534128189087
0,baum,184,fitzgerald,6.276389280954997
0,baum,184,twain,5.856070439020793
0,baum,184,non_oz_baum,4.942553877830505
0,baum,184,non_oz_thompson,5.982567071914673
0,baum,184,contested,5.230207681655884
0,baum,185,train,4.227773025631905
0,baum,185,baum,4.474154233932495
0,baum,185,thompson,5.585423231124878
0,baum,185,dickens,6.150348583857219
0,baum,185,melville,6.405794084072113
0,baum,185,wells,6.301562786102295
0,baum,185,austen,6.461697340011597
0,baum,185,fitzgerald,6.279398017459446
0,baum,185,twain,5.860631465911865
0,baum,185,non_oz_baum,4.942371010780335
0,baum,185,non_oz_thompson,5.977433681488037
0,baum,185,contested,5.226307034492493
0,baum,186,train,4.203479990363121
0,baum,186,baum,4.484880447387695
0,baum,186,thompson,5.592184782028198
0,baum,186,dickens,6.165481209754944
0,baum,186,melville,6.4198079109191895
0,baum,186,wells,6.311078230539958
0,baum,186,austen,6.48714542388916
0,baum,186,fitzgerald,6.284941779242621
0,baum,186,twain,5.857657750447591
0,baum,186,non_oz_baum,4.939067363739014
0,baum,186,non_oz_thompson,5.996705293655396
0,baum,186,contested,5.229504823684692
0,baum,187,train,4.202665865421295
0,baum,187,baum,4.480306506156921
0,baum,187,thompson,5.591174960136414
0,baum,187,dickens,6.162241816520691
0,baum,187,melville,6.410514414310455
0,baum,187,wells,6.309210300445557
0,baum,187,austen,6.460547685623169
0,baum,187,fitzgerald,6.278433269924587
0,baum,187,twain,5.855615774790446
0,baum,187,non_oz_baum,4.940410137176514
0,baum,187,non_oz_thompson,5.981605291366577
0,baum,187,contested,5.228135347366333
0,baum,188,train,4.173131823539734
0,baum,188,baum,4.47788143157959
0,baum,188,thompson,5.592681646347046
0,baum,188,dickens,6.182339429855347
0,baum,188,melville,6.428380191326141
0,baum,188,wells,6.335282961527507
0,baum,188,austen,6.488692760467529
0,baum,188,fitzgerald,6.288147396511501
0,baum,188,twain,5.862949212392171
0,baum,188,non_oz_baum,4.942838907241821
0,baum,188,non_oz_thompson,5.992746353149414
0,baum,188,contested,5.233236908912659
0,baum,189,train,4.19202746450901
0,baum,189,baum,4.472005367279053
0,baum,189,thompson,5.591190814971924
0,baum,189,dickens,6.164512952168782
0,baum,189,melville,6.4198625683784485
0,baum,189,wells,6.31764570871989
0,baum,189,austen,6.461119651794434
0,baum,189,fitzgerald,6.278852886623806
0,baum,189,twain,5.852033774058024
0,baum,189,non_oz_baum,4.9347299337387085
0,baum,189,non_oz_thompson,5.980815172195435
0,baum,189,contested,5.226691007614136
0,baum,190,train,4.182829558849335
0,baum,190,baum,4.453835129737854
0,baum,190,thompson,5.580936670303345
0,baum,190,dickens,6.1567747592926025
0,baum,190,melville,6.42341148853302
0,baum,190,wells,6.295716444651286
0,baum,190,austen,6.47114634513855
0,baum,190,fitzgerald,6.284911102718777
0,baum,190,twain,5.857244253158569
0,baum,190,non_oz_baum,4.931135892868042
0,baum,190,non_oz_thompson,5.977049112319946
0,baum,190,contested,5.223735570907593
0,baum,191,train,4.177946761250496
0,baum,191,baum,4.47645902633667
0,baum,191,thompson,5.581209063529968
0,baum,191,dickens,6.157902002334595
0,baum,191,melville,6.413096606731415
0,baum,191,wells,6.300345102945964
0,baum,191,austen,6.468163251876831
0,baum,191,fitzgerald,6.270676030053033
0,baum,191,twain,5.8445680141448975
0,baum,191,non_oz_baum,4.926787972450256
0,baum,191,non_oz_thompson,5.975042819976807
0,baum,191,contested,5.215720653533936
0,baum,192,train,4.1819247752428055
0,baum,192,baum,4.460605382919312
0,baum,192,thompson,5.582417845726013
0,baum,192,dickens,6.15513030687968
0,baum,192,melville,6.410745620727539
0,baum,192,wells,6.2973564465840655
0,baum,192,austen,6.450859546661377
0,baum,192,fitzgerald,6.276056872473823
0,baum,192,twain,5.850157976150513
0,baum,192,non_oz_baum,4.925457954406738
0,baum,192,non_oz_thompson,5.976400852203369
0,baum,192,contested,5.219326853752136
0,baum,193,train,4.190507933497429
0,baum,193,baum,4.461102366447449
0,baum,193,thompson,5.581942081451416
0,baum,193,dickens,6.165610233942668
0,baum,193,melville,6.422518670558929
0,baum,193,wells,6.305891672770183
0,baum,193,austen,6.475931167602539
0,baum,193,fitzgerald,6.277105225457086
0,baum,193,twain,5.853751182556152
0,baum,193,non_oz_baum,4.922408938407898
0,baum,193,non_oz_thompson,5.98379373550415
0,baum,193,contested,5.21992552280426
0,baum,194,train,4.170753553509712
0,baum,194,baum,4.456702351570129
0,baum,194,thompson,5.581672549247742
0,baum,194,dickens,6.153548796971639
0,baum,194,melville,6.423934638500214
0,baum,194,wells,6.308917045593262
0,baum,194,austen,6.45767879486084
0,baum,194,fitzgerald,6.290712038675944
0,baum,194,twain,5.854927698771159
0,baum,194,non_oz_baum,4.925614356994629
0,baum,194,non_oz_thompson,5.974248170852661
0,baum,194,contested,5.221660137176514
0,baum,195,train,4.154115721583366
0,baum,195,baum,4.459088921546936
0,baum,195,thompson,5.579529166221619
0,baum,195,dickens,6.145685156186421
0,baum,195,melville,6.409953713417053
0,baum,195,wells,6.297032515207927
0,baum,195,austen,6.455183506011963
0,baum,195,fitzgerald,6.284733719295925
0,baum,195,twain,5.850848754247029
0,baum,195,non_oz_baum,4.920910954475403
0,baum,195,non_oz_thompson,5.965775489807129
0,baum,195,contested,5.220621824264526
0,baum,196,train,4.176676496863365
0,baum,196,baum,4.439837574958801
0,baum,196,thompson,5.5843082666397095
0,baum,196,dickens,6.150479873021443
0,baum,196,melville,6.4131662249565125
0,baum,196,wells,6.292255719502767
0,baum,196,austen,6.450795888900757
0,baum,196,fitzgerald,6.288821432325575
0,baum,196,twain,5.851792812347412
0,baum,196,non_oz_baum,4.923900365829468
0,baum,196,non_oz_thompson,5.972299337387085
0,baum,196,contested,5.224133968353272
0,baum,197,train,4.184228911995888
0,baum,197,baum,4.446137428283691
0,baum,197,thompson,5.579703450202942
0,baum,197,dickens,6.152511596679688
0,baum,197,melville,6.422019064426422
0,baum,197,wells,6.297219594319661
0,baum,197,austen,6.4544596672058105
0,baum,197,fitzgerald,6.289691872066921
0,baum,197,twain,5.849796215693156
0,baum,197,non_oz_baum,4.92400324344635
0,baum,197,non_oz_thompson,5.97208571434021
0,baum,197,contested,5.223809361457825
0,baum,198,train,4.157259702682495
0,baum,198,baum,4.442433953285217
0,baum,198,thompson,5.579188823699951
0,baum,198,dickens,6.159236629803975
0,baum,198,melville,6.419148921966553
0,baum,198,wells,6.293840567270915
0,baum,198,austen,6.464935779571533
0,baum,198,fitzgerald,6.282983991834852
0,baum,198,twain,5.850007057189941
0,baum,198,non_oz_baum,4.916553378105164
0,baum,198,non_oz_thompson,5.973612308502197
0,baum,198,contested,5.212646126747131
0,baum,199,train,4.15016108751297
0,baum,199,baum,4.432406783103943
0,baum,199,thompson,5.580432295799255
0,baum,199,dickens,6.162546078364055
0,baum,199,melville,6.424379289150238
0,baum,199,wells,6.305714289347331
0,baum,199,austen,6.464087009429932
0,baum,199,fitzgerald,6.295908557044135
0,baum,199,twain,5.855602343877156
0,baum,199,non_oz_baum,4.919214010238648
0,baum,199,non_oz_thompson,5.970972776412964
0,baum,199,contested,5.215478897094727
0,baum,200,train,4.155078507959843
0,baum,200,baum,4.424476981163025
0,baum,200,thompson,5.576563119888306
0,baum,200,dickens,6.158194422721863
0,baum,200,melville,6.411728978157044
0,baum,200,wells,6.3053717613220215
0,baum,200,austen,6.4538280963897705
0,baum,200,fitzgerald,6.289245817396376
0,baum,200,twain,5.850301663080852
0,baum,200,non_oz_baum,4.9141093492507935
0,baum,200,non_oz_thompson,5.9638612270355225
0,baum,200,contested,5.217620372772217
0,baum,201,train,4.143277615308762
0,baum,201,baum,4.427441954612732
0,baum,201,thompson,5.579776883125305
0,baum,201,dickens,6.171159267425537
0,baum,201,melville,6.422792911529541
0,baum,201,wells,6.303318659464519
0,baum,201,austen,6.46730637550354
0,baum,201,fitzgerald,6.285657299889459
0,baum,201,twain,5.850559075673421
0,baum,201,non_oz_baum,4.909813404083252
0,baum,201,non_oz_thompson,5.972676038742065
0,baum,201,contested,5.2126946449279785
0,baum,202,train,4.13994337618351
0,baum,202,baum,4.416950106620789
0,baum,202,thompson,5.581068634986877
0,baum,202,dickens,6.156109134356181
0,baum,202,melville,6.423404157161713
0,baum,202,wells,6.290483951568604
0,baum,202,austen,6.449852466583252
0,baum,202,fitzgerald,6.293565432230632
0,baum,202,twain,5.8501832485198975
0,baum,202,non_oz_baum,4.91211462020874
0,baum,202,non_oz_thompson,5.963256597518921
0,baum,202,contested,5.21913468837738
0,baum,203,train,4.162047438323498
0,baum,203,baum,4.422649741172791
0,baum,203,thompson,5.588649749755859
0,baum,203,dickens,6.180225412050883
0,baum,203,melville,6.434410274028778
0,baum,203,wells,6.312187989552816
0,baum,203,austen,6.4742350578308105
0,baum,203,fitzgerald,6.298313034905328
0,baum,203,twain,5.862619400024414
0,baum,203,non_oz_baum,4.911954402923584
0,baum,203,non_oz_thompson,5.972508430480957
0,baum,203,contested,5.215307235717773
0,baum,204,train,4.126017011702061
0,baum,204,baum,4.423999786376953
0,baum,204,thompson,5.575956106185913
0,baum,204,dickens,6.154060165087382
0,baum,204,melville,6.416945934295654
0,baum,204,wells,6.299914836883545
0,baum,204,austen,6.441105365753174
0,baum,204,fitzgerald,6.303133646647136
0,baum,204,twain,5.85518757502238
0,baum,204,non_oz_baum,4.909331202507019
0,baum,204,non_oz_thompson,5.960157871246338
0,baum,204,contested,5.214560627937317
0,baum,205,train,4.134817719459534
0,baum,205,baum,4.430712699890137
0,baum,205,thompson,5.578494310379028
0,baum,205,dickens,6.165574073791504
0,baum,205,melville,6.42508852481842
0,baum,205,wells,6.312035878499349
0,baum,205,austen,6.464211225509644
0,baum,205,fitzgerald,6.297189871470134
0,baum,205,twain,5.849246422449748
0,baum,205,non_oz_baum,4.9046149253845215
0,baum,205,non_oz_thompson,5.965576887130737
0,baum,205,contested,5.212180137634277
0,baum,206,train,4.106706142425537
0,baum,206,baum,4.408682584762573
0,baum,206,thompson,5.578471541404724
0,baum,206,dickens,6.1612042983373
0,baum,206,melville,6.425067067146301
0,baum,206,wells,6.3100762367248535
0,baum,206,austen,6.4538280963897705
0,baum,206,fitzgerald,6.302575164371067
0,baum,206,twain,5.852137804031372
0,baum,206,non_oz_baum,4.906549572944641
0,baum,206,non_oz_thompson,5.9643638134002686
0,baum,206,contested,5.215848565101624
0,baum,207,train,4.129218727350235
0,baum,207,baum,4.400825500488281
0,baum,207,thompson,5.574063062667847
0,baum,207,dickens,6.16798460483551
0,baum,207,melville,6.427396893501282
0,baum,207,wells,6.304063638051351
0,baum,207,austen,6.461170434951782
0,baum,207,fitzgerald,6.29739342795478
0,baum,207,twain,5.854643106460571
0,baum,207,non_oz_baum,4.905568480491638
0,baum,207,non_oz_thompson,5.967821836471558
0,baum,207,contested,5.211397051811218
0,baum,208,train,4.138816773891449
0,baum,208,baum,4.395187377929688
0,baum,208,thompson,5.575175762176514
0,baum,208,dickens,6.163952072461446
0,baum,208,melville,6.4186952114105225
0,baum,208,wells,6.304733276367188
0,baum,208,austen,6.46345591545105
0,baum,208,fitzgerald,6.295477390289307
0,baum,208,twain,5.847763379414876
0,baum,208,non_oz_baum,4.897549152374268
0,baum,208,non_oz_thompson,5.958714008331299
0,baum,208,contested,5.2049479484558105
0,baum,209,train,4.115243703126907
0,baum,209,baum,4.398210406303406
0,baum,209,thompson,5.57535183429718
0,baum,209,dickens,6.159154772758484
0,baum,209,melville,6.416281640529633
0,baum,209,wells,6.299089749654134
0,baum,209,austen,6.4623308181762695
0,baum,209,fitzgerald,6.296748214297825
0,baum,209,twain,5.846973180770874
0,baum,209,non_oz_baum,4.896034836769104
0,baum,209,non_oz_thompson,5.961833238601685
0,baum,209,contested,5.206839919090271
0,baum,210,train,4.105626136064529
0,baum,210,baum,4.387933790683746
0,baum,210,thompson,5.572064995765686
0,baum,210,dickens,6.160107254981995
0,baum,210,melville,6.429308474063873
0,baum,210,wells,6.2992197672526045
0,baum,210,austen,6.474216938018799
0,baum,210,fitzgerald,6.305256048838298
0,baum,210,twain,5.855440537134807
0,baum,210,non_oz_baum,4.901175260543823
0,baum,210,non_oz_thompson,5.961370944976807
0,baum,210,contested,5.205800890922546
0,baum,211,train,4.106940366327763
0,baum,211,baum,4.399209439754486
0,baum,211,thompson,5.583129525184631
0,baum,211,dickens,6.175773064295451
0,baum,211,melville,6.435496747493744
0,baum,211,wells,6.309763431549072
0,baum,211,austen,6.476589202880859
0,baum,211,fitzgerald,6.304170290629069
0,baum,211,twain,5.858975489934285
0,baum,211,non_oz_baum,4.8991639614105225
0,baum,211,non_oz_thompson,5.969529628753662
0,baum,211,contested,5.210926413536072
0,baum,212,train,4.107394456863403
0,baum,212,baum,4.405001938343048
0,baum,212,thompson,5.580879330635071
0,baum,212,dickens,6.173603733380635
0,baum,212,melville,6.441028833389282
0,baum,212,wells,6.31359847386678
0,baum,212,austen,6.481930732727051
0,baum,212,fitzgerald,6.305460188123915
0,baum,212,twain,5.853783528010051
0,baum,212,non_oz_baum,4.900946021080017
0,baum,212,non_oz_thompson,5.965169906616211
0,baum,212,contested,5.207442283630371
0,baum,213,train,4.076591990888119
0,baum,213,baum,4.396214425563812
0,baum,213,thompson,5.582083940505981
0,baum,213,dickens,6.168496131896973
0,baum,213,melville,6.425006031990051
0,baum,213,wells,6.318417549133301
0,baum,213,austen,6.48016095161438
0,baum,213,fitzgerald,6.31053278181288
0,baum,213,twain,5.8448522090911865
0,baum,213,non_oz_baum,4.89508330821991
0,baum,213,non_oz_thompson,5.962648391723633
0,baum,213,contested,5.208106756210327
0,baum,214,train,4.091025710105896
0,baum,214,baum,4.400243222713471
0,baum,214,thompson,5.5787575244903564
0,baum,214,dickens,6.179518342018127
0,baum,214,melville,6.430716037750244
0,baum,214,wells,6.31408675511678
0,baum,214,austen,6.496261358261108
0,baum,214,fitzgerald,6.304580900404188
0,baum,214,twain,5.851539373397827
0,baum,214,non_oz_baum,4.891914248466492
0,baum,214,non_oz_thompson,5.966327667236328
0,baum,214,contested,5.206339716911316
0,baum,215,train,4.0809619426727295
0,baum,215,baum,4.390990793704987
0,baum,215,thompson,5.5732890367507935
0,baum,215,dickens,6.167532006899516
0,baum,215,melville,6.428396105766296
0,baum,215,wells,6.304627577463786
0,baum,215,austen,6.469223260879517
0,baum,215,fitzgerald,6.302150302463108
0,baum,215,twain,5.844038883845012
0,baum,215,non_oz_baum,4.889970779418945
0,baum,215,non_oz_thompson,5.9555344581604
0,baum,215,contested,5.202113747596741
0,baum,216,train,4.089483425021172
0,baum,216,baum,4.391187310218811
0,baum,216,thompson,5.584196448326111
0,baum,216,dickens,6.185188849767049
0,baum,216,melville,6.449832797050476
0,baum,216,wells,6.313915093739827
0,baum,216,austen,6.485259294509888
0,baum,216,fitzgerald,6.313970883687337
0,baum,216,twain,5.862004280090332
0,baum,216,non_oz_baum,4.895961046218872
0,baum,216,non_oz_thompson,5.9716010093688965
0,baum,216,contested,5.21040415763855
0,baum,217,train,4.072764232754707
0,baum,217,baum,4.386529624462128
0,baum,217,thompson,5.581076979637146
0,baum,217,dickens,6.181541124979655
0,baum,217,melville,6.438364624977112
0,baum,217,wells,6.3200117746988935
0,baum,217,austen,6.48757529258728
0,baum,217,fitzgerald,6.312311702304417
0,baum,217,twain,5.847134908040364
0,baum,217,non_oz_baum,4.89231014251709
0,baum,217,non_oz_thompson,5.968766927719116
0,baum,217,contested,5.202929854393005
0,baum,218,train,4.070154868066311
0,baum,218,baum,4.386185109615326
0,baum,218,thompson,5.5688300132751465
0,baum,218,dickens,6.170294721921285
0,baum,218,melville,6.430746853351593
0,baum,218,wells,6.3062825202941895
0,baum,218,austen,6.46976637840271
0,baum,218,fitzgerald,6.305546071794298
0,baum,218,twain,5.848476886749268
0,baum,218,non_oz_baum,4.888447642326355
0,baum,218,non_oz_thompson,5.950656414031982
0,baum,218,contested,5.202424049377441
0,baum,219,train,4.079403817653656
0,baum,219,baum,4.371866464614868
0,baum,219,thompson,5.571330428123474
0,baum,219,dickens,6.1614638566970825
0,baum,219,melville,6.432750284671784
0,baum,219,wells,6.303080558776856
0,baum,219,austen,6.466852426528931
0,baum,219,fitzgerald,6.30382506052653
0,baum,219,twain,5.844688971837361
0,baum,219,non_oz_baum,4.886982679367065
0,baum,219,non_oz_thompson,5.952295780181885
0,baum,219,contested,5.2004698514938354
0,baum,220,train,4.077551893889904
0,baum,220,baum,4.397409796714783
0,baum,220,thompson,5.576371788978577
0,baum,220,dickens,6.177418311436971
0,baum,220,melville,6.435805439949036
0,baum,220,wells,6.313501516977946
0,baum,220,austen,6.477508306503296
0,baum,220,fitzgerald,6.301379097832574
0,baum,220,twain,5.839714765548706
0,baum,220,non_oz_baum,4.878264427185059
0,baum,220,non_oz_thompson,5.954900503158569
0,baum,220,contested,5.196430206298828
0,baum,221,train,4.057288743555546
0,baum,221,baum,4.366988003253937
0,baum,221,thompson,5.564405798912048
0,baum,221,dickens,6.165371060371399
0,baum,221,melville,6.4425923228263855
0,baum,221,wells,6.306807359059651
0,baum,221,austen,6.473130464553833
0,baum,221,fitzgerald,6.316624641418457
0,baum,221,twain,5.848241170247396
0,baum,221,non_oz_baum,4.882658839225769
0,baum,221,non_oz_thompson,5.953326940536499
0,baum,221,contested,5.198154807090759
0,baum,222,train,4.060100667178631
0,baum,222,baum,4.369333624839783
0,baum,222,thompson,5.577197432518005
0,baum,222,dickens,6.180100321769714
0,baum,222,melville,6.443850159645081
0,baum,222,wells,6.309856573740642
0,baum,222,austen,6.483011960983276
0,baum,222,fitzgerald,6.316805945502387
0,baum,222,twain,5.852302630742391
0,baum,222,non_oz_baum,4.8824968338012695
0,baum,222,non_oz_thompson,5.957910299301148
0,baum,222,contested,5.203742146492004
0,baum,223,train,4.046173006296158
0,baum,223,baum,4.368947982788086
0,baum,223,thompson,5.576838254928589
0,baum,223,dickens,6.18101978302002
0,baum,223,melville,6.444380879402161
0,baum,223,wells,6.308889230092366
0,baum,223,austen,6.477739572525024
0,baum,223,fitzgerald,6.315241230858697
0,baum,223,twain,5.851534843444824
0,baum,223,non_oz_baum,4.884652137756348
0,baum,223,non_oz_thompson,5.968061685562134
0,baum,223,contested,5.19916570186615
0,baum,224,train,4.045876696705818
0,baum,224,baum,4.366733491420746
0,baum,224,thompson,5.566925406455994
0,baum,224,dickens,6.170532703399658
0,baum,224,melville,6.440758407115936
0,baum,224,wells,6.290209293365479
0,baum,224,austen,6.470641613006592
0,baum,224,fitzgerald,6.310808817545573
0,baum,224,twain,5.847159783045451
0,baum,224,non_oz_baum,4.880728483200073
0,baum,224,non_oz_thompson,5.96075177192688
0,baum,224,contested,5.197557091712952
0,baum,225,train,4.0653615072369576
0,baum,225,baum,4.3744829297065735
0,baum,225,thompson,5.586058259010315
0,baum,225,dickens,6.18741762638092
0,baum,225,melville,6.466598808765411
0,baum,225,wells,6.314373811086019
0,baum,225,austen,6.4818336963653564
0,baum,225,fitzgerald,6.330402109358046
0,baum,225,twain,5.864663918813069
0,baum,225,non_oz_baum,4.883888125419617
0,baum,225,non_oz_thompson,5.968557596206665
0,baum,225,contested,5.209707140922546
0,baum,226,train,4.046005740761757
0,baum,226,baum,4.361827075481415
0,baum,226,thompson,5.574065804481506
0,baum,226,dickens,6.183324575424194
0,baum,226,melville,6.441304922103882
0,baum,226,wells,6.313665866851807
0,baum,226,austen,6.477604866027832
0,baum,226,fitzgerald,6.319787343343099
0,baum,226,twain,5.854440371195476
0,baum,226,non_oz_baum,4.8765629529953
0,baum,226,non_oz_thompson,5.956379175186157
0,baum,226,contested,5.199129462242127
0,baum,227,train,4.025258898735046
0,baum,227,baum,4.352527320384979
0,baum,227,thompson,5.581005334854126
0,baum,227,dickens,6.192215442657471
0,baum,227,melville,6.446338474750519
0,baum,227,wells,6.316502571105957
0,baum,227,austen,6.496288537979126
0,baum,227,fitzgerald,6.324866241878933
0,baum,227,twain,5.855730374654134
0,baum,227,non_oz_baum,4.881516337394714
0,baum,227,non_oz_thompson,5.963925838470459
0,baum,227,contested,5.201946377754211
0,baum,228,train,4.051187351346016
0,baum,228,baum,4.355076313018799
0,baum,228,thompson,5.579526901245117
0,baum,228,dickens,6.186532338460286
0,baum,228,melville,6.44029837846756
0,baum,228,wells,6.319799582163493
0,baum,228,austen,6.479983806610107
0,baum,228,fitzgerald,6.329135206010607
0,baum,228,twain,5.852945168813069
0,baum,228,non_oz_baum,4.87405264377594
0,baum,228,non_oz_thompson,5.954353332519531
0,baum,228,contested,5.2016191482543945
0,baum,229,train,4.047776952385902
0,baum,229,baum,4.356557607650757
0,baum,229,thompson,5.575733184814453
0,baum,229,dickens,6.187539458274841
0,baum,229,melville,6.45005875825882
0,baum,229,wells,6.304471174875896
0,baum,229,austen,6.47388482093811
0,baum,229,fitzgerald,6.32907591925727
0,baum,229,twain,5.856537501017253
0,baum,229,non_oz_baum,4.877794623374939
0,baum,229,non_oz_thompson,5.961032867431641
0,baum,229,contested,5.202155709266663
0,baum,230,train,4.028057470917702
0,baum,230,baum,4.344614863395691
0,baum,230,thompson,5.5877416133880615
0,baum,230,dickens,6.209332704544067
0,baum,230,melville,6.461939454078674
0,baum,230,wells,6.3423716227213545
0,baum,230,austen,6.503553628921509
0,baum,230,fitzgerald,6.350785414377849
0,baum,230,twain,5.872292280197144
0,baum,230,non_oz_baum,4.882987380027771
0,baum,230,non_oz_thompson,5.969271898269653
0,baum,230,contested,5.20825731754303
0,baum,231,train,4.044065408408642
0,baum,231,baum,4.353802978992462
0,baum,231,thompson,5.574221253395081
0,baum,231,dickens,6.185633738835652
0,baum,231,melville,6.445364832878113
0,baum,231,wells,6.314239660898845
0,baum,231,austen,6.476184129714966
0,baum,231,fitzgerald,6.328783988952637
0,baum,231,twain,5.854191621144612
0,baum,231,non_oz_baum,4.872175574302673
0,baum,231,non_oz_thompson,5.946799755096436
0,baum,231,contested,5.20128071308136
0,baum,232,train,4.026552096009255
0,baum,232,baum,4.349405884742737
0,baum,232,thompson,5.571755766868591
0,baum,232,dickens,6.186053355534871
0,baum,232,melville,6.444821238517761
0,baum,232,wells,6.310525417327881
0,baum,232,austen,6.4854576587677
0,baum,232,fitzgerald,6.321863757239448
0,baum,232,twain,5.851401964823405
0,baum,232,non_oz_baum,4.87109637260437
0,baum,232,non_oz_thompson,5.963646173477173
0,baum,232,contested,5.196366906166077
0,baum,233,train,4.024846814572811
0,baum,233,baum,4.343284845352173
0,baum,233,thompson,5.575940012931824
0,baum,233,dickens,6.198111216227214
0,baum,233,melville,6.4583375453948975
0,baum,233,wells,6.31285301844279
0,baum,233,austen,6.487440824508667
0,baum,233,fitzgerald,6.33126793967353
0,baum,233,twain,5.855181296666463
0,baum,233,non_oz_baum,4.870993971824646
0,baum,233,non_oz_thompson,5.962066888809204
0,baum,233,contested,5.202108860015869
0,baum,234,train,4.0070784986019135
0,baum,234,baum,4.345829010009766
0,baum,234,thompson,5.576160073280335
0,baum,234,dickens,6.189832170804341
0,baum,234,melville,6.447182655334473
0,baum,234,wells,6.314354101816813
0,baum,234,austen,6.490070104598999
0,baum,234,fitzgerald,6.336084895663792
0,baum,234,twain,5.858695030212402
0,baum,234,non_oz_baum,4.871063828468323
0,baum,234,non_oz_thompson,5.955724239349365
0,baum,234,contested,5.196085214614868
0,baum,235,train,4.0215819999575615
0,baum,235,baum,4.334247589111328
0,baum,235,thompson,5.574647784233093
0,baum,235,dickens,6.195377945899963
0,baum,235,melville,6.461268663406372
0,baum,235,wells,6.316184202829997
0,baum,235,austen,6.492059707641602
0,baum,235,fitzgerald,6.339041762881809
0,baum,235,twain,5.863259394963582
0,baum,235,non_oz_baum,4.87033224105835
0,baum,235,non_oz_thompson,5.966009616851807
0,baum,235,contested,5.199075102806091
0,baum,236,train,4.026308700442314
0,baum,236,baum,4.326862633228302
0,baum,236,thompson,5.578910231590271
0,baum,236,dickens,6.207689483960469
0,baum,236,melville,6.456372916698456
0,baum,236,wells,6.334889570871989
0,baum,236,austen,6.489604234695435
0,baum,236,fitzgerald,6.329760445488824
0,baum,236,twain,5.859727382659912
0,baum,236,non_oz_baum,4.869691491127014
0,baum,236,non_oz_thompson,5.962716817855835
0,baum,236,contested,5.19959819316864
0,baum,237,train,4.01489520072937
0,baum,237,baum,4.328099429607391
0,baum,237,thompson,5.575321555137634
0,baum,237,dickens,6.194583654403687
0,baum,237,melville,6.453292548656464
0,baum,237,wells,6.319531122843425
0,baum,237,austen,6.476555824279785
0,baum,237,fitzgerald,6.341618908776177
0,baum,237,twain,5.857068220774333
0,baum,237,non_oz_baum,4.865984797477722
0,baum,237,non_oz_thompson,5.957067012786865
0,baum,237,contested,5.197674989700317
0,baum,238,train,4.025921389460564
0,baum,238,baum,4.326537072658539
0,baum,238,thompson,5.575020551681519
0,baum,238,dickens,6.208882292111714
0,baum,238,melville,6.472479164600372
0,baum,238,wells,6.330149014790853
0,baum,238,austen,6.511955261230469
0,baum,238,fitzgerald,6.339253849453396
0,baum,238,twain,5.868526220321655
0,baum,238,non_oz_baum,4.863314151763916
0,baum,238,non_oz_thompson,5.965614557266235
0,baum,238,contested,5.194288849830627
0,baum,239,train,4.0026466101408005
0,baum,239,baum,4.323043823242188
0,baum,239,thompson,5.577125787734985
0,baum,239,dickens,6.205596208572388
0,baum,239,melville,6.463162779808044
0,baum,239,wells,6.337258497873942
0,baum,239,austen,6.493902921676636
0,baum,239,fitzgerald,6.3328244421217175
0,baum,239,twain,5.857076962788899
0,baum,239,non_oz_baum,4.858263254165649
0,baum,239,non_oz_thompson,5.95842170715332
0,baum,239,contested,5.193855285644531
0,baum,240,train,4.017765775322914
0,baum,240,baum,4.3167062401771545
0,baum,240,thompson,5.5803457498550415
0,baum,240,dickens,6.196059187253316
0,baum,240,melville,6.461485326290131
0,baum,240,wells,6.3225782712300616
0,baum,240,austen,6.475527048110962
0,baum,240,fitzgerald,6.33553573820326
0,baum,240,twain,5.861693461736043
0,baum,240,non_oz_baum,4.861640453338623
0,baum,240,non_oz_thompson,5.960372924804688
0,baum,240,contested,5.191819071769714
0,baum,241,train,3.982843920588493
0,baum,241,baum,4.314828157424927
0,baum,241,thompson,5.574901700019836
0,baum,241,dickens,6.20674991607666
0,baum,241,melville,6.455131590366364
0,baum,241,wells,6.334312121073405
0,baum,241,austen,6.492731809616089
0,baum,241,fitzgerald,6.335794925689697
0,baum,241,twain,5.857714017232259
0,baum,241,non_oz_baum,4.861408710479736
0,baum,241,non_oz_thompson,5.962270975112915
0,baum,241,contested,5.191302061080933
0,baum,242,train,4.009964033961296
0,baum,242,baum,4.299359738826752
0,baum,242,thompson,5.566676616668701
0,baum,242,dickens,6.190131942431132
0,baum,242,melville,6.458955705165863
0,baum,242,wells,6.306210517883301
0,baum,242,austen,6.4786763191223145
0,baum,242,fitzgerald,6.337024370829265
0,baum,242,twain,5.859821160634358
0,baum,242,non_oz_baum,4.857033133506775
0,baum,242,non_oz_thompson,5.957530736923218
0,baum,242,contested,5.192136883735657
0,baum,243,train,3.996800698339939
0,baum,243,baum,4.300867199897766
0,baum,243,thompson,5.583480358123779
0,baum,243,dickens,6.207336942354838
0,baum,243,melville,6.45480215549469
0,baum,243,wells,6.335684458414714
0,baum,243,austen,6.512471914291382
0,baum,243,fitzgerald,6.331329133775499
0,baum,243,twain,5.855133454004924
0,baum,243,non_oz_baum,4.856348872184753
0,baum,243,non_oz_thompson,5.96637487411499
0,baum,243,contested,5.187587380409241
0,baum,244,train,3.995245397090912
0,baum,244,baum,4.303602516651154
0,baum,244,thompson,5.5770885944366455
0,baum,244,dickens,6.207549611727397
0,baum,244,melville,6.463965833187103
0,baum,244,wells,6.325322310129802
0,baum,244,austen,6.49625039100647
0,baum,244,fitzgerald,6.341060638427734
0,baum,244,twain,5.858445405960083
0,baum,244,non_oz_baum,4.859112858772278
0,baum,244,non_oz_thompson,5.958327293395996
0,baum,244,contested,5.19625186920166
0,baum,245,train,4.001406610012054
0,baum,245,baum,4.301689803600311
0,baum,245,thompson,5.570069909095764
0,baum,245,dickens,6.187801798184712
0,baum,245,melville,6.453584849834442
0,baum,245,wells,6.31538184483846
0,baum,245,austen,6.4935150146484375
0,baum,245,fitzgerald,6.338487572140164
0,baum,245,twain,5.853439092636108
0,baum,245,non_oz_baum,4.855063557624817
0,baum,245,non_oz_thompson,5.96214485168457
0,baum,245,contested,5.193850517272949
0,baum,246,train,3.983021654188633
0,baum,246,baum,4.286316335201263
0,baum,246,thompson,5.582457780838013
0,baum,246,dickens,6.21124792098999
0,baum,246,melville,6.483592391014099
0,baum,246,wells,6.331612269083659
0,baum,246,austen,6.505256414413452
0,baum,246,fitzgerald,6.3568375905354815
0,baum,246,twain,5.873090902964274
0,baum,246,non_oz_baum,4.862219095230103
0,baum,246,non_oz_thompson,5.967984676361084
0,baum,246,contested,5.203182101249695
0,baum,247,train,3.982970230281353
0,baum,247,baum,4.302853465080261
0,baum,247,thompson,5.573949575424194
0,baum,247,dickens,6.216185887654622
0,baum,247,melville,6.471219718456268
0,baum,247,wells,6.338266054789226
0,baum,247,austen,6.516206026077271
0,baum,247,fitzgerald,6.335447629292806
0,baum,247,twain,5.857574224472046
0,baum,247,non_oz_baum,4.853291034698486
0,baum,247,non_oz_thompson,5.960298538208008
0,baum,247,contested,5.18611466884613
0,baum,248,train,3.969167076051235
0,baum,248,baum,4.283255040645599
0,baum,248,thompson,5.5821980237960815
0,baum,248,dickens,6.208229223887126
0,baum,248,melville,6.477500379085541
0,baum,248,wells,6.333501656850179
0,baum,248,austen,6.503990411758423
0,baum,248,fitzgerald,6.351949161953396
0,baum,248,twain,5.869594017664592
0,baum,248,non_oz_baum,4.862610459327698
0,baum,248,non_oz_thompson,5.961224555969238
0,baum,248,contested,5.197292923927307
0,baum,249,train,3.9622036665678015
0,baum,249,baum,4.278699636459351
0,baum,249,thompson,5.571579098701477
0,baum,249,dickens,6.205654660860698
0,baum,249,melville,6.47458416223526
0,baum,249,wells,6.3230827649434405
0,baum,249,austen,6.490471363067627
0,baum,249,fitzgerald,6.344648785061306
0,baum,249,twain,5.865260998408
0,baum,249,non_oz_baum,4.850638389587402
0,baum,249,non_oz_thompson,5.953325271606445
0,baum,249,contested,5.187866449356079
0,baum,250,train,3.9672666862607
0,baum,250,baum,4.268497407436371
0,baum,250,thompson,5.574515461921692
0,baum,250,dickens,6.201806902885437
0,baum,250,melville,6.4705235958099365
0,baum,250,wells,6.320095062255859
0,baum,250,austen,6.489965915679932
0,baum,250,fitzgerald,6.343328052096897
0,baum,250,twain,5.862089395523071
0,baum,250,non_oz_baum,4.852042317390442
0,baum,250,non_oz_thompson,5.955365419387817
0,baum,250,contested,5.191481709480286
0,baum,251,train,3.965824507176876
0,baum,251,baum,4.265609920024872
0,baum,251,thompson,5.578323602676392
0,baum,251,dickens,6.212859630584717
0,baum,251,melville,6.48630553483963
0,baum,251,wells,6.333621660868327
0,baum,251,austen,6.5067784786224365
0,baum,251,fitzgerald,6.364915529886882
0,baum,251,twain,5.8786412080128985
0,baum,251,non_oz_baum,4.858263254165649
0,baum,251,non_oz_thompson,5.964547634124756
0,baum,251,contested,5.200060129165649
0,baum,252,train,3.960933059453964
0,baum,252,baum,4.276796221733093
0,baum,252,thompson,5.569722294807434
0,baum,252,dickens,6.202821254730225
0,baum,252,melville,6.478384435176849
0,baum,252,wells,6.32736078898112
0,baum,252,austen,6.496064186096191
0,baum,252,fitzgerald,6.361676692962647
0,baum,252,twain,5.872117439905803
0,baum,252,non_oz_baum,4.853093981742859
0,baum,252,non_oz_thompson,5.953640222549439
0,baum,252,contested,5.195979356765747
0,baum,253,train,3.9644252583384514
0,baum,253,baum,4.271643280982971
0,baum,253,thompson,5.581559062004089
0,baum,253,dickens,6.22054934501648
0,baum,253,melville,6.48446136713028
0,baum,253,wells,6.353220621744792
0,baum,253,austen,6.521140575408936
0,baum,253,fitzgerald,6.352347691853841
0,baum,253,twain,5.86527689297994
0,baum,253,non_oz_baum,4.850977182388306
0,baum,253,non_oz_thompson,5.962822914123535
0,baum,253,contested,5.19029974937439
0,baum,254,train,3.958481214940548
0,baum,254,baum,4.26098507642746
0,baum,254,thompson,5.569708347320557
0,baum,254,dickens,6.210246046384175
0,baum,254,melville,6.483144819736481
0,baum,254,wells,6.334713935852051
0,baum,254,austen,6.501807451248169
0,baum,254,fitzgerald,6.363546424441868
0,baum,254,twain,5.86635955174764
0,baum,254,non_oz_baum,4.847153067588806
0,baum,254,non_oz_thompson,5.956469774246216
0,baum,254,contested,5.187365651130676
0,baum,255,train,3.9389093667268753
0,baum,255,baum,4.2652323842048645
0,baum,255,thompson,5.579518795013428
0,baum,255,dickens,6.208333690961202
0,baum,255,melville,6.488961338996887
0,baum,255,wells,6.337386131286621
0,baum,255,austen,6.5095374584198
0,baum,255,fitzgerald,6.363710721333821
0,baum,255,twain,5.871228456497192
0,baum,255,non_oz_baum,4.8505024909973145
0,baum,255,non_oz_thompson,5.967023611068726
0,baum,255,contested,5.191894292831421
0,baum,256,train,3.935437597334385
0,baum,256,baum,4.268892228603363
0,baum,256,thompson,5.575543522834778
0,baum,256,dickens,6.206823110580444
0,baum,256,melville,6.478583097457886
0,baum,256,wells,6.335430939992269
0,baum,256,austen,6.493247270584106
0,baum,256,fitzgerald,6.356851895650228
0,baum,256,twain,5.864850362141927
0,baum,256,non_oz_baum,4.846464395523071
0,baum,256,non_oz_thompson,5.95744514465332
0,baum,256,contested,5.1916738748550415
0,baum,257,train,3.936121992766857
0,baum,257,baum,4.259119093418121
0,baum,257,thompson,5.57893693447113
0,baum,257,dickens,6.21374785900116
0,baum,257,melville,6.473698556423187
0,baum,257,wells,6.346246878306071
0,baum,257,austen,6.502254486083984
0,baum,257,fitzgerald,6.358365164862739
0,baum,257,twain,5.867340882619222
0,baum,257,non_oz_baum,4.845512628555298
0,baum,257,non_oz_thompson,5.956201076507568
0,baum,257,contested,5.187905788421631
0,baum,258,train,3.936070278286934
0,baum,258,baum,4.259901762008667
0,baum,258,thompson,5.575889348983765
0,baum,258,dickens,6.20506227016449
0,baum,258,melville,6.472263932228088
0,baum,258,wells,6.325072447458903
0,baum,258,austen,6.498643159866333
0,baum,258,fitzgerald,6.342001438140869
0,baum,258,twain,5.858080148696899
0,baum,258,non_oz_baum,4.842843532562256
0,baum,258,non_oz_thompson,5.957709789276123
0,baum,258,contested,5.185839295387268
0,baum,259,train,3.934160061180592
0,baum,259,baum,4.26017564535141
0,baum,259,thompson,5.575192928314209
0,baum,259,dickens,6.218419551849365
0,baum,259,melville,6.479907870292664
0,baum,259,wells,6.336558977762858
0,baum,259,austen,6.50132417678833
0,baum,259,fitzgerald,6.345078786214192
0,baum,259,twain,5.861994345982869
0,baum,259,non_oz_baum,4.844401478767395
0,baum,259,non_oz_thompson,5.962819814682007
0,baum,259,contested,5.185697078704834
0,baum,260,train,3.9523535445332527
0,baum,260,baum,4.255617558956146
0,baum,260,thompson,5.584633111953735
0,baum,260,dickens,6.22425623734792
0,baum,260,melville,6.492881953716278
0,baum,260,wells,6.362928072611491
0,baum,260,austen,6.524774789810181
0,baum,260,fitzgerald,6.37352810965644
0,baum,260,twain,5.876619338989258
0,baum,260,non_oz_baum,4.8479355573654175
0,baum,260,non_oz_thompson,5.965155601501465
0,baum,260,contested,5.194872260093689
0,baum,261,train,3.937096804380417
0,baum,261,baum,4.23964124917984
0,baum,261,thompson,5.582644104957581
0,baum,261,dickens,6.233599066734314
0,baum,261,melville,6.4899802803993225
0,baum,261,wells,6.349898179372151
0,baum,261,austen,6.528389692306519
0,baum,261,fitzgerald,6.364749643537733
0,baum,261,twain,5.881194353103638
0,baum,261,non_oz_baum,4.84884512424469
0,baum,261,non_oz_thompson,5.975993871688843
0,baum,261,contested,5.194528818130493
0,baum,262,train,3.917108826339245
0,baum,262,baum,4.245008289813995
0,baum,262,thompson,5.579609155654907
0,baum,262,dickens,6.241233944892883
0,baum,262,melville,6.493738532066345
0,baum,262,wells,6.359512805938721
0,baum,262,austen,6.521348714828491
0,baum,262,fitzgerald,6.366175651550293
0,baum,262,twain,5.881105899810791
0,baum,262,non_oz_baum,4.848189949989319
0,baum,262,non_oz_thompson,5.974343061447144
0,baum,262,contested,5.19519567489624
0,baum,263,train,3.921614207327366
0,baum,263,baum,4.253069519996643
0,baum,263,thompson,5.569272518157959
0,baum,263,dickens,6.214981158574422
0,baum,263,melville,6.466106057167053
0,baum,263,wells,6.329741636912028
0,baum,263,austen,6.49770450592041
0,baum,263,fitzgerald,6.352612495422363
0,baum,263,twain,5.861916780471802
0,baum,263,non_oz_baum,4.840863347053528
0,baum,263,non_oz_thompson,5.968700647354126
0,baum,263,contested,5.1863322257995605
0,baum,264,train,3.911915525794029
0,baum,264,baum,4.245445489883423
0,baum,264,thompson,5.578450322151184
0,baum,264,dickens,6.223852276802063
0,baum,264,melville,6.493695259094238
0,baum,264,wells,6.348028024037679
0,baum,264,austen,6.516873836517334
0,baum,264,fitzgerald,6.369951566060384
0,baum,264,twain,5.88496994972229
0,baum,264,non_oz_baum,4.848151803016663
0,baum,264,non_oz_thompson,5.969377279281616
0,baum,264,contested,5.197739839553833
0,baum,265,train,3.922197997570038
0,baum,265,baum,4.240427553653717
0,baum,265,thompson,5.580636143684387
0,baum,265,dickens,6.235112428665161
0,baum,265,melville,6.488000214099884
0,baum,265,wells,6.354261080423991
0,baum,265,austen,6.518092393875122
0,baum,265,fitzgerald,6.357858975728353
0,baum,265,twain,5.8722357749938965
0,baum,265,non_oz_baum,4.843106746673584
0,baum,265,non_oz_thompson,5.969040870666504
0,baum,265,contested,5.185127258300781
0,baum,266,train,3.913508631289005
0,baum,266,baum,4.222671985626221
0,baum,266,thompson,5.590604424476624
0,baum,266,dickens,6.239788333574931
0,baum,266,melville,6.498832166194916
0,baum,266,wells,6.357061862945557
0,baum,266,austen,6.519159555435181
0,baum,266,fitzgerald,6.382131258646647
0,baum,266,twain,5.885990381240845
0,baum,266,non_oz_baum,4.847873687744141
0,baum,266,non_oz_thompson,5.978444576263428
0,baum,266,contested,5.201442241668701
0,baum,267,train,3.921672523021698
0,baum,267,baum,4.237418532371521
0,baum,267,thompson,5.5859997272491455
0,baum,267,dickens,6.228721658388774
0,baum,267,melville,6.493729770183563
0,baum,267,wells,6.3477783203125
0,baum,267,austen,6.514642953872681
0,baum,267,fitzgerald,6.379319296942817
0,baum,267,twain,5.881555080413818
0,baum,267,non_oz_baum,4.850205063819885
0,baum,267,non_oz_thompson,5.963928937911987
0,baum,267,contested,5.1975202560424805
0,baum,268,train,3.911585941910744
0,baum,268,baum,4.233099699020386
0,baum,268,thompson,5.59163773059845
0,baum,268,dickens,6.247601310412089
0,baum,268,melville,6.518413782119751
0,baum,268,wells,6.370340983072917
0,baum,268,austen,6.537034273147583
0,baum,268,fitzgerald,6.390899552239312
0,baum,268,twain,5.8975560665130615
0,baum,268,non_oz_baum,4.848266839981079
0,baum,268,non_oz_thompson,5.97573184967041
0,baum,268,contested,5.201517581939697
0,baum,269,train,3.89726260304451
0,baum,269,baum,4.233230292797089
0,baum,269,thompson,5.581632971763611
0,baum,269,dickens,6.233195821444194
0,baum,269,melville,6.504405856132507
0,baum,269,wells,6.345174312591553
0,baum,269,austen,6.517535448074341
0,baum,269,fitzgerald,6.379896640777588
0,baum,269,twain,5.886022408803304
0,baum,269,non_oz_baum,4.845927119255066
0,baum,269,non_oz_thompson,5.967142105102539
0,baum,269,contested,5.19413685798645
0,baum,270,train,3.90178981423378
0,baum,270,baum,4.217216312885284
0,baum,270,thompson,5.571871876716614
0,baum,270,dickens,6.225089907646179
0,baum,270,melville,6.47823178768158
0,baum,270,wells,6.338252544403076
0,baum,270,austen,6.501230001449585
0,baum,270,fitzgerald,6.364922629462348
0,baum,270,twain,5.877029498418172
0,baum,270,non_oz_baum,4.838159084320068
0,baum,270,non_oz_thompson,5.959515571594238
0,baum,270,contested,5.181059122085571
0,baum,271,train,3.917185425758362
0,baum,271,baum,4.211000382900238
0,baum,271,thompson,5.58150053024292
0,baum,271,dickens,6.241231362024943
0,baum,271,melville,6.50388640165329
0,baum,271,wells,6.353679021199544
0,baum,271,austen,6.522402048110962
0,baum,271,fitzgerald,6.384893947177464
0,baum,271,twain,5.891117572784424
0,baum,271,non_oz_baum,4.839399337768555
0,baum,271,non_oz_thompson,5.9668073654174805
0,baum,271,contested,5.196477174758911
0,baum,272,train,3.8966330736875534
0,baum,272,baum,4.207975625991821
0,baum,272,thompson,5.57765007019043
0,baum,272,dickens,6.225056966145833
0,baum,272,melville,6.500930190086365
0,baum,272,wells,6.336455186208089
0,baum,272,austen,6.5065624713897705
0,baum,272,fitzgerald,6.390737109714085
0,baum,272,twain,5.890364170074463
0,baum,272,non_oz_baum,4.841532349586487
0,baum,272,non_oz_thompson,5.962498188018799
0,baum,272,contested,5.192277550697327
0,baum,273,train,3.891731515526772
0,baum,273,baum,4.206083178520203
0,baum,273,thompson,5.6009968519210815
0,baum,273,dickens,6.266691525777181
0,baum,273,melville,6.509567260742188
0,baum,273,wells,6.3846720059712725
0,baum,273,austen,6.539003133773804
0,baum,273,fitzgerald,6.396194616953532
0,baum,273,twain,5.895720561345418
0,baum,273,non_oz_baum,4.847781300544739
0,baum,273,non_oz_thompson,5.981268882751465
0,baum,273,contested,5.202529788017273
0,baum,274,train,3.897892840206623
0,baum,274,baum,4.207417607307434
0,baum,274,thompson,5.586571216583252
0,baum,274,dickens,6.2402263879776
0,baum,274,melville,6.488893687725067
0,baum,274,wells,6.34205436706543
0,baum,274,austen,6.50458288192749
0,baum,274,fitzgerald,6.361386722988552
0,baum,274,twain,5.877965450286865
0,baum,274,non_oz_baum,4.84018874168396
0,baum,274,non_oz_thompson,5.9710533618927
0,baum,274,contested,5.187845706939697
0,baum,275,train,3.883389540016651
0,baum,275,baum,4.1984129548072815
0,baum,275,thompson,5.586303114891052
0,baum,275,dickens,6.246837377548218
0,baum,275,melville,6.516188025474548
0,baum,275,wells,6.361347516377767
0,baum,275,austen,6.536733627319336
0,baum,275,fitzgerald,6.390821615854899
0,baum,275,twain,5.892425934473674
0,baum,275,non_oz_baum,4.845963954925537
0,baum,275,non_oz_thompson,5.97311544418335
0,baum,275,contested,5.200396418571472
0,baum,276,train,3.879596471786499
0,baum,276,baum,4.208080232143402
0,baum,276,thompson,5.579543471336365
0,baum,276,dickens,6.241094668706258
0,baum,276,melville,6.504995822906494
0,baum,276,wells,6.352699438730876
0,baum,276,austen,6.515172004699707
0,baum,276,fitzgerald,6.388486385345459
0,baum,276,twain,5.890636285146077
0,baum,276,non_oz_baum,4.841189503669739
0,baum,276,non_oz_thompson,5.965076923370361
0,baum,276,contested,5.191702008247376
0,baum,277,train,3.8877488151192665
0,baum,277,baum,4.200228750705719
0,baum,277,thompson,5.579630970954895
0,baum,277,dickens,6.237356781959534
0,baum,277,melville,6.506338059902191
0,baum,277,wells,6.346919536590576
0,baum,277,austen,6.519885540008545
0,baum,277,fitzgerald,6.388894928826226
0,baum,277,twain,5.883338212966919
0,baum,277,non_oz_baum,4.835667729377747
0,baum,277,non_oz_thompson,5.970660924911499
0,baum,277,contested,5.190757393836975
0,baum,278,train,3.8798075020313263
0,baum,278,baum,4.19846647977829
0,baum,278,thompson,5.5782790184021
0,baum,278,dickens,6.234786828358968
0,baum,278,melville,6.503611385822296
0,baum,278,wells,6.343783855438232
0,baum,278,austen,6.510974645614624
0,baum,278,fitzgerald,6.389026270972358
0,baum,278,twain,5.889058033625285
0,baum,278,non_oz_baum,4.83615505695343
0,baum,278,non_oz_thompson,5.9698522090911865
0,baum,278,contested,5.190650939941406
0,baum,279,train,3.8820768669247614
0,baum,279,baum,4.19122850894928
0,baum,279,thompson,5.566115021705627
0,baum,279,dickens,6.215242067972819
0,baum,279,melville,6.49402129650116
0,baum,279,wells,6.327382723490397
0,baum,279,austen,6.498960733413696
0,baum,279,fitzgerald,6.389356560177273
0,baum,279,twain,5.882444699605306
0,baum,279,non_oz_baum,4.836928486824036
0,baum,279,non_oz_thompson,5.956091642379761
0,baum,279,contested,5.191236853599548
0,baum,280,train,3.878329373896122
0,baum,280,baum,4.18848317861557
0,baum,280,thompson,5.582038998603821
0,baum,280,dickens,6.248968084653218
0,baum,280,melville,6.521730303764343
0,baum,280,wells,6.352990468343099
0,baum,280,austen,6.530796051025391
0,baum,280,fitzgerald,6.398976908789741
0,baum,280,twain,5.896233081817627
0,baum,280,non_oz_baum,4.8396159410476685
0,baum,280,non_oz_thompson,5.97286057472229
0,baum,280,contested,5.197201728820801
0,baum,281,train,3.870015323162079
0,baum,281,baum,4.1901631355285645
0,baum,281,thompson,5.584966659545898
0,baum,281,dickens,6.25640865166982
0,baum,281,melville,6.517619252204895
0,baum,281,wells,6.371666431427002
0,baum,281,austen,6.543132066726685
0,baum,281,fitzgerald,6.402726650238037
0,baum,281,twain,5.900118033091228
0,baum,281,non_oz_baum,4.841554522514343
0,baum,281,non_oz_thompson,5.971754550933838
0,baum,281,contested,5.198481440544128
0,baum,282,train,3.868407167494297
0,baum,282,baum,4.207879602909088
0,baum,282,thompson,5.574444651603699
0,baum,282,dickens,6.241147677103679
0,baum,282,melville,6.478456020355225
0,baum,282,wells,6.360610485076904
0,baum,282,austen,6.528746604919434
0,baum,282,fitzgerald,6.376239723629421
0,baum,282,twain,5.8697731494903564
0,baum,282,non_oz_baum,4.826036214828491
0,baum,282,non_oz_thompson,5.967962741851807
0,baum,282,contested,5.177134037017822
0,baum,283,train,3.868929632008076
0,baum,283,baum,4.202973127365112
0,baum,283,thompson,5.586176514625549
0,baum,283,dickens,6.248395721117656
0,baum,283,melville,6.514245688915253
0,baum,283,wells,6.3517842292785645
0,baum,283,austen,6.520632266998291
0,baum,283,fitzgerald,6.400996314154731
0,baum,283,twain,5.899945338567098
0,baum,283,non_oz_baum,4.835880160331726
0,baum,283,non_oz_thompson,5.975447416305542
0,baum,283,contested,5.195897102355957
0,baum,284,train,3.851167134940624
0,baum,284,baum,4.176969826221466
0,baum,284,thompson,5.579583287239075
0,baum,284,dickens,6.262595534324646
0,baum,284,melville,6.536132097244263
0,baum,284,wells,6.372646967569987
0,baum,284,austen,6.536040306091309
0,baum,284,fitzgerald,6.42071008682251
0,baum,284,twain,5.911622047424316
0,baum,284,non_oz_baum,4.836588501930237
0,baum,284,non_oz_thompson,5.964761018753052
0,baum,284,contested,5.1964640617370605
0,baum,285,train,3.859773389995098
0,baum,285,baum,4.193571448326111
0,baum,285,thompson,5.57457447052002
0,baum,285,dickens,6.242054462432861
0,baum,285,melville,6.5147417187690735
0,baum,285,wells,6.354843775431315
0,baum,285,austen,6.532110214233398
0,baum,285,fitzgerald,6.3956319491068525
0,baum,285,twain,5.895500262578328
0,baum,285,non_oz_baum,4.82932722568512
0,baum,285,non_oz_thompson,5.962712287902832
0,baum,285,contested,5.186684727668762
0,baum,286,train,3.835412688553333
0,baum,286,baum,4.175034165382385
0,baum,286,thompson,5.581772446632385
0,baum,286,dickens,6.258268157641093
0,baum,286,melville,6.525285363197327
0,baum,286,wells,6.360199133555095
0,baum,286,austen,6.532799959182739
0,baum,286,fitzgerald,6.408392694261339
0,baum,286,twain,5.905484040578206
0,baum,286,non_oz_baum,4.834229707717896
0,baum,286,non_oz_thompson,5.973475694656372
0,baum,286,contested,5.193005323410034
0,baum,287,train,3.8456787690520287
0,baum,287,baum,4.181924700737
0,baum,287,thompson,5.587671875953674
0,baum,287,dickens,6.267524480819702
0,baum,287,melville,6.526860952377319
0,baum,287,wells,6.383425712585449
0,baum,287,austen,6.54830265045166
0,baum,287,fitzgerald,6.4072519938151045
0,baum,287,twain,5.914034207661946
0,baum,287,non_oz_baum,4.845113039016724
0,baum,287,non_oz_thompson,5.989468097686768
0,baum,287,contested,5.201458930969238
0,baum,288,train,3.849107317626476
0,baum,288,baum,4.161779761314392
0,baum,288,thompson,5.581201314926148
0,baum,288,dickens,6.249008615811666
0,baum,288,melville,6.518097996711731
0,baum,288,wells,6.349305152893066
0,baum,288,austen,6.516255617141724
0,baum,288,fitzgerald,6.412725342644586
0,baum,288,twain,5.911677281061809
0,baum,288,non_oz_baum,4.835576415061951
0,baum,288,non_oz_thompson,5.972085237503052
0,baum,288,contested,5.1984440088272095
0,baum,289,train,3.8553656339645386
0,baum,289,baum,4.17315810918808
0,baum,289,thompson,5.571652770042419
0,baum,289,dickens,6.24549400806427
0,baum,289,melville,6.500880479812622
0,baum,289,wells,6.35892915725708
0,baum,289,austen,6.535629034042358
0,baum,289,fitzgerald,6.390874067942302
0,baum,289,twain,5.891877810160319
0,baum,289,non_oz_baum,4.828297019004822
0,baum,289,non_oz_thompson,5.974470853805542
0,baum,289,contested,5.178540110588074
0,baum,290,train,3.85972660779953
0,baum,290,baum,4.179025709629059
0,baum,290,thompson,5.595656871795654
0,baum,290,dickens,6.249552806218465
0,baum,290,melville,6.50609701871872
0,baum,290,wells,6.3536960283915205
0,baum,290,austen,6.515533685684204
0,baum,290,fitzgerald,6.404870563083225
0,baum,290,twain,5.897176504135132
0,baum,290,non_oz_baum,4.830966353416443
0,baum,290,non_oz_thompson,5.979907512664795
0,baum,290,contested,5.191438913345337
0,baum,291,train,3.842378273606301
0,baum,291,baum,4.1837738156318665
0,baum,291,thompson,5.588832497596741
0,baum,291,dickens,6.26758090655009
0,baum,291,melville,6.529316604137421
0,baum,291,wells,6.377549489339192
0,baum,291,austen,6.538050174713135
0,baum,291,fitzgerald,6.420078542497423
0,baum,291,twain,5.911595265070598
0,baum,291,non_oz_baum,4.835574507713318
0,baum,291,non_oz_thompson,5.987181663513184
0,baum,291,contested,5.193850159645081
0,baum,292,train,3.853834569454193
0,baum,292,baum,4.173546850681305
0,baum,292,thompson,5.581618905067444
0,baum,292,dickens,6.257606466611226
0,baum,292,melville,6.5198880434036255
0,baum,292,wells,6.366051991780599
0,baum,292,austen,6.542001247406006
0,baum,292,fitzgerald,6.410390271080865
0,baum,292,twain,5.903764645258586
0,baum,292,non_oz_baum,4.8347166776657104
0,baum,292,non_oz_thompson,5.983560085296631
0,baum,292,contested,5.193501353263855
0,baum,293,train,3.818860575556755
0,baum,293,baum,4.154343366622925
0,baum,293,thompson,5.577302813529968
0,baum,293,dickens,6.266085227330525
0,baum,293,melville,6.530144155025482
0,baum,293,wells,6.364737351735433
0,baum,293,austen,6.539620637893677
0,baum,293,fitzgerald,6.406260066562229
0,baum,293,twain,5.8990638256073
0,baum,293,non_oz_baum,4.830821633338928
0,baum,293,non_oz_thompson,5.983277559280396
0,baum,293,contested,5.188251852989197
0,baum,294,train,3.819733791053295
0,baum,294,baum,4.167442500591278
0,baum,294,thompson,5.596342325210571
0,baum,294,dickens,6.291123151779175
0,baum,294,melville,6.54136198759079
0,baum,294,wells,6.397879123687744
0,baum,294,austen,6.551462888717651
0,baum,294,fitzgerald,6.4276204109191895
0,baum,294,twain,5.9154205322265625
0,baum,294,non_oz_baum,4.839717745780945
0,baum,294,non_oz_thompson,5.992491245269775
0,baum,294,contested,5.198917508125305
0,baum,295,train,3.816177740693092
0,baum,295,baum,4.173410773277283
0,baum,295,thompson,5.608788251876831
0,baum,295,dickens,6.291196862856547
0,baum,295,melville,6.542908728122711
0,baum,295,wells,6.413836161295573
0,baum,295,austen,6.560961484909058
0,baum,295,fitzgerald,6.436769856346978
0,baum,295,twain,5.9211710294087725
0,baum,295,non_oz_baum,4.845954775810242
0,baum,295,non_oz_thompson,6.000097036361694
0,baum,295,contested,5.204939007759094
0,baum,296,train,3.826870739459992
0,baum,296,baum,4.150222897529602
0,baum,296,thompson,5.591918706893921
0,baum,296,dickens,6.274351676305135
0,baum,296,melville,6.535917162895203
0,baum,296,wells,6.386708736419678
0,baum,296,austen,6.556909561157227
0,baum,296,fitzgerald,6.428034199608697
0,baum,296,twain,5.911229372024536
0,baum,296,non_oz_baum,4.838432192802429
0,baum,296,non_oz_thompson,5.987037181854248
0,baum,296,contested,5.195714831352234
0,baum,297,train,3.8082071989774704
0,baum,297,baum,4.16083949804306
0,baum,297,thompson,5.597281217575073
0,baum,297,dickens,6.272990783055623
0,baum,297,melville,6.5263636112213135
0,baum,297,wells,6.383956591288249
0,baum,297,austen,6.55367112159729
0,baum,297,fitzgerald,6.411872651841906
0,baum,297,twain,5.901251792907715
0,baum,297,non_oz_baum,4.828863143920898
0,baum,297,non_oz_thompson,5.98325777053833
0,baum,297,contested,5.193487882614136
0,baum,298,train,3.8201560601592064
0,baum,298,baum,4.154801726341248
0,baum,298,thompson,5.58923602104187
0,baum,298,dickens,6.25965662797292
0,baum,298,melville,6.5176922082901
0,baum,298,wells,6.364967505137126
0,baum,298,austen,6.522413492202759
0,baum,298,fitzgerald,6.410381899939643
0,baum,298,twain,5.909387747446696
0,baum,298,non_oz_baum,4.835221171379089
0,baum,298,non_oz_thompson,5.984282493591309
0,baum,298,contested,5.191462159156799
0,baum,299,train,3.8035155534744254
0,baum,299,baum,4.142704725265503
0,baum,299,thompson,5.59061861038208
0,baum,299,dickens,6.271051208178203
0,baum,299,melville,6.531836688518524
0,baum,299,wells,6.375206152598064
0,baum,299,austen,6.543864488601685
0,baum,299,fitzgerald,6.437659051683214
0,baum,299,twain,5.920171658198039
0,baum,299,non_oz_baum,4.837897181510925
0,baum,299,non_oz_thompson,5.989611625671387
0,baum,299,contested,5.200324773788452
0,baum,300,train,3.830985940992832
0,baum,300,baum,4.146405756473541
0,baum,300,thompson,5.5903000831604
0,baum,300,dickens,6.270949125289917
0,baum,300,melville,6.511530697345734
0,baum,300,wells,6.374381065368652
0,baum,300,austen,6.544540643692017
0,baum,300,fitzgerald,6.405010488298204
0,baum,300,twain,5.892451365788777
0,baum,300,non_oz_baum,4.823257923126221
0,baum,300,non_oz_thompson,5.97989296913147
0,baum,300,contested,5.190005660057068
0,baum,301,train,3.816408261656761
0,baum,301,baum,4.156449496746063
0,baum,301,thompson,5.597603917121887
0,baum,301,dickens,6.269433816274007
0,baum,301,melville,6.519396126270294
0,baum,301,wells,6.374703725179036
0,baum,301,austen,6.548885583877564
0,baum,301,fitzgerald,6.407249980502659
0,baum,301,twain,5.906052350997925
0,baum,301,non_oz_baum,4.83009672164917
0,baum,301,non_oz_thompson,5.990938425064087
0,baum,301,contested,5.192830801010132
0,baum,302,train,3.8024768233299255
0,baum,302,baum,4.138318181037903
0,baum,302,thompson,5.597997784614563
0,baum,302,dickens,6.281118869781494
0,baum,302,melville,6.533074378967285
0,baum,302,wells,6.4023543993632
0,baum,302,austen,6.5589759349823
0,baum,302,fitzgerald,6.4273133807712135
0,baum,302,twain,5.908636569976807
0,baum,302,non_oz_baum,4.830928564071655
0,baum,302,non_oz_thompson,5.990975856781006
0,baum,302,contested,5.196362376213074
0,baum,303,train,3.7982337474823
0,baum,303,baum,4.136422336101532
0,baum,303,thompson,5.599768877029419
0,baum,303,dickens,6.278475999832153
0,baum,303,melville,6.539410829544067
0,baum,303,wells,6.401171843210856
0,baum,303,austen,6.563204050064087
0,baum,303,fitzgerald,6.4407806396484375
0,baum,303,twain,5.920468966166179
0,baum,303,non_oz_baum,4.837865948677063
0,baum,303,non_oz_thompson,5.989990949630737
0,baum,303,contested,5.201184749603272
0,baum,304,train,3.808641128242016
0,baum,304,baum,4.14041930437088
0,baum,304,thompson,5.593994736671448
0,baum,304,dickens,6.282522360483806
0,baum,304,melville,6.545215845108032
0,baum,304,wells,6.391154607137044
0,baum,304,austen,6.563652992248535
0,baum,304,fitzgerald,6.421279271443685
0,baum,304,twain,5.911806424458821
0,baum,304,non_oz_baum,4.828421235084534
0,baum,304,non_oz_thompson,5.986685752868652
0,baum,304,contested,5.192424774169922
0,baum,305,train,3.7920131161808968
0,baum,305,baum,4.1401020884513855
0,baum,305,thompson,5.607332825660706
0,baum,305,dickens,6.299267808596293
0,baum,305,melville,6.563013851642609
0,baum,305,wells,6.405832767486572
0,baum,305,austen,6.574217796325684
0,baum,305,fitzgerald,6.452896383073595
0,baum,305,twain,5.931907971700032
0,baum,305,non_oz_baum,4.840750694274902
0,baum,305,non_oz_thompson,6.0001749992370605
0,baum,305,contested,5.203254699707031
0,baum,306,train,3.794159114360809
0,baum,306,baum,4.1339558362960815
0,baum,306,thompson,5.602816581726074
0,baum,306,dickens,6.312327583630879
0,baum,306,melville,6.556964039802551
0,baum,306,wells,6.41323184967041
0,baum,306,austen,6.586224317550659
0,baum,306,fitzgerald,6.445615556504992
0,baum,306,twain,5.919749657313029
0,baum,306,non_oz_baum,4.831544637680054
0,baum,306,non_oz_thompson,6.001098394393921
0,baum,306,contested,5.200104832649231
0,baum,307,train,3.786354996263981
0,baum,307,baum,4.129512846469879
0,baum,307,thompson,5.596423506736755
0,baum,307,dickens,6.28808840115865
0,baum,307,melville,6.523148953914642
0,baum,307,wells,6.403121789296468
0,baum,307,austen,6.5629754066467285
0,baum,307,fitzgerald,6.424671861860487
0,baum,307,twain,5.905457337697347
0,baum,307,non_oz_baum,4.823147773742676
0,baum,307,non_oz_thompson,5.993911981582642
0,baum,307,contested,5.193586826324463
0,baum,308,train,3.789558559656143
0,baum,308,baum,4.137919366359711
0,baum,308,thompson,5.603822112083435
0,baum,308,dickens,6.288941621780396
0,baum,308,melville,6.537514686584473
0,baum,308,wells,6.403590838114421
0,baum,308,austen,6.5698301792144775
0,baum,308,fitzgerald,6.425106843312581
0,baum,308,twain,5.9044779141743975
0,baum,308,non_oz_baum,4.82736337184906
0,baum,308,non_oz_thompson,5.991097688674927
0,baum,308,contested,5.194944262504578
0,baum,309,train,3.797605149447918
0,baum,309,baum,4.105577647686005
0,baum,309,thompson,5.597906589508057
0,baum,309,dickens,6.294166366259257
0,baum,309,melville,6.550771653652191
0,baum,309,wells,6.397384802500407
0,baum,309,austen,6.576138496398926
0,baum,309,fitzgerald,6.438747141096327
0,baum,309,twain,5.922247012456258
0,baum,309,non_oz_baum,4.834122657775879
0,baum,309,non_oz_thompson,5.995884418487549
0,baum,309,contested,5.197346925735474
0,baum,310,train,3.785657100379467
0,baum,310,baum,4.106397092342377
0,baum,310,thompson,5.600263476371765
0,baum,310,dickens,6.289506395657857
0,baum,310,melville,6.527193963527679
0,baum,310,wells,6.396193981170654
0,baum,310,austen,6.569674730300903
0,baum,310,fitzgerald,6.441772513919407
0,baum,310,twain,5.920837084452312
0,baum,310,non_oz_baum,4.829191327095032
0,baum,310,non_oz_thompson,5.987418174743652
0,baum,310,contested,5.199358344078064
0,baum,311,train,3.786644026637077
0,baum,311,baum,4.118747532367706
0,baum,311,thompson,5.607356429100037
0,baum,311,dickens,6.304153323173523
0,baum,311,melville,6.551384508609772
0,baum,311,wells,6.411609331766765
0,baum,311,austen,6.584327220916748
0,baum,311,fitzgerald,6.441480583614773
0,baum,311,twain,5.917102495829265
0,baum,311,non_oz_baum,4.830321550369263
0,baum,311,non_oz_thompson,6.008093595504761
0,baum,311,contested,5.199700832366943
0,baum,312,train,3.781017109751701
0,baum,312,baum,4.098471403121948
0,baum,312,thompson,5.607772946357727
0,baum,312,dickens,6.304035425186157
0,baum,312,melville,6.547259628772736
0,baum,312,wells,6.402544657389323
0,baum,312,austen,6.582297325134277
0,baum,312,fitzgerald,6.436686780717638
0,baum,312,twain,5.920519908269246
0,baum,312,non_oz_baum,4.826624393463135
0,baum,312,non_oz_thompson,6.003992319107056
0,baum,312,contested,5.199772477149963
0,baum,313,train,3.7747693806886673
0,baum,313,baum,4.101065456867218
0,baum,313,thompson,5.611533522605896
0,baum,313,dickens,6.306454698244731
0,baum,313,melville,6.566510319709778
0,baum,313,wells,6.4089789390563965
0,baum,313,austen,6.587811470031738
0,baum,313,fitzgerald,6.459502855936687
0,baum,313,twain,5.927110910415649
0,baum,313,non_oz_baum,4.8311930894851685
0,baum,313,non_oz_thompson,5.996855020523071
0,baum,313,contested,5.210909008979797
0,baum,314,train,3.790264323353768
0,baum,314,baum,4.106378734111786
0,baum,314,thompson,5.615503430366516
0,baum,314,dickens,6.304964264233907
0,baum,314,melville,6.5647189021110535
0,baum,314,wells,6.395178476969401
0,baum,314,austen,6.573510885238648
0,baum,314,fitzgerald,6.468242062462701
0,baum,314,twain,5.940701405207316
0,baum,314,non_oz_baum,4.836263179779053
0,baum,314,non_oz_thompson,6.005735635757446
0,baum,314,contested,5.209510684013367
0,baum,315,train,3.757324680685997
0,baum,315,baum,4.106903374195099
0,baum,315,thompson,5.608977317810059
0,baum,315,dickens,6.309372742970784
0,baum,315,melville,6.555440902709961
0,baum,315,wells,6.4098711013793945
0,baum,315,austen,6.592580556869507
0,baum,315,fitzgerald,6.463237815433079
0,baum,315,twain,5.934017181396484
0,baum,315,non_oz_baum,4.8388718366622925
0,baum,315,non_oz_thompson,5.995876312255859
0,baum,315,contested,5.208282470703125
0,baum,316,train,3.777881808578968
0,baum,316,baum,4.099805772304535
0,baum,316,thompson,5.614258289337158
0,baum,316,dickens,6.3199310302734375
0,baum,316,melville,6.579515278339386
0,baum,316,wells,6.420584360758464
0,baum,316,austen,6.607394218444824
0,baum,316,fitzgerald,6.456429269578722
0,baum,316,twain,5.939217885335286
0,baum,316,non_oz_baum,4.835394382476807
0,baum,316,non_oz_thompson,6.010872840881348
0,baum,316,contested,5.206039667129517
0,baum,317,train,3.765132293105125
0,baum,317,baum,4.101700782775879
0,baum,317,thompson,5.617291450500488
0,baum,317,dickens,6.32327663898468
0,baum,317,melville,6.590977311134338
0,baum,317,wells,6.436103343963623
0,baum,317,austen,6.612773656845093
0,baum,317,fitzgerald,6.472117053137885
0,baum,317,twain,5.940705855687459
0,baum,317,non_oz_baum,4.836755871772766
0,baum,317,non_oz_thompson,6.01363205909729
0,baum,317,contested,5.2136640548706055
0,baum,318,train,3.759598463773728
0,baum,318,baum,4.105631530284882
0,baum,318,thompson,5.615718841552734
0,baum,318,dickens,6.306993007659912
0,baum,318,melville,6.577547311782837
0,baum,318,wells,6.413822174072266
0,baum,318,austen,6.575632810592651
0,baum,318,fitzgerald,6.474713166554769
0,baum,318,twain,5.940151294072469
0,baum,318,non_oz_baum,4.835474491119385
0,baum,318,non_oz_thompson,6.00312614440918
0,baum,318,contested,5.212042570114136
0,baum,319,train,3.775728739798069
0,baum,319,baum,4.100001037120819
0,baum,319,thompson,5.615216851234436
0,baum,319,dickens,6.320713996887207
0,baum,319,melville,6.559814453125
0,baum,319,wells,6.427719434102376
0,baum,319,austen,6.600958585739136
0,baum,319,fitzgerald,6.458992640177409
0,baum,319,twain,5.938600937525432
0,baum,319,non_oz_baum,4.836231589317322
0,baum,319,non_oz_thompson,6.013960361480713
0,baum,319,contested,5.209005117416382
0,baum,320,train,3.7593829706311226
0,baum,320,baum,4.094395458698273
0,baum,320,thompson,5.62233030796051
0,baum,320,dickens,6.325802445411682
0,baum,320,melville,6.589885354042053
0,baum,320,wells,6.427147229512532
0,baum,320,austen,6.593528509140015
0,baum,320,fitzgerald,6.473851627773708
0,baum,320,twain,5.94964321454366
0,baum,320,non_oz_baum,4.83568811416626
0,baum,320,non_oz_thompson,6.019609451293945
0,baum,320,contested,5.213513851165772
0,baum,321,train,3.7571631148457527
0,baum,321,baum,4.102423965930939
0,baum,321,thompson,5.609661221504211
0,baum,321,dickens,6.3237044016520185
0,baum,321,melville,6.559324681758881
0,baum,321,wells,6.432710329691569
0,baum,321,austen,6.611474990844727
0,baum,321,fitzgerald,6.464877234564887
0,baum,321,twain,5.93278710047404
0,baum,321,non_oz_baum,4.831467866897583
0,baum,321,non_oz_thompson,6.0056915283203125
0,baum,321,contested,5.20614492893219
0,baum,322,train,3.7390530556440353
0,baum,322,baum,4.100338816642761
0,baum,322,thompson,5.618067502975464
0,baum,322,dickens,6.329816977183024
0,baum,322,melville,6.601121485233307
0,baum,322,wells,6.426704406738281
0,baum,322,austen,6.632222890853882
0,baum,322,fitzgerald,6.476488749186198
0,baum,322,twain,5.947165330251058
0,baum,322,non_oz_baum,4.839223265647888
0,baum,322,non_oz_thompson,6.019718408584595
0,baum,322,contested,5.214778780937195
0,baum,323,train,3.750682592391968
0,baum,323,baum,4.08420467376709
0,baum,323,thompson,5.622623682022095
0,baum,323,dickens,6.331494847933452
0,baum,323,melville,6.611197113990784
0,baum,323,wells,6.432308514912923
0,baum,323,austen,6.619603395462036
0,baum,323,fitzgerald,6.506228976779514
0,baum,323,twain,5.976999839146932
0,baum,323,non_oz_baum,4.851166129112244
0,baum,323,non_oz_thompson,6.024770021438599
0,baum,323,contested,5.223316192626953
0,baum,324,train,3.743197306990624
0,baum,324,baum,4.085501909255981
0,baum,324,thompson,5.625659346580505
0,baum,324,dickens,6.321511546770732
0,baum,324,melville,6.565418362617493
0,baum,324,wells,6.420248985290527
0,baum,324,austen,6.594775438308716
0,baum,324,fitzgerald,6.475511285993788
0,baum,324,twain,5.954558849334717
0,baum,324,non_oz_baum,4.847110152244568
0,baum,324,non_oz_thompson,6.028839111328125
0,baum,324,contested,5.220341444015503
0,baum,325,train,3.757162995636463
0,baum,325,baum,4.074661910533905
0,baum,325,thompson,5.60320770740509
0,baum,325,dickens,6.288080255190532
0,baum,325,melville,6.540331959724426
0,baum,325,wells,6.3979818026224775
0,baum,325,austen,6.5577356815338135
0,baum,325,fitzgerald,6.467076513502333
0,baum,325,twain,5.931240479151408
0,baum,325,non_oz_baum,4.8226224184036255
0,baum,325,non_oz_thompson,6.009165525436401
0,baum,325,contested,5.203651785850525
0,baum,326,train,3.752420760691166
0,baum,326,baum,4.083691418170929
0,baum,326,thompson,5.622298002243042
0,baum,326,dickens,6.316583514213562
0,baum,326,melville,6.583569705486298
0,baum,326,wells,6.431490580240886
0,baum,326,austen,6.576056480407715
0,baum,326,fitzgerald,6.489229520161946
0,baum,326,twain,5.962881962458293
0,baum,326,non_oz_baum,4.846409320831299
0,baum,326,non_oz_thompson,6.022282361984253
0,baum,326,contested,5.217748403549194
0,baum,327,train,3.714986093342304
0,baum,327,baum,4.082280158996582
0,baum,327,thompson,5.634352445602417
0,baum,327,dickens,6.3349049886067705
0,baum,327,melville,6.591906905174255
0,baum,327,wells,6.4431718190511065
0,baum,327,austen,6.619202375411987
0,baum,327,fitzgerald,6.491905742221409
0,baum,327,twain,5.957088152567546
0,baum,327,non_oz_baum,4.843124628067017
0,baum,327,non_oz_thompson,6.027618408203125
0,baum,327,contested,5.216539144515991
0,baum,328,train,3.730542458593845
0,baum,328,baum,4.088557004928589
0,baum,328,thompson,5.632978677749634
0,baum,328,dickens,6.350908239682515
0,baum,328,melville,6.6189128160476685
0,baum,328,wells,6.459983825683594
0,baum,328,austen,6.625635862350464
0,baum,328,fitzgerald,6.501521534389919
0,baum,328,twain,5.97412125269572
0,baum,328,non_oz_baum,4.850021600723267
0,baum,328,non_oz_thompson,6.03078293800354
0,baum,328,contested,5.226256966590881
0,baum,329,train,3.738501153886318
0,baum,329,baum,4.093412041664124
0,baum,329,thompson,5.626581788063049
0,baum,329,dickens,6.344354430834453
0,baum,329,melville,6.596940517425537
0,baum,329,wells,6.465346018473308
0,baum,329,austen,6.607287168502808
0,baum,329,fitzgerald,6.494969844818115
0,baum,329,twain,5.963726758956909
0,baum,329,non_oz_baum,4.843264102935791
0,baum,329,non_oz_thompson,6.0399205684661865
0,baum,329,contested,5.218553066253662
0,baum,330,train,3.726468302309513
0,baum,330,baum,4.084461867809296
0,baum,330,thompson,5.639850974082947
0,baum,330,dickens,6.35179607073466
0,baum,330,melville,6.607895374298096
0,baum,330,wells,6.473016262054443
0,baum,330,austen,6.603551387786865
0,baum,330,fitzgerald,6.525005764431423
0,baum,330,twain,5.984903891881307
0,baum,330,non_oz_baum,4.855455994606018
0,baum,330,non_oz_thompson,6.04474139213562
0,baum,330,contested,5.23254930973053
0,baum,331,train,3.737716384232044
0,baum,331,baum,4.073387384414673
0,baum,331,thompson,5.6374722719192505
0,baum,331,dickens,6.350350936253865
0,baum,331,melville,6.601477384567261
0,baum,331,wells,6.460510889689128
0,baum,331,austen,6.6080358028411865
0,baum,331,fitzgerald,6.5111440022786455
0,baum,331,twain,5.974238634109497
0,baum,331,non_oz_baum,4.8478275537490845
0,baum,331,non_oz_thompson,6.03793215751648
0,baum,331,contested,5.2362120151519775
0,baum,332,train,3.719536148011685
0,baum,332,baum,4.077365398406982
0,baum,332,thompson,5.646486520767212
0,baum,332,dickens,6.358941157658895
0,baum,332,melville,6.635543346405029
0,baum,332,wells,6.479729970296224
0,baum,332,austen,6.643980741500855
0,baum,332,fitzgerald,6.523968272738987
0,baum,332,twain,5.99379022916158
0,baum,332,non_oz_baum,4.858186602592468
0,baum,332,non_oz_thompson,6.046407222747803
0,baum,332,contested,5.23540735244751
0,baum,333,train,3.713875025510788
0,baum,333,baum,4.071116626262665
0,baum,333,thompson,5.635347604751587
0,baum,333,dickens,6.354220310846965
0,baum,333,melville,6.611183822154999
0,baum,333,wells,6.4602382977803545
0,baum,333,austen,6.636008024215698
0,baum,333,fitzgerald,6.511669158935547
0,baum,333,twain,5.9746326605478925
0,baum,333,non_oz_baum,4.844023585319519
0,baum,333,non_oz_thompson,6.034590482711792
0,baum,333,contested,5.232883930206299
0,baum,334,train,3.718321435153484
0,baum,334,baum,4.075337111949921
0,baum,334,thompson,5.638876557350159
0,baum,334,dickens,6.359760363896688
0,baum,334,melville,6.612938225269318
0,baum,334,wells,6.469838460286458
0,baum,334,austen,6.634959936141968
0,baum,334,fitzgerald,6.519154707590739
0,baum,334,twain,5.983233292897542
0,baum,334,non_oz_baum,4.863400340080261
0,baum,334,non_oz_thompson,6.04460597038269
0,baum,334,contested,5.236343741416931
0,baum,335,train,3.714925147593021
0,baum,335,baum,4.067099690437317
0,baum,335,thompson,5.617083311080933
0,baum,335,dickens,6.327577312787374
0,baum,335,melville,6.5727943778038025
0,baum,335,wells,6.436050573984782
0,baum,335,austen,6.5880303382873535
0,baum,335,fitzgerald,6.502187252044678
0,baum,335,twain,5.962713082631429
0,baum,335,non_oz_baum,4.841594576835632
0,baum,335,non_oz_thompson,6.022039890289307
0,baum,335,contested,5.219053626060486
0,baum,336,train,3.7168338000774384
0,baum,336,baum,4.074913144111633
0,baum,336,thompson,5.634972095489502
0,baum,336,dickens,6.35466456413269
0,baum,336,melville,6.604941189289093
0,baum,336,wells,6.468983173370361
0,baum,336,austen,6.648319482803345
0,baum,336,fitzgerald,6.50690507888794
0,baum,336,twain,5.974427620569865
0,baum,336,non_oz_baum,4.856030344963074
0,baum,336,non_oz_thompson,6.044113874435425
0,baum,336,contested,5.229776263237
0,baum,337,train,3.720533385872841
0,baum,337,baum,4.055087327957153
0,baum,337,thompson,5.627009272575378
0,baum,337,dickens,6.345786531766255
0,baum,337,melville,6.602428376674652
0,baum,337,wells,6.438915252685547
0,baum,337,austen,6.626081466674805
0,baum,337,fitzgerald,6.502872414059109
0,baum,337,twain,5.964590946833293
0,baum,337,non_oz_baum,4.844750642776489
0,baum,337,non_oz_thompson,6.032294750213623
0,baum,337,contested,5.220809459686279
0,baum,338,train,3.702195391058922
0,baum,338,baum,4.065111935138702
0,baum,338,thompson,5.650757312774658
0,baum,338,dickens,6.370537281036377
0,baum,338,melville,6.64044862985611
0,baum,338,wells,6.4940032958984375
0,baum,338,austen,6.64753532409668
0,baum,338,fitzgerald,6.54390992058648
0,baum,338,twain,6.005374670028687
0,baum,338,non_oz_baum,4.868686199188232
0,baum,338,non_oz_thompson,6.052651882171631
0,baum,338,contested,5.241123199462891
0,baum,339,train,3.714770212769509
0,baum,339,baum,4.060978353023529
0,baum,339,thompson,5.635133266448975
0,baum,339,dickens,6.34823493162791
0,baum,339,melville,6.631619989871979
0,baum,339,wells,6.458678563435872
0,baum,339,austen,6.627196788787842
0,baum,339,fitzgerald,6.533466445075141
0,baum,339,twain,5.994770924250285
0,baum,339,non_oz_baum,4.858787059783936
0,baum,339,non_oz_thompson,6.045912265777588
0,baum,339,contested,5.2307288646698
0,baum,340,train,3.707344494760037
0,baum,340,baum,4.071437835693359
0,baum,340,thompson,5.632532477378845
0,baum,340,dickens,6.345441540082295
0,baum,340,melville,6.598666429519653
0,baum,340,wells,6.458914915720622
0,baum,340,austen,6.633095026016235
0,baum,340,fitzgerald,6.518254809909397
0,baum,340,twain,5.976961533228557
0,baum,340,non_oz_baum,4.848859429359436
0,baum,340,non_oz_thompson,6.036013841629028
0,baum,340,contested,5.232679605484009
0,baum,341,train,3.709088318049908
0,baum,341,baum,4.065219402313232
0,baum,341,thompson,5.644915580749512
0,baum,341,dickens,6.35044280687968
0,baum,341,melville,6.60511314868927
0,baum,341,wells,6.464413007100423
0,baum,341,austen,6.626980066299439
0,baum,341,fitzgerald,6.510914961496989
0,baum,341,twain,5.972987413406372
0,baum,341,non_oz_baum,4.84993314743042
0,baum,341,non_oz_thompson,6.0507025718688965
0,baum,341,contested,5.232711553573608
0,baum,342,train,3.6997730433940887
0,baum,342,baum,4.077321231365204
0,baum,342,thompson,5.64407205581665
0,baum,342,dickens,6.364781141281128
0,baum,342,melville,6.622061669826508
0,baum,342,wells,6.490244388580322
0,baum,342,austen,6.66472053527832
0,baum,342,fitzgerald,6.5238500701056585
0,baum,342,twain,5.97656790415446
0,baum,342,non_oz_baum,4.846973180770874
0,baum,342,non_oz_thompson,6.050282716751099
0,baum,342,contested,5.237083673477173
0,baum,343,train,3.69914797693491
0,baum,343,baum,4.061136186122894
0,baum,343,thompson,5.657656908035278
0,baum,343,dickens,6.3875041007995605
0,baum,343,melville,6.637210786342621
0,baum,343,wells,6.50015385945638
0,baum,343,austen,6.685023069381714
0,baum,343,fitzgerald,6.563261773851183
0,baum,343,twain,6.00542688369751
0,baum,343,non_oz_baum,4.861931204795837
0,baum,343,non_oz_thompson,6.066744565963745
0,baum,343,contested,5.249515295028687
0,baum,344,train,3.705798707902432
0,baum,344,baum,4.063779830932617
0,baum,344,thompson,5.650907039642334
0,baum,344,dickens,6.374982118606567
0,baum,344,melville,6.632190704345703
0,baum,344,wells,6.485887050628662
0,baum,344,austen,6.678968906402588
0,baum,344,fitzgerald,6.545231819152832
0,baum,344,twain,5.991500775019328
0,baum,344,non_oz_baum,4.867215037345886
0,baum,344,non_oz_thompson,6.055315256118774
0,baum,344,contested,5.247925043106079
0,baum,345,train,3.681829899549484
0,baum,345,baum,4.062740027904511
0,baum,345,thompson,5.650065541267395
0,baum,345,dickens,6.378080765406291
0,baum,345,melville,6.637879967689514
0,baum,345,wells,6.494180043538411
0,baum,345,austen,6.653512954711914
0,baum,345,fitzgerald,6.534805244869656
0,baum,345,twain,5.9973874886830645
0,baum,345,non_oz_baum,4.863096237182617
0,baum,345,non_oz_thompson,6.061905384063721
0,baum,345,contested,5.243246793746948
0,baum,346,train,3.687031581997872
0,baum,346,baum,4.055189669132233
0,baum,346,thompson,5.660154938697815
0,baum,346,dickens,6.389140963554382
0,baum,346,melville,6.615941286087036
0,baum,346,wells,6.509274959564209
0,baum,346,austen,6.658254384994507
0,baum,346,fitzgerald,6.531059318118626
0,baum,346,twain,5.99187699953715
0,baum,346,non_oz_baum,4.867762327194214
0,baum,346,non_oz_thompson,6.073958873748779
0,baum,346,contested,5.243531584739685
0,baum,347,train,3.679848961532116
0,baum,347,baum,4.071856141090393
0,baum,347,thompson,5.661363363265991
0,baum,347,dickens,6.405863444010417
0,baum,347,melville,6.655078291893005
0,baum,347,wells,6.513654867808024
0,baum,347,austen,6.669904708862305
0,baum,347,fitzgerald,6.542078600989448
0,baum,347,twain,6.006980339686076
0,baum,347,non_oz_baum,4.865629196166992
0,baum,347,non_oz_thompson,6.076400518417358
0,baum,347,contested,5.246249914169312
0,baum,348,train,3.681632176041603
0,baum,348,baum,4.0401904582977295
0,baum,348,thompson,5.661139488220215
0,baum,348,dickens,6.386711120605469
0,baum,348,melville,6.663420081138611
0,baum,348,wells,6.501672903696696
0,baum,348,austen,6.667196989059448
0,baum,348,fitzgerald,6.5706071853637695
0,baum,348,twain,6.019412835439046
0,baum,348,non_oz_baum,4.8694740533828735
0,baum,348,non_oz_thompson,6.064101457595825
0,baum,348,contested,5.249082326889038
0,baum,349,train,3.6866196170449257
0,baum,349,baum,4.039196968078613
0,baum,349,thompson,5.660154581069946
0,baum,349,dickens,6.403606613477071
0,baum,349,melville,6.681992650032044
0,baum,349,wells,6.514440695444743
0,baum,349,austen,6.680515766143799
0,baum,349,fitzgerald,6.5813873079088
0,baum,349,twain,6.039451837539673
0,baum,349,non_oz_baum,4.882026791572571
0,baum,349,non_oz_thompson,6.087102890014648
0,baum,349,contested,5.2593770027160645
0,baum,350,train,3.680469952523708
0,baum,350,baum,4.038542628288269
0,baum,350,thompson,5.6705322265625
0,baum,350,dickens,6.399638334910075
0,baum,350,melville,6.638050317764282
0,baum,350,wells,6.512907822926839
0,baum,350,austen,6.649703025817871
0,baum,350,fitzgerald,6.56124046113756
0,baum,350,twain,6.024159113566081
0,baum,350,non_oz_baum,4.881314635276794
0,baum,350,non_oz_thompson,6.082959175109863
0,baum,350,contested,5.259284257888794
0,baum,351,train,3.688968420028688
0,baum,351,baum,4.048994064331055
0,baum,351,thompson,5.684742212295532
0,baum,351,dickens,6.405223766962688
0,baum,351,melville,6.6450212597846985
0,baum,351,wells,6.533253351847331
0,baum,351,austen,6.67076301574707
0,baum,351,fitzgerald,6.583112769656712
0,baum,351,twain,6.023018439610799
0,baum,351,non_oz_baum,4.889920115470886
0,baum,351,non_oz_thompson,6.086910247802734
0,baum,351,contested,5.2759281396865845
0,baum,352,train,3.681233212351799
0,baum,352,baum,4.037870466709137
0,baum,352,thompson,5.66070818901062
0,baum,352,dickens,6.387964844703674
0,baum,352,melville,6.649222016334534
0,baum,352,wells,6.494364261627197
0,baum,352,austen,6.626466751098633
0,baum,352,fitzgerald,6.585377004411486
0,baum,352,twain,6.033434867858887
0,baum,352,non_oz_baum,4.877689957618713
0,baum,352,non_oz_thompson,6.074078559875488
0,baum,352,contested,5.272505402565002
0,baum,353,train,3.674148209393024
0,baum,353,baum,4.0470094084739685
0,baum,353,thompson,5.674144744873047
0,baum,353,dickens,6.400457501411438
0,baum,353,melville,6.636647522449493
0,baum,353,wells,6.507354895273845
0,baum,353,austen,6.651027679443359
0,baum,353,fitzgerald,6.581138239966498
0,baum,353,twain,6.024978160858154
0,baum,353,non_oz_baum,4.884342908859253
0,baum,353,non_oz_thompson,6.089524507522583
0,baum,353,contested,5.271434307098389
0,baum,354,train,3.665947623550892
0,baum,354,baum,4.050972878932953
0,baum,354,thompson,5.6752718687057495
0,baum,354,dickens,6.423785408337911
0,baum,354,melville,6.664235413074493
0,baum,354,wells,6.534400304158528
0,baum,354,austen,6.703438758850098
0,baum,354,fitzgerald,6.585770606994629
0,baum,354,twain,6.025357166926066
0,baum,354,non_oz_baum,4.880671262741089
0,baum,354,non_oz_thompson,6.080160617828369
0,baum,354,contested,5.264609456062317
0,baum,355,train,3.6615385338664055
0,baum,355,baum,4.023707449436188
0,baum,355,thompson,5.659154415130615
0,baum,355,dickens,6.391289869944255
0,baum,355,melville,6.673099279403687
0,baum,355,wells,6.484887599945068
0,baum,355,austen,6.678510904312134
0,baum,355,fitzgerald,6.578952259487576
0,baum,355,twain,6.02741018931071
0,baum,355,non_oz_baum,4.870332837104797
0,baum,355,non_oz_thompson,6.065520524978638
0,baum,355,contested,5.255223035812378
0,baum,356,train,3.670035883784294
0,baum,356,baum,4.037089765071869
0,baum,356,thompson,5.662525057792664
0,baum,356,dickens,6.40268075466156
0,baum,356,melville,6.662130057811737
0,baum,356,wells,6.523332754770915
0,baum,356,austen,6.667214632034302
0,baum,356,fitzgerald,6.581388685438368
0,baum,356,twain,6.020201603571574
0,baum,356,non_oz_baum,4.87580680847168
0,baum,356,non_oz_thompson,6.081015110015869
0,baum,356,contested,5.26526141166687
0,baum,357,train,3.648300647735596
0,baum,357,baum,4.0485082268714905
0,baum,357,thompson,5.695107817649841
0,baum,357,dickens,6.450710455576579
0,baum,357,melville,6.674228131771088
0,baum,357,wells,6.565029621124268
0,baum,357,austen,6.720420598983765
0,baum,357,fitzgerald,6.573587576548259
0,baum,357,twain,6.031420310338338
0,baum,357,non_oz_baum,4.898583889007568
0,baum,357,non_oz_thompson,6.12082839012146
0,baum,357,contested,5.272010564804077
0,baum,358,train,3.6626666337251663
0,baum,358,baum,4.0338335037231445
0,baum,358,thompson,5.677850842475891
0,baum,358,dickens,6.429967840512593
0,baum,358,melville,6.696020066738129
0,baum,358,wells,6.560803254445394
0,baum,358,austen,6.722322225570679
0,baum,358,fitzgerald,6.60675032933553
0,baum,358,twain,6.036365747451782
0,baum,358,non_oz_baum,4.883220314979553
0,baum,358,non_oz_thompson,6.096863746643066
0,baum,358,contested,5.273397326469421
0,baum,359,train,3.666844837367535
0,baum,359,baum,4.018112123012543
0,baum,359,thompson,5.664616823196411
0,baum,359,dickens,6.41862420241038
0,baum,359,melville,6.699609756469727
0,baum,359,wells,6.531154314676921
0,baum,359,austen,6.701615333557129
0,baum,359,fitzgerald,6.597861342959934
0,baum,359,twain,6.036877075831096
0,baum,359,non_oz_baum,4.87937605381012
0,baum,359,non_oz_thompson,6.084080457687378
0,baum,359,contested,5.261484503746033
0,baum,360,train,3.668005637824536
0,baum,360,baum,4.017407178878784
0,baum,360,thompson,5.691998958587647
0,baum,360,dickens,6.455091953277588
0,baum,360,melville,6.735706090927124
0,baum,360,wells,6.557776769002278
0,baum,360,austen,6.746602773666382
0,baum,360,fitzgerald,6.617732206980388
0,baum,360,twain,6.061301549275716
0,baum,360,non_oz_baum,4.888302206993103
0,baum,360,non_oz_thompson,6.098570346832275
0,baum,360,contested,5.270320534706116
0,baum,361,train,3.653715513646602
0,baum,361,baum,4.019824326038361
0,baum,361,thompson,5.705908298492432
0,baum,361,dickens,6.457986831665039
0,baum,361,melville,6.720793008804321
0,baum,361,wells,6.5599799156188965
0,baum,361,austen,6.717982292175293
0,baum,361,fitzgerald,6.650778929392497
0,baum,361,twain,6.082340558369954
0,baum,361,non_oz_baum,4.910117983818054
0,baum,361,non_oz_thompson,6.1109607219696045
0,baum,361,contested,5.29802680015564
0,baum,362,train,3.64897945523262
0,baum,362,baum,4.020911812782288
0,baum,362,thompson,5.70189642906189
0,baum,362,dickens,6.461455901463826
0,baum,362,melville,6.724829077720642
0,baum,362,wells,6.561038812001546
0,baum,362,austen,6.7217161655426025
0,baum,362,fitzgerald,6.645163536071777
0,baum,362,twain,6.081006447474162
0,baum,362,non_oz_baum,4.907658576965332
0,baum,362,non_oz_thompson,6.1151416301727295
0,baum,362,contested,5.29326057434082
0,baum,363,train,3.646537341177464
0,baum,363,baum,4.0185757875442505
0,baum,363,thompson,5.689226984977722
0,baum,363,dickens,6.436328291893005
0,baum,363,melville,6.673859536647797
0,baum,363,wells,6.532726764678955
0,baum,363,austen,6.6959450244903564
0,baum,363,fitzgerald,6.603151692284478
0,baum,363,twain,6.047288417816162
0,baum,363,non_oz_baum,4.896382808685303
0,baum,363,non_oz_thompson,6.10293436050415
0,baum,363,contested,5.277987599372864
0,baum,364,train,3.640270128846169
0,baum,364,baum,4.006614148616791
0,baum,364,thompson,5.678270578384399
0,baum,364,dickens,6.436271031697591
0,baum,364,melville,6.7104412317276
0,baum,364,wells,6.537263075510661
0,baum,364,austen,6.718819379806519
0,baum,364,fitzgerald,6.609349886576335
0,baum,364,twain,6.054565350214641
0,baum,364,non_oz_baum,4.894450306892395
0,baum,364,non_oz_thompson,6.097197532653809
0,baum,364,contested,5.271536827087402
0,baum,365,train,3.658551722764969
0,baum,365,baum,4.022813320159912
0,baum,365,thompson,5.714673757553101
0,baum,365,dickens,6.469417373339335
0,baum,365,melville,6.727307379245758
0,baum,365,wells,6.563072204589844
0,baum,365,austen,6.758297443389893
0,baum,365,fitzgerald,6.635577148861355
0,baum,365,twain,6.086255232493083
0,baum,365,non_oz_baum,4.922053813934326
0,baum,365,non_oz_thompson,6.1146934032440186
0,baum,365,contested,5.297569870948792
0,baum,366,train,3.6417356356978416
0,baum,366,baum,4.009168088436127
0,baum,366,thompson,5.693163514137268
0,baum,366,dickens,6.459865172704061
0,baum,366,melville,6.724069356918335
0,baum,366,wells,6.56512451171875
0,baum,366,austen,6.7148048877716064
0,baum,366,fitzgerald,6.628373357984755
0,baum,366,twain,6.073074102401733
0,baum,366,non_oz_baum,4.896020412445068
0,baum,366,non_oz_thompson,6.109498500823975
0,baum,366,contested,5.279212713241577
0,baum,367,train,3.641795970499516
0,baum,367,baum,4.02506560087204
0,baum,367,thompson,5.69805634021759
0,baum,367,dickens,6.460234045982361
0,baum,367,melville,6.708927750587463
0,baum,367,wells,6.5855793952941895
0,baum,367,austen,6.713052034378052
0,baum,367,fitzgerald,6.623773362901476
0,baum,367,twain,6.07157842318217
0,baum,367,non_oz_baum,4.9075082540512085
0,baum,367,non_oz_thompson,6.11952018737793
0,baum,367,contested,5.292427062988281
0,baum,368,train,3.6417117416858673
0,baum,368,baum,4.020892262458801
0,baum,368,thompson,5.7013840675354
0,baum,368,dickens,6.446827848752339
0,baum,368,melville,6.700188994407654
0,baum,368,wells,6.558255513509114
0,baum,368,austen,6.70087456703186
0,baum,368,fitzgerald,6.633555677202013
0,baum,368,twain,6.067612965901692
0,baum,368,non_oz_baum,4.917398691177368
0,baum,368,non_oz_thompson,6.125733375549316
0,baum,368,contested,5.296993017196655
0,baum,369,train,3.6487859562039375
0,baum,369,baum,4.046461701393127
0,baum,369,thompson,5.739897012710571
0,baum,369,dickens,6.509061098098755
0,baum,369,melville,6.74838399887085
0,baum,369,wells,6.637735366821289
0,baum,369,austen,6.790331602096558
0,baum,369,fitzgerald,6.669124603271484
0,baum,369,twain,6.098710775375366
0,baum,369,non_oz_baum,4.945959806442261
0,baum,369,non_oz_thompson,6.152347803115845
0,baum,369,contested,5.326936364173889
0,baum,370,train,3.626231238245964
0,baum,370,baum,4.022235691547394
0,baum,370,thompson,5.720995187759399
0,baum,370,dickens,6.498073697090149
0,baum,370,melville,6.775005996227264
0,baum,370,wells,6.61114517847697
0,baum,370,austen,6.78633713722229
0,baum,370,fitzgerald,6.677887916564941
0,baum,370,twain,6.112626791000366
0,baum,370,non_oz_baum,4.944390416145325
0,baum,370,non_oz_thompson,6.13235878944397
0,baum,370,contested,5.318179130554199
0,baum,371,train,3.6101854667067528
0,baum,371,baum,4.021426737308502
0,baum,371,thompson,5.717292547225952
0,baum,371,dickens,6.4604598681132
0,baum,371,melville,6.7012752294540405
0,baum,371,wells,6.560457070668538
0,baum,371,austen,6.702951431274414
0,baum,371,fitzgerald,6.651167074839274
0,baum,371,twain,6.08894403775533
0,baum,371,non_oz_baum,4.934832215309143
0,baum,371,non_oz_thompson,6.129018306732178
0,baum,371,contested,5.31799578666687
0,baum,372,train,3.61948186904192
0,baum,372,baum,4.0129552483558655
0,baum,372,thompson,5.7141547203063965
0,baum,372,dickens,6.483362317085266
0,baum,372,melville,6.746887266635895
0,baum,372,wells,6.584217071533203
0,baum,372,austen,6.741684198379517
0,baum,372,fitzgerald,6.664781199561225
0,baum,372,twain,6.101021766662598
0,baum,372,non_oz_baum,4.933282494544983
0,baum,372,non_oz_thompson,6.134908199310303
0,baum,372,contested,5.3102335929870605
0,baum,373,train,3.6324589923024178
0,baum,373,baum,4.010464072227478
0,baum,373,thompson,5.715775847434998
0,baum,373,dickens,6.471685449282329
0,baum,373,melville,6.730132341384888
0,baum,373,wells,6.593587239583333
0,baum,373,austen,6.743481636047363
0,baum,373,fitzgerald,6.664186954498291
0,baum,373,twain,6.08703629175822
0,baum,373,non_oz_baum,4.920178174972534
0,baum,373,non_oz_thompson,6.130770206451416
0,baum,373,contested,5.31437361240387
0,baum,374,train,3.613274194300175
0,baum,374,baum,4.016476213932037
0,baum,374,thompson,5.723239779472351
0,baum,374,dickens,6.484446883201599
0,baum,374,melville,6.761816442012787
0,baum,374,wells,6.60686731338501
0,baum,374,austen,6.754173755645752
0,baum,374,fitzgerald,6.683621247609456
0,baum,374,twain,6.105077346165975
0,baum,374,non_oz_baum,4.941327691078186
0,baum,374,non_oz_thompson,6.140906810760498
0,baum,374,contested,5.320740222930908
0,baum,375,train,3.6198526695370674
0,baum,375,baum,4.021884620189667
0,baum,375,thompson,5.719288110733032
0,baum,375,dickens,6.475457986195882
0,baum,375,melville,6.736276268959045
0,baum,375,wells,6.581694761912028
0,baum,375,austen,6.767479658126831
0,baum,375,fitzgerald,6.657309108310276
0,baum,375,twain,6.088001489639282
0,baum,375,non_oz_baum,4.918690919876099
0,baum,375,non_oz_thompson,6.128104209899902
0,baum,375,contested,5.303691148757935
0,baum,376,train,3.625027947127819
0,baum,376,baum,4.0286905169487
0,baum,376,thompson,5.744515061378479
0,baum,376,dickens,6.503841002782186
0,baum,376,melville,6.759878039360046
0,baum,376,wells,6.621317227681478
0,baum,376,austen,6.751747131347656
0,baum,376,fitzgerald,6.67935233645969
0,baum,376,twain,6.115954637527466
0,baum,376,non_oz_baum,4.944820880889893
0,baum,376,non_oz_thompson,6.156726598739624
0,baum,376,contested,5.334912061691284
0,baum,377,train,3.601290225982666
0,baum,377,baum,4.029155313968658
0,baum,377,thompson,5.754250526428223
0,baum,377,dickens,6.516006509462993
0,baum,377,melville,6.768242299556732
0,baum,377,wells,6.62514082590739
0,baum,377,austen,6.767007827758789
0,baum,377,fitzgerald,6.6801774236891
0,baum,377,twain,6.115285714467366
0,baum,377,non_oz_baum,4.947637915611267
0,baum,377,non_oz_thompson,6.172425270080566
0,baum,377,contested,5.333853721618652
0,baum,378,train,3.613166108727455
0,baum,378,baum,3.99859881401062
0,baum,378,thompson,5.754509091377258
0,baum,378,dickens,6.533336281776428
0,baum,378,melville,6.813438713550568
0,baum,378,wells,6.6377518971761065
0,baum,378,austen,6.834271192550659
0,baum,378,fitzgerald,6.739300515916613
0,baum,378,twain,6.150163014729817
0,baum,378,non_oz_baum,4.95392644405365
0,baum,378,non_oz_thompson,6.156934022903442
0,baum,378,contested,5.346083283424377
0,baum,379,train,3.627453781664372
0,baum,379,baum,4.026377320289612
0,baum,379,thompson,5.720376253128052
0,baum,379,dickens,6.494299252827962
0,baum,379,melville,6.729787826538086
0,baum,379,wells,6.6063995361328125
0,baum,379,austen,6.781187772750855
0,baum,379,fitzgerald,6.659883975982666
0,baum,379,twain,6.082658131917317
0,baum,379,non_oz_baum,4.923556923866272
0,baum,379,non_oz_thompson,6.136316537857056
0,baum,379,contested,5.311046004295349
0,baum,380,train,3.600188359618187
0,baum,380,baum,4.023750424385071
0,baum,380,thompson,5.749166011810303
0,baum,380,dickens,6.520362615585327
0,baum,380,melville,6.759107172489166
0,baum,380,wells,6.612604300181071
0,baum,380,austen,6.800716876983643
0,baum,380,fitzgerald,6.705651548173693
0,baum,380,twain,6.108866453170776
0,baum,380,non_oz_baum,4.946093797683716
0,baum,380,non_oz_thompson,6.158801794052124
0,baum,380,contested,5.335249423980713
0,baum,381,train,3.6082441955804825
0,baum,381,baum,4.012867271900177
0,baum,381,thompson,5.805314779281616
0,baum,381,dickens,6.588677088419597
0,baum,381,melville,6.880102038383484
0,baum,381,wells,6.696130275726318
0,baum,381,austen,6.872945308685303
0,baum,381,fitzgerald,6.788430637783474
0,baum,381,twain,6.193777481714885
0,baum,381,non_oz_baum,5.010266542434692
0,baum,381,non_oz_thompson,6.196913242340088
0,baum,381,contested,5.390524983406067
0,baum,382,train,3.598424687981605
0,baum,382,baum,4.026807129383087
0,baum,382,thompson,5.776878356933594
0,baum,382,dickens,6.561359365781148
0,baum,382,melville,6.818252146244049
0,baum,382,wells,6.676787694295247
0,baum,382,austen,6.831231355667114
0,baum,382,fitzgerald,6.745757420857747
0,baum,382,twain,6.15751838684082
0,baum,382,non_oz_baum,4.977969765663147
0,baum,382,non_oz_thompson,6.184483528137207
0,baum,382,contested,5.366283178329468
0,baum,383,train,3.5891062170267105
0,baum,383,baum,4.022975564002991
0,baum,383,thompson,5.736477017402649
0,baum,383,dickens,6.508831421534221
0,baum,383,melville,6.736081898212433
0,baum,383,wells,6.6265004475911455
0,baum,383,austen,6.772620439529419
0,baum,383,fitzgerald,6.6848465071784124
0,baum,383,twain,6.093663930892944
0,baum,383,non_oz_baum,4.928237557411194
0,baum,383,non_oz_thompson,6.147949934005737
0,baum,383,contested,5.324985265731812
0,baum,384,train,3.6021969318389893
0,baum,384,baum,4.00948840379715
0,baum,384,thompson,5.754170536994934
0,baum,384,dickens,6.524145801862081
0,baum,384,melville,6.798445403575897
0,baum,384,wells,6.625731627146403
0,baum,384,austen,6.81555438041687
0,baum,384,fitzgerald,6.723777929941813
0,baum,384,twain,6.124545971552531
0,baum,384,non_oz_baum,4.939584016799927
0,baum,384,non_oz_thompson,6.158827066421509
0,baum,384,contested,5.341928243637085
0,baum,385,train,3.5997878909111023
0,baum,385,baum,4.008488595485687
0,baum,385,thompson,5.758222699165344
0,baum,385,dickens,6.534015615781148
0,baum,385,melville,6.790545105934143
0,baum,385,wells,6.652839342753093
0,baum,385,austen,6.803518295288086
0,baum,385,fitzgerald,6.73728264702691
0,baum,385,twain,6.142347892125447
0,baum,385,non_oz_baum,4.960938215255737
0,baum,385,non_oz_thompson,6.181923151016235
0,baum,385,contested,5.348245859146118
0,baum,386,train,3.586836218833924
0,baum,386,baum,4.000415146350861
0,baum,386,thompson,5.741712927818298
0,baum,386,dickens,6.489118377367656
0,baum,386,melville,6.73140686750412
0,baum,386,wells,6.595607757568359
0,baum,386,austen,6.745030879974365
0,baum,386,fitzgerald,6.683474540710449
0,baum,386,twain,6.100452184677124
0,baum,386,non_oz_baum,4.944985508918762
0,baum,386,non_oz_thompson,6.162452697753906
0,baum,386,contested,5.338945746421814
0,baum,387,train,3.572662554681301
0,baum,387,baum,4.01010674238205
0,baum,387,thompson,5.790898680686951
0,baum,387,dickens,6.57323173681895
0,baum,387,melville,6.835027039051056
0,baum,387,wells,6.693362712860107
0,baum,387,austen,6.827761173248291
0,baum,387,fitzgerald,6.795743624369304
0,baum,387,twain,6.194259405136108
0,baum,387,non_oz_baum,4.999568223953247
0,baum,387,non_oz_thompson,6.204279184341431
0,baum,387,contested,5.386450171470642
0,baum,388,train,3.589165546000004
0,baum,388,baum,4.0046528577804565
0,baum,388,thompson,5.768139243125916
0,baum,388,dickens,6.543768843015035
0,baum,388,melville,6.822774231433868
0,baum,388,wells,6.650776227315267
0,baum,388,austen,6.82689094543457
0,baum,388,fitzgerald,6.776553418901232
0,baum,388,twain,6.160713752110799
0,baum,388,non_oz_baum,4.97380256652832
0,baum,388,non_oz_thompson,6.195765495300293
0,baum,388,contested,5.380801200866699
0,baum,389,train,3.591946877539158
0,baum,389,baum,4.015644073486328
0,baum,389,thompson,5.764599919319153
0,baum,389,dickens,6.543972730636597
0,baum,389,melville,6.797660410404205
0,baum,389,wells,6.6559157371521
0,baum,389,austen,6.822991847991943
0,baum,389,fitzgerald,6.748106585608588
0,baum,389,twain,6.150469303131104
0,baum,389,non_oz_baum,4.965340614318848
0,baum,389,non_oz_thompson,6.187899589538574
0,baum,389,contested,5.359798431396484
0,baum,390,train,3.571786731481552
0,baum,390,baum,3.9929105043411255
0,baum,390,thompson,5.735740900039673
0,baum,390,dickens,6.510377724965413
0,baum,390,melville,6.761891484260559
0,baum,390,wells,6.615824858347575
0,baum,390,austen,6.772758722305298
0,baum,390,fitzgerald,6.699790901607937
0,baum,390,twain,6.109796603520711
0,baum,390,non_oz_baum,4.935714483261108
0,baum,390,non_oz_thompson,6.157090663909912
0,baum,390,contested,5.33006489276886
0,baum,391,train,3.5689914375543594
0,baum,391,baum,4.023167014122009
0,baum,391,thompson,5.78900682926178
0,baum,391,dickens,6.592651168505351
0,baum,391,melville,6.855957865715027
0,baum,391,wells,6.714226404825847
0,baum,391,austen,6.879672527313232
0,baum,391,fitzgerald,6.781028535630968
0,baum,391,twain,6.183065891265869
0,baum,391,non_oz_baum,4.9877530336380005
0,baum,391,non_oz_thompson,6.198570728302002
0,baum,391,contested,5.368019104003906
0,baum,392,train,3.5571638122200966
0,baum,392,baum,4.027123987674713
0,baum,392,thompson,5.812259912490845
0,baum,392,dickens,6.599746267000834
0,baum,392,melville,6.855373919010162
0,baum,392,wells,6.706516265869141
0,baum,392,austen,6.876141786575317
0,baum,392,fitzgerald,6.779443952772352
0,baum,392,twain,6.177704493204753
0,baum,392,non_oz_baum,5.012472152709961
0,baum,392,non_oz_thompson,6.226713418960571
0,baum,392,contested,5.394899368286133
0,baum,393,train,3.576132297515869
0,baum,393,baum,4.000375807285309
0,baum,393,thompson,5.779735207557678
0,baum,393,dickens,6.579211950302124
0,baum,393,melville,6.829767465591431
0,baum,393,wells,6.696332772572835
0,baum,393,austen,6.838491439819336
0,baum,393,fitzgerald,6.778911590576172
0,baum,393,twain,6.170140504837036
0,baum,393,non_oz_baum,4.980858087539673
0,baum,393,non_oz_thompson,6.199077606201172
0,baum,393,contested,5.37013590335846
0,baum,394,train,3.5793841034173965
0,baum,394,baum,3.998815476894378
0,baum,394,thompson,5.784274697303772
0,baum,394,dickens,6.582532962163289
0,baum,394,melville,6.840886354446411
0,baum,394,wells,6.681819756825765
0,baum,394,austen,6.866386651992798
0,baum,394,fitzgerald,6.769495646158855
0,baum,394,twain,6.1652703285217285
0,baum,394,non_oz_baum,4.990506529808044
0,baum,394,non_oz_thompson,6.193917751312256
0,baum,394,contested,5.3766701221466064
0,baum,395,train,3.57730021327734
0,baum,395,baum,4.009077966213226
0,baum,395,thompson,5.81856095790863
0,baum,395,dickens,6.592077016830444
0,baum,395,melville,6.860263526439667
0,baum,395,wells,6.685049215952556
0,baum,395,austen,6.857471942901611
0,baum,395,fitzgerald,6.785613589816624
0,baum,395,twain,6.183285713195801
0,baum,395,non_oz_baum,5.010301113128662
0,baum,395,non_oz_thompson,6.226792812347412
0,baum,395,contested,5.412397027015686
0,baum,396,train,3.5768191069364548
0,baum,396,baum,3.998516738414765
0,baum,396,thompson,5.773700714111328
0,baum,396,dickens,6.5587427616119385
0,baum,396,melville,6.866706073284149
0,baum,396,wells,6.666830698649089
0,baum,396,austen,6.866231679916382
0,baum,396,fitzgerald,6.789812458886041
0,baum,396,twain,6.185913165410359
0,baum,396,non_oz_baum,4.977108955383301
0,baum,396,non_oz_thompson,6.174479722976685
0,baum,396,contested,5.371587157249451
0,baum,397,train,3.5609679967165
0,baum,397,baum,4.002622604370117
0,baum,397,thompson,5.783821940422058
0,baum,397,dickens,6.596145391464233
0,baum,397,melville,6.884236633777618
0,baum,397,wells,6.693602879842122
0,baum,397,austen,6.881298065185547
0,baum,397,fitzgerald,6.797727478875054
0,baum,397,twain,6.183204094568889
0,baum,397,non_oz_baum,4.986877918243408
0,baum,397,non_oz_thompson,6.19067120552063
0,baum,397,contested,5.371004819869995
0,baum,398,train,3.573117785155773
0,baum,398,baum,4.012746453285217
0,baum,398,thompson,5.796759009361267
0,baum,398,dickens,6.598471919695537
0,baum,398,melville,6.825444638729096
0,baum,398,wells,6.705981572469075
0,baum,398,austen,6.86473536491394
0,baum,398,fitzgerald,6.76925786336263
0,baum,398,twain,6.162512222925822
0,baum,398,non_oz_baum,4.978185772895813
0,baum,398,non_oz_thompson,6.216612100601196
0,baum,398,contested,5.3746925592422485
0,baum,399,train,3.566407799720764
0,baum,399,baum,4.007877707481384
0,baum,399,thompson,5.786986231803894
0,baum,399,dickens,6.589699904123942
0,baum,399,melville,6.848701596260071
0,baum,399,wells,6.706010659535726
0,baum,399,austen,6.866811513900757
0,baum,399,fitzgerald,6.781992859310574
0,baum,399,twain,6.1669838428497314
0,baum,399,non_oz_baum,4.966912627220154
0,baum,399,non_oz_thompson,6.211853265762329
0,baum,399,contested,5.368078470230103
0,baum,400,train,3.5713373124599457
0,baum,400,baum,3.99461442232132
0,baum,400,thompson,5.8313363790512085
0,baum,400,dickens,6.598690668741862
0,baum,400,melville,6.880315661430359
0,baum,400,wells,6.709942022959392
0,baum,400,austen,6.853639841079712
0,baum,400,fitzgerald,6.846410009596083
0,baum,400,twain,6.228514035542806
0,baum,400,non_oz_baum,5.034010529518127
0,baum,400,non_oz_thompson,6.242498874664307
0,baum,400,contested,5.440273404121399
0,baum,401,train,3.5529535338282585
0,baum,401,baum,3.9928014278411865
0,baum,401,thompson,5.803015947341919
0,baum,401,dickens,6.595328132311503
0,baum,401,melville,6.912734270095825
0,baum,401,wells,6.690687974294026
0,baum,401,austen,6.878678560256958
0,baum,401,fitzgerald,6.836478180355496
0,baum,401,twain,6.215015252431233
0,baum,401,non_oz_baum,5.004865407943726
0,baum,401,non_oz_thompson,6.206212043762207
0,baum,401,contested,5.401880741119385
0,baum,402,train,3.552583508193493
0,baum,402,baum,3.9928459525108337
0,baum,402,thompson,5.801206350326538
0,baum,402,dickens,6.616284886995952
0,baum,402,melville,6.924139738082886
0,baum,402,wells,6.729777654012044
0,baum,402,austen,6.929640531539917
0,baum,402,fitzgerald,6.851514074537489
0,baum,402,twain,6.223441203435262
0,baum,402,non_oz_baum,4.994695425033569
0,baum,402,non_oz_thompson,6.197446346282959
0,baum,402,contested,5.396721124649048
0,baum,403,train,3.5497438833117485
0,baum,403,baum,3.994373679161072
0,baum,403,thompson,5.8500165939331055
0,baum,403,dickens,6.660420536994934
0,baum,403,melville,6.959059178829193
0,baum,403,wells,6.774515310923259
0,baum,403,austen,6.938114643096924
0,baum,403,fitzgerald,6.886458661821154
0,baum,403,twain,6.277659813563029
0,baum,403,non_oz_baum,5.054173469543457
0,baum,403,non_oz_thompson,6.254316329956055
0,baum,403,contested,5.4430354833602905
0,baum,404,train,3.5592717230319977
0,baum,404,baum,3.99715793132782
0,baum,404,thompson,5.857171654701233
0,baum,404,dickens,6.66813866297404
0,baum,404,melville,6.9865646958351135
0,baum,404,wells,6.779167175292969
0,baum,404,austen,6.969098567962647
0,baum,404,fitzgerald,6.900959703657362
0,baum,404,twain,6.287694772084554
0,baum,404,non_oz_baum,5.05095648765564
0,baum,404,non_oz_thompson,6.264510154724121
0,baum,404,contested,5.443596005439758
0,baum,405,train,3.5545632168650627
0,baum,405,baum,3.999213695526123
0,baum,405,thompson,5.82978105545044
0,baum,405,dickens,6.649254997571309
0,baum,405,melville,6.90384715795517
0,baum,405,wells,6.772140661875407
0,baum,405,austen,6.9292988777160645
0,baum,405,fitzgerald,6.851513438754612
0,baum,405,twain,6.242738723754883
0,baum,405,non_oz_baum,5.021422266960144
0,baum,405,non_oz_thompson,6.246545314788818
0,baum,405,contested,5.39666485786438
0,baum,406,train,3.539276137948036
0,baum,406,baum,3.987585067749024
0,baum,406,thompson,5.864486575126648
0,baum,406,dickens,6.688490430514018
0,baum,406,melville,6.976266384124756
0,baum,406,wells,6.807936986287435
0,baum,406,austen,6.980946063995361
0,baum,406,fitzgerald,6.903068542480469
0,baum,406,twain,6.2889706293741865
0,baum,406,non_oz_baum,5.0526124238967896
0,baum,406,non_oz_thompson,6.266822814941406
0,baum,406,contested,5.436690807342529
0,baum,407,train,3.524263769388199
0,baum,407,baum,3.988747477531433
0,baum,407,thompson,5.877475500106812
0,baum,407,dickens,6.697612841924031
0,baum,407,melville,6.999724268913269
0,baum,407,wells,6.822760105133057
0,baum,407,austen,7.001683235168457
0,baum,407,fitzgerald,6.927043490939671
0,baum,407,twain,6.302985588709514
0,baum,407,non_oz_baum,5.065536141395569
0,baum,407,non_oz_thompson,6.271505117416382
0,baum,407,contested,5.45537793636322
0,baum,408,train,3.545877501368522
0,baum,408,baum,3.974524974822998
0,baum,408,thompson,5.840382695198059
0,baum,408,dickens,6.665844440460205
0,baum,408,melville,6.958236992359161
0,baum,408,wells,6.795523007710774
0,baum,408,austen,6.9716877937316895
0,baum,408,fitzgerald,6.87948120964898
0,baum,408,twain,6.261450211207072
0,baum,408,non_oz_baum,5.036526322364807
0,baum,408,non_oz_thompson,6.25436806678772
0,baum,408,contested,5.427195191383362
0,baum,409,train,3.526976890861988
0,baum,409,baum,3.991570174694061
0,baum,409,thompson,5.843545794487
0,baum,409,dickens,6.654615004857381
0,baum,409,melville,6.928329288959503
0,baum,409,wells,6.76615842183431
0,baum,409,austen,6.920140266418457
0,baum,409,fitzgerald,6.867835733625624
0,baum,409,twain,6.260043541590373
0,baum,409,non_oz_baum,5.037779331207275
0,baum,409,non_oz_thompson,6.254220247268677
0,baum,409,contested,5.432273030281067
0,baum,410,train,3.5468222200870514
0,baum,410,baum,3.967465996742249
0,baum,410,thompson,5.823431253433228
0,baum,410,dickens,6.627042730649312
0,baum,410,melville,6.915609538555145
0,baum,410,wells,6.742391586303711
0,baum,410,austen,6.927819490432739
0,baum,410,fitzgerald,6.843979252709283
0,baum,410,twain,6.231114149093628
0,baum,410,non_oz_baum,5.030325889587402
0,baum,410,non_oz_thompson,6.233120918273926
0,baum,410,contested,5.408861041069031
0,baum,411,train,3.5344906970858574
0,baum,411,baum,3.97864043712616
0,baum,411,thompson,5.835250020027161
0,baum,411,dickens,6.636186003684998
0,baum,411,melville,6.9041911363601685
0,baum,411,wells,6.761155764261882
0,baum,411,austen,6.918023347854614
0,baum,411,fitzgerald,6.844490316179064
0,baum,411,twain,6.2326358159383135
0,baum,411,non_oz_baum,5.025946378707886
0,baum,411,non_oz_thompson,6.248615503311157
0,baum,411,contested,5.418815016746521
0,baum,412,train,3.537828534841537
0,baum,412,baum,3.981471300125122
0,baum,412,thompson,5.851938724517822
0,baum,412,dickens,6.666453838348389
0,baum,412,melville,6.91974937915802
0,baum,412,wells,6.775148868560791
0,baum,412,austen,6.943236589431763
0,baum,412,fitzgerald,6.875009801652697
0,baum,412,twain,6.249070882797241
0,baum,412,non_oz_baum,5.04131805896759
0,baum,412,non_oz_thompson,6.271324157714844
0,baum,412,contested,5.438805103302002
0,baum,413,train,3.5377549678087234
0,baum,413,baum,3.973971128463745
0,baum,413,thompson,5.872511863708496
0,baum,413,dickens,6.684230486551921
0,baum,413,melville,6.972384214401245
0,baum,413,wells,6.790483315785726
0,baum,413,austen,6.958470344543457
0,baum,413,fitzgerald,6.908236132727729
0,baum,413,twain,6.2911098798116045
0,baum,413,non_oz_baum,5.074715852737427
0,baum,413,non_oz_thompson,6.282733201980591
0,baum,413,contested,5.470516085624695
0,baum,414,train,3.5313070863485336
0,baum,414,baum,3.975325345993042
0,baum,414,thompson,5.838006377220154
0,baum,414,dickens,6.647745450337728
0,baum,414,melville,6.935945630073547
0,baum,414,wells,6.761263211568196
0,baum,414,austen,6.956976175308228
0,baum,414,fitzgerald,6.84814813401964
0,baum,414,twain,6.234327634175618
0,baum,414,non_oz_baum,5.021068334579468
0,baum,414,non_oz_thompson,6.23933744430542
0,baum,414,contested,5.407126545906067
0,baum,415,train,3.546929895877838
0,baum,415,baum,3.966291606426239
0,baum,415,thompson,5.812619566917419
0,baum,415,dickens,6.614488522211711
0,baum,415,melville,6.901315331459045
0,baum,415,wells,6.71903928120931
0,baum,415,austen,6.89464282989502
0,baum,415,fitzgerald,6.832507398393419
0,baum,415,twain,6.218499422073364
0,baum,415,non_oz_baum,5.005697250366211
0,baum,415,non_oz_thompson,6.228087902069092
0,baum,415,contested,5.402488350868225
0,baum,416,train,3.5267493426799774
0,baum,416,baum,3.9760375022888175
0,baum,416,thompson,5.902264356613159
0,baum,416,dickens,6.7395479281743365
0,baum,416,melville,7.056754529476166
0,baum,416,wells,6.86999495824178
0,baum,416,austen,7.061473369598389
0,baum,416,fitzgerald,6.983331839243571
0,baum,416,twain,6.347980101903279
0,baum,416,non_oz_baum,5.099438309669495
0,baum,416,non_oz_thompson,6.3100433349609375
0,baum,416,contested,5.493145942687988
0,baum,417,train,3.5136382579803467
0,baum,417,baum,3.967722058296204
0,baum,417,thompson,5.908669590950012
0,baum,417,dickens,6.733651280403137
0,baum,417,melville,6.987379670143127
0,baum,417,wells,6.850329558054606
0,baum,417,austen,7.009499788284302
0,baum,417,fitzgerald,6.9380519655015735
0,baum,417,twain,6.320701519648234
0,baum,417,non_oz_baum,5.098628878593445
0,baum,417,non_oz_thompson,6.31447696685791
0,baum,417,contested,5.485225677490234
0,baum,418,train,3.5101267099380493
0,baum,418,baum,3.992023587226868
0,baum,418,thompson,5.898042559623718
0,baum,418,dickens,6.718244353930156
0,baum,418,melville,6.9975128173828125
0,baum,418,wells,6.825976212819417
0,baum,418,austen,7.036698341369629
0,baum,418,fitzgerald,6.918580214182536
0,baum,418,twain,6.293580055236816
0,baum,418,non_oz_baum,5.086947798728943
0,baum,418,non_oz_thompson,6.286806106567383
0,baum,418,contested,5.464197397232056
0,baum,419,train,3.512500934302807
0,baum,419,baum,3.973689675331116
0,baum,419,thompson,5.899694919586182
0,baum,419,dickens,6.705322623252869
0,baum,419,melville,6.991182208061218
0,baum,419,wells,6.830085436503093
0,baum,419,austen,6.971212863922119
0,baum,419,fitzgerald,6.939776844448513
0,baum,419,twain,6.310804049173991
0,baum,419,non_oz_baum,5.095896363258362
0,baum,419,non_oz_thompson,6.310893297195435
0,baum,419,contested,5.493261456489563
0,baum,420,train,3.504155308008194
0,baum,420,baum,3.981246173381805
0,baum,420,thompson,5.902027487754822
0,baum,420,dickens,6.738498608271281
0,baum,420,melville,7.031318545341492
0,baum,420,wells,6.857712427775065
0,baum,420,austen,7.057130098342896
0,baum,420,fitzgerald,6.974414189656575
0,baum,420,twain,6.337607781092326
0,baum,420,non_oz_baum,5.081349968910217
0,baum,420,non_oz_thompson,6.29980731010437
0,baum,420,contested,5.463545322418213
0,baum,421,train,3.510055392980576
0,baum,421,baum,3.9781978130340576
0,baum,421,thompson,5.891886234283447
0,baum,421,dickens,6.729385574658712
0,baum,421,melville,7.0267749428749084
0,baum,421,wells,6.849286715189616
0,baum,421,austen,7.055340766906738
0,baum,421,fitzgerald,6.932001378801134
0,baum,421,twain,6.3127321402231855
0,baum,421,non_oz_baum,5.081578850746155
0,baum,421,non_oz_thompson,6.287580966949463
0,baum,421,contested,5.459646463394165
0,baum,422,train,3.521152161061764
0,baum,422,baum,3.96645736694336
0,baum,422,thompson,5.888256907463074
0,baum,422,dickens,6.710070888201396
0,baum,422,melville,6.991744577884674
0,baum,422,wells,6.825705846150716
0,baum,422,austen,6.98800802230835
0,baum,422,fitzgerald,6.931114302741157
0,baum,422,twain,6.289897600809733
0,baum,422,non_oz_baum,5.061302900314331
0,baum,422,non_oz_thompson,6.289577007293701
0,baum,422,contested,5.46095085144043
0,baum,423,train,3.511738196015358
0,baum,423,baum,3.974464237689972
0,baum,423,thompson,5.882762551307678
0,baum,423,dickens,6.692242821057637
0,baum,423,melville,6.971800446510315
0,baum,423,wells,6.826448122660319
0,baum,423,austen,6.995378494262695
0,baum,423,fitzgerald,6.911876095665826
0,baum,423,twain,6.280572732289632
0,baum,423,non_oz_baum,5.078495144844055
0,baum,423,non_oz_thompson,6.282714366912842
0,baum,423,contested,5.469914793968201
0,baum,424,train,3.503739356994629
0,baum,424,baum,3.9720965027809134
0,baum,424,thompson,5.898480176925659
0,baum,424,dickens,6.717122475306193
0,baum,424,melville,7.012951374053955
0,baum,424,wells,6.841458002726237
0,baum,424,austen,7.010827302932739
0,baum,424,fitzgerald,6.930099063449436
0,baum,424,twain,6.310437838236491
0,baum,424,non_oz_baum,5.083229422569275
0,baum,424,non_oz_thompson,6.31214714050293
0,baum,424,contested,5.468985319137573
0,baum,425,train,3.507465310394764
0,baum,425,baum,3.986440241336824
0,baum,425,thompson,5.93100368976593
0,baum,425,dickens,6.757355729738872
0,baum,425,melville,7.045423686504364
0,baum,425,wells,6.869154294331868
0,baum,425,austen,7.031419515609741
0,baum,425,fitzgerald,6.9653101497226295
0,baum,425,twain,6.330840587615967
0,baum,425,non_oz_baum,5.112648367881775
0,baum,425,non_oz_thompson,6.33479905128479
0,baum,425,contested,5.512704849243164
0,baum,426,train,3.488946489989757
0,baum,426,baum,3.965830683708191
0,baum,426,thompson,5.936022043228149
0,baum,426,dickens,6.765473961830139
0,baum,426,melville,7.098522424697876
0,baum,426,wells,6.881855646769206
0,baum,426,austen,7.0810158252716064
0,baum,426,fitzgerald,7.027140723334418
0,baum,426,twain,6.378803730010986
0,baum,426,non_oz_baum,5.129560589790344
0,baum,426,non_oz_thompson,6.341234445571899
0,baum,426,contested,5.518638491630554
0,baum,427,train,3.503949962556362
0,baum,427,baum,3.979003369808197
0,baum,427,thompson,5.911250710487366
0,baum,427,dickens,6.740519404411316
0,baum,427,melville,7.00994998216629
0,baum,427,wells,6.869357903798421
0,baum,427,austen,7.018812656402588
0,baum,427,fitzgerald,6.943900479210748
0,baum,427,twain,6.316367228825887
0,baum,427,non_oz_baum,5.088470220565796
0,baum,427,non_oz_thompson,6.321470975875855
0,baum,427,contested,5.474879264831543
0,baum,428,train,3.49032923579216
0,baum,428,baum,3.96746563911438
0,baum,428,thompson,5.943534731864929
0,baum,428,dickens,6.771195848782857
0,baum,428,melville,7.0729175209999084
0,baum,428,wells,6.897634983062744
0,baum,428,austen,7.063985824584961
0,baum,428,fitzgerald,6.982883877224392
0,baum,428,twain,6.354281346003215
0,baum,428,non_oz_baum,5.136365413665772
0,baum,428,non_oz_thompson,6.362816333770752
0,baum,428,contested,5.522441029548645
0,baum,429,train,3.499218486249447
0,baum,429,baum,3.964640200138092
0,baum,429,thompson,5.955063223838806
0,baum,429,dickens,6.772465030352275
0,baum,429,melville,7.010604381561279
0,baum,429,wells,6.893435637156169
0,baum,429,austen,6.995643138885498
0,baum,429,fitzgerald,6.976013607449001
0,baum,429,twain,6.334910790125529
0,baum,429,non_oz_baum,5.139030933380127
0,baum,429,non_oz_thompson,6.3740880489349365
0,baum,429,contested,5.543619513511658
0,baum,430,train,3.4778822660446167
0,baum,430,baum,3.967005372047424
0,baum,430,thompson,5.922225594520569
0,baum,430,dickens,6.730049093564351
0,baum,430,melville,7.034313142299652
0,baum,430,wells,6.850529670715332
0,baum,430,austen,7.003223180770874
0,baum,430,fitzgerald,6.975302484300402
0,baum,430,twain,6.324151118596395
0,baum,430,non_oz_baum,5.116421818733215
0,baum,430,non_oz_thompson,6.326715469360352
0,baum,430,contested,5.5145639181137085
0,baum,431,train,3.487676188349724
0,baum,431,baum,3.971387207508087
0,baum,431,thompson,5.941980242729187
0,baum,431,dickens,6.758259654045105
0,baum,431,melville,6.990478157997131
0,baum,431,wells,6.890370527903239
0,baum,431,austen,6.987398862838745
0,baum,431,fitzgerald,6.97331968943278
0,baum,431,twain,6.339394172032674
0,baum,431,non_oz_baum,5.122745156288147
0,baum,431,non_oz_thompson,6.366209983825684
0,baum,431,contested,5.529309630393982
0,baum,432,train,3.49418880045414
0,baum,432,baum,3.949070274829865
0,baum,432,thompson,5.890223979949951
0,baum,432,dickens,6.716601014137268
0,baum,432,melville,6.991885781288147
0,baum,432,wells,6.835923830668132
0,baum,432,austen,7.006941795349121
0,baum,432,fitzgerald,6.930791325039333
0,baum,432,twain,6.287899971008301
0,baum,432,non_oz_baum,5.064450621604919
0,baum,432,non_oz_thompson,6.29902720451355
0,baum,432,contested,5.459817409515381
0,baum,433,train,3.478905461728573
0,baum,433,baum,3.9664011001586914
0,baum,433,thompson,5.985173106193543
0,baum,433,dickens,6.822860876719157
0,baum,433,melville,7.120798528194428
0,baum,433,wells,6.9482011795043945
0,baum,433,austen,7.105177402496338
0,baum,433,fitzgerald,7.0444596608479815
0,baum,433,twain,6.404194990793864
0,baum,433,non_oz_baum,5.180736303329468
0,baum,433,non_oz_thompson,6.372746706008911
0,baum,433,contested,5.566018342971802
0,baum,434,train,3.478398010134697
0,baum,434,baum,3.949242949485779
0,baum,434,thompson,5.9798314571380615
0,baum,434,dickens,6.8193545738856
0,baum,434,melville,7.1297221183776855
0,baum,434,wells,6.956410090128581
0,baum,434,austen,7.118915319442749
0,baum,434,fitzgerald,7.058027744293213
0,baum,434,twain,6.4240632851918535
0,baum,434,non_oz_baum,5.1699206829071045
0,baum,434,non_oz_thompson,6.358126163482666
0,baum,434,contested,5.558167338371277
0,baum,435,train,3.484845951199532
0,baum,435,baum,3.943901062011719
0,baum,435,thompson,5.926715016365051
0,baum,435,dickens,6.767444292704265
0,baum,435,melville,7.0600361824035645
0,baum,435,wells,6.8977305094401045
0,baum,435,austen,7.046242952346802
0,baum,435,fitzgerald,7.013850953843859
0,baum,435,twain,6.356974840164185
0,baum,435,non_oz_baum,5.104719042778015
0,baum,435,non_oz_thompson,6.319330215454102
0,baum,435,contested,5.506917238235474
0,baum,436,train,3.472527891397476
0,baum,436,baum,3.946035921573639
0,baum,436,thompson,5.900757431983948
0,baum,436,dickens,6.715211192766826
0,baum,436,melville,6.994033455848694
0,baum,436,wells,6.822620391845703
0,baum,436,austen,6.992964744567871
0,baum,436,fitzgerald,6.939576413896349
0,baum,436,twain,6.304630756378174
0,baum,436,non_oz_baum,5.087191343307495
0,baum,436,non_oz_thompson,6.319905519485474
0,baum,436,contested,5.484560132026672
0,baum,437,train,3.4755119532346725
0,baum,437,baum,3.958332300186157
0,baum,437,thompson,5.958781838417053
0,baum,437,dickens,6.808728814125061
0,baum,437,melville,7.088590502738953
0,baum,437,wells,6.9231947263081866
0,baum,437,austen,7.097585678100586
0,baum,437,fitzgerald,7.030439959632026
0,baum,437,twain,6.3895963827768965
0,baum,437,non_oz_baum,5.142563700675964
0,baum,437,non_oz_thompson,6.364518404006958
0,baum,437,contested,5.53206193447113
0,baum,438,train,3.4765810668468475
0,baum,438,baum,3.943609356880188
0,baum,438,thompson,5.956503868103027
0,baum,438,dickens,6.816897034645081
0,baum,438,melville,7.062394857406616
0,baum,438,wells,6.933993021647136
0,baum,438,austen,7.062178373336792
0,baum,438,fitzgerald,7.007297780778673
0,baum,438,twain,6.369027694066365
0,baum,438,non_oz_baum,5.126312136650085
0,baum,438,non_oz_thompson,6.362813234329224
0,baum,438,contested,5.530394196510315
0,baum,439,train,3.482480734586716
0,baum,439,baum,3.936913788318634
0,baum,439,thompson,5.965134978294373
0,baum,439,dickens,6.799060821533203
0,baum,439,melville,7.047943711280823
0,baum,439,wells,6.922798156738281
0,baum,439,austen,7.065562009811401
0,baum,439,fitzgerald,7.022229300604926
0,baum,439,twain,6.3749542236328125
0,baum,439,non_oz_baum,5.138875961303711
0,baum,439,non_oz_thompson,6.361216306686401
0,baum,439,contested,5.541553020477295
0,baum,440,train,3.471674621105194
0,baum,440,baum,3.924768269062042
0,baum,440,thompson,5.946868300437927
0,baum,440,dickens,6.808711091677348
0,baum,440,melville,7.088953077793121
0,baum,440,wells,6.927484194437663
0,baum,440,austen,7.096934080123901
0,baum,440,fitzgerald,7.0426008966234
0,baum,440,twain,6.386721293131511
0,baum,440,non_oz_baum,5.128655314445496
0,baum,440,non_oz_thompson,6.356579780578613
0,baum,440,contested,5.52798855304718
0,baum,441,train,3.4742249250411987
0,baum,441,baum,3.954884648323059
0,baum,441,thompson,5.955646634101868
0,baum,441,dickens,6.8238338232040405
0,baum,441,melville,7.106032073497772
0,baum,441,wells,6.952336470286052
0,baum,441,austen,7.139660120010376
0,baum,441,fitzgerald,7.0375973383585615
0,baum,441,twain,6.394391854604085
0,baum,441,non_oz_baum,5.132233023643494
0,baum,441,non_oz_thompson,6.361208200454712
0,baum,441,contested,5.5138972997665405
0,baum,442,train,3.461413875222206
0,baum,442,baum,3.9322529435157776
0,baum,442,thompson,5.9391865730285645
0,baum,442,dickens,6.782066265741984
0,baum,442,melville,7.068352937698364
0,baum,442,wells,6.888099988301595
0,baum,442,austen,7.065063714981079
0,baum,442,fitzgerald,7.001237975226508
0,baum,442,twain,6.354960838953654
0,baum,442,non_oz_baum,5.125074982643127
0,baum,442,non_oz_thompson,6.353534936904907
0,baum,442,contested,5.523044586181641
0,baum,443,train,3.45875047147274
0,baum,443,baum,3.920136034488678
0,baum,443,thompson,5.937757611274719
0,baum,443,dickens,6.770482420921326
0,baum,443,melville,7.049452602863312
0,baum,443,wells,6.865371227264404
0,baum,443,austen,7.075933933258057
0,baum,443,fitzgerald,6.971985816955566
0,baum,443,twain,6.33682934443156
0,baum,443,non_oz_baum,5.120018482208252
0,baum,443,non_oz_thompson,6.346226215362549
0,baum,443,contested,5.508379220962524
0,baum,444,train,3.4642572179436684
0,baum,444,baum,3.9499897360801697
0,baum,444,thompson,5.979708909988403
0,baum,444,dickens,6.852082530657451
0,baum,444,melville,7.114484012126923
0,baum,444,wells,6.976404349009196
0,baum,444,austen,7.13307523727417
0,baum,444,fitzgerald,7.024346245659722
0,baum,444,twain,6.389762798945109
0,baum,444,non_oz_baum,5.161404132843018
0,baum,444,non_oz_thompson,6.399409532546997
0,baum,444,contested,5.542563319206238
0,baum,445,train,3.475194916129112
0,baum,445,baum,3.925739884376526
0,baum,445,thompson,5.956714868545532
0,baum,445,dickens,6.791120688120524
0,baum,445,melville,7.050042927265167
0,baum,445,wells,6.90282694498698
0,baum,445,austen,7.061030387878418
0,baum,445,fitzgerald,6.971325874328613
0,baum,445,twain,6.351869265238444
0,baum,445,non_oz_baum,5.137828588485718
0,baum,445,non_oz_thompson,6.358415842056274
0,baum,445,contested,5.536531925201416
0,baum,446,train,3.466362528502941
0,baum,446,baum,3.937358558177948
0,baum,446,thompson,5.937585115432739
0,baum,446,dickens,6.774710893630981
0,baum,446,melville,7.0151373744010925
0,baum,446,wells,6.890116850535075
0,baum,446,austen,7.040627241134644
0,baum,446,fitzgerald,6.968115064832899
0,baum,446,twain,6.324960231781006
0,baum,446,non_oz_baum,5.09787380695343
0,baum,446,non_oz_thompson,6.3560826778411865
0,baum,446,contested,5.519294738769531
0,baum,447,train,3.46409185230732
0,baum,447,baum,3.928201913833618
0,baum,447,thompson,5.977062106132507
0,baum,447,dickens,6.81161371866862
0,baum,447,melville,7.08085697889328
0,baum,447,wells,6.9248959223429365
0,baum,447,austen,7.069308757781982
0,baum,447,fitzgerald,7.043386194441053
0,baum,447,twain,6.398194869359334
0,baum,447,non_oz_baum,5.15757143497467
0,baum,447,non_oz_thompson,6.373533248901367
0,baum,447,contested,5.564762353897095
0,baum,448,train,3.4660878852009773
0,baum,448,baum,3.9407066702842712
0,baum,448,thompson,5.955349564552307
0,baum,448,dickens,6.78103228410085
0,baum,448,melville,7.042686939239502
0,baum,448,wells,6.895259539286296
0,baum,448,austen,7.052548170089722
0,baum,448,fitzgerald,6.997800985972087
0,baum,448,twain,6.349969704945882
0,baum,448,non_oz_baum,5.138205885887146
0,baum,448,non_oz_thompson,6.37079644203186
0,baum,448,contested,5.550766110420227
0,baum,449,train,3.4667497873306274
0,baum,449,baum,3.9349964261054993
0,baum,449,thompson,5.975401043891907
0,baum,449,dickens,6.835301240285237
0,baum,449,melville,7.109023988246918
0,baum,449,wells,6.955849806467692
0,baum,449,austen,7.103689432144165
0,baum,449,fitzgerald,7.050921387142605
0,baum,449,twain,6.392587025960286
0,baum,449,non_oz_baum,5.161767244338989
0,baum,449,non_oz_thompson,6.386848211288452
0,baum,449,contested,5.560321807861328
0,baum,450,train,3.451644018292427
0,baum,450,baum,3.92243218421936
0,baum,450,thompson,5.917975068092346
0,baum,450,dickens,6.77089782555898
0,baum,450,melville,7.066571474075317
0,baum,450,wells,6.885841687520345
0,baum,450,austen,7.0967981815338135
0,baum,450,fitzgerald,7.021556165483263
0,baum,450,twain,6.34685222307841
0,baum,450,non_oz_baum,5.092110753059387
0,baum,450,non_oz_thompson,6.339634418487549
0,baum,450,contested,5.498664259910584
0,baum,451,train,3.446825295686722
0,baum,451,baum,3.933412671089173
0,baum,451,thompson,5.985637664794922
0,baum,451,dickens,6.854611198107402
0,baum,451,melville,7.120140314102173
0,baum,451,wells,6.999120394388835
0,baum,451,austen,7.128099679946899
0,baum,451,fitzgerald,7.045685238308376
0,baum,451,twain,6.400688489278157
0,baum,451,non_oz_baum,5.159446597099304
0,baum,451,non_oz_thompson,6.397259950637817
0,baum,451,contested,5.556339621543884
0,baum,452,train,3.432573720812797
0,baum,452,baum,3.906660377979279
0,baum,452,thompson,5.934864282608032
0,baum,452,dickens,6.748232007026672
0,baum,452,melville,7.024085164070129
0,baum,452,wells,6.849770228068034
0,baum,452,austen,7.029866218566895
0,baum,452,fitzgerald,6.9770247141520185
0,baum,452,twain,6.331976175308228
0,baum,452,non_oz_baum,5.1046764850616455
0,baum,452,non_oz_thompson,6.342243671417236
0,baum,452,contested,5.521987438201904
0,baum,453,train,3.450500451028347
0,baum,453,baum,3.922860205173493
0,baum,453,thompson,5.984252333641052
0,baum,453,dickens,6.811983664830525
0,baum,453,melville,7.074028193950653
0,baum,453,wells,6.933019161224365
0,baum,453,austen,7.079432725906372
0,baum,453,fitzgerald,7.031871848636204
0,baum,453,twain,6.38300085067749
0,baum,453,non_oz_baum,5.1559343338012695
0,baum,453,non_oz_thompson,6.379863023757935
0,baum,453,contested,5.556584596633911
0,baum,454,train,3.4420320987701416
0,baum,454,baum,3.9301387667655945
0,baum,454,thompson,5.965564727783203
0,baum,454,dickens,6.849597334861755
0,baum,454,melville,7.105676710605621
0,baum,454,wells,6.95654296875
0,baum,454,austen,7.145235061645508
0,baum,454,fitzgerald,7.011065695020887
0,baum,454,twain,6.366175254185994
0,baum,454,non_oz_baum,5.134207129478455
0,baum,454,non_oz_thompson,6.384916543960571
0,baum,454,contested,5.524253606796265
0,baum,455,train,3.440193921327591
0,baum,455,baum,3.929548561573029
0,baum,455,thompson,6.021800994873047
0,baum,455,dickens,6.915235201517741
0,baum,455,melville,7.222386300563812
0,baum,455,wells,7.035295645395915
0,baum,455,austen,7.243997573852539
0,baum,455,fitzgerald,7.152677588992649
0,baum,455,twain,6.469519297281901
0,baum,455,non_oz_baum,5.199919104576111
0,baum,455,non_oz_thompson,6.415691614151001
0,baum,455,contested,5.594105362892151
0,baum,456,train,3.446769490838051
0,baum,456,baum,3.935327053070069
0,baum,456,thompson,6.024904012680054
0,baum,456,dickens,6.886271238327026
0,baum,456,melville,7.185232639312744
0,baum,456,wells,7.015448888142903
0,baum,456,austen,7.178198575973511
0,baum,456,fitzgerald,7.115765147738987
0,baum,456,twain,6.448232730229695
0,baum,456,non_oz_baum,5.19288694858551
0,baum,456,non_oz_thompson,6.430591821670532
0,baum,456,contested,5.599805116653442
0,baum,457,train,3.429732471704483
0,baum,457,baum,3.9345720410346985
0,baum,457,thompson,6.044350028038025
0,baum,457,dickens,6.915465911229451
0,baum,457,melville,7.205097496509552
0,baum,457,wells,7.037097771962483
0,baum,457,austen,7.204517602920532
0,baum,457,fitzgerald,7.149893760681152
0,baum,457,twain,6.48153559366862
0,baum,457,non_oz_baum,5.223979592323303
0,baum,457,non_oz_thompson,6.448865175247192
0,baum,457,contested,5.619511604309082
0,baum,458,train,3.4352325722575188
0,baum,458,baum,3.935983121395111
0,baum,458,thompson,6.043365001678467
0,baum,458,dickens,6.939963738123576
0,baum,458,melville,7.217936277389526
0,baum,458,wells,7.081910769144694
0,baum,458,austen,7.266994953155518
0,baum,458,fitzgerald,7.148635493384467
0,baum,458,twain,6.486619710922241
0,baum,458,non_oz_baum,5.214635729789734
0,baum,458,non_oz_thompson,6.43344259262085
0,baum,458,contested,5.607274770736694
0,baum,459,train,3.4406385347247124
0,baum,459,baum,3.943047285079956
0,baum,459,thompson,6.021815299987793
0,baum,459,dickens,6.895494699478149
0,baum,459,melville,7.137494087219238
0,baum,459,wells,7.026325066884358
0,baum,459,austen,7.1500890254974365
0,baum,459,fitzgerald,7.085236019558376
0,baum,459,twain,6.423758586247762
0,baum,459,non_oz_baum,5.169155120849609
0,baum,459,non_oz_thompson,6.42819619178772
0,baum,459,contested,5.578614950180054
0,baum,460,train,3.437842108309269
0,baum,460,baum,3.929320335388184
0,baum,460,thompson,6.016871333122253
0,baum,460,dickens,6.92252250512441
0,baum,460,melville,7.208538353443146
0,baum,460,wells,7.048149903615316
0,baum,460,austen,7.218604326248169
0,baum,460,fitzgerald,7.137674649556478
0,baum,460,twain,6.454229434331258
0,baum,460,non_oz_baum,5.176501154899597
0,baum,460,non_oz_thompson,6.434229612350464
0,baum,460,contested,5.582718253135681
0,baum,461,train,3.421024687588215
0,baum,461,baum,3.943385183811188
0,baum,461,thompson,6.09706449508667
0,baum,461,dickens,6.968826015790303
0,baum,461,melville,7.242963373661041
0,baum,461,wells,7.112852414449056
0,baum,461,austen,7.252856254577637
0,baum,461,fitzgerald,7.17711877822876
0,baum,461,twain,6.5215074221293134
0,baum,461,non_oz_baum,5.275619387626648
0,baum,461,non_oz_thompson,6.486750841140747
0,baum,461,contested,5.673047661781311
0,baum,462,train,3.442349262535572
0,baum,462,baum,3.9427979588508606
0,baum,462,thompson,6.056089162826538
0,baum,462,dickens,6.92380424340566
0,baum,462,melville,7.160434484481812
0,baum,462,wells,7.060197035471599
0,baum,462,austen,7.165054798126221
0,baum,462,fitzgerald,7.120109875996907
0,baum,462,twain,6.463252067565918
0,baum,462,non_oz_baum,5.225985169410706
0,baum,462,non_oz_thompson,6.465416431427002
0,baum,462,contested,5.635423421859741
0,baum,463,train,3.4272835552692413
0,baum,463,baum,3.917368948459625
0,baum,463,thompson,6.030783772468567
0,baum,463,dickens,6.882166345914205
0,baum,463,melville,7.166250705718994
0,baum,463,wells,7.013075033823649
0,baum,463,austen,7.160567760467529
0,baum,463,fitzgerald,7.105908499823676
0,baum,463,twain,6.436711072921753
0,baum,463,non_oz_baum,5.194868087768555
0,baum,463,non_oz_thompson,6.42330813407898
0,baum,463,contested,5.61589777469635
0,baum,464,train,3.4354529306292534
0,baum,464,baum,3.922277808189392
0,baum,464,thompson,5.995013952255249
0,baum,464,dickens,6.862840135892232
0,baum,464,melville,7.096765518188477
0,baum,464,wells,6.980025450388591
0,baum,464,austen,7.128441333770752
0,baum,464,fitzgerald,7.029312928517659
0,baum,464,twain,6.376875718434651
0,baum,464,non_oz_baum,5.155490517616272
0,baum,464,non_oz_thompson,6.403350591659546
0,baum,464,contested,5.571755409240723
0,baum,465,train,3.41503843665123
0,baum,465,baum,3.944525539875032
0,baum,465,thompson,6.02907133102417
0,baum,465,dickens,6.892414371172587
0,baum,465,melville,7.108404338359833
0,baum,465,wells,7.004233042399089
0,baum,465,austen,7.131338596343994
0,baum,465,fitzgerald,7.085670259263781
0,baum,465,twain,6.424551010131836
0,baum,465,non_oz_baum,5.198176145553589
0,baum,465,non_oz_thompson,6.443231344223023
0,baum,465,contested,5.606193065643311
0,baum,466,train,3.425143353641033
0,baum,466,baum,3.927331864833832
0,baum,466,thompson,6.0293015241622925
0,baum,466,dickens,6.929896553357442
0,baum,466,melville,7.203441917896271
0,baum,466,wells,7.059479872385661
0,baum,466,austen,7.223581552505493
0,baum,466,fitzgerald,7.136588361528185
0,baum,466,twain,6.472340106964111
0,baum,466,non_oz_baum,5.204450249671936
0,baum,466,non_oz_thompson,6.439796686172485
0,baum,466,contested,5.600166201591492
0,baum,467,train,3.418544113636017
0,baum,467,baum,3.93048894405365
0,baum,467,thompson,6.062057375907898
0,baum,467,dickens,6.950841863950093
0,baum,467,melville,7.243327915668487
0,baum,467,wells,7.07392692565918
0,baum,467,austen,7.262017488479614
0,baum,467,fitzgerald,7.167498376634386
0,baum,467,twain,6.490915616353353
0,baum,467,non_oz_baum,5.236923813819885
0,baum,467,non_oz_thompson,6.456847190856934
0,baum,467,contested,5.636207461357117
0,baum,468,train,3.4105180501937866
0,baum,468,baum,3.923846364021301
0,baum,468,thompson,6.072348713874817
0,baum,468,dickens,6.942277312278748
0,baum,468,melville,7.219056069850922
0,baum,468,wells,7.077999591827393
0,baum,468,austen,7.223964691162109
0,baum,468,fitzgerald,7.151926093631321
0,baum,468,twain,6.49469272295634
0,baum,468,non_oz_baum,5.2488709688186646
0,baum,468,non_oz_thompson,6.476726531982422
0,baum,468,contested,5.655171155929565
0,baum,469,train,3.40606290847063
0,baum,469,baum,3.915708899497986
0,baum,469,thompson,6.044467329978943
0,baum,469,dickens,6.916000962257385
0,baum,469,melville,7.192022681236267
0,baum,469,wells,7.036036968231201
0,baum,469,austen,7.176743745803833
0,baum,469,fitzgerald,7.145028273264567
0,baum,469,twain,6.473414659500122
0,baum,469,non_oz_baum,5.207389950752258
0,baum,469,non_oz_thompson,6.454380989074707
0,baum,469,contested,5.628690719604492
0,baum,470,train,3.4139776825904846
0,baum,470,baum,3.933872520923616
0,baum,470,thompson,6.049221992492676
0,baum,470,dickens,6.9349623918533325
0,baum,470,melville,7.2263965010643005
0,baum,470,wells,7.067422231038411
0,baum,470,austen,7.250653743743896
0,baum,470,fitzgerald,7.152860005696614
0,baum,470,twain,6.480544726053874
0,baum,470,non_oz_baum,5.227332949638367
0,baum,470,non_oz_thompson,6.439767837524414
0,baum,470,contested,5.613178133964539
0,baum,471,train,3.4090481847524643
0,baum,471,baum,3.9072187542915344
0,baum,471,thompson,6.001072883605957
0,baum,471,dickens,6.902305682500203
0,baum,471,melville,7.1801241636276245
0,baum,471,wells,7.036098639170329
0,baum,471,austen,7.22385573387146
0,baum,471,fitzgerald,7.121312300364177
0,baum,471,twain,6.444836457570394
0,baum,471,non_oz_baum,5.176505923271179
0,baum,471,non_oz_thompson,6.404192924499512
0,baum,471,contested,5.570072054862976
0,baum,472,train,3.408087193965912
0,baum,472,baum,3.918667376041413
0,baum,472,thompson,6.032334804534912
0,baum,472,dickens,6.936423897743225
0,baum,472,melville,7.225249528884888
0,baum,472,wells,7.072319666544597
0,baum,472,austen,7.226026773452759
0,baum,472,fitzgerald,7.165335708194309
0,baum,472,twain,6.490640004475911
0,baum,472,non_oz_baum,5.210425019264221
0,baum,472,non_oz_thompson,6.4462890625
0,baum,472,contested,5.606206178665161
0,baum,473,train,3.400238946080208
0,baum,473,baum,3.8979239463806152
0,baum,473,thompson,6.046881318092346
0,baum,473,dickens,6.929868261019389
0,baum,473,melville,7.267724275588989
0,baum,473,wells,7.047226587931315
0,baum,473,austen,7.243749380111694
0,baum,473,fitzgerald,7.210699081420898
0,baum,473,twain,6.526731252670288
0,baum,473,non_oz_baum,5.233546018600464
0,baum,473,non_oz_thompson,6.443552970886231
0,baum,473,contested,5.624391317367554
0,baum,474,train,3.4078972786664963
0,baum,474,baum,3.9227393865585327
0,baum,474,thompson,6.078873634338379
0,baum,474,dickens,7.009383837381999
0,baum,474,melville,7.265794813632965
0,baum,474,wells,7.153826077779134
0,baum,474,austen,7.3217384815216064
0,baum,474,fitzgerald,7.211644702487522
0,baum,474,twain,6.530810038248698
0,baum,474,non_oz_baum,5.23798942565918
0,baum,474,non_oz_thompson,6.481909275054932
0,baum,474,contested,5.6346211433410645
0,baum,475,train,3.399905428290367
0,baum,475,baum,3.90234100818634
0,baum,475,thompson,6.07986581325531
0,baum,475,dickens,6.987350026766459
0,baum,475,melville,7.223037183284759
0,baum,475,wells,7.114023049672444
0,baum,475,austen,7.212052822113037
0,baum,475,fitzgerald,7.195148838890924
0,baum,475,twain,6.522840181986491
0,baum,475,non_oz_baum,5.245078206062317
0,baum,475,non_oz_thompson,6.50745415687561
0,baum,475,contested,5.66101861000061
0,baum,476,train,3.402933329343796
0,baum,476,baum,3.891656219959259
0,baum,476,thompson,6.042222499847412
0,baum,476,dickens,6.92677919069926
0,baum,476,melville,7.243493854999542
0,baum,476,wells,7.04327917098999
0,baum,476,austen,7.266303300857544
0,baum,476,fitzgerald,7.201802942487928
0,baum,476,twain,6.503818353017171
0,baum,476,non_oz_baum,5.210381388664246
0,baum,476,non_oz_thompson,6.442851781845093
0,baum,476,contested,5.614504933357239
0,baum,477,train,3.37989691644907
0,baum,477,baum,3.9214348793029785
0,baum,477,thompson,6.107455611228943
0,baum,477,dickens,7.02111021677653
0,baum,477,melville,7.277867794036865
0,baum,477,wells,7.149054368336995
0,baum,477,austen,7.31635308265686
0,baum,477,fitzgerald,7.2139871915181475
0,baum,477,twain,6.532225608825684
0,baum,477,non_oz_baum,5.256546497344971
0,baum,477,non_oz_thompson,6.511375188827515
0,baum,477,contested,5.664165019989014
0,baum,478,train,3.396455839276314
0,baum,478,baum,3.903922379016876
0,baum,478,thompson,6.051320552825928
0,baum,478,dickens,6.931122938791911
0,baum,478,melville,7.20473450422287
0,baum,478,wells,7.06715202331543
0,baum,478,austen,7.229149103164673
0,baum,478,fitzgerald,7.132720099555121
0,baum,478,twain,6.4606068929036455
0,baum,478,non_oz_baum,5.213114380836487
0,baum,478,non_oz_thompson,6.450961112976074
0,baum,478,contested,5.613291263580322
0,baum,479,train,3.3852847814559937
0,baum,479,baum,3.901748478412628
0,baum,479,thompson,6.080995321273804
0,baum,479,dickens,6.994126478830974
0,baum,479,melville,7.238761842250824
0,baum,479,wells,7.1391951243082685
0,baum,479,austen,7.258848190307617
0,baum,479,fitzgerald,7.20772812101576
0,baum,479,twain,6.526201407114665
0,baum,479,non_oz_baum,5.224714279174805
0,baum,479,non_oz_thompson,6.486892223358154
0,baum,479,contested,5.643740773200989
0,baum,480,train,3.384639695286751
0,baum,480,baum,3.89319920539856
0,baum,480,thompson,6.085640788078308
0,baum,480,dickens,6.998762408892314
0,baum,480,melville,7.260789096355438
0,baum,480,wells,7.125075976053874
0,baum,480,austen,7.286228656768799
0,baum,480,fitzgerald,7.218136787414551
0,baum,480,twain,6.5398655732472735
0,baum,480,non_oz_baum,5.243310689926148
0,baum,480,non_oz_thompson,6.485132932662964
0,baum,480,contested,5.650660753250122
0,baum,481,train,3.3975419029593468
0,baum,481,baum,3.9039710760116577
0,baum,481,thompson,6.086145877838135
0,baum,481,dickens,7.004630049069722
0,baum,481,melville,7.284800946712494
0,baum,481,wells,7.155558268229167
0,baum,481,austen,7.3420326709747314
0,baum,481,fitzgerald,7.237740887535943
0,baum,481,twain,6.531423091888428
0,baum,481,non_oz_baum,5.22898542881012
0,baum,481,non_oz_thompson,6.4956159591674805
0,baum,481,contested,5.643562078475952
0,baum,482,train,3.388400264084339
0,baum,482,baum,3.898488461971283
0,baum,482,thompson,6.092028856277466
0,baum,482,dickens,6.982520182927449
0,baum,482,melville,7.249934613704681
0,baum,482,wells,7.110993067423503
0,baum,482,austen,7.260483026504517
0,baum,482,fitzgerald,7.202370749579536
0,baum,482,twain,6.523160616556804
0,baum,482,non_oz_baum,5.254396677017212
0,baum,482,non_oz_thompson,6.501177787780762
0,baum,482,contested,5.671216726303101
0,baum,483,train,3.3936202973127365
0,baum,483,baum,3.896164238452912
0,baum,483,thompson,6.107288479804993
0,baum,483,dickens,6.997910380363464
0,baum,483,melville,7.274445354938507
0,baum,483,wells,7.145167827606201
0,baum,483,austen,7.271481513977051
0,baum,483,fitzgerald,7.222960895962185
0,baum,483,twain,6.569106340408325
0,baum,483,non_oz_baum,5.285702228546143
0,baum,483,non_oz_thompson,6.5075764656066895
0,baum,483,contested,5.694804549217224
0,baum,484,train,3.3940556794404984
0,baum,484,baum,3.897132992744446
0,baum,484,thompson,6.086295366287232
0,baum,484,dickens,6.973859667778015
0,baum,484,melville,7.244844734668732
0,baum,484,wells,7.130876541137695
0,baum,484,austen,7.249074459075928
0,baum,484,fitzgerald,7.19719574186537
0,baum,484,twain,6.53515346844991
0,baum,484,non_oz_baum,5.259297609329224
0,baum,484,non_oz_thompson,6.510367155075073
0,baum,484,contested,5.666383147239685
0,baum,485,train,3.374063268303871
0,baum,485,baum,3.909816145896912
0,baum,485,thompson,6.060818791389465
0,baum,485,dickens,6.983844518661499
0,baum,485,melville,7.270807802677154
0,baum,485,wells,7.10977824529012
0,baum,485,austen,7.292666435241699
0,baum,485,fitzgerald,7.196950170728895
0,baum,485,twain,6.513517697652181
0,baum,485,non_oz_baum,5.226119637489319
0,baum,485,non_oz_thompson,6.462163925170898
0,baum,485,contested,5.625423550605774
0,baum,486,train,3.3739371076226234
0,baum,486,baum,3.89181137084961
0,baum,486,thompson,6.088453531265259
0,baum,486,dickens,6.959476033846538
0,baum,486,melville,7.262493908405304
0,baum,486,wells,7.095584710439046
0,baum,486,austen,7.222803354263306
0,baum,486,fitzgerald,7.203994803958469
0,baum,486,twain,6.5393327077229815
0,baum,486,non_oz_baum,5.274516701698303
0,baum,486,non_oz_thompson,6.492033243179321
0,baum,486,contested,5.682415723800659
0,baum,487,train,3.376918815076351
0,baum,487,baum,3.881702661514282
0,baum,487,thompson,6.10741913318634
0,baum,487,dickens,7.037093083063762
0,baum,487,melville,7.292579412460327
0,baum,487,wells,7.164104143778483
0,baum,487,austen,7.315871000289917
0,baum,487,fitzgerald,7.237317350175646
0,baum,487,twain,6.560572385787964
0,baum,487,non_oz_baum,5.2785691022872925
0,baum,487,non_oz_thompson,6.529531002044678
0,baum,487,contested,5.684837818145752
0,baum,488,train,3.387635298073292
0,baum,488,baum,3.887839436531067
0,baum,488,thompson,6.072453022003174
0,baum,488,dickens,7.00696059068044
0,baum,488,melville,7.256900072097778
0,baum,488,wells,7.1411614418029785
0,baum,488,austen,7.294257402420044
0,baum,488,fitzgerald,7.180129104190403
0,baum,488,twain,6.511737585067749
0,baum,488,non_oz_baum,5.213798880577087
0,baum,488,non_oz_thompson,6.494208335876465
0,baum,488,contested,5.629790186882019
0,baum,489,train,3.3650385439395905
0,baum,489,baum,3.892999470233917
0,baum,489,thompson,6.080462455749512
0,baum,489,dickens,6.95681631565094
0,baum,489,melville,7.167036473751068
0,baum,489,wells,7.084322293599446
0,baum,489,austen,7.211846828460693
0,baum,489,fitzgerald,7.130894819895427
0,baum,489,twain,6.477669715881348
0,baum,489,non_oz_baum,5.22456955909729
0,baum,489,non_oz_thompson,6.483491659164429
0,baum,489,contested,5.651450872421265
0,baum,490,train,3.370279721915722
0,baum,490,baum,3.902243494987488
0,baum,490,thompson,6.126074910163879
0,baum,490,dickens,7.024253209431966
0,baum,490,melville,7.296822249889374
0,baum,490,wells,7.163976828257243
0,baum,490,austen,7.308954954147339
0,baum,490,fitzgerald,7.223182572258843
0,baum,490,twain,6.559571186701457
0,baum,490,non_oz_baum,5.303087115287781
0,baum,490,non_oz_thompson,6.536845445632935
0,baum,490,contested,5.697520732879639
0,baum,491,train,3.3743776604533195
0,baum,491,baum,3.901467382907867
0,baum,491,thompson,6.108857750892639
0,baum,491,dickens,7.000064055124919
0,baum,491,melville,7.254813492298126
0,baum,491,wells,7.141092141469319
0,baum,491,austen,7.249095439910889
0,baum,491,fitzgerald,7.212951077355279
0,baum,491,twain,6.544101556142171
0,baum,491,non_oz_baum,5.267008304595947
0,baum,491,non_oz_thompson,6.535910129547119
0,baum,491,contested,5.689078211784363
0,baum,492,train,3.371752955019474
0,baum,492,baum,3.904125154018402
0,baum,492,thompson,6.083770871162415
0,baum,492,dickens,7.01683251063029
0,baum,492,melville,7.284938454627991
0,baum,492,wells,7.14945920308431
0,baum,492,austen,7.309706211090088
0,baum,492,fitzgerald,7.225636429256863
0,baum,492,twain,6.529655536015828
0,baum,492,non_oz_baum,5.2651002407073975
0,baum,492,non_oz_thompson,6.517591953277588
0,baum,492,contested,5.6559213399887085
0,baum,493,train,3.3718110993504524
0,baum,493,baum,3.889221370220184
0,baum,493,thompson,6.095811009407044
0,baum,493,dickens,7.013454596201579
0,baum,493,melville,7.285882532596588
0,baum,493,wells,7.135784149169922
0,baum,493,austen,7.3446574211120605
0,baum,493,fitzgerald,7.229707294040256
0,baum,493,twain,6.542980909347534
0,baum,493,non_oz_baum,5.269462943077087
0,baum,493,non_oz_thompson,6.495563507080078
0,baum,493,contested,5.676935195922852
0,baum,494,train,3.370267078280449
0,baum,494,baum,3.906979143619538
0,baum,494,thompson,6.142836928367615
0,baum,494,dickens,7.061322013537089
0,baum,494,melville,7.301282525062561
0,baum,494,wells,7.192754586537679
0,baum,494,austen,7.323759078979492
0,baum,494,fitzgerald,7.230108896891276
0,baum,494,twain,6.56004532178243
0,baum,494,non_oz_baum,5.2932049036026
0,baum,494,non_oz_thompson,6.564086437225342
0,baum,494,contested,5.713260769844055
0,baum,495,train,3.359472759068012
0,baum,495,baum,3.885561048984528
0,baum,495,thompson,6.083005309104919
0,baum,495,dickens,6.998127420743306
0,baum,495,melville,7.234799802303314
0,baum,495,wells,7.122989018758138
0,baum,495,austen,7.275209665298462
0,baum,495,fitzgerald,7.182751125759548
0,baum,495,twain,6.505985498428345
0,baum,495,non_oz_baum,5.241447329521179
0,baum,495,non_oz_thompson,6.493389129638672
0,baum,495,contested,5.645374298095703
0,baum,496,train,3.3666223660111427
0,baum,496,baum,3.8963968753814697
0,baum,496,thompson,6.094305872917175
0,baum,496,dickens,7.007367213567098
0,baum,496,melville,7.266940057277679
0,baum,496,wells,7.141915798187256
0,baum,496,austen,7.281979084014893
0,baum,496,fitzgerald,7.1994505988227
0,baum,496,twain,6.523411194483439
0,baum,496,non_oz_baum,5.240767121315002
0,baum,496,non_oz_thompson,6.510858058929443
0,baum,496,contested,5.662250876426697
0,baum,497,train,3.359358198940754
0,baum,497,baum,3.89639550447464
0,baum,497,thompson,6.1671611070632935
0,baum,497,dickens,7.098881483078003
0,baum,497,melville,7.377780079841614
0,baum,497,wells,7.254687627156575
0,baum,497,austen,7.403521537780762
0,baum,497,fitzgerald,7.337684790293376
0,baum,497,twain,6.648087342580159
0,baum,497,non_oz_baum,5.341710805892944
0,baum,497,non_oz_thompson,6.589002370834351
0,baum,497,contested,5.743168234825134
0,baum,498,train,3.355247423052788
0,baum,498,baum,3.881172597408295
0,baum,498,thompson,6.0980304479599
0,baum,498,dickens,7.026421189308167
0,baum,498,melville,7.295567691326141
0,baum,498,wells,7.1540633837382
0,baum,498,austen,7.296113014221191
0,baum,498,fitzgerald,7.227595647176106
0,baum,498,twain,6.553022543589274
0,baum,498,non_oz_baum,5.256152868270874
0,baum,498,non_oz_thompson,6.507781744003296
0,baum,498,contested,5.6711742877960205
0,baum,499,train,3.353002943098545
0,baum,499,baum,3.8806390166282654
0,baum,499,thompson,6.111915349960327
0,baum,499,dickens,7.015475710233052
0,baum,499,melville,7.242377281188965
0,baum,499,wells,7.15779987970988
0,baum,499,austen,7.262457132339477
0,baum,499,fitzgerald,7.228421052296956
0,baum,499,twain,6.546179294586182
0,baum,499,non_oz_baum,5.265784978866577
0,baum,499,non_oz_thompson,6.522768497467041
0,baum,499,contested,5.683550715446472
0,baum,500,train,3.3522735312581062
0,baum,500,baum,3.918484628200531
0,baum,500,thompson,6.12070906162262
0,baum,500,dickens,7.024016221364339
0,baum,500,melville,7.260607242584228
0,baum,500,wells,7.145633061726888
0,baum,500,austen,7.293571710586548
0,baum,500,fitzgerald,7.205592791239421
0,baum,500,twain,6.525865872701009
0,baum,500,non_oz_baum,5.277331233024597
0,baum,500,non_oz_thompson,6.52352499961853
0,baum,500,contested,5.687204003334045
0,baum,501,train,3.367284022271633
0,baum,501,baum,3.9037795066833496
0,baum,501,thompson,6.133825063705444
0,baum,501,dickens,7.066807945569356
0,baum,501,melville,7.332519173622131
0,baum,501,wells,7.210361003875732
0,baum,501,austen,7.359172105789185
0,baum,501,fitzgerald,7.2910542488098145
0,baum,501,twain,6.5908083120981855
0,baum,501,non_oz_baum,5.300315856933594
0,baum,501,non_oz_thompson,6.550786972045898
0,baum,501,contested,5.70679235458374
0,baum,502,train,3.3431394323706627
0,baum,502,baum,3.89778333902359
0,baum,502,thompson,6.124538779258728
0,baum,502,dickens,7.02660886446635
0,baum,502,melville,7.267427980899811
0,baum,502,wells,7.150683561960856
0,baum,502,austen,7.30204176902771
0,baum,502,fitzgerald,7.22464312447442
0,baum,502,twain,6.536965290705363
0,baum,502,non_oz_baum,5.2794716358184814
0,baum,502,non_oz_thompson,6.531477928161621
0,baum,502,contested,5.6949275732040405
0,baum,503,train,3.3440384194254875
0,baum,503,baum,3.8875540494918814
0,baum,503,thompson,6.089947462081909
0,baum,503,dickens,7.014411369959514
0,baum,503,melville,7.216552436351776
0,baum,503,wells,7.135754585266113
0,baum,503,austen,7.265233039855957
0,baum,503,fitzgerald,7.19796535703871
0,baum,503,twain,6.498740275700887
0,baum,503,non_oz_baum,5.229191303253174
0,baum,503,non_oz_thompson,6.511678695678711
0,baum,503,contested,5.664823889732361
0,baum,504,train,3.3577507734298706
0,baum,504,baum,3.906177461147308
0,baum,504,thompson,6.150655269622803
0,baum,504,dickens,7.10353406270345
0,baum,504,melville,7.329240024089813
0,baum,504,wells,7.224308331807454
0,baum,504,austen,7.388507843017578
0,baum,504,fitzgerald,7.288133091396755
0,baum,504,twain,6.588099559148152
0,baum,504,non_oz_baum,5.301736950874329
0,baum,504,non_oz_thompson,6.563556909561157
0,baum,504,contested,5.703427672386169
0,baum,505,train,3.3423936143517494
0,baum,505,baum,3.892111659049988
0,baum,505,thompson,6.161375999450684
0,baum,505,dickens,7.088983654975891
0,baum,505,melville,7.34976589679718
0,baum,505,wells,7.231616655985515
0,baum,505,austen,7.353038787841797
0,baum,505,fitzgerald,7.300112618340386
0,baum,505,twain,6.602481524149577
0,baum,505,non_oz_baum,5.3161163330078125
0,baum,505,non_oz_thompson,6.580554485321045
0,baum,505,contested,5.723106026649475
0,baum,506,train,3.3387975618243217
0,baum,506,baum,3.88864016532898
0,baum,506,thompson,6.162565112113953
0,baum,506,dickens,7.107459346453349
0,baum,506,melville,7.373687922954559
0,baum,506,wells,7.265016396840413
0,baum,506,austen,7.40408992767334
0,baum,506,fitzgerald,7.306419107649061
0,baum,506,twain,6.627937157948812
0,baum,506,non_oz_baum,5.314933657646179
0,baum,506,non_oz_thompson,6.566843271255493
0,baum,506,contested,5.710209965705872
0,baum,507,train,3.3449677750468254
0,baum,507,baum,3.88984489440918
0,baum,507,thompson,6.14810585975647
0,baum,507,dickens,7.064622124036153
0,baum,507,melville,7.346738278865814
0,baum,507,wells,7.199870904286702
0,baum,507,austen,7.344710350036621
0,baum,507,fitzgerald,7.27843878004286
0,baum,507,twain,6.593436638514201
0,baum,507,non_oz_baum,5.303600549697876
0,baum,507,non_oz_thompson,6.553545475006104
0,baum,507,contested,5.709912657737732
0,baum,508,train,3.3383917212486267
0,baum,508,baum,3.886923253536224
0,baum,508,thompson,6.1693466901779175
0,baum,508,dickens,7.0689698457717896
0,baum,508,melville,7.298003554344177
0,baum,508,wells,7.2245774269104
0,baum,508,austen,7.300056219100952
0,baum,508,fitzgerald,7.25329605738322
0,baum,508,twain,6.582843065261841
0,baum,508,non_oz_baum,5.305349469184876
0,baum,508,non_oz_thompson,6.576815128326416
0,baum,508,contested,5.740554690361023
0,baum,509,train,3.3267064318060875
0,baum,509,baum,3.874007105827332
0,baum,509,thompson,6.14446496963501
0,baum,509,dickens,7.061942299207051
0,baum,509,melville,7.334092020988464
0,baum,509,wells,7.233814080556233
0,baum,509,austen,7.356844425201416
0,baum,509,fitzgerald,7.282026926676433
0,baum,509,twain,6.60101056098938
0,baum,509,non_oz_baum,5.2948445081710815
0,baum,509,non_oz_thompson,6.560513734817505
0,baum,509,contested,5.717043995857239
0,baum,510,train,3.330628052353859
0,baum,510,baum,3.880506575107576
0,baum,510,thompson,6.166913032531738
0,baum,510,dickens,7.072478572527568
0,baum,510,melville,7.351193428039551
0,baum,510,wells,7.229584534962972
0,baum,510,austen,7.379794120788574
0,baum,510,fitzgerald,7.314812342325847
0,baum,510,twain,6.623474359512329
0,baum,510,non_oz_baum,5.332487344741821
0,baum,510,non_oz_thompson,6.569305419921875
0,baum,510,contested,5.742698550224304
0,baum,511,train,3.3463938012719154
0,baum,511,baum,3.8728564977645874
0,baum,511,thompson,6.144486904144287
0,baum,511,dickens,7.062801996866862
0,baum,511,melville,7.32062691450119
0,baum,511,wells,7.210744222005208
0,baum,511,austen,7.344461441040039
0,baum,511,fitzgerald,7.243948035769993
0,baum,511,twain,6.5725486278533936
0,baum,511,non_oz_baum,5.302968740463257
0,baum,511,non_oz_thompson,6.547223806381226
0,baum,511,contested,5.706519603729248
0,baum,512,train,3.3323510512709618
0,baum,512,baum,3.870957732200623
0,baum,512,thompson,6.093857407569885
0,baum,512,dickens,7.028749942779541
0,baum,512,melville,7.273479700088501
0,baum,512,wells,7.17224105199178
0,baum,512,austen,7.327843904495239
0,baum,512,fitzgerald,7.23395660188463
0,baum,512,twain,6.544137477874756
0,baum,512,non_oz_baum,5.239028930664063
0,baum,512,non_oz_thompson,6.513944387435913
0,baum,512,contested,5.665657043457031
0,baum,513,train,3.338100656867028
0,baum,513,baum,3.891968071460724
0,baum,513,thompson,6.154488205909729
0,baum,513,dickens,7.081194241841634
0,baum,513,melville,7.339904069900513
0,baum,513,wells,7.226053873697917
0,baum,513,austen,7.373603582382202
0,baum,513,fitzgerald,7.292612499660915
0,baum,513,twain,6.604385614395142
0,baum,513,non_oz_baum,5.316853284835815
0,baum,513,non_oz_thompson,6.562445640563965
0,baum,513,contested,5.725753784179688
0,baum,514,train,3.327686905860901
0,baum,514,baum,3.877872109413147
0,baum,514,thompson,6.244816541671753
0,baum,514,dickens,7.155582745869954
0,baum,514,melville,7.427608728408813
0,baum,514,wells,7.328047593434651
0,baum,514,austen,7.468885898590088
0,baum,514,fitzgerald,7.395253287421332
0,baum,514,twain,6.7024985154469805
0,baum,514,non_oz_baum,5.39243221282959
0,baum,514,non_oz_thompson,6.635672092437744
0,baum,514,contested,5.814670562744141
0,baum,515,train,3.33113780617714
0,baum,515,baum,3.877206027507782
0,baum,515,thompson,6.159356474876404
0,baum,515,dickens,7.122818152109782
0,baum,515,melville,7.393624365329742
0,baum,515,wells,7.255422433217366
0,baum,515,austen,7.462402582168579
0,baum,515,fitzgerald,7.305390146043566
0,baum,515,twain,6.592930634816487
0,baum,515,non_oz_baum,5.291789293289185
0,baum,515,non_oz_thompson,6.580827951431274
0,baum,515,contested,5.710734605789185
0,baum,516,train,3.309739574790001
0,baum,516,baum,3.866312325000763
0,baum,516,thompson,6.161370635032654
0,baum,516,dickens,7.0710543394088745
0,baum,516,melville,7.349717140197754
0,baum,516,wells,7.207577546437581
0,baum,516,austen,7.3401572704315186
0,baum,516,fitzgerald,7.29591883553399
0,baum,516,twain,6.609421253204346
0,baum,516,non_oz_baum,5.32003664970398
0,baum,516,non_oz_thompson,6.573217153549194
0,baum,516,contested,5.721863150596619
0,baum,517,train,3.324610859155655
0,baum,517,baum,3.86779910326004
0,baum,517,thompson,6.169064402580261
0,baum,517,dickens,7.102358261744182
0,baum,517,melville,7.375409424304962
0,baum,517,wells,7.24065367380778
0,baum,517,austen,7.366147994995117
0,baum,517,fitzgerald,7.334673828548855
0,baum,517,twain,6.642876704533895
0,baum,517,non_oz_baum,5.32673978805542
0,baum,517,non_oz_thompson,6.592551708221436
0,baum,517,contested,5.735525965690613
0,baum,518,train,3.3021199852228165
0,baum,518,baum,3.868017733097077
0,baum,518,thompson,6.155484437942505
0,baum,518,dickens,7.073316931724548
0,baum,518,melville,7.334516704082489
0,baum,518,wells,7.209707101186116
0,baum,518,austen,7.357212066650391
0,baum,518,fitzgerald,7.276736259460449
0,baum,518,twain,6.598074118296306
0,baum,518,non_oz_baum,5.297113537788391
0,baum,518,non_oz_thompson,6.563015699386597
0,baum,518,contested,5.727592825889587
0,baum,519,train,3.3141021728515625
0,baum,519,baum,3.888097405433655
0,baum,519,thompson,6.234819889068604
0,baum,519,dickens,7.1825030247370405
0,baum,519,melville,7.401674211025238
0,baum,519,wells,7.3001430829366045
0,baum,519,austen,7.427177906036377
0,baum,519,fitzgerald,7.3489121860928
0,baum,519,twain,6.668715397516887
0,baum,519,non_oz_baum,5.374444842338562
0,baum,519,non_oz_thompson,6.631367921829224
0,baum,519,contested,5.799276947975159
0,baum,520,train,3.3109654411673546
0,baum,520,baum,3.8666374683380127
0,baum,520,thompson,6.1390700340271
0,baum,520,dickens,7.094554622968038
0,baum,520,melville,7.295523941516876
0,baum,520,wells,7.189092795054118
0,baum,520,austen,7.334403991699219
0,baum,520,fitzgerald,7.265149487389459
0,baum,520,twain,6.572979688644409
0,baum,520,non_oz_baum,5.278826117515564
0,baum,520,non_oz_thompson,6.570166349411011
0,baum,520,contested,5.702620029449463
0,baum,521,train,3.3147496804595
0,baum,521,baum,3.884905815124512
0,baum,521,thompson,6.186904788017273
0,baum,521,dickens,7.144275903701782
0,baum,521,melville,7.394101738929747
0,baum,521,wells,7.280965963999431
0,baum,521,austen,7.422536611557007
0,baum,521,fitzgerald,7.343551688724094
0,baum,521,twain,6.648789405822754
0,baum,521,non_oz_baum,5.33073627948761
0,baum,521,non_oz_thompson,6.613250255584717
0,baum,521,contested,5.757014870643616
0,baum,522,train,3.3079883754253387
0,baum,522,baum,3.875104248523712
0,baum,522,thompson,6.199810981750488
0,baum,522,dickens,7.149080395698547
0,baum,522,melville,7.429320514202118
0,baum,522,wells,7.269144376118978
0,baum,522,austen,7.449443817138672
0,baum,522,fitzgerald,7.368362532721625
0,baum,522,twain,6.67055344581604
0,baum,522,non_oz_baum,5.364154815673828
0,baum,522,non_oz_thompson,6.62360143661499
0,baum,522,contested,5.766967535018921
0,baum,523,train,3.3281279504299164
0,baum,523,baum,3.872629404067993
0,baum,523,thompson,6.176590919494629
0,baum,523,dickens,7.1361821095148725
0,baum,523,melville,7.419609010219574
0,baum,523,wells,7.283591747283935
0,baum,523,austen,7.45509934425354
0,baum,523,fitzgerald,7.388560930887858
0,baum,523,twain,6.668115297953288
0,baum,523,non_oz_baum,5.318055152893066
0,baum,523,non_oz_thompson,6.585129976272583
0,baum,523,contested,5.727842569351196
0,baum,524,train,3.308712370693684
0,baum,524,baum,3.851064682006836
0,baum,524,thompson,6.196999549865723
0,baum,524,dickens,7.146990974744161
0,baum,524,melville,7.441760301589966
0,baum,524,wells,7.281104564666748
0,baum,524,austen,7.4216578006744385
0,baum,524,fitzgerald,7.407709863450792
0,baum,524,twain,6.688404321670532
0,baum,524,non_oz_baum,5.331268072128296
0,baum,524,non_oz_thompson,6.617009878158569
0,baum,524,contested,5.756266951560974
0,baum,525,train,3.3189528211951256
0,baum,525,baum,3.8669455647468567
0,baum,525,thompson,6.244584321975708
0,baum,525,dickens,7.155492107073466
0,baum,525,melville,7.429303467273712
0,baum,525,wells,7.3058498700459795
0,baum,525,austen,7.40567135810852
0,baum,525,fitzgerald,7.392919328477648
0,baum,525,twain,6.709116538365682
0,baum,525,non_oz_baum,5.388216495513916
0,baum,525,non_oz_thompson,6.6511945724487305
0,baum,525,contested,5.814623951911926
0,baum,526,train,3.3082344830036163
0,baum,526,baum,3.899853467941284
0,baum,526,thompson,6.243757843971252
0,baum,526,dickens,7.195995608965556
0,baum,526,melville,7.443004071712494
0,baum,526,wells,7.340303738911946
0,baum,526,austen,7.455029249191284
0,baum,526,fitzgerald,7.381060229407416
0,baum,526,twain,6.685650746027629
0,baum,526,non_oz_baum,5.389356732368469
0,baum,526,non_oz_thompson,6.6578288078308105
0,baum,526,contested,5.80298125743866
0,baum,527,train,3.308360390365124
0,baum,527,baum,3.864144504070282
0,baum,527,thompson,6.185019850730896
0,baum,527,dickens,7.155492822329204
0,baum,527,melville,7.421590447425842
0,baum,527,wells,7.306007862091064
0,baum,527,austen,7.450895309448242
0,baum,527,fitzgerald,7.380865679846869
0,baum,527,twain,6.670460383097331
0,baum,527,non_oz_baum,5.332383155822754
0,baum,527,non_oz_thompson,6.622131586074829
0,baum,527,contested,5.749964594841003
0,baum,528,train,3.29623019695282
0,baum,528,baum,3.867762327194214
0,baum,528,thompson,6.169866681098938
0,baum,528,dickens,7.147528886795044
0,baum,528,melville,7.412065386772156
0,baum,528,wells,7.29470698038737
0,baum,528,austen,7.480157852172852
0,baum,528,fitzgerald,7.306958357493083
0,baum,528,twain,6.592426776885986
0,baum,528,non_oz_baum,5.30747663974762
0,baum,528,non_oz_thompson,6.580085277557373
0,baum,528,contested,5.70492696762085
0,baum,529,train,3.308601684868336
0,baum,529,baum,3.864052891731262
0,baum,529,thompson,6.195691347122192
0,baum,529,dickens,7.154544989267985
0,baum,529,melville,7.40286260843277
0,baum,529,wells,7.294509092966716
0,baum,529,austen,7.456928730010986
0,baum,529,fitzgerald,7.3658094935947
0,baum,529,twain,6.658550977706909
0,baum,529,non_oz_baum,5.3513160943984985
0,baum,529,non_oz_thompson,6.6286327838897705
0,baum,529,contested,5.757851600646973
0,baum,530,train,3.2897942438721657
0,baum,530,baum,3.853803217411041
0,baum,530,thompson,6.1770888566970825
0,baum,530,dickens,7.188405513763428
0,baum,530,melville,7.442385792732239
0,baum,530,wells,7.338348070780436
0,baum,530,austen,7.48364782333374
0,baum,530,fitzgerald,7.3573521508110895
0,baum,530,twain,6.651756207148234
0,baum,530,non_oz_baum,5.315552473068237
0,baum,530,non_oz_thompson,6.619949579238892
0,baum,530,contested,5.724723696708679
0,baum,531,train,3.2937098369002342
0,baum,531,baum,3.865136623382568
0,baum,531,thompson,6.210851550102234
0,baum,531,dickens,7.103553493817647
0,baum,531,melville,7.3196187019348145
0,baum,531,wells,7.232380231221517
0,baum,531,austen,7.3364338874816895
0,baum,531,fitzgerald,7.300992435879177
0,baum,531,twain,6.600121100743611
0,baum,531,non_oz_baum,5.347420811653137
0,baum,531,non_oz_thompson,6.6295225620269775
0,baum,531,contested,5.785664319992065
0,baum,532,train,3.317059114575386
0,baum,532,baum,3.8635237216949454
0,baum,532,thompson,6.183992385864258
0,baum,532,dickens,7.135567903518677
0,baum,532,melville,7.389364719390869
0,baum,532,wells,7.282212098439534
0,baum,532,austen,7.429238796234131
0,baum,532,fitzgerald,7.350533485412598
0,baum,532,twain,6.636592467625936
0,baum,532,non_oz_baum,5.307812929153442
0,baum,532,non_oz_thompson,6.623747825622559
0,baum,532,contested,5.737324357032776
0,baum,533,train,3.2894404157996178
0,baum,533,baum,3.86751925945282
0,baum,533,thompson,6.240801334381104
0,baum,533,dickens,7.212414224942525
0,baum,533,melville,7.460416376590729
0,baum,533,wells,7.357724825541179
0,baum,533,austen,7.531766176223755
0,baum,533,fitzgerald,7.397617234124078
0,baum,533,twain,6.682184139887492
0,baum,533,non_oz_baum,5.382349848747253
0,baum,533,non_oz_thompson,6.643597841262817
0,baum,533,contested,5.785932183265686
0,baum,534,train,3.2977935299277306
0,baum,534,baum,3.854704678058624
0,baum,534,thompson,6.232268929481506
0,baum,534,dickens,7.1990424791971845
0,baum,534,melville,7.4715593457221985
0,baum,534,wells,7.346222082773845
0,baum,534,austen,7.476837396621704
0,baum,534,fitzgerald,7.410523891448975
0,baum,534,twain,6.710444370905559
0,baum,534,non_oz_baum,5.3762654066085815
0,baum,534,non_oz_thompson,6.660844564437866
0,baum,534,contested,5.804728984832764
0,baum,535,train,3.306212991476059
0,baum,535,baum,3.88495409488678
0,baum,535,thompson,6.218472480773926
0,baum,535,dickens,7.166900833447774
0,baum,535,melville,7.442094206809998
0,baum,535,wells,7.29388968149821
0,baum,535,austen,7.45810079574585
0,baum,535,fitzgerald,7.383715046776666
0,baum,535,twain,6.6582348346710205
0,baum,535,non_oz_baum,5.356802940368652
0,baum,535,non_oz_thompson,6.629284858703613
0,baum,535,contested,5.7744632959365845
0,baum,536,train,3.2787404730916023
0,baum,536,baum,3.8772204518318176
0,baum,536,thompson,6.272319912910461
0,baum,536,dickens,7.233304103215535
0,baum,536,melville,7.440763294696808
0,baum,536,wells,7.389048417409261
0,baum,536,austen,7.482253789901733
0,baum,536,fitzgerald,7.407139566209581
0,baum,536,twain,6.703390439351399
0,baum,536,non_oz_baum,5.400498986244202
0,baum,536,non_oz_thompson,6.696447372436523
0,baum,536,contested,5.821374773979187
0,baum,537,train,3.271251119673252
0,baum,537,baum,3.868191659450531
0,baum,537,thompson,6.231204986572266
0,baum,537,dickens,7.168910264968872
0,baum,537,melville,7.403545260429382
0,baum,537,wells,7.307533740997314
0,baum,537,austen,7.481315851211548
0,baum,537,fitzgerald,7.355329990386963
0,baum,537,twain,6.660836219787598
0,baum,537,non_oz_baum,5.372390151023865
0,baum,537,non_oz_thompson,6.647086381912232
0,baum,537,contested,5.790363430976868
0,baum,538,train,3.283623084425926
0,baum,538,baum,3.8524540662765503
0,baum,538,thompson,6.227324485778809
0,baum,538,dickens,7.1954664786656695
0,baum,538,melville,7.4695885181427
0,baum,538,wells,7.346097469329834
0,baum,538,austen,7.510843276977539
0,baum,538,fitzgerald,7.376843134562175
0,baum,538,twain,6.66305677096049
0,baum,538,non_oz_baum,5.354334115982056
0,baum,538,non_oz_thompson,6.647900342941284
0,baum,538,contested,5.772984981536865
0,baum,539,train,3.289752684533596
0,baum,539,baum,3.855672597885132
0,baum,539,thompson,6.230139493942261
0,baum,539,dickens,7.240431427955627
0,baum,539,melville,7.487119078636169
0,baum,539,wells,7.383312543233235
0,baum,539,austen,7.541854619979858
0,baum,539,fitzgerald,7.394186549716526
0,baum,539,twain,6.687348922093709
0,baum,539,non_oz_baum,5.352295517921448
0,baum,539,non_oz_thompson,6.647856712341309
0,baum,539,contested,5.774325489997864
0,baum,540,train,3.265099234879017
0,baum,540,baum,3.856810629367829
0,baum,540,thompson,6.2580565214157104
0,baum,540,dickens,7.316959182421367
0,baum,540,melville,7.545788109302521
0,baum,540,wells,7.461196263631185
0,baum,540,austen,7.60549521446228
0,baum,540,fitzgerald,7.486177232530382
0,baum,540,twain,6.749889850616455
0,baum,540,non_oz_baum,5.387698531150818
0,baum,540,non_oz_thompson,6.706535577774048
0,baum,540,contested,5.802397012710571
0,baum,541,train,3.2660721614956856
0,baum,541,baum,3.858840763568878
0,baum,541,thompson,6.248934268951416
0,baum,541,dickens,7.227003693580627
0,baum,541,melville,7.467272758483887
0,baum,541,wells,7.354783376057942
0,baum,541,austen,7.537944078445435
0,baum,541,fitzgerald,7.3839096493191185
0,baum,541,twain,6.690134048461914
0,baum,541,non_oz_baum,5.391041994094849
0,baum,541,non_oz_thompson,6.659198999404907
0,baum,541,contested,5.808881878852844
0,baum,542,train,3.268746316432953
0,baum,542,baum,3.83025735616684
0,baum,542,thompson,6.212225914001465
0,baum,542,dickens,7.166925112406413
0,baum,542,melville,7.452638149261475
0,baum,542,wells,7.302191734313965
0,baum,542,austen,7.4410271644592285
0,baum,542,fitzgerald,7.381515661875407
0,baum,542,twain,6.67081864674886
0,baum,542,non_oz_baum,5.333458065986633
0,baum,542,non_oz_thompson,6.636204481124878
0,baum,542,contested,5.772256970405579
0,baum,543,train,3.27246380597353
0,baum,543,baum,3.822272479534149
0,baum,543,thompson,6.209532260894775
0,baum,543,dickens,7.142325242360433
0,baum,543,melville,7.401526391506195
0,baum,543,wells,7.252792040506999
0,baum,543,austen,7.446094989776611
0,baum,543,fitzgerald,7.336457782321506
0,baum,543,twain,6.642728090286255
0,baum,543,non_oz_baum,5.359153866767883
0,baum,543,non_oz_thompson,6.619569778442383
0,baum,543,contested,5.772192001342773
0,baum,544,train,3.291281521320343
0,baum,544,baum,3.849252939224243
0,baum,544,thompson,6.242745041847229
0,baum,544,dickens,7.255855162938436
0,baum,544,melville,7.486435294151306
0,baum,544,wells,7.387871265411377
0,baum,544,austen,7.580421924591064
0,baum,544,fitzgerald,7.416471799214681
0,baum,544,twain,6.695354143778483
0,baum,544,non_oz_baum,5.372895002365112
0,baum,544,non_oz_thompson,6.665755271911621
0,baum,544,contested,5.777512192726135
0,baum,545,train,3.2698778212070465
0,baum,545,baum,3.8509357571601854
0,baum,545,thompson,6.259617924690247
0,baum,545,dickens,7.289961059888204
0,baum,545,melville,7.527142345905304
0,baum,545,wells,7.426835219065349
0,baum,545,austen,7.596658945083618
0,baum,545,fitzgerald,7.471496158175999
0,baum,545,twain,6.731692314147949
0,baum,545,non_oz_baum,5.3687227964401245
0,baum,545,non_oz_thompson,6.690204381942749
0,baum,545,contested,5.790193915367127
0,baum,546,train,3.2658933475613594
0,baum,546,baum,3.8129905462265015
0,baum,546,thompson,6.2276376485824585
0,baum,546,dickens,7.225713769594829
0,baum,546,melville,7.494300305843353
0,baum,546,wells,7.348828156789144
0,baum,546,austen,7.565286874771118
0,baum,546,fitzgerald,7.428883817460802
0,baum,546,twain,6.692178090413411
0,baum,546,non_oz_baum,5.372300744056702
0,baum,546,non_oz_thompson,6.670549154281616
0,baum,546,contested,5.780465245246887
0,baum,547,train,3.2568032518029213
0,baum,547,baum,3.8084237575531006
0,baum,547,thompson,6.194029808044434
0,baum,547,dickens,7.131334543228149
0,baum,547,melville,7.391635715961456
0,baum,547,wells,7.263635158538818
0,baum,547,austen,7.417802810668945
0,baum,547,fitzgerald,7.35641516579522
0,baum,547,twain,6.640515486399333
0,baum,547,non_oz_baum,5.318792581558228
0,baum,547,non_oz_thompson,6.644132852554321
0,baum,547,contested,5.765628814697266
0,baum,548,train,3.268703192472458
0,baum,548,baum,3.83142226934433
0,baum,548,thompson,6.226054072380066
0,baum,548,dickens,7.22386360168457
0,baum,548,melville,7.4886526465415955
0,baum,548,wells,7.3641401926676435
0,baum,548,austen,7.530966758728027
0,baum,548,fitzgerald,7.412085586123997
0,baum,548,twain,6.699585358301799
0,baum,548,non_oz_baum,5.346707344055176
0,baum,548,non_oz_thompson,6.64630913734436
0,baum,548,contested,5.7730207443237305
0,baum,549,train,3.261226788163185
0,baum,549,baum,3.82497763633728
0,baum,549,thompson,6.234673380851746
0,baum,549,dickens,7.221886356671651
0,baum,549,melville,7.491427779197693
0,baum,549,wells,7.383574326833089
0,baum,549,austen,7.539799928665161
0,baum,549,fitzgerald,7.409357971615261
0,baum,549,twain,6.696768681208293
0,baum,549,non_oz_baum,5.363394498825073
0,baum,549,non_oz_thompson,6.667880058288574
0,baum,549,contested,5.7813392877578735
0,baum,550,train,3.2510151863098145
0,baum,550,baum,3.83839350938797
0,baum,550,thompson,6.238548159599304
0,baum,550,dickens,7.211311380068461
0,baum,550,melville,7.496014893054962
0,baum,550,wells,7.346078236897786
0,baum,550,austen,7.525848865509033
0,baum,550,fitzgerald,7.4213559362623425
0,baum,550,twain,6.695721546808879
0,baum,550,non_oz_baum,5.370328187942505
0,baum,550,non_oz_thompson,6.659954071044922
0,baum,550,contested,5.800644159317017
0,baum,551,train,3.246482141315937
0,baum,551,baum,3.8385109901428223
0,baum,551,thompson,6.2411452531814575
0,baum,551,dickens,7.2607505321502686
0,baum,551,melville,7.50667130947113
0,baum,551,wells,7.41348918279012
0,baum,551,austen,7.580562591552734
0,baum,551,fitzgerald,7.432791815863715
0,baum,551,twain,6.702120780944824
0,baum,551,non_oz_baum,5.353139400482178
0,baum,551,non_oz_thompson,6.68360447883606
0,baum,551,contested,5.776170492172241
0,baum,552,train,3.261787123978138
0,baum,552,baum,3.8276718854904175
0,baum,552,thompson,6.2066380977630615
0,baum,552,dickens,7.16648542881012
0,baum,552,melville,7.465358018875122
0,baum,552,wells,7.310397942860921
0,baum,552,austen,7.47343897819519
0,baum,552,fitzgerald,7.395652347140842
0,baum,552,twain,6.6814939975738525
0,baum,552,non_oz_baum,5.335839748382568
0,baum,552,non_oz_thompson,6.642004728317261
0,baum,552,contested,5.765357255935669
0,baum,553,train,3.269191451370716
0,baum,553,baum,3.8278696537017822
0,baum,553,thompson,6.221706867218018
0,baum,553,dickens,7.198042710622151
0,baum,553,melville,7.473683059215546
0,baum,553,wells,7.338243802388509
0,baum,553,austen,7.48844575881958
0,baum,553,fitzgerald,7.412688361273871
0,baum,553,twain,6.690423091252645
0,baum,553,non_oz_baum,5.35747766494751
0,baum,553,non_oz_thompson,6.6574811935424805
0,baum,553,contested,5.77553129196167
0,baum,554,train,3.2456315979361534
0,baum,554,baum,3.815443634986877
0,baum,554,thompson,6.21779203414917
0,baum,554,dickens,7.164520025253296
0,baum,554,melville,7.457590162754059
0,baum,554,wells,7.301326910654704
0,baum,554,austen,7.462918996810913
0,baum,554,fitzgerald,7.4030219713846845
0,baum,554,twain,6.692518711090088
0,baum,554,non_oz_baum,5.357357263565064
0,baum,554,non_oz_thompson,6.651676654815674
0,baum,554,contested,5.788942217826843
0,baum,555,train,3.262181803584099
0,baum,555,baum,3.816763460636139
0,baum,555,thompson,6.21246612071991
0,baum,555,dickens,7.183708945910136
0,baum,555,melville,7.479095458984375
0,baum,555,wells,7.322865009307861
0,baum,555,austen,7.501800537109375
0,baum,555,fitzgerald,7.394028186798096
0,baum,555,twain,6.679111003875732
0,baum,555,non_oz_baum,5.353760361671448
0,baum,555,non_oz_thompson,6.64516019821167
0,baum,555,contested,5.769754767417908
0,baum,556,train,3.263399988412857
0,baum,556,baum,3.823554694652557
0,baum,556,thompson,6.239093065261841
0,baum,556,dickens,7.181281844774882
0,baum,556,melville,7.488857507705688
0,baum,556,wells,7.319363594055176
0,baum,556,austen,7.487222194671631
0,baum,556,fitzgerald,7.419700304667155
0,baum,556,twain,6.702577273050944
0,baum,556,non_oz_baum,5.374612331390381
0,baum,556,non_oz_thompson,6.660153388977051
0,baum,556,contested,5.80500054359436
0,baum,557,train,3.245663307607174
0,baum,557,baum,3.8327808380126953
0,baum,557,thompson,6.273216724395752
0,baum,557,dickens,7.229586958885193
0,baum,557,melville,7.505888640880585
0,baum,557,wells,7.378889719645183
0,baum,557,austen,7.519222259521484
0,baum,557,fitzgerald,7.431977907816569
0,baum,557,twain,6.737555106480916
0,baum,557,non_oz_baum,5.418480753898621
0,baum,557,non_oz_thompson,6.69631552696228
0,baum,557,contested,5.831955552101135
0,baum,558,train,3.260317765176296
0,baum,558,baum,3.830893635749817
0,baum,558,thompson,6.297760486602783
0,baum,558,dickens,7.256048123041789
0,baum,558,melville,7.517745077610016
0,baum,558,wells,7.417810916900635
0,baum,558,austen,7.525231838226318
0,baum,558,fitzgerald,7.484138276841906
0,baum,558,twain,6.770757993062337
0,baum,558,non_oz_baum,5.427755951881409
0,baum,558,non_oz_thompson,6.743258476257324
0,baum,558,contested,5.856228828430176
0,baum,559,train,3.2458680793643
0,baum,559,baum,3.8293394446372986
0,baum,559,thompson,6.272845029830933
0,baum,559,dickens,7.221670150756836
0,baum,559,melville,7.530742704868317
0,baum,559,wells,7.374878724416097
0,baum,559,austen,7.543025493621826
0,baum,559,fitzgerald,7.464726236131456
0,baum,559,twain,6.737137794494629
0,baum,559,non_oz_baum,5.409661769866943
0,baum,559,non_oz_thompson,6.695557117462158
0,baum,559,contested,5.8302106857299805
0,baum,560,train,3.247260294854641
0,baum,560,baum,3.835479021072388
0,baum,560,thompson,6.263146162033081
0,baum,560,dickens,7.23517894744873
0,baum,560,melville,7.50695127248764
0,baum,560,wells,7.405850251515706
0,baum,560,austen,7.534526586532593
0,baum,560,fitzgerald,7.416342470380995
0,baum,560,twain,6.708616495132446
0,baum,560,non_oz_baum,5.385964155197144
0,baum,560,non_oz_thompson,6.67233419418335
0,baum,560,contested,5.797383785247803
0,baum,561,train,3.243686661124229
0,baum,561,baum,3.825874567031861
0,baum,561,thompson,6.25724196434021
0,baum,561,dickens,7.265177289644877
0,baum,561,melville,7.555517971515655
0,baum,561,wells,7.403307278951009
0,baum,561,austen,7.603396654129028
0,baum,561,fitzgerald,7.47484736972385
0,baum,561,twain,6.736141363779704
0,baum,561,non_oz_baum,5.390616297721863
0,baum,561,non_oz_thompson,6.675879955291748
0,baum,561,contested,5.798568487167358
0,baum,562,train,3.2327992916107178
0,baum,562,baum,3.8256937861442566
0,baum,562,thompson,6.248048186302185
0,baum,562,dickens,7.228520234425862
0,baum,562,melville,7.504354000091553
0,baum,562,wells,7.385001500447591
0,baum,562,austen,7.540247440338135
0,baum,562,fitzgerald,7.41782644059923
0,baum,562,twain,6.706634998321533
0,baum,562,non_oz_baum,5.390392184257507
0,baum,562,non_oz_thompson,6.673960447311401
0,baum,562,contested,5.788687825202942
0,baum,563,train,3.244091600179672
0,baum,563,baum,3.8141061663627625
0,baum,563,thompson,6.249627470970154
0,baum,563,dickens,7.227721015612285
0,baum,563,melville,7.51134181022644
0,baum,563,wells,7.37368647257487
0,baum,563,austen,7.600576400756836
0,baum,563,fitzgerald,7.439135710398356
0,baum,563,twain,6.711956739425659
0,baum,563,non_oz_baum,5.376497149467468
0,baum,563,non_oz_thompson,6.6585798263549805
0,baum,563,contested,5.786132454872131
0,baum,564,train,3.245268724858761
0,baum,564,baum,3.8240694403648376
0,baum,564,thompson,6.335775852203369
0,baum,564,dickens,7.337698300679524
0,baum,564,melville,7.572080314159393
0,baum,564,wells,7.487930456797282
0,baum,564,austen,7.587038040161133
0,baum,564,fitzgerald,7.509153419070774
0,baum,564,twain,6.791308005650838
0,baum,564,non_oz_baum,5.4436928033828735
0,baum,564,non_oz_thompson,6.770287036895752
0,baum,564,contested,5.879926800727844
0,baum,565,train,3.242628052830696
0,baum,565,baum,3.816673994064331
0,baum,565,thompson,6.246198773384094
0,baum,565,dickens,7.228220423062642
0,baum,565,melville,7.508944094181061
0,baum,565,wells,7.393204847971599
0,baum,565,austen,7.542186975479126
0,baum,565,fitzgerald,7.469173166486952
0,baum,565,twain,6.728689591089885
0,baum,565,non_oz_baum,5.371457695960999
0,baum,565,non_oz_thompson,6.694484233856201
0,baum,565,contested,5.789461612701416
0,baum,566,train,3.2381463199853897
0,baum,566,baum,3.847697854042053
0,baum,566,thompson,6.315072536468506
0,baum,566,dickens,7.318531950314839
0,baum,566,melville,7.574572682380676
0,baum,566,wells,7.484909216562907
0,baum,566,austen,7.630176782608032
0,baum,566,fitzgerald,7.531562169392903
0,baum,566,twain,6.782227118810018
0,baum,566,non_oz_baum,5.4156986474990845
0,baum,566,non_oz_thompson,6.749798536300659
0,baum,566,contested,5.860068917274475
0,baum,567,train,3.2320309430360794
0,baum,567,baum,3.8220386505126953
0,baum,567,thompson,6.29671323299408
0,baum,567,dickens,7.2964417934417725
0,baum,567,melville,7.524956822395325
0,baum,567,wells,7.452784538269043
0,baum,567,austen,7.562233448028564
0,baum,567,fitzgerald,7.483338250054254
0,baum,567,twain,6.750870227813721
0,baum,567,non_oz_baum,5.413529276847839
0,baum,567,non_oz_thompson,6.729443550109863
0,baum,567,contested,5.8436359167099
0,baum,568,train,3.213571138679981
0,baum,568,baum,3.8328492045402527
0,baum,568,thompson,6.313557028770447
0,baum,568,dickens,7.348258376121521
0,baum,568,melville,7.586145520210266
0,baum,568,wells,7.491592089335124
0,baum,568,austen,7.639774560928345
0,baum,568,fitzgerald,7.513578732808431
0,baum,568,twain,6.776525020599365
0,baum,568,non_oz_baum,5.417287111282349
0,baum,568,non_oz_thompson,6.752079486846924
0,baum,568,contested,5.856010317802429
0,baum,569,train,3.219584383070469
0,baum,569,baum,3.841580510139465
0,baum,569,thompson,6.360642194747925
0,baum,569,dickens,7.364082455635071
0,baum,569,melville,7.602443873882294
0,baum,569,wells,7.53965425491333
0,baum,569,austen,7.663216829299927
0,baum,569,fitzgerald,7.552037874857585
0,baum,569,twain,6.8076878388722735
0,baum,569,non_oz_baum,5.455352544784546
0,baum,569,non_oz_thompson,6.782252311706543
0,baum,569,contested,5.892107009887695
0,baum,570,train,3.2239978462457657
0,baum,570,baum,3.854565024375916
0,baum,570,thompson,6.354493379592896
0,baum,570,dickens,7.370014230410258
0,baum,570,melville,7.582657098770142
0,baum,570,wells,7.53645658493042
0,baum,570,austen,7.639010667800903
0,baum,570,fitzgerald,7.524951087103949
0,baum,570,twain,6.802206754684448
0,baum,570,non_oz_baum,5.44944953918457
0,baum,570,non_oz_thompson,6.783575773239136
0,baum,570,contested,5.889482855796814
0,baum,571,train,3.223040625452996
0,baum,571,baum,3.8177276253700256
0,baum,571,thompson,6.28351366519928
0,baum,571,dickens,7.295772075653076
0,baum,571,melville,7.562028408050537
0,baum,571,wells,7.468212604522705
0,baum,571,austen,7.602158784866333
0,baum,571,fitzgerald,7.509002685546875
0,baum,571,twain,6.767699559529622
0,baum,571,non_oz_baum,5.392682552337647
0,baum,571,non_oz_thompson,6.730218887329102
0,baum,571,contested,5.818480134010315
0,baum,572,train,3.224349908530712
0,baum,572,baum,3.811373054981232
0,baum,572,thompson,6.323061347007752
0,baum,572,dickens,7.312058170636495
0,baum,572,melville,7.587208867073059
0,baum,572,wells,7.466983159383138
0,baum,572,austen,7.627524375915527
0,baum,572,fitzgerald,7.555371072557238
0,baum,572,twain,6.805196126302083
0,baum,572,non_oz_baum,5.444119215011597
0,baum,572,non_oz_thompson,6.761624336242676
0,baum,572,contested,5.88605797290802
0,baum,573,train,3.221589080989361
0,baum,573,baum,3.82680881023407
0,baum,573,thompson,6.3057029247283936
0,baum,573,dickens,7.291313409805298
0,baum,573,melville,7.562284231185913
0,baum,573,wells,7.457868734995524
0,baum,573,austen,7.650157928466797
0,baum,573,fitzgerald,7.487667984432644
0,baum,573,twain,6.747941652933757
0,baum,573,non_oz_baum,5.422242045402527
0,baum,573,non_oz_thompson,6.717963695526123
0,baum,573,contested,5.842989206314087
0,baum,574,train,3.2241002172231674
0,baum,574,baum,3.838201284408569
0,baum,574,thompson,6.3734776973724365
0,baum,574,dickens,7.3980962832768755
0,baum,574,melville,7.5959906578063965
0,baum,574,wells,7.579433759053548
0,baum,574,austen,7.660721063613892
0,baum,574,fitzgerald,7.574424849616157
0,baum,574,twain,6.82258677482605
0,baum,574,non_oz_baum,5.472926497459412
0,baum,574,non_oz_thompson,6.813388109207153
0,baum,574,contested,5.907112717628479
0,baum,575,train,3.213918909430504
0,baum,575,baum,3.8127720952034
0,baum,575,thompson,6.30652916431427
0,baum,575,dickens,7.304660240809123
0,baum,575,melville,7.571340382099152
0,baum,575,wells,7.462078094482422
0,baum,575,austen,7.630460262298584
0,baum,575,fitzgerald,7.540218035380046
0,baum,575,twain,6.791364987691243
0,baum,575,non_oz_baum,5.408835887908936
0,baum,575,non_oz_thompson,6.737402439117432
0,baum,575,contested,5.8479719161987305
0,baum,576,train,3.2217744141817093
0,baum,576,baum,3.806753814220429
0,baum,576,thompson,6.265730738639832
0,baum,576,dickens,7.30829377969106
0,baum,576,melville,7.56378847360611
0,baum,576,wells,7.451212406158447
0,baum,576,austen,7.670177459716797
0,baum,576,fitzgerald,7.490897920396593
0,baum,576,twain,6.731532176335652
0,baum,576,non_oz_baum,5.375572323799133
0,baum,576,non_oz_thompson,6.690871000289917
0,baum,576,contested,5.79684042930603
0,baum,577,train,3.2075695171952248
0,baum,577,baum,3.793508172035217
0,baum,577,thompson,6.309881567955017
0,baum,577,dickens,7.318963289260864
0,baum,577,melville,7.605939507484436
0,baum,577,wells,7.474998474121094
0,baum,577,austen,7.643357753753662
0,baum,577,fitzgerald,7.544600698682997
0,baum,577,twain,6.823816617329915
0,baum,577,non_oz_baum,5.4518043994903564
0,baum,577,non_oz_thompson,6.732520341873169
0,baum,577,contested,5.866324663162232
0,baum,578,train,3.204152323305607
0,baum,578,baum,3.8129363656044006
0,baum,578,thompson,6.311116099357605
0,baum,578,dickens,7.322997371355693
0,baum,578,melville,7.576241314411163
0,baum,578,wells,7.50016721089681
0,baum,578,austen,7.652349472045898
0,baum,578,fitzgerald,7.504630300733778
0,baum,578,twain,6.7662521203358965
0,baum,578,non_oz_baum,5.419520378112793
0,baum,578,non_oz_thompson,6.742548942565918
0,baum,578,contested,5.835512042045593
0,baum,579,train,3.205305509269237
0,baum,579,baum,3.80294668674469
0,baum,579,thompson,6.316404581069946
0,baum,579,dickens,7.349685867627461
0,baum,579,melville,7.635075807571411
0,baum,579,wells,7.524466514587402
0,baum,579,austen,7.681279182434082
0,baum,579,fitzgerald,7.584498988257514
0,baum,579,twain,6.826123396555583
0,baum,579,non_oz_baum,5.444800615310669
0,baum,579,non_oz_thompson,6.753169775009155
0,baum,579,contested,5.856034159660339
0,baum,580,train,3.2067877873778343
0,baum,580,baum,3.832694351673126
0,baum,580,thompson,6.323658466339111
0,baum,580,dickens,7.314267476399739
0,baum,580,melville,7.525148749351501
0,baum,580,wells,7.46731440226237
0,baum,580,austen,7.625394344329834
0,baum,580,fitzgerald,7.497143904368083
0,baum,580,twain,6.762425502141316
0,baum,580,non_oz_baum,5.440040469169617
0,baum,580,non_oz_thompson,6.7332422733306885
0,baum,580,contested,5.859695076942444
0,baum,581,train,3.20892134308815
0,baum,581,baum,3.8147770166397095
0,baum,581,thompson,6.27963650226593
0,baum,581,dickens,7.317564805348714
0,baum,581,melville,7.573135375976562
0,baum,581,wells,7.462599595387776
0,baum,581,austen,7.635678291320801
0,baum,581,fitzgerald,7.50291649500529
0,baum,581,twain,6.752288818359375
0,baum,581,non_oz_baum,5.386662244796753
0,baum,581,non_oz_thompson,6.71594762802124
0,baum,581,contested,5.804843068122864
0,baum,582,train,3.215122692286968
0,baum,582,baum,3.7927244305610657
0,baum,582,thompson,6.289492964744568
0,baum,582,dickens,7.31851053237915
0,baum,582,melville,7.537028253078461
0,baum,582,wells,7.483468691507976
0,baum,582,austen,7.6080968379974365
0,baum,582,fitzgerald,7.477179527282715
0,baum,582,twain,6.739742676417033
0,baum,582,non_oz_baum,5.385417222976685
0,baum,582,non_oz_thompson,6.731797933578491
0,baum,582,contested,5.818198561668396
0,baum,583,train,3.184888496994972
0,baum,583,baum,3.821039140224457
0,baum,583,thompson,6.344043731689453
0,baum,583,dickens,7.390632589658101
0,baum,583,melville,7.637126922607422
0,baum,583,wells,7.552546977996826
0,baum,583,austen,7.706036329269409
0,baum,583,fitzgerald,7.586366335550944
0,baum,583,twain,6.830644130706787
0,baum,583,non_oz_baum,5.453357934951782
0,baum,583,non_oz_thompson,6.779081344604492
0,baum,583,contested,5.866319537162781
0,baum,584,train,3.2125230208039284
0,baum,584,baum,3.790180802345276
0,baum,584,thompson,6.341454744338989
0,baum,584,dickens,7.349152485529582
0,baum,584,melville,7.573663890361786
0,baum,584,wells,7.515147844950358
0,baum,584,austen,7.601441144943237
0,baum,584,fitzgerald,7.534223079681396
0,baum,584,twain,6.790964126586914
0,baum,584,non_oz_baum,5.422963857650757
0,baum,584,non_oz_thompson,6.784060001373291
0,baum,584,contested,5.885272860527039
0,baum,585,train,3.2086983770132065
0,baum,585,baum,3.784946858882904
0,baum,585,thompson,6.279450058937073
0,baum,585,dickens,7.267823378245036
0,baum,585,melville,7.546303033828735
0,baum,585,wells,7.420581658681233
0,baum,585,austen,7.586614608764648
0,baum,585,fitzgerald,7.476990699768066
0,baum,585,twain,6.748627901077271
0,baum,585,non_oz_baum,5.417263150215149
0,baum,585,non_oz_thompson,6.722130060195923
0,baum,585,contested,5.828005790710449
0,baum,586,train,3.2049682661890984
0,baum,586,baum,3.795053482055664
0,baum,586,thompson,6.2795374393463135
0,baum,586,dickens,7.277345259984334
0,baum,586,melville,7.522551238536835
0,baum,586,wells,7.450932820638019
0,baum,586,austen,7.572373628616333
0,baum,586,fitzgerald,7.495948738521999
0,baum,586,twain,6.742338975270589
0,baum,586,non_oz_baum,5.3798441886901855
0,baum,586,non_oz_thompson,6.736377477645874
0,baum,586,contested,5.832841992378235
0,baum,587,train,3.2000694647431374
0,baum,587,baum,3.8053407669067374
0,baum,587,thompson,6.322340250015259
0,baum,587,dickens,7.365558584531148
0,baum,587,melville,7.586988031864166
0,baum,587,wells,7.53065284093221
0,baum,587,austen,7.665154933929443
0,baum,587,fitzgerald,7.534417046440972
0,baum,587,twain,6.784987290700276
0,baum,587,non_oz_baum,5.427084565162659
0,baum,587,non_oz_thompson,6.778137922286987
0,baum,587,contested,5.859490156173706
0,baum,588,train,3.204207941889763
0,baum,588,baum,3.794652283191681
0,baum,588,thompson,6.328552484512329
0,baum,588,dickens,7.355671683947246
0,baum,588,melville,7.643246233463287
0,baum,588,wells,7.5274834632873535
0,baum,588,austen,7.688941240310669
0,baum,588,fitzgerald,7.57269091076321
0,baum,588,twain,6.831904808680217
0,baum,588,non_oz_baum,5.434247612953186
0,baum,588,non_oz_thompson,6.777111053466797
0,baum,588,contested,5.871779561042786
0,baum,589,train,3.18740551173687
0,baum,589,baum,3.808029234409332
0,baum,589,thompson,6.319556593894959
0,baum,589,dickens,7.353551983833313
0,baum,589,melville,7.597310662269592
0,baum,589,wells,7.531829039255778
0,baum,589,austen,7.695507287979126
0,baum,589,fitzgerald,7.5126537746853295
0,baum,589,twain,6.762155055999756
0,baum,589,non_oz_baum,5.428575277328491
0,baum,589,non_oz_thompson,6.758126735687256
0,baum,589,contested,5.841511607170105
0,baum,590,train,3.212502293288708
0,baum,590,baum,3.800395965576172
0,baum,590,thompson,6.341121554374695
0,baum,590,dickens,7.348491668701172
0,baum,590,melville,7.578931927680969
0,baum,590,wells,7.508407592773437
0,baum,590,austen,7.613142967224121
0,baum,590,fitzgerald,7.54369232389662
0,baum,590,twain,6.813863118489583
0,baum,590,non_oz_baum,5.451287627220154
0,baum,590,non_oz_thompson,6.791428565979004
0,baum,590,contested,5.895852327346802
0,baum,591,train,3.1968454271554947
0,baum,591,baum,3.825298011302948
0,baum,591,thompson,6.360661864280701
0,baum,591,dickens,7.402581572532654
0,baum,591,melville,7.628523886203766
0,baum,591,wells,7.567817052205403
0,baum,591,austen,7.724206924438477
0,baum,591,fitzgerald,7.581801626417372
0,baum,591,twain,6.820511102676392
0,baum,591,non_oz_baum,5.459112286567688
0,baum,591,non_oz_thompson,6.796741247177124
0,baum,591,contested,5.891368508338928
0,baum,592,train,3.1705032512545586
0,baum,592,baum,3.8035958409309374
0,baum,592,thompson,6.341038703918457
0,baum,592,dickens,7.380715290705363
0,baum,592,melville,7.605069875717163
0,baum,592,wells,7.52621587117513
0,baum,592,austen,7.688103437423706
0,baum,592,fitzgerald,7.580929226345486
0,baum,592,twain,6.829290787378947
0,baum,592,non_oz_baum,5.445784330368042
0,baum,592,non_oz_thompson,6.793383121490479
0,baum,592,contested,5.869496703147888
0,baum,593,train,3.181368574500084
0,baum,593,baum,3.79067188501358
0,baum,593,thompson,6.332475781440735
0,baum,593,dickens,7.388132095336914
0,baum,593,melville,7.6794204115867615
0,baum,593,wells,7.562645117441813
0,baum,593,austen,7.733734369277954
0,baum,593,fitzgerald,7.606354024675157
0,baum,593,twain,6.841652949651082
0,baum,593,non_oz_baum,5.437909126281738
0,baum,593,non_oz_thompson,6.779856204986572
0,baum,593,contested,5.856194496154785
0,baum,594,train,3.178959436714649
0,baum,594,baum,3.782540202140808
0,baum,594,thompson,6.340534210205078
0,baum,594,dickens,7.375774780909221
0,baum,594,melville,7.662763833999634
0,baum,594,wells,7.532695770263672
0,baum,594,austen,7.704961061477661
0,baum,594,fitzgerald,7.608782662285699
0,baum,594,twain,6.8433202902476
0,baum,594,non_oz_baum,5.470014929771423
0,baum,594,non_oz_thompson,6.791209220886231
0,baum,594,contested,5.878484725952148
0,baum,595,train,3.187635786831379
0,baum,595,baum,3.7823486924171448
0,baum,595,thompson,6.306098580360413
0,baum,595,dickens,7.335949659347534
0,baum,595,melville,7.619807600975037
0,baum,595,wells,7.505507787068685
0,baum,595,austen,7.671804666519165
0,baum,595,fitzgerald,7.5376667976379395
0,baum,595,twain,6.77486793200175
0,baum,595,non_oz_baum,5.410346984863281
0,baum,595,non_oz_thompson,6.749052047729492
0,baum,595,contested,5.8374234437942505
0,baum,596,train,3.1791444271802902
0,baum,596,baum,3.783670842647553
0,baum,596,thompson,6.349879741668701
0,baum,596,dickens,7.391597350438436
0,baum,596,melville,7.607312142848968
0,baum,596,wells,7.554232438405354
0,baum,596,austen,7.699386835098267
0,baum,596,fitzgerald,7.583692232767741
0,baum,596,twain,6.811625480651856
0,baum,596,non_oz_baum,5.445507407188416
0,baum,596,non_oz_thompson,6.789553165435791
0,baum,596,contested,5.87409520149231
0,baum,597,train,3.18218894302845
0,baum,597,baum,3.762013792991638
0,baum,597,thompson,6.3297141790390015
0,baum,597,dickens,7.327869613965352
0,baum,597,melville,7.648699760437012
0,baum,597,wells,7.485431989034017
0,baum,597,austen,7.649975061416626
0,baum,597,fitzgerald,7.614361074235704
0,baum,597,twain,6.872387568155925
0,baum,597,non_oz_baum,5.49839174747467
0,baum,597,non_oz_thompson,6.773248910903931
0,baum,597,contested,5.912055611610413
0,baum,598,train,3.190766826272011
0,baum,598,baum,3.788456618785858
0,baum,598,thompson,6.3197261095047
0,baum,598,dickens,7.373033841451009
0,baum,598,melville,7.65663206577301
0,baum,598,wells,7.524777889251709
0,baum,598,austen,7.696619987487793
0,baum,598,fitzgerald,7.597974194420709
0,baum,598,twain,6.827954371770223
0,baum,598,non_oz_baum,5.434229373931885
0,baum,598,non_oz_thompson,6.754495859146118
0,baum,598,contested,5.860013842582703
0,baum,599,train,3.1918996572494507
0,baum,599,baum,3.786843478679657
0,baum,599,thompson,6.275326251983643
0,baum,599,dickens,7.273794174194336
0,baum,599,melville,7.5024760365486145
0,baum,599,wells,7.430224895477295
0,baum,599,austen,7.5428221225738525
0,baum,599,fitzgerald,7.470038837856716
0,baum,599,twain,6.727587064107259
0,baum,599,non_oz_baum,5.382855176925659
0,baum,599,non_oz_thompson,6.734508514404297
0,baum,599,contested,5.826857924461365
0,baum,600,train,3.166798457503319
0,baum,600,baum,3.778136730194092
0,baum,600,thompson,6.320885419845581
0,baum,600,dickens,7.319573084513347
0,baum,600,melville,7.636750280857086
0,baum,600,wells,7.467661539713542
0,baum,600,austen,7.612709283828735
0,baum,600,fitzgerald,7.554455386267768
0,baum,600,twain,6.818239132563273
0,baum,600,non_oz_baum,5.467758536338806
0,baum,600,non_oz_thompson,6.77436089515686
0,baum,600,contested,5.882326722145081
0,baum,601,train,3.1614874750375748
0,baum,601,baum,3.801275968551636
0,baum,601,thompson,6.329226136207581
0,baum,601,dickens,7.378686825434367
0,baum,601,melville,7.659376442432404
0,baum,601,wells,7.5162027676900225
0,baum,601,austen,7.74868369102478
0,baum,601,fitzgerald,7.580795182122125
0,baum,601,twain,6.800140460332234
0,baum,601,non_oz_baum,5.435323476791382
0,baum,601,non_oz_thompson,6.769487619400024
0,baum,601,contested,5.855108857154846
0,baum,602,train,3.16833171248436
0,baum,602,baum,3.7929731607437134
0,baum,602,thompson,6.373515844345093
0,baum,602,dickens,7.448816259702046
0,baum,602,melville,7.7492318749427795
0,baum,602,wells,7.606896877288818
0,baum,602,austen,7.807928800582886
0,baum,602,fitzgerald,7.668213526407878
0,baum,602,twain,6.884552081425984
0,baum,602,non_oz_baum,5.478276371955872
0,baum,602,non_oz_thompson,6.801634311676025
0,baum,602,contested,5.907529711723328
0,baum,603,train,3.156593143939972
0,baum,603,baum,3.816990435123444
0,baum,603,thompson,6.404168605804443
0,baum,603,dickens,7.424094875653584
0,baum,603,melville,7.700041770935059
0,baum,603,wells,7.56870969136556
0,baum,603,austen,7.743262529373169
0,baum,603,fitzgerald,7.622556739383274
0,baum,603,twain,6.871947288513184
0,baum,603,non_oz_baum,5.516401290893555
0,baum,603,non_oz_thompson,6.812031030654907
0,baum,603,contested,5.943945288658142
0,baum,604,train,3.183628663420677
0,baum,604,baum,3.793481588363648
0,baum,604,thompson,6.307419061660767
0,baum,604,dickens,7.255497495333354
0,baum,604,melville,7.48281866312027
0,baum,604,wells,7.399242719014485
0,baum,604,austen,7.522617340087891
0,baum,604,fitzgerald,7.489319059583876
0,baum,604,twain,6.742100636164348
0,baum,604,non_oz_baum,5.409745812416077
0,baum,604,non_oz_thompson,6.762808322906494
0,baum,604,contested,5.871268272399902
0,baum,605,train,3.1715212017297745
0,baum,605,baum,3.786351084709168
0,baum,605,thompson,6.328733563423157
0,baum,605,dickens,7.366845329602559
0,baum,605,melville,7.658691585063934
0,baum,605,wells,7.531520366668701
0,baum,605,austen,7.703231334686279
0,baum,605,fitzgerald,7.6253706614176435
0,baum,605,twain,6.83950678507487
0,baum,605,non_oz_baum,5.433537125587463
0,baum,605,non_oz_thompson,6.764615297317505
0,baum,605,contested,5.864541292190552
0,baum,606,train,3.171794146299362
0,baum,606,baum,3.775011658668518
0,baum,606,thompson,6.303417205810547
0,baum,606,dickens,7.3486513296763105
0,baum,606,melville,7.623776495456696
0,baum,606,wells,7.496583302815755
0,baum,606,austen,7.666958570480347
0,baum,606,fitzgerald,7.570974720848931
0,baum,606,twain,6.8021399974823
0,baum,606,non_oz_baum,5.38741672039032
0,baum,606,non_oz_thompson,6.753040075302124
0,baum,606,contested,5.835066795349121
0,baum,607,train,3.1715752854943275
0,baum,607,baum,3.764688193798065
0,baum,607,thompson,6.3009352684021
0,baum,607,dickens,7.315467993418376
0,baum,607,melville,7.611336886882782
0,baum,607,wells,7.460727214813232
0,baum,607,austen,7.6543869972229
0,baum,607,fitzgerald,7.563330067528619
0,baum,607,twain,6.785249551137288
0,baum,607,non_oz_baum,5.403084993362427
0,baum,607,non_oz_thompson,6.743260383605957
0,baum,607,contested,5.841471076011658
0,baum,608,train,3.1548503190279007
0,baum,608,baum,3.783721029758453
0,baum,608,thompson,6.38069474697113
0,baum,608,dickens,7.427290240923564
0,baum,608,melville,7.68994528055191
0,baum,608,wells,7.587877591451009
0,baum,608,austen,7.742563009262085
0,baum,608,fitzgerald,7.635475105709499
0,baum,608,twain,6.87642518679301
0,baum,608,non_oz_baum,5.466016173362732
0,baum,608,non_oz_thompson,6.831995487213135
0,baum,608,contested,5.915762305259705
0,baum,609,train,3.170891337096691
0,baum,609,baum,3.788561224937439
0,baum,609,thompson,6.377660274505615
0,baum,609,dickens,7.387248078982036
0,baum,609,melville,7.673569619655609
0,baum,609,wells,7.544423898061116
0,baum,609,austen,7.70830488204956
0,baum,609,fitzgerald,7.658429039849175
0,baum,609,twain,6.891479015350342
0,baum,609,non_oz_baum,5.492709279060364
0,baum,609,non_oz_thompson,6.812618970870972
0,baum,609,contested,5.928682923316956
0,baum,610,train,3.1538631841540337
0,baum,610,baum,3.790739417076111
0,baum,610,thompson,6.401752710342407
0,baum,610,dickens,7.441507975260417
0,baum,610,melville,7.747718155384064
0,baum,610,wells,7.594730377197266
0,baum,610,austen,7.790175437927246
0,baum,610,fitzgerald,7.650246249304877
0,baum,610,twain,6.894214232762654
0,baum,610,non_oz_baum,5.510831832885742
0,baum,610,non_oz_thompson,6.827994346618652
0,baum,610,contested,5.935784101486206
0,baum,611,train,3.1587822288274765
0,baum,611,baum,3.772003412246704
0,baum,611,thompson,6.335229635238648
0,baum,611,dickens,7.348249793052673
0,baum,611,melville,7.637910902500153
0,baum,611,wells,7.486050128936768
0,baum,611,austen,7.673795938491821
0,baum,611,fitzgerald,7.567706849839952
0,baum,611,twain,6.81484039624532
0,baum,611,non_oz_baum,5.428266882896423
0,baum,611,non_oz_thompson,6.784364461898804
0,baum,611,contested,5.875381231307983
0,baum,612,train,3.163551643490792
0,baum,612,baum,3.793203949928284
0,baum,612,thompson,6.36986768245697
0,baum,612,dickens,7.403469363848369
0,baum,612,melville,7.617725253105164
0,baum,612,wells,7.53390900293986
0,baum,612,austen,7.648450374603271
0,baum,612,fitzgerald,7.567382865481907
0,baum,612,twain,6.807361761728923
0,baum,612,non_oz_baum,5.438129305839539
0,baum,612,non_oz_thompson,6.8201282024383545
0,baum,612,contested,5.896892070770264
0,baum,613,train,3.152852900326252
0,baum,613,baum,3.7761343717575073
0,baum,613,thompson,6.332737684249878
0,baum,613,dickens,7.3956425587336225
0,baum,613,melville,7.623121380805969
0,baum,613,wells,7.540620485941569
0,baum,613,austen,7.673840284347534
0,baum,613,fitzgerald,7.564733929104275
0,baum,613,twain,6.8101738293965655
0,baum,613,non_oz_baum,5.416078329086304
0,baum,613,non_oz_thompson,6.8024818897247314
0,baum,613,contested,5.857326030731201
0,baum,614,train,3.153725281357765
0,baum,614,baum,3.7841836810112
0,baum,614,thompson,6.3466997146606445
0,baum,614,dickens,7.376304229100545
0,baum,614,melville,7.68339478969574
0,baum,614,wells,7.514809449513753
0,baum,614,austen,7.713029146194458
0,baum,614,fitzgerald,7.587298764122857
0,baum,614,twain,6.851724147796631
0,baum,614,non_oz_baum,5.479642391204834
0,baum,614,non_oz_thompson,6.781377077102661
0,baum,614,contested,5.901481986045837
0,baum,615,train,3.154123395681381
0,baum,615,baum,3.7447469234466553
0,baum,615,thompson,6.32054078578949
0,baum,615,dickens,7.314445734024048
0,baum,615,melville,7.600797951221466
0,baum,615,wells,7.462496439615886
0,baum,615,austen,7.610827922821045
0,baum,615,fitzgerald,7.573853227827284
0,baum,615,twain,6.816404978434245
0,baum,615,non_oz_baum,5.423344254493713
0,baum,615,non_oz_thompson,6.7820258140563965
0,baum,615,contested,5.873034954071045
0,baum,616,train,3.151273272931576
0,baum,616,baum,3.7561382055282593
0,baum,616,thompson,6.348546147346497
0,baum,616,dickens,7.362691640853882
0,baum,616,melville,7.648596882820129
0,baum,616,wells,7.4953071276346845
0,baum,616,austen,7.663227319717407
0,baum,616,fitzgerald,7.559560987684462
0,baum,616,twain,6.824113845825195
0,baum,616,non_oz_baum,5.4721879959106445
0,baum,616,non_oz_thompson,6.790114879608154
0,baum,616,contested,5.897201299667358
0,baum,617,train,3.144378714263439
0,baum,617,baum,3.7696014046669006
0,baum,617,thompson,6.379487991333008
0,baum,617,dickens,7.396889805793762
0,baum,617,melville,7.679641544818878
0,baum,617,wells,7.540194034576416
0,baum,617,austen,7.684117794036865
0,baum,617,fitzgerald,7.612915886773004
0,baum,617,twain,6.883846600850423
0,baum,617,non_oz_baum,5.499405741691589
0,baum,617,non_oz_thompson,6.8272786140441895
0,baum,617,contested,5.937991142272949
0,baum,618,train,3.134514920413494
0,baum,618,baum,3.789749443531037
0,baum,618,thompson,6.402561545372009
0,baum,618,dickens,7.376464366912842
0,baum,618,melville,7.601411759853363
0,baum,618,wells,7.538026014963786
0,baum,618,austen,7.652133941650391
0,baum,618,fitzgerald,7.558765093485515
0,baum,618,twain,6.831003983815511
0,baum,618,non_oz_baum,5.509547710418701
0,baum,618,non_oz_thompson,6.832934379577637
0,baum,618,contested,5.944989800453186
0,baum,619,train,3.1467118486762047
0,baum,619,baum,3.7835015654563904
0,baum,619,thompson,6.390185594558716
0,baum,619,dickens,7.439233501752217
0,baum,619,melville,7.687101244926453
0,baum,619,wells,7.609634081522624
0,baum,619,austen,7.727323055267334
0,baum,619,fitzgerald,7.624513891008165
0,baum,619,twain,6.8628848393758135
0,baum,619,non_oz_baum,5.45834493637085
0,baum,619,non_oz_thompson,6.854613304138184
0,baum,619,contested,5.91769814491272
0,baum,620,train,3.1393554881215096
0,baum,620,baum,3.775841474533081
0,baum,620,thompson,6.3962379693984985
0,baum,620,dickens,7.431541800498962
0,baum,620,melville,7.689361453056335
0,baum,620,wells,7.612106641133626
0,baum,620,austen,7.737002849578857
0,baum,620,fitzgerald,7.618048032124837
0,baum,620,twain,6.874035676320394
0,baum,620,non_oz_baum,5.480218529701233
0,baum,620,non_oz_thompson,6.847907066345215
0,baum,620,contested,5.921773672103882
0,baum,621,train,3.159136474132538
0,baum,621,baum,3.7755807042121887
0,baum,621,thompson,6.379502177238464
0,baum,621,dickens,7.433849453926086
0,baum,621,melville,7.736357688903809
0,baum,621,wells,7.585073471069336
0,baum,621,austen,7.79771876335144
0,baum,621,fitzgerald,7.663461791144477
0,baum,621,twain,6.898497819900513
0,baum,621,non_oz_baum,5.502439618110657
0,baum,621,non_oz_thompson,6.839235305786133
0,baum,621,contested,5.933030128479004
0,baum,622,train,3.139354258775711
0,baum,622,baum,3.7680217027664185
0,baum,622,thompson,6.404912352561951
0,baum,622,dickens,7.463519215583801
0,baum,622,melville,7.72485613822937
0,baum,622,wells,7.6316860516866045
0,baum,622,austen,7.774544954299927
0,baum,622,fitzgerald,7.673923121558295
0,baum,622,twain,6.908443133036296
0,baum,622,non_oz_baum,5.500898480415344
0,baum,622,non_oz_thompson,6.859052896499634
0,baum,622,contested,5.936919689178467
0,baum,623,train,3.142931751906872
0,baum,623,baum,3.7795193791389465
0,baum,623,thompson,6.397492051124573
0,baum,623,dickens,7.472503066062927
0,baum,623,melville,7.724611818790436
0,baum,623,wells,7.6363786061604815
0,baum,623,austen,7.771110773086548
0,baum,623,fitzgerald,7.661880917019314
0,baum,623,twain,6.911416689554851
0,baum,623,non_oz_baum,5.504745244979858
0,baum,623,non_oz_thompson,6.855203151702881
0,baum,623,contested,5.936817526817322
0,baum,624,train,3.138585016131401
0,baum,624,baum,3.7654488682746887
0,baum,624,thompson,6.342084288597107
0,baum,624,dickens,7.370400587717692
0,baum,624,melville,7.682573080062866
0,baum,624,wells,7.53417698542277
0,baum,624,austen,7.685157060623169
0,baum,624,fitzgerald,7.607917573716906
0,baum,624,twain,6.854353268941243
0,baum,624,non_oz_baum,5.461833238601685
0,baum,624,non_oz_thompson,6.810418128967285
0,baum,624,contested,5.899949669837952
0,baum,625,train,3.13332412391901
0,baum,625,baum,3.7787139415740967
0,baum,625,thompson,6.378642678260803
0,baum,625,dickens,7.432225863138835
0,baum,625,melville,7.735057950019836
0,baum,625,wells,7.575559775034587
0,baum,625,austen,7.818483829498291
0,baum,625,fitzgerald,7.661595821380615
0,baum,625,twain,6.867830197016398
0,baum,625,non_oz_baum,5.488531112670898
0,baum,625,non_oz_thompson,6.823334932327271
0,baum,625,contested,5.904545903205872
0,baum,626,train,3.141419775784016
0,baum,626,baum,3.769746720790863
0,baum,626,thompson,6.392911314964294
0,baum,626,dickens,7.455331285794576
0,baum,626,melville,7.718997418880463
0,baum,626,wells,7.610006173451741
0,baum,626,austen,7.78548526763916
0,baum,626,fitzgerald,7.64581478966607
0,baum,626,twain,6.888635953267415
0,baum,626,non_oz_baum,5.511237263679504
0,baum,626,non_oz_thompson,6.8526291847229
0,baum,626,contested,5.938156247138977
0,baum,627,train,3.1286258921027184
0,baum,627,baum,3.788148701190949
0,baum,627,thompson,6.420469403266907
0,baum,627,dickens,7.488998532295227
0,baum,627,melville,7.735225856304169
0,baum,627,wells,7.674392700195312
0,baum,627,austen,7.806511878967285
0,baum,627,fitzgerald,7.66606256696913
0,baum,627,twain,6.905908346176148
0,baum,627,non_oz_baum,5.522053718566895
0,baum,627,non_oz_thompson,6.87160325050354
0,baum,627,contested,5.951361656188965
0,baum,628,train,3.1409877166152
0,baum,628,baum,3.782597422599793
0,baum,628,thompson,6.416375279426575
0,baum,628,dickens,7.471413334210713
0,baum,628,melville,7.765728950500488
0,baum,628,wells,7.642384211222331
0,baum,628,austen,7.8133015632629395
0,baum,628,fitzgerald,7.662796232435438
0,baum,628,twain,6.91356086730957
0,baum,628,non_oz_baum,5.540794849395752
0,baum,628,non_oz_thompson,6.868577718734741
0,baum,628,contested,5.956195116043091
0,baum,629,train,3.11721009016037
0,baum,629,baum,3.752796530723572
0,baum,629,thompson,6.3594810962677
0,baum,629,dickens,7.324808677037557
0,baum,629,melville,7.609401643276215
0,baum,629,wells,7.497710863749186
0,baum,629,austen,7.651163816452026
0,baum,629,fitzgerald,7.583524280124241
0,baum,629,twain,6.827261368433635
0,baum,629,non_oz_baum,5.463763475418091
0,baum,629,non_oz_thompson,6.796889305114746
0,baum,629,contested,5.901917457580566
0,baum,630,train,3.1258852183818817
0,baum,630,baum,3.757762670516968
0,baum,630,thompson,6.360543847084045
0,baum,630,dickens,7.387923876444499
0,baum,630,melville,7.693990886211395
0,baum,630,wells,7.557212034861247
0,baum,630,austen,7.744688510894775
0,baum,630,fitzgerald,7.61066198348999
0,baum,630,twain,6.838579416275024
0,baum,630,non_oz_baum,5.444316744804382
0,baum,630,non_oz_thompson,6.8009254932403564
0,baum,630,contested,5.882476091384888
0,baum,631,train,3.1195776909589767
0,baum,631,baum,3.761071741580963
0,baum,631,thompson,6.402395844459534
0,baum,631,dickens,7.423730095227559
0,baum,631,melville,7.695047080516815
0,baum,631,wells,7.584796905517578
0,baum,631,austen,7.720587968826294
0,baum,631,fitzgerald,7.637933254241943
0,baum,631,twain,6.887893756230672
0,baum,631,non_oz_baum,5.504891872406006
0,baum,631,non_oz_thompson,6.858167886734009
0,baum,631,contested,5.947821736335754
0,baum,632,train,3.1191749051213264
0,baum,632,baum,3.77550995349884
0,baum,632,thompson,6.382041692733765
0,baum,632,dickens,7.3970232407252
0,baum,632,melville,7.637162923812866
0,baum,632,wells,7.589248021443685
0,baum,632,austen,7.727139949798584
0,baum,632,fitzgerald,7.591507010989719
0,baum,632,twain,6.831083377202352
0,baum,632,non_oz_baum,5.464473724365234
0,baum,632,non_oz_thompson,6.837430477142334
0,baum,632,contested,5.907702684402466
0,baum,633,train,3.1164278760552406
0,baum,633,baum,3.7859681248664856
0,baum,633,thompson,6.385890603065491
0,baum,633,dickens,7.435150742530823
0,baum,633,melville,7.698069512844086
0,baum,633,wells,7.605523745218913
0,baum,633,austen,7.794013977050781
0,baum,633,fitzgerald,7.635043780008952
0,baum,633,twain,6.850532611211141
0,baum,633,non_oz_baum,5.468506217002869
0,baum,633,non_oz_thompson,6.831449747085571
0,baum,633,contested,5.889641523361206
0,baum,634,train,3.124813742935657
0,baum,634,baum,3.753044486045837
0,baum,634,thompson,6.387461543083191
0,baum,634,dickens,7.402877767880757
0,baum,634,melville,7.718285918235779
0,baum,634,wells,7.554436842600505
0,baum,634,austen,7.7552170753479
0,baum,634,fitzgerald,7.652760399712457
0,baum,634,twain,6.903427362442017
0,baum,634,non_oz_baum,5.488704323768616
0,baum,634,non_oz_thompson,6.842273950576782
0,baum,634,contested,5.932424068450928
0,baum,635,train,3.132274456322193
0,baum,635,baum,3.770026624202728
0,baum,635,thompson,6.390029549598694
0,baum,635,dickens,7.46365471680959
0,baum,635,melville,7.679853975772858
0,baum,635,wells,7.642693678538005
0,baum,635,austen,7.77741813659668
0,baum,635,fitzgerald,7.606964747111003
0,baum,635,twain,6.831844091415405
0,baum,635,non_oz_baum,5.450161457061768
0,baum,635,non_oz_thompson,6.8625805377960205
0,baum,635,contested,5.896528482437134
0,baum,636,train,3.113622136414051
0,baum,636,baum,3.769061863422394
0,baum,636,thompson,6.416571021080017
0,baum,636,dickens,7.483082413673401
0,baum,636,melville,7.715508222579956
0,baum,636,wells,7.656907081604004
0,baum,636,austen,7.815714597702026
0,baum,636,fitzgerald,7.667128562927246
0,baum,636,twain,6.906982898712158
0,baum,636,non_oz_baum,5.5037113428115845
0,baum,636,non_oz_thompson,6.873964548110962
0,baum,636,contested,5.939637184143066
0,baum,637,train,3.1038381084799767
0,baum,637,baum,3.750934839248657
0,baum,637,thompson,6.423089861869812
0,baum,637,dickens,7.450404008229573
0,baum,637,melville,7.747958302497864
0,baum,637,wells,7.618075370788574
0,baum,637,austen,7.801061868667602
0,baum,637,fitzgerald,7.673720942603217
0,baum,637,twain,6.910574754079183
0,baum,637,non_oz_baum,5.512085676193237
0,baum,637,non_oz_thompson,6.8730645179748535
0,baum,637,contested,5.9482581615448
0,baum,638,train,3.1080754846334457
0,baum,638,baum,3.7637686729431152
0,baum,638,thompson,6.449542045593262
0,baum,638,dickens,7.526471654574077
0,baum,638,melville,7.785455882549286
0,baum,638,wells,7.718255837758382
0,baum,638,austen,7.841929912567139
0,baum,638,fitzgerald,7.730329566531711
0,baum,638,twain,6.939372460047404
0,baum,638,non_oz_baum,5.52482807636261
0,baum,638,non_oz_thompson,6.894923686981201
0,baum,638,contested,5.962841987609863
0,baum,639,train,3.115272231400013
0,baum,639,baum,3.763672709465027
0,baum,639,thompson,6.450983166694641
0,baum,639,dickens,7.516109108924866
0,baum,639,melville,7.7845083475112915
0,baum,639,wells,7.693551381429036
0,baum,639,austen,7.846330165863037
0,baum,639,fitzgerald,7.701573159959581
0,baum,639,twain,6.946168820063273
0,baum,639,non_oz_baum,5.534921288490295
0,baum,639,non_oz_thompson,6.899721384048462
0,baum,639,contested,5.972649693489075
0,baum,640,train,3.109927013516426
0,baum,640,baum,3.7467798590660095
0,baum,640,thompson,6.382718920707703
0,baum,640,dickens,7.425243973731995
0,baum,640,melville,7.689240515232086
0,baum,640,wells,7.578949769337972
0,baum,640,austen,7.752180576324463
0,baum,640,fitzgerald,7.64186265733507
0,baum,640,twain,6.85673991839091
0,baum,640,non_oz_baum,5.451018810272217
0,baum,640,non_oz_thompson,6.846248149871826
0,baum,640,contested,5.9135613441467285
0,baum,641,train,3.1146918907761574
0,baum,641,baum,3.738350808620453
0,baum,641,thompson,6.336935520172119
0,baum,641,dickens,7.354540944099426
0,baum,641,melville,7.670071601867676
0,baum,641,wells,7.507136503855388
0,baum,641,austen,7.724780321121216
0,baum,641,fitzgerald,7.59495210647583
0,baum,641,twain,6.829542398452759
0,baum,641,non_oz_baum,5.449121236801148
0,baum,641,non_oz_thompson,6.796614646911621
0,baum,641,contested,5.881428837776184
0,baum,642,train,3.107348650693893
0,baum,642,baum,3.776711940765381
0,baum,642,thompson,6.394060254096985
0,baum,642,dickens,7.438114285469055
0,baum,642,melville,7.721787691116333
0,baum,642,wells,7.601974487304687
0,baum,642,austen,7.800623893737793
0,baum,642,fitzgerald,7.66884708404541
0,baum,642,twain,6.877462148666382
0,baum,642,non_oz_baum,5.48150360584259
0,baum,642,non_oz_thompson,6.852942705154419
0,baum,642,contested,5.9106587171554565
0,baum,643,train,3.119553066790104
0,baum,643,baum,3.749595761299133
0,baum,643,thompson,6.373554706573486
0,baum,643,dickens,7.396657705307007
0,baum,643,melville,7.681055068969727
0,baum,643,wells,7.571540514628093
0,baum,643,austen,7.733345508575439
0,baum,643,fitzgerald,7.60967673195733
0,baum,643,twain,6.859256029129028
0,baum,643,non_oz_baum,5.472793936729431
0,baum,643,non_oz_thompson,6.837921619415283
0,baum,643,contested,5.906267285346985
0,baum,644,train,3.1001633629202843
0,baum,644,baum,3.763043224811554
0,baum,644,thompson,6.364597201347351
0,baum,644,dickens,7.408279736836751
0,baum,644,melville,7.735285103321075
0,baum,644,wells,7.581149260203044
0,baum,644,austen,7.831695795059204
0,baum,644,fitzgerald,7.623924573262532
0,baum,644,twain,6.862636009852092
0,baum,644,non_oz_baum,5.463613986968994
0,baum,644,non_oz_thompson,6.820472002029419
0,baum,644,contested,5.874391674995422
0,baum,645,train,3.108474813401699
0,baum,645,baum,3.776323854923248
0,baum,645,thompson,6.402357816696167
0,baum,645,dickens,7.41614826520284
0,baum,645,melville,7.74418181180954
0,baum,645,wells,7.602763493855794
0,baum,645,austen,7.786651134490967
0,baum,645,fitzgerald,7.622852272457546
0,baum,645,twain,6.858215252558391
0,baum,645,non_oz_baum,5.493010997772217
0,baum,645,non_oz_thompson,6.845398426055908
0,baum,645,contested,5.91312313079834
0,baum,646,train,3.097102157771588
0,baum,646,baum,3.755609810352325
0,baum,646,thompson,6.3946027755737305
0,baum,646,dickens,7.45915687084198
0,baum,646,melville,7.767485737800598
0,baum,646,wells,7.624246120452881
0,baum,646,austen,7.806804180145264
0,baum,646,fitzgerald,7.679424179924859
0,baum,646,twain,6.910354375839233
0,baum,646,non_oz_baum,5.511885404586792
0,baum,646,non_oz_thompson,6.862653493881226
0,baum,646,contested,5.929786562919617
0,baum,647,train,3.110485590994358
0,baum,647,baum,3.750001907348633
0,baum,647,thompson,6.401364684104919
0,baum,647,dickens,7.429019212722778
0,baum,647,melville,7.728712439537048
0,baum,647,wells,7.590972105662028
0,baum,647,austen,7.741510629653931
0,baum,647,fitzgerald,7.6679457028706866
0,baum,647,twain,6.911898771921794
0,baum,647,non_oz_baum,5.504841685295105
0,baum,647,non_oz_thompson,6.866207599639893
0,baum,647,contested,5.940259099006653
0,baum,648,train,3.0926949456334114
0,baum,648,baum,3.7548208832740784
0,baum,648,thompson,6.350548624992371
0,baum,648,dickens,7.352158188819885
0,baum,648,melville,7.613225877285004
0,baum,648,wells,7.524847348531087
0,baum,648,austen,7.6557841300964355
0,baum,648,fitzgerald,7.581594944000244
0,baum,648,twain,6.806134780248006
0,baum,648,non_oz_baum,5.416316986083984
0,baum,648,non_oz_thompson,6.822798490524292
0,baum,648,contested,5.8773627281188965
0,baum,649,train,3.091351822018624
0,baum,649,baum,3.771224021911621
0,baum,649,thompson,6.47897207736969
0,baum,649,dickens,7.5682384967803955
0,baum,649,melville,7.774471759796143
0,baum,649,wells,7.721133232116699
0,baum,649,austen,7.88791012763977
0,baum,649,fitzgerald,7.734527481926812
0,baum,649,twain,6.957889238993327
0,baum,649,non_oz_baum,5.55118203163147
0,baum,649,non_oz_thompson,6.932489156723023
0,baum,649,contested,5.991430282592773
0,baum,650,train,3.0824498385190964
0,baum,650,baum,3.765179216861725
0,baum,650,thompson,6.402130365371704
0,baum,650,dickens,7.422205646832784
0,baum,650,melville,7.708553194999695
0,baum,650,wells,7.594278335571289
0,baum,650,austen,7.775253057479858
0,baum,650,fitzgerald,7.652028878529866
0,baum,650,twain,6.880398035049439
0,baum,650,non_oz_baum,5.493337988853455
0,baum,650,non_oz_thompson,6.85280179977417
0,baum,650,contested,5.923246145248413
0,baum,651,train,3.092624120414257
0,baum,651,baum,3.764656186103821
0,baum,651,thompson,6.3869616985321045
0,baum,651,dickens,7.463238318761189
0,baum,651,melville,7.7426645159721375
0,baum,651,wells,7.647284666697184
0,baum,651,austen,7.791150331497192
0,baum,651,fitzgerald,7.682996167076959
0,baum,651,twain,6.889138380686442
0,baum,651,non_oz_baum,5.474988579750061
0,baum,651,non_oz_thompson,6.864456415176392
0,baum,651,contested,5.902784585952759
0,baum,652,train,3.0860965475440025
0,baum,652,baum,3.763305068016052
0,baum,652,thompson,6.38379967212677
0,baum,652,dickens,7.481555581092834
0,baum,652,melville,7.733810842037201
0,baum,652,wells,7.642219702402751
0,baum,652,austen,7.818578481674194
0,baum,652,fitzgerald,7.654163731469048
0,baum,652,twain,6.861218611399333
0,baum,652,non_oz_baum,5.429313659667969
0,baum,652,non_oz_thompson,6.862638473510742
0,baum,652,contested,5.884303331375122
0,baum,653,train,3.096911534667015
0,baum,653,baum,3.735667943954468
0,baum,653,thompson,6.344480752944946
0,baum,653,dickens,7.349146286646525
0,baum,653,melville,7.638867676258087
0,baum,653,wells,7.513851483662923
0,baum,653,austen,7.696332931518555
0,baum,653,fitzgerald,7.607069386376275
0,baum,653,twain,6.845896164576213
0,baum,653,non_oz_baum,5.437384605407715
0,baum,653,non_oz_thompson,6.819496393203735
0,baum,653,contested,5.886598825454712
0,baum,654,train,3.094291940331459
0,baum,654,baum,3.77660071849823
0,baum,654,thompson,6.410365223884583
0,baum,654,dickens,7.443464636802673
0,baum,654,melville,7.729350030422211
0,baum,654,wells,7.62704594930013
0,baum,654,austen,7.799323558807373
0,baum,654,fitzgerald,7.665805180867513
0,baum,654,twain,6.89016588528951
0,baum,654,non_oz_baum,5.508905053138733
0,baum,654,non_oz_thompson,6.864437341690064
0,baum,654,contested,5.939566612243652
0,baum,655,train,3.0903926715254784
0,baum,655,baum,3.777789831161499
0,baum,655,thompson,6.438294410705566
0,baum,655,dickens,7.445780674616496
0,baum,655,melville,7.767097532749176
0,baum,655,wells,7.625214735666911
0,baum,655,austen,7.791262865066528
0,baum,655,fitzgerald,7.680843989054362
0,baum,655,twain,6.925223509470622
0,baum,655,non_oz_baum,5.5399850606918335
0,baum,655,non_oz_thompson,6.8846869468688965
0,baum,655,contested,5.9700034856796265
0,baum,656,train,3.0929528176784515
0,baum,656,baum,3.772868275642395
0,baum,656,thompson,6.421345472335815
0,baum,656,dickens,7.493922273317973
0,baum,656,melville,7.746661126613617
0,baum,656,wells,7.660347938537598
0,baum,656,austen,7.867304801940918
0,baum,656,fitzgerald,7.683637936909993
0,baum,656,twain,6.903772274653117
0,baum,656,non_oz_baum,5.50091814994812
0,baum,656,non_oz_thompson,6.875790596008301
0,baum,656,contested,5.93554425239563
0,baum,657,train,3.0751642659306526
0,baum,657,baum,3.743248164653778
0,baum,657,thompson,6.369028568267822
0,baum,657,dickens,7.428273797035217
0,baum,657,melville,7.689941108226776
0,baum,657,wells,7.581048965454102
0,baum,657,austen,7.77376127243042
0,baum,657,fitzgerald,7.625652472178142
0,baum,657,twain,6.873682896296184
0,baum,657,non_oz_baum,5.469433307647705
0,baum,657,non_oz_thompson,6.851340293884277
0,baum,657,contested,5.9010385274887085
0,baum,658,train,3.087482072412968
0,baum,658,baum,3.760614991188049
0,baum,658,thompson,6.469385147094727
0,baum,658,dickens,7.504461328188579
0,baum,658,melville,7.759355187416077
0,baum,658,wells,7.70013411839803
0,baum,658,austen,7.792020082473755
0,baum,658,fitzgerald,7.699837419721815
0,baum,658,twain,6.9389762083689375
0,baum,658,non_oz_baum,5.549739241600037
0,baum,658,non_oz_thompson,6.940684080123901
0,baum,658,contested,6.006938338279724
0,baum,659,train,3.0830060988664627
0,baum,659,baum,3.779825210571289
0,baum,659,thompson,6.462086796760559
0,baum,659,dickens,7.531959772109985
0,baum,659,melville,7.797813415527344
0,baum,659,wells,7.710503101348877
0,baum,659,austen,7.862928867340088
0,baum,659,fitzgerald,7.721057520972358
0,baum,659,twain,6.951009432474772
0,baum,659,non_oz_baum,5.536641240119934
0,baum,659,non_oz_thompson,6.916869640350342
0,baum,659,contested,5.972713470458984
0,baum,660,train,3.082181267440319
0,baum,660,baum,3.737191498279572
0,baum,660,thompson,6.419967412948608
0,baum,660,dickens,7.476949254671733
0,baum,660,melville,7.791395306587219
0,baum,660,wells,7.633482138315837
0,baum,660,austen,7.838690996170044
0,baum,660,fitzgerald,7.718667878044976
0,baum,660,twain,6.925869305928548
0,baum,660,non_oz_baum,5.507619976997376
0,baum,660,non_oz_thompson,6.884619235992432
0,baum,660,contested,5.947438478469849
0,baum,661,train,3.0801554918289185
0,baum,661,baum,3.7484171390533447
0,baum,661,thompson,6.457254648208618
0,baum,661,dickens,7.553583423296611
0,baum,661,melville,7.834417164325714
0,baum,661,wells,7.731725692749023
0,baum,661,austen,7.89548921585083
0,baum,661,fitzgerald,7.785438060760498
0,baum,661,twain,6.978964328765869
0,baum,661,non_oz_baum,5.519723892211914
0,baum,661,non_oz_thompson,6.922091960906982
0,baum,661,contested,5.958797097206116
0,baum,662,train,3.070028506219387
0,baum,662,baum,3.764031231403351
0,baum,662,thompson,6.451396346092224
0,baum,662,dickens,7.493603984514872
0,baum,662,melville,7.815025746822357
0,baum,662,wells,7.675543308258057
0,baum,662,austen,7.8392579555511475
0,baum,662,fitzgerald,7.74452092912462
0,baum,662,twain,6.958794514338176
0,baum,662,non_oz_baum,5.528018355369568
0,baum,662,non_oz_thompson,6.913386821746826
0,baum,662,contested,5.966926336288452
0,baum,663,train,3.0793346539139748
0,baum,663,baum,3.722530722618103
0,baum,663,thompson,6.397584438323975
0,baum,663,dickens,7.452600240707397
0,baum,663,melville,7.776152014732361
0,baum,663,wells,7.631754557291667
0,baum,663,austen,7.787458896636963
0,baum,663,fitzgerald,7.680464373694526
0,baum,663,twain,6.904946565628052
0,baum,663,non_oz_baum,5.486703872680664
0,baum,663,non_oz_thompson,6.874595642089844
0,baum,663,contested,5.941570520401001
0,baum,664,train,3.087545156478882
0,baum,664,baum,3.768525540828705
0,baum,664,thompson,6.477585673332214
0,baum,664,dickens,7.5979626178741455
0,baum,664,melville,7.834451913833618
0,baum,664,wells,7.776890754699707
0,baum,664,austen,7.901522874832153
0,baum,664,fitzgerald,7.751363966200087
0,baum,664,twain,6.967543999354045
0,baum,664,non_oz_baum,5.540698885917664
0,baum,664,non_oz_thompson,6.954422950744629
0,baum,664,contested,5.991499423980713
0,baum,665,train,3.079821489751339
0,baum,665,baum,3.7668768763542175
0,baum,665,thompson,6.48421573638916
0,baum,665,dickens,7.556963523228963
0,baum,665,melville,7.80533629655838
0,baum,665,wells,7.735772768656413
0,baum,665,austen,7.852566242218018
0,baum,665,fitzgerald,7.767467074924045
0,baum,665,twain,6.998038609822591
0,baum,665,non_oz_baum,5.559635639190674
0,baum,665,non_oz_thompson,6.958081483840942
0,baum,665,contested,6.01107120513916
0,baum,666,train,3.0842047333717346
0,baum,666,baum,3.745298445224762
0,baum,666,thompson,6.478347897529602
0,baum,666,dickens,7.552348891894023
0,baum,666,melville,7.868486940860748
0,baum,666,wells,7.727988084157308
0,baum,666,austen,7.894208431243896
0,baum,666,fitzgerald,7.807448440127903
0,baum,666,twain,7.00780177116394
0,baum,666,non_oz_baum,5.588610768318176
0,baum,666,non_oz_thompson,6.948032140731812
0,baum,666,contested,6.028567910194397
0,baum,667,train,3.085073940455913
0,baum,667,baum,3.740151643753052
0,baum,667,thompson,6.4369893074035645
0,baum,667,dickens,7.498561938603719
0,baum,667,melville,7.780604064464569
0,baum,667,wells,7.656625429789226
0,baum,667,austen,7.865689277648926
0,baum,667,fitzgerald,7.741259204016791
0,baum,667,twain,6.935389598210652
0,baum,667,non_oz_baum,5.514175295829773
0,baum,667,non_oz_thompson,6.919210195541382
0,baum,667,contested,5.96991240978241
0,baum,668,train,3.0563823878765106
0,baum,668,baum,3.7483184337615967
0,baum,668,thompson,6.443532466888428
0,baum,668,dickens,7.519550760587056
0,baum,668,melville,7.814059674739838
0,baum,668,wells,7.70652453104655
0,baum,668,austen,7.857589960098267
0,baum,668,fitzgerald,7.73759741253323
0,baum,668,twain,6.941397190093994
0,baum,668,non_oz_baum,5.503857970237732
0,baum,668,non_oz_thompson,6.920631408691406
0,baum,668,contested,5.95119035243988
0,baum,669,train,3.073168106377125
0,baum,669,baum,3.7319043278694153
0,baum,669,thompson,6.430433630943298
0,baum,669,dickens,7.476667245229085
0,baum,669,melville,7.745688140392303
0,baum,669,wells,7.665213584899902
0,baum,669,austen,7.794909238815308
0,baum,669,fitzgerald,7.675180700090197
0,baum,669,twain,6.906017382939656
0,baum,669,non_oz_baum,5.492716908454895
0,baum,669,non_oz_thompson,6.90228009223938
0,baum,669,contested,5.954187631607056
0,baum,670,train,3.073204055428505
0,baum,670,baum,3.737252116203308
0,baum,670,thompson,6.421664953231812
0,baum,670,dickens,7.510430455207825
0,baum,670,melville,7.771240770816803
0,baum,670,wells,7.688008467356364
0,baum,670,austen,7.843565702438354
0,baum,670,fitzgerald,7.696769449445936
0,baum,670,twain,6.897278467814128
0,baum,670,non_oz_baum,5.476859927177429
0,baum,670,non_oz_thompson,6.905592918395996
0,baum,670,contested,5.925859808921814
0,baum,671,train,3.064472459256649
0,baum,671,baum,3.770662546157837
0,baum,671,thompson,6.471922874450684
0,baum,671,dickens,7.552167375882466
0,baum,671,melville,7.788974106311798
0,baum,671,wells,7.730347315470378
0,baum,671,austen,7.878570795059204
0,baum,671,fitzgerald,7.733822928534614
0,baum,671,twain,6.951082229614258
0,baum,671,non_oz_baum,5.535022139549255
0,baum,671,non_oz_thompson,6.946924924850464
0,baum,671,contested,5.981536388397217
0,baum,672,train,3.0563074499368668
0,baum,672,baum,3.758141875267029
0,baum,672,thompson,6.484370470046997
0,baum,672,dickens,7.605688293774922
0,baum,672,melville,7.779732942581177
0,baum,672,wells,7.778478304545085
0,baum,672,austen,7.909905195236206
0,baum,672,fitzgerald,7.736566702524821
0,baum,672,twain,6.942291975021362
0,baum,672,non_oz_baum,5.522653937339783
0,baum,672,non_oz_thompson,6.980362176895142
0,baum,672,contested,5.993371367454529
0,baum,673,train,3.057736836373806
0,baum,673,baum,3.749850332736969
0,baum,673,thompson,6.484095573425293
0,baum,673,dickens,7.606913685798645
0,baum,673,melville,7.856566488742828
0,baum,673,wells,7.783665657043457
0,baum,673,austen,7.940630197525024
0,baum,673,fitzgerald,7.792907290988499
0,baum,673,twain,7.01106333732605
0,baum,673,non_oz_baum,5.557406425476074
0,baum,673,non_oz_thompson,6.977414846420288
0,baum,673,contested,6.0002052783966064
0,baum,674,train,3.069109916687012
0,baum,674,baum,3.7363995909690857
0,baum,674,thompson,6.447267174720764
0,baum,674,dickens,7.476428071657817
0,baum,674,melville,7.78740119934082
0,baum,674,wells,7.666075706481934
0,baum,674,austen,7.83966851234436
0,baum,674,fitzgerald,7.734985298580593
0,baum,674,twain,6.943331003189087
0,baum,674,non_oz_baum,5.527382373809815
0,baum,674,non_oz_thompson,6.919609308242798
0,baum,674,contested,5.977065324783325
0,baum,675,train,3.0574930906295776
0,baum,675,baum,3.724623799324036
0,baum,675,thompson,6.417236924171448
0,baum,675,dickens,7.5125623146692915
0,baum,675,melville,7.82049822807312
0,baum,675,wells,7.680190881093343
0,baum,675,austen,7.879050493240356
0,baum,675,fitzgerald,7.736737781100803
0,baum,675,twain,6.938780943552653
0,baum,675,non_oz_baum,5.509350776672363
0,baum,675,non_oz_thompson,6.896220207214356
0,baum,675,contested,5.934551358222961
0,baum,676,train,3.0535969212651253
0,baum,676,baum,3.739870250225067
0,baum,676,thompson,6.483741641044617
0,baum,676,dickens,7.549496571222941
0,baum,676,melville,7.839355528354645
0,baum,676,wells,7.747294108072917
0,baum,676,austen,7.908939838409424
0,baum,676,fitzgerald,7.767502731747097
0,baum,676,twain,6.971550385157268
0,baum,676,non_oz_baum,5.554102540016174
0,baum,676,non_oz_thompson,6.946680068969727
0,baum,676,contested,5.988743305206299
0,baum,677,train,3.070353426039219
0,baum,677,baum,3.734454870223999
0,baum,677,thompson,6.438910007476807
0,baum,677,dickens,7.467736760775248
0,baum,677,melville,7.819762229919434
0,baum,677,wells,7.650347709655762
0,baum,677,austen,7.8404834270477295
0,baum,677,fitzgerald,7.741259098052978
0,baum,677,twain,6.967437744140625
0,baum,677,non_oz_baum,5.554347634315491
0,baum,677,non_oz_thompson,6.90745735168457
0,baum,677,contested,5.987826466560364
0,baum,678,train,3.0600319653749466
0,baum,678,baum,3.7309126257896414
0,baum,678,thompson,6.433276891708374
0,baum,678,dickens,7.445926070213318
0,baum,678,melville,7.759963750839233
0,baum,678,wells,7.627102057139079
0,baum,678,austen,7.793773174285889
0,baum,678,fitzgerald,7.718249585893419
0,baum,678,twain,6.9256235758463545
0,baum,678,non_oz_baum,5.513532400131226
0,baum,678,non_oz_thompson,6.897128105163574
0,baum,678,contested,5.956546664237976
0,baum,679,train,3.0594752058386803
0,baum,679,baum,3.7299981117248535
0,baum,679,thompson,6.427151799201965
0,baum,679,dickens,7.46887195110321
0,baum,679,melville,7.786706626415253
0,baum,679,wells,7.646821816762288
0,baum,679,austen,7.818861246109009
0,baum,679,fitzgerald,7.720904933081733
0,baum,679,twain,6.942634503046672
0,baum,679,non_oz_baum,5.51918625831604
0,baum,679,non_oz_thompson,6.912823677062988
0,baum,679,contested,5.95411229133606
0,baum,680,train,3.055882759392261
0,baum,680,baum,3.733475029468536
0,baum,680,thompson,6.48024308681488
0,baum,680,dickens,7.554734627405803
0,baum,680,melville,7.838579833507538
0,baum,680,wells,7.726334889729817
0,baum,680,austen,7.881819486618042
0,baum,680,fitzgerald,7.784041457706028
0,baum,680,twain,6.983816305796306
0,baum,680,non_oz_baum,5.541931867599487
0,baum,680,non_oz_thompson,6.9507269859313965
0,baum,680,contested,6.00087571144104
0,baum,681,train,3.0698811784386635
0,baum,681,baum,3.751365840435028
0,baum,681,thompson,6.460879802703857
0,baum,681,dickens,7.543883244196574
0,baum,681,melville,7.861114978790283
0,baum,681,wells,7.735426266988118
0,baum,681,austen,7.891167163848877
0,baum,681,fitzgerald,7.76075734032525
0,baum,681,twain,6.971168518066406
0,baum,681,non_oz_baum,5.552501678466797
0,baum,681,non_oz_thompson,6.942297458648682
0,baum,681,contested,5.989785432815552
0,baum,682,train,3.041953518986702
0,baum,682,baum,3.747476994991304
0,baum,682,thompson,6.4510338306427
0,baum,682,dickens,7.545342206954956
0,baum,682,melville,7.825847268104553
0,baum,682,wells,7.716597398122151
0,baum,682,austen,7.894015550613403
0,baum,682,fitzgerald,7.773416572146946
0,baum,682,twain,6.96691370010376
0,baum,682,non_oz_baum,5.517067909240723
0,baum,682,non_oz_thompson,6.949504375457764
0,baum,682,contested,5.961225390434265
0,baum,683,train,3.0353232473134995
0,baum,683,baum,3.72360634803772
0,baum,683,thompson,6.413183927536011
0,baum,683,dickens,7.467628876368205
0,baum,683,melville,7.803884863853455
0,baum,683,wells,7.653876940409343
0,baum,683,austen,7.816856622695923
0,baum,683,fitzgerald,7.738990518781874
0,baum,683,twain,6.950030485788981
0,baum,683,non_oz_baum,5.508421421051025
0,baum,683,non_oz_thompson,6.90292763710022
0,baum,683,contested,5.949933648109436
0,baum,684,train,3.0365235581994057
0,baum,684,baum,3.750369012355805
0,baum,684,thompson,6.479434490203857
0,baum,684,dickens,7.536086400349935
0,baum,684,melville,7.827772676944733
0,baum,684,wells,7.726543108622233
0,baum,684,austen,7.887428045272827
0,baum,684,fitzgerald,7.752196841769749
0,baum,684,twain,6.978647073109944
0,baum,684,non_oz_baum,5.578034996986389
0,baum,684,non_oz_thompson,6.962197303771973
0,baum,684,contested,6.0143351554870605
0,baum,685,train,3.044151321053505
0,baum,685,baum,3.7355898022651672
0,baum,685,thompson,6.483434081077576
0,baum,685,dickens,7.577732483545939
0,baum,685,melville,7.867624580860138
0,baum,685,wells,7.76586929957072
0,baum,685,austen,7.912277221679687
0,baum,685,fitzgerald,7.795061959160699
0,baum,685,twain,7.004980802536011
0,baum,685,non_oz_baum,5.564533233642578
0,baum,685,non_oz_thompson,6.957795858383179
0,baum,685,contested,6.006124377250671
0,baum,686,train,3.0296663343906403
0,baum,686,baum,3.72826874256134
0,baum,686,thompson,6.449272155761719
0,baum,686,dickens,7.519546667734782
0,baum,686,melville,7.786269009113312
0,baum,686,wells,7.716876029968262
0,baum,686,austen,7.837156772613525
0,baum,686,fitzgerald,7.737645202212864
0,baum,686,twain,6.9376490116119385
0,baum,686,non_oz_baum,5.5308942794799805
0,baum,686,non_oz_thompson,6.940316677093506
0,baum,686,contested,5.975960373878479
0,baum,687,train,3.0378871858119965
0,baum,687,baum,3.710286498069763
0,baum,687,thompson,6.457728862762451
0,baum,687,dickens,7.578549742698669
0,baum,687,melville,7.861971497535706
0,baum,687,wells,7.764695644378662
0,baum,687,austen,7.91839075088501
0,baum,687,fitzgerald,7.797176890903049
0,baum,687,twain,6.995455662409465
0,baum,687,non_oz_baum,5.5316150188446045
0,baum,687,non_oz_thompson,6.956135988235474
0,baum,687,contested,5.970059394836426
0,baum,688,train,3.039100356400013
0,baum,688,baum,3.722528398036957
0,baum,688,thompson,6.463630437850952
0,baum,688,dickens,7.526707450548808
0,baum,688,melville,7.873205304145813
0,baum,688,wells,7.72889502843221
0,baum,688,austen,7.906025409698486
0,baum,688,fitzgerald,7.793073813120524
0,baum,688,twain,6.98897647857666
0,baum,688,non_oz_baum,5.561778664588928
0,baum,688,non_oz_thompson,6.948824644088745
0,baum,688,contested,5.98830771446228
0,baum,689,train,3.034771107137203
0,baum,689,baum,3.714790403842926
0,baum,689,thompson,6.483422517776489
0,baum,689,dickens,7.565456748008728
0,baum,689,melville,7.826664626598358
0,baum,689,wells,7.761156717936198
0,baum,689,austen,7.903095006942749
0,baum,689,fitzgerald,7.793939643436008
0,baum,689,twain,6.985549370447795
0,baum,689,non_oz_baum,5.540107846260071
0,baum,689,non_oz_thompson,6.967777967453003
0,baum,689,contested,6.00800359249115
0,baum,690,train,3.027081973850727
0,baum,690,baum,3.743760645389557
0,baum,690,thompson,6.481026530265808
0,baum,690,dickens,7.59270974000295
0,baum,690,melville,7.893020689487457
0,baum,690,wells,7.774032751719157
0,baum,690,austen,7.99138069152832
0,baum,690,fitzgerald,7.81416850619846
0,baum,690,twain,7.008913516998291
0,baum,690,non_oz_baum,5.566230773925781
0,baum,690,non_oz_thompson,6.963741779327393
0,baum,690,contested,5.990506410598755
0,baum,691,train,3.043923817574978
0,baum,691,baum,3.725766956806183
0,baum,691,thompson,6.48088812828064
0,baum,691,dickens,7.550492445627849
0,baum,691,melville,7.852391839027405
0,baum,691,wells,7.729239781697591
0,baum,691,austen,7.903231382369995
0,baum,691,fitzgerald,7.817490312788221
0,baum,691,twain,7.005678176879883
0,baum,691,non_oz_baum,5.5763620138168335
0,baum,691,non_oz_thompson,6.958144426345825
0,baum,691,contested,6.014371752738953
0,baum,692,train,3.030859060585499
0,baum,692,baum,3.742080509662628
0,baum,692,thompson,6.51827597618103
0,baum,692,dickens,7.61782705783844
0,baum,692,melville,7.937911033630371
0,baum,692,wells,7.777131239573161
0,baum,692,austen,8.011434555053711
0,baum,692,fitzgerald,7.846375518374973
0,baum,692,twain,7.037583907445272
0,baum,692,non_oz_baum,5.614795446395874
0,baum,692,non_oz_thompson,6.992670774459839
0,baum,692,contested,6.052707314491272
0,baum,693,train,3.038296639919281
0,baum,693,baum,3.727062404155731
0,baum,693,thompson,6.4963299036026
0,baum,693,dickens,7.5996906359990435
0,baum,693,melville,7.859691619873047
0,baum,693,wells,7.787013689676921
0,baum,693,austen,7.92048168182373
0,baum,693,fitzgerald,7.811915980445014
0,baum,693,twain,7.019642273585002
0,baum,693,non_oz_baum,5.570101022720337
0,baum,693,non_oz_thompson,6.992244720458984
0,baum,693,contested,6.017388463020325
0,baum,694,train,3.0344705879688263
0,baum,694,baum,3.7377233505249023
0,baum,694,thompson,6.501127004623413
0,baum,694,dickens,7.602031389872233
0,baum,694,melville,7.905416786670685
0,baum,694,wells,7.788864930470784
0,baum,694,austen,7.980445861816406
0,baum,694,fitzgerald,7.817205217149523
0,baum,694,twain,7.021360794703166
0,baum,694,non_oz_baum,5.588901400566101
0,baum,694,non_oz_thompson,6.981570720672607
0,baum,694,contested,6.005778789520264
0,baum,695,train,3.033295430243016
0,baum,695,baum,3.757159054279328
0,baum,695,thompson,6.585139632225037
0,baum,695,dickens,7.714731335639954
0,baum,695,melville,7.967436969280243
0,baum,695,wells,7.879189491271973
0,baum,695,austen,8.082809448242188
0,baum,695,fitzgerald,7.909625318315294
0,baum,695,twain,7.099845091501872
0,baum,695,non_oz_baum,5.649978995323181
0,baum,695,non_oz_thompson,7.0697643756866455
0,baum,695,contested,6.087424278259277
0,baum,696,train,3.02846509963274
0,baum,696,baum,3.735404074192047
0,baum,696,thompson,6.544913411140442
0,baum,696,dickens,7.620177626609802
0,baum,696,melville,7.897826850414276
0,baum,696,wells,7.822315375010173
0,baum,696,austen,7.9403088092803955
0,baum,696,fitzgerald,7.837185276879205
0,baum,696,twain,7.067098140716553
0,baum,696,non_oz_baum,5.647262215614319
0,baum,696,non_oz_thompson,7.01471757888794
0,baum,696,contested,6.080923914909363
0,baum,697,train,3.023162931203842
0,baum,697,baum,3.7563130259513855
0,baum,697,thompson,6.532404661178589
0,baum,697,dickens,7.634252031644185
0,baum,697,melville,7.918974161148071
0,baum,697,wells,7.82313871383667
0,baum,697,austen,8.020883798599243
0,baum,697,fitzgerald,7.829611619313558
0,baum,697,twain,7.03086797396342
0,baum,697,non_oz_baum,5.622234582901001
0,baum,697,non_oz_thompson,7.016056060791016
0,baum,697,contested,6.045308351516724
0,baum,698,train,3.014243073761463
0,baum,698,baum,3.718725323677063
0,baum,698,thompson,6.4452965259552
0,baum,698,dickens,7.49422283967336
0,baum,698,melville,7.793136656284332
0,baum,698,wells,7.6524918874104815
0,baum,698,austen,7.849667549133301
0,baum,698,fitzgerald,7.738425678677029
0,baum,698,twain,6.949666341145833
0,baum,698,non_oz_baum,5.536374807357788
0,baum,698,non_oz_thompson,6.929671049118042
0,baum,698,contested,5.989953517913818
0,baum,699,train,3.0168059691786766
0,baum,699,baum,3.740803122520447
0,baum,699,thompson,6.54131555557251
0,baum,699,dickens,7.662529865900676
0,baum,699,melville,7.88655549287796
0,baum,699,wells,7.840748945871989
0,baum,699,austen,8.013442993164062
0,baum,699,fitzgerald,7.845031526353624
0,baum,699,twain,7.053080240885417
0,baum,699,non_oz_baum,5.597307324409485
0,baum,699,non_oz_thompson,7.032165765762329
0,baum,699,contested,6.0543365478515625
0,baum,700,train,3.0137895941734314
0,baum,700,baum,3.722940504550934
0,baum,700,thompson,6.4879114627838135
0,baum,700,dickens,7.558209300041199
0,baum,700,melville,7.890424966812134
0,baum,700,wells,7.72637414932251
0,baum,700,austen,7.964552164077759
0,baum,700,fitzgerald,7.815889093610975
0,baum,700,twain,7.0068825880686445
0,baum,700,non_oz_baum,5.571541786193848
0,baum,700,non_oz_thompson,6.971869230270386
0,baum,700,contested,6.002702713012695
0,baum,701,train,3.022744864225388
0,baum,701,baum,3.712414920330048
0,baum,701,thompson,6.468186259269714
0,baum,701,dickens,7.563497066497803
0,baum,701,melville,7.867282271385193
0,baum,701,wells,7.732576211293538
0,baum,701,austen,7.931146144866943
0,baum,701,fitzgerald,7.799914571974012
0,baum,701,twain,6.986407836278279
0,baum,701,non_oz_baum,5.543869972229004
0,baum,701,non_oz_thompson,6.958561658859253
0,baum,701,contested,5.979461669921875
0,baum,702,train,3.0225796848535538
0,baum,702,baum,3.716378331184387
0,baum,702,thompson,6.485404014587402
0,baum,702,dickens,7.544458230336507
0,baum,702,melville,7.837721586227417
0,baum,702,wells,7.722930749257405
0,baum,702,austen,7.877093315124512
0,baum,702,fitzgerald,7.7532237900627985
0,baum,702,twain,6.9717832406361895
0,baum,702,non_oz_baum,5.56613552570343
0,baum,702,non_oz_thompson,6.958821535110474
0,baum,702,contested,6.013937830924988
0,baum,703,train,3.0204850882291794
0,baum,703,baum,3.712241291999817
0,baum,703,thompson,6.490251898765564
0,baum,703,dickens,7.593196868896484
0,baum,703,melville,7.87252539396286
0,baum,703,wells,7.75668207804362
0,baum,703,austen,7.996323823928833
0,baum,703,fitzgerald,7.800656265682644
0,baum,703,twain,6.986019372940064
0,baum,703,non_oz_baum,5.557674884796143
0,baum,703,non_oz_thompson,6.972259998321533
0,baum,703,contested,5.994133353233337
0,baum,704,train,3.009314134716988
0,baum,704,baum,3.709679424762726
0,baum,704,thompson,6.494273662567139
0,baum,704,dickens,7.5489052931467695
0,baum,704,melville,7.891204416751862
0,baum,704,wells,7.734301726023356
0,baum,704,austen,7.926087856292725
0,baum,704,fitzgerald,7.834282557169597
0,baum,704,twain,7.023600737253825
0,baum,704,non_oz_baum,5.586644768714905
0,baum,704,non_oz_thompson,6.963317155838013
0,baum,704,contested,6.020020008087158
0,baum,705,train,3.0076261460781097
0,baum,705,baum,3.731474816799164
0,baum,705,thompson,6.524951219558716
0,baum,705,dickens,7.638656536738078
0,baum,705,melville,7.981884479522705
0,baum,705,wells,7.808703740437825
0,baum,705,austen,8.042299270629883
0,baum,705,fitzgerald,7.904739856719971
0,baum,705,twain,7.07127062479655
0,baum,705,non_oz_baum,5.615739583969116
0,baum,705,non_oz_thompson,7.005857467651367
0,baum,705,contested,6.033531785011292
0,baum,706,train,3.0086467415094376
0,baum,706,baum,3.735213577747345
0,baum,706,thompson,6.509015321731567
0,baum,706,dickens,7.628415664037068
0,baum,706,melville,7.966903984546661
0,baum,706,wells,7.7924418449401855
0,baum,706,austen,8.015583038330078
0,baum,706,fitzgerald,7.882166226704915
0,baum,706,twain,7.063177267710368
0,baum,706,non_oz_baum,5.6000975370407104
0,baum,706,non_oz_thompson,7.007246494293213
0,baum,706,contested,6.029427170753479
0,baum,707,train,3.0200310945510864
0,baum,707,baum,3.7330281138420105
0,baum,707,thompson,6.519684910774231
0,baum,707,dickens,7.597307364145915
0,baum,707,melville,7.872942805290222
0,baum,707,wells,7.804196675618489
0,baum,707,austen,7.926639318466186
0,baum,707,fitzgerald,7.845693270365397
0,baum,707,twain,7.019882122675578
0,baum,707,non_oz_baum,5.575017213821411
0,baum,707,non_oz_thompson,7.015517711639404
0,baum,707,contested,6.029824256896973
0,baum,708,train,3.0141975060105324
0,baum,708,baum,3.728514969348908
0,baum,708,thompson,6.573149561882019
0,baum,708,dickens,7.666347821553548
0,baum,708,melville,7.924547910690308
0,baum,708,wells,7.862084865570068
0,baum,708,austen,8.008604288101196
0,baum,708,fitzgerald,7.88651900821262
0,baum,708,twain,7.086314757664998
0,baum,708,non_oz_baum,5.647358775138855
0,baum,708,non_oz_thompson,7.054543972015381
0,baum,708,contested,6.098424911499023
0,baum,709,train,3.011309742927552
0,baum,709,baum,3.7440608143806458
0,baum,709,thompson,6.58378803730011
0,baum,709,dickens,7.690902829170227
0,baum,709,melville,7.988108932971954
0,baum,709,wells,7.908064842224121
0,baum,709,austen,8.061049222946167
0,baum,709,fitzgerald,7.935735967424181
0,baum,709,twain,7.105369011561076
0,baum,709,non_oz_baum,5.645930886268616
0,baum,709,non_oz_thompson,7.067498445510864
0,baum,709,contested,6.075461387634277
0,baum,710,train,3.00909885764122
0,baum,710,baum,3.725041687488556
0,baum,710,thompson,6.5208622217178345
0,baum,710,dickens,7.59864338239034
0,baum,710,melville,7.8586225509643555
0,baum,710,wells,7.77211840947469
0,baum,710,austen,7.915955781936645
0,baum,710,fitzgerald,7.817948553297255
0,baum,710,twain,7.017505089441936
0,baum,710,non_oz_baum,5.5926274061203
0,baum,710,non_oz_thompson,7.017828702926636
0,baum,710,contested,6.0522119998931885
0,baum,711,train,3.010388307273388
0,baum,711,baum,3.72812694311142
0,baum,711,thompson,6.531919360160828
0,baum,711,dickens,7.676535526911418
0,baum,711,melville,7.956671595573425
0,baum,711,wells,7.882260322570801
0,baum,711,austen,8.029663801193237
0,baum,711,fitzgerald,7.885424878862169
0,baum,711,twain,7.055978059768677
0,baum,711,non_oz_baum,5.5791425704956055
0,baum,711,non_oz_thompson,7.032775402069092
0,baum,711,contested,6.031031608581543
0,baum,712,train,3.006043389439583
0,baum,712,baum,3.72923868894577
0,baum,712,thompson,6.535079002380371
0,baum,712,dickens,7.597000241279602
0,baum,712,melville,7.84554785490036
0,baum,712,wells,7.791997114817302
0,baum,712,austen,7.93182110786438
0,baum,712,fitzgerald,7.803096771240234
0,baum,712,twain,6.990597565968831
0,baum,712,non_oz_baum,5.577091574668884
0,baum,712,non_oz_thompson,7.025235176086426
0,baum,712,contested,6.039520025253296
0,baum,713,train,3.0171609967947006
0,baum,713,baum,3.741462349891663
0,baum,713,thompson,6.503085136413574
0,baum,713,dickens,7.630697091420491
0,baum,713,melville,7.943151533603668
0,baum,713,wells,7.824784755706787
0,baum,713,austen,8.046865463256836
0,baum,713,fitzgerald,7.872890790303548
0,baum,713,twain,7.039807319641113
0,baum,713,non_oz_baum,5.597038269042969
0,baum,713,non_oz_thompson,6.998549938201904
0,baum,713,contested,6.011464715003967
0,baum,714,train,3.018544293940068
0,baum,714,baum,3.751335918903351
0,baum,714,thompson,6.549915909767151
0,baum,714,dickens,7.685869812965393
0,baum,714,melville,7.952949106693268
0,baum,714,wells,7.89389689763387
0,baum,714,austen,8.051607847213745
0,baum,714,fitzgerald,7.890463299221462
0,baum,714,twain,7.061731656392415
0,baum,714,non_oz_baum,5.603251695632935
0,baum,714,non_oz_thompson,7.055769443511963
0,baum,714,contested,6.053704738616943
0,baum,715,train,3.0037897005677223
0,baum,715,baum,3.744652807712555
0,baum,715,thompson,6.539759159088135
0,baum,715,dickens,7.635750810305278
0,baum,715,melville,7.935536086559296
0,baum,715,wells,7.814196268717448
0,baum,715,austen,7.998213052749634
0,baum,715,fitzgerald,7.8537055651346845
0,baum,715,twain,7.044745047887166
0,baum,715,non_oz_baum,5.625871419906616
0,baum,715,non_oz_thompson,7.037296295166016
0,baum,715,contested,6.057509899139404
0,baum,716,train,2.999282754957676
0,baum,716,baum,3.7469194531440735
0,baum,716,thompson,6.579952597618103
0,baum,716,dickens,7.656585812568664
0,baum,716,melville,7.914201259613037
0,baum,716,wells,7.864647070566813
0,baum,716,austen,7.994323015213013
0,baum,716,fitzgerald,7.860166549682617
0,baum,716,twain,7.073948462804158
0,baum,716,non_oz_baum,5.633740544319153
0,baum,716,non_oz_thompson,7.05269455909729
0,baum,716,contested,6.091602325439453
