seed,train_author,epochs_completed,loss_dataset,loss_value
1,fitzgerald,0,baum,10.83265781402588
1,fitzgerald,0,thompson,10.82594084739685
1,fitzgerald,0,dickens,10.82788054148356
1,fitzgerald,0,melville,10.814987818400065
1,fitzgerald,0,wells,10.831130663553871
1,fitzgerald,0,austen,10.836973031361898
1,fitzgerald,0,fitzgerald,10.82848412649972
1,fitzgerald,0,twain,10.819803357124329
1,fitzgerald,1,train,10.79746119181315
1,fitzgerald,1,baum,10.709047079086304
1,fitzgerald,1,thompson,10.7145836353302
1,fitzgerald,1,dickens,10.698296546936035
1,fitzgerald,1,melville,10.70133474138048
1,fitzgerald,1,wells,10.701094309488932
1,fitzgerald,1,austen,10.719828128814695
1,fitzgerald,1,fitzgerald,10.70374311719622
1,fitzgerald,1,twain,10.702376544475555
1,fitzgerald,2,train,10.696239153544107
1,fitzgerald,2,baum,10.64388656616211
1,fitzgerald,2,thompson,10.656834602355955
1,fitzgerald,2,dickens,10.629162788391112
1,fitzgerald,2,melville,10.648223135206434
1,fitzgerald,2,wells,10.632883389790852
1,fitzgerald,2,austen,10.655908584594728
1,fitzgerald,2,fitzgerald,10.640124865940638
1,fitzgerald,2,twain,10.64467829465866
1,fitzgerald,3,train,10.639694213867188
1,fitzgerald,3,baum,10.600181818008425
1,fitzgerald,3,thompson,10.617250680923462
1,fitzgerald,3,dickens,10.58260695139567
1,fitzgerald,3,melville,10.611815028720432
1,fitzgerald,3,wells,10.586906592051188
1,fitzgerald,3,austen,10.611835956573486
1,fitzgerald,3,fitzgerald,10.597826276506696
1,fitzgerald,3,twain,10.605681836605072
1,fitzgerald,4,train,10.59365940093994
1,fitzgerald,4,baum,10.565892219543455
1,fitzgerald,4,thompson,10.586023330688477
1,fitzgerald,4,dickens,10.546796162923178
1,fitzgerald,4,melville,10.582619137234158
1,fitzgerald,4,wells,10.55130910873413
1,fitzgerald,4,austen,10.576911290486654
1,fitzgerald,4,fitzgerald,10.564375468662806
1,fitzgerald,4,twain,10.57427453994751
1,fitzgerald,5,train,10.55536651611328
1,fitzgerald,5,baum,10.536285638809204
1,fitzgerald,5,thompson,10.559326887130736
1,fitzgerald,5,dickens,10.516647974650065
1,fitzgerald,5,melville,10.5575197007921
1,fitzgerald,5,wells,10.520413716634115
1,fitzgerald,5,austen,10.547089258829752
1,fitzgerald,5,fitzgerald,10.534892899649485
1,fitzgerald,5,twain,10.54681956768036
1,fitzgerald,6,train,10.528029441833496
1,fitzgerald,6,baum,10.508594274520874
1,fitzgerald,6,thompson,10.535383224487305
1,fitzgerald,6,dickens,10.489396413167318
1,fitzgerald,6,melville,10.53594207763672
1,fitzgerald,6,wells,10.492445309956867
1,fitzgerald,6,austen,10.520239035288492
1,fitzgerald,6,fitzgerald,10.506733894348145
1,fitzgerald,6,twain,10.523070633411407
1,fitzgerald,7,train,10.497287114461264
1,fitzgerald,7,baum,10.481827020645142
1,fitzgerald,7,thompson,10.512327432632446
1,fitzgerald,7,dickens,10.463433583577476
1,fitzgerald,7,melville,10.51575650109185
1,fitzgerald,7,wells,10.466602325439451
1,fitzgerald,7,austen,10.494255383809408
1,fitzgerald,7,fitzgerald,10.479392324175151
1,fitzgerald,7,twain,10.501429080963137
1,fitzgerald,8,train,10.46906598409017
1,fitzgerald,8,baum,10.4552001953125
1,fitzgerald,8,thompson,10.489028930664062
1,fitzgerald,8,dickens,10.43726634979248
1,fitzgerald,8,melville,10.495479583740234
1,fitzgerald,8,wells,10.441442807515465
1,fitzgerald,8,austen,10.468283335367838
1,fitzgerald,8,fitzgerald,10.452442850385394
1,fitzgerald,8,twain,10.47975331544876
1,fitzgerald,9,train,10.436290423075356
1,fitzgerald,9,baum,10.42762279510498
1,fitzgerald,9,thompson,10.463805675506592
1,fitzgerald,9,dickens,10.409845987955729
1,fitzgerald,9,melville,10.47229364183214
1,fitzgerald,9,wells,10.415311336517334
1,fitzgerald,9,austen,10.440231164296469
1,fitzgerald,9,fitzgerald,10.42499269757952
1,fitzgerald,9,twain,10.455742061138151
1,fitzgerald,10,train,10.4076509475708
1,fitzgerald,10,baum,10.399533748626707
1,fitzgerald,10,thompson,10.437524318695068
1,fitzgerald,10,dickens,10.381699562072754
1,fitzgerald,10,melville,10.447741190592447
1,fitzgerald,10,wells,10.388384024302164
1,fitzgerald,10,austen,10.411444664001465
1,fitzgerald,10,fitzgerald,10.39696625300816
1,fitzgerald,10,twain,10.430570125579834
1,fitzgerald,11,train,10.370879173278809
1,fitzgerald,11,baum,10.37050175666809
1,fitzgerald,11,thompson,10.410464763641356
1,fitzgerald,11,dickens,10.353131930033364
1,fitzgerald,11,melville,10.422136306762695
1,fitzgerald,11,wells,10.36048905054728
1,fitzgerald,11,austen,10.382333119710289
1,fitzgerald,11,fitzgerald,10.36819498879569
1,fitzgerald,11,twain,10.404591917991638
1,fitzgerald,12,train,10.343858400980633
1,fitzgerald,12,baum,10.340945482254028
1,fitzgerald,12,thompson,10.382962465286257
1,fitzgerald,12,dickens,10.323836962381998
1,fitzgerald,12,melville,10.395535151163736
1,fitzgerald,12,wells,10.331540584564207
1,fitzgerald,12,austen,10.3530912399292
1,fitzgerald,12,fitzgerald,10.339001110621862
1,fitzgerald,12,twain,10.377533793449402
1,fitzgerald,13,train,10.30736255645752
1,fitzgerald,13,baum,10.311048030853271
1,fitzgerald,13,thompson,10.355749607086182
1,fitzgerald,13,dickens,10.294296582539875
1,fitzgerald,13,melville,10.36996587117513
1,fitzgerald,13,wells,10.302371978759766
1,fitzgerald,13,austen,10.324325720469156
1,fitzgerald,13,fitzgerald,10.309283120291571
1,fitzgerald,13,twain,10.351358592510223
1,fitzgerald,14,train,10.273852030436196
1,fitzgerald,14,baum,10.280871629714966
1,fitzgerald,14,thompson,10.32855463027954
1,fitzgerald,14,dickens,10.264734268188477
1,fitzgerald,14,melville,10.344786643981934
1,fitzgerald,14,wells,10.272852102915444
1,fitzgerald,14,austen,10.295708974202476
1,fitzgerald,14,fitzgerald,10.278980527605327
1,fitzgerald,14,twain,10.325533211231232
1,fitzgerald,15,train,10.242363293965658
1,fitzgerald,15,baum,10.250260829925535
1,fitzgerald,15,thompson,10.301331281661987
1,fitzgerald,15,dickens,10.235069592793783
1,fitzgerald,15,melville,10.31988419426812
1,fitzgerald,15,wells,10.243505160013834
1,fitzgerald,15,austen,10.266905625661217
1,fitzgerald,15,fitzgerald,10.248285157339913
1,fitzgerald,15,twain,10.3001189827919
1,fitzgerald,16,train,10.20900058746338
1,fitzgerald,16,baum,10.218976020812988
1,fitzgerald,16,thompson,10.273245334625244
1,fitzgerald,16,dickens,10.20498021443685
1,fitzgerald,16,melville,10.293819003634985
1,fitzgerald,16,wells,10.214024702707926
1,fitzgerald,16,austen,10.237050215403238
1,fitzgerald,16,fitzgerald,10.217144557407924
1,fitzgerald,16,twain,10.274145781993866
1,fitzgerald,17,train,10.179004351298014
1,fitzgerald,17,baum,10.187461137771606
1,fitzgerald,17,thompson,10.244259357452393
1,fitzgerald,17,dickens,10.174415270487469
1,fitzgerald,17,melville,10.266343222724068
1,fitzgerald,17,wells,10.184027194976808
1,fitzgerald,17,austen,10.20626656214396
1,fitzgerald,17,fitzgerald,10.186000006539482
1,fitzgerald,17,twain,10.246327996253967
1,fitzgerald,18,train,10.137141227722168
1,fitzgerald,18,baum,10.1563982963562
1,fitzgerald,18,thompson,10.215638875961304
1,fitzgerald,18,dickens,10.144981702168783
1,fitzgerald,18,melville,10.239622433980308
1,fitzgerald,18,wells,10.154405117034912
1,fitzgerald,18,austen,10.17590045928955
1,fitzgerald,18,fitzgerald,10.155056408473424
1,fitzgerald,18,twain,10.218985259532928
1,fitzgerald,19,train,10.1092259089152
1,fitzgerald,19,baum,10.125531196594238
1,fitzgerald,19,thompson,10.187833309173584
1,fitzgerald,19,dickens,10.116351445515951
1,fitzgerald,19,melville,10.214359177483452
1,fitzgerald,19,wells,10.125040531158447
1,fitzgerald,19,austen,10.146150906880695
1,fitzgerald,19,fitzgerald,10.123861176627022
1,fitzgerald,19,twain,10.19281667470932
1,fitzgerald,20,train,10.070704142252604
1,fitzgerald,20,baum,10.094746828079224
1,fitzgerald,20,thompson,10.160256385803224
1,fitzgerald,20,dickens,10.0875457127889
1,fitzgerald,20,melville,10.18945238325331
1,fitzgerald,20,wells,10.09562381108602
1,fitzgerald,20,austen,10.11668332417806
1,fitzgerald,20,fitzgerald,10.092775753566196
1,fitzgerald,20,twain,10.166806876659392
1,fitzgerald,21,train,10.044868151346842
1,fitzgerald,21,baum,10.063784837722778
1,fitzgerald,21,thompson,10.132272958755491
1,fitzgerald,21,dickens,10.05833339691162
1,fitzgerald,21,melville,10.16395197974311
1,fitzgerald,21,wells,10.066084543863932
1,fitzgerald,21,austen,10.08716106414795
1,fitzgerald,21,fitzgerald,10.061680793762209
1,fitzgerald,21,twain,10.140618205070496
1,fitzgerald,22,train,10.007793108622232
1,fitzgerald,22,baum,10.032583951950071
1,fitzgerald,22,thompson,10.103774785995483
1,fitzgerald,22,dickens,10.028423309326172
1,fitzgerald,22,melville,10.137296782599556
1,fitzgerald,22,wells,10.036425431569418
1,fitzgerald,22,austen,10.056620438893637
1,fitzgerald,22,fitzgerald,10.03078487941197
1,fitzgerald,22,twain,10.113454341888428
1,fitzgerald,23,train,9.976520538330078
1,fitzgerald,23,baum,10.00165319442749
1,fitzgerald,23,thompson,10.075494050979614
1,fitzgerald,23,dickens,9.99868869781494
1,fitzgerald,23,melville,10.111173947652182
1,fitzgerald,23,wells,10.007379055023192
1,fitzgerald,23,austen,10.025828838348389
1,fitzgerald,23,fitzgerald,10.00023991721017
1,fitzgerald,23,twain,10.086827337741852
1,fitzgerald,24,train,9.936601003011068
1,fitzgerald,24,baum,9.971059799194336
1,fitzgerald,24,thompson,10.047951459884644
1,fitzgerald,24,dickens,9.9689728418986
1,fitzgerald,24,melville,10.086443583170572
1,fitzgerald,24,wells,9.97860018412272
1,fitzgerald,24,austen,9.995605945587158
1,fitzgerald,24,fitzgerald,9.969875744410924
1,fitzgerald,24,twain,10.060694634914398
1,fitzgerald,25,train,9.911900838216146
1,fitzgerald,25,baum,9.940829038619995
1,fitzgerald,25,thompson,10.020613193511965
1,fitzgerald,25,dickens,9.93950366973877
1,fitzgerald,25,melville,10.061607890658909
1,fitzgerald,25,wells,9.949707667032875
1,fitzgerald,25,austen,9.965303897857666
1,fitzgerald,25,fitzgerald,9.939905847821915
1,fitzgerald,25,twain,10.034022569656372
1,fitzgerald,26,train,9.88117790222168
1,fitzgerald,26,baum,9.910944938659668
1,fitzgerald,26,thompson,9.99320125579834
1,fitzgerald,26,dickens,9.910269419352211
1,fitzgerald,26,melville,10.036232312520346
1,fitzgerald,26,wells,9.92042096455892
1,fitzgerald,26,austen,9.935167153676352
1,fitzgerald,26,fitzgerald,9.910256930759974
1,fitzgerald,26,twain,10.006758332252502
1,fitzgerald,27,train,9.846640586853027
1,fitzgerald,27,baum,9.881062746047974
1,fitzgerald,27,thompson,9.96562910079956
1,fitzgerald,27,dickens,9.880908648173014
1,fitzgerald,27,melville,10.0105865266588
1,fitzgerald,27,wells,9.89116636912028
1,fitzgerald,27,austen,9.905605792999268
1,fitzgerald,27,fitzgerald,9.880649294172017
1,fitzgerald,27,twain,9.979553878307344
1,fitzgerald,28,train,9.8173189163208
1,fitzgerald,28,baum,9.851751327514648
1,fitzgerald,28,thompson,9.938485622406006
1,fitzgerald,28,dickens,9.851540565490724
1,fitzgerald,28,melville,9.984834671020508
1,fitzgerald,28,wells,9.862263043721518
1,fitzgerald,28,austen,9.875996589660645
1,fitzgerald,28,fitzgerald,9.851428849356514
1,fitzgerald,28,twain,9.952446699142456
1,fitzgerald,29,train,9.773782094319662
1,fitzgerald,29,baum,9.822664499282835
1,fitzgerald,29,thompson,9.911892414093018
1,fitzgerald,29,dickens,9.822816530863443
1,fitzgerald,29,melville,9.959877014160156
1,fitzgerald,29,wells,9.834179560343424
1,fitzgerald,29,austen,9.84654219945272
1,fitzgerald,29,fitzgerald,9.822301728384836
1,fitzgerald,29,twain,9.926560938358309
1,fitzgerald,30,train,9.744722366333008
1,fitzgerald,30,baum,9.79357647895813
1,fitzgerald,30,thompson,9.885587215423584
1,fitzgerald,30,dickens,9.795416514078775
1,fitzgerald,30,melville,9.935836686028374
1,fitzgerald,30,wells,9.806673844655355
1,fitzgerald,30,austen,9.81751807530721
1,fitzgerald,30,fitzgerald,9.793447494506836
1,fitzgerald,30,twain,9.901488304138184
1,fitzgerald,31,train,9.708298365275065
1,fitzgerald,31,baum,9.765045881271362
1,fitzgerald,31,thompson,9.859599828720093
1,fitzgerald,31,dickens,9.767478307088217
1,fitzgerald,31,melville,9.91169908311632
1,fitzgerald,31,wells,9.77897040049235
1,fitzgerald,31,austen,9.788244724273682
1,fitzgerald,31,fitzgerald,9.765241486685616
1,fitzgerald,31,twain,9.875881493091583
1,fitzgerald,32,train,9.680919965108236
1,fitzgerald,32,baum,9.73688554763794
1,fitzgerald,32,thompson,9.833980321884155
1,fitzgerald,32,dickens,9.739450454711914
1,fitzgerald,32,melville,9.888173315260143
1,fitzgerald,32,wells,9.751987139383951
1,fitzgerald,32,austen,9.759638945261637
1,fitzgerald,32,fitzgerald,9.737159592764716
1,fitzgerald,32,twain,9.851066648960114
1,fitzgerald,33,train,9.63920243581136
1,fitzgerald,33,baum,9.708799362182615
1,fitzgerald,33,thompson,9.808120965957642
1,fitzgerald,33,dickens,9.71152369181315
1,fitzgerald,33,melville,9.864304224650065
1,fitzgerald,33,wells,9.72486130396525
1,fitzgerald,33,austen,9.73118225733439
1,fitzgerald,33,fitzgerald,9.709024701799663
1,fitzgerald,33,twain,9.825879752635956
1,fitzgerald,34,train,9.621012369791666
1,fitzgerald,34,baum,9.680488109588625
1,fitzgerald,34,thompson,9.781490087509155
1,fitzgerald,34,dickens,9.683154424031576
1,fitzgerald,34,melville,9.838980462816028
1,fitzgerald,34,wells,9.696988741556805
1,fitzgerald,34,austen,9.701937993367514
1,fitzgerald,34,fitzgerald,9.680732318333217
1,fitzgerald,34,twain,9.79944944381714
1,fitzgerald,35,train,9.593907356262209
1,fitzgerald,35,baum,9.652435541152954
1,fitzgerald,35,thompson,9.75546908378601
1,fitzgerald,35,dickens,9.654905001322428
1,fitzgerald,35,melville,9.814234309726292
1,fitzgerald,35,wells,9.668889045715332
1,fitzgerald,35,austen,9.67329772313436
1,fitzgerald,35,fitzgerald,9.652805737086704
1,fitzgerald,35,twain,9.772815585136414
1,fitzgerald,36,train,9.559149424235024
1,fitzgerald,36,baum,9.624899864196776
1,fitzgerald,36,thompson,9.730233669281006
1,fitzgerald,36,dickens,9.62683359781901
1,fitzgerald,36,melville,9.790293163723415
1,fitzgerald,36,wells,9.641722679138184
1,fitzgerald,36,austen,9.645297845204672
1,fitzgerald,36,fitzgerald,9.625154495239258
1,fitzgerald,36,twain,9.747473299503326
1,fitzgerald,37,train,9.525154113769531
1,fitzgerald,37,baum,9.598101139068604
1,fitzgerald,37,thompson,9.705734491348268
1,fitzgerald,37,dickens,9.598969459533691
1,fitzgerald,37,melville,9.76701471540663
1,fitzgerald,37,wells,9.615509668986002
1,fitzgerald,37,austen,9.61785395940145
1,fitzgerald,37,fitzgerald,9.597853933061872
1,fitzgerald,37,twain,9.723456501960754
1,fitzgerald,38,train,9.4988587697347
1,fitzgerald,38,baum,9.571263074874878
1,fitzgerald,38,thompson,9.68113112449646
1,fitzgerald,38,dickens,9.571677843729654
1,fitzgerald,38,melville,9.743795606825088
1,fitzgerald,38,wells,9.589036146799724
1,fitzgerald,38,austen,9.590957005818684
1,fitzgerald,38,fitzgerald,9.570685386657717
1,fitzgerald,38,twain,9.698938548564913
1,fitzgerald,39,train,9.463803927103678
1,fitzgerald,39,baum,9.544172048568726
1,fitzgerald,39,thompson,9.656196117401125
1,fitzgerald,39,dickens,9.544230779012045
1,fitzgerald,39,melville,9.719862090216743
1,fitzgerald,39,wells,9.56224012374878
1,fitzgerald,39,austen,9.563156763712565
1,fitzgerald,39,fitzgerald,9.543549946376256
1,fitzgerald,39,twain,9.673720121383669
1,fitzgerald,40,train,9.435083389282228
1,fitzgerald,40,baum,9.517624139785768
1,fitzgerald,40,thompson,9.631824254989624
1,fitzgerald,40,dickens,9.51656723022461
1,fitzgerald,40,melville,9.696595721774631
1,fitzgerald,40,wells,9.536480903625488
1,fitzgerald,40,austen,9.535651048024496
1,fitzgerald,40,fitzgerald,9.516792842320031
1,fitzgerald,40,twain,9.649626791477203
1,fitzgerald,41,train,9.399954795837402
1,fitzgerald,41,baum,9.491331577301024
1,fitzgerald,41,thompson,9.607837200164797
1,fitzgerald,41,dickens,9.489642143249512
1,fitzgerald,41,melville,9.67448467678494
1,fitzgerald,41,wells,9.511170228322348
1,fitzgerald,41,austen,9.50871197382609
1,fitzgerald,41,fitzgerald,9.490392684936523
1,fitzgerald,41,twain,9.626333117485046
1,fitzgerald,42,train,9.371443430582682
1,fitzgerald,42,baum,9.464861631393433
1,fitzgerald,42,thompson,9.583652257919312
1,fitzgerald,42,dickens,9.463411331176758
1,fitzgerald,42,melville,9.652476204766169
1,fitzgerald,42,wells,9.485294818878174
1,fitzgerald,42,austen,9.48206090927124
1,fitzgerald,42,fitzgerald,9.463994707380024
1,fitzgerald,42,twain,9.602640211582184
1,fitzgerald,43,train,9.347255071004232
1,fitzgerald,43,baum,9.438233852386476
1,fitzgerald,43,thompson,9.558927059173584
1,fitzgerald,43,dickens,9.436678568522137
1,fitzgerald,43,melville,9.629203160603842
1,fitzgerald,43,wells,9.45875565210978
1,fitzgerald,43,austen,9.455142656962076
1,fitzgerald,43,fitzgerald,9.437317439488002
1,fitzgerald,43,twain,9.577964067459106
1,fitzgerald,44,train,9.31739902496338
1,fitzgerald,44,baum,9.412514925003052
1,fitzgerald,44,thompson,9.534912586212158
1,fitzgerald,44,dickens,9.40833028157552
1,fitzgerald,44,melville,9.605838669670952
1,fitzgerald,44,wells,9.43288787206014
1,fitzgerald,44,austen,9.428391138712565
1,fitzgerald,44,fitzgerald,9.41101360321045
1,fitzgerald,44,twain,9.553702771663666
1,fitzgerald,45,train,9.283338864644367
1,fitzgerald,45,baum,9.38696312904358
1,fitzgerald,45,thompson,9.511531114578249
1,fitzgerald,45,dickens,9.38134765625
1,fitzgerald,45,melville,9.583778063456217
1,fitzgerald,45,wells,9.40764538447062
1,fitzgerald,45,austen,9.402423858642578
1,fitzgerald,45,fitzgerald,9.3850861958095
1,fitzgerald,45,twain,9.530082523822784
1,fitzgerald,46,train,9.254420280456545
1,fitzgerald,46,baum,9.361162185668944
1,fitzgerald,46,thompson,9.488045454025269
1,fitzgerald,46,dickens,9.355623563130695
1,fitzgerald,46,melville,9.562176704406738
1,fitzgerald,46,wells,9.3825577100118
1,fitzgerald,46,austen,9.37633466720581
1,fitzgerald,46,fitzgerald,9.359278133937291
1,fitzgerald,46,twain,9.506770849227903
1,fitzgerald,47,train,9.224181493123371
1,fitzgerald,47,baum,9.33552598953247
1,fitzgerald,47,thompson,9.46461057662964
1,fitzgerald,47,dickens,9.32891813913981
1,fitzgerald,47,melville,9.539933310614693
1,fitzgerald,47,wells,9.357324759165444
1,fitzgerald,47,austen,9.349926153818766
1,fitzgerald,47,fitzgerald,9.33356775556292
1,fitzgerald,47,twain,9.483571588993073
1,fitzgerald,48,train,9.211440086364746
1,fitzgerald,48,baum,9.310394287109377
1,fitzgerald,48,thompson,9.441663026809692
1,fitzgerald,48,dickens,9.301774342854818
1,fitzgerald,48,melville,9.517768647935656
1,fitzgerald,48,wells,9.332475503285728
1,fitzgerald,48,austen,9.323982238769531
1,fitzgerald,48,fitzgerald,9.30819307054792
1,fitzgerald,48,twain,9.46056616306305
1,fitzgerald,49,train,9.15961488087972
1,fitzgerald,49,baum,9.284893274307253
1,fitzgerald,49,thompson,9.418432474136353
1,fitzgerald,49,dickens,9.276155471801758
1,fitzgerald,49,melville,9.496324645148384
1,fitzgerald,49,wells,9.307625452677408
1,fitzgerald,49,austen,9.298213322957356
1,fitzgerald,49,fitzgerald,9.282763344900948
1,fitzgerald,49,twain,9.437497556209564
1,fitzgerald,50,train,9.13446362813314
1,fitzgerald,50,baum,9.259503841400146
1,fitzgerald,50,thompson,9.39535355567932
1,fitzgerald,50,dickens,9.251628557840982
1,fitzgerald,50,melville,9.47535186343723
1,fitzgerald,50,wells,9.283112049102783
1,fitzgerald,50,austen,9.272730827331545
1,fitzgerald,50,fitzgerald,9.25760214669364
1,fitzgerald,50,twain,9.414832472801208
1,fitzgerald,51,train,9.121627489725748
1,fitzgerald,51,baum,9.234195709228516
1,fitzgerald,51,thompson,9.372082233428957
1,fitzgerald,51,dickens,9.22696018218994
1,fitzgerald,51,melville,9.453827963935003
1,fitzgerald,51,wells,9.2581524848938
1,fitzgerald,51,austen,9.246992746988932
1,fitzgerald,51,fitzgerald,9.232447351728169
1,fitzgerald,51,twain,9.391881048679352
1,fitzgerald,52,train,9.082951863606771
1,fitzgerald,52,baum,9.209406614303589
1,fitzgerald,52,thompson,9.34916067123413
1,fitzgerald,52,dickens,9.201208114624023
1,fitzgerald,52,melville,9.432235293918186
1,fitzgerald,52,wells,9.23291015625
1,fitzgerald,52,austen,9.22153584162394
1,fitzgerald,52,fitzgerald,9.207409313746862
1,fitzgerald,52,twain,9.3686460852623
1,fitzgerald,53,train,9.058167457580566
1,fitzgerald,53,baum,9.185135126113892
1,fitzgerald,53,thompson,9.327416181564333
1,fitzgerald,53,dickens,9.17631753285726
1,fitzgerald,53,melville,9.411901473999023
1,fitzgerald,53,wells,9.209384123484291
1,fitzgerald,53,austen,9.196995576222738
1,fitzgerald,53,fitzgerald,9.182801655360633
1,fitzgerald,53,twain,9.347147703170776
1,fitzgerald,54,train,9.0282195409139
1,fitzgerald,54,baum,9.160681009292604
1,fitzgerald,54,thompson,9.30514669418335
1,fitzgerald,54,dickens,9.151398022969564
1,fitzgerald,54,melville,9.390462981330025
1,fitzgerald,54,wells,9.185749053955078
1,fitzgerald,54,austen,9.171571731567385
1,fitzgerald,54,fitzgerald,9.1582578931536
1,fitzgerald,54,twain,9.324940502643583
1,fitzgerald,55,train,8.987949053446451
1,fitzgerald,55,baum,9.13621211051941
1,fitzgerald,55,thompson,9.283162832260132
1,fitzgerald,55,dickens,9.12753423055013
1,fitzgerald,55,melville,9.36979505750868
1,fitzgerald,55,wells,9.162272453308104
1,fitzgerald,55,austen,9.146686553955078
1,fitzgerald,55,fitzgerald,9.133994374956403
1,fitzgerald,55,twain,9.30296379327774
1,fitzgerald,56,train,8.971115112304688
1,fitzgerald,56,baum,9.112226724624634
1,fitzgerald,56,thompson,9.26181173324585
1,fitzgerald,56,dickens,9.10388437906901
1,fitzgerald,56,melville,9.350289450751411
1,fitzgerald,56,wells,9.139173984527588
1,fitzgerald,56,austen,9.1228297551473
1,fitzgerald,56,fitzgerald,9.10994407108852
1,fitzgerald,56,twain,9.281955420970917
1,fitzgerald,57,train,8.934827168782553
1,fitzgerald,57,baum,9.088321447372437
1,fitzgerald,57,thompson,9.23982310295105
1,fitzgerald,57,dickens,9.07865047454834
1,fitzgerald,57,melville,9.32959673139784
1,fitzgerald,57,wells,9.1150328318278
1,fitzgerald,57,austen,9.097853501637776
1,fitzgerald,57,fitzgerald,9.085624286106654
1,fitzgerald,57,twain,9.260111510753632
1,fitzgerald,58,train,8.922307650248209
1,fitzgerald,58,baum,9.06446647644043
1,fitzgerald,58,thompson,9.218191146850586
1,fitzgerald,58,dickens,9.053940137227375
1,fitzgerald,58,melville,9.309229109022352
1,fitzgerald,58,wells,9.091232140858969
1,fitzgerald,58,austen,9.073217074076334
1,fitzgerald,58,fitzgerald,9.06173610687256
1,fitzgerald,58,twain,9.238195717334747
1,fitzgerald,59,train,8.903447469075521
1,fitzgerald,59,baum,9.04066276550293
1,fitzgerald,59,thompson,9.19698452949524
1,fitzgerald,59,dickens,9.0299342473348
1,fitzgerald,59,melville,9.289235750834148
1,fitzgerald,59,wells,9.068198839823404
1,fitzgerald,59,austen,9.049819310506184
1,fitzgerald,59,fitzgerald,9.038155828203474
1,fitzgerald,59,twain,9.216843485832214
1,fitzgerald,60,train,8.860158920288086
1,fitzgerald,60,baum,9.017214298248293
1,fitzgerald,60,thompson,9.175591707229614
1,fitzgerald,60,dickens,9.004892349243164
1,fitzgerald,60,melville,9.268526289198132
1,fitzgerald,60,wells,9.045516649881998
1,fitzgerald,60,austen,9.025649706522625
1,fitzgerald,60,fitzgerald,9.014699390956334
1,fitzgerald,60,twain,9.195714354515076
1,fitzgerald,61,train,8.838551839192709
1,fitzgerald,61,baum,8.993780612945557
1,fitzgerald,61,thompson,9.15422248840332
1,fitzgerald,61,dickens,8.981722195943197
1,fitzgerald,61,melville,9.24872472551134
1,fitzgerald,61,wells,9.022722721099854
1,fitzgerald,61,austen,9.001853307088217
1,fitzgerald,61,fitzgerald,8.99151188986642
1,fitzgerald,61,twain,9.17471557855606
1,fitzgerald,62,train,8.82128651936849
1,fitzgerald,62,baum,8.971061706542969
1,fitzgerald,62,thompson,9.13341999053955
1,fitzgerald,62,dickens,8.958057721455893
1,fitzgerald,62,melville,9.229389296637642
1,fitzgerald,62,wells,8.9998992284139
1,fitzgerald,62,austen,8.978528340657553
1,fitzgerald,62,fitzgerald,8.968576431274414
1,fitzgerald,62,twain,9.15378350019455
1,fitzgerald,63,train,8.781195004781088
1,fitzgerald,63,baum,8.948721408843994
1,fitzgerald,63,thompson,9.113092422485352
1,fitzgerald,63,dickens,8.934666315714518
1,fitzgerald,63,melville,9.210610601637098
1,fitzgerald,63,wells,8.978368918100992
1,fitzgerald,63,austen,8.955215454101562
1,fitzgerald,63,fitzgerald,8.945948600769043
1,fitzgerald,63,twain,9.134004890918732
1,fitzgerald,64,train,8.768576304117838
1,fitzgerald,64,baum,8.925901651382446
1,fitzgerald,64,thompson,9.092559337615969
1,fitzgerald,64,dickens,8.911428451538086
1,fitzgerald,64,melville,9.19124264187283
1,fitzgerald,64,wells,8.955642223358154
1,fitzgerald,64,austen,8.931540648142496
1,fitzgerald,64,fitzgerald,8.923188482012067
1,fitzgerald,64,twain,9.113082587718964
1,fitzgerald,65,train,8.729886054992676
1,fitzgerald,65,baum,8.903717041015625
1,fitzgerald,65,thompson,9.072525262832642
1,fitzgerald,65,dickens,8.88912296295166
1,fitzgerald,65,melville,9.172423044840494
1,fitzgerald,65,wells,8.93330446879069
1,fitzgerald,65,austen,8.908833503723145
1,fitzgerald,65,fitzgerald,8.900898115975517
1,fitzgerald,65,twain,9.09267008304596
1,fitzgerald,66,train,8.720314661661783
1,fitzgerald,66,baum,8.881858825683594
1,fitzgerald,66,thompson,9.05271029472351
1,fitzgerald,66,dickens,8.86561648050944
1,fitzgerald,66,melville,9.153620084126793
1,fitzgerald,66,wells,8.912091573079428
1,fitzgerald,66,austen,8.886125405629477
1,fitzgerald,66,fitzgerald,8.878776686532158
1,fitzgerald,66,twain,9.073322355747225
1,fitzgerald,67,train,8.687836011250814
1,fitzgerald,67,baum,8.85890007019043
1,fitzgerald,67,thompson,9.03190851211548
1,fitzgerald,67,dickens,8.842873573303223
1,fitzgerald,67,melville,9.134313901265465
1,fitzgerald,67,wells,8.88930336634318
1,fitzgerald,67,austen,8.862868150075277
1,fitzgerald,67,fitzgerald,8.856145177568708
1,fitzgerald,67,twain,9.052427351474762
1,fitzgerald,68,train,8.681503931681315
1,fitzgerald,68,baum,8.836995840072632
1,fitzgerald,68,thompson,9.012184381484984
1,fitzgerald,68,dickens,8.821274757385254
1,fitzgerald,68,melville,9.11599964565701
1,fitzgerald,68,wells,8.867970784505209
1,fitzgerald,68,austen,8.840868631998697
1,fitzgerald,68,fitzgerald,8.834439413888115
1,fitzgerald,68,twain,9.032633543014526
1,fitzgerald,69,train,8.650726000467936
1,fitzgerald,69,baum,8.815905332565308
1,fitzgerald,69,thompson,8.993127822875977
1,fitzgerald,69,dickens,8.798326174418131
1,fitzgerald,69,melville,9.09770064883762
1,fitzgerald,69,wells,8.84790563583374
1,fitzgerald,69,austen,8.81851863861084
1,fitzgerald,69,fitzgerald,8.812936510358538
1,fitzgerald,69,twain,9.013957023620604
1,fitzgerald,70,train,8.610714276631674
1,fitzgerald,70,baum,8.794204950332642
1,fitzgerald,70,thompson,8.973616361618042
1,fitzgerald,70,dickens,8.776453971862793
1,fitzgerald,70,melville,9.079518106248644
1,fitzgerald,70,wells,8.826091607411703
1,fitzgerald,70,austen,8.796359062194824
1,fitzgerald,70,fitzgerald,8.791063853672572
1,fitzgerald,70,twain,8.994016408920288
1,fitzgerald,71,train,8.594350179036459
1,fitzgerald,71,baum,8.772814273834229
1,fitzgerald,71,thompson,8.954422950744629
1,fitzgerald,71,dickens,8.755122502644857
1,fitzgerald,71,melville,9.061646461486816
1,fitzgerald,71,wells,8.805344104766846
1,fitzgerald,71,austen,8.774359226226807
1,fitzgerald,71,fitzgerald,8.769739014761788
1,fitzgerald,71,twain,8.974893450737
1,fitzgerald,72,train,8.581770896911621
1,fitzgerald,72,baum,8.751684427261353
1,fitzgerald,72,thompson,8.935375928878784
1,fitzgerald,72,dickens,8.732989947001139
1,fitzgerald,72,melville,9.043602307637531
1,fitzgerald,72,wells,8.784644285837809
1,fitzgerald,72,austen,8.752404054005941
1,fitzgerald,72,fitzgerald,8.748500279017858
1,fitzgerald,72,twain,8.955847799777985
1,fitzgerald,73,train,8.541020393371582
1,fitzgerald,73,baum,8.73064398765564
1,fitzgerald,73,thompson,8.915931940078735
1,fitzgerald,73,dickens,8.711289405822754
1,fitzgerald,73,melville,9.025168312920464
1,fitzgerald,73,wells,8.762973626454672
1,fitzgerald,73,austen,8.730763912200928
1,fitzgerald,73,fitzgerald,8.727285521371025
1,fitzgerald,73,twain,8.9358531832695
1,fitzgerald,74,train,8.518465995788574
1,fitzgerald,74,baum,8.710123300552368
1,fitzgerald,74,thompson,8.897573709487915
1,fitzgerald,74,dickens,8.690966288248697
1,fitzgerald,74,melville,9.008447329203287
1,fitzgerald,74,wells,8.743806521097818
1,fitzgerald,74,austen,8.710074265797934
1,fitzgerald,74,fitzgerald,8.70681871686663
1,fitzgerald,74,twain,8.918361783027649
1,fitzgerald,75,train,8.507936159769693
1,fitzgerald,75,baum,8.68896746635437
1,fitzgerald,75,thompson,8.878565311431885
1,fitzgerald,75,dickens,8.670234044392904
1,fitzgerald,75,melville,8.990932676527235
1,fitzgerald,75,wells,8.723058700561523
1,fitzgerald,75,austen,8.68843682607015
1,fitzgerald,75,fitzgerald,8.6858857018607
1,fitzgerald,75,twain,8.89938372373581
1,fitzgerald,76,train,8.462241172790527
1,fitzgerald,76,baum,8.668410778045654
1,fitzgerald,76,thompson,8.860172271728516
1,fitzgerald,76,dickens,8.64947509765625
1,fitzgerald,76,melville,8.973784022861057
1,fitzgerald,76,wells,8.702891031901041
1,fitzgerald,76,austen,8.667261918385824
1,fitzgerald,76,fitzgerald,8.665315083095006
1,fitzgerald,76,twain,8.88096410036087
1,fitzgerald,77,train,8.447251001993815
1,fitzgerald,77,baum,8.648431777954102
1,fitzgerald,77,thompson,8.84225583076477
1,fitzgerald,77,dickens,8.628815650939941
1,fitzgerald,77,melville,8.95678350660536
1,fitzgerald,77,wells,8.683682441711426
1,fitzgerald,77,austen,8.646509329477945
1,fitzgerald,77,fitzgerald,8.64511067526681
1,fitzgerald,77,twain,8.863402426242828
1,fitzgerald,78,train,8.414697329203287
1,fitzgerald,78,baum,8.627799987792969
1,fitzgerald,78,thompson,8.823652744293213
1,fitzgerald,78,dickens,8.608654022216797
1,fitzgerald,78,melville,8.93937513563368
1,fitzgerald,78,wells,8.662901083628336
1,fitzgerald,78,austen,8.62562370300293
1,fitzgerald,78,fitzgerald,8.624477658952985
1,fitzgerald,78,twain,8.844514608383179
1,fitzgerald,79,train,8.417086283365885
1,fitzgerald,79,baum,8.607681512832642
1,fitzgerald,79,thompson,8.80565357208252
1,fitzgerald,79,dickens,8.587773640950521
1,fitzgerald,79,melville,8.92223178015815
1,fitzgerald,79,wells,8.642719904581705
1,fitzgerald,79,austen,8.605281988779703
1,fitzgerald,79,fitzgerald,8.604169981820244
1,fitzgerald,79,twain,8.82624065876007
1,fitzgerald,80,train,8.392803192138672
1,fitzgerald,80,baum,8.588188886642456
1,fitzgerald,80,thompson,8.788633108139038
1,fitzgerald,80,dickens,8.567243576049805
1,fitzgerald,80,melville,8.906268437703451
1,fitzgerald,80,wells,8.62395175298055
1,fitzgerald,80,austen,8.585861841837565
1,fitzgerald,80,fitzgerald,8.58453859601702
1,fitzgerald,80,twain,8.809258759021759
1,fitzgerald,81,train,8.375160535176596
1,fitzgerald,81,baum,8.568523406982422
1,fitzgerald,81,thompson,8.770902633666992
1,fitzgerald,81,dickens,8.545963923136393
1,fitzgerald,81,melville,8.889111836751303
1,fitzgerald,81,wells,8.604049841562906
1,fitzgerald,81,austen,8.565394401550293
1,fitzgerald,81,fitzgerald,8.564699309212822
1,fitzgerald,81,twain,8.790971994400024
1,fitzgerald,82,train,8.343325932820639
1,fitzgerald,82,baum,8.549390316009521
1,fitzgerald,82,thompson,8.75387454032898
1,fitzgerald,82,dickens,8.525314331054688
1,fitzgerald,82,melville,8.872859742906359
1,fitzgerald,82,wells,8.585729916890463
1,fitzgerald,82,austen,8.54565397898356
1,fitzgerald,82,fitzgerald,8.545431409563337
1,fitzgerald,82,twain,8.774088740348816
1,fitzgerald,83,train,8.321137428283691
1,fitzgerald,83,baum,8.53036093711853
1,fitzgerald,83,thompson,8.736815929412842
1,fitzgerald,83,dickens,8.506392478942871
1,fitzgerald,83,melville,8.856943130493164
1,fitzgerald,83,wells,8.56731367111206
1,fitzgerald,83,austen,8.526419480641684
1,fitzgerald,83,fitzgerald,8.52635942186628
1,fitzgerald,83,twain,8.75706559419632
1,fitzgerald,84,train,8.315177917480469
1,fitzgerald,84,baum,8.511116027832031
1,fitzgerald,84,thompson,8.719090223312378
1,fitzgerald,84,dickens,8.486858685811361
1,fitzgerald,84,melville,8.839955117967394
1,fitzgerald,84,wells,8.54720687866211
1,fitzgerald,84,austen,8.506586710611979
1,fitzgerald,84,fitzgerald,8.506957735334124
1,fitzgerald,84,twain,8.738743543624878
1,fitzgerald,85,train,8.288323402404785
1,fitzgerald,85,baum,8.492351293563843
1,fitzgerald,85,thompson,8.702051401138306
1,fitzgerald,85,dickens,8.467052459716797
1,fitzgerald,85,melville,8.823831876118978
1,fitzgerald,85,wells,8.528347651163736
1,fitzgerald,85,austen,8.486747900644938
1,fitzgerald,85,fitzgerald,8.488052368164062
1,fitzgerald,85,twain,8.721559047698975
1,fitzgerald,86,train,8.253126462300619
1,fitzgerald,86,baum,8.47354531288147
1,fitzgerald,86,thompson,8.685957670211792
1,fitzgerald,86,dickens,8.449352264404297
1,fitzgerald,86,melville,8.809756808810764
1,fitzgerald,86,wells,8.510366121927897
1,fitzgerald,86,austen,8.468259493509928
1,fitzgerald,86,fitzgerald,8.4695132119315
1,fitzgerald,86,twain,8.705600440502167
1,fitzgerald,87,train,8.23857593536377
1,fitzgerald,87,baum,8.45469069480896
1,fitzgerald,87,thompson,8.668996095657349
1,fitzgerald,87,dickens,8.43025016784668
1,fitzgerald,87,melville,8.793817520141602
1,fitzgerald,87,wells,8.491461912790934
1,fitzgerald,87,austen,8.44867197672526
1,fitzgerald,87,fitzgerald,8.450676918029785
1,fitzgerald,87,twain,8.688522219657898
1,fitzgerald,88,train,8.226055781046549
1,fitzgerald,88,baum,8.436264038085938
1,fitzgerald,88,thompson,8.6523597240448
1,fitzgerald,88,dickens,8.410856246948242
1,fitzgerald,88,melville,8.777974976433647
1,fitzgerald,88,wells,8.473091761271158
1,fitzgerald,88,austen,8.42948834101359
1,fitzgerald,88,fitzgerald,8.432059969220843
1,fitzgerald,88,twain,8.67181247472763
1,fitzgerald,89,train,8.197598457336426
1,fitzgerald,89,baum,8.418458700180054
1,fitzgerald,89,thompson,8.636882066726685
1,fitzgerald,89,dickens,8.3917449315389
1,fitzgerald,89,melville,8.763095008002388
1,fitzgerald,89,wells,8.455685138702393
1,fitzgerald,89,austen,8.411717414855957
1,fitzgerald,89,fitzgerald,8.41414042881557
1,fitzgerald,89,twain,8.655880391597748
1,fitzgerald,90,train,8.179478963216146
1,fitzgerald,90,baum,8.400557518005371
1,fitzgerald,90,thompson,8.621163368225098
1,fitzgerald,90,dickens,8.373126665751139
1,fitzgerald,90,melville,8.748022397359213
1,fitzgerald,90,wells,8.438339869181315
1,fitzgerald,90,austen,8.393654823303223
1,fitzgerald,90,fitzgerald,8.3961763381958
1,fitzgerald,90,twain,8.639893651008606
1,fitzgerald,91,train,8.133284568786621
1,fitzgerald,91,baum,8.382502555847168
1,fitzgerald,91,thompson,8.605194330215454
1,fitzgerald,91,dickens,8.354501088460287
1,fitzgerald,91,melville,8.732977973090279
1,fitzgerald,91,wells,8.420824527740479
1,fitzgerald,91,austen,8.3750688234965
1,fitzgerald,91,fitzgerald,8.37815489087786
1,fitzgerald,91,twain,8.623999178409576
1,fitzgerald,92,train,8.141141891479492
1,fitzgerald,92,baum,8.364397764205933
1,fitzgerald,92,thompson,8.58930253982544
1,fitzgerald,92,dickens,8.3367067972819
1,fitzgerald,92,melville,8.71882078382704
1,fitzgerald,92,wells,8.403208096822103
1,fitzgerald,92,austen,8.356753826141357
1,fitzgerald,92,fitzgerald,8.360275541033063
1,fitzgerald,92,twain,8.608532309532166
1,fitzgerald,93,train,8.109748204549154
1,fitzgerald,93,baum,8.346635341644287
1,fitzgerald,93,thompson,8.573252201080322
1,fitzgerald,93,dickens,8.31848112742106
1,fitzgerald,93,melville,8.704050487942165
1,fitzgerald,93,wells,8.385268847147623
1,fitzgerald,93,austen,8.33832279841105
1,fitzgerald,93,fitzgerald,8.342444011143275
1,fitzgerald,93,twain,8.592487394809723
1,fitzgerald,94,train,8.098289171854654
1,fitzgerald,94,baum,8.329252481460571
1,fitzgerald,94,thompson,8.55752444267273
1,fitzgerald,94,dickens,8.299667040506998
1,fitzgerald,94,melville,8.688701947530111
1,fitzgerald,94,wells,8.367331822713217
1,fitzgerald,94,austen,8.320078055063883
1,fitzgerald,94,fitzgerald,8.3248291015625
1,fitzgerald,94,twain,8.576146304607391
1,fitzgerald,95,train,8.04304313659668
1,fitzgerald,95,baum,8.312060356140137
1,fitzgerald,95,thompson,8.542905569076538
1,fitzgerald,95,dickens,8.28335189819336
1,fitzgerald,95,melville,8.675471411810982
1,fitzgerald,95,wells,8.351558367411295
1,fitzgerald,95,austen,8.303174336751303
1,fitzgerald,95,fitzgerald,8.308016777038574
1,fitzgerald,95,twain,8.561895549297333
1,fitzgerald,96,train,8.048763593037924
1,fitzgerald,96,baum,8.294433355331421
1,fitzgerald,96,thompson,8.527443408966064
1,fitzgerald,96,dickens,8.266131083170572
1,fitzgerald,96,melville,8.661259333292643
1,fitzgerald,96,wells,8.334094683329264
1,fitzgerald,96,austen,8.285472551981607
1,fitzgerald,96,fitzgerald,8.290606771196638
1,fitzgerald,96,twain,8.546428859233856
1,fitzgerald,97,train,8.032355626424154
1,fitzgerald,97,baum,8.277061700820923
1,fitzgerald,97,thompson,8.511814832687378
1,fitzgerald,97,dickens,8.246861139933268
1,fitzgerald,97,melville,8.646211836073133
1,fitzgerald,97,wells,8.316301345825195
1,fitzgerald,97,austen,8.267258008321127
1,fitzgerald,97,fitzgerald,8.272953850882393
1,fitzgerald,97,twain,8.530609369277954
1,fitzgerald,98,train,8.024978319803873
1,fitzgerald,98,baum,8.260306358337402
1,fitzgerald,98,thompson,8.497316360473633
1,fitzgerald,98,dickens,8.229887962341309
1,fitzgerald,98,melville,8.632724655999077
1,fitzgerald,98,wells,8.300537268320719
1,fitzgerald,98,austen,8.250694433848063
1,fitzgerald,98,fitzgerald,8.256178038460869
1,fitzgerald,98,twain,8.516512989997864
1,fitzgerald,99,train,7.981057961781819
1,fitzgerald,99,baum,8.243762016296387
1,fitzgerald,99,thompson,8.482805490493774
1,fitzgerald,99,dickens,8.213316281636557
1,fitzgerald,99,melville,8.619078636169434
1,fitzgerald,99,wells,8.284368673960367
1,fitzgerald,99,austen,8.23419682184855
1,fitzgerald,99,fitzgerald,8.239636421203613
1,fitzgerald,99,twain,8.501966774463654
1,fitzgerald,100,train,7.971176306406657
1,fitzgerald,100,baum,8.226923942565918
1,fitzgerald,100,thompson,8.468175411224365
1,fitzgerald,100,dickens,8.196329434712728
1,fitzgerald,100,melville,8.605141745673286
1,fitzgerald,100,wells,8.268013159434
1,fitzgerald,100,austen,8.217020988464355
1,fitzgerald,100,fitzgerald,8.22286319732666
1,fitzgerald,100,twain,8.487333476543427
1,fitzgerald,101,train,7.945593039194743
1,fitzgerald,101,baum,8.210439682006836
1,fitzgerald,101,thompson,8.454100608825684
1,fitzgerald,101,dickens,8.18030039469401
1,fitzgerald,101,melville,8.59237003326416
1,fitzgerald,101,wells,8.252158482869467
1,fitzgerald,101,austen,8.200361251831055
1,fitzgerald,101,fitzgerald,8.206575666155134
1,fitzgerald,101,twain,8.473510205745697
1,fitzgerald,102,train,7.943013509114583
1,fitzgerald,102,baum,8.193598508834839
1,fitzgerald,102,thompson,8.439231634140015
1,fitzgerald,102,dickens,8.16308561960856
1,fitzgerald,102,melville,8.578744252522787
1,fitzgerald,102,wells,8.234991709391275
1,fitzgerald,102,austen,8.183245023091635
1,fitzgerald,102,fitzgerald,8.189773150852748
1,fitzgerald,102,twain,8.458646714687347
1,fitzgerald,103,train,7.920833428700765
1,fitzgerald,103,baum,8.17739748954773
1,fitzgerald,103,thompson,8.424939155578613
1,fitzgerald,103,dickens,8.145854314168295
1,fitzgerald,103,melville,8.56499915652805
1,fitzgerald,103,wells,8.219387531280518
1,fitzgerald,103,austen,8.16654666264852
1,fitzgerald,103,fitzgerald,8.173496791294642
1,fitzgerald,103,twain,8.444613873958588
1,fitzgerald,104,train,7.892954508463542
1,fitzgerald,104,baum,8.161426305770874
1,fitzgerald,104,thompson,8.41110873222351
1,fitzgerald,104,dickens,8.130741755167643
1,fitzgerald,104,melville,8.552339871724447
1,fitzgerald,104,wells,8.204569021860758
1,fitzgerald,104,austen,8.150704065958658
1,fitzgerald,104,fitzgerald,8.157862799508232
1,fitzgerald,104,twain,8.431222319602966
1,fitzgerald,105,train,7.87535826365153
1,fitzgerald,105,baum,8.1452956199646
1,fitzgerald,105,thompson,8.396955966949463
1,fitzgerald,105,dickens,8.11380926767985
1,fitzgerald,105,melville,8.539002100626627
1,fitzgerald,105,wells,8.188324928283691
1,fitzgerald,105,austen,8.134286085764566
1,fitzgerald,105,fitzgerald,8.14160646711077
1,fitzgerald,105,twain,8.416937053203583
1,fitzgerald,106,train,7.878660996754964
1,fitzgerald,106,baum,8.12986135482788
1,fitzgerald,106,thompson,8.383540868759155
1,fitzgerald,106,dickens,8.096534411112467
1,fitzgerald,106,melville,8.526152822706434
1,fitzgerald,106,wells,8.172468821207682
1,fitzgerald,106,austen,8.118165493011475
1,fitzgerald,106,fitzgerald,8.125807898385185
1,fitzgerald,106,twain,8.403017520904541
1,fitzgerald,107,train,7.854983806610107
1,fitzgerald,107,baum,8.114667654037476
1,fitzgerald,107,thompson,8.370551586151123
1,fitzgerald,107,dickens,8.081563949584961
1,fitzgerald,107,melville,8.514249695671928
1,fitzgerald,107,wells,8.157657623291016
1,fitzgerald,107,austen,8.103314717610678
1,fitzgerald,107,fitzgerald,8.110649245125908
1,fitzgerald,107,twain,8.389961123466492
1,fitzgerald,108,train,7.827266534169515
1,fitzgerald,108,baum,8.098656177520752
1,fitzgerald,108,thompson,8.356194972991943
1,fitzgerald,108,dickens,8.065266132354736
1,fitzgerald,108,melville,8.500329547458225
1,fitzgerald,108,wells,8.142093976338705
1,fitzgerald,108,austen,8.086814403533936
1,fitzgerald,108,fitzgerald,8.09486757005964
1,fitzgerald,108,twain,8.375822186470032
1,fitzgerald,109,train,7.822384198506673
1,fitzgerald,109,baum,8.082980155944824
1,fitzgerald,109,thompson,8.342296838760376
1,fitzgerald,109,dickens,8.04895798365275
1,fitzgerald,109,melville,8.487415737575954
1,fitzgerald,109,wells,8.126327514648438
1,fitzgerald,109,austen,8.070691426595053
1,fitzgerald,109,fitzgerald,8.079275948660714
1,fitzgerald,109,twain,8.361836671829224
1,fitzgerald,110,train,7.774573485056559
1,fitzgerald,110,baum,8.068153619766235
1,fitzgerald,110,thompson,8.329673051834106
1,fitzgerald,110,dickens,8.034207344055176
1,fitzgerald,110,melville,8.476335737440321
1,fitzgerald,110,wells,8.112502415974935
1,fitzgerald,110,austen,8.055845657984415
1,fitzgerald,110,fitzgerald,8.064582075391497
1,fitzgerald,110,twain,8.349630236625671
1,fitzgerald,111,train,7.796158313751221
1,fitzgerald,111,baum,8.052786827087402
1,fitzgerald,111,thompson,8.316270351409912
1,fitzgerald,111,dickens,8.018531322479248
1,fitzgerald,111,melville,8.463814947340223
1,fitzgerald,111,wells,8.097317536671957
1,fitzgerald,111,austen,8.039900541305542
1,fitzgerald,111,fitzgerald,8.04943459374564
1,fitzgerald,111,twain,8.336258232593536
1,fitzgerald,112,train,7.768006801605225
1,fitzgerald,112,baum,8.037408590316772
1,fitzgerald,112,thompson,8.30267596244812
1,fitzgerald,112,dickens,8.002430121103922
1,fitzgerald,112,melville,8.450842433505589
1,fitzgerald,112,wells,8.081962744394938
1,fitzgerald,112,austen,8.024162451426188
1,fitzgerald,112,fitzgerald,8.034220899854388
1,fitzgerald,112,twain,8.322528302669525
1,fitzgerald,113,train,7.729472637176514
1,fitzgerald,113,baum,8.02280330657959
1,fitzgerald,113,thompson,8.290284872055054
1,fitzgerald,113,dickens,7.988532066345215
1,fitzgerald,113,melville,8.439970016479492
1,fitzgerald,113,wells,8.068828185399374
1,fitzgerald,113,austen,8.009979009628296
1,fitzgerald,113,fitzgerald,8.01998199735369
1,fitzgerald,113,twain,8.310794532299042
1,fitzgerald,114,train,7.719197432200114
1,fitzgerald,114,baum,8.007726550102234
1,fitzgerald,114,thompson,8.27685284614563
1,fitzgerald,114,dickens,7.973135312398274
1,fitzgerald,114,melville,8.427343050638834
1,fitzgerald,114,wells,8.053407430648804
1,fitzgerald,114,austen,7.994246323903401
1,fitzgerald,114,fitzgerald,8.004936490740095
1,fitzgerald,114,twain,8.297136723995209
1,fitzgerald,115,train,7.727202256520589
1,fitzgerald,115,baum,7.993338942527771
1,fitzgerald,115,thompson,8.264671802520752
1,fitzgerald,115,dickens,7.9577352205912275
1,fitzgerald,115,melville,8.415801366170248
1,fitzgerald,115,wells,8.039618094762167
1,fitzgerald,115,austen,7.979622999827067
1,fitzgerald,115,fitzgerald,7.990394524165562
1,fitzgerald,115,twain,8.284926950931549
1,fitzgerald,116,train,7.671687602996826
1,fitzgerald,116,baum,7.979221343994141
1,fitzgerald,116,thompson,8.252698421478271
1,fitzgerald,116,dickens,7.944222609202067
1,fitzgerald,116,melville,8.404703246222603
1,fitzgerald,116,wells,8.02633778254191
1,fitzgerald,116,austen,7.965836366017659
1,fitzgerald,116,fitzgerald,7.9764823232378275
1,fitzgerald,116,twain,8.272946953773499
1,fitzgerald,117,train,7.692972819010417
1,fitzgerald,117,baum,7.964420795440674
1,fitzgerald,117,thompson,8.239444732666016
1,fitzgerald,117,dickens,7.929069995880127
1,fitzgerald,117,melville,8.391909387376574
1,fitzgerald,117,wells,8.011267503102621
1,fitzgerald,117,austen,7.949988603591919
1,fitzgerald,117,fitzgerald,7.96184812273298
1,fitzgerald,117,twain,8.259321570396423
1,fitzgerald,118,train,7.642223199208577
1,fitzgerald,118,baum,7.950694561004639
1,fitzgerald,118,thompson,8.22793960571289
1,fitzgerald,118,dickens,7.914393742879231
1,fitzgerald,118,melville,8.381180551317003
1,fitzgerald,118,wells,7.998265107472737
1,fitzgerald,118,austen,7.935791492462158
1,fitzgerald,118,fitzgerald,7.948199340275356
1,fitzgerald,118,twain,8.2479048371315
1,fitzgerald,119,train,7.651497999827067
1,fitzgerald,119,baum,7.936442971229553
1,fitzgerald,119,thompson,8.215806484222412
1,fitzgerald,119,dickens,7.901014963785808
1,fitzgerald,119,melville,8.370240105523003
1,fitzgerald,119,wells,7.984786033630371
1,fitzgerald,119,austen,7.921780983606975
1,fitzgerald,119,fitzgerald,7.934417452130999
1,fitzgerald,119,twain,8.236118853092194
1,fitzgerald,120,train,7.615743478139241
1,fitzgerald,120,baum,7.922462105751038
1,fitzgerald,120,thompson,8.203322887420654
1,fitzgerald,120,dickens,7.887460231781006
1,fitzgerald,120,melville,8.358694818284777
1,fitzgerald,120,wells,7.970650355021159
1,fitzgerald,120,austen,7.907657782236735
1,fitzgerald,120,fitzgerald,7.920472281319754
1,fitzgerald,120,twain,8.22373741865158
1,fitzgerald,121,train,7.604054609934489
1,fitzgerald,121,baum,7.908809900283813
1,fitzgerald,121,thompson,8.191487550735474
1,fitzgerald,121,dickens,7.872923215230306
1,fitzgerald,121,melville,8.347832043965658
1,fitzgerald,121,wells,7.95718502998352
1,fitzgerald,121,austen,7.893191893895467
1,fitzgerald,121,fitzgerald,7.906681741986956
1,fitzgerald,121,twain,8.212061405181885
1,fitzgerald,122,train,7.599084377288818
1,fitzgerald,122,baum,7.895120143890381
1,fitzgerald,122,thompson,8.180207252502441
1,fitzgerald,122,dickens,7.860419909159343
1,fitzgerald,122,melville,8.33823988172743
1,fitzgerald,122,wells,7.944698015848796
1,fitzgerald,122,austen,7.879873196283976
1,fitzgerald,122,fitzgerald,7.893543992723737
1,fitzgerald,122,twain,8.20110410451889
1,fitzgerald,123,train,7.585954030354817
1,fitzgerald,123,baum,7.881122946739197
1,fitzgerald,123,thompson,8.167598485946655
1,fitzgerald,123,dickens,7.846697489420573
1,fitzgerald,123,melville,8.325756496853298
1,fitzgerald,123,wells,7.930762926737468
1,fitzgerald,123,austen,7.864767074584961
1,fitzgerald,123,fitzgerald,7.879846232278006
1,fitzgerald,123,twain,8.188453912734985
1,fitzgerald,124,train,7.550518035888672
1,fitzgerald,124,baum,7.868012428283691
1,fitzgerald,124,thompson,8.156518697738647
1,fitzgerald,124,dickens,7.833662033081055
1,fitzgerald,124,melville,8.31565390692817
1,fitzgerald,124,wells,7.918455203374227
1,fitzgerald,124,austen,7.851524829864502
1,fitzgerald,124,fitzgerald,7.86678341456822
1,fitzgerald,124,twain,8.177768051624298
1,fitzgerald,125,train,7.542614936828613
1,fitzgerald,125,baum,7.855039119720459
1,fitzgerald,125,thompson,8.145690202713013
1,fitzgerald,125,dickens,7.821035861968994
1,fitzgerald,125,melville,8.306452433268229
1,fitzgerald,125,wells,7.905550082524617
1,fitzgerald,125,austen,7.839424769083659
1,fitzgerald,125,fitzgerald,7.853813648223877
1,fitzgerald,125,twain,8.166931718587875
1,fitzgerald,126,train,7.551868756612142
1,fitzgerald,126,baum,7.841560125350952
1,fitzgerald,126,thompson,8.133788824081421
1,fitzgerald,126,dickens,7.806643009185791
1,fitzgerald,126,melville,8.29475318060981
1,fitzgerald,126,wells,7.892031113306682
1,fitzgerald,126,austen,7.82534106572469
1,fitzgerald,126,fitzgerald,7.840303761618478
1,fitzgerald,126,twain,8.15489935874939
1,fitzgerald,127,train,7.529278914133708
1,fitzgerald,127,baum,7.828558087348938
1,fitzgerald,127,thompson,8.12251591682434
1,fitzgerald,127,dickens,7.793671607971191
1,fitzgerald,127,melville,8.283678478664822
1,fitzgerald,127,wells,7.879932721455892
1,fitzgerald,127,austen,7.811803976694743
1,fitzgerald,127,fitzgerald,7.827567917960031
1,fitzgerald,127,twain,8.14371058344841
1,fitzgerald,128,train,7.517073313395183
1,fitzgerald,128,baum,7.815696477890015
1,fitzgerald,128,thompson,8.111390590667725
1,fitzgerald,128,dickens,7.781768798828125
1,fitzgerald,128,melville,8.273689270019531
1,fitzgerald,128,wells,7.8675022919972735
1,fitzgerald,128,austen,7.798833688100179
1,fitzgerald,128,fitzgerald,7.814963408878872
1,fitzgerald,128,twain,8.132763892412186
1,fitzgerald,129,train,7.447809855143229
1,fitzgerald,129,baum,7.803416132926941
1,fitzgerald,129,thompson,8.10107970237732
1,fitzgerald,129,dickens,7.769591013590495
1,fitzgerald,129,melville,8.264604992336697
1,fitzgerald,129,wells,7.855734189351399
1,fitzgerald,129,austen,7.786454359690349
1,fitzgerald,129,fitzgerald,7.802825382777622
1,fitzgerald,129,twain,8.122887969017029
1,fitzgerald,130,train,7.49803368250529
1,fitzgerald,130,baum,7.790670037269592
1,fitzgerald,130,thompson,8.090484857559204
1,fitzgerald,130,dickens,7.757084846496582
1,fitzgerald,130,melville,8.254941834343803
1,fitzgerald,130,wells,7.843035141626994
1,fitzgerald,130,austen,7.773938258488973
1,fitzgerald,130,fitzgerald,7.790242535727365
1,fitzgerald,130,twain,8.112287759780884
1,fitzgerald,131,train,7.473970254262288
1,fitzgerald,131,baum,7.778055787086487
1,fitzgerald,131,thompson,8.079375624656677
1,fitzgerald,131,dickens,7.743751207987468
1,fitzgerald,131,melville,8.244233343336317
1,fitzgerald,131,wells,7.830071449279785
1,fitzgerald,131,austen,7.760428508122762
1,fitzgerald,131,fitzgerald,7.777592318398612
1,fitzgerald,131,twain,8.101016491651535
1,fitzgerald,132,train,7.425872484842936
1,fitzgerald,132,baum,7.766289472579956
1,fitzgerald,132,thompson,8.069515705108643
1,fitzgerald,132,dickens,7.732906818389893
1,fitzgerald,132,melville,8.23560545179579
1,fitzgerald,132,wells,7.820034821828206
1,fitzgerald,132,austen,7.748788038889567
1,fitzgerald,132,fitzgerald,7.766144820622036
1,fitzgerald,132,twain,8.091958194971085
1,fitzgerald,133,train,7.428913911183675
1,fitzgerald,133,baum,7.753663539886475
1,fitzgerald,133,thompson,8.058650255203247
1,fitzgerald,133,dickens,7.721455097198486
1,fitzgerald,133,melville,8.22590520646837
1,fitzgerald,133,wells,7.807684659957886
1,fitzgerald,133,austen,7.73641578356425
1,fitzgerald,133,fitzgerald,7.753925664084298
1,fitzgerald,133,twain,8.081011265516281
1,fitzgerald,134,train,7.4409230550130205
1,fitzgerald,134,baum,7.741241931915283
1,fitzgerald,134,thompson,8.047595500946045
1,fitzgerald,134,dickens,7.707457701365153
1,fitzgerald,134,melville,8.214921474456787
1,fitzgerald,134,wells,7.794332027435303
1,fitzgerald,134,austen,7.722992897033691
1,fitzgerald,134,fitzgerald,7.741245474134173
1,fitzgerald,134,twain,8.069583386182785
1,fitzgerald,135,train,7.428719361623128
1,fitzgerald,135,baum,7.730348348617554
1,fitzgerald,135,thompson,8.038594484329224
1,fitzgerald,135,dickens,7.69736893971761
1,fitzgerald,135,melville,8.207116285959879
1,fitzgerald,135,wells,7.784650882085164
1,fitzgerald,135,austen,7.712831020355225
1,fitzgerald,135,fitzgerald,7.730306557246616
1,fitzgerald,135,twain,8.06118693947792
1,fitzgerald,136,train,7.406504472096761
1,fitzgerald,136,baum,7.718482971191406
1,fitzgerald,136,thompson,8.028383374214172
1,fitzgerald,136,dickens,7.6853688557942705
1,fitzgerald,136,melville,8.19757726457384
1,fitzgerald,136,wells,7.772462129592895
1,fitzgerald,136,austen,7.7002261479695635
1,fitzgerald,136,fitzgerald,7.718342917306082
1,fitzgerald,136,twain,8.050640255212784
1,fitzgerald,137,train,7.380894184112549
1,fitzgerald,137,baum,7.706958889961243
1,fitzgerald,137,thompson,8.018523812294006
1,fitzgerald,137,dickens,7.672746976216634
1,fitzgerald,137,melville,8.18776406182183
1,fitzgerald,137,wells,7.760708808898926
1,fitzgerald,137,austen,7.687654177347819
1,fitzgerald,137,fitzgerald,7.706652845655169
1,fitzgerald,137,twain,8.040390372276306
1,fitzgerald,138,train,7.366893609364827
1,fitzgerald,138,baum,7.695841550827026
1,fitzgerald,138,thompson,8.009469032287598
1,fitzgerald,138,dickens,7.662799676259358
1,fitzgerald,138,melville,8.17997964223226
1,fitzgerald,138,wells,7.750936110814412
1,fitzgerald,138,austen,7.677504380544026
1,fitzgerald,138,fitzgerald,7.695827688489642
1,fitzgerald,138,twain,8.03198727965355
1,fitzgerald,139,train,7.344916184743245
1,fitzgerald,139,baum,7.683897376060486
1,fitzgerald,139,thompson,7.999234557151794
1,fitzgerald,139,dickens,7.650680224100749
1,fitzgerald,139,melville,8.170650906032986
1,fitzgerald,139,wells,7.738587776819865
1,fitzgerald,139,austen,7.6652757326761884
1,fitzgerald,139,fitzgerald,7.683945042746408
1,fitzgerald,139,twain,8.02161517739296
1,fitzgerald,140,train,7.307732264200847
1,fitzgerald,140,baum,7.672515153884888
1,fitzgerald,140,thompson,7.989894509315491
1,fitzgerald,140,dickens,7.639204184214274
1,fitzgerald,140,melville,8.16213215721978
1,fitzgerald,140,wells,7.728218078613281
1,fitzgerald,140,austen,7.653375069300334
1,fitzgerald,140,fitzgerald,7.672782216753278
1,fitzgerald,140,twain,8.01286768913269
1,fitzgerald,141,train,7.303883075714111
1,fitzgerald,141,baum,7.661165714263916
1,fitzgerald,141,thompson,7.980301022529602
1,fitzgerald,141,dickens,7.629073143005371
1,fitzgerald,141,melville,8.153627501593697
1,fitzgerald,141,wells,7.717524846394856
1,fitzgerald,141,austen,7.641996383666992
1,fitzgerald,141,fitzgerald,7.661898749215262
1,fitzgerald,141,twain,8.003619641065598
1,fitzgerald,142,train,7.34774096806844
1,fitzgerald,142,baum,7.650032639503479
1,fitzgerald,142,thompson,7.970305919647217
1,fitzgerald,142,dickens,7.617453416188558
1,fitzgerald,142,melville,8.144042756822374
1,fitzgerald,142,wells,7.705881039301555
1,fitzgerald,142,austen,7.630550225575765
1,fitzgerald,142,fitzgerald,7.650635174342564
1,fitzgerald,142,twain,7.9935320019721985
1,fitzgerald,143,train,7.343432108561198
1,fitzgerald,143,baum,7.639533042907715
1,fitzgerald,143,thompson,7.961396336555481
1,fitzgerald,143,dickens,7.606562932332356
1,fitzgerald,143,melville,8.13584370083279
1,fitzgerald,143,wells,7.695655584335327
1,fitzgerald,143,austen,7.619966904322307
1,fitzgerald,143,fitzgerald,7.63999114717756
1,fitzgerald,143,twain,7.984712809324264
1,fitzgerald,144,train,7.302926858266194
1,fitzgerald,144,baum,7.629109978675842
1,fitzgerald,144,thompson,7.952329993247986
1,fitzgerald,144,dickens,7.595968405405681
1,fitzgerald,144,melville,8.127339839935303
1,fitzgerald,144,wells,7.68552041053772
1,fitzgerald,144,austen,7.609201431274414
1,fitzgerald,144,fitzgerald,7.629513536180768
1,fitzgerald,144,twain,7.975578665733337
1,fitzgerald,145,train,7.268965721130371
1,fitzgerald,145,baum,7.618311166763306
1,fitzgerald,145,thompson,7.943526744842529
1,fitzgerald,145,dickens,7.584934711456299
1,fitzgerald,145,melville,8.11896668540107
1,fitzgerald,145,wells,7.675256729125977
1,fitzgerald,145,austen,7.598044077555339
1,fitzgerald,145,fitzgerald,7.618836198534284
1,fitzgerald,145,twain,7.966786563396454
1,fitzgerald,146,train,7.28819990158081
1,fitzgerald,146,baum,7.607523560523987
1,fitzgerald,146,thompson,7.934734225273132
1,fitzgerald,146,dickens,7.574946244557698
1,fitzgerald,146,melville,8.111218240525988
1,fitzgerald,146,wells,7.665088733037312
1,fitzgerald,146,austen,7.587539672851562
1,fitzgerald,146,fitzgerald,7.608379364013672
1,fitzgerald,146,twain,7.958313077688217
1,fitzgerald,147,train,7.256637255350749
1,fitzgerald,147,baum,7.597264409065247
1,fitzgerald,147,thompson,7.926333665847778
1,fitzgerald,147,dickens,7.563735326131185
1,fitzgerald,147,melville,8.10370726055569
1,fitzgerald,147,wells,7.655211130777995
1,fitzgerald,147,austen,7.577521562576294
1,fitzgerald,147,fitzgerald,7.5979950768607
1,fitzgerald,147,twain,7.950287908315659
1,fitzgerald,148,train,7.253456115722656
1,fitzgerald,148,baum,7.587019562721252
1,fitzgerald,148,thompson,7.917487263679504
1,fitzgerald,148,dickens,7.552308082580566
1,fitzgerald,148,melville,8.095206207699245
1,fitzgerald,148,wells,7.644472519556682
1,fitzgerald,148,austen,7.566943009694417
1,fitzgerald,148,fitzgerald,7.587437493460519
1,fitzgerald,148,twain,7.941225945949554
1,fitzgerald,149,train,7.24456516901652
1,fitzgerald,149,baum,7.577349305152893
1,fitzgerald,149,thompson,7.90921950340271
1,fitzgerald,149,dickens,7.541723092397054
1,fitzgerald,149,melville,8.087368806203207
1,fitzgerald,149,wells,7.634658098220825
1,fitzgerald,149,austen,7.557217280069987
1,fitzgerald,149,fitzgerald,7.577395166669573
1,fitzgerald,149,twain,7.932736247777939
1,fitzgerald,150,train,7.209877014160156
1,fitzgerald,150,baum,7.567765593528748
1,fitzgerald,150,thompson,7.900723576545715
1,fitzgerald,150,dickens,7.531990210215251
1,fitzgerald,150,melville,8.079690880245632
1,fitzgerald,150,wells,7.625530242919922
1,fitzgerald,150,austen,7.547550360361735
1,fitzgerald,150,fitzgerald,7.567625522613525
1,fitzgerald,150,twain,7.924655109643936
1,fitzgerald,151,train,7.1967824300130205
1,fitzgerald,151,baum,7.557337522506714
1,fitzgerald,151,thompson,7.891891717910767
1,fitzgerald,151,dickens,7.522177219390869
1,fitzgerald,151,melville,8.07216575410631
1,fitzgerald,151,wells,7.614907741546631
1,fitzgerald,151,austen,7.5367476145426435
1,fitzgerald,151,fitzgerald,7.5575480461120605
1,fitzgerald,151,twain,7.916062384843826
1,fitzgerald,152,train,7.163369337717692
1,fitzgerald,152,baum,7.547430157661438
1,fitzgerald,152,thompson,7.883780360221863
1,fitzgerald,152,dickens,7.511862595876058
1,fitzgerald,152,melville,8.065150949690077
1,fitzgerald,152,wells,7.605462233225505
1,fitzgerald,152,austen,7.526487350463867
1,fitzgerald,152,fitzgerald,7.547602312905448
1,fitzgerald,152,twain,7.90857470035553
1,fitzgerald,153,train,7.190790971120198
1,fitzgerald,153,baum,7.538045525550842
1,fitzgerald,153,thompson,7.875811100006103
1,fitzgerald,153,dickens,7.503409544626872
1,fitzgerald,153,melville,8.058002630869547
1,fitzgerald,153,wells,7.596636613210042
1,fitzgerald,153,austen,7.517795085906982
1,fitzgerald,153,fitzgerald,7.538237367357526
1,fitzgerald,153,twain,7.901004463434219
1,fitzgerald,154,train,7.151940981547038
1,fitzgerald,154,baum,7.527992486953735
1,fitzgerald,154,thompson,7.867316007614136
1,fitzgerald,154,dickens,7.493627389272054
1,fitzgerald,154,melville,8.05029026667277
1,fitzgerald,154,wells,7.58578101793925
1,fitzgerald,154,austen,7.507676204045613
1,fitzgerald,154,fitzgerald,7.528188296726772
1,fitzgerald,154,twain,7.892036586999893
1,fitzgerald,155,train,7.193743546803792
1,fitzgerald,155,baum,7.518880486488342
1,fitzgerald,155,thompson,7.8594810962677
1,fitzgerald,155,dickens,7.484175682067871
1,fitzgerald,155,melville,8.043158849080404
1,fitzgerald,155,wells,7.577157974243164
1,fitzgerald,155,austen,7.498261372248332
1,fitzgerald,155,fitzgerald,7.518816879817417
1,fitzgerald,155,twain,7.884766578674316
1,fitzgerald,156,train,7.144612312316895
1,fitzgerald,156,baum,7.50975489616394
1,fitzgerald,156,thompson,7.851716637611389
1,fitzgerald,156,dickens,7.476034005482991
1,fitzgerald,156,melville,8.03614616394043
1,fitzgerald,156,wells,7.568312644958496
1,fitzgerald,156,austen,7.48942756652832
1,fitzgerald,156,fitzgerald,7.509721619742257
1,fitzgerald,156,twain,7.877181589603424
1,fitzgerald,157,train,7.140360832214356
1,fitzgerald,157,baum,7.500084400177002
1,fitzgerald,157,thompson,7.843803405761719
1,fitzgerald,157,dickens,7.4661545753479
1,fitzgerald,157,melville,8.02855200237698
1,fitzgerald,157,wells,7.558418432871501
1,fitzgerald,157,austen,7.479164203008016
1,fitzgerald,157,fitzgerald,7.500163350786481
1,fitzgerald,157,twain,7.869100332260132
1,fitzgerald,158,train,7.18535852432251
1,fitzgerald,158,baum,7.490679621696472
1,fitzgerald,158,thompson,7.836266875267029
1,fitzgerald,158,dickens,7.457369168599446
1,fitzgerald,158,melville,8.021915276845297
1,fitzgerald,158,wells,7.54972775777181
1,fitzgerald,158,austen,7.470574140548706
1,fitzgerald,158,fitzgerald,7.491038867405483
1,fitzgerald,158,twain,7.861847996711731
1,fitzgerald,159,train,7.1359022458394366
1,fitzgerald,159,baum,7.481724262237549
1,fitzgerald,159,thompson,7.828882575035095
1,fitzgerald,159,dickens,7.446869532267253
1,fitzgerald,159,melville,8.014611403147379
1,fitzgerald,159,wells,7.540574471155803
1,fitzgerald,159,austen,7.461479743321736
1,fitzgerald,159,fitzgerald,7.481791632516043
1,fitzgerald,159,twain,7.854202568531036
1,fitzgerald,160,train,7.139917850494385
1,fitzgerald,160,baum,7.473064184188843
1,fitzgerald,160,thompson,7.82131814956665
1,fitzgerald,160,dickens,7.438101450602214
1,fitzgerald,160,melville,8.007324430677626
1,fitzgerald,160,wells,7.531496445337932
1,fitzgerald,160,austen,7.45293919245402
1,fitzgerald,160,fitzgerald,7.4727621759687155
1,fitzgerald,160,twain,7.846349149942398
1,fitzgerald,161,train,7.052378177642822
1,fitzgerald,161,baum,7.464151859283447
1,fitzgerald,161,thompson,7.8145831823349
1,fitzgerald,161,dickens,7.429323673248291
1,fitzgerald,161,melville,8.001431941986084
1,fitzgerald,161,wells,7.522632757822673
1,fitzgerald,161,austen,7.44361678759257
1,fitzgerald,161,fitzgerald,7.463962827410016
1,fitzgerald,161,twain,7.839461416006088
1,fitzgerald,162,train,7.106852849324544
1,fitzgerald,162,baum,7.455209851264954
1,fitzgerald,162,thompson,7.807146430015564
1,fitzgerald,162,dickens,7.420536200205485
1,fitzgerald,162,melville,7.99497848086887
1,fitzgerald,162,wells,7.513991038004558
1,fitzgerald,162,austen,7.434659481048584
1,fitzgerald,162,fitzgerald,7.455270630972726
1,fitzgerald,162,twain,7.832347542047501
1,fitzgerald,163,train,7.114602565765381
1,fitzgerald,163,baum,7.446757435798645
1,fitzgerald,163,thompson,7.79964005947113
1,fitzgerald,163,dickens,7.411891937255859
1,fitzgerald,163,melville,7.987499660915798
1,fitzgerald,163,wells,7.506179491678874
1,fitzgerald,163,austen,7.426103353500366
1,fitzgerald,163,fitzgerald,7.446753229413714
1,fitzgerald,163,twain,7.825350016355514
1,fitzgerald,164,train,7.110355218251546
1,fitzgerald,164,baum,7.438158273696899
1,fitzgerald,164,thompson,7.793149590492248
1,fitzgerald,164,dickens,7.402459462483724
1,fitzgerald,164,melville,7.981473710801866
1,fitzgerald,164,wells,7.497949441274007
1,fitzgerald,164,austen,7.417120059331258
1,fitzgerald,164,fitzgerald,7.438024248395648
1,fitzgerald,164,twain,7.818672180175781
1,fitzgerald,165,train,7.092145601908366
1,fitzgerald,165,baum,7.4302297830581665
1,fitzgerald,165,thompson,7.787112355232239
1,fitzgerald,165,dickens,7.39378023147583
1,fitzgerald,165,melville,7.976580884721544
1,fitzgerald,165,wells,7.490566889444987
1,fitzgerald,165,austen,7.410096247990926
1,fitzgerald,165,fitzgerald,7.429916177477155
1,fitzgerald,165,twain,7.812681674957275
1,fitzgerald,166,train,7.065511862436931
1,fitzgerald,166,baum,7.42165207862854
1,fitzgerald,166,thompson,7.77933931350708
1,fitzgerald,166,dickens,7.384528795878093
1,fitzgerald,166,melville,7.968893686930339
1,fitzgerald,166,wells,7.481381416320801
1,fitzgerald,166,austen,7.401352961858113
1,fitzgerald,166,fitzgerald,7.421182019369943
1,fitzgerald,166,twain,7.804964125156403
1,fitzgerald,167,train,7.038589795430501
1,fitzgerald,167,baum,7.413479804992676
1,fitzgerald,167,thompson,7.772882342338562
1,fitzgerald,167,dickens,7.37634801864624
1,fitzgerald,167,melville,7.963362587822808
1,fitzgerald,167,wells,7.474023262659709
1,fitzgerald,167,austen,7.393025557200114
1,fitzgerald,167,fitzgerald,7.413181713649204
1,fitzgerald,167,twain,7.799348086118698
1,fitzgerald,168,train,7.04380448659261
1,fitzgerald,168,baum,7.40530526638031
1,fitzgerald,168,thompson,7.765947461128235
1,fitzgerald,168,dickens,7.368511041005452
1,fitzgerald,168,melville,7.9576401180691185
1,fitzgerald,168,wells,7.4664145310719805
1,fitzgerald,168,austen,7.384859402974446
1,fitzgerald,168,fitzgerald,7.405142102922712
1,fitzgerald,168,twain,7.792941004037857
1,fitzgerald,169,train,7.024919668833415
1,fitzgerald,169,baum,7.397206783294678
1,fitzgerald,169,thompson,7.758479475975037
1,fitzgerald,169,dickens,7.360608259836833
1,fitzgerald,169,melville,7.950183497534858
1,fitzgerald,169,wells,7.4576256275177
1,fitzgerald,169,austen,7.376267274220784
1,fitzgerald,169,fitzgerald,7.396826539720807
1,fitzgerald,169,twain,7.785171896219253
1,fitzgerald,170,train,7.034496943155925
1,fitzgerald,170,baum,7.389964699745178
1,fitzgerald,170,thompson,7.753284692764282
1,fitzgerald,170,dickens,7.352881590525309
1,fitzgerald,170,melville,7.946071571773952
1,fitzgerald,170,wells,7.450130701065063
1,fitzgerald,170,austen,7.369218826293945
1,fitzgerald,170,fitzgerald,7.389228071485247
1,fitzgerald,170,twain,7.779828280210495
1,fitzgerald,171,train,7.014878749847412
1,fitzgerald,171,baum,7.382339000701904
1,fitzgerald,171,thompson,7.746930956840515
1,fitzgerald,171,dickens,7.344421863555908
1,fitzgerald,171,melville,7.940707153744167
1,fitzgerald,171,wells,7.442117214202881
1,fitzgerald,171,austen,7.362377643585205
1,fitzgerald,171,fitzgerald,7.381332193102155
1,fitzgerald,171,twain,7.773478657007217
1,fitzgerald,172,train,7.01489241917928
1,fitzgerald,172,baum,7.374458432197571
1,fitzgerald,172,thompson,7.740030646324158
1,fitzgerald,172,dickens,7.33602237701416
1,fitzgerald,172,melville,7.93349568049113
1,fitzgerald,172,wells,7.434503157933553
1,fitzgerald,172,austen,7.353822787602742
1,fitzgerald,172,fitzgerald,7.3733318873814175
1,fitzgerald,172,twain,7.766780138015747
1,fitzgerald,173,train,6.990190029144287
1,fitzgerald,173,baum,7.367167949676514
1,fitzgerald,173,thompson,7.7343913316726685
1,fitzgerald,173,dickens,7.328475793202718
1,fitzgerald,173,melville,7.928755442301433
1,fitzgerald,173,wells,7.427414973576863
1,fitzgerald,173,austen,7.34616756439209
1,fitzgerald,173,fitzgerald,7.365710462842669
1,fitzgerald,173,twain,7.761236935853958
1,fitzgerald,174,train,7.003416379292806
1,fitzgerald,174,baum,7.3598713874816895
1,fitzgerald,174,thompson,7.727797746658325
1,fitzgerald,174,dickens,7.3213396072387695
1,fitzgerald,174,melville,7.923258039686415
1,fitzgerald,174,wells,7.419185320536296
1,fitzgerald,174,austen,7.339271386464435
1,fitzgerald,174,fitzgerald,7.358134474073138
1,fitzgerald,174,twain,7.754611164331436
1,fitzgerald,175,train,6.986202081044515
1,fitzgerald,175,baum,7.351938486099243
1,fitzgerald,175,thompson,7.721277356147766
1,fitzgerald,175,dickens,7.313365936279297
1,fitzgerald,175,melville,7.916584226820204
1,fitzgerald,175,wells,7.411480983098348
1,fitzgerald,175,austen,7.331231832504272
1,fitzgerald,175,fitzgerald,7.3504182270595
1,fitzgerald,175,twain,7.748170644044876
1,fitzgerald,176,train,6.934786001841228
1,fitzgerald,176,baum,7.344406127929687
1,fitzgerald,176,thompson,7.715280294418335
1,fitzgerald,176,dickens,7.306869029998779
1,fitzgerald,176,melville,7.910956170823839
1,fitzgerald,176,wells,7.404456615447998
1,fitzgerald,176,austen,7.323514540990193
1,fitzgerald,176,fitzgerald,7.343071052006313
1,fitzgerald,176,twain,7.742114335298538
1,fitzgerald,177,train,6.977778911590576
1,fitzgerald,177,baum,7.337144017219543
1,fitzgerald,177,thompson,7.708922743797302
1,fitzgerald,177,dickens,7.299440224965413
1,fitzgerald,177,melville,7.905250284406874
1,fitzgerald,177,wells,7.396632194519043
1,fitzgerald,177,austen,7.31598973274231
1,fitzgerald,177,fitzgerald,7.335547583443778
1,fitzgerald,177,twain,7.735440105199814
1,fitzgerald,178,train,6.970476786295573
1,fitzgerald,178,baum,7.330607533454895
1,fitzgerald,178,thompson,7.70393705368042
1,fitzgerald,178,dickens,7.292882760365804
1,fitzgerald,178,melville,7.901208400726318
1,fitzgerald,178,wells,7.390138864517212
1,fitzgerald,178,austen,7.3100353082021075
1,fitzgerald,178,fitzgerald,7.328617436545236
1,fitzgerald,178,twain,7.730463325977325
1,fitzgerald,179,train,6.885605176289876
1,fitzgerald,179,baum,7.322922945022583
1,fitzgerald,179,thompson,7.698017358779907
1,fitzgerald,179,dickens,7.2848310470581055
1,fitzgerald,179,melville,7.895587815178765
1,fitzgerald,179,wells,7.382455428441365
1,fitzgerald,179,austen,7.301839272181193
1,fitzgerald,179,fitzgerald,7.321128368377685
1,fitzgerald,179,twain,7.724614650011063
1,fitzgerald,180,train,6.946586449940999
1,fitzgerald,180,baum,7.315744161605835
1,fitzgerald,180,thompson,7.691206216812134
1,fitzgerald,180,dickens,7.279195785522461
1,fitzgerald,180,melville,7.88943698671129
1,fitzgerald,180,wells,7.375168959299724
1,fitzgerald,180,austen,7.294682105382283
1,fitzgerald,180,fitzgerald,7.314083508082798
1,fitzgerald,180,twain,7.717891246080399
1,fitzgerald,181,train,6.935371398925781
1,fitzgerald,181,baum,7.309070587158203
1,fitzgerald,181,thompson,7.685146331787109
1,fitzgerald,181,dickens,7.272346496582031
1,fitzgerald,181,melville,7.883236938052708
1,fitzgerald,181,wells,7.3681587378184
1,fitzgerald,181,austen,7.287996133168538
1,fitzgerald,181,fitzgerald,7.30704893384661
1,fitzgerald,181,twain,7.711881577968597
1,fitzgerald,182,train,6.886389255523682
1,fitzgerald,182,baum,7.301961660385132
1,fitzgerald,182,thompson,7.6801371574401855
1,fitzgerald,182,dickens,7.265129248301188
1,fitzgerald,182,melville,7.879179265764025
1,fitzgerald,182,wells,7.360448122024536
1,fitzgerald,182,austen,7.281219244003296
1,fitzgerald,182,fitzgerald,7.299873488289969
1,fitzgerald,182,twain,7.706662237644196
1,fitzgerald,183,train,6.917741775512695
1,fitzgerald,183,baum,7.2950199842453
1,fitzgerald,183,thompson,7.674671411514282
1,fitzgerald,183,dickens,7.259220918019612
1,fitzgerald,183,melville,7.874166382683648
1,fitzgerald,183,wells,7.354109207789103
1,fitzgerald,183,austen,7.2750803629557295
1,fitzgerald,183,fitzgerald,7.293103286198208
1,fitzgerald,183,twain,7.701256155967712
1,fitzgerald,184,train,6.920482476552327
1,fitzgerald,184,baum,7.287297129631042
1,fitzgerald,184,thompson,7.668639183044434
1,fitzgerald,184,dickens,7.251201152801514
1,fitzgerald,184,melville,7.868365022871229
1,fitzgerald,184,wells,7.346773147583008
1,fitzgerald,184,austen,7.266748666763306
1,fitzgerald,184,fitzgerald,7.285806247166225
1,fitzgerald,184,twain,7.69507497549057
1,fitzgerald,185,train,6.892070929209392
1,fitzgerald,185,baum,7.280563116073608
1,fitzgerald,185,thompson,7.663047194480896
1,fitzgerald,185,dickens,7.245691458384196
1,fitzgerald,185,melville,7.8640163209703235
1,fitzgerald,185,wells,7.34053635597229
1,fitzgerald,185,austen,7.261212348937988
1,fitzgerald,185,fitzgerald,7.279416356767927
1,fitzgerald,185,twain,7.689846992492676
1,fitzgerald,186,train,6.916816234588623
1,fitzgerald,186,baum,7.274122476577759
1,fitzgerald,186,thompson,7.657056570053101
1,fitzgerald,186,dickens,7.237875461578369
1,fitzgerald,186,melville,7.856836742824978
1,fitzgerald,186,wells,7.333179871241252
1,fitzgerald,186,austen,7.25466513633728
1,fitzgerald,186,fitzgerald,7.272330215999058
1,fitzgerald,186,twain,7.683518528938293
1,fitzgerald,187,train,6.867800394694011
1,fitzgerald,187,baum,7.266872406005859
1,fitzgerald,187,thompson,7.651685953140259
1,fitzgerald,187,dickens,7.232422828674316
1,fitzgerald,187,melville,7.853035926818848
1,fitzgerald,187,wells,7.325754165649414
1,fitzgerald,187,austen,7.247758229573567
1,fitzgerald,187,fitzgerald,7.2654339245387485
1,fitzgerald,187,twain,7.677856802940369
1,fitzgerald,188,train,6.875821431477864
1,fitzgerald,188,baum,7.260831952095032
1,fitzgerald,188,thompson,7.647268414497375
1,fitzgerald,188,dickens,7.22771151860555
1,fitzgerald,188,melville,7.849906815422906
1,fitzgerald,188,wells,7.320862372716268
1,fitzgerald,188,austen,7.242398818333943
1,fitzgerald,188,fitzgerald,7.259632246834891
1,fitzgerald,188,twain,7.673916906118393
1,fitzgerald,189,train,6.868584156036377
1,fitzgerald,189,baum,7.253577947616577
1,fitzgerald,189,thompson,7.641375064849853
1,fitzgerald,189,dickens,7.218419551849365
1,fitzgerald,189,melville,7.842984676361084
1,fitzgerald,189,wells,7.31234606107076
1,fitzgerald,189,austen,7.234196583429973
1,fitzgerald,189,fitzgerald,7.252100331442697
1,fitzgerald,189,twain,7.667100310325623
1,fitzgerald,190,train,6.849470933278401
1,fitzgerald,190,baum,7.247465014457703
1,fitzgerald,190,thompson,7.635976314544678
1,fitzgerald,190,dickens,7.213855107625325
1,fitzgerald,190,melville,7.83787563112047
1,fitzgerald,190,wells,7.30747922261556
1,fitzgerald,190,austen,7.230259895324707
1,fitzgerald,190,fitzgerald,7.246424674987793
1,fitzgerald,190,twain,7.661581724882126
1,fitzgerald,191,train,6.844168504079183
1,fitzgerald,191,baum,7.2404705286026
1,fitzgerald,191,thompson,7.631154298782349
1,fitzgerald,191,dickens,7.206010182698567
1,fitzgerald,191,melville,7.8334131770663795
1,fitzgerald,191,wells,7.300242900848389
1,fitzgerald,191,austen,7.222183465957642
1,fitzgerald,191,fitzgerald,7.239449637276786
1,fitzgerald,191,twain,7.656451910734177
1,fitzgerald,192,train,6.86370054880778
1,fitzgerald,192,baum,7.234254598617554
1,fitzgerald,192,thompson,7.626342058181763
1,fitzgerald,192,dickens,7.200084527333577
1,fitzgerald,192,melville,7.829231792026096
1,fitzgerald,192,wells,7.294516881306966
1,fitzgerald,192,austen,7.217203934987386
1,fitzgerald,192,fitzgerald,7.233305318014962
1,fitzgerald,192,twain,7.651967704296112
1,fitzgerald,193,train,6.833889007568359
1,fitzgerald,193,baum,7.228195309638977
1,fitzgerald,193,thompson,7.621684432029724
1,fitzgerald,193,dickens,7.192754586537679
1,fitzgerald,193,melville,7.825387583838569
1,fitzgerald,193,wells,7.287889798482259
1,fitzgerald,193,austen,7.210944890975952
1,fitzgerald,193,fitzgerald,7.226968560900007
1,fitzgerald,193,twain,7.64729306101799
1,fitzgerald,194,train,6.790562152862549
1,fitzgerald,194,baum,7.22186815738678
1,fitzgerald,194,thompson,7.615811109542847
1,fitzgerald,194,dickens,7.187537670135498
1,fitzgerald,194,melville,7.81992679172092
1,fitzgerald,194,wells,7.281014601389567
1,fitzgerald,194,austen,7.205593188603719
1,fitzgerald,194,fitzgerald,7.220732484545026
1,fitzgerald,194,twain,7.641208052635193
1,fitzgerald,195,train,6.824772834777832
1,fitzgerald,195,baum,7.215805172920227
1,fitzgerald,195,thompson,7.6107035875320435
1,fitzgerald,195,dickens,7.180698235829671
1,fitzgerald,195,melville,7.814575937059191
1,fitzgerald,195,wells,7.274680534998576
1,fitzgerald,195,austen,7.198694388071696
1,fitzgerald,195,fitzgerald,7.2142759050641745
1,fitzgerald,195,twain,7.635966241359711
1,fitzgerald,196,train,6.807450612386067
1,fitzgerald,196,baum,7.209705114364624
1,fitzgerald,196,thompson,7.60595977306366
1,fitzgerald,196,dickens,7.1752705574035645
1,fitzgerald,196,melville,7.810870382520887
1,fitzgerald,196,wells,7.268847703933716
1,fitzgerald,196,austen,7.193034013112386
1,fitzgerald,196,fitzgerald,7.2083033834184915
1,fitzgerald,196,twain,7.631331086158752
1,fitzgerald,197,train,6.814211845397949
1,fitzgerald,197,baum,7.203739523887634
1,fitzgerald,197,thompson,7.60077178478241
1,fitzgerald,197,dickens,7.169073422749837
1,fitzgerald,197,melville,7.80563677681817
1,fitzgerald,197,wells,7.262114922205607
1,fitzgerald,197,austen,7.187870820363362
1,fitzgerald,197,fitzgerald,7.202286107199533
1,fitzgerald,197,twain,7.625826090574264
1,fitzgerald,198,train,6.743415673573812
1,fitzgerald,198,baum,7.198271036148071
1,fitzgerald,198,thompson,7.597650527954102
1,fitzgerald,198,dickens,7.162474473317464
1,fitzgerald,198,melville,7.803136666615804
1,fitzgerald,198,wells,7.25676425298055
1,fitzgerald,198,austen,7.181615749994914
1,fitzgerald,198,fitzgerald,7.196458748408726
1,fitzgerald,198,twain,7.622797399759293
1,fitzgerald,199,train,6.799754778544108
1,fitzgerald,199,baum,7.191849946975708
1,fitzgerald,199,thompson,7.591480255126953
1,fitzgerald,199,dickens,7.158037026723226
1,fitzgerald,199,melville,7.797175089518229
1,fitzgerald,199,wells,7.250527699788411
1,fitzgerald,199,austen,7.176208972930908
1,fitzgerald,199,fitzgerald,7.190434796469552
1,fitzgerald,199,twain,7.616467088460922
1,fitzgerald,200,train,6.786358038584392
1,fitzgerald,200,baum,7.186182975769043
1,fitzgerald,200,thompson,7.587179780006409
1,fitzgerald,200,dickens,7.1527252197265625
1,fitzgerald,200,melville,7.79375516043769
1,fitzgerald,200,wells,7.2446779410044355
1,fitzgerald,200,austen,7.170526345570882
1,fitzgerald,200,fitzgerald,7.184659549168178
1,fitzgerald,200,twain,7.612584829330444
1,fitzgerald,201,train,6.7876877784729
1,fitzgerald,201,baum,7.1809786558151245
1,fitzgerald,201,thompson,7.584087252616882
1,fitzgerald,201,dickens,7.147021293640137
1,fitzgerald,201,melville,7.791622744666205
1,fitzgerald,201,wells,7.240666230519612
1,fitzgerald,201,austen,7.166000207265218
1,fitzgerald,201,fitzgerald,7.1793317794799805
1,fitzgerald,201,twain,7.61041334271431
1,fitzgerald,202,train,6.740707715352376
1,fitzgerald,202,baum,7.1745864152908325
1,fitzgerald,202,thompson,7.57818877696991
1,fitzgerald,202,dickens,7.141062259674072
1,fitzgerald,202,melville,7.785447915395101
1,fitzgerald,202,wells,7.234131256739299
1,fitzgerald,202,austen,7.160205125808716
1,fitzgerald,202,fitzgerald,7.173126493181501
1,fitzgerald,202,twain,7.60421872138977
1,fitzgerald,203,train,6.733239809672038
1,fitzgerald,203,baum,7.168927907943726
1,fitzgerald,203,thompson,7.573736310005188
1,fitzgerald,203,dickens,7.136144638061523
1,fitzgerald,203,melville,7.781003634134929
1,fitzgerald,203,wells,7.228813091913859
1,fitzgerald,203,austen,7.154617706934611
1,fitzgerald,203,fitzgerald,7.167590345655169
1,fitzgerald,203,twain,7.599832087755203
1,fitzgerald,204,train,6.724921067555745
1,fitzgerald,204,baum,7.163323640823364
1,fitzgerald,204,thompson,7.569409966468811
1,fitzgerald,204,dickens,7.131178061167399
1,fitzgerald,204,melville,7.777473290761311
1,fitzgerald,204,wells,7.223134199778239
1,fitzgerald,204,austen,7.149948358535767
1,fitzgerald,204,fitzgerald,7.1620957510811945
1,fitzgerald,204,twain,7.595849007368088
1,fitzgerald,205,train,6.757189909617106
1,fitzgerald,205,baum,7.158024311065674
1,fitzgerald,205,thompson,7.564799785614014
1,fitzgerald,205,dickens,7.126050631205241
1,fitzgerald,205,melville,7.7734329965379505
1,fitzgerald,205,wells,7.2168192863464355
1,fitzgerald,205,austen,7.144473552703857
1,fitzgerald,205,fitzgerald,7.156437873840332
1,fitzgerald,205,twain,7.591108679771423
1,fitzgerald,206,train,6.750036239624023
1,fitzgerald,206,baum,7.152692437171936
1,fitzgerald,206,thompson,7.559660911560059
1,fitzgerald,206,dickens,7.1216349601745605
1,fitzgerald,206,melville,7.768069585164388
1,fitzgerald,206,wells,7.211819887161255
1,fitzgerald,206,austen,7.140188296635945
1,fitzgerald,206,fitzgerald,7.151267051696777
1,fitzgerald,206,twain,7.585726052522659
1,fitzgerald,207,train,6.7560164133707685
1,fitzgerald,207,baum,7.147527456283569
1,fitzgerald,207,thompson,7.556854486465454
1,fitzgerald,207,dickens,7.115874290466309
1,fitzgerald,207,melville,7.766229629516602
1,fitzgerald,207,wells,7.206461826960246
1,fitzgerald,207,austen,7.134371916453044
1,fitzgerald,207,fitzgerald,7.145532539912632
1,fitzgerald,207,twain,7.583050072193146
1,fitzgerald,208,train,6.771849155426025
1,fitzgerald,208,baum,7.142516016960144
1,fitzgerald,208,thompson,7.552707552909851
1,fitzgerald,208,dickens,7.111648082733154
1,fitzgerald,208,melville,7.761897563934326
1,fitzgerald,208,wells,7.202230453491211
1,fitzgerald,208,austen,7.129679759343465
1,fitzgerald,208,fitzgerald,7.140523024967739
1,fitzgerald,208,twain,7.579082041978836
1,fitzgerald,209,train,6.721408367156982
1,fitzgerald,209,baum,7.13757050037384
1,fitzgerald,209,thompson,7.54780650138855
1,fitzgerald,209,dickens,7.107380549112956
1,fitzgerald,209,melville,7.756537490420872
1,fitzgerald,209,wells,7.196959892908732
1,fitzgerald,209,austen,7.124964555104573
1,fitzgerald,209,fitzgerald,7.135346208299909
1,fitzgerald,209,twain,7.574020028114319
1,fitzgerald,210,train,6.715905825297038
1,fitzgerald,210,baum,7.1322290897369385
1,fitzgerald,210,thompson,7.544873476028442
1,fitzgerald,210,dickens,7.102067311604817
1,fitzgerald,210,melville,7.754499382442898
1,fitzgerald,210,wells,7.191907962163289
1,fitzgerald,210,austen,7.120124101638794
1,fitzgerald,210,fitzgerald,7.129975387028286
1,fitzgerald,210,twain,7.571195393800735
1,fitzgerald,211,train,6.730538527170817
1,fitzgerald,211,baum,7.1267406940460205
1,fitzgerald,211,thompson,7.5411869287490845
1,fitzgerald,211,dickens,7.098098119099935
1,fitzgerald,211,melville,7.752427524990505
1,fitzgerald,211,wells,7.186357657114665
1,fitzgerald,211,austen,7.116480986277263
1,fitzgerald,211,fitzgerald,7.12514523097447
1,fitzgerald,211,twain,7.567586213350296
1,fitzgerald,212,train,6.711019992828369
1,fitzgerald,212,baum,7.122767210006714
1,fitzgerald,212,thompson,7.5370272397994995
1,fitzgerald,212,dickens,7.091065565745036
1,fitzgerald,212,melville,7.747077306111653
1,fitzgerald,212,wells,7.181463479995728
1,fitzgerald,212,austen,7.111408472061157
1,fitzgerald,212,fitzgerald,7.119718279157366
1,fitzgerald,212,twain,7.563531547784805
1,fitzgerald,213,train,6.681500911712647
1,fitzgerald,213,baum,7.1186113357543945
1,fitzgerald,213,thompson,7.5334272384643555
1,fitzgerald,213,dickens,7.089687983194987
1,fitzgerald,213,melville,7.744847456614177
1,fitzgerald,213,wells,7.177412668863933
1,fitzgerald,213,austen,7.107534488042195
1,fitzgerald,213,fitzgerald,7.115420273372105
1,fitzgerald,213,twain,7.560052573680878
1,fitzgerald,214,train,6.654129187266032
1,fitzgerald,214,baum,7.112938761711121
1,fitzgerald,214,thompson,7.5281184911727905
1,fitzgerald,214,dickens,7.083352883656819
1,fitzgerald,214,melville,7.73825126224094
1,fitzgerald,214,wells,7.1710201899210615
1,fitzgerald,214,austen,7.101027409235637
1,fitzgerald,214,fitzgerald,7.10993310383388
1,fitzgerald,214,twain,7.554634153842926
1,fitzgerald,215,train,6.667103926340739
1,fitzgerald,215,baum,7.107588052749634
1,fitzgerald,215,thompson,7.525489330291748
1,fitzgerald,215,dickens,7.079900582631429
1,fitzgerald,215,melville,7.737522019280328
1,fitzgerald,215,wells,7.166696389516194
1,fitzgerald,215,austen,7.097283601760864
1,fitzgerald,215,fitzgerald,7.105131762368338
1,fitzgerald,215,twain,7.552077680826187
1,fitzgerald,216,train,6.684715906778972
1,fitzgerald,216,baum,7.103599905967712
1,fitzgerald,216,thompson,7.522010564804077
1,fitzgerald,216,dickens,7.074451446533203
1,fitzgerald,216,melville,7.734048419528538
1,fitzgerald,216,wells,7.1614759763081866
1,fitzgerald,216,austen,7.093366066614787
1,fitzgerald,216,fitzgerald,7.09994718006679
1,fitzgerald,216,twain,7.548129379749298
1,fitzgerald,217,train,6.692741870880127
1,fitzgerald,217,baum,7.0989954471588135
1,fitzgerald,217,thompson,7.518427729606628
1,fitzgerald,217,dickens,7.069714387257894
1,fitzgerald,217,melville,7.730203522576226
1,fitzgerald,217,wells,7.157406330108643
1,fitzgerald,217,austen,7.089935143788655
1,fitzgerald,217,fitzgerald,7.095302445547921
1,fitzgerald,217,twain,7.544384479522705
1,fitzgerald,218,train,6.6597364743550616
1,fitzgerald,218,baum,7.09386682510376
1,fitzgerald,218,thompson,7.514328241348267
1,fitzgerald,218,dickens,7.064755916595459
1,fitzgerald,218,melville,7.727023919423421
1,fitzgerald,218,wells,7.152585744857788
1,fitzgerald,218,austen,7.084707895914714
1,fitzgerald,218,fitzgerald,7.090193748474121
1,fitzgerald,218,twain,7.540633261203766
1,fitzgerald,219,train,6.633679707845052
1,fitzgerald,219,baum,7.088726997375488
1,fitzgerald,219,thompson,7.5108925104141235
1,fitzgerald,219,dickens,7.060846487681071
1,fitzgerald,219,melville,7.724716345469157
1,fitzgerald,219,wells,7.147667805353801
1,fitzgerald,219,austen,7.079428593317668
1,fitzgerald,219,fitzgerald,7.085347652435303
1,fitzgerald,219,twain,7.537450164556503
1,fitzgerald,220,train,6.669113794962565
1,fitzgerald,220,baum,7.083957076072693
1,fitzgerald,220,thompson,7.507124185562134
1,fitzgerald,220,dickens,7.055752754211426
1,fitzgerald,220,melville,7.720447116427952
1,fitzgerald,220,wells,7.1429323355356855
1,fitzgerald,220,austen,7.075219949086507
1,fitzgerald,220,fitzgerald,7.080395153590611
1,fitzgerald,220,twain,7.533365190029144
1,fitzgerald,221,train,6.6488423347473145
1,fitzgerald,221,baum,7.079859972000122
1,fitzgerald,221,thompson,7.503352999687195
1,fitzgerald,221,dickens,7.052657763163249
1,fitzgerald,221,melville,7.716560575697157
1,fitzgerald,221,wells,7.138738950093587
1,fitzgerald,221,austen,7.072519302368164
1,fitzgerald,221,fitzgerald,7.076244354248047
1,fitzgerald,221,twain,7.529374539852142
1,fitzgerald,222,train,6.633759657541911
1,fitzgerald,222,baum,7.076582551002502
1,fitzgerald,222,thompson,7.500830888748169
1,fitzgerald,222,dickens,7.047162691752116
1,fitzgerald,222,melville,7.714401033189562
1,fitzgerald,222,wells,7.134082953135173
1,fitzgerald,222,austen,7.068127075831096
1,fitzgerald,222,fitzgerald,7.071552889687674
1,fitzgerald,222,twain,7.526890277862549
1,fitzgerald,223,train,6.61566702524821
1,fitzgerald,223,baum,7.071504712104797
1,fitzgerald,223,thompson,7.495834708213806
1,fitzgerald,223,dickens,7.043394724527995
1,fitzgerald,223,melville,7.7092126740349665
1,fitzgerald,223,wells,7.129006703694661
1,fitzgerald,223,austen,7.064040501912435
1,fitzgerald,223,fitzgerald,7.06680931363787
1,fitzgerald,223,twain,7.521592348814011
1,fitzgerald,224,train,6.654520829518636
1,fitzgerald,224,baum,7.067474365234375
1,fitzgerald,224,thompson,7.4925936460494995
1,fitzgerald,224,dickens,7.038281281789144
1,fitzgerald,224,melville,7.706336286332872
1,fitzgerald,224,wells,7.12394364674886
1,fitzgerald,224,austen,7.059236288070679
1,fitzgerald,224,fitzgerald,7.062287671225412
1,fitzgerald,224,twain,7.518303662538528
1,fitzgerald,225,train,6.653605143229167
1,fitzgerald,225,baum,7.064050197601318
1,fitzgerald,225,thompson,7.489304780960083
1,fitzgerald,225,dickens,7.034429391225179
1,fitzgerald,225,melville,7.702623102400038
1,fitzgerald,225,wells,7.121402978897095
1,fitzgerald,225,austen,7.056820789972941
1,fitzgerald,225,fitzgerald,7.058641774313791
1,fitzgerald,225,twain,7.515729576349258
1,fitzgerald,226,train,6.588823954264323
1,fitzgerald,226,baum,7.059507250785828
1,fitzgerald,226,thompson,7.486685395240784
1,fitzgerald,226,dickens,7.030304749806722
1,fitzgerald,226,melville,7.701035022735596
1,fitzgerald,226,wells,7.116941452026367
1,fitzgerald,226,austen,7.052800973256429
1,fitzgerald,226,fitzgerald,7.054201534816197
1,fitzgerald,226,twain,7.513167589902878
1,fitzgerald,227,train,6.590338548024495
1,fitzgerald,227,baum,7.054861068725586
1,fitzgerald,227,thompson,7.483433485031128
1,fitzgerald,227,dickens,7.026457150777181
1,fitzgerald,227,melville,7.698319011264378
1,fitzgerald,227,wells,7.111829121907552
1,fitzgerald,227,austen,7.048238197962443
1,fitzgerald,227,fitzgerald,7.04959385735648
1,fitzgerald,227,twain,7.509347587823868
1,fitzgerald,228,train,6.625125567118327
1,fitzgerald,228,baum,7.050562381744385
1,fitzgerald,228,thompson,7.4793208837509155
1,fitzgerald,228,dickens,7.023321310679118
1,fitzgerald,228,melville,7.693524413638645
1,fitzgerald,228,wells,7.107720454533895
1,fitzgerald,228,austen,7.045055468877156
1,fitzgerald,228,fitzgerald,7.045670168740409
1,fitzgerald,228,twain,7.504792481660843
1,fitzgerald,229,train,6.563581466674805
1,fitzgerald,229,baum,7.047425150871277
1,fitzgerald,229,thompson,7.478159785270691
1,fitzgerald,229,dickens,7.017316182454427
1,fitzgerald,229,melville,7.693550162845188
1,fitzgerald,229,wells,7.103008270263672
1,fitzgerald,229,austen,7.040229876836141
1,fitzgerald,229,fitzgerald,7.0410958017621725
1,fitzgerald,229,twain,7.503847897052765
1,fitzgerald,230,train,6.567567507425944
1,fitzgerald,230,baum,7.04222559928894
1,fitzgerald,230,thompson,7.473133563995361
1,fitzgerald,230,dickens,7.0138045946757
1,fitzgerald,230,melville,7.688464959462483
1,fitzgerald,230,wells,7.098528782526652
1,fitzgerald,230,austen,7.037259817123413
1,fitzgerald,230,fitzgerald,7.036850656781878
1,fitzgerald,230,twain,7.498835265636444
1,fitzgerald,231,train,6.577535311381022
1,fitzgerald,231,baum,7.038789868354797
1,fitzgerald,231,thompson,7.471399903297424
1,fitzgerald,231,dickens,7.008746941884358
1,fitzgerald,231,melville,7.686814890967475
1,fitzgerald,231,wells,7.095136721928914
1,fitzgerald,231,austen,7.033166329065959
1,fitzgerald,231,fitzgerald,7.032562596457345
1,fitzgerald,231,twain,7.497180014848709
1,fitzgerald,232,train,6.597789923350017
1,fitzgerald,232,baum,7.034096598625183
1,fitzgerald,232,thompson,7.468746185302734
1,fitzgerald,232,dickens,7.0062255859375
1,fitzgerald,232,melville,7.686118708716498
1,fitzgerald,232,wells,7.091168165206909
1,fitzgerald,232,austen,7.029395500818889
1,fitzgerald,232,fitzgerald,7.02849006652832
1,fitzgerald,232,twain,7.494893908500671
1,fitzgerald,233,train,6.58615779876709
1,fitzgerald,233,baum,7.030419707298279
1,fitzgerald,233,thompson,7.463630676269531
1,fitzgerald,233,dickens,7.000580946604411
1,fitzgerald,233,melville,7.678857538435194
1,fitzgerald,233,wells,7.086638927459717
1,fitzgerald,233,austen,7.025444666544597
1,fitzgerald,233,fitzgerald,7.024057865142822
1,fitzgerald,233,twain,7.489538490772247
1,fitzgerald,234,train,6.551906744639079
1,fitzgerald,234,baum,7.028468370437622
1,fitzgerald,234,thompson,7.4629411697387695
1,fitzgerald,234,dickens,6.9972208340962725
1,fitzgerald,234,melville,7.679798232184516
1,fitzgerald,234,wells,7.084149916966756
1,fitzgerald,234,austen,7.023045142491658
1,fitzgerald,234,fitzgerald,7.020820277077811
1,fitzgerald,234,twain,7.4892527759075165
1,fitzgerald,235,train,6.6070607503255205
1,fitzgerald,235,baum,7.023623824119568
1,fitzgerald,235,thompson,7.455941796302795
1,fitzgerald,235,dickens,6.993728001912435
1,fitzgerald,235,melville,7.670616838667128
1,fitzgerald,235,wells,7.07840355237325
1,fitzgerald,235,austen,7.019964536031087
1,fitzgerald,235,fitzgerald,7.016411100115095
1,fitzgerald,235,twain,7.480858653783798
1,fitzgerald,236,train,6.596028486887614
1,fitzgerald,236,baum,7.019683122634888
1,fitzgerald,236,thompson,7.456140160560608
1,fitzgerald,236,dickens,6.989575227101644
1,fitzgerald,236,melville,7.672757625579834
1,fitzgerald,236,wells,7.075868686040242
1,fitzgerald,236,austen,7.014554580052693
1,fitzgerald,236,fitzgerald,7.012436253683908
1,fitzgerald,236,twain,7.481362551450729
1,fitzgerald,237,train,6.527052561442058
1,fitzgerald,237,baum,7.01597785949707
1,fitzgerald,237,thompson,7.451586127281189
1,fitzgerald,237,dickens,6.986698309580485
1,fitzgerald,237,melville,7.667790571848552
1,fitzgerald,237,wells,7.071427583694458
1,fitzgerald,237,austen,7.011453469594319
1,fitzgerald,237,fitzgerald,7.008557387760708
1,fitzgerald,237,twain,7.476661682128906
1,fitzgerald,238,train,6.565708955128987
1,fitzgerald,238,baum,7.012945294380188
1,fitzgerald,238,thompson,7.449648499488831
1,fitzgerald,238,dickens,6.983200867970784
1,fitzgerald,238,melville,7.667107899983724
1,fitzgerald,238,wells,7.068723837534587
1,fitzgerald,238,austen,7.008722225824992
1,fitzgerald,238,fitzgerald,7.004936150142124
1,fitzgerald,238,twain,7.475242495536804
1,fitzgerald,239,train,6.577577114105225
1,fitzgerald,239,baum,7.008486866950989
1,fitzgerald,239,thompson,7.444436311721802
1,fitzgerald,239,dickens,6.978405157725017
1,fitzgerald,239,melville,7.661077658335368
1,fitzgerald,239,wells,7.063426415125529
1,fitzgerald,239,austen,7.005153735478719
1,fitzgerald,239,fitzgerald,7.000824723924909
1,fitzgerald,239,twain,7.469516217708588
1,fitzgerald,240,train,6.536953290303548
1,fitzgerald,240,baum,7.004947066307068
1,fitzgerald,240,thompson,7.444716572761536
1,fitzgerald,240,dickens,6.974719842274983
1,fitzgerald,240,melville,7.663367642296685
1,fitzgerald,240,wells,7.061567147572835
1,fitzgerald,240,austen,7.001643657684326
1,fitzgerald,240,fitzgerald,6.997464179992676
1,fitzgerald,240,twain,7.470554649829864
1,fitzgerald,241,train,6.544949531555176
1,fitzgerald,241,baum,7.000505685806274
1,fitzgerald,241,thompson,7.439125418663025
1,fitzgerald,241,dickens,6.970050970713298
1,fitzgerald,241,melville,7.656689908769396
1,fitzgerald,241,wells,7.056661923726399
1,fitzgerald,241,austen,6.9985435009002686
1,fitzgerald,241,fitzgerald,6.993543488638742
1,fitzgerald,241,twain,7.46471980214119
1,fitzgerald,242,train,6.551392714182536
1,fitzgerald,242,baum,6.996932864189148
1,fitzgerald,242,thompson,7.4369224309921265
1,fitzgerald,242,dickens,6.964768727620442
1,fitzgerald,242,melville,7.654161241319445
1,fitzgerald,242,wells,7.052751302719116
1,fitzgerald,242,austen,6.993481159210205
1,fitzgerald,242,fitzgerald,6.989176409585135
1,fitzgerald,242,twain,7.4625053107738495
1,fitzgerald,243,train,6.516476631164551
1,fitzgerald,243,baum,6.994160532951355
1,fitzgerald,243,thompson,7.434745907783508
1,fitzgerald,243,dickens,6.964403470357259
1,fitzgerald,243,melville,7.654287073347303
1,fitzgerald,243,wells,7.050977071126302
1,fitzgerald,243,austen,6.992429653803508
1,fitzgerald,243,fitzgerald,6.986644336155483
1,fitzgerald,243,twain,7.46078222990036
1,fitzgerald,244,train,6.530797163645427
1,fitzgerald,244,baum,6.990346908569336
1,fitzgerald,244,thompson,7.429901957511902
1,fitzgerald,244,dickens,6.959374109903972
1,fitzgerald,244,melville,7.646491739484999
1,fitzgerald,244,wells,7.045512437820435
1,fitzgerald,244,austen,6.988063255945842
1,fitzgerald,244,fitzgerald,6.982646533421108
1,fitzgerald,244,twain,7.454401761293411
1,fitzgerald,245,train,6.543381690979004
1,fitzgerald,245,baum,6.987115740776062
1,fitzgerald,245,thompson,7.431500792503357
1,fitzgerald,245,dickens,6.956965287526448
1,fitzgerald,245,melville,7.652939690483941
1,fitzgerald,245,wells,7.043542464574178
1,fitzgerald,245,austen,6.985239744186401
1,fitzgerald,245,fitzgerald,6.979437896183559
1,fitzgerald,245,twain,7.45739671587944
1,fitzgerald,246,train,6.506191730499268
1,fitzgerald,246,baum,6.984349131584168
1,fitzgerald,246,thompson,7.42612087726593
1,fitzgerald,246,dickens,6.952998002370198
1,fitzgerald,246,melville,7.645208252800836
1,fitzgerald,246,wells,7.040387392044067
1,fitzgerald,246,austen,6.984461863835652
1,fitzgerald,246,fitzgerald,6.976011548723493
1,fitzgerald,246,twain,7.452030003070831
1,fitzgerald,247,train,6.505826950073242
1,fitzgerald,247,baum,6.9798970222473145
1,fitzgerald,247,thompson,7.423895835876465
1,fitzgerald,247,dickens,6.948160648345947
1,fitzgerald,247,melville,7.643029742770725
1,fitzgerald,247,wells,7.035616954167684
1,fitzgerald,247,austen,6.978122313817342
1,fitzgerald,247,fitzgerald,6.970896107809884
1,fitzgerald,247,twain,7.449333935976028
1,fitzgerald,248,train,6.489742914835612
1,fitzgerald,248,baum,6.974909424781799
1,fitzgerald,248,thompson,7.420230269432068
1,fitzgerald,248,dickens,6.946260134379069
1,fitzgerald,248,melville,7.640445656246609
1,fitzgerald,248,wells,7.032317082087199
1,fitzgerald,248,austen,6.975645860036214
1,fitzgerald,248,fitzgerald,6.9677276611328125
1,fitzgerald,248,twain,7.445974320173263
1,fitzgerald,249,train,6.451676368713379
1,fitzgerald,249,baum,6.9720728397369385
1,fitzgerald,249,thompson,7.417130470275879
1,fitzgerald,249,dickens,6.941460291544597
1,fitzgerald,249,melville,7.636686537000868
1,fitzgerald,249,wells,7.027369419733684
1,fitzgerald,249,austen,6.97175399462382
1,fitzgerald,249,fitzgerald,6.963232517242432
1,fitzgerald,249,twain,7.44280219078064
1,fitzgerald,250,train,6.500014623006185
1,fitzgerald,250,baum,6.970048189163208
1,fitzgerald,250,thompson,7.414834380149841
1,fitzgerald,250,dickens,6.939104715983073
1,fitzgerald,250,melville,7.634704483879937
1,fitzgerald,250,wells,7.025440454483032
1,fitzgerald,250,austen,6.970281600952148
1,fitzgerald,250,fitzgerald,6.960357461656843
1,fitzgerald,250,twain,7.441141188144684
1,fitzgerald,251,train,6.50089693069458
1,fitzgerald,251,baum,6.965968132019043
1,fitzgerald,251,thompson,7.412197589874268
1,fitzgerald,251,dickens,6.93641980489095
1,fitzgerald,251,melville,7.633492151896159
1,fitzgerald,251,wells,7.021551450093587
1,fitzgerald,251,austen,6.967748324076335
1,fitzgerald,251,fitzgerald,6.956582478114536
1,fitzgerald,251,twain,7.438187479972839
1,fitzgerald,252,train,6.482043266296387
1,fitzgerald,252,baum,6.960539221763611
1,fitzgerald,252,thompson,7.409316301345825
1,fitzgerald,252,dickens,6.931441942850749
1,fitzgerald,252,melville,7.631636142730713
1,fitzgerald,252,wells,7.017008463541667
1,fitzgerald,252,austen,6.962472518285115
1,fitzgerald,252,fitzgerald,6.951689107077463
1,fitzgerald,252,twain,7.435453414916992
1,fitzgerald,253,train,6.45036776860555
1,fitzgerald,253,baum,6.957929253578186
1,fitzgerald,253,thompson,7.404397249221802
1,fitzgerald,253,dickens,6.928418477376302
1,fitzgerald,253,melville,7.624780284033881
1,fitzgerald,253,wells,7.014485041300456
1,fitzgerald,253,austen,6.960755825042725
1,fitzgerald,253,fitzgerald,6.948204926082066
1,fitzgerald,253,twain,7.430619239807129
1,fitzgerald,254,train,6.497496287027995
1,fitzgerald,254,baum,6.956551909446716
1,fitzgerald,254,thompson,7.403369069099426
1,fitzgerald,254,dickens,6.929023742675781
1,fitzgerald,254,melville,7.623703956604004
1,fitzgerald,254,wells,7.012059926986694
1,fitzgerald,254,austen,6.959444363911946
1,fitzgerald,254,fitzgerald,6.946196556091309
1,fitzgerald,254,twain,7.428656756877899
1,fitzgerald,255,train,6.539827028910319
1,fitzgerald,255,baum,6.95376193523407
1,fitzgerald,255,thompson,7.399643063545227
1,fitzgerald,255,dickens,6.922545274098714
1,fitzgerald,255,melville,7.618847529093425
1,fitzgerald,255,wells,7.00846004486084
1,fitzgerald,255,austen,6.956173022588094
1,fitzgerald,255,fitzgerald,6.942097323281424
1,fitzgerald,255,twain,7.424975544214249
1,fitzgerald,256,train,6.417239348093669
1,fitzgerald,256,baum,6.947661757469177
1,fitzgerald,256,thompson,7.398802995681763
1,fitzgerald,256,dickens,6.919793287913005
1,fitzgerald,256,melville,7.622880299886067
1,fitzgerald,256,wells,7.003644704818726
1,fitzgerald,256,austen,6.951059341430664
1,fitzgerald,256,fitzgerald,6.937679495130267
1,fitzgerald,256,twain,7.424885004758835
1,fitzgerald,257,train,6.472171147664388
1,fitzgerald,257,baum,6.944071531295776
1,fitzgerald,257,thompson,7.39508855342865
1,fitzgerald,257,dickens,6.915656725565593
1,fitzgerald,257,melville,7.6178310182359485
1,fitzgerald,257,wells,7.000631968180339
1,fitzgerald,257,austen,6.947454770406087
1,fitzgerald,257,fitzgerald,6.93387862614223
1,fitzgerald,257,twain,7.421480447053909
1,fitzgerald,258,train,6.469134012858073
1,fitzgerald,258,baum,6.944123268127441
1,fitzgerald,258,thompson,7.392837882041931
1,fitzgerald,258,dickens,6.915956974029541
1,fitzgerald,258,melville,7.613976849450005
1,fitzgerald,258,wells,6.999267975489299
1,fitzgerald,258,austen,6.947996218999227
1,fitzgerald,258,fitzgerald,6.932243415287563
1,fitzgerald,258,twain,7.4182736575603485
1,fitzgerald,259,train,6.442163467407227
1,fitzgerald,259,baum,6.940953254699707
1,fitzgerald,259,thompson,7.39173424243927
1,fitzgerald,259,dickens,6.9117112159729
1,fitzgerald,259,melville,7.614209440019396
1,fitzgerald,259,wells,6.9964141845703125
1,fitzgerald,259,austen,6.944931427637736
1,fitzgerald,259,fitzgerald,6.9286322593688965
1,fitzgerald,259,twain,7.417328983545303
1,fitzgerald,260,train,6.425512313842773
1,fitzgerald,260,baum,6.936484336853027
1,fitzgerald,260,thompson,7.388898372650146
1,fitzgerald,260,dickens,6.908143679300944
1,fitzgerald,260,melville,7.611886819203694
1,fitzgerald,260,wells,6.991266806920369
1,fitzgerald,260,austen,6.939704895019531
1,fitzgerald,260,fitzgerald,6.9243300301688055
1,fitzgerald,260,twain,7.413826614618301
1,fitzgerald,261,train,6.409614721934001
1,fitzgerald,261,baum,6.9345022439956665
1,fitzgerald,261,thompson,7.385519742965698
1,fitzgerald,261,dickens,6.906234264373779
1,fitzgerald,261,melville,7.6075878673129615
1,fitzgerald,261,wells,6.989971319834392
1,fitzgerald,261,austen,6.938957214355469
1,fitzgerald,261,fitzgerald,6.921666485922677
1,fitzgerald,261,twain,7.411277890205383
1,fitzgerald,262,train,6.388867219289144
1,fitzgerald,262,baum,6.930753707885742
1,fitzgerald,262,thompson,7.382053971290588
1,fitzgerald,262,dickens,6.905186494191487
1,fitzgerald,262,melville,7.60481505923801
1,fitzgerald,262,wells,6.986623366673787
1,fitzgerald,262,austen,6.936009248097737
1,fitzgerald,262,fitzgerald,6.918109689440046
1,fitzgerald,262,twain,7.407588005065918
1,fitzgerald,263,train,6.414006233215332
1,fitzgerald,263,baum,6.926210761070252
1,fitzgerald,263,thompson,7.380674481391907
1,fitzgerald,263,dickens,6.899611790974935
1,fitzgerald,263,melville,7.60407198799981
1,fitzgerald,263,wells,6.982585191726685
1,fitzgerald,263,austen,6.930538892745972
1,fitzgerald,263,fitzgerald,6.913667951311384
1,fitzgerald,263,twain,7.407018214464188
1,fitzgerald,264,train,6.404919306437175
1,fitzgerald,264,baum,6.922936081886292
1,fitzgerald,264,thompson,7.377265930175781
1,fitzgerald,264,dickens,6.898640791575114
1,fitzgerald,264,melville,7.601929399702284
1,fitzgerald,264,wells,6.979392051696777
1,fitzgerald,264,austen,6.930600722630818
1,fitzgerald,264,fitzgerald,6.910758086613247
1,fitzgerald,264,twain,7.403879374265671
1,fitzgerald,265,train,6.421316941579183
1,fitzgerald,265,baum,6.91989004611969
1,fitzgerald,265,thompson,7.375094056129456
1,fitzgerald,265,dickens,6.8937727610270185
1,fitzgerald,265,melville,7.599783314598931
1,fitzgerald,265,wells,6.9771121342976885
1,fitzgerald,265,austen,6.926610549290975
1,fitzgerald,265,fitzgerald,6.906990051269531
1,fitzgerald,265,twain,7.402621388435364
1,fitzgerald,266,train,6.392193953196208
1,fitzgerald,266,baum,6.916057348251343
1,fitzgerald,266,thompson,7.370764493942261
1,fitzgerald,266,dickens,6.890048503875732
1,fitzgerald,266,melville,7.59618345896403
1,fitzgerald,266,wells,6.973521788914998
1,fitzgerald,266,austen,6.924073219299316
1,fitzgerald,266,fitzgerald,6.903413908822196
1,fitzgerald,266,twain,7.39844274520874
1,fitzgerald,267,train,6.417912483215332
1,fitzgerald,267,baum,6.912107467651367
1,fitzgerald,267,thompson,7.368473529815674
1,fitzgerald,267,dickens,6.888116836547852
1,fitzgerald,267,melville,7.594596068064372
1,fitzgerald,267,wells,6.970203081766765
1,fitzgerald,267,austen,6.920907258987427
1,fitzgerald,267,fitzgerald,6.900171279907227
1,fitzgerald,267,twain,7.395778506994247
1,fitzgerald,268,train,6.409013430277507
1,fitzgerald,268,baum,6.909878253936768
1,fitzgerald,268,thompson,7.368967175483704
1,fitzgerald,268,dickens,6.883632659912109
1,fitzgerald,268,melville,7.597218036651611
1,fitzgerald,268,wells,6.966912349065145
1,fitzgerald,268,austen,6.916577180226644
1,fitzgerald,268,fitzgerald,6.8967068535940985
1,fitzgerald,268,twain,7.396447539329529
1,fitzgerald,269,train,6.3809183438618975
1,fitzgerald,269,baum,6.905502438545227
1,fitzgerald,269,thompson,7.364821076393127
1,fitzgerald,269,dickens,6.88274606068929
1,fitzgerald,269,melville,7.593018902672662
1,fitzgerald,269,wells,6.964654604593913
1,fitzgerald,269,austen,6.916331132253011
1,fitzgerald,269,fitzgerald,6.893942219870431
1,fitzgerald,269,twain,7.392107725143433
1,fitzgerald,270,train,6.433180173238118
1,fitzgerald,270,baum,6.903480529785156
1,fitzgerald,270,thompson,7.361974596977234
1,fitzgerald,270,dickens,6.876715342203776
1,fitzgerald,270,melville,7.587290181054009
1,fitzgerald,270,wells,6.961873451868693
1,fitzgerald,270,austen,6.913474082946777
1,fitzgerald,270,fitzgerald,6.8900715964181085
1,fitzgerald,270,twain,7.388279169797897
1,fitzgerald,271,train,6.3695753415425616
1,fitzgerald,271,baum,6.898382782936096
1,fitzgerald,271,thompson,7.361033201217651
1,fitzgerald,271,dickens,6.87659486134847
1,fitzgerald,271,melville,7.591665638817681
1,fitzgerald,271,wells,6.959004084269206
1,fitzgerald,271,austen,6.909137964248657
1,fitzgerald,271,fitzgerald,6.886863367898124
1,fitzgerald,271,twain,7.388707101345062
1,fitzgerald,272,train,6.378640174865723
1,fitzgerald,272,baum,6.901089906692505
1,fitzgerald,272,thompson,7.358344197273254
1,fitzgerald,272,dickens,6.874548276265462
1,fitzgerald,272,melville,7.584238370259603
1,fitzgerald,272,wells,6.960150241851807
1,fitzgerald,272,austen,6.912200212478638
1,fitzgerald,272,fitzgerald,6.885845456804548
1,fitzgerald,272,twain,7.385223865509033
1,fitzgerald,273,train,6.409384568532308
1,fitzgerald,273,baum,6.894258141517639
1,fitzgerald,273,thompson,7.356292247772217
1,fitzgerald,273,dickens,6.871830622355144
1,fitzgerald,273,melville,7.586780707041423
1,fitzgerald,273,wells,6.953812917073567
1,fitzgerald,273,austen,6.905940055847168
1,fitzgerald,273,fitzgerald,6.88112667628697
1,fitzgerald,273,twain,7.384145200252533
1,fitzgerald,274,train,6.333848635355632
1,fitzgerald,274,baum,6.891512751579285
1,fitzgerald,274,thompson,7.352850317955017
1,fitzgerald,274,dickens,6.865019957224528
1,fitzgerald,274,melville,7.581072277492947
1,fitzgerald,274,wells,6.950855811436971
1,fitzgerald,274,austen,6.90318504969279
1,fitzgerald,274,fitzgerald,6.876547200339181
1,fitzgerald,274,twain,7.380659192800522
1,fitzgerald,275,train,6.373733202616374
1,fitzgerald,275,baum,6.888750791549683
1,fitzgerald,275,thompson,7.350152969360352
1,fitzgerald,275,dickens,6.868452390034993
1,fitzgerald,275,melville,7.580971240997314
1,fitzgerald,275,wells,6.9500517050425215
1,fitzgerald,275,austen,6.903377850850423
1,fitzgerald,275,fitzgerald,6.8750273840768
1,fitzgerald,275,twain,7.378655195236206
1,fitzgerald,276,train,6.393272399902344
1,fitzgerald,276,baum,6.887611269950867
1,fitzgerald,276,thompson,7.34965193271637
1,fitzgerald,276,dickens,6.860663414001465
1,fitzgerald,276,melville,7.57932021882799
1,fitzgerald,276,wells,6.946814060211182
1,fitzgerald,276,austen,6.899201075236003
1,fitzgerald,276,fitzgerald,6.871095657348633
1,fitzgerald,276,twain,7.377973943948746
1,fitzgerald,277,train,6.369977951049805
1,fitzgerald,277,baum,6.883027672767639
1,fitzgerald,277,thompson,7.346930742263794
1,fitzgerald,277,dickens,6.862546920776367
1,fitzgerald,277,melville,7.578794002532959
1,fitzgerald,277,wells,6.943549553553264
1,fitzgerald,277,austen,6.898028532663981
1,fitzgerald,277,fitzgerald,6.86934266771589
1,fitzgerald,277,twain,7.374774396419525
1,fitzgerald,278,train,6.360708554585774
1,fitzgerald,278,baum,6.883118748664856
1,fitzgerald,278,thompson,7.345875859260559
1,fitzgerald,278,dickens,6.857558886210124
1,fitzgerald,278,melville,7.575876024034288
1,fitzgerald,278,wells,6.942873239517212
1,fitzgerald,278,austen,6.898653268814087
1,fitzgerald,278,fitzgerald,6.866548878805978
1,fitzgerald,278,twain,7.373359441757202
1,fitzgerald,279,train,6.428531646728516
1,fitzgerald,279,baum,6.871996760368347
1,fitzgerald,279,thompson,7.341455578804016
1,fitzgerald,279,dickens,6.850893020629883
1,fitzgerald,279,melville,7.577149497138129
1,fitzgerald,279,wells,6.933373928070068
1,fitzgerald,279,austen,6.886828343073527
1,fitzgerald,279,fitzgerald,6.858878544398716
1,fitzgerald,279,twain,7.370594054460525
1,fitzgerald,280,train,6.331202665964763
1,fitzgerald,280,baum,6.872326612472534
1,fitzgerald,280,thompson,7.338387966156006
1,fitzgerald,280,dickens,6.846774260203044
1,fitzgerald,280,melville,7.568086412217882
1,fitzgerald,280,wells,6.933097839355469
1,fitzgerald,280,austen,6.88841716448466
1,fitzgerald,280,fitzgerald,6.856579712459019
1,fitzgerald,280,twain,7.366104990243912
1,fitzgerald,281,train,6.357006549835205
1,fitzgerald,281,baum,6.868954539299011
1,fitzgerald,281,thompson,7.339661478996277
1,fitzgerald,281,dickens,6.84700361887614
1,fitzgerald,281,melville,7.573398960961236
1,fitzgerald,281,wells,6.929946740468343
1,fitzgerald,281,austen,6.885337909062703
1,fitzgerald,281,fitzgerald,6.853761945452009
1,fitzgerald,281,twain,7.366119146347046
1,fitzgerald,282,train,6.326919078826904
1,fitzgerald,282,baum,6.865848660469055
1,fitzgerald,282,thompson,7.337291240692139
1,fitzgerald,282,dickens,6.840779463450114
1,fitzgerald,282,melville,7.57031790415446
1,fitzgerald,282,wells,6.926345666249593
1,fitzgerald,282,austen,6.881854931513469
1,fitzgerald,282,fitzgerald,6.849539961133685
1,fitzgerald,282,twain,7.364536076784134
1,fitzgerald,283,train,6.316911538441976
1,fitzgerald,283,baum,6.864840507507324
1,fitzgerald,283,thompson,7.334361791610718
1,fitzgerald,283,dickens,6.842735290527344
1,fitzgerald,283,melville,7.568901326921251
1,fitzgerald,283,wells,6.926279544830322
1,fitzgerald,283,austen,6.885204394658406
1,fitzgerald,283,fitzgerald,6.848225389208112
1,fitzgerald,283,twain,7.36275252699852
1,fitzgerald,284,train,6.317679564158122
1,fitzgerald,284,baum,6.8598843812942505
1,fitzgerald,284,thompson,7.332521438598633
1,fitzgerald,284,dickens,6.83732795715332
1,fitzgerald,284,melville,7.567371686299642
1,fitzgerald,284,wells,6.9221541086832685
1,fitzgerald,284,austen,6.877618789672852
1,fitzgerald,284,fitzgerald,6.843346118927002
1,fitzgerald,284,twain,7.360528647899628
1,fitzgerald,285,train,6.33282454808553
1,fitzgerald,285,baum,6.859742879867554
1,fitzgerald,285,thompson,7.330525517463684
1,fitzgerald,285,dickens,6.837119261423747
1,fitzgerald,285,melville,7.562245792812771
1,fitzgerald,285,wells,6.922760168711345
1,fitzgerald,285,austen,6.879141092300415
1,fitzgerald,285,fitzgerald,6.842508929116385
1,fitzgerald,285,twain,7.356569588184357
1,fitzgerald,286,train,6.328602313995361
1,fitzgerald,286,baum,6.856292128562927
1,fitzgerald,286,thompson,7.328921794891357
1,fitzgerald,286,dickens,6.833428223927816
1,fitzgerald,286,melville,7.561627017127143
1,fitzgerald,286,wells,6.918221553166707
1,fitzgerald,286,austen,6.875265598297119
1,fitzgerald,286,fitzgerald,6.838731220790318
1,fitzgerald,286,twain,7.35531222820282
1,fitzgerald,287,train,6.245583216349284
1,fitzgerald,287,baum,6.850302696228027
1,fitzgerald,287,thompson,7.325130701065063
1,fitzgerald,287,dickens,6.82808796564738
1,fitzgerald,287,melville,7.559888786739773
1,fitzgerald,287,wells,6.912523905436198
1,fitzgerald,287,austen,6.868456522623698
1,fitzgerald,287,fitzgerald,6.833362034388951
1,fitzgerald,287,twain,7.352770417928696
1,fitzgerald,288,train,6.3138383229573565
1,fitzgerald,288,baum,6.847677707672119
1,fitzgerald,288,thompson,7.32213568687439
1,fitzgerald,288,dickens,6.827169736226399
1,fitzgerald,288,melville,7.559525277879503
1,fitzgerald,288,wells,6.911680539449056
1,fitzgerald,288,austen,6.867986996968587
1,fitzgerald,288,fitzgerald,6.83164153780256
1,fitzgerald,288,twain,7.351187467575073
1,fitzgerald,289,train,6.30520757039388
1,fitzgerald,289,baum,6.846934914588928
1,fitzgerald,289,thompson,7.321428298950195
1,fitzgerald,289,dickens,6.827544212341309
1,fitzgerald,289,melville,7.55770476659139
1,fitzgerald,289,wells,6.9113829135894775
1,fitzgerald,289,austen,6.868615388870239
1,fitzgerald,289,fitzgerald,6.83004937853132
1,fitzgerald,289,twain,7.350141316652298
1,fitzgerald,290,train,6.280102252960205
1,fitzgerald,290,baum,6.843157887458801
1,fitzgerald,290,thompson,7.31938886642456
1,fitzgerald,290,dickens,6.821494738260905
1,fitzgerald,290,melville,7.556844022538927
1,fitzgerald,290,wells,6.905951579411824
1,fitzgerald,290,austen,6.862318515777588
1,fitzgerald,290,fitzgerald,6.824950558798654
1,fitzgerald,290,twain,7.347862809896469
1,fitzgerald,291,train,6.30335013071696
1,fitzgerald,291,baum,6.838806390762329
1,fitzgerald,291,thompson,7.316970586776733
1,fitzgerald,291,dickens,6.816372235616048
1,fitzgerald,291,melville,7.554583920372857
1,fitzgerald,291,wells,6.902575969696045
1,fitzgerald,291,austen,6.8582868576049805
1,fitzgerald,291,fitzgerald,6.821255002702985
1,fitzgerald,291,twain,7.346248835325241
1,fitzgerald,292,train,6.2740098635355634
1,fitzgerald,292,baum,6.83564567565918
1,fitzgerald,292,thompson,7.312925934791565
1,fitzgerald,292,dickens,6.81711991628011
1,fitzgerald,292,melville,7.548618687523736
1,fitzgerald,292,wells,6.901480992635091
1,fitzgerald,292,austen,6.858993291854858
1,fitzgerald,292,fitzgerald,6.819408144269671
1,fitzgerald,292,twain,7.342064291238785
1,fitzgerald,293,train,6.364150683085124
1,fitzgerald,293,baum,6.834969639778137
1,fitzgerald,293,thompson,7.31230890750885
1,fitzgerald,293,dickens,6.8160451253255205
1,fitzgerald,293,melville,7.549646801418728
1,fitzgerald,293,wells,6.90052072207133
1,fitzgerald,293,austen,6.858375708262126
1,fitzgerald,293,fitzgerald,6.817207063947405
1,fitzgerald,293,twain,7.340920031070709
1,fitzgerald,294,train,6.2267740567525225
1,fitzgerald,294,baum,6.828554630279541
1,fitzgerald,294,thompson,7.3114460706710815
1,fitzgerald,294,dickens,6.806052049001058
1,fitzgerald,294,melville,7.551528294881185
1,fitzgerald,294,wells,6.892215410868327
1,fitzgerald,294,austen,6.847719669342041
1,fitzgerald,294,fitzgerald,6.8113612447466165
1,fitzgerald,294,twain,7.340600162744522
1,fitzgerald,295,train,6.188734690348308
1,fitzgerald,295,baum,6.82636308670044
1,fitzgerald,295,thompson,7.307172656059265
1,fitzgerald,295,dickens,6.805695215861003
1,fitzgerald,295,melville,7.543832196129693
1,fitzgerald,295,wells,6.891835371653239
1,fitzgerald,295,austen,6.849864721298218
1,fitzgerald,295,fitzgerald,6.809476852416992
1,fitzgerald,295,twain,7.335177630186081
1,fitzgerald,296,train,6.2506388028462725
1,fitzgerald,296,baum,6.82600998878479
1,fitzgerald,296,thompson,7.307163596153259
1,fitzgerald,296,dickens,6.808103243509929
1,fitzgerald,296,melville,7.545926041073269
1,fitzgerald,296,wells,6.892647902170817
1,fitzgerald,296,austen,6.8503774007161455
1,fitzgerald,296,fitzgerald,6.808981350490025
1,fitzgerald,296,twain,7.335089981555939
1,fitzgerald,297,train,6.299278895060222
1,fitzgerald,297,baum,6.821062922477722
1,fitzgerald,297,thompson,7.30362343788147
1,fitzgerald,297,dickens,6.8003160158793134
1,fitzgerald,297,melville,7.542845937940809
1,fitzgerald,297,wells,6.886298497517903
1,fitzgerald,297,austen,6.8432850042978925
1,fitzgerald,297,fitzgerald,6.803442546299526
1,fitzgerald,297,twain,7.332587450742722
1,fitzgerald,298,train,6.219871997833252
1,fitzgerald,298,baum,6.817759990692139
1,fitzgerald,298,thompson,7.302749037742615
1,fitzgerald,298,dickens,6.799975713094075
1,fitzgerald,298,melville,7.5424191686842175
1,fitzgerald,298,wells,6.884716351826985
1,fitzgerald,298,austen,6.842723925908406
1,fitzgerald,298,fitzgerald,6.801487718309675
1,fitzgerald,298,twain,7.331759333610535
1,fitzgerald,299,train,6.186535040537517
1,fitzgerald,299,baum,6.815811038017273
1,fitzgerald,299,thompson,7.301833271980286
1,fitzgerald,299,dickens,6.796430587768555
1,fitzgerald,299,melville,7.541282494862874
1,fitzgerald,299,wells,6.8829725583394366
1,fitzgerald,299,austen,6.842427571614583
1,fitzgerald,299,fitzgerald,6.799639633723667
1,fitzgerald,299,twain,7.330109179019928
1,fitzgerald,300,train,6.233405272165935
1,fitzgerald,300,baum,6.810262441635132
1,fitzgerald,300,thompson,7.2986379861831665
1,fitzgerald,300,dickens,6.791258653004964
1,fitzgerald,300,melville,7.542018254597981
1,fitzgerald,300,wells,6.877178033192952
1,fitzgerald,300,austen,6.834385792414348
1,fitzgerald,300,fitzgerald,6.794248172215053
1,fitzgerald,300,twain,7.328502595424652
1,fitzgerald,301,train,6.283877531687419
1,fitzgerald,301,baum,6.8095420598983765
1,fitzgerald,301,thompson,7.293954253196716
1,fitzgerald,301,dickens,6.791767756144206
1,fitzgerald,301,melville,7.534171846177843
1,fitzgerald,301,wells,6.875785668690999
1,fitzgerald,301,austen,6.83676028251648
1,fitzgerald,301,fitzgerald,6.792450019291469
1,fitzgerald,301,twain,7.322511434555054
1,fitzgerald,302,train,6.242904345194499
1,fitzgerald,302,baum,6.810678005218506
1,fitzgerald,302,thompson,7.295057654380798
1,fitzgerald,302,dickens,6.788822650909424
1,fitzgerald,302,melville,7.53301027086046
1,fitzgerald,302,wells,6.876157363255818
1,fitzgerald,302,austen,6.836835463841756
1,fitzgerald,302,fitzgerald,6.791097232273647
1,fitzgerald,302,twain,7.322894126176834
1,fitzgerald,303,train,6.2135311762491865
1,fitzgerald,303,baum,6.8010029792785645
1,fitzgerald,303,thompson,7.293482065200806
1,fitzgerald,303,dickens,6.784030437469482
1,fitzgerald,303,melville,7.540049129062229
1,fitzgerald,303,wells,6.868747075398763
1,fitzgerald,303,austen,6.824071168899536
1,fitzgerald,303,fitzgerald,6.78475284576416
1,fitzgerald,303,twain,7.325354129076004
1,fitzgerald,304,train,6.219127496083577
1,fitzgerald,304,baum,6.801164746284485
1,fitzgerald,304,thompson,7.2883540391922
1,fitzgerald,304,dickens,6.782284259796143
1,fitzgerald,304,melville,7.529319445292155
1,fitzgerald,304,wells,6.867410898208618
1,fitzgerald,304,austen,6.82852300008138
1,fitzgerald,304,fitzgerald,6.783155577523368
1,fitzgerald,304,twain,7.31735947728157
1,fitzgerald,305,train,6.239496231079102
1,fitzgerald,305,baum,6.7973209619522095
1,fitzgerald,305,thompson,7.2893385887146
1,fitzgerald,305,dickens,6.78281831741333
1,fitzgerald,305,melville,7.535049968295628
1,fitzgerald,305,wells,6.86633841196696
1,fitzgerald,305,austen,6.825395822525024
1,fitzgerald,305,fitzgerald,6.780103547232492
1,fitzgerald,305,twain,7.31921723484993
1,fitzgerald,306,train,6.199109713236491
1,fitzgerald,306,baum,6.792112708091736
1,fitzgerald,306,thompson,7.284582734107971
1,fitzgerald,306,dickens,6.776998837788899
1,fitzgerald,306,melville,7.531131108601888
1,fitzgerald,306,wells,6.860928376515706
1,fitzgerald,306,austen,6.82117501894633
1,fitzgerald,306,fitzgerald,6.775180680411203
1,fitzgerald,306,twain,7.315224289894104
1,fitzgerald,307,train,6.245343367258708
1,fitzgerald,307,baum,6.794051289558411
1,fitzgerald,307,thompson,7.285096645355225
1,fitzgerald,307,dickens,6.778928915659587
1,fitzgerald,307,melville,7.529168446858724
1,fitzgerald,307,wells,6.863628387451172
1,fitzgerald,307,austen,6.824534336725871
1,fitzgerald,307,fitzgerald,6.7757430757795065
1,fitzgerald,307,twain,7.314395904541016
1,fitzgerald,308,train,6.237965106964111
1,fitzgerald,308,baum,6.788367748260498
1,fitzgerald,308,thompson,7.281859159469604
1,fitzgerald,308,dickens,6.769896348317464
1,fitzgerald,308,melville,7.527504073248969
1,fitzgerald,308,wells,6.856918732325236
1,fitzgerald,308,austen,6.817123015721639
1,fitzgerald,308,fitzgerald,6.769523348127093
1,fitzgerald,308,twain,7.31138014793396
1,fitzgerald,309,train,6.1869096755981445
1,fitzgerald,309,baum,6.784683585166931
1,fitzgerald,309,thompson,7.279077649116516
1,fitzgerald,309,dickens,6.768905162811279
1,fitzgerald,309,melville,7.526064025031196
1,fitzgerald,309,wells,6.853304465611775
1,fitzgerald,309,austen,6.812537272771199
1,fitzgerald,309,fitzgerald,6.766251155308315
1,fitzgerald,309,twain,7.308812379837036
1,fitzgerald,310,train,6.18818473815918
1,fitzgerald,310,baum,6.783787488937378
1,fitzgerald,310,thompson,7.277382493019104
1,fitzgerald,310,dickens,6.766290187835693
1,fitzgerald,310,melville,7.522377649943034
1,fitzgerald,310,wells,6.8523720900217695
1,fitzgerald,310,austen,6.813276847203572
1,fitzgerald,310,fitzgerald,6.764441762651716
1,fitzgerald,310,twain,7.306838840246201
1,fitzgerald,311,train,6.179556687672933
1,fitzgerald,311,baum,6.780839204788208
1,fitzgerald,311,thompson,7.278432130813599
1,fitzgerald,311,dickens,6.765826066335042
1,fitzgerald,311,melville,7.527612580193414
1,fitzgerald,311,wells,6.84859053293864
1,fitzgerald,311,austen,6.8108545144399
1,fitzgerald,311,fitzgerald,6.761263847351074
1,fitzgerald,311,twain,7.307486176490784
1,fitzgerald,312,train,6.200440406799316
1,fitzgerald,312,baum,6.786134481430054
1,fitzgerald,312,thompson,7.280733585357666
1,fitzgerald,312,dickens,6.764115651448567
1,fitzgerald,312,melville,7.522876580556233
1,fitzgerald,312,wells,6.852967341740926
1,fitzgerald,312,austen,6.815413633982341
1,fitzgerald,312,fitzgerald,6.762012754167829
1,fitzgerald,312,twain,7.306736618280411
1,fitzgerald,313,train,6.201763947804769
1,fitzgerald,313,baum,6.776063561439514
1,fitzgerald,313,thompson,7.273664355278015
1,fitzgerald,313,dickens,6.763529777526856
1,fitzgerald,313,melville,7.522354920705159
1,fitzgerald,313,wells,6.846396287282308
1,fitzgerald,313,austen,6.810593287150065
1,fitzgerald,313,fitzgerald,6.757255622318813
1,fitzgerald,313,twain,7.303443014621735
1,fitzgerald,314,train,6.142436981201172
1,fitzgerald,314,baum,6.777981996536255
1,fitzgerald,314,thompson,7.27360475063324
1,fitzgerald,314,dickens,6.755685806274414
1,fitzgerald,314,melville,7.518466525607639
1,fitzgerald,314,wells,6.845637480417888
1,fitzgerald,314,austen,6.810253143310547
1,fitzgerald,314,fitzgerald,6.754654679979597
1,fitzgerald,314,twain,7.301525145769119
1,fitzgerald,315,train,6.163513660430908
1,fitzgerald,315,baum,6.770159840583801
1,fitzgerald,315,thompson,7.269356966018677
1,fitzgerald,315,dickens,6.753977139790853
1,fitzgerald,315,melville,7.519626617431641
1,fitzgerald,315,wells,6.837519486745198
1,fitzgerald,315,austen,6.801039616266887
1,fitzgerald,315,fitzgerald,6.748807225908552
1,fitzgerald,315,twain,7.299295753240585
1,fitzgerald,316,train,6.167055765787761
1,fitzgerald,316,baum,6.769887566566467
1,fitzgerald,316,thompson,7.2686158418655396
1,fitzgerald,316,dickens,6.746728897094727
1,fitzgerald,316,melville,7.517605728573269
1,fitzgerald,316,wells,6.837638854980469
1,fitzgerald,316,austen,6.800960222880046
1,fitzgerald,316,fitzgerald,6.746955462864468
1,fitzgerald,316,twain,7.298434644937515
1,fitzgerald,317,train,6.167909145355225
1,fitzgerald,317,baum,6.768000245094299
1,fitzgerald,317,thompson,7.268431663513184
1,fitzgerald,317,dickens,6.750430425008138
1,fitzgerald,317,melville,7.517198933495416
1,fitzgerald,317,wells,6.836893240610759
1,fitzgerald,317,austen,6.800065358479817
1,fitzgerald,317,fitzgerald,6.745388780321393
1,fitzgerald,317,twain,7.29665195941925
1,fitzgerald,318,train,6.151364167531331
1,fitzgerald,318,baum,6.766285419464111
1,fitzgerald,318,thompson,7.266783118247986
1,fitzgerald,318,dickens,6.745238622029622
1,fitzgerald,318,melville,7.511864980061849
1,fitzgerald,318,wells,6.833667596181233
1,fitzgerald,318,austen,6.799135843912761
1,fitzgerald,318,fitzgerald,6.742369379316058
1,fitzgerald,318,twain,7.294151902198791
1,fitzgerald,319,train,6.193347454071045
1,fitzgerald,319,baum,6.762484312057495
1,fitzgerald,319,thompson,7.26274836063385
1,fitzgerald,319,dickens,6.74375041325887
1,fitzgerald,319,melville,7.509910053677029
1,fitzgerald,319,wells,6.830254713694255
1,fitzgerald,319,austen,6.794900019963582
1,fitzgerald,319,fitzgerald,6.739048140389579
1,fitzgerald,319,twain,7.290457487106323
1,fitzgerald,320,train,6.180059750874837
1,fitzgerald,320,baum,6.759921789169312
1,fitzgerald,320,thompson,7.263879299163818
1,fitzgerald,320,dickens,6.738773822784424
1,fitzgerald,320,melville,7.513239860534668
1,fitzgerald,320,wells,6.827738285064697
1,fitzgerald,320,austen,6.789381345113118
1,fitzgerald,320,fitzgerald,6.735786369868687
1,fitzgerald,320,twain,7.292101621627808
1,fitzgerald,321,train,6.093493143717448
1,fitzgerald,321,baum,6.758188128471375
1,fitzgerald,321,thompson,7.261228680610657
1,fitzgerald,321,dickens,6.7425839106241865
1,fitzgerald,321,melville,7.511258443196614
1,fitzgerald,321,wells,6.8279290199279785
1,fitzgerald,321,austen,6.793095032374064
1,fitzgerald,321,fitzgerald,6.735297066824777
1,fitzgerald,321,twain,7.290091723203659
1,fitzgerald,322,train,6.17719570795695
1,fitzgerald,322,baum,6.758562326431274
1,fitzgerald,322,thompson,7.262495636940002
1,fitzgerald,322,dickens,6.740572452545166
1,fitzgerald,322,melville,7.508337656656901
1,fitzgerald,322,wells,6.829189618428548
1,fitzgerald,322,austen,6.793590943018596
1,fitzgerald,322,fitzgerald,6.7343485695975165
1,fitzgerald,322,twain,7.288367629051208
1,fitzgerald,323,train,6.177232424418132
1,fitzgerald,323,baum,6.747571706771851
1,fitzgerald,323,thompson,7.255254626274109
1,fitzgerald,323,dickens,6.732536951700847
1,fitzgerald,323,melville,7.505712933010525
1,fitzgerald,323,wells,6.818505525588989
1,fitzgerald,323,austen,6.7788684368133545
1,fitzgerald,323,fitzgerald,6.726246697562082
1,fitzgerald,323,twain,7.284486502408981
1,fitzgerald,324,train,6.156368414560954
1,fitzgerald,324,baum,6.7535165548324585
1,fitzgerald,324,thompson,7.257487535476685
1,fitzgerald,324,dickens,6.733989238739014
1,fitzgerald,324,melville,7.502808199988471
1,fitzgerald,324,wells,6.822203636169434
1,fitzgerald,324,austen,6.786234458287557
1,fitzgerald,324,fitzgerald,6.7280747549874445
1,fitzgerald,324,twain,7.283267796039581
1,fitzgerald,325,train,6.146682580312093
1,fitzgerald,325,baum,6.745524764060974
1,fitzgerald,325,thompson,7.256136655807495
1,fitzgerald,325,dickens,6.729144255320231
1,fitzgerald,325,melville,7.507723755306667
1,fitzgerald,325,wells,6.815930445988973
1,fitzgerald,325,austen,6.779499689737956
1,fitzgerald,325,fitzgerald,6.723191670009068
1,fitzgerald,325,twain,7.284626513719559
1,fitzgerald,326,train,6.123634020487468
1,fitzgerald,326,baum,6.7433682680130005
1,fitzgerald,326,thompson,7.252110123634338
1,fitzgerald,326,dickens,6.724418481190999
1,fitzgerald,326,melville,7.502432929144965
1,fitzgerald,326,wells,6.814060608545939
1,fitzgerald,326,austen,6.778910716374715
1,fitzgerald,326,fitzgerald,6.720397881099156
1,fitzgerald,326,twain,7.28061443567276
1,fitzgerald,327,train,6.121049404144287
1,fitzgerald,327,baum,6.744597673416138
1,fitzgerald,327,thompson,7.253120064735413
1,fitzgerald,327,dickens,6.727319399515788
1,fitzgerald,327,melville,7.504958364698622
1,fitzgerald,327,wells,6.816978375116984
1,fitzgerald,327,austen,6.781747182210286
1,fitzgerald,327,fitzgerald,6.720281396593366
1,fitzgerald,327,twain,7.282045543193817
1,fitzgerald,328,train,6.137985706329346
1,fitzgerald,328,baum,6.740838170051575
1,fitzgerald,328,thompson,7.249265670776367
1,fitzgerald,328,dickens,6.7220033009847
1,fitzgerald,328,melville,7.5023652182685
1,fitzgerald,328,wells,6.810727755228679
1,fitzgerald,328,austen,6.777280569076538
1,fitzgerald,328,fitzgerald,6.7155866622924805
1,fitzgerald,328,twain,7.27872833609581
1,fitzgerald,329,train,6.13869587580363
1,fitzgerald,329,baum,6.734705090522766
1,fitzgerald,329,thompson,7.245175004005432
1,fitzgerald,329,dickens,6.715860366821289
1,fitzgerald,329,melville,7.497284094492595
1,fitzgerald,329,wells,6.804798285166423
1,fitzgerald,329,austen,6.767846028010051
1,fitzgerald,329,fitzgerald,6.709682873317173
1,fitzgerald,329,twain,7.273931860923767
1,fitzgerald,330,train,6.071213881174724
1,fitzgerald,330,baum,6.734351873397827
1,fitzgerald,330,thompson,7.247045278549194
1,fitzgerald,330,dickens,6.715921084086101
1,fitzgerald,330,melville,7.499324957529704
1,fitzgerald,330,wells,6.806323846181233
1,fitzgerald,330,austen,6.769254287083943
1,fitzgerald,330,fitzgerald,6.709297043936593
1,fitzgerald,330,twain,7.275807678699493
1,fitzgerald,331,train,6.063981374104817
1,fitzgerald,331,baum,6.733290195465088
1,fitzgerald,331,thompson,7.243646383285522
1,fitzgerald,331,dickens,6.713715712229411
1,fitzgerald,331,melville,7.49576801723904
1,fitzgerald,331,wells,6.804851055145264
1,fitzgerald,331,austen,6.769763946533203
1,fitzgerald,331,fitzgerald,6.707378046853202
1,fitzgerald,331,twain,7.272322088479996
1,fitzgerald,332,train,6.149277210235596
1,fitzgerald,332,baum,6.739855527877808
1,fitzgerald,332,thompson,7.2453693151474
1,fitzgerald,332,dickens,6.719651540120442
1,fitzgerald,332,melville,7.493447462717692
1,fitzgerald,332,wells,6.811653057734172
1,fitzgerald,332,austen,6.776973565419515
1,fitzgerald,332,fitzgerald,6.711053916386196
1,fitzgerald,332,twain,7.272661298513412
1,fitzgerald,333,train,6.102847576141357
1,fitzgerald,333,baum,6.723156452178955
1,fitzgerald,333,thompson,7.238337755203247
1,fitzgerald,333,dickens,6.705992380777995
1,fitzgerald,333,melville,7.494796646965875
1,fitzgerald,333,wells,6.7939133644104
1,fitzgerald,333,austen,6.754366159439087
1,fitzgerald,333,fitzgerald,6.698308195386614
1,fitzgerald,333,twain,7.269249498844147
1,fitzgerald,334,train,6.049036026000977
1,fitzgerald,334,baum,6.727166295051575
1,fitzgerald,334,thompson,7.237995624542236
1,fitzgerald,334,dickens,6.705495834350586
1,fitzgerald,334,melville,7.489280435774061
1,fitzgerald,334,wells,6.7975897789001465
1,fitzgerald,334,austen,6.761323849360148
1,fitzgerald,334,fitzgerald,6.6997246742248535
1,fitzgerald,334,twain,7.267757534980774
1,fitzgerald,335,train,6.114689668019612
1,fitzgerald,335,baum,6.7265297174453735
1,fitzgerald,335,thompson,7.236066222190857
1,fitzgerald,335,dickens,6.707387924194336
1,fitzgerald,335,melville,7.489609082539876
1,fitzgerald,335,wells,6.79919974009196
1,fitzgerald,335,austen,6.764183839162191
1,fitzgerald,335,fitzgerald,6.69926963533674
1,fitzgerald,335,twain,7.267025202512741
1,fitzgerald,336,train,6.001958847045898
1,fitzgerald,336,baum,6.716398477554321
1,fitzgerald,336,thompson,7.232853293418884
1,fitzgerald,336,dickens,6.697137037913005
1,fitzgerald,336,melville,7.489730781979031
1,fitzgerald,336,wells,6.787966171900432
1,fitzgerald,336,austen,6.749993721644084
1,fitzgerald,336,fitzgerald,6.690579959324428
1,fitzgerald,336,twain,7.264342218637466
1,fitzgerald,337,train,6.046731789906819
1,fitzgerald,337,baum,6.72137975692749
1,fitzgerald,337,thompson,7.23505973815918
1,fitzgerald,337,dickens,6.701895713806152
1,fitzgerald,337,melville,7.4909774462382
1,fitzgerald,337,wells,6.7931075890858965
1,fitzgerald,337,austen,6.760414759318034
1,fitzgerald,337,fitzgerald,6.693613801683698
1,fitzgerald,337,twain,7.26619291305542
1,fitzgerald,338,train,6.044489065806071
1,fitzgerald,338,baum,6.713039875030518
1,fitzgerald,338,thompson,7.228264927864075
1,fitzgerald,338,dickens,6.696243127187093
1,fitzgerald,338,melville,7.488151815202501
1,fitzgerald,338,wells,6.787156899770101
1,fitzgerald,338,austen,6.7521045207977295
1,fitzgerald,338,fitzgerald,6.687983444758824
1,fitzgerald,338,twain,7.262478500604629
1,fitzgerald,339,train,6.111111799875896
1,fitzgerald,339,baum,6.709632396697998
1,fitzgerald,339,thompson,7.226963639259338
1,fitzgerald,339,dickens,6.691651821136475
1,fitzgerald,339,melville,7.487201743655735
1,fitzgerald,339,wells,6.7834413051605225
1,fitzgerald,339,austen,6.745880921681722
1,fitzgerald,339,fitzgerald,6.68359695162092
1,fitzgerald,339,twain,7.259092181921005
1,fitzgerald,340,train,6.056593577067058
1,fitzgerald,340,baum,6.714744925498962
1,fitzgerald,340,thompson,7.2273759841918945
1,fitzgerald,340,dickens,6.697067419687907
1,fitzgerald,340,melville,7.486221525404188
1,fitzgerald,340,wells,6.787423133850098
1,fitzgerald,340,austen,6.755204995473226
1,fitzgerald,340,fitzgerald,6.685667174203055
1,fitzgerald,340,twain,7.259465545415878
1,fitzgerald,341,train,6.069063822428386
1,fitzgerald,341,baum,6.704885840415955
1,fitzgerald,341,thompson,7.224923849105835
1,fitzgerald,341,dickens,6.686303615570068
1,fitzgerald,341,melville,7.489153014289008
1,fitzgerald,341,wells,6.778456290562947
1,fitzgerald,341,austen,6.741937081019084
1,fitzgerald,341,fitzgerald,6.677964414869036
1,fitzgerald,341,twain,7.260301113128662
1,fitzgerald,342,train,6.054999192555745
1,fitzgerald,342,baum,6.706776976585388
1,fitzgerald,342,thompson,7.224428176879883
1,fitzgerald,342,dickens,6.686395804087321
1,fitzgerald,342,melville,7.485397762722439
1,fitzgerald,342,wells,6.780241966247559
1,fitzgerald,342,austen,6.7437740961710615
1,fitzgerald,342,fitzgerald,6.678091389792306
1,fitzgerald,342,twain,7.256836801767349
1,fitzgerald,343,train,6.020149072011312
1,fitzgerald,343,baum,6.704906344413757
1,fitzgerald,343,thompson,7.22116482257843
1,fitzgerald,343,dickens,6.6887796719868975
1,fitzgerald,343,melville,7.483477539486355
1,fitzgerald,343,wells,6.7800553639729815
1,fitzgerald,343,austen,6.745357036590576
1,fitzgerald,343,fitzgerald,6.6775738171168735
1,fitzgerald,343,twain,7.255862712860107
1,fitzgerald,344,train,6.017086982727051
1,fitzgerald,344,baum,6.695834040641785
1,fitzgerald,344,thompson,7.214998841285706
1,fitzgerald,344,dickens,6.675895531972249
1,fitzgerald,344,melville,7.477787229749891
1,fitzgerald,344,wells,6.7694346110026045
1,fitzgerald,344,austen,6.731884956359863
1,fitzgerald,344,fitzgerald,6.668455805097308
1,fitzgerald,344,twain,7.249501705169678
1,fitzgerald,345,train,5.988954703013103
1,fitzgerald,345,baum,6.699982047080994
1,fitzgerald,345,thompson,7.220012664794922
1,fitzgerald,345,dickens,6.681655565897624
1,fitzgerald,345,melville,7.482661141289605
1,fitzgerald,345,wells,6.776012579600017
1,fitzgerald,345,austen,6.7363831996917725
1,fitzgerald,345,fitzgerald,6.670921870640346
1,fitzgerald,345,twain,7.253054767847061
1,fitzgerald,346,train,6.006346861521403
1,fitzgerald,346,baum,6.705154895782471
1,fitzgerald,346,thompson,7.22152304649353
1,fitzgerald,346,dickens,6.686869144439697
1,fitzgerald,346,melville,7.484239101409912
1,fitzgerald,346,wells,6.782701333363851
1,fitzgerald,346,austen,6.747823397318522
1,fitzgerald,346,fitzgerald,6.675753048488072
1,fitzgerald,346,twain,7.257268458604813
1,fitzgerald,347,train,5.957927227020264
1,fitzgerald,347,baum,6.689135193824768
1,fitzgerald,347,thompson,7.214836835861206
1,fitzgerald,347,dickens,6.6718324025472
1,fitzgerald,347,melville,7.485287931230333
1,fitzgerald,347,wells,6.764300187428792
1,fitzgerald,347,austen,6.725759585698445
1,fitzgerald,347,fitzgerald,6.661555017743792
1,fitzgerald,347,twain,7.251935124397278
1,fitzgerald,348,train,5.97017765045166
1,fitzgerald,348,baum,6.692636609077454
1,fitzgerald,348,thompson,7.212997674942017
1,fitzgerald,348,dickens,6.674248854319255
1,fitzgerald,348,melville,7.477831575605604
1,fitzgerald,348,wells,6.766158024470012
1,fitzgerald,348,austen,6.729580084482829
1,fitzgerald,348,fitzgerald,6.6613359451293945
1,fitzgerald,348,twain,7.247274547815323
1,fitzgerald,349,train,6.074632962544759
1,fitzgerald,349,baum,6.691765666007996
1,fitzgerald,349,thompson,7.211710929870605
1,fitzgerald,349,dickens,6.675283432006836
1,fitzgerald,349,melville,7.476789898342556
1,fitzgerald,349,wells,6.768764495849609
1,fitzgerald,349,austen,6.734264771143596
1,fitzgerald,349,fitzgerald,6.662196976797921
1,fitzgerald,349,twain,7.247582584619522
1,fitzgerald,350,train,6.0195010503133135
1,fitzgerald,350,baum,6.684800982475281
1,fitzgerald,350,thompson,7.211830019950867
1,fitzgerald,350,dickens,6.667170524597168
1,fitzgerald,350,melville,7.479215410020616
1,fitzgerald,350,wells,6.763509035110474
1,fitzgerald,350,austen,6.724698861440023
1,fitzgerald,350,fitzgerald,6.655686037881034
1,fitzgerald,350,twain,7.247429668903351
1,fitzgerald,351,train,5.988394419352214
1,fitzgerald,351,baum,6.6879987716674805
1,fitzgerald,351,thompson,7.208197593688965
1,fitzgerald,351,dickens,6.668546676635742
1,fitzgerald,351,melville,7.471479574839274
1,fitzgerald,351,wells,6.763067324956258
1,fitzgerald,351,austen,6.72665540377299
1,fitzgerald,351,fitzgerald,6.654956477028983
1,fitzgerald,351,twain,7.242756813764572
1,fitzgerald,352,train,6.050558567047119
1,fitzgerald,352,baum,6.685439348220825
1,fitzgerald,352,thompson,7.207428097724914
1,fitzgerald,352,dickens,6.668735504150391
1,fitzgerald,352,melville,7.473211076524523
1,fitzgerald,352,wells,6.762341419855754
1,fitzgerald,352,austen,6.72821044921875
1,fitzgerald,352,fitzgerald,6.654611791883196
1,fitzgerald,352,twain,7.24394828081131
1,fitzgerald,353,train,5.931475639343262
1,fitzgerald,353,baum,6.680456161499023
1,fitzgerald,353,thompson,7.208307981491089
1,fitzgerald,353,dickens,6.664057890574138
1,fitzgerald,353,melville,7.478727022806804
1,fitzgerald,353,wells,6.759518543879191
1,fitzgerald,353,austen,6.722771724065145
1,fitzgerald,353,fitzgerald,6.650630950927734
1,fitzgerald,353,twain,7.245466470718384
1,fitzgerald,354,train,6.001889228820801
1,fitzgerald,354,baum,6.685564875602722
1,fitzgerald,354,thompson,7.20878791809082
1,fitzgerald,354,dickens,6.667087872823079
1,fitzgerald,354,melville,7.477480517493354
1,fitzgerald,354,wells,6.761446237564087
1,fitzgerald,354,austen,6.728613217671712
1,fitzgerald,354,fitzgerald,6.651759760720389
1,fitzgerald,354,twain,7.2446965873241425
1,fitzgerald,355,train,5.978894392649333
1,fitzgerald,355,baum,6.681192755699158
1,fitzgerald,355,thompson,7.203173756599426
1,fitzgerald,355,dickens,6.662580172220866
1,fitzgerald,355,melville,7.471617274814182
1,fitzgerald,355,wells,6.7568386395772295
1,fitzgerald,355,austen,6.722366730372111
1,fitzgerald,355,fitzgerald,6.6476127079554965
1,fitzgerald,355,twain,7.239381968975067
1,fitzgerald,356,train,5.95128885904948
1,fitzgerald,356,baum,6.67132306098938
1,fitzgerald,356,thompson,7.200578570365906
1,fitzgerald,356,dickens,6.654509703318278
1,fitzgerald,356,melville,7.472897635565864
1,fitzgerald,356,wells,6.748154004414876
1,fitzgerald,356,austen,6.7103343804677325
1,fitzgerald,356,fitzgerald,6.640195165361677
1,fitzgerald,356,twain,7.237846225500107
1,fitzgerald,357,train,5.931219895680745
1,fitzgerald,357,baum,6.676326751708984
1,fitzgerald,357,thompson,7.202184438705444
1,fitzgerald,357,dickens,6.657499313354492
1,fitzgerald,357,melville,7.47246774037679
1,fitzgerald,357,wells,6.7518848578135175
1,fitzgerald,357,austen,6.7179209391276045
1,fitzgerald,357,fitzgerald,6.641510895320347
1,fitzgerald,357,twain,7.2385916113853455
1,fitzgerald,358,train,5.929906686147054
1,fitzgerald,358,baum,6.677723288536072
1,fitzgerald,358,thompson,7.200414776802063
1,fitzgerald,358,dickens,6.660035133361816
1,fitzgerald,358,melville,7.470178021325005
1,fitzgerald,358,wells,6.7549920082092285
1,fitzgerald,358,austen,6.721356232961019
1,fitzgerald,358,fitzgerald,6.642417090279715
1,fitzgerald,358,twain,7.23825591802597
1,fitzgerald,359,train,6.003939151763916
1,fitzgerald,359,baum,6.6695476770401
1,fitzgerald,359,thompson,7.197563886642456
1,fitzgerald,359,dickens,6.655405839284261
1,fitzgerald,359,melville,7.469762007395427
1,fitzgerald,359,wells,6.747752507527669
1,fitzgerald,359,austen,6.71335752805074
1,fitzgerald,359,fitzgerald,6.637452193668911
1,fitzgerald,359,twain,7.235509902238846
1,fitzgerald,360,train,5.958659489949544
1,fitzgerald,360,baum,6.662132143974304
1,fitzgerald,360,thompson,7.194237947463989
1,fitzgerald,360,dickens,6.644828637440999
1,fitzgerald,360,melville,7.468653149074978
1,fitzgerald,360,wells,6.741785049438477
1,fitzgerald,360,austen,6.702175935109456
1,fitzgerald,360,fitzgerald,6.6319234030587335
1,fitzgerald,360,twain,7.234477788209915
1,fitzgerald,361,train,5.918616771697998
1,fitzgerald,361,baum,6.664502739906311
1,fitzgerald,361,thompson,7.191506624221802
1,fitzgerald,361,dickens,6.647922992706299
1,fitzgerald,361,melville,7.46482875612047
1,fitzgerald,361,wells,6.742622375488281
1,fitzgerald,361,austen,6.706761519114177
1,fitzgerald,361,fitzgerald,6.631124223981585
1,fitzgerald,361,twain,7.230863600969315
1,fitzgerald,362,train,5.898616949717204
1,fitzgerald,362,baum,6.663641929626465
1,fitzgerald,362,thompson,7.19639253616333
1,fitzgerald,362,dickens,6.649614493052165
1,fitzgerald,362,melville,7.471921496921116
1,fitzgerald,362,wells,6.745851278305054
1,fitzgerald,362,austen,6.709749619166057
1,fitzgerald,362,fitzgerald,6.631680829184396
1,fitzgerald,362,twain,7.235993295907974
1,fitzgerald,363,train,5.958574612935384
1,fitzgerald,363,baum,6.658070683479309
1,fitzgerald,363,thompson,7.193684577941895
1,fitzgerald,363,dickens,6.643992265065511
1,fitzgerald,363,melville,7.470034546322292
1,fitzgerald,363,wells,6.739854097366333
1,fitzgerald,363,austen,6.704838832219441
1,fitzgerald,363,fitzgerald,6.627257823944092
1,fitzgerald,363,twain,7.233008116483688
1,fitzgerald,364,train,5.939013640085856
1,fitzgerald,364,baum,6.672636032104492
1,fitzgerald,364,thompson,7.200915813446045
1,fitzgerald,364,dickens,6.653024514516194
1,fitzgerald,364,melville,7.473234547509087
1,fitzgerald,364,wells,6.751181602478027
1,fitzgerald,364,austen,6.718866904576619
1,fitzgerald,364,fitzgerald,6.63426787512643
1,fitzgerald,364,twain,7.23767015337944
1,fitzgerald,365,train,5.951002756754558
1,fitzgerald,365,baum,6.653756737709045
1,fitzgerald,365,thompson,7.186764121055603
1,fitzgerald,365,dickens,6.637192408243815
1,fitzgerald,365,melville,7.463914765252007
1,fitzgerald,365,wells,6.733392874399821
1,fitzgerald,365,austen,6.696530818939209
1,fitzgerald,365,fitzgerald,6.620573452540806
1,fitzgerald,365,twain,7.227012693881988
1,fitzgerald,366,train,5.936675548553467
1,fitzgerald,366,baum,6.6510231494903564
1,fitzgerald,366,thompson,7.18363094329834
1,fitzgerald,366,dickens,6.634237130482991
1,fitzgerald,366,melville,7.461256610022651
1,fitzgerald,366,wells,6.729187806447347
1,fitzgerald,366,austen,6.69667649269104
1,fitzgerald,366,fitzgerald,6.617633206503732
1,fitzgerald,366,twain,7.224313408136368
1,fitzgerald,367,train,5.952281792958577
1,fitzgerald,367,baum,6.654970169067383
1,fitzgerald,367,thompson,7.18962299823761
1,fitzgerald,367,dickens,6.637704690297444
1,fitzgerald,367,melville,7.467700481414795
1,fitzgerald,367,wells,6.735196193059285
1,fitzgerald,367,austen,6.703018109003703
1,fitzgerald,367,fitzgerald,6.619714055742536
1,fitzgerald,367,twain,7.228891491889954
1,fitzgerald,368,train,5.980584939320882
1,fitzgerald,368,baum,6.647523999214172
1,fitzgerald,368,thompson,7.18096911907196
1,fitzgerald,368,dickens,6.629266579945882
1,fitzgerald,368,melville,7.459963321685791
1,fitzgerald,368,wells,6.72665270169576
1,fitzgerald,368,austen,6.692303657531738
1,fitzgerald,368,fitzgerald,6.6124250548226495
1,fitzgerald,368,twain,7.221072614192963
1,fitzgerald,369,train,5.920111020406087
1,fitzgerald,369,baum,6.644609689712524
1,fitzgerald,369,thompson,7.181347966194153
1,fitzgerald,369,dickens,6.629678249359131
1,fitzgerald,369,melville,7.46340619193183
1,fitzgerald,369,wells,6.723645528157552
1,fitzgerald,369,austen,6.691599607467651
1,fitzgerald,369,fitzgerald,6.61074686050415
1,fitzgerald,369,twain,7.223207265138626
1,fitzgerald,370,train,5.937811533610026
1,fitzgerald,370,baum,6.651967167854309
1,fitzgerald,370,thompson,7.186954736709595
1,fitzgerald,370,dickens,6.636437098185222
1,fitzgerald,370,melville,7.465113851759169
1,fitzgerald,370,wells,6.730998992919922
1,fitzgerald,370,austen,6.7009594440460205
1,fitzgerald,370,fitzgerald,6.615501335688999
1,fitzgerald,370,twain,7.226298213005066
1,fitzgerald,371,train,5.890713691711426
1,fitzgerald,371,baum,6.642071723937988
1,fitzgerald,371,thompson,7.17773711681366
1,fitzgerald,371,dickens,6.625882625579834
1,fitzgerald,371,melville,7.45884354909261
1,fitzgerald,371,wells,6.723286072413127
1,fitzgerald,371,austen,6.688153028488159
1,fitzgerald,371,fitzgerald,6.607278278895786
1,fitzgerald,371,twain,7.21799823641777
1,fitzgerald,372,train,5.986831823984782
1,fitzgerald,372,baum,6.637981653213501
1,fitzgerald,372,thompson,7.175508737564087
1,fitzgerald,372,dickens,6.622323195139567
1,fitzgerald,372,melville,7.45608483420478
1,fitzgerald,372,wells,6.721570491790772
1,fitzgerald,372,austen,6.684581279754639
1,fitzgerald,372,fitzgerald,6.60453428540911
1,fitzgerald,372,twain,7.217269837856293
1,fitzgerald,373,train,5.923620065053304
1,fitzgerald,373,baum,6.637951612472534
1,fitzgerald,373,thompson,7.176085710525513
1,fitzgerald,373,dickens,6.624857107798259
1,fitzgerald,373,melville,7.457016838921441
1,fitzgerald,373,wells,6.720424095789592
1,fitzgerald,373,austen,6.684541702270508
1,fitzgerald,373,fitzgerald,6.603812149592808
1,fitzgerald,373,twain,7.217170685529709
1,fitzgerald,374,train,5.88028605779012
1,fitzgerald,374,baum,6.635698556900024
1,fitzgerald,374,thompson,7.173770308494568
1,fitzgerald,374,dickens,6.618070920308431
1,fitzgerald,374,melville,7.453742822011311
1,fitzgerald,374,wells,6.716763337453206
1,fitzgerald,374,austen,6.683057228724162
1,fitzgerald,374,fitzgerald,6.599627494812012
1,fitzgerald,374,twain,7.214433610439299
1,fitzgerald,375,train,5.877753734588623
1,fitzgerald,375,baum,6.639302968978882
1,fitzgerald,375,thompson,7.1764689683914185
1,fitzgerald,375,dickens,6.624515851338704
1,fitzgerald,375,melville,7.460025363498264
1,fitzgerald,375,wells,6.722403526306152
1,fitzgerald,375,austen,6.6873096625010175
1,fitzgerald,375,fitzgerald,6.602552005222866
1,fitzgerald,375,twain,7.218351364135742
1,fitzgerald,376,train,5.904834747314453
1,fitzgerald,376,baum,6.631566405296326
1,fitzgerald,376,thompson,7.172797441482544
1,fitzgerald,376,dickens,6.614385604858398
1,fitzgerald,376,melville,7.452364338768853
1,fitzgerald,376,wells,6.7133597532908125
1,fitzgerald,376,austen,6.677346229553223
1,fitzgerald,376,fitzgerald,6.595725808824811
1,fitzgerald,376,twain,7.212002366781235
1,fitzgerald,377,train,5.896411577860515
1,fitzgerald,377,baum,6.622809290885925
1,fitzgerald,377,thompson,7.1654404401779175
1,fitzgerald,377,dickens,6.607507705688477
1,fitzgerald,377,melville,7.4494293000963
1,fitzgerald,377,wells,6.704870065053304
1,fitzgerald,377,austen,6.668387571970622
1,fitzgerald,377,fitzgerald,6.588738645826068
1,fitzgerald,377,twain,7.20640617609024
1,fitzgerald,378,train,5.881019751230876
1,fitzgerald,378,baum,6.6300208568573
1,fitzgerald,378,thompson,7.1736637353897095
1,fitzgerald,378,dickens,6.614773750305176
1,fitzgerald,378,melville,7.459434721204969
1,fitzgerald,378,wells,6.714358647664388
1,fitzgerald,378,austen,6.679584900538127
1,fitzgerald,378,fitzgerald,6.593589237758091
1,fitzgerald,378,twain,7.215842932462692
1,fitzgerald,379,train,5.862564563751221
1,fitzgerald,379,baum,6.627871990203857
1,fitzgerald,379,thompson,7.1676822900772095
1,fitzgerald,379,dickens,6.610573927561442
1,fitzgerald,379,melville,7.451686223347981
1,fitzgerald,379,wells,6.710043668746948
1,fitzgerald,379,austen,6.675647338231404
1,fitzgerald,379,fitzgerald,6.58943053654262
1,fitzgerald,379,twain,7.209137171506882
1,fitzgerald,380,train,5.915748119354248
1,fitzgerald,380,baum,6.627117276191711
1,fitzgerald,380,thompson,7.164774179458618
1,fitzgerald,380,dickens,6.611539999643962
1,fitzgerald,380,melville,7.446932315826416
1,fitzgerald,380,wells,6.7075746059417725
1,fitzgerald,380,austen,6.673847436904907
1,fitzgerald,380,fitzgerald,6.587098053523472
1,fitzgerald,380,twain,7.205517172813416
1,fitzgerald,381,train,5.860034624735515
1,fitzgerald,381,baum,6.626604318618774
1,fitzgerald,381,thompson,7.1692363023757935
1,fitzgerald,381,dickens,6.608621597290039
1,fitzgerald,381,melville,7.452411863538954
1,fitzgerald,381,wells,6.70968238512675
1,fitzgerald,381,austen,6.674948215484619
1,fitzgerald,381,fitzgerald,6.586748055049351
1,fitzgerald,381,twain,7.209610491991043
1,fitzgerald,382,train,5.844871997833252
1,fitzgerald,382,baum,6.6148974895477295
1,fitzgerald,382,thompson,7.162899255752564
1,fitzgerald,382,dickens,6.599403540293376
1,fitzgerald,382,melville,7.450773292117649
1,fitzgerald,382,wells,6.700046857198079
1,fitzgerald,382,austen,6.661658048629761
1,fitzgerald,382,fitzgerald,6.57897881099156
1,fitzgerald,382,twain,7.205491632223129
1,fitzgerald,383,train,5.910756587982178
1,fitzgerald,383,baum,6.62542986869812
1,fitzgerald,383,thompson,7.163066148757935
1,fitzgerald,383,dickens,6.60813570022583
1,fitzgerald,383,melville,7.44630061255561
1,fitzgerald,383,wells,6.705785592397054
1,fitzgerald,383,austen,6.675022522608439
1,fitzgerald,383,fitzgerald,6.583550385066441
1,fitzgerald,383,twain,7.204404413700104
1,fitzgerald,384,train,5.828527927398682
1,fitzgerald,384,baum,6.620932698249817
1,fitzgerald,384,thompson,7.163523435592651
1,fitzgerald,384,dickens,6.602429548899333
1,fitzgerald,384,melville,7.449200948079427
1,fitzgerald,384,wells,6.7030049959818525
1,fitzgerald,384,austen,6.669013420740764
1,fitzgerald,384,fitzgerald,6.579773357936314
1,fitzgerald,384,twain,7.204807281494141
1,fitzgerald,385,train,5.812062740325928
1,fitzgerald,385,baum,6.611156463623047
1,fitzgerald,385,thompson,7.156340718269348
1,fitzgerald,385,dickens,6.594248135884603
1,fitzgerald,385,melville,7.443773216671413
1,fitzgerald,385,wells,6.695262511571248
1,fitzgerald,385,austen,6.659149885177612
1,fitzgerald,385,fitzgerald,6.573234285627093
1,fitzgerald,385,twain,7.198248594999313
1,fitzgerald,386,train,5.902007420857747
1,fitzgerald,386,baum,6.618551254272461
1,fitzgerald,386,thompson,7.158502221107483
1,fitzgerald,386,dickens,6.60390567779541
1,fitzgerald,386,melville,7.444675180647108
1,fitzgerald,386,wells,6.699152866999309
1,fitzgerald,386,austen,6.668514649073283
1,fitzgerald,386,fitzgerald,6.5768954413277765
1,fitzgerald,386,twain,7.200147271156311
1,fitzgerald,387,train,5.839293797810872
1,fitzgerald,387,baum,6.614251494407654
1,fitzgerald,387,thompson,7.158847808837891
1,fitzgerald,387,dickens,6.59773063659668
1,fitzgerald,387,melville,7.444958315955268
1,fitzgerald,387,wells,6.695579290390015
1,fitzgerald,387,austen,6.6634658972422285
1,fitzgerald,387,fitzgerald,6.572868892124721
1,fitzgerald,387,twain,7.199809521436691
1,fitzgerald,388,train,5.826076030731201
1,fitzgerald,388,baum,6.613041996955872
1,fitzgerald,388,thompson,7.157156944274902
1,fitzgerald,388,dickens,6.59653377532959
1,fitzgerald,388,melville,7.44510014851888
1,fitzgerald,388,wells,6.696542024612427
1,fitzgerald,388,austen,6.664998451868693
1,fitzgerald,388,fitzgerald,6.571847438812256
1,fitzgerald,388,twain,7.197737097740173
1,fitzgerald,389,train,5.853140036265056
1,fitzgerald,389,baum,6.620365381240845
1,fitzgerald,389,thompson,7.159901976585388
1,fitzgerald,389,dickens,6.604757626851399
1,fitzgerald,389,melville,7.44533125559489
1,fitzgerald,389,wells,6.7017139593760175
1,fitzgerald,389,austen,6.673203229904175
1,fitzgerald,389,fitzgerald,6.574543476104736
1,fitzgerald,389,twain,7.200276434421539
1,fitzgerald,390,train,5.813714186350505
1,fitzgerald,390,baum,6.606034994125366
1,fitzgerald,390,thompson,7.150043487548828
1,fitzgerald,390,dickens,6.589966615041097
1,fitzgerald,390,melville,7.438050799899631
1,fitzgerald,390,wells,6.687596241633098
1,fitzgerald,390,austen,6.656550566355388
1,fitzgerald,390,fitzgerald,6.562954153333392
1,fitzgerald,390,twain,7.191795140504837
1,fitzgerald,391,train,5.896445274353027
1,fitzgerald,391,baum,6.602431774139404
1,fitzgerald,391,thompson,7.150530815124512
1,fitzgerald,391,dickens,6.586867491404216
1,fitzgerald,391,melville,7.439852396647136
1,fitzgerald,391,wells,6.685586293538411
1,fitzgerald,391,austen,6.653650283813477
1,fitzgerald,391,fitzgerald,6.561238629477365
1,fitzgerald,391,twain,7.192653894424439
1,fitzgerald,392,train,5.825486183166504
1,fitzgerald,392,baum,6.6001893281936646
1,fitzgerald,392,thompson,7.148063659667969
1,fitzgerald,392,dickens,6.583638509114583
1,fitzgerald,392,melville,7.437533961402045
1,fitzgerald,392,wells,6.68312406539917
1,fitzgerald,392,austen,6.650126775105794
1,fitzgerald,392,fitzgerald,6.558360031672886
1,fitzgerald,392,twain,7.189813375473023
1,fitzgerald,393,train,5.8340606689453125
1,fitzgerald,393,baum,6.599412798881531
1,fitzgerald,393,thompson,7.147515177726746
1,fitzgerald,393,dickens,6.583341439565023
1,fitzgerald,393,melville,7.437122503916423
1,fitzgerald,393,wells,6.682238419850667
1,fitzgerald,393,austen,6.6503541469573975
1,fitzgerald,393,fitzgerald,6.55616923740932
1,fitzgerald,393,twain,7.188562661409378
1,fitzgerald,394,train,5.833667914072673
1,fitzgerald,394,baum,6.597214460372925
1,fitzgerald,394,thompson,7.145902276039124
1,fitzgerald,394,dickens,6.581225872039795
1,fitzgerald,394,melville,7.434994220733643
1,fitzgerald,394,wells,6.682183345158895
1,fitzgerald,394,austen,6.648461739222209
1,fitzgerald,394,fitzgerald,6.55454683303833
1,fitzgerald,394,twain,7.187423437833786
1,fitzgerald,395,train,5.783292770385742
1,fitzgerald,395,baum,6.598558068275452
1,fitzgerald,395,thompson,7.150840759277344
1,fitzgerald,395,dickens,6.582570552825928
1,fitzgerald,395,melville,7.44453239440918
1,fitzgerald,395,wells,6.683976888656616
1,fitzgerald,395,austen,6.650565465291341
1,fitzgerald,395,fitzgerald,6.556012562343052
1,fitzgerald,395,twain,7.19369637966156
1,fitzgerald,396,train,5.785099983215332
1,fitzgerald,396,baum,6.602508187294006
1,fitzgerald,396,thompson,7.150043845176697
1,fitzgerald,396,dickens,6.5867563883463545
1,fitzgerald,396,melville,7.442121028900146
1,fitzgerald,396,wells,6.685460090637207
1,fitzgerald,396,austen,6.655598958333333
1,fitzgerald,396,fitzgerald,6.5571392604282925
1,fitzgerald,396,twain,7.192325711250305
1,fitzgerald,397,train,5.778719425201416
1,fitzgerald,397,baum,6.597423553466797
1,fitzgerald,397,thompson,7.145696043968201
1,fitzgerald,397,dickens,6.582125663757324
1,fitzgerald,397,melville,7.440832297007243
1,fitzgerald,397,wells,6.681995550791423
1,fitzgerald,397,austen,6.648386398951213
1,fitzgerald,397,fitzgerald,6.551679747445243
1,fitzgerald,397,twain,7.188741207122803
1,fitzgerald,398,train,5.802695115407308
1,fitzgerald,398,baum,6.598420739173889
1,fitzgerald,398,thompson,7.150204300880432
1,fitzgerald,398,dickens,6.580154895782471
1,fitzgerald,398,melville,7.446113745371501
1,fitzgerald,398,wells,6.682404041290283
1,fitzgerald,398,austen,6.653069575627645
1,fitzgerald,398,fitzgerald,6.5528163228716165
1,fitzgerald,398,twain,7.19465833902359
1,fitzgerald,399,train,5.803664684295654
1,fitzgerald,399,baum,6.591412663459778
1,fitzgerald,399,thompson,7.141380429267883
1,fitzgerald,399,dickens,6.577893257141113
1,fitzgerald,399,melville,7.440779791937934
1,fitzgerald,399,wells,6.6744468212127686
1,fitzgerald,399,austen,6.644960006078084
1,fitzgerald,399,fitzgerald,6.54703562600272
1,fitzgerald,399,twain,7.188269287347794
1,fitzgerald,400,train,5.821948369344075
1,fitzgerald,400,baum,6.590623140335083
1,fitzgerald,400,thompson,7.141764283180237
1,fitzgerald,400,dickens,6.573957761128743
1,fitzgerald,400,melville,7.437546518113878
1,fitzgerald,400,wells,6.673026482264201
1,fitzgerald,400,austen,6.642878293991089
1,fitzgerald,400,fitzgerald,6.544576985495431
1,fitzgerald,400,twain,7.185153603553772
1,fitzgerald,401,train,5.78302526473999
1,fitzgerald,401,baum,6.580958008766174
1,fitzgerald,401,thompson,7.134383916854858
1,fitzgerald,401,dickens,6.567908922831218
1,fitzgerald,401,melville,7.433069388071696
1,fitzgerald,401,wells,6.663890282313029
1,fitzgerald,401,austen,6.632144212722778
1,fitzgerald,401,fitzgerald,6.537672451564244
1,fitzgerald,401,twain,7.1790392100811005
1,fitzgerald,402,train,5.77290137608846
1,fitzgerald,402,baum,6.588074684143066
1,fitzgerald,402,thompson,7.136433124542236
1,fitzgerald,402,dickens,6.569896221160889
1,fitzgerald,402,melville,7.430763085683186
1,fitzgerald,402,wells,6.669807513554891
1,fitzgerald,402,austen,6.641621828079224
1,fitzgerald,402,fitzgerald,6.5404156276157925
1,fitzgerald,402,twain,7.180090367794037
1,fitzgerald,403,train,5.7780442237854
1,fitzgerald,403,baum,6.584721684455872
1,fitzgerald,403,thompson,7.140278935432434
1,fitzgerald,403,dickens,6.574091911315918
1,fitzgerald,403,melville,7.443300724029541
1,fitzgerald,403,wells,6.6696382363637285
1,fitzgerald,403,austen,6.640965859095256
1,fitzgerald,403,fitzgerald,6.540231364113944
1,fitzgerald,403,twain,7.188189446926117
1,fitzgerald,404,train,5.789120992024739
1,fitzgerald,404,baum,6.580540299415588
1,fitzgerald,404,thompson,7.137454271316528
1,fitzgerald,404,dickens,6.562780698140462
1,fitzgerald,404,melville,7.436516125996907
1,fitzgerald,404,wells,6.663663705190023
1,fitzgerald,404,austen,6.633718649546306
1,fitzgerald,404,fitzgerald,6.534151758466448
1,fitzgerald,404,twain,7.182230174541473
1,fitzgerald,405,train,5.74996550877889
1,fitzgerald,405,baum,6.583055734634399
1,fitzgerald,405,thompson,7.135686278343201
1,fitzgerald,405,dickens,6.570405642191569
1,fitzgerald,405,melville,7.438277933332655
1,fitzgerald,405,wells,6.668144543965657
1,fitzgerald,405,austen,6.637134472529094
1,fitzgerald,405,fitzgerald,6.535854407719204
1,fitzgerald,405,twain,7.182472258806229
1,fitzgerald,406,train,5.779239813486735
1,fitzgerald,406,baum,6.585708022117615
1,fitzgerald,406,thompson,7.139145612716675
1,fitzgerald,406,dickens,6.567184130350749
1,fitzgerald,406,melville,7.43492062886556
1,fitzgerald,406,wells,6.668225526809692
1,fitzgerald,406,austen,6.637648185094197
1,fitzgerald,406,fitzgerald,6.535625117165702
1,fitzgerald,406,twain,7.183100044727325
1,fitzgerald,407,train,5.741163571675618
1,fitzgerald,407,baum,6.579117774963379
1,fitzgerald,407,thompson,7.132849812507629
1,fitzgerald,407,dickens,6.56343952814738
1,fitzgerald,407,melville,7.431696679857042
1,fitzgerald,407,wells,6.661362648010254
1,fitzgerald,407,austen,6.629001617431641
1,fitzgerald,407,fitzgerald,6.529728753226144
1,fitzgerald,407,twain,7.17686602473259
1,fitzgerald,408,train,5.69346809387207
1,fitzgerald,408,baum,6.584513783454895
1,fitzgerald,408,thompson,7.137160301208496
1,fitzgerald,408,dickens,6.566276550292969
1,fitzgerald,408,melville,7.4371819496154785
1,fitzgerald,408,wells,6.666346391042073
1,fitzgerald,408,austen,6.637647708257039
1,fitzgerald,408,fitzgerald,6.532005037580218
1,fitzgerald,408,twain,7.181459993124008
1,fitzgerald,409,train,5.714055061340332
1,fitzgerald,409,baum,6.57746422290802
1,fitzgerald,409,thompson,7.129750967025757
1,fitzgerald,409,dickens,6.561827659606934
1,fitzgerald,409,melville,7.432273546854655
1,fitzgerald,409,wells,6.660336494445801
1,fitzgerald,409,austen,6.629377683003743
1,fitzgerald,409,fitzgerald,6.526068278721401
1,fitzgerald,409,twain,7.176461070775986
1,fitzgerald,410,train,5.716140111287435
1,fitzgerald,410,baum,6.583528637886047
1,fitzgerald,410,thompson,7.13015341758728
1,fitzgerald,410,dickens,6.566794236501058
1,fitzgerald,410,melville,7.431662029690212
1,fitzgerald,410,wells,6.665036042531331
1,fitzgerald,410,austen,6.635424296061198
1,fitzgerald,410,fitzgerald,6.529505797794887
1,fitzgerald,410,twain,7.178019464015961
1,fitzgerald,411,train,5.716901302337647
1,fitzgerald,411,baum,6.570137619972229
1,fitzgerald,411,thompson,7.1270095109939575
1,fitzgerald,411,dickens,6.555047035217285
1,fitzgerald,411,melville,7.433520052168104
1,fitzgerald,411,wells,6.652087847391765
1,fitzgerald,411,austen,6.622265895207723
1,fitzgerald,411,fitzgerald,6.520956993103027
1,fitzgerald,411,twain,7.174666911363602
1,fitzgerald,412,train,5.701807181040446
1,fitzgerald,412,baum,6.573873996734619
1,fitzgerald,412,thompson,7.128957748413086
1,fitzgerald,412,dickens,6.554568449656169
1,fitzgerald,412,melville,7.430591053432888
1,fitzgerald,412,wells,6.6558837890625
1,fitzgerald,412,austen,6.625877698262532
1,fitzgerald,412,fitzgerald,6.521826131003244
1,fitzgerald,412,twain,7.173924744129181
1,fitzgerald,413,train,5.723183314005534
1,fitzgerald,413,baum,6.56032145023346
1,fitzgerald,413,thompson,7.123932600021362
1,fitzgerald,413,dickens,6.547913074493408
1,fitzgerald,413,melville,7.4338974422878685
1,fitzgerald,413,wells,6.646552721659343
1,fitzgerald,413,austen,6.6134835084279375
1,fitzgerald,413,fitzgerald,6.514386517660959
1,fitzgerald,413,twain,7.172342479228973
1,fitzgerald,414,train,5.737406094868978
1,fitzgerald,414,baum,6.585770964622498
1,fitzgerald,414,thompson,7.134424209594727
1,fitzgerald,414,dickens,6.567774772644043
1,fitzgerald,414,melville,7.440719498528375
1,fitzgerald,414,wells,6.668569644292195
1,fitzgerald,414,austen,6.642240842183431
1,fitzgerald,414,fitzgerald,6.527937548501151
1,fitzgerald,414,twain,7.184350699186325
1,fitzgerald,415,train,5.681829929351807
1,fitzgerald,415,baum,6.574674725532532
1,fitzgerald,415,thompson,7.127357006072998
1,fitzgerald,415,dickens,6.55768362681071
1,fitzgerald,415,melville,7.432001749674479
1,fitzgerald,415,wells,6.655670404434204
1,fitzgerald,415,austen,6.626164674758911
1,fitzgerald,415,fitzgerald,6.518637589045933
1,fitzgerald,415,twain,7.1740182638168335
1,fitzgerald,416,train,5.749059200286865
1,fitzgerald,416,baum,6.565694332122803
1,fitzgerald,416,thompson,7.125782608985901
1,fitzgerald,416,dickens,6.547005971272786
1,fitzgerald,416,melville,7.43051200442844
1,fitzgerald,416,wells,6.648848454157512
1,fitzgerald,416,austen,6.61860712369283
1,fitzgerald,416,fitzgerald,6.513737746647426
1,fitzgerald,416,twain,7.171924978494644
1,fitzgerald,417,train,5.730121612548828
1,fitzgerald,417,baum,6.567014694213867
1,fitzgerald,417,thompson,7.123140215873718
1,fitzgerald,417,dickens,6.55150032043457
1,fitzgerald,417,melville,7.431566503312853
1,fitzgerald,417,wells,6.64965295791626
1,fitzgerald,417,austen,6.622231801350911
1,fitzgerald,417,fitzgerald,6.51367153440203
1,fitzgerald,417,twain,7.170801430940628
1,fitzgerald,418,train,5.746544361114502
1,fitzgerald,418,baum,6.564316034317017
1,fitzgerald,418,thompson,7.11645233631134
1,fitzgerald,418,dickens,6.544395605723064
1,fitzgerald,418,melville,7.424339241451687
1,fitzgerald,418,wells,6.646853923797607
1,fitzgerald,418,austen,6.619302193323772
1,fitzgerald,418,fitzgerald,6.5096540451049805
1,fitzgerald,418,twain,7.164757162332535
1,fitzgerald,419,train,5.723528067270915
1,fitzgerald,419,baum,6.551541090011597
1,fitzgerald,419,thompson,7.117075562477112
1,fitzgerald,419,dickens,6.534097353617351
1,fitzgerald,419,melville,7.429242187076145
1,fitzgerald,419,wells,6.636257648468018
1,fitzgerald,419,austen,6.606597661972046
1,fitzgerald,419,fitzgerald,6.5028325489589145
1,fitzgerald,419,twain,7.16711899638176
1,fitzgerald,420,train,5.59458049138387
1,fitzgerald,420,baum,6.5708982944488525
1,fitzgerald,420,thompson,7.125702977180481
1,fitzgerald,420,dickens,6.554125150044759
1,fitzgerald,420,melville,7.435792922973633
1,fitzgerald,420,wells,6.653715928395589
1,fitzgerald,420,austen,6.628181536992391
1,fitzgerald,420,fitzgerald,6.514261041368757
1,fitzgerald,420,twain,7.17575016617775
1,fitzgerald,421,train,5.7043867111206055
1,fitzgerald,421,baum,6.559745907783508
1,fitzgerald,421,thompson,7.11211621761322
1,fitzgerald,421,dickens,6.53885014851888
1,fitzgerald,421,melville,7.417978975507948
1,fitzgerald,421,wells,6.642211278279622
1,fitzgerald,421,austen,6.613795280456543
1,fitzgerald,421,fitzgerald,6.504189831869943
1,fitzgerald,421,twain,7.159079521894455
1,fitzgerald,422,train,5.742793877919515
1,fitzgerald,422,baum,6.550148606300354
1,fitzgerald,422,thompson,7.116682291030884
1,fitzgerald,422,dickens,6.533436298370361
1,fitzgerald,422,melville,7.431510872311062
1,fitzgerald,422,wells,6.637555281321208
1,fitzgerald,422,austen,6.605963309605916
1,fitzgerald,422,fitzgerald,6.50005258832659
1,fitzgerald,422,twain,7.166468501091003
1,fitzgerald,423,train,5.740149974822998
1,fitzgerald,423,baum,6.573737978935242
1,fitzgerald,423,thompson,7.121436357498169
1,fitzgerald,423,dickens,6.55222749710083
1,fitzgerald,423,melville,7.430851777394612
1,fitzgerald,423,wells,6.655244509379069
1,fitzgerald,423,austen,6.629957358042399
1,fitzgerald,423,fitzgerald,6.51240028653826
1,fitzgerald,423,twain,7.170802980661392
1,fitzgerald,424,train,5.646247704823812
1,fitzgerald,424,baum,6.551644682884216
1,fitzgerald,424,thompson,7.114599823951721
1,fitzgerald,424,dickens,6.533677419026692
1,fitzgerald,424,melville,7.427671750386556
1,fitzgerald,424,wells,6.63606874148051
1,fitzgerald,424,austen,6.606830517450969
1,fitzgerald,424,fitzgerald,6.497991153172085
1,fitzgerald,424,twain,7.163937032222748
1,fitzgerald,425,train,5.652655283610026
1,fitzgerald,425,baum,6.558644413948059
1,fitzgerald,425,thompson,7.118026256561279
1,fitzgerald,425,dickens,6.538843472798665
1,fitzgerald,425,melville,7.428402900695801
1,fitzgerald,425,wells,6.641201019287109
1,fitzgerald,425,austen,6.615916172663371
1,fitzgerald,425,fitzgerald,6.501098087855747
1,fitzgerald,425,twain,7.164753407239914
1,fitzgerald,426,train,5.694540500640869
1,fitzgerald,426,baum,6.5460381507873535
1,fitzgerald,426,thompson,7.105237245559692
1,fitzgerald,426,dickens,6.5275772412618
1,fitzgerald,426,melville,7.41540871726142
1,fitzgerald,426,wells,6.628199021021525
1,fitzgerald,426,austen,6.5994759400685625
1,fitzgerald,426,fitzgerald,6.490811552320208
1,fitzgerald,426,twain,7.151542037725449
1,fitzgerald,427,train,5.686139424641927
1,fitzgerald,427,baum,6.548150897026062
1,fitzgerald,427,thompson,7.109063386917114
1,fitzgerald,427,dickens,6.529589811960856
1,fitzgerald,427,melville,7.418587260776096
1,fitzgerald,427,wells,6.631385087966919
1,fitzgerald,427,austen,6.603284597396851
1,fitzgerald,427,fitzgerald,6.492131165095738
1,fitzgerald,427,twain,7.1558723747730255
1,fitzgerald,428,train,5.729631582895915
1,fitzgerald,428,baum,6.550443768501282
1,fitzgerald,428,thompson,7.114747285842896
1,fitzgerald,428,dickens,6.53658390045166
1,fitzgerald,428,melville,7.429091771443685
1,fitzgerald,428,wells,6.63660724957784
1,fitzgerald,428,austen,6.610751708348592
1,fitzgerald,428,fitzgerald,6.494257381984165
1,fitzgerald,428,twain,7.1636852622032166
1,fitzgerald,429,train,5.707818031311035
1,fitzgerald,429,baum,6.545697212219238
1,fitzgerald,429,thompson,7.105437755584717
1,fitzgerald,429,dickens,6.527641296386719
1,fitzgerald,429,melville,7.414592901865642
1,fitzgerald,429,wells,6.628568808237712
1,fitzgerald,429,austen,6.602115710576375
1,fitzgerald,429,fitzgerald,6.487764767238072
1,fitzgerald,429,twain,7.152000606060028
1,fitzgerald,430,train,5.656551202138265
1,fitzgerald,430,baum,6.543701529502869
1,fitzgerald,430,thompson,7.104902982711792
1,fitzgerald,430,dickens,6.524172941843669
1,fitzgerald,430,melville,7.413451194763184
1,fitzgerald,430,wells,6.626777728398641
1,fitzgerald,430,austen,6.598282019297282
1,fitzgerald,430,fitzgerald,6.486665453229632
1,fitzgerald,430,twain,7.150351703166962
1,fitzgerald,431,train,5.682148138682048
1,fitzgerald,431,baum,6.53846275806427
1,fitzgerald,431,thompson,7.104530215263367
1,fitzgerald,431,dickens,6.524308522542317
1,fitzgerald,431,melville,7.419522020551893
1,fitzgerald,431,wells,6.625754674275716
1,fitzgerald,431,austen,6.596693277359009
1,fitzgerald,431,fitzgerald,6.485402856554304
1,fitzgerald,431,twain,7.153917074203491
1,fitzgerald,432,train,5.635674794514974
1,fitzgerald,432,baum,6.539522051811218
1,fitzgerald,432,thompson,7.107342720031738
1,fitzgerald,432,dickens,6.522883733113607
1,fitzgerald,432,melville,7.424907578362359
1,fitzgerald,432,wells,6.6256481011708575
1,fitzgerald,432,austen,6.597787698109944
1,fitzgerald,432,fitzgerald,6.485056809016636
1,fitzgerald,432,twain,7.156097859144211
1,fitzgerald,433,train,5.542176405588786
1,fitzgerald,433,baum,6.549604296684265
1,fitzgerald,433,thompson,7.10768985748291
1,fitzgerald,433,dickens,6.529876232147217
1,fitzgerald,433,melville,7.42134263780382
1,fitzgerald,433,wells,6.633509159088135
1,fitzgerald,433,austen,6.606860558191936
1,fitzgerald,433,fitzgerald,6.487561566489084
1,fitzgerald,433,twain,7.154885977506638
1,fitzgerald,434,train,5.661340236663818
1,fitzgerald,434,baum,6.534514904022217
1,fitzgerald,434,thompson,7.096575498580933
1,fitzgerald,434,dickens,6.520406881968181
1,fitzgerald,434,melville,7.41170612970988
1,fitzgerald,434,wells,6.620857079823812
1,fitzgerald,434,austen,6.592532316843669
1,fitzgerald,434,fitzgerald,6.478577136993408
1,fitzgerald,434,twain,7.144926935434341
1,fitzgerald,435,train,5.661909103393555
1,fitzgerald,435,baum,6.53007960319519
1,fitzgerald,435,thompson,7.099036335945129
1,fitzgerald,435,dickens,6.515419324239095
1,fitzgerald,435,melville,7.415137979719374
1,fitzgerald,435,wells,6.618415753046672
1,fitzgerald,435,austen,6.588152964909871
1,fitzgerald,435,fitzgerald,6.475643839154925
1,fitzgerald,435,twain,7.149075925350189
1,fitzgerald,436,train,5.604434490203857
1,fitzgerald,436,baum,6.535036563873291
1,fitzgerald,436,thompson,7.100876092910767
1,fitzgerald,436,dickens,6.520379861195882
1,fitzgerald,436,melville,7.418574651082356
1,fitzgerald,436,wells,6.621846040089925
1,fitzgerald,436,austen,6.592071930567424
1,fitzgerald,436,fitzgerald,6.477489539555141
1,fitzgerald,436,twain,7.150492787361145
1,fitzgerald,437,train,5.588627815246582
1,fitzgerald,437,baum,6.530151844024658
1,fitzgerald,437,thompson,7.095893979072571
1,fitzgerald,437,dickens,6.514628887176514
1,fitzgerald,437,melville,7.413334475623237
1,fitzgerald,437,wells,6.617493232091268
1,fitzgerald,437,austen,6.585543791453044
1,fitzgerald,437,fitzgerald,6.4730497768947055
1,fitzgerald,437,twain,7.144487679004669
1,fitzgerald,438,train,5.636362234751384
1,fitzgerald,438,baum,6.532379627227783
1,fitzgerald,438,thompson,7.1028430461883545
1,fitzgerald,438,dickens,6.516706943511963
1,fitzgerald,438,melville,7.420615514119466
1,fitzgerald,438,wells,6.621866385142009
1,fitzgerald,438,austen,6.5906139214833575
1,fitzgerald,438,fitzgerald,6.475082465580532
1,fitzgerald,438,twain,7.15015372633934
1,fitzgerald,439,train,5.645548661549886
1,fitzgerald,439,baum,6.543349266052246
1,fitzgerald,439,thompson,7.107075810432434
1,fitzgerald,439,dickens,6.531698385874431
1,fitzgerald,439,melville,7.430976708730061
1,fitzgerald,439,wells,6.634300947189331
1,fitzgerald,439,austen,6.604870796203613
1,fitzgerald,439,fitzgerald,6.483488627842495
1,fitzgerald,439,twain,7.160335838794708
1,fitzgerald,440,train,5.642544587453206
1,fitzgerald,440,baum,6.530652761459351
1,fitzgerald,440,thompson,7.0959731340408325
1,fitzgerald,440,dickens,6.512807687123616
1,fitzgerald,440,melville,7.411255677541097
1,fitzgerald,440,wells,6.616669495900472
1,fitzgerald,440,austen,6.584674676259358
1,fitzgerald,440,fitzgerald,6.470692907060895
1,fitzgerald,440,twain,7.145085573196411
1,fitzgerald,441,train,5.589339097340901
1,fitzgerald,441,baum,6.537151098251343
1,fitzgerald,441,thompson,7.098668336868286
1,fitzgerald,441,dickens,6.521744251251221
1,fitzgerald,441,melville,7.418130821651882
1,fitzgerald,441,wells,6.6259130636851
1,fitzgerald,441,austen,6.593160629272461
1,fitzgerald,441,fitzgerald,6.474796772003174
1,fitzgerald,441,twain,7.150447338819504
1,fitzgerald,442,train,5.656694889068604
1,fitzgerald,442,baum,6.542375445365906
1,fitzgerald,442,thompson,7.101690888404846
1,fitzgerald,442,dickens,6.524555047353108
1,fitzgerald,442,melville,7.418697516123454
1,fitzgerald,442,wells,6.628673076629639
1,fitzgerald,442,austen,6.601154724756877
1,fitzgerald,442,fitzgerald,6.478034428187779
1,fitzgerald,442,twain,7.152453929185867
1,fitzgerald,443,train,5.54716157913208
1,fitzgerald,443,baum,6.52436625957489
1,fitzgerald,443,thompson,7.0942405462265015
1,fitzgerald,443,dickens,6.508398532867432
1,fitzgerald,443,melville,7.412254333496094
1,fitzgerald,443,wells,6.612532536188762
1,fitzgerald,443,austen,6.579184214274089
1,fitzgerald,443,fitzgerald,6.464618478502546
1,fitzgerald,443,twain,7.143948793411255
1,fitzgerald,444,train,5.613001982371013
1,fitzgerald,444,baum,6.525457620620728
1,fitzgerald,444,thompson,7.091628313064575
1,fitzgerald,444,dickens,6.511659463246663
1,fitzgerald,444,melville,7.412877135806614
1,fitzgerald,444,wells,6.615399201711019
1,fitzgerald,444,austen,6.586202144622803
1,fitzgerald,444,fitzgerald,6.464977128165109
1,fitzgerald,444,twain,7.143527656793594
1,fitzgerald,445,train,5.59544308980306
1,fitzgerald,445,baum,6.525211453437805
1,fitzgerald,445,thompson,7.09204375743866
1,fitzgerald,445,dickens,6.509186903635661
1,fitzgerald,445,melville,7.41393428378635
1,fitzgerald,445,wells,6.613980531692505
1,fitzgerald,445,austen,6.586001475652059
1,fitzgerald,445,fitzgerald,6.463110446929932
1,fitzgerald,445,twain,7.14331117272377
1,fitzgerald,446,train,5.6314460436503095
1,fitzgerald,446,baum,6.5270280838012695
1,fitzgerald,446,thompson,7.090064525604248
1,fitzgerald,446,dickens,6.50945250193278
1,fitzgerald,446,melville,7.40864732530382
1,fitzgerald,446,wells,6.610774437586467
1,fitzgerald,446,austen,6.581881920496623
1,fitzgerald,446,fitzgerald,6.4608347075326105
1,fitzgerald,446,twain,7.138665199279785
1,fitzgerald,447,train,5.612180868784587
1,fitzgerald,447,baum,6.521295070648193
1,fitzgerald,447,thompson,7.0869457721710205
1,fitzgerald,447,dickens,6.504919211069743
1,fitzgerald,447,melville,7.409185568491618
1,fitzgerald,447,wells,6.607349872589111
1,fitzgerald,447,austen,6.580381075541179
1,fitzgerald,447,fitzgerald,6.457956654684884
1,fitzgerald,447,twain,7.138718158006668
1,fitzgerald,448,train,5.569757620493571
1,fitzgerald,448,baum,6.523101806640625
1,fitzgerald,448,thompson,7.087377905845642
1,fitzgerald,448,dickens,6.507058302561442
1,fitzgerald,448,melville,7.411994828118218
1,fitzgerald,448,wells,6.6083643436431885
1,fitzgerald,448,austen,6.580905357996623
1,fitzgerald,448,fitzgerald,6.457364286695208
1,fitzgerald,448,twain,7.140078961849213
1,fitzgerald,449,train,5.524808088938396
1,fitzgerald,449,baum,6.526746988296509
1,fitzgerald,449,thompson,7.09540855884552
1,fitzgerald,449,dickens,6.506519953409831
1,fitzgerald,449,melville,7.416566265953912
1,fitzgerald,449,wells,6.613605419794719
1,fitzgerald,449,austen,6.584602435429891
1,fitzgerald,449,fitzgerald,6.459783690316336
1,fitzgerald,449,twain,7.144963592290878
1,fitzgerald,450,train,5.588789621988933
1,fitzgerald,450,baum,6.529759407043457
1,fitzgerald,450,thompson,7.094061017036438
1,fitzgerald,450,dickens,6.513075828552246
1,fitzgerald,450,melville,7.420133378770616
1,fitzgerald,450,wells,6.618423064549764
1,fitzgerald,450,austen,6.588957707087199
1,fitzgerald,450,fitzgerald,6.461429119110107
1,fitzgerald,450,twain,7.14716300368309
1,fitzgerald,451,train,5.61256742477417
1,fitzgerald,451,baum,6.523978471755981
1,fitzgerald,451,thompson,7.088939309120178
1,fitzgerald,451,dickens,6.507150967915853
1,fitzgerald,451,melville,7.414531495836046
1,fitzgerald,451,wells,6.612858613332112
1,fitzgerald,451,austen,6.581786076227824
1,fitzgerald,451,fitzgerald,6.457190717969622
1,fitzgerald,451,twain,7.142088413238525
1,fitzgerald,452,train,5.622613271077474
1,fitzgerald,452,baum,6.511390686035156
1,fitzgerald,452,thompson,7.085509657859802
1,fitzgerald,452,dickens,6.497389316558838
1,fitzgerald,452,melville,7.417119979858398
1,fitzgerald,452,wells,6.601243178049724
1,fitzgerald,452,austen,6.570420742034912
1,fitzgerald,452,fitzgerald,6.449249267578125
1,fitzgerald,452,twain,7.1396946012973785
1,fitzgerald,453,train,5.5437571207682295
1,fitzgerald,453,baum,6.522809386253357
1,fitzgerald,453,thompson,7.092615127563477
1,fitzgerald,453,dickens,6.508012612660726
1,fitzgerald,453,melville,7.423566818237305
1,fitzgerald,453,wells,6.610780398050944
1,fitzgerald,453,austen,6.582337856292725
1,fitzgerald,453,fitzgerald,6.455248219626291
1,fitzgerald,453,twain,7.148525804281235
1,fitzgerald,454,train,5.577216148376465
1,fitzgerald,454,baum,6.517755508422852
1,fitzgerald,454,thompson,7.085955023765564
1,fitzgerald,454,dickens,6.5044630368550616
1,fitzgerald,454,melville,7.415803697374132
1,fitzgerald,454,wells,6.605576197306315
1,fitzgerald,454,austen,6.577549695968628
1,fitzgerald,454,fitzgerald,6.451404571533203
1,fitzgerald,454,twain,7.141464978456497
1,fitzgerald,455,train,5.590570131937663
1,fitzgerald,455,baum,6.510959267616272
1,fitzgerald,455,thompson,7.082232475280762
1,fitzgerald,455,dickens,6.493701457977295
1,fitzgerald,455,melville,7.408809238009983
1,fitzgerald,455,wells,6.598647912343343
1,fitzgerald,455,austen,6.569471518198649
1,fitzgerald,455,fitzgerald,6.444636821746826
1,fitzgerald,455,twain,7.134576350450516
1,fitzgerald,456,train,5.568750858306885
1,fitzgerald,456,baum,6.510249495506287
1,fitzgerald,456,thompson,7.07780134677887
1,fitzgerald,456,dickens,6.497262954711914
1,fitzgerald,456,melville,7.405852688683404
1,fitzgerald,456,wells,6.59946084022522
1,fitzgerald,456,austen,6.567435582478841
1,fitzgerald,456,fitzgerald,6.444427149636405
1,fitzgerald,456,twain,7.132370710372925
1,fitzgerald,457,train,5.55047067006429
1,fitzgerald,457,baum,6.517813444137573
1,fitzgerald,457,thompson,7.083454251289368
1,fitzgerald,457,dickens,6.496794700622559
1,fitzgerald,457,melville,7.404585467444526
1,fitzgerald,457,wells,6.603125810623169
1,fitzgerald,457,austen,6.573287645975749
1,fitzgerald,457,fitzgerald,6.447834559849331
1,fitzgerald,457,twain,7.133175730705261
1,fitzgerald,458,train,5.5659003257751465
1,fitzgerald,458,baum,6.507753968238831
1,fitzgerald,458,thompson,7.082390546798706
1,fitzgerald,458,dickens,6.49561882019043
1,fitzgerald,458,melville,7.412497149573432
1,fitzgerald,458,wells,6.5970447063446045
1,fitzgerald,458,austen,6.566801389058431
1,fitzgerald,458,fitzgerald,6.443276473454067
1,fitzgerald,458,twain,7.1347677409648895
1,fitzgerald,459,train,5.518557866414388
1,fitzgerald,459,baum,6.521761775016785
1,fitzgerald,459,thompson,7.086056709289551
1,fitzgerald,459,dickens,6.503530979156494
1,fitzgerald,459,melville,7.412193139394124
1,fitzgerald,459,wells,6.608554442723592
1,fitzgerald,459,austen,6.581202665964763
1,fitzgerald,459,fitzgerald,6.448888097490583
1,fitzgerald,459,twain,7.138533651828766
1,fitzgerald,460,train,5.540108362833659
1,fitzgerald,460,baum,6.50058913230896
1,fitzgerald,460,thompson,7.074927091598511
1,fitzgerald,460,dickens,6.487240632375081
1,fitzgerald,460,melville,7.407096915774876
1,fitzgerald,460,wells,6.589832226435344
1,fitzgerald,460,austen,6.559709628423055
1,fitzgerald,460,fitzgerald,6.435479436601911
1,fitzgerald,460,twain,7.127982556819916
1,fitzgerald,461,train,5.53591791788737
1,fitzgerald,461,baum,6.5083441734313965
1,fitzgerald,461,thompson,7.075227737426758
1,fitzgerald,461,dickens,6.489688396453857
1,fitzgerald,461,melville,7.403147485521105
1,fitzgerald,461,wells,6.597163915634155
1,fitzgerald,461,austen,6.566404978434245
1,fitzgerald,461,fitzgerald,6.438640049525669
1,fitzgerald,461,twain,7.129130840301514
1,fitzgerald,462,train,5.522273222605388
1,fitzgerald,462,baum,6.512605547904968
1,fitzgerald,462,thompson,7.082866191864014
1,fitzgerald,462,dickens,6.499995390574138
1,fitzgerald,462,melville,7.415916972690159
1,fitzgerald,462,wells,6.602806091308594
1,fitzgerald,462,austen,6.571756521860759
1,fitzgerald,462,fitzgerald,6.443149294172015
1,fitzgerald,462,twain,7.137154251337051
1,fitzgerald,463,train,5.497045358022054
1,fitzgerald,463,baum,6.501959800720215
1,fitzgerald,463,thompson,7.075618267059326
1,fitzgerald,463,dickens,6.484817981719971
1,fitzgerald,463,melville,7.406094021267361
1,fitzgerald,463,wells,6.590877453486125
1,fitzgerald,463,austen,6.55857237180074
1,fitzgerald,463,fitzgerald,6.435015337807792
1,fitzgerald,463,twain,7.1272116005420685
1,fitzgerald,464,train,5.523327032725017
1,fitzgerald,464,baum,6.500323534011841
1,fitzgerald,464,thompson,7.074492573738098
1,fitzgerald,464,dickens,6.483956019083659
1,fitzgerald,464,melville,7.409836027357313
1,fitzgerald,464,wells,6.5911712646484375
1,fitzgerald,464,austen,6.557432174682617
1,fitzgerald,464,fitzgerald,6.432077884674072
1,fitzgerald,464,twain,7.128595739603043
1,fitzgerald,465,train,5.456642468770345
1,fitzgerald,465,baum,6.509330987930298
1,fitzgerald,465,thompson,7.078611254692078
1,fitzgerald,465,dickens,6.491196950276692
1,fitzgerald,465,melville,7.409721374511719
1,fitzgerald,465,wells,6.597254991531372
1,fitzgerald,465,austen,6.567579507827759
1,fitzgerald,465,fitzgerald,6.436378751482282
1,fitzgerald,465,twain,7.130981296300888
1,fitzgerald,466,train,5.516379515329997
1,fitzgerald,466,baum,6.498273849487305
1,fitzgerald,466,thompson,7.073076367378235
1,fitzgerald,466,dickens,6.479451815287272
1,fitzgerald,466,melville,7.40532742606269
1,fitzgerald,466,wells,6.586133082707723
1,fitzgerald,466,austen,6.556015888849895
1,fitzgerald,466,fitzgerald,6.429300648825509
1,fitzgerald,466,twain,7.125369936227799
1,fitzgerald,467,train,5.561896324157715
1,fitzgerald,467,baum,6.509798049926758
1,fitzgerald,467,thompson,7.075605869293213
1,fitzgerald,467,dickens,6.4903190930684405
1,fitzgerald,467,melville,7.410382005903456
1,fitzgerald,467,wells,6.596508026123047
1,fitzgerald,467,austen,6.566486199696858
1,fitzgerald,467,fitzgerald,6.435936178479876
1,fitzgerald,467,twain,7.129694163799286
1,fitzgerald,468,train,5.519123077392578
1,fitzgerald,468,baum,6.490214824676514
1,fitzgerald,468,thompson,7.067781329154968
1,fitzgerald,468,dickens,6.4746066729227705
1,fitzgerald,468,melville,7.404832204182942
1,fitzgerald,468,wells,6.582480748494466
1,fitzgerald,468,austen,6.548458417256673
1,fitzgerald,468,fitzgerald,6.425113269260952
1,fitzgerald,468,twain,7.123096793889999
1,fitzgerald,469,train,5.496769110361735
1,fitzgerald,469,baum,6.4896769523620605
1,fitzgerald,469,thompson,7.066698312759399
1,fitzgerald,469,dickens,6.471743583679199
1,fitzgerald,469,melville,7.404067092471653
1,fitzgerald,469,wells,6.582451502482097
1,fitzgerald,469,austen,6.549740155537923
1,fitzgerald,469,fitzgerald,6.42301082611084
1,fitzgerald,469,twain,7.123100072145462
1,fitzgerald,470,train,5.48406982421875
1,fitzgerald,470,baum,6.509589314460754
1,fitzgerald,470,thompson,7.0782389640808105
1,fitzgerald,470,dickens,6.493545373280843
1,fitzgerald,470,melville,7.420112715827094
1,fitzgerald,470,wells,6.602966388066609
1,fitzgerald,470,austen,6.570900758107503
1,fitzgerald,470,fitzgerald,6.435754571642194
1,fitzgerald,470,twain,7.137106418609619
1,fitzgerald,471,train,5.495783805847168
1,fitzgerald,471,baum,6.498671293258667
1,fitzgerald,471,thompson,7.069390535354614
1,fitzgerald,471,dickens,6.4778923988342285
1,fitzgerald,471,melville,7.401934517754449
1,fitzgerald,471,wells,6.586149374643962
1,fitzgerald,471,austen,6.554122447967529
1,fitzgerald,471,fitzgerald,6.425491741725376
1,fitzgerald,471,twain,7.123030036687851
1,fitzgerald,472,train,5.45574426651001
1,fitzgerald,472,baum,6.496417284011841
1,fitzgerald,472,thompson,7.066373586654663
1,fitzgerald,472,dickens,6.476409753163655
1,fitzgerald,472,melville,7.402202818128797
1,fitzgerald,472,wells,6.581689198811849
1,fitzgerald,472,austen,6.548274437586467
1,fitzgerald,472,fitzgerald,6.42183290209089
1,fitzgerald,472,twain,7.120519667863846
1,fitzgerald,473,train,5.499373594919841
1,fitzgerald,473,baum,6.504021763801575
1,fitzgerald,473,thompson,7.073692917823792
1,fitzgerald,473,dickens,6.48356294631958
1,fitzgerald,473,melville,7.413959715101454
1,fitzgerald,473,wells,6.591116746266683
1,fitzgerald,473,austen,6.558349688847859
1,fitzgerald,473,fitzgerald,6.427540166037423
1,fitzgerald,473,twain,7.130507588386536
1,fitzgerald,474,train,5.4570363362630205
1,fitzgerald,474,baum,6.498932123184204
1,fitzgerald,474,thompson,7.067254543304443
1,fitzgerald,474,dickens,6.475710391998291
1,fitzgerald,474,melville,7.402390321095784
1,fitzgerald,474,wells,6.584610939025879
1,fitzgerald,474,austen,6.552141507466634
1,fitzgerald,474,fitzgerald,6.422321455819266
1,fitzgerald,474,twain,7.121589779853821
1,fitzgerald,475,train,5.518633047739665
1,fitzgerald,475,baum,6.491858601570129
1,fitzgerald,475,thompson,7.063512682914734
1,fitzgerald,475,dickens,6.4764790534973145
1,fitzgerald,475,melville,7.405008580949572
1,fitzgerald,475,wells,6.581271489461263
1,fitzgerald,475,austen,6.54744569460551
1,fitzgerald,475,fitzgerald,6.4185678618294855
1,fitzgerald,475,twain,7.121595084667206
1,fitzgerald,476,train,5.46169900894165
1,fitzgerald,476,baum,6.495507955551148
1,fitzgerald,476,thompson,7.068848848342896
1,fitzgerald,476,dickens,6.473792711893718
1,fitzgerald,476,melville,7.406812243991428
1,fitzgerald,476,wells,6.583162228266398
1,fitzgerald,476,austen,6.552419344584147
1,fitzgerald,476,fitzgerald,6.419843469347272
1,fitzgerald,476,twain,7.125214785337448
1,fitzgerald,477,train,5.454593976338704
1,fitzgerald,477,baum,6.499755263328552
1,fitzgerald,477,thompson,7.068589329719544
1,fitzgerald,477,dickens,6.481669584910075
1,fitzgerald,477,melville,7.410216808319092
1,fitzgerald,477,wells,6.588525931040446
1,fitzgerald,477,austen,6.557498216629028
1,fitzgerald,477,fitzgerald,6.422559329441616
1,fitzgerald,477,twain,7.128341257572174
1,fitzgerald,478,train,5.451301415761312
1,fitzgerald,478,baum,6.492535829544067
1,fitzgerald,478,thompson,7.067893266677856
1,fitzgerald,478,dickens,6.470503489176433
1,fitzgerald,478,melville,7.405816978878445
1,fitzgerald,478,wells,6.57919963200887
1,fitzgerald,478,austen,6.546679417292277
1,fitzgerald,478,fitzgerald,6.41587495803833
1,fitzgerald,478,twain,7.12177175283432
1,fitzgerald,479,train,5.43334420522054
1,fitzgerald,479,baum,6.5036293268203735
1,fitzgerald,479,thompson,7.072283148765564
1,fitzgerald,479,dickens,6.48361857732137
1,fitzgerald,479,melville,7.4115244547526045
1,fitzgerald,479,wells,6.592120885848999
1,fitzgerald,479,austen,6.559308290481567
1,fitzgerald,479,fitzgerald,6.423253944941929
1,fitzgerald,479,twain,7.128839820623398
1,fitzgerald,480,train,5.455384095509847
1,fitzgerald,480,baum,6.487815737724304
1,fitzgerald,480,thompson,7.062170743942261
1,fitzgerald,480,dickens,6.470267613728841
1,fitzgerald,480,melville,7.402932325998942
1,fitzgerald,480,wells,6.579031070073445
1,fitzgerald,480,austen,6.545026938120524
1,fitzgerald,480,fitzgerald,6.4120612144470215
1,fitzgerald,480,twain,7.118430316448212
1,fitzgerald,481,train,5.509642124176025
1,fitzgerald,481,baum,6.4959917068481445
1,fitzgerald,481,thompson,7.068533539772034
1,fitzgerald,481,dickens,6.476520538330078
1,fitzgerald,481,melville,7.410342428419325
1,fitzgerald,481,wells,6.585933685302734
1,fitzgerald,481,austen,6.554580847422282
1,fitzgerald,481,fitzgerald,6.417179652622768
1,fitzgerald,481,twain,7.126664996147156
1,fitzgerald,482,train,5.38801383972168
1,fitzgerald,482,baum,6.492767095565796
1,fitzgerald,482,thompson,7.059934258460999
1,fitzgerald,482,dickens,6.474339008331299
1,fitzgerald,482,melville,7.403773307800293
1,fitzgerald,482,wells,6.581827322642009
1,fitzgerald,482,austen,6.547721147537232
1,fitzgerald,482,fitzgerald,6.413420540945871
1,fitzgerald,482,twain,7.1191626489162445
1,fitzgerald,483,train,5.428074200948079
1,fitzgerald,483,baum,6.481435060501099
1,fitzgerald,483,thompson,7.058061242103577
1,fitzgerald,483,dickens,6.463481903076172
1,fitzgerald,483,melville,7.400338755713569
1,fitzgerald,483,wells,6.570099433263143
1,fitzgerald,483,austen,6.53735073407491
1,fitzgerald,483,fitzgerald,6.406162330082485
1,fitzgerald,483,twain,7.114156991243362
1,fitzgerald,484,train,5.445164521535237
1,fitzgerald,484,baum,6.482531189918518
1,fitzgerald,484,thompson,7.059780120849609
1,fitzgerald,484,dickens,6.469404538472493
1,fitzgerald,484,melville,7.405966016981337
1,fitzgerald,484,wells,6.572413206100464
1,fitzgerald,484,austen,6.541106303532918
1,fitzgerald,484,fitzgerald,6.407560348510742
1,fitzgerald,484,twain,7.119364738464356
1,fitzgerald,485,train,5.4173580805460615
1,fitzgerald,485,baum,6.482322692871094
1,fitzgerald,485,thompson,7.053696393966675
1,fitzgerald,485,dickens,6.465688069661458
1,fitzgerald,485,melville,7.399592293633355
1,fitzgerald,485,wells,6.573140462239583
1,fitzgerald,485,austen,6.5386842886606855
1,fitzgerald,485,fitzgerald,6.40516826084682
1,fitzgerald,485,twain,7.1147041618824005
1,fitzgerald,486,train,5.447656631469727
1,fitzgerald,486,baum,6.488053679466248
1,fitzgerald,486,thompson,7.060228824615479
1,fitzgerald,486,dickens,6.466355482737224
1,fitzgerald,486,melville,7.40119563208686
1,fitzgerald,486,wells,6.57697343826294
1,fitzgerald,486,austen,6.544379552205403
1,fitzgerald,486,fitzgerald,6.408013139452253
1,fitzgerald,486,twain,7.1167521476745605
1,fitzgerald,487,train,5.46099869410197
1,fitzgerald,487,baum,6.486255049705505
1,fitzgerald,487,thompson,7.057872176170349
1,fitzgerald,487,dickens,6.469245751698812
1,fitzgerald,487,melville,7.402023209465875
1,fitzgerald,487,wells,6.57491938273112
1,fitzgerald,487,austen,6.545642455418904
1,fitzgerald,487,fitzgerald,6.406580516270229
1,fitzgerald,487,twain,7.115415990352631
1,fitzgerald,488,train,5.410971164703369
1,fitzgerald,488,baum,6.473756432533264
1,fitzgerald,488,thompson,7.049226760864258
1,fitzgerald,488,dickens,6.454580307006836
1,fitzgerald,488,melville,7.391832139756945
1,fitzgerald,488,wells,6.562602837880452
1,fitzgerald,488,austen,6.529483159383138
1,fitzgerald,488,fitzgerald,6.396034172603062
1,fitzgerald,488,twain,7.1066358387470245
1,fitzgerald,489,train,5.388470649719238
1,fitzgerald,489,baum,6.483516573905945
1,fitzgerald,489,thompson,7.058308482170105
1,fitzgerald,489,dickens,6.468019167582194
1,fitzgerald,489,melville,7.40494426091512
1,fitzgerald,489,wells,6.575521787007649
1,fitzgerald,489,austen,6.541819334030151
1,fitzgerald,489,fitzgerald,6.403663090297154
1,fitzgerald,489,twain,7.117613017559052
1,fitzgerald,490,train,5.381704966227214
1,fitzgerald,490,baum,6.483070373535156
1,fitzgerald,490,thompson,7.055131554603577
1,fitzgerald,490,dickens,6.4643910725911455
1,fitzgerald,490,melville,7.399942504035102
1,fitzgerald,490,wells,6.572887818018596
1,fitzgerald,490,austen,6.541122039159139
1,fitzgerald,490,fitzgerald,6.401622227260044
1,fitzgerald,490,twain,7.111698299646378
1,fitzgerald,491,train,5.420736630757649
1,fitzgerald,491,baum,6.470790266990662
1,fitzgerald,491,thompson,7.044563293457031
1,fitzgerald,491,dickens,6.457969347635905
1,fitzgerald,491,melville,7.39545546637641
1,fitzgerald,491,wells,6.5658910274505615
1,fitzgerald,491,austen,6.532402356465657
1,fitzgerald,491,fitzgerald,6.3934856823512485
1,fitzgerald,491,twain,7.107264518737793
1,fitzgerald,492,train,5.417718410491943
1,fitzgerald,492,baum,6.474825739860535
1,fitzgerald,492,thompson,7.051447033882141
1,fitzgerald,492,dickens,6.459055741628011
1,fitzgerald,492,melville,7.402092244890001
1,fitzgerald,492,wells,6.570436080296834
1,fitzgerald,492,austen,6.537271022796631
1,fitzgerald,492,fitzgerald,6.396241869245257
1,fitzgerald,492,twain,7.113248586654663
1,fitzgerald,493,train,5.420723120371501
1,fitzgerald,493,baum,6.474468946456909
1,fitzgerald,493,thompson,7.051385283470154
1,fitzgerald,493,dickens,6.456613699595134
1,fitzgerald,493,melville,7.401672840118408
1,fitzgerald,493,wells,6.566530625025432
1,fitzgerald,493,austen,6.533247550328572
1,fitzgerald,493,fitzgerald,6.395223345075335
1,fitzgerald,493,twain,7.111467391252518
1,fitzgerald,494,train,5.409371693929036
1,fitzgerald,494,baum,6.468357801437378
1,fitzgerald,494,thompson,7.0463467836380005
1,fitzgerald,494,dickens,6.452561537424724
1,fitzgerald,494,melville,7.402047316233317
1,fitzgerald,494,wells,6.562124093373616
1,fitzgerald,494,austen,6.528908173243205
1,fitzgerald,494,fitzgerald,6.390554087502616
1,fitzgerald,494,twain,7.109848380088806
1,fitzgerald,495,train,5.43856954574585
1,fitzgerald,495,baum,6.476357936859131
1,fitzgerald,495,thompson,7.056461691856384
1,fitzgerald,495,dickens,6.459260145823161
1,fitzgerald,495,melville,7.411028650071886
1,fitzgerald,495,wells,6.566270510355632
1,fitzgerald,495,austen,6.535314559936523
1,fitzgerald,495,fitzgerald,6.395078999655588
1,fitzgerald,495,twain,7.116093277931213
1,fitzgerald,496,train,5.41612180074056
1,fitzgerald,496,baum,6.477302432060242
1,fitzgerald,496,thompson,7.055314421653748
1,fitzgerald,496,dickens,6.457640329996745
1,fitzgerald,496,melville,7.408795515696208
1,fitzgerald,496,wells,6.567026138305664
1,fitzgerald,496,austen,6.535048802693685
1,fitzgerald,496,fitzgerald,6.394483702523368
1,fitzgerald,496,twain,7.11590763926506
1,fitzgerald,497,train,5.3874192237854
1,fitzgerald,497,baum,6.475328326225281
1,fitzgerald,497,thompson,7.049269437789917
1,fitzgerald,497,dickens,6.454222679138184
1,fitzgerald,497,melville,7.402183532714844
1,fitzgerald,497,wells,6.565377473831177
1,fitzgerald,497,austen,6.532186508178711
1,fitzgerald,497,fitzgerald,6.390623160770962
1,fitzgerald,497,twain,7.110991328954697
1,fitzgerald,498,train,5.405705293019612
1,fitzgerald,498,baum,6.478650212287903
1,fitzgerald,498,thompson,7.056025505065918
1,fitzgerald,498,dickens,6.463171323140462
1,fitzgerald,498,melville,7.416905879974365
1,fitzgerald,498,wells,6.57213552792867
1,fitzgerald,498,austen,6.538625001907349
1,fitzgerald,498,fitzgerald,6.395004068102155
1,fitzgerald,498,twain,7.118934541940689
1,fitzgerald,499,train,5.420824686686198
1,fitzgerald,499,baum,6.4740376472473145
1,fitzgerald,499,thompson,7.051436424255371
1,fitzgerald,499,dickens,6.455322901407878
1,fitzgerald,499,melville,7.409029324849446
1,fitzgerald,499,wells,6.565747261047363
1,fitzgerald,499,austen,6.534430583318074
1,fitzgerald,499,fitzgerald,6.39033351625715
1,fitzgerald,499,twain,7.1144018471241
1,fitzgerald,500,train,5.336096286773682
1,fitzgerald,500,baum,6.464445233345032
1,fitzgerald,500,thompson,7.045934200286865
1,fitzgerald,500,dickens,6.447350819905599
1,fitzgerald,500,melville,7.402503755357531
1,fitzgerald,500,wells,6.55653436978658
1,fitzgerald,500,austen,6.521391789118449
1,fitzgerald,500,fitzgerald,6.383602619171143
1,fitzgerald,500,twain,7.108443945646286
1,fitzgerald,501,train,5.356423377990723
1,fitzgerald,501,baum,6.475050330162048
1,fitzgerald,501,thompson,7.048874258995056
1,fitzgerald,501,dickens,6.455878893534343
1,fitzgerald,501,melville,7.402827103932698
1,fitzgerald,501,wells,6.568786541620891
1,fitzgerald,501,austen,6.535413901011149
1,fitzgerald,501,fitzgerald,6.391073226928711
1,fitzgerald,501,twain,7.111759871244431
1,fitzgerald,502,train,5.3990325927734375
1,fitzgerald,502,baum,6.459164381027222
1,fitzgerald,502,thompson,7.040127635002136
1,fitzgerald,502,dickens,6.444015185038249
1,fitzgerald,502,melville,7.393798722161187
1,fitzgerald,502,wells,6.554657618204753
1,fitzgerald,502,austen,6.5199925899505615
1,fitzgerald,502,fitzgerald,6.379553045545306
1,fitzgerald,502,twain,7.100908994674683
1,fitzgerald,503,train,5.350551764170329
1,fitzgerald,503,baum,6.467892289161682
1,fitzgerald,503,thompson,7.043052315711975
1,fitzgerald,503,dickens,6.455629666646321
1,fitzgerald,503,melville,7.398042149013943
1,fitzgerald,503,wells,6.563208182652791
1,fitzgerald,503,austen,6.527876138687134
1,fitzgerald,503,fitzgerald,6.383358069828579
1,fitzgerald,503,twain,7.106913805007935
1,fitzgerald,504,train,5.335202693939209
1,fitzgerald,504,baum,6.455362796783447
1,fitzgerald,504,thompson,7.040593862533569
1,fitzgerald,504,dickens,6.442771911621094
1,fitzgerald,504,melville,7.398515012529161
1,fitzgerald,504,wells,6.550390958786011
1,fitzgerald,504,austen,6.516368230183919
1,fitzgerald,504,fitzgerald,6.376423903873989
1,fitzgerald,504,twain,7.104357957839966
1,fitzgerald,505,train,5.325578053792317
1,fitzgerald,505,baum,6.460912227630615
1,fitzgerald,505,thompson,7.046172142028809
1,fitzgerald,505,dickens,6.445261955261231
1,fitzgerald,505,melville,7.404707855648464
1,fitzgerald,505,wells,6.5572357177734375
1,fitzgerald,505,austen,6.521999438603719
1,fitzgerald,505,fitzgerald,6.379500729697091
1,fitzgerald,505,twain,7.108612507581711
1,fitzgerald,506,train,5.383724212646484
1,fitzgerald,506,baum,6.472351789474487
1,fitzgerald,506,thompson,7.046082139015198
1,fitzgerald,506,dickens,6.452626864115397
1,fitzgerald,506,melville,7.403574784596761
1,fitzgerald,506,wells,6.564770460128784
1,fitzgerald,506,austen,6.531740427017212
1,fitzgerald,506,fitzgerald,6.384716851370675
1,fitzgerald,506,twain,7.108763366937637
1,fitzgerald,507,train,5.349922180175781
1,fitzgerald,507,baum,6.452884435653687
1,fitzgerald,507,thompson,7.033641338348389
1,fitzgerald,507,dickens,6.4341475168863935
1,fitzgerald,507,melville,7.391043874952528
1,fitzgerald,507,wells,6.544760624567668
1,fitzgerald,507,austen,6.509450435638428
1,fitzgerald,507,fitzgerald,6.370565210069929
1,fitzgerald,507,twain,7.0956727266311646
1,fitzgerald,508,train,5.3337602615356445
1,fitzgerald,508,baum,6.477192759513855
1,fitzgerald,508,thompson,7.053593397140503
1,fitzgerald,508,dickens,6.457479317982991
1,fitzgerald,508,melville,7.408740997314453
1,fitzgerald,508,wells,6.570269505182902
1,fitzgerald,508,austen,6.5359688599904375
1,fitzgerald,508,fitzgerald,6.387867382594517
1,fitzgerald,508,twain,7.114511072635651
1,fitzgerald,509,train,5.3286787668863935
1,fitzgerald,509,baum,6.463525772094727
1,fitzgerald,509,thompson,7.043915510177612
1,fitzgerald,509,dickens,6.446698824564616
1,fitzgerald,509,melville,7.4029172791375055
1,fitzgerald,509,wells,6.560887893040975
1,fitzgerald,509,austen,6.525705258051555
1,fitzgerald,509,fitzgerald,6.377567155020578
1,fitzgerald,509,twain,7.105859398841858
1,fitzgerald,510,train,5.337890625
1,fitzgerald,510,baum,6.45627748966217
1,fitzgerald,510,thompson,7.03249454498291
1,fitzgerald,510,dickens,6.43771489461263
1,fitzgerald,510,melville,7.390106148189968
1,fitzgerald,510,wells,6.549973726272583
1,fitzgerald,510,austen,6.515840609868367
1,fitzgerald,510,fitzgerald,6.370170729500907
1,fitzgerald,510,twain,7.095994412899017
1,fitzgerald,511,train,5.370709578196208
1,fitzgerald,511,baum,6.458521008491516
1,fitzgerald,511,thompson,7.040979266166687
1,fitzgerald,511,dickens,6.4415968259175616
1,fitzgerald,511,melville,7.400408638848199
1,fitzgerald,511,wells,6.552865107854207
1,fitzgerald,511,austen,6.519456783930461
1,fitzgerald,511,fitzgerald,6.372052533285959
1,fitzgerald,511,twain,7.105253607034683
1,fitzgerald,512,train,5.345534960428874
1,fitzgerald,512,baum,6.457302570343018
1,fitzgerald,512,thompson,7.037766098976135
1,fitzgerald,512,dickens,6.43865172068278
1,fitzgerald,512,melville,7.397455374399821
1,fitzgerald,512,wells,6.550216277440389
1,fitzgerald,512,austen,6.515915473302205
1,fitzgerald,512,fitzgerald,6.369841371263776
1,fitzgerald,512,twain,7.100597947835922
1,fitzgerald,513,train,5.293915430704753
1,fitzgerald,513,baum,6.444706559181213
1,fitzgerald,513,thompson,7.028667688369751
1,fitzgerald,513,dickens,6.427327156066895
1,fitzgerald,513,melville,7.388259940677219
1,fitzgerald,513,wells,6.541076421737671
1,fitzgerald,513,austen,6.503412326176961
1,fitzgerald,513,fitzgerald,6.3624796867370605
1,fitzgerald,513,twain,7.091872870922089
1,fitzgerald,514,train,5.307503700256348
1,fitzgerald,514,baum,6.457442760467529
1,fitzgerald,514,thompson,7.034705638885498
1,fitzgerald,514,dickens,6.438298066457112
1,fitzgerald,514,melville,7.395112938351101
1,fitzgerald,514,wells,6.552887519200643
1,fitzgerald,514,austen,6.516957600911458
1,fitzgerald,514,fitzgerald,6.368820190429688
1,fitzgerald,514,twain,7.099279224872589
1,fitzgerald,515,train,5.320738951365153
1,fitzgerald,515,baum,6.462272644042969
1,fitzgerald,515,thompson,7.039759635925293
1,fitzgerald,515,dickens,6.445017496744792
1,fitzgerald,515,melville,7.401509708828396
1,fitzgerald,515,wells,6.556899309158325
1,fitzgerald,515,austen,6.5211390654246015
1,fitzgerald,515,fitzgerald,6.372116361345563
1,fitzgerald,515,twain,7.104861199855804
1,fitzgerald,516,train,5.3262990315755205
1,fitzgerald,516,baum,6.454468369483948
1,fitzgerald,516,thompson,7.037673711776733
1,fitzgerald,516,dickens,6.438583691914876
1,fitzgerald,516,melville,7.401438766055637
1,fitzgerald,516,wells,6.551979382832845
1,fitzgerald,516,austen,6.515404303868611
1,fitzgerald,516,fitzgerald,6.367574691772461
1,fitzgerald,516,twain,7.104126900434494
1,fitzgerald,517,train,5.300765832265218
1,fitzgerald,517,baum,6.458004474639893
1,fitzgerald,517,thompson,7.034603714942932
1,fitzgerald,517,dickens,6.440325895945231
1,fitzgerald,517,melville,7.398876984914144
1,fitzgerald,517,wells,6.552619695663452
1,fitzgerald,517,austen,6.517348210016887
1,fitzgerald,517,fitzgerald,6.368206296648298
1,fitzgerald,517,twain,7.10159569978714
1,fitzgerald,518,train,5.311814149220784
1,fitzgerald,518,baum,6.445372581481934
1,fitzgerald,518,thompson,7.026883363723755
1,fitzgerald,518,dickens,6.428613980611165
1,fitzgerald,518,melville,7.392369164360894
1,fitzgerald,518,wells,6.542281707127889
1,fitzgerald,518,austen,6.506465435028076
1,fitzgerald,518,fitzgerald,6.359631538391113
1,fitzgerald,518,twain,7.094183295965195
1,fitzgerald,519,train,5.301414807637532
1,fitzgerald,519,baum,6.457368850708008
1,fitzgerald,519,thompson,7.038449168205261
1,fitzgerald,519,dickens,6.441799640655518
1,fitzgerald,519,melville,7.405300670199924
1,fitzgerald,519,wells,6.552465756734212
1,fitzgerald,519,austen,6.517841418584188
1,fitzgerald,519,fitzgerald,6.36591979435512
1,fitzgerald,519,twain,7.10391640663147
1,fitzgerald,520,train,5.30370044708252
1,fitzgerald,520,baum,6.455296516418457
1,fitzgerald,520,thompson,7.035119891166687
1,fitzgerald,520,dickens,6.438481489817302
1,fitzgerald,520,melville,7.398335403866238
1,fitzgerald,520,wells,6.549546718597412
1,fitzgerald,520,austen,6.514453649520874
1,fitzgerald,520,fitzgerald,6.364008290427072
1,fitzgerald,520,twain,7.101174145936966
1,fitzgerald,521,train,5.307294527689616
1,fitzgerald,521,baum,6.448196768760681
1,fitzgerald,521,thompson,7.030351161956787
1,fitzgerald,521,dickens,6.432851950327556
1,fitzgerald,521,melville,7.394075976477729
1,fitzgerald,521,wells,6.544549862543742
1,fitzgerald,521,austen,6.5079026222229
1,fitzgerald,521,fitzgerald,6.359249864305768
1,fitzgerald,521,twain,7.095469862222672
1,fitzgerald,522,train,5.311895688374837
1,fitzgerald,522,baum,6.459348559379578
1,fitzgerald,522,thompson,7.0361021757125854
1,fitzgerald,522,dickens,6.439037958780925
1,fitzgerald,522,melville,7.397829532623291
1,fitzgerald,522,wells,6.552949031194051
1,fitzgerald,522,austen,6.518054564793904
1,fitzgerald,522,fitzgerald,6.365364824022565
1,fitzgerald,522,twain,7.0988171100616455
1,fitzgerald,523,train,5.325475851694743
1,fitzgerald,523,baum,6.445897459983826
1,fitzgerald,523,thompson,7.027873635292053
1,fitzgerald,523,dickens,6.430946350097656
1,fitzgerald,523,melville,7.394864082336426
1,fitzgerald,523,wells,6.543633778889974
1,fitzgerald,523,austen,6.508501211802165
1,fitzgerald,523,fitzgerald,6.35704129082816
1,fitzgerald,523,twain,7.094569712877274
1,fitzgerald,524,train,5.281316757202148
1,fitzgerald,524,baum,6.456762194633484
1,fitzgerald,524,thompson,7.03272819519043
1,fitzgerald,524,dickens,6.435031890869141
1,fitzgerald,524,melville,7.395602120293511
1,fitzgerald,524,wells,6.551385800043742
1,fitzgerald,524,austen,6.514797846476237
1,fitzgerald,524,fitzgerald,6.362164701734271
1,fitzgerald,524,twain,7.097014904022217
1,fitzgerald,525,train,5.274156093597412
1,fitzgerald,525,baum,6.440856337547302
1,fitzgerald,525,thompson,7.030617475509644
1,fitzgerald,525,dickens,6.425092538197835
1,fitzgerald,525,melville,7.397438420189752
1,fitzgerald,525,wells,6.536833683649699
1,fitzgerald,525,austen,6.499819755554199
1,fitzgerald,525,fitzgerald,6.353321892874582
1,fitzgerald,525,twain,7.092778861522675
1,fitzgerald,526,train,5.277042071024577
1,fitzgerald,526,baum,6.451934576034546
1,fitzgerald,526,thompson,7.033973574638367
1,fitzgerald,526,dickens,6.432705084482829
1,fitzgerald,526,melville,7.398237917158339
1,fitzgerald,526,wells,6.546556711196899
1,fitzgerald,526,austen,6.512629826863607
1,fitzgerald,526,fitzgerald,6.359137126377651
1,fitzgerald,526,twain,7.096625208854675
1,fitzgerald,527,train,5.305254300435384
1,fitzgerald,527,baum,6.441569447517395
1,fitzgerald,527,thompson,7.023293852806091
1,fitzgerald,527,dickens,6.429781913757324
1,fitzgerald,527,melville,7.395285394456652
1,fitzgerald,527,wells,6.540756543477376
1,fitzgerald,527,austen,6.503541707992554
1,fitzgerald,527,fitzgerald,6.352966717311314
1,fitzgerald,527,twain,7.091507494449616
1,fitzgerald,528,train,5.316170374552409
1,fitzgerald,528,baum,6.448504447937012
1,fitzgerald,528,thompson,7.027480244636536
1,fitzgerald,528,dickens,6.429648558298747
1,fitzgerald,528,melville,7.393736574384901
1,fitzgerald,528,wells,6.54603123664856
1,fitzgerald,528,austen,6.510488271713257
1,fitzgerald,528,fitzgerald,6.3558003561837335
1,fitzgerald,528,twain,7.0933146476745605
1,fitzgerald,529,train,5.248574256896973
1,fitzgerald,529,baum,6.441339731216431
1,fitzgerald,529,thompson,7.026906847953796
1,fitzgerald,529,dickens,6.423899968465169
1,fitzgerald,529,melville,7.392436981201172
1,fitzgerald,529,wells,6.5380769570668535
1,fitzgerald,529,austen,6.500365495681763
1,fitzgerald,529,fitzgerald,6.350570338112967
1,fitzgerald,529,twain,7.09041103720665
1,fitzgerald,530,train,5.319650173187256
1,fitzgerald,530,baum,6.452069163322449
1,fitzgerald,530,thompson,7.032863020896912
1,fitzgerald,530,dickens,6.434594631195068
1,fitzgerald,530,melville,7.400296158260769
1,fitzgerald,530,wells,6.5507246653238935
1,fitzgerald,530,austen,6.513676802317302
1,fitzgerald,530,fitzgerald,6.358938762119839
1,fitzgerald,530,twain,7.100554436445236
1,fitzgerald,531,train,5.293084144592285
1,fitzgerald,531,baum,6.437770485877991
1,fitzgerald,531,thompson,7.025618433952332
1,fitzgerald,531,dickens,6.420216242472331
1,fitzgerald,531,melville,7.391836166381836
1,fitzgerald,531,wells,6.537711461385091
1,fitzgerald,531,austen,6.497457663218181
1,fitzgerald,531,fitzgerald,6.348449638911656
1,fitzgerald,531,twain,7.091921269893646
1,fitzgerald,532,train,5.30677858988444
1,fitzgerald,532,baum,6.437126040458679
1,fitzgerald,532,thompson,7.021503329277039
1,fitzgerald,532,dickens,6.413632710774739
1,fitzgerald,532,melville,7.385539001888699
1,fitzgerald,532,wells,6.531035661697388
1,fitzgerald,532,austen,6.490403572718303
1,fitzgerald,532,fitzgerald,6.344132559640067
1,fitzgerald,532,twain,7.083129078149796
1,fitzgerald,533,train,5.329351266225179
1,fitzgerald,533,baum,6.44735586643219
1,fitzgerald,533,thompson,7.026883125305176
1,fitzgerald,533,dickens,6.430019537607829
1,fitzgerald,533,melville,7.398757457733154
1,fitzgerald,533,wells,6.545254309972127
1,fitzgerald,533,austen,6.5093925793965655
1,fitzgerald,533,fitzgerald,6.354235921587263
1,fitzgerald,533,twain,7.095628052949905
1,fitzgerald,534,train,5.278929869333903
1,fitzgerald,534,baum,6.4381492137908936
1,fitzgerald,534,thompson,7.026979327201843
1,fitzgerald,534,dickens,6.418298244476318
1,fitzgerald,534,melville,7.392828464508057
1,fitzgerald,534,wells,6.5352442264556885
1,fitzgerald,534,austen,6.496295928955078
1,fitzgerald,534,fitzgerald,6.3454694747924805
1,fitzgerald,534,twain,7.09003871679306
1,fitzgerald,535,train,5.325122992197673
1,fitzgerald,535,baum,6.443664312362671
1,fitzgerald,535,thompson,7.022197842597961
1,fitzgerald,535,dickens,6.422125657399495
1,fitzgerald,535,melville,7.390348646375868
1,fitzgerald,535,wells,6.53813910484314
1,fitzgerald,535,austen,6.501900593439738
1,fitzgerald,535,fitzgerald,6.3473189898899625
1,fitzgerald,535,twain,7.086697548627853
1,fitzgerald,536,train,5.202053864796956
1,fitzgerald,536,baum,6.438665747642517
1,fitzgerald,536,thompson,7.022039175033569
1,fitzgerald,536,dickens,6.4152296384175616
1,fitzgerald,536,melville,7.392641385396321
1,fitzgerald,536,wells,6.536698579788208
1,fitzgerald,536,austen,6.499040047327678
1,fitzgerald,536,fitzgerald,6.345862524850028
1,fitzgerald,536,twain,7.087988317012787
1,fitzgerald,537,train,5.2684645652771
1,fitzgerald,537,baum,6.440810441970825
1,fitzgerald,537,thompson,7.024017333984375
1,fitzgerald,537,dickens,6.417524019877116
1,fitzgerald,537,melville,7.395529217190212
1,fitzgerald,537,wells,6.53768253326416
1,fitzgerald,537,austen,6.499121983846028
1,fitzgerald,537,fitzgerald,6.346207278115409
1,fitzgerald,537,twain,7.090951591730118
1,fitzgerald,538,train,5.248702843983968
1,fitzgerald,538,baum,6.439159154891968
1,fitzgerald,538,thompson,7.027459144592285
1,fitzgerald,538,dickens,6.421257495880127
1,fitzgerald,538,melville,7.397128264109294
1,fitzgerald,538,wells,6.541491985321045
1,fitzgerald,538,austen,6.500428994496663
1,fitzgerald,538,fitzgerald,6.346881457737514
1,fitzgerald,538,twain,7.096086412668228
1,fitzgerald,539,train,5.251960277557373
1,fitzgerald,539,baum,6.435470938682556
1,fitzgerald,539,thompson,7.021147012710571
1,fitzgerald,539,dickens,6.412477016448975
1,fitzgerald,539,melville,7.387583096822103
1,fitzgerald,539,wells,6.531492312749227
1,fitzgerald,539,austen,6.494677146275838
1,fitzgerald,539,fitzgerald,6.340862137930734
1,fitzgerald,539,twain,7.082574099302292
1,fitzgerald,540,train,5.187971274058024
1,fitzgerald,540,baum,6.449958443641663
1,fitzgerald,540,thompson,7.030804514884949
1,fitzgerald,540,dickens,6.421603997548421
1,fitzgerald,540,melville,7.397090858883327
1,fitzgerald,540,wells,6.544133106867473
1,fitzgerald,540,austen,6.505763451258342
1,fitzgerald,540,fitzgerald,6.349386010851179
1,fitzgerald,540,twain,7.094741731882095
1,fitzgerald,541,train,5.254236380259196
1,fitzgerald,541,baum,6.439628005027771
1,fitzgerald,541,thompson,7.02877938747406
1,fitzgerald,541,dickens,6.420144240061442
1,fitzgerald,541,melville,7.400223308139378
1,fitzgerald,541,wells,6.538964509963989
1,fitzgerald,541,austen,6.498276472091675
1,fitzgerald,541,fitzgerald,6.346456391470773
1,fitzgerald,541,twain,7.094913184642792
1,fitzgerald,542,train,5.237380186716716
1,fitzgerald,542,baum,6.431644320487976
1,fitzgerald,542,thompson,7.025125980377197
1,fitzgerald,542,dickens,6.413134256998698
1,fitzgerald,542,melville,7.398619121975368
1,fitzgerald,542,wells,6.530038118362427
1,fitzgerald,542,austen,6.493563175201416
1,fitzgerald,542,fitzgerald,6.339459351130894
1,fitzgerald,542,twain,7.089835315942764
1,fitzgerald,543,train,5.169332663218181
1,fitzgerald,543,baum,6.434854626655579
1,fitzgerald,543,thompson,7.02358078956604
1,fitzgerald,543,dickens,6.411938826243083
1,fitzgerald,543,melville,7.394824292924669
1,fitzgerald,543,wells,6.534452040990193
1,fitzgerald,543,austen,6.4927598635355634
1,fitzgerald,543,fitzgerald,6.338472979409354
1,fitzgerald,543,twain,7.08836966753006
1,fitzgerald,544,train,5.164619445800781
1,fitzgerald,544,baum,6.454065918922424
1,fitzgerald,544,thompson,7.0311055183410645
1,fitzgerald,544,dickens,6.422666072845459
1,fitzgerald,544,melville,7.39747953414917
1,fitzgerald,544,wells,6.549915790557861
1,fitzgerald,544,austen,6.50875735282898
1,fitzgerald,544,fitzgerald,6.350599425179618
1,fitzgerald,544,twain,7.096326321363449
1,fitzgerald,545,train,5.159933408101399
1,fitzgerald,545,baum,6.429698944091797
1,fitzgerald,545,thompson,7.023642659187317
1,fitzgerald,545,dickens,6.411399046579997
1,fitzgerald,545,melville,7.39742358525594
1,fitzgerald,545,wells,6.532648801803589
1,fitzgerald,545,austen,6.489546378453572
1,fitzgerald,545,fitzgerald,6.336684499468122
1,fitzgerald,545,twain,7.091281443834305
1,fitzgerald,546,train,5.192763646443685
1,fitzgerald,546,baum,6.429599642753601
1,fitzgerald,546,thompson,7.021003723144531
1,fitzgerald,546,dickens,6.409148057301839
1,fitzgerald,546,melville,7.392760647667779
1,fitzgerald,546,wells,6.526382605234782
1,fitzgerald,546,austen,6.48885703086853
1,fitzgerald,546,fitzgerald,6.3349979264395575
1,fitzgerald,546,twain,7.086242467164993
1,fitzgerald,547,train,5.222631454467773
1,fitzgerald,547,baum,6.439067721366882
1,fitzgerald,547,thompson,7.02571702003479
1,fitzgerald,547,dickens,6.418371677398682
1,fitzgerald,547,melville,7.400394810570611
1,fitzgerald,547,wells,6.539281288782756
1,fitzgerald,547,austen,6.500352541605632
1,fitzgerald,547,fitzgerald,6.340505055018833
1,fitzgerald,547,twain,7.093121260404587
1,fitzgerald,548,train,5.188066164652507
1,fitzgerald,548,baum,6.426841855049133
1,fitzgerald,548,thompson,7.018512964248657
1,fitzgerald,548,dickens,6.409084002176921
1,fitzgerald,548,melville,7.392481062147352
1,fitzgerald,548,wells,6.52797516187032
1,fitzgerald,548,austen,6.487888733545939
1,fitzgerald,548,fitzgerald,6.331759861537388
1,fitzgerald,548,twain,7.084003835916519
1,fitzgerald,549,train,5.181045850118001
1,fitzgerald,549,baum,6.434207320213318
1,fitzgerald,549,thompson,7.021955728530884
1,fitzgerald,549,dickens,6.415037790934245
1,fitzgerald,549,melville,7.393956502278645
1,fitzgerald,549,wells,6.532694339752197
1,fitzgerald,549,austen,6.496482690175374
1,fitzgerald,549,fitzgerald,6.3366274152483255
1,fitzgerald,549,twain,7.088074773550034
1,fitzgerald,550,train,5.191849708557129
1,fitzgerald,550,baum,6.427629828453064
1,fitzgerald,550,thompson,7.02385950088501
1,fitzgerald,550,dickens,6.413538614908855
1,fitzgerald,550,melville,7.40042617585924
1,fitzgerald,550,wells,6.530400276184082
1,fitzgerald,550,austen,6.4893167813618975
1,fitzgerald,550,fitzgerald,6.332495280674526
1,fitzgerald,550,twain,7.0917147397995
1,fitzgerald,551,train,5.191287676493327
1,fitzgerald,551,baum,6.446016550064087
1,fitzgerald,551,thompson,7.029326319694519
1,fitzgerald,551,dickens,6.426553090413411
1,fitzgerald,551,melville,7.406132168240017
1,fitzgerald,551,wells,6.543236653010051
1,fitzgerald,551,austen,6.505182504653931
1,fitzgerald,551,fitzgerald,6.341457298823765
1,fitzgerald,551,twain,7.09720304608345
1,fitzgerald,552,train,5.208753903706868
1,fitzgerald,552,baum,6.431512594223023
1,fitzgerald,552,thompson,7.024553894996643
1,fitzgerald,552,dickens,6.413821697235107
1,fitzgerald,552,melville,7.405406739976671
1,fitzgerald,552,wells,6.531823714574178
1,fitzgerald,552,austen,6.492776155471802
1,fitzgerald,552,fitzgerald,6.333996500287737
1,fitzgerald,552,twain,7.094556272029877
1,fitzgerald,553,train,5.245030562082927
1,fitzgerald,553,baum,6.426016092300415
1,fitzgerald,553,thompson,7.01807963848114
1,fitzgerald,553,dickens,6.4037543932596845
1,fitzgerald,553,melville,7.395485719045003
1,fitzgerald,553,wells,6.526269594828288
1,fitzgerald,553,austen,6.485459804534912
1,fitzgerald,553,fitzgerald,6.328010150364468
1,fitzgerald,553,twain,7.0863586366176605
1,fitzgerald,554,train,5.1162950197855634
1,fitzgerald,554,baum,6.433805227279663
1,fitzgerald,554,thompson,7.019273161888123
1,fitzgerald,554,dickens,6.410168329874675
1,fitzgerald,554,melville,7.394131766425239
1,fitzgerald,554,wells,6.531840721766154
1,fitzgerald,554,austen,6.49104889233907
1,fitzgerald,554,fitzgerald,6.331574984959194
1,fitzgerald,554,twain,7.085213333368301
1,fitzgerald,555,train,5.176379203796387
1,fitzgerald,555,baum,6.423512816429138
1,fitzgerald,555,thompson,7.012922644615173
1,fitzgerald,555,dickens,6.4075554211934405
1,fitzgerald,555,melville,7.393728468153212
1,fitzgerald,555,wells,6.525616645812988
1,fitzgerald,555,austen,6.483726739883423
1,fitzgerald,555,fitzgerald,6.32614837374006
1,fitzgerald,555,twain,7.083312779664993
1,fitzgerald,556,train,5.246767044067383
1,fitzgerald,556,baum,6.439401030540466
1,fitzgerald,556,thompson,7.025275349617004
1,fitzgerald,556,dickens,6.417954603830974
1,fitzgerald,556,melville,7.403526200188531
1,fitzgerald,556,wells,6.541963736216228
1,fitzgerald,556,austen,6.498535235722859
1,fitzgerald,556,fitzgerald,6.336392266409738
1,fitzgerald,556,twain,7.0956355929374695
1,fitzgerald,557,train,5.207111835479736
1,fitzgerald,557,baum,6.429393529891968
1,fitzgerald,557,thompson,7.019264340400696
1,fitzgerald,557,dickens,6.411163330078125
1,fitzgerald,557,melville,7.397934436798096
1,fitzgerald,557,wells,6.530938386917114
1,fitzgerald,557,austen,6.48734720547994
1,fitzgerald,557,fitzgerald,6.328786100660052
1,fitzgerald,557,twain,7.0879084169864655
1,fitzgerald,558,train,5.190419514973958
1,fitzgerald,558,baum,6.427385210990906
1,fitzgerald,558,thompson,7.019481182098389
1,fitzgerald,558,dickens,6.411112149556478
1,fitzgerald,558,melville,7.397931840684679
1,fitzgerald,558,wells,6.530155897140503
1,fitzgerald,558,austen,6.485695759455363
1,fitzgerald,558,fitzgerald,6.328859465462821
1,fitzgerald,558,twain,7.088610112667084
1,fitzgerald,559,train,5.164872010548909
1,fitzgerald,559,baum,6.428655028343201
1,fitzgerald,559,thompson,7.020653963088989
1,fitzgerald,559,dickens,6.407081286112468
1,fitzgerald,559,melville,7.394129011366102
1,fitzgerald,559,wells,6.527476867039998
1,fitzgerald,559,austen,6.483638445536296
1,fitzgerald,559,fitzgerald,6.327227864946638
1,fitzgerald,559,twain,7.082356482744217
1,fitzgerald,560,train,5.171777407328288
1,fitzgerald,560,baum,6.427350163459778
1,fitzgerald,560,thompson,7.018363118171692
1,fitzgerald,560,dickens,6.415314674377441
1,fitzgerald,560,melville,7.4009294509887695
1,fitzgerald,560,wells,6.530437548955281
1,fitzgerald,560,austen,6.489541133244832
1,fitzgerald,560,fitzgerald,6.32804080418178
1,fitzgerald,560,twain,7.088927060365677
1,fitzgerald,561,train,5.174084981282552
1,fitzgerald,561,baum,6.425807595252991
1,fitzgerald,561,thompson,7.023461103439331
1,fitzgerald,561,dickens,6.403485298156738
1,fitzgerald,561,melville,7.400376001993815
1,fitzgerald,561,wells,6.524894078572591
1,fitzgerald,561,austen,6.483065923055013
1,fitzgerald,561,fitzgerald,6.324693884168353
1,fitzgerald,561,twain,7.08806237578392
1,fitzgerald,562,train,5.230508327484131
1,fitzgerald,562,baum,6.4312052726745605
1,fitzgerald,562,thompson,7.023729085922241
1,fitzgerald,562,dickens,6.410760561625163
1,fitzgerald,562,melville,7.402358849843343
1,fitzgerald,562,wells,6.527757167816162
1,fitzgerald,562,austen,6.489115873972575
1,fitzgerald,562,fitzgerald,6.327980995178223
1,fitzgerald,562,twain,7.087183147668839
1,fitzgerald,563,train,5.163869539896647
1,fitzgerald,563,baum,6.419533371925354
1,fitzgerald,563,thompson,7.015015244483948
1,fitzgerald,563,dickens,6.3956708908081055
1,fitzgerald,563,melville,7.391764005025228
1,fitzgerald,563,wells,6.519061485926311
1,fitzgerald,563,austen,6.47827410697937
1,fitzgerald,563,fitzgerald,6.317595549992153
1,fitzgerald,563,twain,7.0781248807907104
1,fitzgerald,564,train,5.104949951171875
1,fitzgerald,564,baum,6.422555565834045
1,fitzgerald,564,thompson,7.016056060791016
1,fitzgerald,564,dickens,6.399680614471436
1,fitzgerald,564,melville,7.393117374844021
1,fitzgerald,564,wells,6.520959933598836
1,fitzgerald,564,austen,6.48085371653239
1,fitzgerald,564,fitzgerald,6.321186201913016
1,fitzgerald,564,twain,7.079750686883926
1,fitzgerald,565,train,5.050342241923015
1,fitzgerald,565,baum,6.428002715110779
1,fitzgerald,565,thompson,7.023913621902466
1,fitzgerald,565,dickens,6.406793594360352
1,fitzgerald,565,melville,7.400791751013862
1,fitzgerald,565,wells,6.528299172719319
1,fitzgerald,565,austen,6.485219637552897
1,fitzgerald,565,fitzgerald,6.325589452471052
1,fitzgerald,565,twain,7.088708460330963
1,fitzgerald,566,train,5.17923641204834
1,fitzgerald,566,baum,6.4122103452682495
1,fitzgerald,566,thompson,7.011743426322937
1,fitzgerald,566,dickens,6.395295778910319
1,fitzgerald,566,melville,7.393751727210151
1,fitzgerald,566,wells,6.5162709554036455
1,fitzgerald,566,austen,6.47257399559021
1,fitzgerald,566,fitzgerald,6.315155710492816
1,fitzgerald,566,twain,7.07971853017807
1,fitzgerald,567,train,5.159705638885498
1,fitzgerald,567,baum,6.42114782333374
1,fitzgerald,567,thompson,7.014546751976013
1,fitzgerald,567,dickens,6.404062430063884
1,fitzgerald,567,melville,7.399017333984375
1,fitzgerald,567,wells,6.520733594894409
1,fitzgerald,567,austen,6.481896718343099
1,fitzgerald,567,fitzgerald,6.320896080562046
1,fitzgerald,567,twain,7.084677338600159
1,fitzgerald,568,train,5.180051485697429
1,fitzgerald,568,baum,6.43122661113739
1,fitzgerald,568,thompson,7.026360750198364
1,fitzgerald,568,dickens,6.410624821980794
1,fitzgerald,568,melville,7.405550056033665
1,fitzgerald,568,wells,6.52973214785258
1,fitzgerald,568,austen,6.4896144072214765
1,fitzgerald,568,fitzgerald,6.325719220297677
1,fitzgerald,568,twain,7.092627942562103
1,fitzgerald,569,train,5.175881862640381
1,fitzgerald,569,baum,6.4171494245529175
1,fitzgerald,569,thompson,7.0148268938064575
1,fitzgerald,569,dickens,6.400733311971028
1,fitzgerald,569,melville,7.396446228027344
1,fitzgerald,569,wells,6.520044883092244
1,fitzgerald,569,austen,6.4776073296864825
1,fitzgerald,569,fitzgerald,6.315667493002755
1,fitzgerald,569,twain,7.081500262022018
1,fitzgerald,570,train,5.145348866780599
1,fitzgerald,570,baum,6.419454097747803
1,fitzgerald,570,thompson,7.011264562606812
1,fitzgerald,570,dickens,6.39805809656779
1,fitzgerald,570,melville,7.389575375450982
1,fitzgerald,570,wells,6.5182234446207685
1,fitzgerald,570,austen,6.476160049438477
1,fitzgerald,570,fitzgerald,6.314160278865269
1,fitzgerald,570,twain,7.077010780572891
1,fitzgerald,571,train,5.165703932444255
1,fitzgerald,571,baum,6.428169846534729
1,fitzgerald,571,thompson,7.0197190046310425
1,fitzgerald,571,dickens,6.407331943511963
1,fitzgerald,571,melville,7.399060620201959
1,fitzgerald,571,wells,6.529042482376099
1,fitzgerald,571,austen,6.487020015716553
1,fitzgerald,571,fitzgerald,6.3219828605651855
1,fitzgerald,571,twain,7.089273691177368
1,fitzgerald,572,train,5.11759090423584
1,fitzgerald,572,baum,6.415913820266724
1,fitzgerald,572,thompson,7.0134299993515015
1,fitzgerald,572,dickens,6.3944047292073565
1,fitzgerald,572,melville,7.391879399617513
1,fitzgerald,572,wells,6.517909606297811
1,fitzgerald,572,austen,6.475381135940552
1,fitzgerald,572,fitzgerald,6.313891547066825
1,fitzgerald,572,twain,7.079619228839874
1,fitzgerald,573,train,5.0906704266866045
1,fitzgerald,573,baum,6.420798897743225
1,fitzgerald,573,thompson,7.016588091850281
1,fitzgerald,573,dickens,6.397745450337728
1,fitzgerald,573,melville,7.39465676413642
1,fitzgerald,573,wells,6.52049446105957
1,fitzgerald,573,austen,6.478405872980754
1,fitzgerald,573,fitzgerald,6.316149643489292
1,fitzgerald,573,twain,7.083090633153915
1,fitzgerald,574,train,5.137089888254802
1,fitzgerald,574,baum,6.414931535720825
1,fitzgerald,574,thompson,7.015585541725159
1,fitzgerald,574,dickens,6.391985098520915
1,fitzgerald,574,melville,7.395388232337104
1,fitzgerald,574,wells,6.51393985748291
1,fitzgerald,574,austen,6.469094912211101
1,fitzgerald,574,fitzgerald,6.311582429068429
1,fitzgerald,574,twain,7.080074489116669
1,fitzgerald,575,train,5.107296307881673
1,fitzgerald,575,baum,6.416845202445984
1,fitzgerald,575,thompson,7.012196063995361
1,fitzgerald,575,dickens,6.397325038909912
1,fitzgerald,575,melville,7.396434042188856
1,fitzgerald,575,wells,6.519576231638591
1,fitzgerald,575,austen,6.478025833765666
1,fitzgerald,575,fitzgerald,6.312892368861607
1,fitzgerald,575,twain,7.079751670360565
1,fitzgerald,576,train,5.181345303853353
1,fitzgerald,576,baum,6.41570520401001
1,fitzgerald,576,thompson,7.006929159164429
1,fitzgerald,576,dickens,6.3939528465271
1,fitzgerald,576,melville,7.387011580997044
1,fitzgerald,576,wells,6.51750127474467
1,fitzgerald,576,austen,6.476744890213013
1,fitzgerald,576,fitzgerald,6.310349464416504
1,fitzgerald,576,twain,7.076228559017181
1,fitzgerald,577,train,5.163320541381836
1,fitzgerald,577,baum,6.410959482192993
1,fitzgerald,577,thompson,7.003642797470093
1,fitzgerald,577,dickens,6.389403184254964
1,fitzgerald,577,melville,7.385510974460178
1,fitzgerald,577,wells,6.508201519648234
1,fitzgerald,577,austen,6.466073989868164
1,fitzgerald,577,fitzgerald,6.305624280657087
1,fitzgerald,577,twain,7.069977283477783
1,fitzgerald,578,train,5.054283142089844
1,fitzgerald,578,baum,6.413624167442322
1,fitzgerald,578,thompson,7.00905179977417
1,fitzgerald,578,dickens,6.39329179128011
1,fitzgerald,578,melville,7.392056147257487
1,fitzgerald,578,wells,6.514840920766194
1,fitzgerald,578,austen,6.4743467171986895
1,fitzgerald,578,fitzgerald,6.30923216683524
1,fitzgerald,578,twain,7.075500547885895
1,fitzgerald,579,train,5.0955173174540205
1,fitzgerald,579,baum,6.411849141120911
1,fitzgerald,579,thompson,7.01044762134552
1,fitzgerald,579,dickens,6.393139521280925
1,fitzgerald,579,melville,7.395937071906196
1,fitzgerald,579,wells,6.516381581624349
1,fitzgerald,579,austen,6.472995599110921
1,fitzgerald,579,fitzgerald,6.308176789964948
1,fitzgerald,579,twain,7.0782330930233
1,fitzgerald,580,train,5.1213804880778
1,fitzgerald,580,baum,6.424158453941345
1,fitzgerald,580,thompson,7.015212297439575
1,fitzgerald,580,dickens,6.402031262715657
1,fitzgerald,580,melville,7.399345503913032
1,fitzgerald,580,wells,6.52267336845398
1,fitzgerald,580,austen,6.48280684153239
1,fitzgerald,580,fitzgerald,6.3134492465427945
1,fitzgerald,580,twain,7.083059698343277
1,fitzgerald,581,train,5.125948111216228
1,fitzgerald,581,baum,6.412397146224976
1,fitzgerald,581,thompson,7.008198857307434
1,fitzgerald,581,dickens,6.3953220049540205
1,fitzgerald,581,melville,7.3932826783921985
1,fitzgerald,581,wells,6.516640663146973
1,fitzgerald,581,austen,6.477753400802612
1,fitzgerald,581,fitzgerald,6.307393482753208
1,fitzgerald,581,twain,7.078656882047653
1,fitzgerald,582,train,5.076854228973389
1,fitzgerald,582,baum,6.406101584434509
1,fitzgerald,582,thompson,7.006614923477173
1,fitzgerald,582,dickens,6.389894008636475
1,fitzgerald,582,melville,7.39172723558214
1,fitzgerald,582,wells,6.510739088058472
1,fitzgerald,582,austen,6.4686416784922285
1,fitzgerald,582,fitzgerald,6.304242815290179
1,fitzgerald,582,twain,7.074130088090897
1,fitzgerald,583,train,5.11814816792806
1,fitzgerald,583,baum,6.421284317970276
1,fitzgerald,583,thompson,7.016914486885071
1,fitzgerald,583,dickens,6.402477900187175
1,fitzgerald,583,melville,7.399238321516249
1,fitzgerald,583,wells,6.521144310633342
1,fitzgerald,583,austen,6.480623563130696
1,fitzgerald,583,fitzgerald,6.312363283974784
1,fitzgerald,583,twain,7.082526743412018
1,fitzgerald,584,train,5.147127946217855
1,fitzgerald,584,baum,6.416762113571167
1,fitzgerald,584,thompson,7.009046792984009
1,fitzgerald,584,dickens,6.3979848225911455
1,fitzgerald,584,melville,7.39364767074585
1,fitzgerald,584,wells,6.51861294110616
1,fitzgerald,584,austen,6.476826429367065
1,fitzgerald,584,fitzgerald,6.307863848549979
1,fitzgerald,584,twain,7.079164445400238
1,fitzgerald,585,train,5.062509536743164
1,fitzgerald,585,baum,6.407868027687073
1,fitzgerald,585,thompson,7.003646373748779
1,fitzgerald,585,dickens,6.387383778889974
1,fitzgerald,585,melville,7.388864199320476
1,fitzgerald,585,wells,6.509044488271077
1,fitzgerald,585,austen,6.468141237894694
1,fitzgerald,585,fitzgerald,6.301187242780413
1,fitzgerald,585,twain,7.072578549385071
1,fitzgerald,586,train,5.067309856414795
1,fitzgerald,586,baum,6.43760871887207
1,fitzgerald,586,thompson,7.023542284965515
1,fitzgerald,586,dickens,6.414675712585449
1,fitzgerald,586,melville,7.4123729599846735
1,fitzgerald,586,wells,6.53801949818929
1,fitzgerald,586,austen,6.502221504847209
1,fitzgerald,586,fitzgerald,6.3233513832092285
1,fitzgerald,586,twain,7.098516136407852
1,fitzgerald,587,train,5.07883342107137
1,fitzgerald,587,baum,6.404963850975037
1,fitzgerald,587,thompson,7.003683686256409
1,fitzgerald,587,dickens,6.3792422612508135
1,fitzgerald,587,melville,7.388710445827908
1,fitzgerald,587,wells,6.504639387130737
1,fitzgerald,587,austen,6.46212641398112
1,fitzgerald,587,fitzgerald,6.298650469098773
1,fitzgerald,587,twain,7.071230828762054
1,fitzgerald,588,train,5.0983560880025225
1,fitzgerald,588,baum,6.418144702911377
1,fitzgerald,588,thompson,7.008211135864258
1,fitzgerald,588,dickens,6.396719932556152
1,fitzgerald,588,melville,7.394623915354411
1,fitzgerald,588,wells,6.520342350006104
1,fitzgerald,588,austen,6.47803258895874
1,fitzgerald,588,fitzgerald,6.308859143938337
1,fitzgerald,588,twain,7.079271584749222
1,fitzgerald,589,train,5.071818669637044
1,fitzgerald,589,baum,6.413268804550171
1,fitzgerald,589,thompson,7.011793255805969
1,fitzgerald,589,dickens,6.39064343770345
1,fitzgerald,589,melville,7.394021881951226
1,fitzgerald,589,wells,6.5136292775472
1,fitzgerald,589,austen,6.470384836196899
1,fitzgerald,589,fitzgerald,6.303082874843052
1,fitzgerald,589,twain,7.077514380216599
1,fitzgerald,590,train,5.093871593475342
1,fitzgerald,590,baum,6.402366757392883
1,fitzgerald,590,thompson,7.003783583641052
1,fitzgerald,590,dickens,6.386143684387207
1,fitzgerald,590,melville,7.392239570617676
1,fitzgerald,590,wells,6.505791584650676
1,fitzgerald,590,austen,6.462860107421875
1,fitzgerald,590,fitzgerald,6.296911648341587
1,fitzgerald,590,twain,7.072127342224121
1,fitzgerald,591,train,5.081145763397217
1,fitzgerald,591,baum,6.408591628074646
1,fitzgerald,591,thompson,7.003824710845947
1,fitzgerald,591,dickens,6.387215773264567
1,fitzgerald,591,melville,7.388294908735487
1,fitzgerald,591,wells,6.511117378870647
1,fitzgerald,591,austen,6.469444513320923
1,fitzgerald,591,fitzgerald,6.300364630562918
1,fitzgerald,591,twain,7.07267564535141
1,fitzgerald,592,train,5.140954653422038
1,fitzgerald,592,baum,6.408996820449829
1,fitzgerald,592,thompson,7.006103157997131
1,fitzgerald,592,dickens,6.382014592488607
1,fitzgerald,592,melville,7.389609124925402
1,fitzgerald,592,wells,6.506734212239583
1,fitzgerald,592,austen,6.46691385904948
1,fitzgerald,592,fitzgerald,6.297128064291818
1,fitzgerald,592,twain,7.072221726179123
1,fitzgerald,593,train,5.089924971262614
1,fitzgerald,593,baum,6.432675838470459
1,fitzgerald,593,thompson,7.020160913467407
1,fitzgerald,593,dickens,6.40276575088501
1,fitzgerald,593,melville,7.406225045522054
1,fitzgerald,593,wells,6.529300371805827
1,fitzgerald,593,austen,6.491372744242351
1,fitzgerald,593,fitzgerald,6.3127208437238425
1,fitzgerald,593,twain,7.091135531663895
1,fitzgerald,594,train,5.068639596303304
1,fitzgerald,594,baum,6.396572709083557
1,fitzgerald,594,thompson,6.997235536575317
1,fitzgerald,594,dickens,6.371993223826091
1,fitzgerald,594,melville,7.39022790061103
1,fitzgerald,594,wells,6.500673373540242
1,fitzgerald,594,austen,6.4565456708272295
1,fitzgerald,594,fitzgerald,6.289748055594308
1,fitzgerald,594,twain,7.069335520267487
1,fitzgerald,595,train,5.013771216074626
1,fitzgerald,595,baum,6.415815949440002
1,fitzgerald,595,thompson,7.0075143575668335
1,fitzgerald,595,dickens,6.389035224914551
1,fitzgerald,595,melville,7.398001141018337
1,fitzgerald,595,wells,6.514923016230266
1,fitzgerald,595,austen,6.4763584931691485
1,fitzgerald,595,fitzgerald,6.300776413508824
1,fitzgerald,595,twain,7.0787014067173
1,fitzgerald,596,train,5.129438082377116
1,fitzgerald,596,baum,6.432716250419617
1,fitzgerald,596,thompson,7.025471210479736
1,fitzgerald,596,dickens,6.404301484425862
1,fitzgerald,596,melville,7.414016988542345
1,fitzgerald,596,wells,6.531904856363933
1,fitzgerald,596,austen,6.493127266565959
1,fitzgerald,596,fitzgerald,6.31234952381679
1,fitzgerald,596,twain,7.095593869686127
1,fitzgerald,597,train,5.040487130482991
1,fitzgerald,597,baum,6.416450142860413
1,fitzgerald,597,thompson,7.009749293327332
1,fitzgerald,597,dickens,6.390644073486328
1,fitzgerald,597,melville,7.400056733025445
1,fitzgerald,597,wells,6.520219882329305
1,fitzgerald,597,austen,6.476450125376384
1,fitzgerald,597,fitzgerald,6.301071643829346
1,fitzgerald,597,twain,7.083069920539856
1,fitzgerald,598,train,5.04486894607544
1,fitzgerald,598,baum,6.411504507064819
1,fitzgerald,598,thompson,7.008447408676148
1,fitzgerald,598,dickens,6.389867623647054
1,fitzgerald,598,melville,7.402626037597656
1,fitzgerald,598,wells,6.511213382085164
1,fitzgerald,598,austen,6.471390803654988
1,fitzgerald,598,fitzgerald,6.299314022064209
1,fitzgerald,598,twain,7.080406010150909
1,fitzgerald,599,train,4.9923164049784345
1,fitzgerald,599,baum,6.427281379699707
1,fitzgerald,599,thompson,7.025172591209412
1,fitzgerald,599,dickens,6.399954160054524
1,fitzgerald,599,melville,7.412000550164117
1,fitzgerald,599,wells,6.528177499771118
1,fitzgerald,599,austen,6.484434604644775
1,fitzgerald,599,fitzgerald,6.307335104261126
1,fitzgerald,599,twain,7.093668311834335
1,fitzgerald,600,train,4.998321215311687
1,fitzgerald,600,baum,6.411436080932617
1,fitzgerald,600,thompson,7.0093674659729
1,fitzgerald,600,dickens,6.392242908477783
1,fitzgerald,600,melville,7.398011737399631
1,fitzgerald,600,wells,6.5174769560496015
1,fitzgerald,600,austen,6.471981287002564
1,fitzgerald,600,fitzgerald,6.298017978668213
1,fitzgerald,600,twain,7.079647600650787
1,fitzgerald,601,train,5.05076805750529
1,fitzgerald,601,baum,6.403995394706726
1,fitzgerald,601,thompson,7.003119468688965
1,fitzgerald,601,dickens,6.388306458791097
1,fitzgerald,601,melville,7.39865059322781
1,fitzgerald,601,wells,6.511744976043701
1,fitzgerald,601,austen,6.468961318333943
1,fitzgerald,601,fitzgerald,6.295633247920445
1,fitzgerald,601,twain,7.077279537916184
1,fitzgerald,602,train,5.076498190561931
1,fitzgerald,602,baum,6.406561017036438
1,fitzgerald,602,thompson,7.001960515975952
1,fitzgerald,602,dickens,6.384590784708659
1,fitzgerald,602,melville,7.394096321529812
1,fitzgerald,602,wells,6.508821725845337
1,fitzgerald,602,austen,6.466546456019084
1,fitzgerald,602,fitzgerald,6.292995861598423
1,fitzgerald,602,twain,7.0744936764240265
1,fitzgerald,603,train,4.99127467473348
1,fitzgerald,603,baum,6.401785373687744
1,fitzgerald,603,thompson,7.000918030738831
1,fitzgerald,603,dickens,6.3828152020772295
1,fitzgerald,603,melville,7.392702632480198
1,fitzgerald,603,wells,6.50809907913208
1,fitzgerald,603,austen,6.463610410690308
1,fitzgerald,603,fitzgerald,6.290479728153774
1,fitzgerald,603,twain,7.071890085935593
1,fitzgerald,604,train,4.989274819691976
1,fitzgerald,604,baum,6.409219741821289
1,fitzgerald,604,thompson,7.005352735519409
1,fitzgerald,604,dickens,6.389560063680013
1,fitzgerald,604,melville,7.392674022250706
1,fitzgerald,604,wells,6.515206495920817
1,fitzgerald,604,austen,6.470053513844808
1,fitzgerald,604,fitzgerald,6.295243058885847
1,fitzgerald,604,twain,7.076184511184692
1,fitzgerald,605,train,5.060202280680339
1,fitzgerald,605,baum,6.408069729804993
1,fitzgerald,605,thompson,7.006991028785706
1,fitzgerald,605,dickens,6.381267706553142
1,fitzgerald,605,melville,7.387546804216173
1,fitzgerald,605,wells,6.507424513498942
1,fitzgerald,605,austen,6.463411728541057
1,fitzgerald,605,fitzgerald,6.292172431945801
1,fitzgerald,605,twain,7.069849789142609
1,fitzgerald,606,train,5.005017598470052
1,fitzgerald,606,baum,6.407753825187683
1,fitzgerald,606,thompson,7.007897973060608
1,fitzgerald,606,dickens,6.384638945261638
1,fitzgerald,606,melville,7.395556343926324
1,fitzgerald,606,wells,6.510470549265544
1,fitzgerald,606,austen,6.467388153076172
1,fitzgerald,606,fitzgerald,6.292165279388428
1,fitzgerald,606,twain,7.07390770316124
1,fitzgerald,607,train,5.019412358601888
1,fitzgerald,607,baum,6.412011981010437
1,fitzgerald,607,thompson,7.010366082191467
1,fitzgerald,607,dickens,6.386777877807617
1,fitzgerald,607,melville,7.395389450920953
1,fitzgerald,607,wells,6.509817600250244
1,fitzgerald,607,austen,6.471425135930379
1,fitzgerald,607,fitzgerald,6.2930136408124655
1,fitzgerald,607,twain,7.075809687376022
1,fitzgerald,608,train,5.087401390075684
1,fitzgerald,608,baum,6.418383121490479
1,fitzgerald,608,thompson,7.016283512115479
1,fitzgerald,608,dickens,6.394456068674724
1,fitzgerald,608,melville,7.405284033881293
1,fitzgerald,608,wells,6.522743225097656
1,fitzgerald,608,austen,6.479774951934815
1,fitzgerald,608,fitzgerald,6.300344807761056
1,fitzgerald,608,twain,7.087562680244446
1,fitzgerald,609,train,4.988903681437175
1,fitzgerald,609,baum,6.412793874740601
1,fitzgerald,609,thompson,7.005099415779114
1,fitzgerald,609,dickens,6.382406075795491
1,fitzgerald,609,melville,7.391943189832899
1,fitzgerald,609,wells,6.509096225102742
1,fitzgerald,609,austen,6.4692442417144775
1,fitzgerald,609,fitzgerald,6.290355750492641
1,fitzgerald,609,twain,7.072541356086731
1,fitzgerald,610,train,5.027825514475505
1,fitzgerald,610,baum,6.412512898445129
1,fitzgerald,610,thompson,7.010247111320496
1,fitzgerald,610,dickens,6.386351267496745
1,fitzgerald,610,melville,7.402408281962077
1,fitzgerald,610,wells,6.512659470240275
1,fitzgerald,610,austen,6.470734119415283
1,fitzgerald,610,fitzgerald,6.292395319257464
1,fitzgerald,610,twain,7.078250497579575
1,fitzgerald,611,train,4.9965996742248535
1,fitzgerald,611,baum,6.410629987716675
1,fitzgerald,611,thompson,7.009071826934815
1,fitzgerald,611,dickens,6.382655620574951
1,fitzgerald,611,melville,7.400981744130452
1,fitzgerald,611,wells,6.514249642690023
1,fitzgerald,611,austen,6.468303362528483
1,fitzgerald,611,fitzgerald,6.291612012045724
1,fitzgerald,611,twain,7.080223441123962
1,fitzgerald,612,train,4.976129690806071
1,fitzgerald,612,baum,6.413127064704895
1,fitzgerald,612,thompson,7.011701703071594
1,fitzgerald,612,dickens,6.38810380299886
1,fitzgerald,612,melville,7.405751228332519
1,fitzgerald,612,wells,6.514363129933675
1,fitzgerald,612,austen,6.474089940388997
1,fitzgerald,612,fitzgerald,6.293820653642927
1,fitzgerald,612,twain,7.082428455352783
1,fitzgerald,613,train,5.011674404144287
1,fitzgerald,613,baum,6.407806873321533
1,fitzgerald,613,thompson,7.012301921844482
1,fitzgerald,613,dickens,6.383279959360759
1,fitzgerald,613,melville,7.402923689948188
1,fitzgerald,613,wells,6.509438991546631
1,fitzgerald,613,austen,6.468343655268352
1,fitzgerald,613,fitzgerald,6.290172849382673
1,fitzgerald,613,twain,7.080690145492554
1,fitzgerald,614,train,5.021791140238444
1,fitzgerald,614,baum,6.413772225379944
1,fitzgerald,614,thompson,7.008638143539429
1,fitzgerald,614,dickens,6.391969045003255
1,fitzgerald,614,melville,7.4013076358371315
1,fitzgerald,614,wells,6.515731414159139
1,fitzgerald,614,austen,6.473639408747355
1,fitzgerald,614,fitzgerald,6.293544701167515
1,fitzgerald,614,twain,7.08256059885025
1,fitzgerald,615,train,4.981871128082275
1,fitzgerald,615,baum,6.407057881355286
1,fitzgerald,615,thompson,7.008329153060913
1,fitzgerald,615,dickens,6.381786823272705
1,fitzgerald,615,melville,7.403190877702501
1,fitzgerald,615,wells,6.508575439453125
1,fitzgerald,615,austen,6.467337687810262
1,fitzgerald,615,fitzgerald,6.28885691506522
1,fitzgerald,615,twain,7.079085260629654
1,fitzgerald,616,train,4.993195374806722
1,fitzgerald,616,baum,6.420127868652344
1,fitzgerald,616,thompson,7.01862895488739
1,fitzgerald,616,dickens,6.392602602640788
1,fitzgerald,616,melville,7.4097490310668945
1,fitzgerald,616,wells,6.520893096923828
1,fitzgerald,616,austen,6.482386589050293
1,fitzgerald,616,fitzgerald,6.297319275992257
1,fitzgerald,616,twain,7.090693324804306
1,fitzgerald,617,train,5.025640487670898
1,fitzgerald,617,baum,6.400616645812988
1,fitzgerald,617,thompson,6.999680161476135
1,fitzgerald,617,dickens,6.373619079589844
1,fitzgerald,617,melville,7.385138352711995
1,fitzgerald,617,wells,6.496459007263184
1,fitzgerald,617,austen,6.454933563868205
1,fitzgerald,617,fitzgerald,6.28101110458374
1,fitzgerald,617,twain,7.064057558774948
1,fitzgerald,618,train,4.981756369272868
1,fitzgerald,618,baum,6.414384484291077
1,fitzgerald,618,thompson,7.010998964309692
1,fitzgerald,618,dickens,6.3854319254557295
1,fitzgerald,618,melville,7.399709383646647
1,fitzgerald,618,wells,6.516658941904704
1,fitzgerald,618,austen,6.472373088200887
1,fitzgerald,618,fitzgerald,6.292244093758719
1,fitzgerald,618,twain,7.080333173274994
1,fitzgerald,619,train,4.972643693288167
1,fitzgerald,619,baum,6.410786986351013
1,fitzgerald,619,thompson,7.011568307876587
1,fitzgerald,619,dickens,6.383343537648519
1,fitzgerald,619,melville,7.408315022786458
1,fitzgerald,619,wells,6.510808229446411
1,fitzgerald,619,austen,6.470093806584676
1,fitzgerald,619,fitzgerald,6.28979355948312
1,fitzgerald,619,twain,7.082099944353104
1,fitzgerald,620,train,4.947452545166016
1,fitzgerald,620,baum,6.414528965950012
1,fitzgerald,620,thompson,7.011889815330505
1,fitzgerald,620,dickens,6.384535630544026
1,fitzgerald,620,melville,7.406969282362196
1,fitzgerald,620,wells,6.511102755864461
1,fitzgerald,620,austen,6.46949036916097
1,fitzgerald,620,fitzgerald,6.289791515895298
1,fitzgerald,620,twain,7.08166429400444
1,fitzgerald,621,train,4.996328035990397
1,fitzgerald,621,baum,6.410138964653015
1,fitzgerald,621,thompson,7.008014440536499
1,fitzgerald,621,dickens,6.384353796641032
1,fitzgerald,621,melville,7.403792964087592
1,fitzgerald,621,wells,6.513753732045491
1,fitzgerald,621,austen,6.470927715301514
1,fitzgerald,621,fitzgerald,6.288227626255581
1,fitzgerald,621,twain,7.082555383443832
1,fitzgerald,622,train,4.993533929189046
1,fitzgerald,622,baum,6.40556263923645
1,fitzgerald,622,thompson,7.007886171340942
1,fitzgerald,622,dickens,6.379871845245361
1,fitzgerald,622,melville,7.402191109127468
1,fitzgerald,622,wells,6.506794373194377
1,fitzgerald,622,austen,6.462490876515706
1,fitzgerald,622,fitzgerald,6.285034724644253
1,fitzgerald,622,twain,7.075942277908325
1,fitzgerald,623,train,5.043666362762451
1,fitzgerald,623,baum,6.4145588874816895
1,fitzgerald,623,thompson,7.011492848396301
1,fitzgerald,623,dickens,6.385316212972005
1,fitzgerald,623,melville,7.404495133294
1,fitzgerald,623,wells,6.514147440592448
1,fitzgerald,623,austen,6.469549973805745
1,fitzgerald,623,fitzgerald,6.289801733834403
1,fitzgerald,623,twain,7.079703718423843
1,fitzgerald,624,train,4.970932324727376
1,fitzgerald,624,baum,6.411508560180664
1,fitzgerald,624,thompson,7.011783957481384
1,fitzgerald,624,dickens,6.386362234751384
1,fitzgerald,624,melville,7.408549043867323
1,fitzgerald,624,wells,6.511843681335449
1,fitzgerald,624,austen,6.472109158833821
1,fitzgerald,624,fitzgerald,6.289575372423444
1,fitzgerald,624,twain,7.084979206323624
1,fitzgerald,625,train,4.956639607747396
1,fitzgerald,625,baum,6.41131854057312
1,fitzgerald,625,thompson,7.010582566261292
1,fitzgerald,625,dickens,6.384670734405518
1,fitzgerald,625,melville,7.410326798756917
1,fitzgerald,625,wells,6.512862126032512
1,fitzgerald,625,austen,6.475027720133464
1,fitzgerald,625,fitzgerald,6.288492134639195
1,fitzgerald,625,twain,7.084104925394058
1,fitzgerald,626,train,5.017127513885498
1,fitzgerald,626,baum,6.407654881477356
1,fitzgerald,626,thompson,7.006202697753906
1,fitzgerald,626,dickens,6.376803557078044
1,fitzgerald,626,melville,7.39973947736952
1,fitzgerald,626,wells,6.506640036900838
1,fitzgerald,626,austen,6.464747985204061
1,fitzgerald,626,fitzgerald,6.282652514321463
1,fitzgerald,626,twain,7.071868926286697
1,fitzgerald,627,train,4.9571404457092285
1,fitzgerald,627,baum,6.402305483818054
1,fitzgerald,627,thompson,7.007909774780273
1,fitzgerald,627,dickens,6.376152674357097
1,fitzgerald,627,melville,7.401329888237847
1,fitzgerald,627,wells,6.506033897399902
1,fitzgerald,627,austen,6.463818232218425
1,fitzgerald,627,fitzgerald,6.282170908791678
1,fitzgerald,627,twain,7.0759672820568085
1,fitzgerald,628,train,4.925878365834554
1,fitzgerald,628,baum,6.408729791641235
1,fitzgerald,628,thompson,7.009668111801148
1,fitzgerald,628,dickens,6.379260222117106
1,fitzgerald,628,melville,7.404184765285915
1,fitzgerald,628,wells,6.512253443400065
1,fitzgerald,628,austen,6.468220551808675
1,fitzgerald,628,fitzgerald,6.284959724971226
1,fitzgerald,628,twain,7.083268761634827
1,fitzgerald,629,train,4.981945514678955
1,fitzgerald,629,baum,6.396788716316223
1,fitzgerald,629,thompson,7.002550005912781
1,fitzgerald,629,dickens,6.372562090555827
1,fitzgerald,629,melville,7.402455912695991
1,fitzgerald,629,wells,6.499638795852661
1,fitzgerald,629,austen,6.458868106206258
1,fitzgerald,629,fitzgerald,6.277620996747698
1,fitzgerald,629,twain,7.077000051736832
1,fitzgerald,630,train,4.884598096211751
1,fitzgerald,630,baum,6.409860372543335
1,fitzgerald,630,thompson,7.011199593544006
1,fitzgerald,630,dickens,6.382150014241536
1,fitzgerald,630,melville,7.407313823699951
1,fitzgerald,630,wells,6.509141842524211
1,fitzgerald,630,austen,6.474365711212158
1,fitzgerald,630,fitzgerald,6.284457342965262
1,fitzgerald,630,twain,7.082941383123398
1,fitzgerald,631,train,4.968353112538655
1,fitzgerald,631,baum,6.40763521194458
1,fitzgerald,631,thompson,7.013431906700134
1,fitzgerald,631,dickens,6.38578462600708
1,fitzgerald,631,melville,7.417358504401313
1,fitzgerald,631,wells,6.511966784795125
1,fitzgerald,631,austen,6.471035559972127
1,fitzgerald,631,fitzgerald,6.283994947160993
1,fitzgerald,631,twain,7.085478812456131
1,fitzgerald,632,train,5.009486039479573
1,fitzgerald,632,baum,6.409283399581909
1,fitzgerald,632,thompson,7.010610342025757
1,fitzgerald,632,dickens,6.382213910420735
1,fitzgerald,632,melville,7.410362137688531
1,fitzgerald,632,wells,6.50702174504598
1,fitzgerald,632,austen,6.470576365788777
1,fitzgerald,632,fitzgerald,6.281891141619001
1,fitzgerald,632,twain,7.081701874732971
1,fitzgerald,633,train,5.021207332611084
1,fitzgerald,633,baum,6.401029944419861
1,fitzgerald,633,thompson,7.006953477859497
1,fitzgerald,633,dickens,6.376715183258057
1,fitzgerald,633,melville,7.406571547190349
1,fitzgerald,633,wells,6.49867057800293
1,fitzgerald,633,austen,6.46104081471761
1,fitzgerald,633,fitzgerald,6.276433740343366
1,fitzgerald,633,twain,7.076472342014313
1,fitzgerald,634,train,4.993067264556885
1,fitzgerald,634,baum,6.412925839424133
1,fitzgerald,634,thompson,7.017923355102539
1,fitzgerald,634,dickens,6.391965230305989
1,fitzgerald,634,melville,7.4201633665296765
1,fitzgerald,634,wells,6.5163906415303545
1,fitzgerald,634,austen,6.475919326146443
1,fitzgerald,634,fitzgerald,6.286825520651681
1,fitzgerald,634,twain,7.092775762081146
1,fitzgerald,635,train,4.97476863861084
1,fitzgerald,635,baum,6.412725329399109
1,fitzgerald,635,thompson,7.01956033706665
1,fitzgerald,635,dickens,6.387036164601644
1,fitzgerald,635,melville,7.419744968414307
1,fitzgerald,635,wells,6.514055172602336
1,fitzgerald,635,austen,6.475404739379883
1,fitzgerald,635,fitzgerald,6.287447384425572
1,fitzgerald,635,twain,7.091960281133652
1,fitzgerald,636,train,4.96616792678833
1,fitzgerald,636,baum,6.411478638648987
1,fitzgerald,636,thompson,7.016124248504639
1,fitzgerald,636,dickens,6.388216972351074
1,fitzgerald,636,melville,7.421176857418484
1,fitzgerald,636,wells,6.5144868691762285
1,fitzgerald,636,austen,6.473488807678223
1,fitzgerald,636,fitzgerald,6.285637242453439
1,fitzgerald,636,twain,7.089866816997528
1,fitzgerald,637,train,5.001156489054362
1,fitzgerald,637,baum,6.411530375480652
1,fitzgerald,637,thompson,7.015726804733276
1,fitzgerald,637,dickens,6.378727436065674
1,fitzgerald,637,melville,7.413372145758735
1,fitzgerald,637,wells,6.509466727574666
1,fitzgerald,637,austen,6.468711296717326
1,fitzgerald,637,fitzgerald,6.280889170510428
1,fitzgerald,637,twain,7.085076063871384
1,fitzgerald,638,train,4.997974077860515
1,fitzgerald,638,baum,6.411839008331299
1,fitzgerald,638,thompson,7.01500415802002
1,fitzgerald,638,dickens,6.384960333506267
1,fitzgerald,638,melville,7.421804587046306
1,fitzgerald,638,wells,6.512003739674886
1,fitzgerald,638,austen,6.474680105845134
1,fitzgerald,638,fitzgerald,6.2833974702017645
1,fitzgerald,638,twain,7.088007003068924
1,fitzgerald,639,train,4.943645636240642
1,fitzgerald,639,baum,6.412425875663757
1,fitzgerald,639,thompson,7.02059543132782
1,fitzgerald,639,dickens,6.379425843556722
1,fitzgerald,639,melville,7.420027467939589
1,fitzgerald,639,wells,6.513792673746745
1,fitzgerald,639,austen,6.472342252731323
1,fitzgerald,639,fitzgerald,6.283111163548061
1,fitzgerald,639,twain,7.092491328716278
1,fitzgerald,640,train,4.925162315368652
1,fitzgerald,640,baum,6.41588830947876
1,fitzgerald,640,thompson,7.019772171974182
1,fitzgerald,640,dickens,6.3884806632995605
1,fitzgerald,640,melville,7.422482967376709
1,fitzgerald,640,wells,6.517247200012207
1,fitzgerald,640,austen,6.478044350941976
1,fitzgerald,640,fitzgerald,6.285948548998151
1,fitzgerald,640,twain,7.092044353485107
1,fitzgerald,641,train,5.031569798787435
1,fitzgerald,641,baum,6.392042517662048
1,fitzgerald,641,thompson,7.007868766784668
1,fitzgerald,641,dickens,6.3647511800130205
1,fitzgerald,641,melville,7.411478360493978
1,fitzgerald,641,wells,6.49535346031189
1,fitzgerald,641,austen,6.455273310343425
1,fitzgerald,641,fitzgerald,6.270168508802142
1,fitzgerald,641,twain,7.076614886522293
1,fitzgerald,642,train,4.919026374816895
1,fitzgerald,642,baum,6.415616869926453
1,fitzgerald,642,thompson,7.0150840282440186
1,fitzgerald,642,dickens,6.385123411814372
1,fitzgerald,642,melville,7.417971716986762
1,fitzgerald,642,wells,6.517124732335408
1,fitzgerald,642,austen,6.478439092636108
1,fitzgerald,642,fitzgerald,6.284245014190674
1,fitzgerald,642,twain,7.091915935277939
1,fitzgerald,643,train,4.903068065643311
1,fitzgerald,643,baum,6.392320513725281
1,fitzgerald,643,thompson,7.007134556770325
1,fitzgerald,643,dickens,6.3663223584493
1,fitzgerald,643,melville,7.411764250861274
1,fitzgerald,643,wells,6.49821662902832
1,fitzgerald,643,austen,6.457312981287639
1,fitzgerald,643,fitzgerald,6.272606236594064
1,fitzgerald,643,twain,7.079118758440018
1,fitzgerald,644,train,4.907805919647217
1,fitzgerald,644,baum,6.416166067123413
1,fitzgerald,644,thompson,7.015088081359863
1,fitzgerald,644,dickens,6.384061177571614
1,fitzgerald,644,melville,7.41361755794949
1,fitzgerald,644,wells,6.516388734181722
1,fitzgerald,644,austen,6.479297796885173
1,fitzgerald,644,fitzgerald,6.283770152500698
1,fitzgerald,644,twain,7.086367666721344
1,fitzgerald,645,train,4.903828461964925
1,fitzgerald,645,baum,6.403657197952271
1,fitzgerald,645,thompson,7.012257099151611
1,fitzgerald,645,dickens,6.377910296122233
1,fitzgerald,645,melville,7.420101589626736
1,fitzgerald,645,wells,6.507102251052856
1,fitzgerald,645,austen,6.469348589579265
1,fitzgerald,645,fitzgerald,6.276322841644287
1,fitzgerald,645,twain,7.084449976682663
1,fitzgerald,646,train,5.00156037012736
1,fitzgerald,646,baum,6.413654446601868
1,fitzgerald,646,thompson,7.0126200914382935
1,fitzgerald,646,dickens,6.381574789683024
1,fitzgerald,646,melville,7.412048869662815
1,fitzgerald,646,wells,6.514223178227742
1,fitzgerald,646,austen,6.475522915522258
1,fitzgerald,646,fitzgerald,6.281228814806257
1,fitzgerald,646,twain,7.0839638113975525
1,fitzgerald,647,train,4.942627588907878
1,fitzgerald,647,baum,6.395989894866943
1,fitzgerald,647,thompson,7.010412931442261
1,fitzgerald,647,dickens,6.370828151702881
1,fitzgerald,647,melville,7.416604518890381
1,fitzgerald,647,wells,6.503051360448201
1,fitzgerald,647,austen,6.458643913269043
1,fitzgerald,647,fitzgerald,6.271661349705288
1,fitzgerald,647,twain,7.080104827880859
1,fitzgerald,648,train,4.923933664957683
1,fitzgerald,648,baum,6.419831037521362
1,fitzgerald,648,thompson,7.01820719242096
1,fitzgerald,648,dickens,6.385525862375896
1,fitzgerald,648,melville,7.419637680053711
1,fitzgerald,648,wells,6.52063266436259
1,fitzgerald,648,austen,6.482975482940674
1,fitzgerald,648,fitzgerald,6.283578191484724
1,fitzgerald,648,twain,7.09208083152771
1,fitzgerald,649,train,4.920263767242432
1,fitzgerald,649,baum,6.399983286857605
1,fitzgerald,649,thompson,7.010338306427002
1,fitzgerald,649,dickens,6.373811403910319
1,fitzgerald,649,melville,7.418261263105604
1,fitzgerald,649,wells,6.508650700251262
1,fitzgerald,649,austen,6.463088194529216
1,fitzgerald,649,fitzgerald,6.27439512525286
1,fitzgerald,649,twain,7.083171874284744
1,fitzgerald,650,train,4.917953014373779
1,fitzgerald,650,baum,6.396685719490051
1,fitzgerald,650,thompson,7.0029590129852295
1,fitzgerald,650,dickens,6.368176778157552
1,fitzgerald,650,melville,7.404344770643446
1,fitzgerald,650,wells,6.500560283660889
1,fitzgerald,650,austen,6.460497617721558
1,fitzgerald,650,fitzgerald,6.2704010009765625
1,fitzgerald,650,twain,7.07386988401413
1,fitzgerald,651,train,4.935208320617676
1,fitzgerald,651,baum,6.389431476593018
1,fitzgerald,651,thompson,7.004462480545044
1,fitzgerald,651,dickens,6.357731183369954
1,fitzgerald,651,melville,7.406241628858778
1,fitzgerald,651,wells,6.49292778968811
1,fitzgerald,651,austen,6.452085018157959
1,fitzgerald,651,fitzgerald,6.266179493495396
1,fitzgerald,651,twain,7.072350651025772
1,fitzgerald,652,train,4.904541969299316
1,fitzgerald,652,baum,6.409847855567932
1,fitzgerald,652,thompson,7.0099036693573
1,fitzgerald,652,dickens,6.378281911214192
1,fitzgerald,652,melville,7.414784855312771
1,fitzgerald,652,wells,6.515904585520427
1,fitzgerald,652,austen,6.470523993174235
1,fitzgerald,652,fitzgerald,6.278855119432722
1,fitzgerald,652,twain,7.082788646221161
1,fitzgerald,653,train,4.945754210154216
1,fitzgerald,653,baum,6.39158308506012
1,fitzgerald,653,thompson,7.0033546686172485
1,fitzgerald,653,dickens,6.364238897959392
1,fitzgerald,653,melville,7.406750679016113
1,fitzgerald,653,wells,6.497825384140015
1,fitzgerald,653,austen,6.457162062327067
1,fitzgerald,653,fitzgerald,6.2665590558733255
1,fitzgerald,653,twain,7.075427174568176
1,fitzgerald,654,train,4.943983713785808
1,fitzgerald,654,baum,6.417184114456177
1,fitzgerald,654,thompson,7.026628136634827
1,fitzgerald,654,dickens,6.384383678436279
1,fitzgerald,654,melville,7.428348117404514
1,fitzgerald,654,wells,6.518910487492879
1,fitzgerald,654,austen,6.47868553797404
1,fitzgerald,654,fitzgerald,6.283906868525913
1,fitzgerald,654,twain,7.094714879989624
1,fitzgerald,655,train,4.866796175638835
1,fitzgerald,655,baum,6.4134910106658936
1,fitzgerald,655,thompson,7.01727569103241
1,fitzgerald,655,dickens,6.381129423777263
1,fitzgerald,655,melville,7.424758593241374
1,fitzgerald,655,wells,6.517744779586792
1,fitzgerald,655,austen,6.474970658620198
1,fitzgerald,655,fitzgerald,6.280022212437221
1,fitzgerald,655,twain,7.0919173657894135
1,fitzgerald,656,train,4.871794859568278
1,fitzgerald,656,baum,6.398336291313171
1,fitzgerald,656,thompson,7.008779168128967
1,fitzgerald,656,dickens,6.370868523915608
1,fitzgerald,656,melville,7.417429341210259
1,fitzgerald,656,wells,6.503470102945964
1,fitzgerald,656,austen,6.460410197575887
1,fitzgerald,656,fitzgerald,6.269421441214425
1,fitzgerald,656,twain,7.082862019538879
1,fitzgerald,657,train,4.846501350402832
1,fitzgerald,657,baum,6.405865430831909
1,fitzgerald,657,thompson,7.011258006095886
1,fitzgerald,657,dickens,6.373565038045247
1,fitzgerald,657,melville,7.412832313113743
1,fitzgerald,657,wells,6.505128622055054
1,fitzgerald,657,austen,6.465229272842407
1,fitzgerald,657,fitzgerald,6.27245215007237
1,fitzgerald,657,twain,7.080324232578278
1,fitzgerald,658,train,4.896100838979085
1,fitzgerald,658,baum,6.398914575576782
1,fitzgerald,658,thompson,7.00694751739502
1,fitzgerald,658,dickens,6.371450424194336
1,fitzgerald,658,melville,7.415573014153375
1,fitzgerald,658,wells,6.503101984659831
1,fitzgerald,658,austen,6.464935461680095
1,fitzgerald,658,fitzgerald,6.26955372946603
1,fitzgerald,658,twain,7.082272320985794
1,fitzgerald,659,train,4.89553435643514
1,fitzgerald,659,baum,6.416215419769287
1,fitzgerald,659,thompson,7.019415616989136
1,fitzgerald,659,dickens,6.383181254069011
1,fitzgerald,659,melville,7.430476665496826
1,fitzgerald,659,wells,6.5191521644592285
1,fitzgerald,659,austen,6.47829532623291
1,fitzgerald,659,fitzgerald,6.280833721160889
1,fitzgerald,659,twain,7.094935804605484
1,fitzgerald,660,train,4.917679309844971
1,fitzgerald,660,baum,6.407604455947876
1,fitzgerald,660,thompson,7.014647722244263
1,fitzgerald,660,dickens,6.369990507761638
1,fitzgerald,660,melville,7.419881926642524
1,fitzgerald,660,wells,6.507416645685832
1,fitzgerald,660,austen,6.466252088546753
1,fitzgerald,660,fitzgerald,6.272356237683978
1,fitzgerald,660,twain,7.085181266069412
1,fitzgerald,661,train,4.894222736358643
1,fitzgerald,661,baum,6.402196526527405
1,fitzgerald,661,thompson,7.014289975166321
1,fitzgerald,661,dickens,6.3783548672993975
1,fitzgerald,661,melville,7.430493195851644
1,fitzgerald,661,wells,6.51136040687561
1,fitzgerald,661,austen,6.470517158508301
1,fitzgerald,661,fitzgerald,6.274034227643695
1,fitzgerald,661,twain,7.09259769320488
1,fitzgerald,662,train,4.798318862915039
1,fitzgerald,662,baum,6.411949038505554
1,fitzgerald,662,thompson,7.017013311386108
1,fitzgerald,662,dickens,6.376243591308594
1,fitzgerald,662,melville,7.424186335669623
1,fitzgerald,662,wells,6.511773109436035
1,fitzgerald,662,austen,6.47043760617574
1,fitzgerald,662,fitzgerald,6.274403776441302
1,fitzgerald,662,twain,7.087177038192749
1,fitzgerald,663,train,4.864888668060303
1,fitzgerald,663,baum,6.410696268081665
1,fitzgerald,663,thompson,7.011743068695068
1,fitzgerald,663,dickens,6.380519390106201
1,fitzgerald,663,melville,7.422825707329644
1,fitzgerald,663,wells,6.512728134791057
1,fitzgerald,663,austen,6.471079190572103
1,fitzgerald,663,fitzgerald,6.274375711168561
1,fitzgerald,663,twain,7.088570594787598
1,fitzgerald,664,train,4.9181718826293945
1,fitzgerald,664,baum,6.402993440628052
1,fitzgerald,664,thompson,7.011564493179321
1,fitzgerald,664,dickens,6.370285669962565
1,fitzgerald,664,melville,7.418764061397976
1,fitzgerald,664,wells,6.503672043482463
1,fitzgerald,664,austen,6.463384389877319
1,fitzgerald,664,fitzgerald,6.270147800445557
1,fitzgerald,664,twain,7.085208177566528
1,fitzgerald,665,train,4.837362289428711
1,fitzgerald,665,baum,6.417211174964905
1,fitzgerald,665,thompson,7.023402333259583
1,fitzgerald,665,dickens,6.38225777943929
1,fitzgerald,665,melville,7.428337097167969
1,fitzgerald,665,wells,6.51644778251648
1,fitzgerald,665,austen,6.476279894510905
1,fitzgerald,665,fitzgerald,6.277988774435861
1,fitzgerald,665,twain,7.095555692911148
1,fitzgerald,666,train,4.910852750142415
1,fitzgerald,666,baum,6.409997224807739
1,fitzgerald,666,thompson,7.016527414321899
1,fitzgerald,666,dickens,6.376093705495198
1,fitzgerald,666,melville,7.423800998263889
1,fitzgerald,666,wells,6.51133378346761
1,fitzgerald,666,austen,6.470564842224121
1,fitzgerald,666,fitzgerald,6.272283145359585
1,fitzgerald,666,twain,7.088783115148544
1,fitzgerald,667,train,4.890641212463379
1,fitzgerald,667,baum,6.413922190666199
1,fitzgerald,667,thompson,7.01535177230835
1,fitzgerald,667,dickens,6.372637112935384
1,fitzgerald,667,melville,7.424186918470594
1,fitzgerald,667,wells,6.506468216578166
1,fitzgerald,667,austen,6.470027128855388
1,fitzgerald,667,fitzgerald,6.271888392312186
1,fitzgerald,667,twain,7.082943707704544
1,fitzgerald,668,train,4.919158140818278
1,fitzgerald,668,baum,6.407968163490295
1,fitzgerald,668,thompson,7.012761354446411
1,fitzgerald,668,dickens,6.373584429423015
1,fitzgerald,668,melville,7.431351661682129
1,fitzgerald,668,wells,6.50818411509196
1,fitzgerald,668,austen,6.467675685882568
1,fitzgerald,668,fitzgerald,6.271031720297677
1,fitzgerald,668,twain,7.087869167327881
1,fitzgerald,669,train,4.929762363433838
1,fitzgerald,669,baum,6.4242589473724365
1,fitzgerald,669,thompson,7.023899435997009
1,fitzgerald,669,dickens,6.383959452311198
1,fitzgerald,669,melville,7.434063063727485
1,fitzgerald,669,wells,6.521086931228638
1,fitzgerald,669,austen,6.483373165130615
1,fitzgerald,669,fitzgerald,6.279899324689593
1,fitzgerald,669,twain,7.098752349615097
1,fitzgerald,670,train,4.883086522420247
1,fitzgerald,670,baum,6.402801036834717
1,fitzgerald,670,thompson,7.017866015434265
1,fitzgerald,670,dickens,6.374470233917236
1,fitzgerald,670,melville,7.433243062761095
1,fitzgerald,670,wells,6.504479090372722
1,fitzgerald,670,austen,6.461936791737874
1,fitzgerald,670,fitzgerald,6.2701689856393
1,fitzgerald,670,twain,7.089102774858475
1,fitzgerald,671,train,4.84290345509847
1,fitzgerald,671,baum,6.401754021644592
1,fitzgerald,671,thompson,7.015957951545715
1,fitzgerald,671,dickens,6.371100266774495
1,fitzgerald,671,melville,7.427254094017877
1,fitzgerald,671,wells,6.504201730092366
1,fitzgerald,671,austen,6.461969057718913
1,fitzgerald,671,fitzgerald,6.268414701734271
1,fitzgerald,671,twain,7.087382972240448
1,fitzgerald,672,train,4.885745207468669
1,fitzgerald,672,baum,6.409585118293762
1,fitzgerald,672,thompson,7.013613104820252
1,fitzgerald,672,dickens,6.3721286455790205
1,fitzgerald,672,melville,7.424012449052599
1,fitzgerald,672,wells,6.5086855093638105
1,fitzgerald,672,austen,6.469127655029297
1,fitzgerald,672,fitzgerald,6.269444601876395
1,fitzgerald,672,twain,7.086927235126495
1,fitzgerald,673,train,4.902567545572917
1,fitzgerald,673,baum,6.416964054107666
1,fitzgerald,673,thompson,7.021915316581726
1,fitzgerald,673,dickens,6.377490520477295
1,fitzgerald,673,melville,7.432516415913899
1,fitzgerald,673,wells,6.517821788787842
1,fitzgerald,673,austen,6.478169043858846
1,fitzgerald,673,fitzgerald,6.276865686689105
1,fitzgerald,673,twain,7.096781939268112
1,fitzgerald,674,train,4.824842770894368
1,fitzgerald,674,baum,6.405440807342529
1,fitzgerald,674,thompson,7.015077829360962
1,fitzgerald,674,dickens,6.371020634969075
1,fitzgerald,674,melville,7.423388799031575
1,fitzgerald,674,wells,6.5099053382873535
1,fitzgerald,674,austen,6.469615618387858
1,fitzgerald,674,fitzgerald,6.268956388745989
1,fitzgerald,674,twain,7.089733988046646
1,fitzgerald,675,train,4.878889083862305
1,fitzgerald,675,baum,6.407392144203186
1,fitzgerald,675,thompson,7.012820601463318
1,fitzgerald,675,dickens,6.3725941975911455
1,fitzgerald,675,melville,7.420692761739095
1,fitzgerald,675,wells,6.509351094563802
1,fitzgerald,675,austen,6.46613081296285
1,fitzgerald,675,fitzgerald,6.2679499217442105
1,fitzgerald,675,twain,7.085093408823013
1,fitzgerald,676,train,4.88778034845988
1,fitzgerald,676,baum,6.411447167396545
1,fitzgerald,676,thompson,7.017780065536499
1,fitzgerald,676,dickens,6.377285639444987
1,fitzgerald,676,melville,7.42465713289049
1,fitzgerald,676,wells,6.5114955107371015
1,fitzgerald,676,austen,6.469141562779744
1,fitzgerald,676,fitzgerald,6.270754609789167
1,fitzgerald,676,twain,7.089031338691711
1,fitzgerald,677,train,4.786287784576416
1,fitzgerald,677,baum,6.406869053840637
1,fitzgerald,677,thompson,7.016264081001282
1,fitzgerald,677,dickens,6.37647024790446
1,fitzgerald,677,melville,7.421855979495579
1,fitzgerald,677,wells,6.508189837137858
1,fitzgerald,677,austen,6.466700553894043
1,fitzgerald,677,fitzgerald,6.265382834843227
1,fitzgerald,677,twain,7.087437480688095
1,fitzgerald,678,train,4.8986124992370605
1,fitzgerald,678,baum,6.415982365608215
1,fitzgerald,678,thompson,7.020397186279297
1,fitzgerald,678,dickens,6.381904760996501
1,fitzgerald,678,melville,7.427914248572455
1,fitzgerald,678,wells,6.516071637471517
1,fitzgerald,678,austen,6.474174340565999
1,fitzgerald,678,fitzgerald,6.269782543182373
1,fitzgerald,678,twain,7.0924766063690186
1,fitzgerald,679,train,4.866608778635661
1,fitzgerald,679,baum,6.400752186775208
1,fitzgerald,679,thompson,7.012702345848084
1,fitzgerald,679,dickens,6.373270670572917
1,fitzgerald,679,melville,7.426804701487224
1,fitzgerald,679,wells,6.502233902613322
1,fitzgerald,679,austen,6.461355686187744
1,fitzgerald,679,fitzgerald,6.264080728803362
1,fitzgerald,679,twain,7.086922734975815
1,fitzgerald,680,train,4.7822221120198565
1,fitzgerald,680,baum,6.416507482528687
1,fitzgerald,680,thompson,7.024727463722229
1,fitzgerald,680,dickens,6.3803582191467285
1,fitzgerald,680,melville,7.432873460981581
1,fitzgerald,680,wells,6.51772157351176
1,fitzgerald,680,austen,6.47581426302592
1,fitzgerald,680,fitzgerald,6.271743774414063
1,fitzgerald,680,twain,7.099889606237412
1,fitzgerald,681,train,4.825884024302165
1,fitzgerald,681,baum,6.408379435539246
1,fitzgerald,681,thompson,7.019028902053833
1,fitzgerald,681,dickens,6.376122792561849
1,fitzgerald,681,melville,7.4270445505778
1,fitzgerald,681,wells,6.509406725565593
1,fitzgerald,681,austen,6.465043862660726
1,fitzgerald,681,fitzgerald,6.267077514103481
1,fitzgerald,681,twain,7.0891836285591125
1,fitzgerald,682,train,4.89799960454305
1,fitzgerald,682,baum,6.399420857429504
1,fitzgerald,682,thompson,7.01281213760376
1,fitzgerald,682,dickens,6.364668210347493
1,fitzgerald,682,melville,7.419004016452366
1,fitzgerald,682,wells,6.497751951217651
1,fitzgerald,682,austen,6.456434806187947
1,fitzgerald,682,fitzgerald,6.260712419237409
1,fitzgerald,682,twain,7.0812956392765045
1,fitzgerald,683,train,4.805889288584392
1,fitzgerald,683,baum,6.4077308177948
1,fitzgerald,683,thompson,7.017457723617554
1,fitzgerald,683,dickens,6.372828006744385
1,fitzgerald,683,melville,7.430632379319933
1,fitzgerald,683,wells,6.513083219528198
1,fitzgerald,683,austen,6.468510548273723
1,fitzgerald,683,fitzgerald,6.266768727983747
1,fitzgerald,683,twain,7.092795759439468
1,fitzgerald,684,train,4.885098775227864
1,fitzgerald,684,baum,6.4184889793396
1,fitzgerald,684,thompson,7.022026777267456
1,fitzgerald,684,dickens,6.380184650421143
1,fitzgerald,684,melville,7.429841147528754
1,fitzgerald,684,wells,6.517572561899821
1,fitzgerald,684,austen,6.475763161977132
1,fitzgerald,684,fitzgerald,6.272125857216971
1,fitzgerald,684,twain,7.093294858932495
1,fitzgerald,685,train,4.806207656860352
1,fitzgerald,685,baum,6.405101776123047
1,fitzgerald,685,thompson,7.021488189697266
1,fitzgerald,685,dickens,6.371101538340251
1,fitzgerald,685,melville,7.424150466918945
1,fitzgerald,685,wells,6.506335179011027
1,fitzgerald,685,austen,6.464294036229451
1,fitzgerald,685,fitzgerald,6.264255728040423
1,fitzgerald,685,twain,7.088412553071976
1,fitzgerald,686,train,4.811705430348714
1,fitzgerald,686,baum,6.406722545623779
1,fitzgerald,686,thompson,7.022302865982056
1,fitzgerald,686,dickens,6.373658974965413
1,fitzgerald,686,melville,7.425454828474256
1,fitzgerald,686,wells,6.50554100672404
1,fitzgerald,686,austen,6.463622570037842
1,fitzgerald,686,fitzgerald,6.264504841395786
1,fitzgerald,686,twain,7.087491661310196
1,fitzgerald,687,train,4.853964964548747
1,fitzgerald,687,baum,6.409821271896362
1,fitzgerald,687,thompson,7.023095607757568
1,fitzgerald,687,dickens,6.378666559855144
1,fitzgerald,687,melville,7.432310316297743
1,fitzgerald,687,wells,6.512373606363933
1,fitzgerald,687,austen,6.470183690388997
1,fitzgerald,687,fitzgerald,6.267610686165946
1,fitzgerald,687,twain,7.095989435911179
1,fitzgerald,688,train,4.840673446655273
1,fitzgerald,688,baum,6.418545126914978
1,fitzgerald,688,thompson,7.028408408164978
1,fitzgerald,688,dickens,6.379178524017334
1,fitzgerald,688,melville,7.432965490553114
1,fitzgerald,688,wells,6.518154541651408
1,fitzgerald,688,austen,6.477287610371907
1,fitzgerald,688,fitzgerald,6.271558080400739
1,fitzgerald,688,twain,7.100380957126617
1,fitzgerald,689,train,4.785937627156575
1,fitzgerald,689,baum,6.411890029907227
1,fitzgerald,689,thompson,7.02140212059021
1,fitzgerald,689,dickens,6.3704752922058105
1,fitzgerald,689,melville,7.431636492411296
1,fitzgerald,689,wells,6.513750553131104
1,fitzgerald,689,austen,6.469220320383708
1,fitzgerald,689,fitzgerald,6.266667638506208
1,fitzgerald,689,twain,7.096442520618439
1,fitzgerald,690,train,4.850891590118408
1,fitzgerald,690,baum,6.412307500839233
1,fitzgerald,690,thompson,7.020263314247131
1,fitzgerald,690,dickens,6.373717943827312
1,fitzgerald,690,melville,7.434239917331272
1,fitzgerald,690,wells,6.515454451243083
1,fitzgerald,690,austen,6.471960465113322
1,fitzgerald,690,fitzgerald,6.2685127939496725
1,fitzgerald,690,twain,7.097427725791931
1,fitzgerald,691,train,4.894311904907227
1,fitzgerald,691,baum,6.415750980377197
1,fitzgerald,691,thompson,7.022981762886047
1,fitzgerald,691,dickens,6.371516545613607
1,fitzgerald,691,melville,7.43027835422092
1,fitzgerald,691,wells,6.513676643371582
1,fitzgerald,691,austen,6.474401950836182
1,fitzgerald,691,fitzgerald,6.268164430345808
1,fitzgerald,691,twain,7.092546224594116
1,fitzgerald,692,train,4.826929410298665
1,fitzgerald,692,baum,6.403820157051086
1,fitzgerald,692,thompson,7.015876650810242
1,fitzgerald,692,dickens,6.369161923726399
1,fitzgerald,692,melville,7.432330290476481
1,fitzgerald,692,wells,6.508016268412272
1,fitzgerald,692,austen,6.463647762934367
1,fitzgerald,692,fitzgerald,6.260668141501291
1,fitzgerald,692,twain,7.089119464159012
1,fitzgerald,693,train,4.778457800547282
1,fitzgerald,693,baum,6.425575733184815
1,fitzgerald,693,thompson,7.032984375953674
1,fitzgerald,693,dickens,6.382543245951335
1,fitzgerald,693,melville,7.440720028347439
1,fitzgerald,693,wells,6.524356126785278
1,fitzgerald,693,austen,6.481188138326009
1,fitzgerald,693,fitzgerald,6.273174013410296
1,fitzgerald,693,twain,7.1043417155742645
1,fitzgerald,694,train,4.816152731577556
1,fitzgerald,694,baum,6.4123311042785645
1,fitzgerald,694,thompson,7.030144214630127
1,fitzgerald,694,dickens,6.36907164255778
1,fitzgerald,694,melville,7.431847625308567
1,fitzgerald,694,wells,6.5073535442352295
1,fitzgerald,694,austen,6.467365026473999
1,fitzgerald,694,fitzgerald,6.262629440852574
1,fitzgerald,694,twain,7.092489987611771
1,fitzgerald,695,train,4.787516752878825
1,fitzgerald,695,baum,6.427794456481934
1,fitzgerald,695,thompson,7.032260537147522
1,fitzgerald,695,dickens,6.388093630472819
1,fitzgerald,695,melville,7.445514784918891
1,fitzgerald,695,wells,6.523658990859985
1,fitzgerald,695,austen,6.487106879552205
1,fitzgerald,695,fitzgerald,6.27159983771188
1,fitzgerald,695,twain,7.104429751634598
1,fitzgerald,696,train,4.793817043304443
1,fitzgerald,696,baum,6.414537668228149
1,fitzgerald,696,thompson,7.026250600814819
1,fitzgerald,696,dickens,6.369999726613362
1,fitzgerald,696,melville,7.439489152696398
1,fitzgerald,696,wells,6.511038700739543
1,fitzgerald,696,austen,6.470503091812134
1,fitzgerald,696,fitzgerald,6.263856274741037
1,fitzgerald,696,twain,7.098917901515961
1,fitzgerald,697,train,4.812814394632976
1,fitzgerald,697,baum,6.419522404670715
1,fitzgerald,697,thompson,7.024625182151794
1,fitzgerald,697,dickens,6.376037279764812
1,fitzgerald,697,melville,7.433526939815945
1,fitzgerald,697,wells,6.513539950052897
1,fitzgerald,697,austen,6.472832202911377
1,fitzgerald,697,fitzgerald,6.268330982753208
1,fitzgerald,697,twain,7.097975701093674
1,fitzgerald,698,train,4.803818384806315
1,fitzgerald,698,baum,6.414437532424927
1,fitzgerald,698,thompson,7.028364181518555
1,fitzgerald,698,dickens,6.370722929636638
1,fitzgerald,698,melville,7.437276787228054
1,fitzgerald,698,wells,6.513485590616862
1,fitzgerald,698,austen,6.4716072877248125
1,fitzgerald,698,fitzgerald,6.265200751168387
1,fitzgerald,698,twain,7.099492937326431
1,fitzgerald,699,train,4.823414325714111
1,fitzgerald,699,baum,6.425042152404785
1,fitzgerald,699,thompson,7.031416296958923
1,fitzgerald,699,dickens,6.382418314615886
1,fitzgerald,699,melville,7.443192746904161
1,fitzgerald,699,wells,6.524507761001587
1,fitzgerald,699,austen,6.481550216674805
1,fitzgerald,699,fitzgerald,6.272449970245361
1,fitzgerald,699,twain,7.106092184782028
1,fitzgerald,700,train,4.764857769012451
1,fitzgerald,700,baum,6.395014762878418
1,fitzgerald,700,thompson,7.022011041641235
1,fitzgerald,700,dickens,6.361445903778076
1,fitzgerald,700,melville,7.438889821370442
1,fitzgerald,700,wells,6.49877651532491
1,fitzgerald,700,austen,6.456492980321248
1,fitzgerald,700,fitzgerald,6.256235122680664
1,fitzgerald,700,twain,7.094152510166168
1,fitzgerald,701,train,4.817306359608968
1,fitzgerald,701,baum,6.425782442092896
1,fitzgerald,701,thompson,7.040246248245239
1,fitzgerald,701,dickens,6.385129610697429
1,fitzgerald,701,melville,7.450072553422716
1,fitzgerald,701,wells,6.528435945510864
1,fitzgerald,701,austen,6.485148747762044
1,fitzgerald,701,fitzgerald,6.276086807250977
1,fitzgerald,701,twain,7.113717466592789
1,fitzgerald,702,train,4.794981479644775
1,fitzgerald,702,baum,6.402223110198975
1,fitzgerald,702,thompson,7.023742198944092
1,fitzgerald,702,dickens,6.362972259521484
1,fitzgerald,702,melville,7.428715017106798
1,fitzgerald,702,wells,6.503594477971395
1,fitzgerald,702,austen,6.45913036664327
1,fitzgerald,702,fitzgerald,6.259155545915876
1,fitzgerald,702,twain,7.09045335650444
1,fitzgerald,703,train,4.805065949757894
1,fitzgerald,703,baum,6.4190462827682495
1,fitzgerald,703,thompson,7.027252674102783
1,fitzgerald,703,dickens,6.376882553100586
1,fitzgerald,703,melville,7.434368133544922
1,fitzgerald,703,wells,6.519041617711385
1,fitzgerald,703,austen,6.478526592254639
1,fitzgerald,703,fitzgerald,6.268833092280796
1,fitzgerald,703,twain,7.097197353839874
1,fitzgerald,704,train,4.7904791831970215
1,fitzgerald,704,baum,6.416391849517822
1,fitzgerald,704,thompson,7.028496265411377
1,fitzgerald,704,dickens,6.374704837799072
1,fitzgerald,704,melville,7.440621058146159
1,fitzgerald,704,wells,6.5188727378845215
1,fitzgerald,704,austen,6.476887385050456
1,fitzgerald,704,fitzgerald,6.265313625335693
1,fitzgerald,704,twain,7.098061740398407
1,fitzgerald,705,train,4.769487857818604
1,fitzgerald,705,baum,6.416519999504089
1,fitzgerald,705,thompson,7.029006004333496
1,fitzgerald,705,dickens,6.372989177703857
1,fitzgerald,705,melville,7.43889405992296
1,fitzgerald,705,wells,6.515698194503784
1,fitzgerald,705,austen,6.472770134607951
1,fitzgerald,705,fitzgerald,6.264714513506208
1,fitzgerald,705,twain,7.096391588449478
1,fitzgerald,706,train,4.801684856414795
1,fitzgerald,706,baum,6.429219126701355
1,fitzgerald,706,thompson,7.041273593902588
1,fitzgerald,706,dickens,6.377733866373698
1,fitzgerald,706,melville,7.449206087324354
1,fitzgerald,706,wells,6.525145610173543
1,fitzgerald,706,austen,6.484602530797322
1,fitzgerald,706,fitzgerald,6.272143432072231
1,fitzgerald,706,twain,7.106857776641846
1,fitzgerald,707,train,4.808258533477783
1,fitzgerald,707,baum,6.407508373260498
1,fitzgerald,707,thompson,7.021555066108704
1,fitzgerald,707,dickens,6.368358771006267
1,fitzgerald,707,melville,7.439086702134874
1,fitzgerald,707,wells,6.508771498998006
1,fitzgerald,707,austen,6.466610829035441
1,fitzgerald,707,fitzgerald,6.259507315499442
1,fitzgerald,707,twain,7.09500789642334
1,fitzgerald,708,train,4.753714879353841
1,fitzgerald,708,baum,6.40849494934082
1,fitzgerald,708,thompson,7.022445321083069
1,fitzgerald,708,dickens,6.364799340565999
1,fitzgerald,708,melville,7.432880295647515
1,fitzgerald,708,wells,6.5103669961293535
1,fitzgerald,708,austen,6.465445518493652
1,fitzgerald,708,fitzgerald,6.259680271148682
1,fitzgerald,708,twain,7.095193952322006
1,fitzgerald,709,train,4.759303569793701
1,fitzgerald,709,baum,6.411484599113464
1,fitzgerald,709,thompson,7.024648547172546
1,fitzgerald,709,dickens,6.369003454844157
1,fitzgerald,709,melville,7.437804169125027
1,fitzgerald,709,wells,6.514474471410115
1,fitzgerald,709,austen,6.469926675160726
1,fitzgerald,709,fitzgerald,6.2626583235604425
1,fitzgerald,709,twain,7.097535967826843
1,fitzgerald,710,train,4.73836882909139
1,fitzgerald,710,baum,6.403880715370178
1,fitzgerald,710,thompson,7.020979881286621
1,fitzgerald,710,dickens,6.370406627655029
1,fitzgerald,710,melville,7.437775346967909
1,fitzgerald,710,wells,6.507569789886475
1,fitzgerald,710,austen,6.46793778737386
1,fitzgerald,710,fitzgerald,6.258442674364362
1,fitzgerald,710,twain,7.094759285449982
1,fitzgerald,711,train,4.808590412139893
1,fitzgerald,711,baum,6.420418620109558
1,fitzgerald,711,thompson,7.033398747444153
1,fitzgerald,711,dickens,6.379085540771484
1,fitzgerald,711,melville,7.4422089788648815
1,fitzgerald,711,wells,6.520092089970906
1,fitzgerald,711,austen,6.477417627970378
1,fitzgerald,711,fitzgerald,6.265403951917376
1,fitzgerald,711,twain,7.102664142847061
1,fitzgerald,712,train,4.7667490641276045
1,fitzgerald,712,baum,6.410104036331177
1,fitzgerald,712,thompson,7.027060151100159
1,fitzgerald,712,dickens,6.374914169311523
1,fitzgerald,712,melville,7.442798561520046
1,fitzgerald,712,wells,6.5133053461710615
1,fitzgerald,712,austen,6.470115502675374
1,fitzgerald,712,fitzgerald,6.26174225125994
1,fitzgerald,712,twain,7.099015951156616
1,fitzgerald,713,train,4.851940631866455
1,fitzgerald,713,baum,6.424747109413147
1,fitzgerald,713,thompson,7.034565091133118
1,fitzgerald,713,dickens,6.37796672185262
1,fitzgerald,713,melville,7.447419908311632
1,fitzgerald,713,wells,6.524417797724406
1,fitzgerald,713,austen,6.482774098714192
1,fitzgerald,713,fitzgerald,6.270647866385324
1,fitzgerald,713,twain,7.107116162776947
1,fitzgerald,714,train,4.817248344421387
1,fitzgerald,714,baum,6.404659271240234
1,fitzgerald,714,thompson,7.024195432662964
1,fitzgerald,714,dickens,6.36468521753947
1,fitzgerald,714,melville,7.441267490386963
1,fitzgerald,714,wells,6.509752829869588
1,fitzgerald,714,austen,6.465483506520589
1,fitzgerald,714,fitzgerald,6.258956568581717
1,fitzgerald,714,twain,7.098148196935654
1,fitzgerald,715,train,4.720817565917969
1,fitzgerald,715,baum,6.420971512794495
1,fitzgerald,715,thompson,7.0355072021484375
1,fitzgerald,715,dickens,6.376631100972493
1,fitzgerald,715,melville,7.445026291741265
1,fitzgerald,715,wells,6.521887222925822
1,fitzgerald,715,austen,6.47919495900472
1,fitzgerald,715,fitzgerald,6.266878877367292
1,fitzgerald,715,twain,7.106973916292191
1,fitzgerald,716,train,4.790551662445068
1,fitzgerald,716,baum,6.41199517250061
1,fitzgerald,716,thompson,7.031834125518799
1,fitzgerald,716,dickens,6.367343743642171
1,fitzgerald,716,melville,7.441651397281223
1,fitzgerald,716,wells,6.514134327570598
1,fitzgerald,716,austen,6.467540979385376
1,fitzgerald,716,fitzgerald,6.261255332401821
1,fitzgerald,716,twain,7.1000796854496
1,fitzgerald,717,train,4.722408453623454
1,fitzgerald,717,baum,6.417274951934815
1,fitzgerald,717,thompson,7.031025409698486
1,fitzgerald,717,dickens,6.371655782063802
1,fitzgerald,717,melville,7.444254822201199
1,fitzgerald,717,wells,6.517839749654134
1,fitzgerald,717,austen,6.475780646006267
1,fitzgerald,717,fitzgerald,6.265262739998954
1,fitzgerald,717,twain,7.104348361492157
1,fitzgerald,718,train,4.732059796651204
1,fitzgerald,718,baum,6.423623085021973
1,fitzgerald,718,thompson,7.03246545791626
1,fitzgerald,718,dickens,6.369799296061198
1,fitzgerald,718,melville,7.44273402955797
1,fitzgerald,718,wells,6.519494613011678
1,fitzgerald,718,austen,6.478771924972534
1,fitzgerald,718,fitzgerald,6.2655108996800015
1,fitzgerald,718,twain,7.103430658578873
1,fitzgerald,719,train,4.768466472625732
1,fitzgerald,719,baum,6.409373283386231
1,fitzgerald,719,thompson,7.026622891426086
1,fitzgerald,719,dickens,6.365450223286946
1,fitzgerald,719,melville,7.440236727396647
1,fitzgerald,719,wells,6.508611122767131
1,fitzgerald,719,austen,6.467305262883504
1,fitzgerald,719,fitzgerald,6.257529258728027
1,fitzgerald,719,twain,7.096167057752609
1,fitzgerald,720,train,4.728744347890218
1,fitzgerald,720,baum,6.414905428886414
1,fitzgerald,720,thompson,7.0318803787231445
1,fitzgerald,720,dickens,6.372354666392009
1,fitzgerald,720,melville,7.443219767676459
1,fitzgerald,720,wells,6.518830060958862
1,fitzgerald,720,austen,6.477602005004883
1,fitzgerald,720,fitzgerald,6.262767859867641
1,fitzgerald,720,twain,7.103861391544342
1,fitzgerald,721,train,4.744585037231445
1,fitzgerald,721,baum,6.425622463226318
1,fitzgerald,721,thompson,7.038899302482605
1,fitzgerald,721,dickens,6.374425570170085
1,fitzgerald,721,melville,7.447861300574408
1,fitzgerald,721,wells,6.524652083714803
1,fitzgerald,721,austen,6.477745771408081
1,fitzgerald,721,fitzgerald,6.266209125518799
1,fitzgerald,721,twain,7.106757253408432
1,fitzgerald,722,train,4.676424821217855
1,fitzgerald,722,baum,6.408838868141174
1,fitzgerald,722,thompson,7.026111841201782
1,fitzgerald,722,dickens,6.367605050404866
1,fitzgerald,722,melville,7.441627025604248
1,fitzgerald,722,wells,6.509781996409099
1,fitzgerald,722,austen,6.469310919443767
1,fitzgerald,722,fitzgerald,6.256247179848807
1,fitzgerald,722,twain,7.099546611309052
1,fitzgerald,723,train,4.782096227010091
1,fitzgerald,723,baum,6.422940135002136
1,fitzgerald,723,thompson,7.032758712768555
1,fitzgerald,723,dickens,6.371746063232422
1,fitzgerald,723,melville,7.442805767059326
1,fitzgerald,723,wells,6.515644470850627
1,fitzgerald,723,austen,6.480557362238566
1,fitzgerald,723,fitzgerald,6.261154447283063
1,fitzgerald,723,twain,7.101523846387863
1,fitzgerald,724,train,4.701706568400065
1,fitzgerald,724,baum,6.429497838020325
1,fitzgerald,724,thompson,7.039895176887512
1,fitzgerald,724,dickens,6.38079039255778
1,fitzgerald,724,melville,7.455647786458333
1,fitzgerald,724,wells,6.525450547536214
1,fitzgerald,724,austen,6.487536509831746
1,fitzgerald,724,fitzgerald,6.267683097294399
1,fitzgerald,724,twain,7.109582453966141
1,fitzgerald,725,train,4.722920735677083
1,fitzgerald,725,baum,6.416897773742676
1,fitzgerald,725,thompson,7.033647894859314
1,fitzgerald,725,dickens,6.367167631785075
1,fitzgerald,725,melville,7.445846133761936
1,fitzgerald,725,wells,6.5138241449991865
1,fitzgerald,725,austen,6.475985527038574
1,fitzgerald,725,fitzgerald,6.260668754577637
1,fitzgerald,725,twain,7.103256642818451
1,fitzgerald,726,train,4.740090529123942
1,fitzgerald,726,baum,6.415624141693115
1,fitzgerald,726,thompson,7.032020926475525
1,fitzgerald,726,dickens,6.368289470672607
1,fitzgerald,726,melville,7.447738965352376
1,fitzgerald,726,wells,6.515876293182373
1,fitzgerald,726,austen,6.476984182993571
1,fitzgerald,726,fitzgerald,6.261451857430594
1,fitzgerald,726,twain,7.103932499885559
1,fitzgerald,727,train,4.706797917683919
1,fitzgerald,727,baum,6.41465437412262
1,fitzgerald,727,thompson,7.033717155456543
1,fitzgerald,727,dickens,6.36788288752238
1,fitzgerald,727,melville,7.452124118804932
1,fitzgerald,727,wells,6.516811052958171
1,fitzgerald,727,austen,6.4756864706675215
1,fitzgerald,727,fitzgerald,6.262895856584821
1,fitzgerald,727,twain,7.1049999594688416
1,fitzgerald,728,train,4.776293277740479
1,fitzgerald,728,baum,6.425815463066101
1,fitzgerald,728,thompson,7.039730787277222
1,fitzgerald,728,dickens,6.375087102254232
1,fitzgerald,728,melville,7.452512158287896
1,fitzgerald,728,wells,6.521570682525635
1,fitzgerald,728,austen,6.48406720161438
1,fitzgerald,728,fitzgerald,6.268609046936035
1,fitzgerald,728,twain,7.109180301427841
1,fitzgerald,729,train,4.731342633565267
1,fitzgerald,729,baum,6.420347332954407
1,fitzgerald,729,thompson,7.041346311569214
1,fitzgerald,729,dickens,6.372550169626872
1,fitzgerald,729,melville,7.45716200934516
1,fitzgerald,729,wells,6.522700548171997
1,fitzgerald,729,austen,6.4810396035512285
1,fitzgerald,729,fitzgerald,6.264612061636789
1,fitzgerald,729,twain,7.110033214092255
1,fitzgerald,730,train,4.7347917556762695
1,fitzgerald,730,baum,6.418313264846802
1,fitzgerald,730,thompson,7.037862539291382
1,fitzgerald,730,dickens,6.376042524973552
1,fitzgerald,730,melville,7.451791021558973
1,fitzgerald,730,wells,6.518622795740764
1,fitzgerald,730,austen,6.479799588521321
1,fitzgerald,730,fitzgerald,6.263393265860421
1,fitzgerald,730,twain,7.104401379823685
1,fitzgerald,731,train,4.715635617574056
1,fitzgerald,731,baum,6.417913198471069
1,fitzgerald,731,thompson,7.041240096092224
1,fitzgerald,731,dickens,6.370890935262044
1,fitzgerald,731,melville,7.451753616333008
1,fitzgerald,731,wells,6.518409490585327
1,fitzgerald,731,austen,6.472734292348226
1,fitzgerald,731,fitzgerald,6.263852528163365
1,fitzgerald,731,twain,7.106297582387924
1,fitzgerald,732,train,4.789287249247233
1,fitzgerald,732,baum,6.429330110549927
1,fitzgerald,732,thompson,7.0416882038116455
1,fitzgerald,732,dickens,6.379359722137451
1,fitzgerald,732,melville,7.452931774987115
1,fitzgerald,732,wells,6.524444023768107
1,fitzgerald,732,austen,6.485070864359538
1,fitzgerald,732,fitzgerald,6.267530577523368
1,fitzgerald,732,twain,7.107704132795334
1,fitzgerald,733,train,4.716575304667155
1,fitzgerald,733,baum,6.408207654953003
1,fitzgerald,733,thompson,7.034506916999817
1,fitzgerald,733,dickens,6.362819353739421
1,fitzgerald,733,melville,7.449140336778429
1,fitzgerald,733,wells,6.509282986323039
1,fitzgerald,733,austen,6.467371781667073
1,fitzgerald,733,fitzgerald,6.256075314113072
1,fitzgerald,733,twain,7.099064439535141
1,fitzgerald,734,train,4.727519035339356
1,fitzgerald,734,baum,6.415231108665466
1,fitzgerald,734,thompson,7.0348881483078
1,fitzgerald,734,dickens,6.368117968241374
1,fitzgerald,734,melville,7.454752339257134
1,fitzgerald,734,wells,6.513654073079427
1,fitzgerald,734,austen,6.474316279093425
1,fitzgerald,734,fitzgerald,6.259547642299107
1,fitzgerald,734,twain,7.104056686162949
1,fitzgerald,735,train,4.735602696736653
1,fitzgerald,735,baum,6.426164627075195
1,fitzgerald,735,thompson,7.044098734855652
1,fitzgerald,735,dickens,6.369567553202312
1,fitzgerald,735,melville,7.461671935187446
1,fitzgerald,735,wells,6.5221147537231445
1,fitzgerald,735,austen,6.483753601710002
1,fitzgerald,735,fitzgerald,6.264601026262556
1,fitzgerald,735,twain,7.112348884344101
1,fitzgerald,736,train,4.743494192759196
1,fitzgerald,736,baum,6.426807641983032
1,fitzgerald,736,thompson,7.044063448905945
1,fitzgerald,736,dickens,6.373600959777832
1,fitzgerald,736,melville,7.456482357449001
1,fitzgerald,736,wells,6.5245974858601885
1,fitzgerald,736,austen,6.481975396474202
1,fitzgerald,736,fitzgerald,6.264344419751849
1,fitzgerald,736,twain,7.110499173402786
1,fitzgerald,737,train,4.679643154144287
1,fitzgerald,737,baum,6.416716814041138
1,fitzgerald,737,thompson,7.035032749176025
1,fitzgerald,737,dickens,6.370049317677816
1,fitzgerald,737,melville,7.449116018083361
1,fitzgerald,737,wells,6.5145401159922285
1,fitzgerald,737,austen,6.472987810770671
1,fitzgerald,737,fitzgerald,6.257720879146031
1,fitzgerald,737,twain,7.100602209568024
1,fitzgerald,738,train,4.696835199991862
1,fitzgerald,738,baum,6.424985766410828
1,fitzgerald,738,thompson,7.039593696594238
1,fitzgerald,738,dickens,6.375135103861491
1,fitzgerald,738,melville,7.45693646536933
1,fitzgerald,738,wells,6.522407611211141
1,fitzgerald,738,austen,6.48054035504659
1,fitzgerald,738,fitzgerald,6.263404982430594
1,fitzgerald,738,twain,7.109563201665878
1,fitzgerald,739,train,4.702395439147949
1,fitzgerald,739,baum,6.420146107673645
1,fitzgerald,739,thompson,7.036963105201721
1,fitzgerald,739,dickens,6.372056484222412
1,fitzgerald,739,melville,7.455282529195149
1,fitzgerald,739,wells,6.520245790481567
1,fitzgerald,739,austen,6.477923631668091
1,fitzgerald,739,fitzgerald,6.261135510035923
1,fitzgerald,739,twain,7.1086607575416565
1,fitzgerald,740,train,4.680126667022705
1,fitzgerald,740,baum,6.411023855209351
1,fitzgerald,740,thompson,7.037928581237793
1,fitzgerald,740,dickens,6.365437189737956
1,fitzgerald,740,melville,7.454631593492296
1,fitzgerald,740,wells,6.509737253189087
1,fitzgerald,740,austen,6.467128753662109
1,fitzgerald,740,fitzgerald,6.254837717328753
1,fitzgerald,740,twain,7.1029640436172485
1,fitzgerald,741,train,4.73125425974528
1,fitzgerald,741,baum,6.4307767152786255
1,fitzgerald,741,thompson,7.047308683395386
1,fitzgerald,741,dickens,6.37816874186198
1,fitzgerald,741,melville,7.462217383914524
1,fitzgerald,741,wells,6.52899702390035
1,fitzgerald,741,austen,6.489130179087321
1,fitzgerald,741,fitzgerald,6.266429560525077
1,fitzgerald,741,twain,7.115743428468704
1,fitzgerald,742,train,4.72316853205363
1,fitzgerald,742,baum,6.420612454414368
1,fitzgerald,742,thompson,7.041705250740051
1,fitzgerald,742,dickens,6.37075932820638
1,fitzgerald,742,melville,7.456983937157525
1,fitzgerald,742,wells,6.523272434870402
1,fitzgerald,742,austen,6.481244166692098
1,fitzgerald,742,fitzgerald,6.260876996176584
1,fitzgerald,742,twain,7.11052131652832
1,fitzgerald,743,train,4.722042242685954
1,fitzgerald,743,baum,6.416795015335083
1,fitzgerald,743,thompson,7.039337635040283
1,fitzgerald,743,dickens,6.377921581268311
1,fitzgerald,743,melville,7.461240927378337
1,fitzgerald,743,wells,6.522325118382772
1,fitzgerald,743,austen,6.478918552398682
1,fitzgerald,743,fitzgerald,6.26141221182687
1,fitzgerald,743,twain,7.112606823444367
1,fitzgerald,744,train,4.721338272094727
1,fitzgerald,744,baum,6.425620794296265
1,fitzgerald,744,thompson,7.043566942214966
1,fitzgerald,744,dickens,6.371576309204102
1,fitzgerald,744,melville,7.460062344868978
1,fitzgerald,744,wells,6.520825783411662
1,fitzgerald,744,austen,6.483840862909953
1,fitzgerald,744,fitzgerald,6.262689590454102
1,fitzgerald,744,twain,7.111827254295349
1,fitzgerald,745,train,4.77136770884196
1,fitzgerald,745,baum,6.43342399597168
1,fitzgerald,745,thompson,7.048407077789307
1,fitzgerald,745,dickens,6.3790866533915205
1,fitzgerald,745,melville,7.469921535915798
1,fitzgerald,745,wells,6.53163727124532
1,fitzgerald,745,austen,6.49265456199646
1,fitzgerald,745,fitzgerald,6.2677702222551614
1,fitzgerald,745,twain,7.123211055994034
1,fitzgerald,746,train,4.646584192911784
1,fitzgerald,746,baum,6.422292947769165
1,fitzgerald,746,thompson,7.047809481620789
1,fitzgerald,746,dickens,6.3744940757751465
1,fitzgerald,746,melville,7.468807644314236
1,fitzgerald,746,wells,6.524316310882568
1,fitzgerald,746,austen,6.484361410140991
1,fitzgerald,746,fitzgerald,6.262821606227329
1,fitzgerald,746,twain,7.118615567684174
1,fitzgerald,747,train,4.663154602050781
1,fitzgerald,747,baum,6.425322890281677
1,fitzgerald,747,thompson,7.041522145271301
1,fitzgerald,747,dickens,6.376673539479573
1,fitzgerald,747,melville,7.459937731424968
1,fitzgerald,747,wells,6.526641289393107
1,fitzgerald,747,austen,6.487629572550456
1,fitzgerald,747,fitzgerald,6.263417448316302
1,fitzgerald,747,twain,7.112959772348404
1,fitzgerald,748,train,4.684001286824544
1,fitzgerald,748,baum,6.4112712144851685
1,fitzgerald,748,thompson,7.033956170082092
1,fitzgerald,748,dickens,6.364833354949951
1,fitzgerald,748,melville,7.461196104685466
1,fitzgerald,748,wells,6.519543727238973
1,fitzgerald,748,austen,6.474804321924846
1,fitzgerald,748,fitzgerald,6.256787027631487
1,fitzgerald,748,twain,7.10939422249794
1,fitzgerald,749,train,4.663743654886882
1,fitzgerald,749,baum,6.435789585113525
1,fitzgerald,749,thompson,7.051820755004883
1,fitzgerald,749,dickens,6.382047812143962
1,fitzgerald,749,melville,7.469112979041205
1,fitzgerald,749,wells,6.531807661056519
1,fitzgerald,749,austen,6.497740745544434
1,fitzgerald,749,fitzgerald,6.268434456416538
1,fitzgerald,749,twain,7.122579753398895
1,fitzgerald,750,train,4.743966738382976
1,fitzgerald,750,baum,6.419158339500427
1,fitzgerald,750,thompson,7.040084481239319
1,fitzgerald,750,dickens,6.371349016825358
1,fitzgerald,750,melville,7.460953500535753
1,fitzgerald,750,wells,6.520122925440471
1,fitzgerald,750,austen,6.481762886047363
1,fitzgerald,750,fitzgerald,6.258109501429966
1,fitzgerald,750,twain,7.112451106309891
1,fitzgerald,751,train,4.660313129425049
1,fitzgerald,751,baum,6.429647088050842
1,fitzgerald,751,thompson,7.046343207359314
1,fitzgerald,751,dickens,6.376646836598714
1,fitzgerald,751,melville,7.469308906131321
1,fitzgerald,751,wells,6.529476722081502
1,fitzgerald,751,austen,6.485364993413289
1,fitzgerald,751,fitzgerald,6.2653583117893765
1,fitzgerald,751,twain,7.117159932851791
1,fitzgerald,752,train,4.644412040710449
1,fitzgerald,752,baum,6.428675770759583
1,fitzgerald,752,thompson,7.047752261161804
1,fitzgerald,752,dickens,6.376617431640625
1,fitzgerald,752,melville,7.468557304806179
1,fitzgerald,752,wells,6.529765526453654
1,fitzgerald,752,austen,6.486551523208618
1,fitzgerald,752,fitzgerald,6.26545136315482
1,fitzgerald,752,twain,7.120561420917511
1,fitzgerald,753,train,4.612683931986491
1,fitzgerald,753,baum,6.424151420593262
1,fitzgerald,753,thompson,7.041240215301514
1,fitzgerald,753,dickens,6.376544157663981
1,fitzgerald,753,melville,7.466441260443793
1,fitzgerald,753,wells,6.525359630584717
1,fitzgerald,753,austen,6.484083811442058
1,fitzgerald,753,fitzgerald,6.262045519692557
1,fitzgerald,753,twain,7.1149018704891205
1,fitzgerald,754,train,4.686715126037598
1,fitzgerald,754,baum,6.429471731185913
1,fitzgerald,754,thompson,7.046129941940308
1,fitzgerald,754,dickens,6.371716976165772
1,fitzgerald,754,melville,7.474185943603516
1,fitzgerald,754,wells,6.529382626215617
1,fitzgerald,754,austen,6.486960093180339
1,fitzgerald,754,fitzgerald,6.262334823608398
1,fitzgerald,754,twain,7.119063675403595
1,fitzgerald,755,train,4.669586340586345
1,fitzgerald,755,baum,6.439012408256531
1,fitzgerald,755,thompson,7.044437289237976
1,fitzgerald,755,dickens,6.381708145141602
1,fitzgerald,755,melville,7.473656919267443
1,fitzgerald,755,wells,6.535333712895711
1,fitzgerald,755,austen,6.494328339894612
1,fitzgerald,755,fitzgerald,6.267566953386579
1,fitzgerald,755,twain,7.121214866638184
1,fitzgerald,756,train,4.629422346750896
1,fitzgerald,756,baum,6.43076753616333
1,fitzgerald,756,thompson,7.046353816986084
1,fitzgerald,756,dickens,6.3785122235616045
1,fitzgerald,756,melville,7.47282870610555
1,fitzgerald,756,wells,6.529736280441284
1,fitzgerald,756,austen,6.485813617706299
1,fitzgerald,756,fitzgerald,6.263753414154053
1,fitzgerald,756,twain,7.116517513990402
1,fitzgerald,757,train,4.73007599512736
1,fitzgerald,757,baum,6.434139251708984
1,fitzgerald,757,thompson,7.047953963279724
1,fitzgerald,757,dickens,6.381714344024658
1,fitzgerald,757,melville,7.473515086703831
1,fitzgerald,757,wells,6.53540833791097
1,fitzgerald,757,austen,6.492689847946167
1,fitzgerald,757,fitzgerald,6.265096528189523
1,fitzgerald,757,twain,7.123556286096573
1,fitzgerald,758,train,4.703458150227864
1,fitzgerald,758,baum,6.428429007530212
1,fitzgerald,758,thompson,7.048390626907349
1,fitzgerald,758,dickens,6.376387437184651
1,fitzgerald,758,melville,7.473072263929579
1,fitzgerald,758,wells,6.525374015172322
1,fitzgerald,758,austen,6.483295043309529
1,fitzgerald,758,fitzgerald,6.261687891823905
1,fitzgerald,758,twain,7.116606444120407
1,fitzgerald,759,train,4.666444778442383
1,fitzgerald,759,baum,6.440496921539307
1,fitzgerald,759,thompson,7.056024432182312
1,fitzgerald,759,dickens,6.381147861480713
1,fitzgerald,759,melville,7.477376884884304
1,fitzgerald,759,wells,6.536226272583008
1,fitzgerald,759,austen,6.496433734893799
1,fitzgerald,759,fitzgerald,6.269019535609654
1,fitzgerald,759,twain,7.123663783073425
1,fitzgerald,760,train,4.650611400604248
1,fitzgerald,760,baum,6.433225154876709
1,fitzgerald,760,thompson,7.049203038215637
1,fitzgerald,760,dickens,6.37788184483846
1,fitzgerald,760,melville,7.47261709637112
1,fitzgerald,760,wells,6.535032431284587
1,fitzgerald,760,austen,6.495361566543579
1,fitzgerald,760,fitzgerald,6.266273566654751
1,fitzgerald,760,twain,7.123505622148514
1,fitzgerald,761,train,4.644367853800456
1,fitzgerald,761,baum,6.423386096954346
1,fitzgerald,761,thompson,7.044106602668762
1,fitzgerald,761,dickens,6.371157646179199
1,fitzgerald,761,melville,7.46946997112698
1,fitzgerald,761,wells,6.523040135701497
1,fitzgerald,761,austen,6.481499512990316
1,fitzgerald,761,fitzgerald,6.259473255702427
1,fitzgerald,761,twain,7.116637796163559
1,fitzgerald,762,train,4.601277669270833
1,fitzgerald,762,baum,6.431736469268799
1,fitzgerald,762,thompson,7.049863219261169
1,fitzgerald,762,dickens,6.376955986022949
1,fitzgerald,762,melville,7.475372367435032
1,fitzgerald,762,wells,6.531905253728231
1,fitzgerald,762,austen,6.493129412333171
1,fitzgerald,762,fitzgerald,6.265001978193011
1,fitzgerald,762,twain,7.124398589134216
1,fitzgerald,763,train,4.661805311838786
1,fitzgerald,763,baum,6.426449418067932
1,fitzgerald,763,thompson,7.04663360118866
1,fitzgerald,763,dickens,6.377594788869222
1,fitzgerald,763,melville,7.472233136494954
1,fitzgerald,763,wells,6.530818700790405
1,fitzgerald,763,austen,6.488381385803223
1,fitzgerald,763,fitzgerald,6.262560163225446
1,fitzgerald,763,twain,7.120926082134247
1,fitzgerald,764,train,4.672741731007894
1,fitzgerald,764,baum,6.428355574607849
1,fitzgerald,764,thompson,7.050485372543335
1,fitzgerald,764,dickens,6.374141852060954
1,fitzgerald,764,melville,7.46552668677436
1,fitzgerald,764,wells,6.523287057876587
1,fitzgerald,764,austen,6.481098175048828
1,fitzgerald,764,fitzgerald,6.259688649858747
1,fitzgerald,764,twain,7.114847958087921
1,fitzgerald,765,train,4.651439984639485
1,fitzgerald,765,baum,6.42133367061615
1,fitzgerald,765,thompson,7.048364281654358
1,fitzgerald,765,dickens,6.372377236684163
1,fitzgerald,765,melville,7.47146299150255
1,fitzgerald,765,wells,6.522611300150554
1,fitzgerald,765,austen,6.480618317921956
1,fitzgerald,765,fitzgerald,6.257698127201626
1,fitzgerald,765,twain,7.118239194154739
1,fitzgerald,766,train,4.703187783559163
1,fitzgerald,766,baum,6.437715291976929
1,fitzgerald,766,thompson,7.04752504825592
1,fitzgerald,766,dickens,6.383080323537191
1,fitzgerald,766,melville,7.469033506181505
1,fitzgerald,766,wells,6.53386123975118
1,fitzgerald,766,austen,6.493393500645955
1,fitzgerald,766,fitzgerald,6.264076777866909
1,fitzgerald,766,twain,7.120309412479401
1,fitzgerald,767,train,4.630404154459636
1,fitzgerald,767,baum,6.429821848869324
1,fitzgerald,767,thompson,7.0520840883255005
1,fitzgerald,767,dickens,6.374366919199626
1,fitzgerald,767,melville,7.474962340460883
1,fitzgerald,767,wells,6.534889380137126
1,fitzgerald,767,austen,6.486472845077515
1,fitzgerald,767,fitzgerald,6.263785362243652
1,fitzgerald,767,twain,7.12710165977478
1,fitzgerald,768,train,4.655731042226155
1,fitzgerald,768,baum,6.4228678941726685
1,fitzgerald,768,thompson,7.044969201087952
1,fitzgerald,768,dickens,6.369674682617188
1,fitzgerald,768,melville,7.468052652147081
1,fitzgerald,768,wells,6.521843115488688
1,fitzgerald,768,austen,6.483128627141316
1,fitzgerald,768,fitzgerald,6.258153370448521
1,fitzgerald,768,twain,7.11603045463562
1,fitzgerald,769,train,4.614638487497966
1,fitzgerald,769,baum,6.42363703250885
1,fitzgerald,769,thompson,7.047362446784973
1,fitzgerald,769,dickens,6.368515332539876
1,fitzgerald,769,melville,7.47224924299452
1,fitzgerald,769,wells,6.526353279749553
1,fitzgerald,769,austen,6.487152258555095
1,fitzgerald,769,fitzgerald,6.259030342102051
1,fitzgerald,769,twain,7.120948493480682
1,fitzgerald,770,train,4.579967498779297
1,fitzgerald,770,baum,6.442541241645813
1,fitzgerald,770,thompson,7.059902906417847
1,fitzgerald,770,dickens,6.377672036488851
1,fitzgerald,770,melville,7.484123971727159
1,fitzgerald,770,wells,6.543440024058024
1,fitzgerald,770,austen,6.4999706745147705
1,fitzgerald,770,fitzgerald,6.270504474639893
1,fitzgerald,770,twain,7.135815262794495
1,fitzgerald,771,train,4.6159640947977705
1,fitzgerald,771,baum,6.442983627319336
1,fitzgerald,771,thompson,7.057518362998962
1,fitzgerald,771,dickens,6.375096480051677
1,fitzgerald,771,melville,7.476271258460151
1,fitzgerald,771,wells,6.535679976145427
1,fitzgerald,771,austen,6.496257623036702
1,fitzgerald,771,fitzgerald,6.267505168914795
1,fitzgerald,771,twain,7.124947041273117
1,fitzgerald,772,train,4.632112820943196
1,fitzgerald,772,baum,6.42729651927948
1,fitzgerald,772,thompson,7.049782037734985
1,fitzgerald,772,dickens,6.373757203420003
1,fitzgerald,772,melville,7.478832668728298
1,fitzgerald,772,wells,6.529467503229777
1,fitzgerald,772,austen,6.486415942509969
1,fitzgerald,772,fitzgerald,6.260508877890451
1,fitzgerald,772,twain,7.1208730936050415
1,fitzgerald,773,train,4.666353384653728
1,fitzgerald,773,baum,6.439026236534119
1,fitzgerald,773,thompson,7.0601067543029785
1,fitzgerald,773,dickens,6.382435480753581
1,fitzgerald,773,melville,7.483514308929443
1,fitzgerald,773,wells,6.53666090965271
1,fitzgerald,773,austen,6.495468537012736
1,fitzgerald,773,fitzgerald,6.265729222978864
1,fitzgerald,773,twain,7.129313439130783
1,fitzgerald,774,train,4.611045519510905
1,fitzgerald,774,baum,6.436893343925476
1,fitzgerald,774,thompson,7.060756683349609
1,fitzgerald,774,dickens,6.378728707631429
1,fitzgerald,774,melville,7.484538820054796
1,fitzgerald,774,wells,6.536028305689494
1,fitzgerald,774,austen,6.49358328183492
1,fitzgerald,774,fitzgerald,6.264314038412912
1,fitzgerald,774,twain,7.132321417331696
1,fitzgerald,775,train,4.627055168151856
1,fitzgerald,775,baum,6.454331874847412
1,fitzgerald,775,thompson,7.071511507034302
1,fitzgerald,775,dickens,6.395412762959798
1,fitzgerald,775,melville,7.4950552516513405
1,fitzgerald,775,wells,6.549325227737427
1,fitzgerald,775,austen,6.507442156473796
1,fitzgerald,775,fitzgerald,6.274089881352016
1,fitzgerald,775,twain,7.142234236001968
1,fitzgerald,776,train,4.631270567576091
1,fitzgerald,776,baum,6.44749128818512
1,fitzgerald,776,thompson,7.064487934112549
1,fitzgerald,776,dickens,6.386275132497151
1,fitzgerald,776,melville,7.482323116726345
1,fitzgerald,776,wells,6.540039300918579
1,fitzgerald,776,austen,6.5003898938496905
1,fitzgerald,776,fitzgerald,6.267926352364676
1,fitzgerald,776,twain,7.133690237998962
1,fitzgerald,777,train,4.623290061950684
1,fitzgerald,777,baum,6.433659911155701
1,fitzgerald,777,thompson,7.048003196716309
1,fitzgerald,777,dickens,6.382315476735433
1,fitzgerald,777,melville,7.475613541073269
1,fitzgerald,777,wells,6.5292744636535645
1,fitzgerald,777,austen,6.488455613454183
1,fitzgerald,777,fitzgerald,6.260334559849331
1,fitzgerald,777,twain,7.121633797883987
1,fitzgerald,778,train,4.607847213745117
1,fitzgerald,778,baum,6.435368418693543
1,fitzgerald,778,thompson,7.054237008094788
1,fitzgerald,778,dickens,6.379143714904785
1,fitzgerald,778,melville,7.478480550977919
1,fitzgerald,778,wells,6.530696312586467
1,fitzgerald,778,austen,6.489130258560181
1,fitzgerald,778,fitzgerald,6.262981414794922
1,fitzgerald,778,twain,7.122970461845398
1,fitzgerald,779,train,4.64673376083374
1,fitzgerald,779,baum,6.429738998413086
1,fitzgerald,779,thompson,7.047539830207825
1,fitzgerald,779,dickens,6.381875514984131
1,fitzgerald,779,melville,7.475499206119114
1,fitzgerald,779,wells,6.529130299886067
1,fitzgerald,779,austen,6.490183750788371
1,fitzgerald,779,fitzgerald,6.260257584708078
1,fitzgerald,779,twain,7.121995449066162
1,fitzgerald,780,train,4.665497303009033
1,fitzgerald,780,baum,6.429105877876282
1,fitzgerald,780,thompson,7.0513163805007935
1,fitzgerald,780,dickens,6.373482704162598
1,fitzgerald,780,melville,7.475269317626953
1,fitzgerald,780,wells,6.524213552474976
1,fitzgerald,780,austen,6.482779184977214
1,fitzgerald,780,fitzgerald,6.255670002528599
1,fitzgerald,780,twain,7.11812898516655
1,fitzgerald,781,train,4.655706246693929
1,fitzgerald,781,baum,6.445411562919617
1,fitzgerald,781,thompson,7.060559391975403
1,fitzgerald,781,dickens,6.383664449055989
1,fitzgerald,781,melville,7.482541614108616
1,fitzgerald,781,wells,6.539508024851481
1,fitzgerald,781,austen,6.495282967885335
1,fitzgerald,781,fitzgerald,6.265524387359619
1,fitzgerald,781,twain,7.130582869052887
1,fitzgerald,782,train,4.645048936208089
1,fitzgerald,782,baum,6.434949398040772
1,fitzgerald,782,thompson,7.055770516395569
1,fitzgerald,782,dickens,6.378574371337891
1,fitzgerald,782,melville,7.479943699306911
1,fitzgerald,782,wells,6.533391952514648
1,fitzgerald,782,austen,6.491372585296631
1,fitzgerald,782,fitzgerald,6.260720866067069
1,fitzgerald,782,twain,7.127504914999008
1,fitzgerald,783,train,4.618168195088704
1,fitzgerald,783,baum,6.451634287834168
1,fitzgerald,783,thompson,7.066582918167114
1,fitzgerald,783,dickens,6.386594931284587
1,fitzgerald,783,melville,7.493146313561334
1,fitzgerald,783,wells,6.549124479293823
1,fitzgerald,783,austen,6.50376033782959
1,fitzgerald,783,fitzgerald,6.271455015454974
1,fitzgerald,783,twain,7.139257967472076
1,fitzgerald,784,train,4.580203056335449
1,fitzgerald,784,baum,6.439176082611084
1,fitzgerald,784,thompson,7.056809782981873
1,fitzgerald,784,dickens,6.376170794169108
1,fitzgerald,784,melville,7.482243961758083
1,fitzgerald,784,wells,6.5301534334818525
1,fitzgerald,784,austen,6.490783214569092
1,fitzgerald,784,fitzgerald,6.261006219046457
1,fitzgerald,784,twain,7.125777214765549
1,fitzgerald,785,train,4.605810165405273
1,fitzgerald,785,baum,6.450835943222046
1,fitzgerald,785,thompson,7.065261483192444
1,fitzgerald,785,dickens,6.38991912206014
1,fitzgerald,785,melville,7.4935168690151635
1,fitzgerald,785,wells,6.5455390612284345
1,fitzgerald,785,austen,6.505221525828044
1,fitzgerald,785,fitzgerald,6.269864967891148
1,fitzgerald,785,twain,7.140331536531448
1,fitzgerald,786,train,4.573904673258464
1,fitzgerald,786,baum,6.459842562675476
1,fitzgerald,786,thompson,7.075125575065613
1,fitzgerald,786,dickens,6.399634679158528
1,fitzgerald,786,melville,7.5046192275153265
1,fitzgerald,786,wells,6.555463870366414
1,fitzgerald,786,austen,6.515918493270874
1,fitzgerald,786,fitzgerald,6.276005268096924
1,fitzgerald,786,twain,7.148187667131424
1,fitzgerald,787,train,4.606828530629476
1,fitzgerald,787,baum,6.433370590209961
1,fitzgerald,787,thompson,7.062253475189209
1,fitzgerald,787,dickens,6.378664016723633
1,fitzgerald,787,melville,7.489005194769965
1,fitzgerald,787,wells,6.530773878097534
1,fitzgerald,787,austen,6.491572459538777
1,fitzgerald,787,fitzgerald,6.259849684579032
1,fitzgerald,787,twain,7.128531903028488
1,fitzgerald,788,train,4.599289894104004
1,fitzgerald,788,baum,6.452511668205261
1,fitzgerald,788,thompson,7.071955919265747
1,fitzgerald,788,dickens,6.390238126118978
1,fitzgerald,788,melville,7.494531154632568
1,fitzgerald,788,wells,6.549551884333293
1,fitzgerald,788,austen,6.51132599512736
1,fitzgerald,788,fitzgerald,6.272705486842564
1,fitzgerald,788,twain,7.143123209476471
1,fitzgerald,789,train,4.57047700881958
1,fitzgerald,789,baum,6.4287190437316895
1,fitzgerald,789,thompson,7.056248784065247
1,fitzgerald,789,dickens,6.376545270284017
1,fitzgerald,789,melville,7.490831163194445
1,fitzgerald,789,wells,6.538312991460164
1,fitzgerald,789,austen,6.499178965886434
1,fitzgerald,789,fitzgerald,6.261840207236154
1,fitzgerald,789,twain,7.137705862522125
1,fitzgerald,790,train,4.568062941233317
1,fitzgerald,790,baum,6.450955867767334
1,fitzgerald,790,thompson,7.071117997169495
1,fitzgerald,790,dickens,6.3895368576049805
1,fitzgerald,790,melville,7.497066974639893
1,fitzgerald,790,wells,6.546208302179973
1,fitzgerald,790,austen,6.510925928751628
1,fitzgerald,790,fitzgerald,6.269869123186384
1,fitzgerald,790,twain,7.145916521549225
1,fitzgerald,791,train,4.566756248474121
1,fitzgerald,791,baum,6.450221300125122
1,fitzgerald,791,thompson,7.075655102729797
1,fitzgerald,791,dickens,6.390177249908447
1,fitzgerald,791,melville,7.501819186740452
1,fitzgerald,791,wells,6.547982533772786
1,fitzgerald,791,austen,6.5061265627543134
1,fitzgerald,791,fitzgerald,6.270417485918317
1,fitzgerald,791,twain,7.14834064245224
1,fitzgerald,792,train,4.634637355804443
1,fitzgerald,792,baum,6.442629098892212
1,fitzgerald,792,thompson,7.06497859954834
1,fitzgerald,792,dickens,6.3866526285807295
1,fitzgerald,792,melville,7.4998842345343695
1,fitzgerald,792,wells,6.5458900928497314
1,fitzgerald,792,austen,6.502591768900554
1,fitzgerald,792,fitzgerald,6.268097264426095
1,fitzgerald,792,twain,7.1433553993701935
1,fitzgerald,793,train,4.558421611785889
1,fitzgerald,793,baum,6.466199278831482
1,fitzgerald,793,thompson,7.079753756523132
1,fitzgerald,793,dickens,6.396383444468181
1,fitzgerald,793,melville,7.5073047743903265
1,fitzgerald,793,wells,6.55601708094279
1,fitzgerald,793,austen,6.518112738927205
1,fitzgerald,793,fitzgerald,6.278989519391741
1,fitzgerald,793,twain,7.151091396808624
1,fitzgerald,794,train,4.62022066116333
1,fitzgerald,794,baum,6.433124423027039
1,fitzgerald,794,thompson,7.060472011566162
1,fitzgerald,794,dickens,6.373630046844482
1,fitzgerald,794,melville,7.489759922027588
1,fitzgerald,794,wells,6.528417746225993
1,fitzgerald,794,austen,6.492038249969482
1,fitzgerald,794,fitzgerald,6.259280954088483
1,fitzgerald,794,twain,7.132163226604462
1,fitzgerald,795,train,4.565549850463867
1,fitzgerald,795,baum,6.440461754798889
1,fitzgerald,795,thompson,7.062967896461487
1,fitzgerald,795,dickens,6.381519794464111
1,fitzgerald,795,melville,7.486300627390544
1,fitzgerald,795,wells,6.537522713343303
1,fitzgerald,795,austen,6.496160666147868
1,fitzgerald,795,fitzgerald,6.263702120099749
1,fitzgerald,795,twain,7.131686180830002
1,fitzgerald,796,train,4.574931939442952
1,fitzgerald,796,baum,6.444337725639343
1,fitzgerald,796,thompson,7.0719603300094604
1,fitzgerald,796,dickens,6.384215354919434
1,fitzgerald,796,melville,7.497234079572889
1,fitzgerald,796,wells,6.545120477676392
1,fitzgerald,796,austen,6.50114385286967
1,fitzgerald,796,fitzgerald,6.268153326851981
1,fitzgerald,796,twain,7.138838976621628
1,fitzgerald,797,train,4.584176063537598
1,fitzgerald,797,baum,6.44283926486969
1,fitzgerald,797,thompson,7.070862412452698
1,fitzgerald,797,dickens,6.388807773590088
1,fitzgerald,797,melville,7.500324037339952
1,fitzgerald,797,wells,6.544596831003825
1,fitzgerald,797,austen,6.507245779037476
1,fitzgerald,797,fitzgerald,6.269050870622907
1,fitzgerald,797,twain,7.143576622009277
1,fitzgerald,798,train,4.611015955607097
1,fitzgerald,798,baum,6.435092449188232
1,fitzgerald,798,thompson,7.068052649497986
1,fitzgerald,798,dickens,6.381027380625407
1,fitzgerald,798,melville,7.49541441599528
1,fitzgerald,798,wells,6.540937582651774
1,fitzgerald,798,austen,6.49556040763855
1,fitzgerald,798,fitzgerald,6.2669878005981445
1,fitzgerald,798,twain,7.14203467965126
1,fitzgerald,799,train,4.573864142100017
1,fitzgerald,799,baum,6.437010049819946
1,fitzgerald,799,thompson,7.065268516540527
1,fitzgerald,799,dickens,6.377561251322429
1,fitzgerald,799,melville,7.488686720530192
1,fitzgerald,799,wells,6.535980304082234
1,fitzgerald,799,austen,6.490660190582275
1,fitzgerald,799,fitzgerald,6.263075692313058
1,fitzgerald,799,twain,7.133703321218491
1,fitzgerald,800,train,4.600185712178548
1,fitzgerald,800,baum,6.46039092540741
1,fitzgerald,800,thompson,7.077667713165283
1,fitzgerald,800,dickens,6.394257545471191
1,fitzgerald,800,melville,7.504211372799343
1,fitzgerald,800,wells,6.553187847137451
1,fitzgerald,800,austen,6.514061053593953
1,fitzgerald,800,fitzgerald,6.273231029510498
1,fitzgerald,800,twain,7.147830754518509
1,fitzgerald,801,train,4.533036231994629
1,fitzgerald,801,baum,6.448313474655151
1,fitzgerald,801,thompson,7.0700414180755615
1,fitzgerald,801,dickens,6.385283946990967
1,fitzgerald,801,melville,7.4987400902642145
1,fitzgerald,801,wells,6.549748420715332
1,fitzgerald,801,austen,6.504525025685628
1,fitzgerald,801,fitzgerald,6.26944807597569
1,fitzgerald,801,twain,7.144386351108551
1,fitzgerald,802,train,4.577367941538493
1,fitzgerald,802,baum,6.439046144485474
1,fitzgerald,802,thompson,7.060940384864807
1,fitzgerald,802,dickens,6.379127025604248
1,fitzgerald,802,melville,7.487323972913954
1,fitzgerald,802,wells,6.536574920018514
1,fitzgerald,802,austen,6.494403839111328
1,fitzgerald,802,fitzgerald,6.261350631713867
1,fitzgerald,802,twain,7.132057994604111
1,fitzgerald,803,train,4.580345789591472
1,fitzgerald,803,baum,6.43584680557251
1,fitzgerald,803,thompson,7.060060143470764
1,fitzgerald,803,dickens,6.378791491190593
1,fitzgerald,803,melville,7.494021892547607
1,fitzgerald,803,wells,6.539563496907552
1,fitzgerald,803,austen,6.497058391571045
1,fitzgerald,803,fitzgerald,6.2603044509887695
1,fitzgerald,803,twain,7.136219680309296
1,fitzgerald,804,train,4.615088144938151
1,fitzgerald,804,baum,6.4674835205078125
1,fitzgerald,804,thompson,7.081875324249268
1,fitzgerald,804,dickens,6.395892302195231
1,fitzgerald,804,melville,7.509988943735759
1,fitzgerald,804,wells,6.566070715586345
1,fitzgerald,804,austen,6.522809664408366
1,fitzgerald,804,fitzgerald,6.27919340133667
1,fitzgerald,804,twain,7.16052383184433
1,fitzgerald,805,train,4.575546105702718
1,fitzgerald,805,baum,6.4384377002716064
1,fitzgerald,805,thompson,7.065956711769104
1,fitzgerald,805,dickens,6.379458109537761
1,fitzgerald,805,melville,7.493720690409343
1,fitzgerald,805,wells,6.540088494618733
1,fitzgerald,805,austen,6.496245384216309
1,fitzgerald,805,fitzgerald,6.261853899274554
1,fitzgerald,805,twain,7.139089554548264
1,fitzgerald,806,train,4.618730227152507
1,fitzgerald,806,baum,6.443085432052612
1,fitzgerald,806,thompson,7.069222092628479
1,fitzgerald,806,dickens,6.390329519907634
1,fitzgerald,806,melville,7.495828098720974
1,fitzgerald,806,wells,6.546868960062663
1,fitzgerald,806,austen,6.5041764577229815
1,fitzgerald,806,fitzgerald,6.266858645847866
1,fitzgerald,806,twain,7.144347041845322
1,fitzgerald,807,train,4.4884622891743975
1,fitzgerald,807,baum,6.460825562477112
1,fitzgerald,807,thompson,7.077155947685242
1,fitzgerald,807,dickens,6.401426633199056
1,fitzgerald,807,melville,7.504071712493896
1,fitzgerald,807,wells,6.556589365005493
1,fitzgerald,807,austen,6.519180059432983
1,fitzgerald,807,fitzgerald,6.274450574602399
1,fitzgerald,807,twain,7.152558416128159
1,fitzgerald,808,train,4.540768623352051
1,fitzgerald,808,baum,6.46043586730957
1,fitzgerald,808,thompson,7.081930279731751
1,fitzgerald,808,dickens,6.398936589558919
1,fitzgerald,808,melville,7.509417480892605
1,fitzgerald,808,wells,6.558498541514079
1,fitzgerald,808,austen,6.517424503962199
1,fitzgerald,808,fitzgerald,6.273488930293492
1,fitzgerald,808,twain,7.151767402887344
1,fitzgerald,809,train,4.530278205871582
1,fitzgerald,809,baum,6.463269233703613
1,fitzgerald,809,thompson,7.0868459939956665
1,fitzgerald,809,dickens,6.396074930826823
1,fitzgerald,809,melville,7.510498629675971
1,fitzgerald,809,wells,6.562720696131389
1,fitzgerald,809,austen,6.518334150314331
1,fitzgerald,809,fitzgerald,6.277632645198277
1,fitzgerald,809,twain,7.160233408212662
1,fitzgerald,810,train,4.53641430536906
1,fitzgerald,810,baum,6.435648560523987
1,fitzgerald,810,thompson,7.0705379247665405
1,fitzgerald,810,dickens,6.381543795267741
1,fitzgerald,810,melville,7.500751124487983
1,fitzgerald,810,wells,6.537211418151856
1,fitzgerald,810,austen,6.491835117340088
1,fitzgerald,810,fitzgerald,6.262230600629534
1,fitzgerald,810,twain,7.1388371884822845
1,fitzgerald,811,train,4.575727462768555
1,fitzgerald,811,baum,6.455040097236633
1,fitzgerald,811,thompson,7.082882761955261
1,fitzgerald,811,dickens,6.394513289133708
1,fitzgerald,811,melville,7.510670079125298
1,fitzgerald,811,wells,6.549041112263997
1,fitzgerald,811,austen,6.509772380193074
1,fitzgerald,811,fitzgerald,6.269757338932583
1,fitzgerald,811,twain,7.147448509931564
1,fitzgerald,812,train,4.553643067677816
1,fitzgerald,812,baum,6.464894652366638
1,fitzgerald,812,thompson,7.085654139518738
1,fitzgerald,812,dickens,6.402114709218343
1,fitzgerald,812,melville,7.513391070895725
1,fitzgerald,812,wells,6.560987869898479
1,fitzgerald,812,austen,6.521329243977864
1,fitzgerald,812,fitzgerald,6.275519098554339
1,fitzgerald,812,twain,7.155770659446716
1,fitzgerald,813,train,4.506250540415446
1,fitzgerald,813,baum,6.452882289886475
1,fitzgerald,813,thompson,7.080480217933655
1,fitzgerald,813,dickens,6.388525168100993
1,fitzgerald,813,melville,7.503174622853597
1,fitzgerald,813,wells,6.54589597384135
1,fitzgerald,813,austen,6.502137104670207
1,fitzgerald,813,fitzgerald,6.267086505889893
1,fitzgerald,813,twain,7.1421584486961365
1,fitzgerald,814,train,4.545891284942627
1,fitzgerald,814,baum,6.466129899024963
1,fitzgerald,814,thompson,7.085768699645996
1,fitzgerald,814,dickens,6.40730079015096
1,fitzgerald,814,melville,7.515227317810059
1,fitzgerald,814,wells,6.56277330716451
1,fitzgerald,814,austen,6.520742893218994
1,fitzgerald,814,fitzgerald,6.27741323198591
1,fitzgerald,814,twain,7.153414011001587
1,fitzgerald,815,train,4.504192193349202
1,fitzgerald,815,baum,6.448317527770996
1,fitzgerald,815,thompson,7.075610995292664
1,fitzgerald,815,dickens,6.389202912648519
1,fitzgerald,815,melville,7.506939199235704
1,fitzgerald,815,wells,6.5477979977925616
1,fitzgerald,815,austen,6.503625154495239
1,fitzgerald,815,fitzgerald,6.265375477927072
1,fitzgerald,815,twain,7.142689436674118
1,fitzgerald,816,train,4.5543742179870605
1,fitzgerald,816,baum,6.469561338424683
1,fitzgerald,816,thompson,7.087578296661377
1,fitzgerald,816,dickens,6.402907371520996
1,fitzgerald,816,melville,7.517204761505127
1,fitzgerald,816,wells,6.566398938496907
1,fitzgerald,816,austen,6.525050401687622
1,fitzgerald,816,fitzgerald,6.280362469809396
1,fitzgerald,816,twain,7.161391943693161
1,fitzgerald,817,train,4.548326015472412
1,fitzgerald,817,baum,6.446889042854309
1,fitzgerald,817,thompson,7.082191228866577
1,fitzgerald,817,dickens,6.390580018361409
1,fitzgerald,817,melville,7.515782886081272
1,fitzgerald,817,wells,6.548727353413899
1,fitzgerald,817,austen,6.504636446634929
1,fitzgerald,817,fitzgerald,6.2696460996355325
1,fitzgerald,817,twain,7.151717722415924
1,fitzgerald,818,train,4.513761838277181
1,fitzgerald,818,baum,6.447581768035889
1,fitzgerald,818,thompson,7.0752058029174805
1,fitzgerald,818,dickens,6.388909498850505
1,fitzgerald,818,melville,7.506580087873671
1,fitzgerald,818,wells,6.546199003855388
1,fitzgerald,818,austen,6.501538356145223
1,fitzgerald,818,fitzgerald,6.265950202941895
1,fitzgerald,818,twain,7.147069752216339
1,fitzgerald,819,train,4.52749236424764
1,fitzgerald,819,baum,6.448114037513733
1,fitzgerald,819,thompson,7.080990195274353
1,fitzgerald,819,dickens,6.385756969451904
1,fitzgerald,819,melville,7.510156896379259
1,fitzgerald,819,wells,6.552720149358113
1,fitzgerald,819,austen,6.503593524297078
1,fitzgerald,819,fitzgerald,6.269196919032505
1,fitzgerald,819,twain,7.152436584234238
1,fitzgerald,820,train,4.5244706471761065
1,fitzgerald,820,baum,6.4564327001571655
1,fitzgerald,820,thompson,7.084185361862183
1,fitzgerald,820,dickens,6.395658493041992
1,fitzgerald,820,melville,7.51639821794298
1,fitzgerald,820,wells,6.556914170583089
1,fitzgerald,820,austen,6.514597098032634
1,fitzgerald,820,fitzgerald,6.274450642721994
1,fitzgerald,820,twain,7.157252967357636
1,fitzgerald,821,train,4.493648052215576
1,fitzgerald,821,baum,6.463785886764526
1,fitzgerald,821,thompson,7.090301871299744
1,fitzgerald,821,dickens,6.401216983795166
1,fitzgerald,821,melville,7.515833112928602
1,fitzgerald,821,wells,6.5597091515858965
1,fitzgerald,821,austen,6.5173148314158125
1,fitzgerald,821,fitzgerald,6.273286002022879
1,fitzgerald,821,twain,7.156207710504532
1,fitzgerald,822,train,4.54700501759847
1,fitzgerald,822,baum,6.467521071434021
1,fitzgerald,822,thompson,7.092041373252869
1,fitzgerald,822,dickens,6.400739034016927
1,fitzgerald,822,melville,7.513089497884114
1,fitzgerald,822,wells,6.556005239486694
1,fitzgerald,822,austen,6.5155567328135175
1,fitzgerald,822,fitzgerald,6.273992129734585
1,fitzgerald,822,twain,7.152180165052414
1,fitzgerald,823,train,4.550834655761719
1,fitzgerald,823,baum,6.45919668674469
1,fitzgerald,823,thompson,7.081074118614197
1,fitzgerald,823,dickens,6.400154272715251
1,fitzgerald,823,melville,7.513479073842366
1,fitzgerald,823,wells,6.549617290496826
1,fitzgerald,823,austen,6.513424555460612
1,fitzgerald,823,fitzgerald,6.272614410945347
1,fitzgerald,823,twain,7.14794859290123
1,fitzgerald,824,train,4.520937442779541
1,fitzgerald,824,baum,6.4596898555755615
1,fitzgerald,824,thompson,7.0882956981658936
1,fitzgerald,824,dickens,6.394696553548177
1,fitzgerald,824,melville,7.5131880972120495
1,fitzgerald,824,wells,6.555878639221191
1,fitzgerald,824,austen,6.5180574258168535
1,fitzgerald,824,fitzgerald,6.272169862474714
1,fitzgerald,824,twain,7.154432415962219
1,fitzgerald,825,train,4.552390257517497
1,fitzgerald,825,baum,6.4708778858184814
1,fitzgerald,825,thompson,7.090203881263733
1,fitzgerald,825,dickens,6.4043229420979815
1,fitzgerald,825,melville,7.516214900546604
1,fitzgerald,825,wells,6.561642487843831
1,fitzgerald,825,austen,6.521357933680217
1,fitzgerald,825,fitzgerald,6.2754049982343405
1,fitzgerald,825,twain,7.156115919351578
1,fitzgerald,826,train,4.479631106058757
1,fitzgerald,826,baum,6.460978746414185
1,fitzgerald,826,thompson,7.089219331741333
1,fitzgerald,826,dickens,6.39680544535319
1,fitzgerald,826,melville,7.518663989173041
1,fitzgerald,826,wells,6.556843996047974
1,fitzgerald,826,austen,6.5136269728342695
1,fitzgerald,826,fitzgerald,6.272821017674038
1,fitzgerald,826,twain,7.15834778547287
1,fitzgerald,827,train,4.487321217854817
1,fitzgerald,827,baum,6.455194354057312
1,fitzgerald,827,thompson,7.081793546676636
1,fitzgerald,827,dickens,6.399078687032064
1,fitzgerald,827,melville,7.512906021542019
1,fitzgerald,827,wells,6.553541978200276
1,fitzgerald,827,austen,6.514878908793132
1,fitzgerald,827,fitzgerald,6.271150316510882
1,fitzgerald,827,twain,7.15521976351738
1,fitzgerald,828,train,4.579216321309407
1,fitzgerald,828,baum,6.461086750030518
1,fitzgerald,828,thompson,7.086600661277771
1,fitzgerald,828,dickens,6.399628162384033
1,fitzgerald,828,melville,7.511864768134223
1,fitzgerald,828,wells,6.555073022842407
1,fitzgerald,828,austen,6.516827344894409
1,fitzgerald,828,fitzgerald,6.271366255623954
1,fitzgerald,828,twain,7.155581921339035
1,fitzgerald,829,train,4.550710995992024
1,fitzgerald,829,baum,6.472867846488953
1,fitzgerald,829,thompson,7.099584341049194
1,fitzgerald,829,dickens,6.410516421000163
1,fitzgerald,829,melville,7.528808116912842
1,fitzgerald,829,wells,6.572014888127645
1,fitzgerald,829,austen,6.528082450230916
1,fitzgerald,829,fitzgerald,6.281760011400495
1,fitzgerald,829,twain,7.172324120998383
1,fitzgerald,830,train,4.5148084958394366
1,fitzgerald,830,baum,6.449913859367371
1,fitzgerald,830,thompson,7.082537531852722
1,fitzgerald,830,dickens,6.395562171936035
1,fitzgerald,830,melville,7.5128104951646595
1,fitzgerald,830,wells,6.554860750834147
1,fitzgerald,830,austen,6.5084249178568525
1,fitzgerald,830,fitzgerald,6.269603116171701
1,fitzgerald,830,twain,7.157231569290161
1,fitzgerald,831,train,4.48269255956014
1,fitzgerald,831,baum,6.47283411026001
1,fitzgerald,831,thompson,7.093546509742737
1,fitzgerald,831,dickens,6.406734466552734
1,fitzgerald,831,melville,7.518240292867024
1,fitzgerald,831,wells,6.57139794031779
1,fitzgerald,831,austen,6.523825963338216
1,fitzgerald,831,fitzgerald,6.281158174787249
1,fitzgerald,831,twain,7.167822927236557
1,fitzgerald,832,train,4.536627133687337
1,fitzgerald,832,baum,6.460236072540283
1,fitzgerald,832,thompson,7.087697982788086
1,fitzgerald,832,dickens,6.404164950052897
1,fitzgerald,832,melville,7.523575411902533
1,fitzgerald,832,wells,6.565740029017131
1,fitzgerald,832,austen,6.521624247233073
1,fitzgerald,832,fitzgerald,6.276525293077741
1,fitzgerald,832,twain,7.167206257581711
1,fitzgerald,833,train,4.498228073120117
1,fitzgerald,833,baum,6.461375594139099
1,fitzgerald,833,thompson,7.085779547691345
1,fitzgerald,833,dickens,6.403244654337565
1,fitzgerald,833,melville,7.521751138899061
1,fitzgerald,833,wells,6.563164790471395
1,fitzgerald,833,austen,6.5185205936431885
1,fitzgerald,833,fitzgerald,6.27491637638637
1,fitzgerald,833,twain,7.162963449954987
1,fitzgerald,834,train,4.517443021138509
1,fitzgerald,834,baum,6.464053511619568
1,fitzgerald,834,thompson,7.091182112693787
1,fitzgerald,834,dickens,6.403849283854167
1,fitzgerald,834,melville,7.519698301951091
1,fitzgerald,834,wells,6.561773220698039
1,fitzgerald,834,austen,6.517893155415853
1,fitzgerald,834,fitzgerald,6.275353022984096
1,fitzgerald,834,twain,7.161892354488373
1,fitzgerald,835,train,4.552049160003662
1,fitzgerald,835,baum,6.448714137077332
1,fitzgerald,835,thompson,7.086233139038086
1,fitzgerald,835,dickens,6.395371437072754
1,fitzgerald,835,melville,7.515194892883301
1,fitzgerald,835,wells,6.553128480911255
1,fitzgerald,835,austen,6.509578784306844
1,fitzgerald,835,fitzgerald,6.270622866494315
1,fitzgerald,835,twain,7.158888787031174
1,fitzgerald,836,train,4.487707614898682
1,fitzgerald,836,baum,6.461809754371643
1,fitzgerald,836,thompson,7.087416410446167
1,fitzgerald,836,dickens,6.401628335316976
1,fitzgerald,836,melville,7.516926659478082
1,fitzgerald,836,wells,6.562514940897624
1,fitzgerald,836,austen,6.516762653986613
1,fitzgerald,836,fitzgerald,6.276608194623675
1,fitzgerald,836,twain,7.160961866378784
1,fitzgerald,837,train,4.512782414754232
1,fitzgerald,837,baum,6.458959698677063
1,fitzgerald,837,thompson,7.094807982444763
1,fitzgerald,837,dickens,6.399079481760661
1,fitzgerald,837,melville,7.517819192674425
1,fitzgerald,837,wells,6.554317871729533
1,fitzgerald,837,austen,6.514948685963948
1,fitzgerald,837,fitzgerald,6.270759582519531
1,fitzgerald,837,twain,7.158160775899887
1,fitzgerald,838,train,4.529201189676921
1,fitzgerald,838,baum,6.458088397979736
1,fitzgerald,838,thompson,7.094646215438843
1,fitzgerald,838,dickens,6.40237824122111
1,fitzgerald,838,melville,7.51727114783393
1,fitzgerald,838,wells,6.56015960375468
1,fitzgerald,838,austen,6.517419815063477
1,fitzgerald,838,fitzgerald,6.2739362716674805
1,fitzgerald,838,twain,7.163226276636124
1,fitzgerald,839,train,4.519699414571126
1,fitzgerald,839,baum,6.449405550956726
1,fitzgerald,839,thompson,7.088911294937134
1,fitzgerald,839,dickens,6.393839200337728
1,fitzgerald,839,melville,7.519530190361871
1,fitzgerald,839,wells,6.55499807993571
1,fitzgerald,839,austen,6.506282647450765
1,fitzgerald,839,fitzgerald,6.270318576267788
1,fitzgerald,839,twain,7.158445209264755
1,fitzgerald,840,train,4.445358912150065
1,fitzgerald,840,baum,6.481619119644165
1,fitzgerald,840,thompson,7.103816270828247
1,fitzgerald,840,dickens,6.405510902404785
1,fitzgerald,840,melville,7.528567579057482
1,fitzgerald,840,wells,6.575315634409587
1,fitzgerald,840,austen,6.53430422147115
1,fitzgerald,840,fitzgerald,6.283341816493443
1,fitzgerald,840,twain,7.172451853752136
1,fitzgerald,841,train,4.48669974009196
1,fitzgerald,841,baum,6.475650906562805
1,fitzgerald,841,thompson,7.100507497787476
1,fitzgerald,841,dickens,6.406197706858317
1,fitzgerald,841,melville,7.533801449669732
1,fitzgerald,841,wells,6.578288475672404
1,fitzgerald,841,austen,6.530929565429688
1,fitzgerald,841,fitzgerald,6.28431865147182
1,fitzgerald,841,twain,7.172601491212845
1,fitzgerald,842,train,4.436808904012044
1,fitzgerald,842,baum,6.461444854736328
1,fitzgerald,842,thompson,7.095999240875244
1,fitzgerald,842,dickens,6.403079191843669
1,fitzgerald,842,melville,7.524506251017253
1,fitzgerald,842,wells,6.562663873036702
1,fitzgerald,842,austen,6.518415133158366
1,fitzgerald,842,fitzgerald,6.275553635188511
1,fitzgerald,842,twain,7.163271516561508
1,fitzgerald,843,train,4.453319231669108
1,fitzgerald,843,baum,6.474882125854492
1,fitzgerald,843,thompson,7.105546832084656
1,fitzgerald,843,dickens,6.407308737436931
1,fitzgerald,843,melville,7.531318028767903
1,fitzgerald,843,wells,6.572959582010905
1,fitzgerald,843,austen,6.529616673787435
1,fitzgerald,843,fitzgerald,6.28139202935355
1,fitzgerald,843,twain,7.176539957523346
1,fitzgerald,844,train,4.4585442543029785
1,fitzgerald,844,baum,6.476102709770203
1,fitzgerald,844,thompson,7.101891756057739
1,fitzgerald,844,dickens,6.409979661305745
1,fitzgerald,844,melville,7.536738554636638
1,fitzgerald,844,wells,6.571877320607503
1,fitzgerald,844,austen,6.529214143753052
1,fitzgerald,844,fitzgerald,6.282317229679653
1,fitzgerald,844,twain,7.172069042921066
1,fitzgerald,845,train,4.542863527933757
1,fitzgerald,845,baum,6.481698751449585
1,fitzgerald,845,thompson,7.105560660362244
1,fitzgerald,845,dickens,6.4153242111206055
1,fitzgerald,845,melville,7.542156272464329
1,fitzgerald,845,wells,6.581212838490804
1,fitzgerald,845,austen,6.542099237442017
1,fitzgerald,845,fitzgerald,6.286721774509975
1,fitzgerald,845,twain,7.1822342574596405
1,fitzgerald,846,train,4.499420642852783
1,fitzgerald,846,baum,6.478972792625427
1,fitzgerald,846,thompson,7.103294730186462
1,fitzgerald,846,dickens,6.419156392415364
1,fitzgerald,846,melville,7.54331980811225
1,fitzgerald,846,wells,6.583338340123494
1,fitzgerald,846,austen,6.542163769404094
1,fitzgerald,846,fitzgerald,6.286474772862026
1,fitzgerald,846,twain,7.18430694937706
1,fitzgerald,847,train,4.441526254018148
1,fitzgerald,847,baum,6.484762191772461
1,fitzgerald,847,thompson,7.112969279289246
1,fitzgerald,847,dickens,6.42037296295166
1,fitzgerald,847,melville,7.549659623040093
1,fitzgerald,847,wells,6.584848642349243
1,fitzgerald,847,austen,6.543085813522339
1,fitzgerald,847,fitzgerald,6.290220260620117
1,fitzgerald,847,twain,7.188269197940826
1,fitzgerald,848,train,4.480192979176839
1,fitzgerald,848,baum,6.463316202163696
1,fitzgerald,848,thompson,7.096997499465942
1,fitzgerald,848,dickens,6.409597237904866
1,fitzgerald,848,melville,7.537507692972819
1,fitzgerald,848,wells,6.571064313252767
1,fitzgerald,848,austen,6.525801022847493
1,fitzgerald,848,fitzgerald,6.278932094573975
1,fitzgerald,848,twain,7.177449822425842
1,fitzgerald,849,train,4.481273174285889
1,fitzgerald,849,baum,6.473056197166443
1,fitzgerald,849,thompson,7.09620213508606
1,fitzgerald,849,dickens,6.41082747777303
1,fitzgerald,849,melville,7.533090114593506
1,fitzgerald,849,wells,6.572959025700887
1,fitzgerald,849,austen,6.525919516881307
1,fitzgerald,849,fitzgerald,6.281066145215716
1,fitzgerald,849,twain,7.170629978179932
1,fitzgerald,850,train,4.5337263743082685
1,fitzgerald,850,baum,6.490549802780151
1,fitzgerald,850,thompson,7.109511613845825
1,fitzgerald,850,dickens,6.418088912963867
1,fitzgerald,850,melville,7.546352386474609
1,fitzgerald,850,wells,6.586047808329265
1,fitzgerald,850,austen,6.545228083928426
1,fitzgerald,850,fitzgerald,6.291866983686175
1,fitzgerald,850,twain,7.1853921711444855
1,fitzgerald,851,train,4.434601147969564
1,fitzgerald,851,baum,6.472850441932678
1,fitzgerald,851,thompson,7.103416085243225
1,fitzgerald,851,dickens,6.4104383786519366
1,fitzgerald,851,melville,7.538760291205512
1,fitzgerald,851,wells,6.578656911849976
1,fitzgerald,851,austen,6.532898426055908
1,fitzgerald,851,fitzgerald,6.283336026327951
1,fitzgerald,851,twain,7.180571645498276
1,fitzgerald,852,train,4.4871506690979
1,fitzgerald,852,baum,6.4885077476501465
1,fitzgerald,852,thompson,7.12033474445343
1,fitzgerald,852,dickens,6.415401935577393
1,fitzgerald,852,melville,7.54161188337538
1,fitzgerald,852,wells,6.587596654891968
1,fitzgerald,852,austen,6.536147117614746
1,fitzgerald,852,fitzgerald,6.291546072278704
1,fitzgerald,852,twain,7.186589956283569
1,fitzgerald,853,train,4.451038519541423
1,fitzgerald,853,baum,6.46575653553009
1,fitzgerald,853,thompson,7.100535392761231
1,fitzgerald,853,dickens,6.399555683135986
1,fitzgerald,853,melville,7.533648120032416
1,fitzgerald,853,wells,6.566978295644124
1,fitzgerald,853,austen,6.522172133127849
1,fitzgerald,853,fitzgerald,6.278357710157122
1,fitzgerald,853,twain,7.173911601305008
1,fitzgerald,854,train,4.478597482045491
1,fitzgerald,854,baum,6.472153544425964
1,fitzgerald,854,thompson,7.093788623809815
1,fitzgerald,854,dickens,6.403461297353108
1,fitzgerald,854,melville,7.531327512529161
1,fitzgerald,854,wells,6.571254412333171
1,fitzgerald,854,austen,6.533989191055298
1,fitzgerald,854,fitzgerald,6.281158583504813
1,fitzgerald,854,twain,7.17538720369339
1,fitzgerald,855,train,4.471079031626384
1,fitzgerald,855,baum,6.48867928981781
1,fitzgerald,855,thompson,7.110793948173523
1,fitzgerald,855,dickens,6.410258611043294
1,fitzgerald,855,melville,7.53719260957506
1,fitzgerald,855,wells,6.581387360890706
1,fitzgerald,855,austen,6.545104503631592
1,fitzgerald,855,fitzgerald,6.28710583278111
1,fitzgerald,855,twain,7.18477737903595
1,fitzgerald,856,train,4.44691785176595
1,fitzgerald,856,baum,6.472525358200073
1,fitzgerald,856,thompson,7.101872682571411
1,fitzgerald,856,dickens,6.4084046681722
1,fitzgerald,856,melville,7.539757516649034
1,fitzgerald,856,wells,6.573179880777995
1,fitzgerald,856,austen,6.535787026087443
1,fitzgerald,856,fitzgerald,6.2795364516122
1,fitzgerald,856,twain,7.181368619203568
1,fitzgerald,857,train,4.471884091695149
1,fitzgerald,857,baum,6.47199821472168
1,fitzgerald,857,thompson,7.102636694908142
1,fitzgerald,857,dickens,6.410290718078613
1,fitzgerald,857,melville,7.538736290401882
1,fitzgerald,857,wells,6.5756025314331055
1,fitzgerald,857,austen,6.5374531745910645
1,fitzgerald,857,fitzgerald,6.282363414764404
1,fitzgerald,857,twain,7.180054038763046
1,fitzgerald,858,train,4.415065924326579
1,fitzgerald,858,baum,6.464424133300781
1,fitzgerald,858,thompson,7.103770613670349
1,fitzgerald,858,dickens,6.404386520385742
1,fitzgerald,858,melville,7.536050266689724
1,fitzgerald,858,wells,6.569830338160197
1,fitzgerald,858,austen,6.52701210975647
1,fitzgerald,858,fitzgerald,6.279272828783308
1,fitzgerald,858,twain,7.175551325082779
1,fitzgerald,859,train,4.48625373840332
1,fitzgerald,859,baum,6.472079515457153
1,fitzgerald,859,thompson,7.104645252227783
1,fitzgerald,859,dickens,6.40804386138916
1,fitzgerald,859,melville,7.538323402404785
1,fitzgerald,859,wells,6.573365529378255
1,fitzgerald,859,austen,6.529235363006592
1,fitzgerald,859,fitzgerald,6.282539640154157
1,fitzgerald,859,twain,7.17810133099556
1,fitzgerald,860,train,4.396749973297119
1,fitzgerald,860,baum,6.490839719772339
1,fitzgerald,860,thompson,7.116308689117432
1,fitzgerald,860,dickens,6.415824095408122
1,fitzgerald,860,melville,7.547327306535509
1,fitzgerald,860,wells,6.57991902033488
1,fitzgerald,860,austen,6.545578082402547
1,fitzgerald,860,fitzgerald,6.289704935891288
1,fitzgerald,860,twain,7.186377733945847
1,fitzgerald,861,train,4.454511006673177
1,fitzgerald,861,baum,6.475170493125916
1,fitzgerald,861,thompson,7.106042265892029
1,fitzgerald,861,dickens,6.407227039337158
1,fitzgerald,861,melville,7.543122715420193
1,fitzgerald,861,wells,6.57420802116394
1,fitzgerald,861,austen,6.532722234725952
1,fitzgerald,861,fitzgerald,6.282825129372733
1,fitzgerald,861,twain,7.177753269672394
1,fitzgerald,862,train,4.438671747843425
1,fitzgerald,862,baum,6.474804401397705
1,fitzgerald,862,thompson,7.105055809020996
1,fitzgerald,862,dickens,6.408410867055257
1,fitzgerald,862,melville,7.535098393758138
1,fitzgerald,862,wells,6.574854214986165
1,fitzgerald,862,austen,6.535027503967285
1,fitzgerald,862,fitzgerald,6.283000401088169
1,fitzgerald,862,twain,7.176927983760834
1,fitzgerald,863,train,4.481277306874593
1,fitzgerald,863,baum,6.480880260467529
1,fitzgerald,863,thompson,7.107116222381592
1,fitzgerald,863,dickens,6.417104403177897
1,fitzgerald,863,melville,7.540826055738661
1,fitzgerald,863,wells,6.581824064254761
1,fitzgerald,863,austen,6.540453275044759
1,fitzgerald,863,fitzgerald,6.28727776663644
1,fitzgerald,863,twain,7.181691735982895
1,fitzgerald,864,train,4.458421548207601
1,fitzgerald,864,baum,6.479726314544678
1,fitzgerald,864,thompson,7.108157634735107
1,fitzgerald,864,dickens,6.417050043741862
1,fitzgerald,864,melville,7.537839200761583
1,fitzgerald,864,wells,6.5769468943278
1,fitzgerald,864,austen,6.535290956497192
1,fitzgerald,864,fitzgerald,6.286150182996478
1,fitzgerald,864,twain,7.181989878416061
1,fitzgerald,865,train,4.439343452453613
1,fitzgerald,865,baum,6.49023163318634
1,fitzgerald,865,thompson,7.123109579086304
1,fitzgerald,865,dickens,6.425820032755534
1,fitzgerald,865,melville,7.557726701100667
1,fitzgerald,865,wells,6.590773026148479
1,fitzgerald,865,austen,6.551258246103923
1,fitzgerald,865,fitzgerald,6.29575116293771
1,fitzgerald,865,twain,7.202664017677307
1,fitzgerald,866,train,4.476903438568115
1,fitzgerald,866,baum,6.478932499885559
1,fitzgerald,866,thompson,7.116022109985352
1,fitzgerald,866,dickens,6.414215882619222
1,fitzgerald,866,melville,7.549019283718533
1,fitzgerald,866,wells,6.581253846486409
1,fitzgerald,866,austen,6.539115031560262
1,fitzgerald,866,fitzgerald,6.286782741546631
1,fitzgerald,866,twain,7.188108742237091
1,fitzgerald,867,train,4.430957158406575
1,fitzgerald,867,baum,6.48102343082428
1,fitzgerald,867,thompson,7.112091302871704
1,fitzgerald,867,dickens,6.412282307942708
1,fitzgerald,867,melville,7.543406009674072
1,fitzgerald,867,wells,6.577600955963135
1,fitzgerald,867,austen,6.535686413447063
1,fitzgerald,867,fitzgerald,6.284127984728132
1,fitzgerald,867,twain,7.182556390762329
1,fitzgerald,868,train,4.479686101277669
1,fitzgerald,868,baum,6.488389730453491
1,fitzgerald,868,thompson,7.116831064224243
1,fitzgerald,868,dickens,6.420077164967855
1,fitzgerald,868,melville,7.559627638922797
1,fitzgerald,868,wells,6.591771761576335
1,fitzgerald,868,austen,6.547634045283
1,fitzgerald,868,fitzgerald,6.29253625869751
1,fitzgerald,868,twain,7.197717726230621
1,fitzgerald,869,train,4.434384981791179
1,fitzgerald,869,baum,6.484973073005676
1,fitzgerald,869,thompson,7.114568114280701
1,fitzgerald,869,dickens,6.418677806854248
1,fitzgerald,869,melville,7.553074200948079
1,fitzgerald,869,wells,6.585243542989095
1,fitzgerald,869,austen,6.543911933898926
1,fitzgerald,869,fitzgerald,6.289884567260742
1,fitzgerald,869,twain,7.190806299448013
1,fitzgerald,870,train,4.491460641225179
1,fitzgerald,870,baum,6.484578609466553
1,fitzgerald,870,thompson,7.12020206451416
1,fitzgerald,870,dickens,6.416049003601074
1,fitzgerald,870,melville,7.552437358432346
1,fitzgerald,870,wells,6.584590673446655
1,fitzgerald,870,austen,6.53853456179301
1,fitzgerald,870,fitzgerald,6.2882473809378485
1,fitzgerald,870,twain,7.1903174221515656
1,fitzgerald,871,train,4.378565311431885
1,fitzgerald,871,baum,6.483472943305969
1,fitzgerald,871,thompson,7.117204666137695
1,fitzgerald,871,dickens,6.417197545369466
1,fitzgerald,871,melville,7.553918308681911
1,fitzgerald,871,wells,6.589131593704224
1,fitzgerald,871,austen,6.5392692883809405
1,fitzgerald,871,fitzgerald,6.288898399897984
1,fitzgerald,871,twain,7.19428688287735
1,fitzgerald,872,train,4.393528302510579
1,fitzgerald,872,baum,6.485988259315491
1,fitzgerald,872,thompson,7.117034673690796
1,fitzgerald,872,dickens,6.415586789449056
1,fitzgerald,872,melville,7.547417587704128
1,fitzgerald,872,wells,6.585145473480225
1,fitzgerald,872,austen,6.538685321807861
1,fitzgerald,872,fitzgerald,6.2875101906912665
1,fitzgerald,872,twain,7.18742448091507
1,fitzgerald,873,train,4.445853074391683
1,fitzgerald,873,baum,6.484546542167664
1,fitzgerald,873,thompson,7.114893674850464
1,fitzgerald,873,dickens,6.42109219233195
1,fitzgerald,873,melville,7.551612112257215
1,fitzgerald,873,wells,6.587503274281819
1,fitzgerald,873,austen,6.54219667116801
1,fitzgerald,873,fitzgerald,6.288070951189313
1,fitzgerald,873,twain,7.189042329788208
1,fitzgerald,874,train,4.445696830749512
1,fitzgerald,874,baum,6.483801245689392
1,fitzgerald,874,thompson,7.11552357673645
1,fitzgerald,874,dickens,6.419091860453288
1,fitzgerald,874,melville,7.553351720174153
1,fitzgerald,874,wells,6.5841465791066485
1,fitzgerald,874,austen,6.542220910390218
1,fitzgerald,874,fitzgerald,6.286834853036063
1,fitzgerald,874,twain,7.190770238637924
1,fitzgerald,875,train,4.409707705179851
1,fitzgerald,875,baum,6.495070815086365
1,fitzgerald,875,thompson,7.125280261039734
1,fitzgerald,875,dickens,6.430233796437581
1,fitzgerald,875,melville,7.565947161780463
1,fitzgerald,875,wells,6.594537417093913
1,fitzgerald,875,austen,6.549616972605388
1,fitzgerald,875,fitzgerald,6.295386927468436
1,fitzgerald,875,twain,7.203577905893326
1,fitzgerald,876,train,4.422616481781006
1,fitzgerald,876,baum,6.48074996471405
1,fitzgerald,876,thompson,7.114812612533569
1,fitzgerald,876,dickens,6.4237907727559405
1,fitzgerald,876,melville,7.558015558454725
1,fitzgerald,876,wells,6.584065039952596
1,fitzgerald,876,austen,6.539477984110515
1,fitzgerald,876,fitzgerald,6.289004257747105
1,fitzgerald,876,twain,7.192506700754166
1,fitzgerald,877,train,4.433527151743571
1,fitzgerald,877,baum,6.477142214775085
1,fitzgerald,877,thompson,7.107815504074097
1,fitzgerald,877,dickens,6.4108560880025225
1,fitzgerald,877,melville,7.544975757598877
1,fitzgerald,877,wells,6.575273672739665
1,fitzgerald,877,austen,6.533305486043294
1,fitzgerald,877,fitzgerald,6.283414500100272
1,fitzgerald,877,twain,7.181754618883133
1,fitzgerald,878,train,4.433154265085856
1,fitzgerald,878,baum,6.493640184402466
1,fitzgerald,878,thompson,7.119977951049805
1,fitzgerald,878,dickens,6.419478257497151
1,fitzgerald,878,melville,7.560060713026258
1,fitzgerald,878,wells,6.597227096557617
1,fitzgerald,878,austen,6.55053464571635
1,fitzgerald,878,fitzgerald,6.294487816946847
1,fitzgerald,878,twain,7.199408143758774
1,fitzgerald,879,train,4.394877274831136
1,fitzgerald,879,baum,6.498582482337952
1,fitzgerald,879,thompson,7.121211290359497
1,fitzgerald,879,dickens,6.424004554748535
1,fitzgerald,879,melville,7.557571199205187
1,fitzgerald,879,wells,6.592931429545085
1,fitzgerald,879,austen,6.5510618686676025
1,fitzgerald,879,fitzgerald,6.294093881334577
1,fitzgerald,879,twain,7.194985032081604
1,fitzgerald,880,train,4.4516364733378095
1,fitzgerald,880,baum,6.484915733337402
1,fitzgerald,880,thompson,7.117565631866455
1,fitzgerald,880,dickens,6.4193549156188965
1,fitzgerald,880,melville,7.553792423672146
1,fitzgerald,880,wells,6.58551041285197
1,fitzgerald,880,austen,6.538734594980876
1,fitzgerald,880,fitzgerald,6.289160864693778
1,fitzgerald,880,twain,7.189655125141144
1,fitzgerald,881,train,4.40389887491862
1,fitzgerald,881,baum,6.486036062240601
1,fitzgerald,881,thompson,7.117965340614319
1,fitzgerald,881,dickens,6.421621640523274
1,fitzgerald,881,melville,7.55442746480306
1,fitzgerald,881,wells,6.589088996251424
1,fitzgerald,881,austen,6.541961272557576
1,fitzgerald,881,fitzgerald,6.289680412837437
1,fitzgerald,881,twain,7.195174962282181
1,fitzgerald,882,train,4.372904300689697
1,fitzgerald,882,baum,6.50395143032074
1,fitzgerald,882,thompson,7.1302410364151
1,fitzgerald,882,dickens,6.434355099995931
1,fitzgerald,882,melville,7.564856635199653
1,fitzgerald,882,wells,6.603039741516113
1,fitzgerald,882,austen,6.55754017829895
1,fitzgerald,882,fitzgerald,6.300871780940464
1,fitzgerald,882,twain,7.203439831733704
1,fitzgerald,883,train,4.431178251902263
1,fitzgerald,883,baum,6.486703753471375
1,fitzgerald,883,thompson,7.122218489646912
1,fitzgerald,883,dickens,6.420495986938477
1,fitzgerald,883,melville,7.563925478193495
1,fitzgerald,883,wells,6.591836134592692
1,fitzgerald,883,austen,6.541481177012126
1,fitzgerald,883,fitzgerald,6.292312213352749
1,fitzgerald,883,twain,7.198016732931137
1,fitzgerald,884,train,4.370412508646647
1,fitzgerald,884,baum,6.510014295578003
1,fitzgerald,884,thompson,7.132254958152771
1,fitzgerald,884,dickens,6.436738014221191
1,fitzgerald,884,melville,7.567995548248291
1,fitzgerald,884,wells,6.604990879694621
1,fitzgerald,884,austen,6.559409936269124
1,fitzgerald,884,fitzgerald,6.3004849297659735
1,fitzgerald,884,twain,7.206616193056107
1,fitzgerald,885,train,4.387002468109131
1,fitzgerald,885,baum,6.502829670906067
1,fitzgerald,885,thompson,7.132176995277405
1,fitzgerald,885,dickens,6.4292670885721845
1,fitzgerald,885,melville,7.561844613817003
1,fitzgerald,885,wells,6.596287965774536
1,fitzgerald,885,austen,6.548806349436442
1,fitzgerald,885,fitzgerald,6.293673515319824
1,fitzgerald,885,twain,7.1982559859752655
1,fitzgerald,886,train,4.398763974507649
1,fitzgerald,886,baum,6.504355788230896
1,fitzgerald,886,thompson,7.128019332885742
1,fitzgerald,886,dickens,6.435715993245442
1,fitzgerald,886,melville,7.567816522386339
1,fitzgerald,886,wells,6.605685393015544
1,fitzgerald,886,austen,6.5582981904347735
1,fitzgerald,886,fitzgerald,6.300544466291155
1,fitzgerald,886,twain,7.206527411937714
1,fitzgerald,887,train,4.426290194193522
1,fitzgerald,887,baum,6.497258305549622
1,fitzgerald,887,thompson,7.1269378662109375
1,fitzgerald,887,dickens,6.422844568888347
1,fitzgerald,887,melville,7.56103245417277
1,fitzgerald,887,wells,6.594176610310872
1,fitzgerald,887,austen,6.549903154373169
1,fitzgerald,887,fitzgerald,6.293854372841971
1,fitzgerald,887,twain,7.197899222373962
1,fitzgerald,888,train,4.38490088780721
1,fitzgerald,888,baum,6.495424389839172
1,fitzgerald,888,thompson,7.130000948905945
1,fitzgerald,888,dickens,6.427205721537272
1,fitzgerald,888,melville,7.566948996649848
1,fitzgerald,888,wells,6.595462640126546
1,fitzgerald,888,austen,6.549967368443807
1,fitzgerald,888,fitzgerald,6.293335097176688
1,fitzgerald,888,twain,7.202182710170746
1,fitzgerald,889,train,4.404382864634196
1,fitzgerald,889,baum,6.495280861854553
1,fitzgerald,889,thompson,7.131568908691406
1,fitzgerald,889,dickens,6.430695056915283
1,fitzgerald,889,melville,7.565647655063206
1,fitzgerald,889,wells,6.592339992523193
1,fitzgerald,889,austen,6.5543802579243975
1,fitzgerald,889,fitzgerald,6.293527807508196
1,fitzgerald,889,twain,7.201792120933533
1,fitzgerald,890,train,4.431854724884033
1,fitzgerald,890,baum,6.507303357124329
1,fitzgerald,890,thompson,7.136278390884399
1,fitzgerald,890,dickens,6.434737682342529
1,fitzgerald,890,melville,7.570932070414226
1,fitzgerald,890,wells,6.605633894602458
1,fitzgerald,890,austen,6.562684774398804
1,fitzgerald,890,fitzgerald,6.300997120993478
1,fitzgerald,890,twain,7.210063546895981
1,fitzgerald,891,train,4.350167592366536
1,fitzgerald,891,baum,6.491954445838928
1,fitzgerald,891,thompson,7.122595548629761
1,fitzgerald,891,dickens,6.419390678405762
1,fitzgerald,891,melville,7.556950039333767
1,fitzgerald,891,wells,6.590119918187459
1,fitzgerald,891,austen,6.544432799021403
1,fitzgerald,891,fitzgerald,6.288114547729492
1,fitzgerald,891,twain,7.193077802658081
1,fitzgerald,892,train,4.38605546951294
1,fitzgerald,892,baum,6.49752140045166
1,fitzgerald,892,thompson,7.126848101615906
1,fitzgerald,892,dickens,6.4256313641866045
1,fitzgerald,892,melville,7.565103530883789
1,fitzgerald,892,wells,6.596911350886027
1,fitzgerald,892,austen,6.549116452534993
1,fitzgerald,892,fitzgerald,6.293615000588553
1,fitzgerald,892,twain,7.1973898112773895
1,fitzgerald,893,train,4.402162233988444
1,fitzgerald,893,baum,6.501250863075256
1,fitzgerald,893,thompson,7.12945830821991
1,fitzgerald,893,dickens,6.4292043050130205
1,fitzgerald,893,melville,7.571377224392361
1,fitzgerald,893,wells,6.602975368499756
1,fitzgerald,893,austen,6.553822914759318
1,fitzgerald,893,fitzgerald,6.298038414546421
1,fitzgerald,893,twain,7.207925528287888
1,fitzgerald,894,train,4.403966903686523
1,fitzgerald,894,baum,6.495391130447388
1,fitzgerald,894,thompson,7.128184914588928
1,fitzgerald,894,dickens,6.428403536478679
1,fitzgerald,894,melville,7.570424450768365
1,fitzgerald,894,wells,6.596282482147217
1,fitzgerald,894,austen,6.551350037256877
1,fitzgerald,894,fitzgerald,6.292055879320417
1,fitzgerald,894,twain,7.20380774140358
1,fitzgerald,895,train,4.35719633102417
1,fitzgerald,895,baum,6.519662022590637
1,fitzgerald,895,thompson,7.147897720336914
1,fitzgerald,895,dickens,6.44435183207194
1,fitzgerald,895,melville,7.590085135565864
1,fitzgerald,895,wells,6.618991533915202
1,fitzgerald,895,austen,6.574217081069946
1,fitzgerald,895,fitzgerald,6.30564376286098
1,fitzgerald,895,twain,7.223850548267364
1,fitzgerald,896,train,4.382196267445882
1,fitzgerald,896,baum,6.492201447486877
1,fitzgerald,896,thompson,7.118521213531494
1,fitzgerald,896,dickens,6.428029537200928
1,fitzgerald,896,melville,7.564330577850342
1,fitzgerald,896,wells,6.589105606079102
1,fitzgerald,896,austen,6.546261946360271
1,fitzgerald,896,fitzgerald,6.286791665213449
1,fitzgerald,896,twain,7.197099804878235
1,fitzgerald,897,train,4.338588078816732
1,fitzgerald,897,baum,6.489713072776794
1,fitzgerald,897,thompson,7.119814395904541
1,fitzgerald,897,dickens,6.42454719543457
1,fitzgerald,897,melville,7.559490150875515
1,fitzgerald,897,wells,6.590548515319824
1,fitzgerald,897,austen,6.548779249191284
1,fitzgerald,897,fitzgerald,6.287814004080636
1,fitzgerald,897,twain,7.198230385780335
1,fitzgerald,898,train,4.326491355895996
1,fitzgerald,898,baum,6.50922417640686
1,fitzgerald,898,thompson,7.141450047492981
1,fitzgerald,898,dickens,6.435440222422282
1,fitzgerald,898,melville,7.578322887420654
1,fitzgerald,898,wells,6.611173152923584
1,fitzgerald,898,austen,6.565255085627238
1,fitzgerald,898,fitzgerald,6.301452432359968
1,fitzgerald,898,twain,7.218528538942337
1,fitzgerald,899,train,4.349349498748779
1,fitzgerald,899,baum,6.5052649974823
1,fitzgerald,899,thompson,7.134040832519531
1,fitzgerald,899,dickens,6.434139569600423
1,fitzgerald,899,melville,7.577420075734456
1,fitzgerald,899,wells,6.6047656536102295
1,fitzgerald,899,austen,6.560705661773682
1,fitzgerald,899,fitzgerald,6.299398694719587
1,fitzgerald,899,twain,7.211155563592911
1,fitzgerald,900,train,4.346012592315674
1,fitzgerald,900,baum,6.510797381401062
1,fitzgerald,900,thompson,7.140987515449524
1,fitzgerald,900,dickens,6.433008670806885
1,fitzgerald,900,melville,7.583732604980469
1,fitzgerald,900,wells,6.609174887339274
1,fitzgerald,900,austen,6.565638621648152
1,fitzgerald,900,fitzgerald,6.300456455775669
1,fitzgerald,900,twain,7.216665327548981
1,fitzgerald,901,train,4.448882897694905
1,fitzgerald,901,baum,6.512143611907959
1,fitzgerald,901,thompson,7.141067385673523
1,fitzgerald,901,dickens,6.435996214548747
1,fitzgerald,901,melville,7.582010163201226
1,fitzgerald,901,wells,6.603440523147583
1,fitzgerald,901,austen,6.565905570983887
1,fitzgerald,901,fitzgerald,6.298394066946847
1,fitzgerald,901,twain,7.211698561906815
1,fitzgerald,902,train,4.381622473398845
1,fitzgerald,902,baum,6.495176076889038
1,fitzgerald,902,thompson,7.130833387374878
1,fitzgerald,902,dickens,6.421943664550781
1,fitzgerald,902,melville,7.575285328759087
1,fitzgerald,902,wells,6.590406497319539
1,fitzgerald,902,austen,6.549307982126872
1,fitzgerald,902,fitzgerald,6.290561131068638
1,fitzgerald,902,twain,7.204984366893768
1,fitzgerald,903,train,4.402212937672933
1,fitzgerald,903,baum,6.509592652320862
1,fitzgerald,903,thompson,7.138925075531006
1,fitzgerald,903,dickens,6.4391547838846845
1,fitzgerald,903,melville,7.584901332855225
1,fitzgerald,903,wells,6.606936136881511
1,fitzgerald,903,austen,6.564191977183024
1,fitzgerald,903,fitzgerald,6.30075250353132
1,fitzgerald,903,twain,7.218073815107346
1,fitzgerald,904,train,4.3514664967854815
1,fitzgerald,904,baum,6.5128413438797
1,fitzgerald,904,thompson,7.1466124057769775
1,fitzgerald,904,dickens,6.439576943715413
1,fitzgerald,904,melville,7.586963494618733
1,fitzgerald,904,wells,6.6107204755147295
1,fitzgerald,904,austen,6.564748207728068
1,fitzgerald,904,fitzgerald,6.302527836390904
1,fitzgerald,904,twain,7.221109598875046
1,fitzgerald,905,train,4.389441808064778
1,fitzgerald,905,baum,6.498893022537232
1,fitzgerald,905,thompson,7.141802668571472
1,fitzgerald,905,dickens,6.437299887339274
1,fitzgerald,905,melville,7.586117267608643
1,fitzgerald,905,wells,6.606311162312825
1,fitzgerald,905,austen,6.5575057665507
1,fitzgerald,905,fitzgerald,6.298852103097098
1,fitzgerald,905,twain,7.2171531319618225
1,fitzgerald,906,train,4.413863023122151
1,fitzgerald,906,baum,6.510357618331909
1,fitzgerald,906,thompson,7.150857329368591
1,fitzgerald,906,dickens,6.439199924468994
1,fitzgerald,906,melville,7.58642922507392
1,fitzgerald,906,wells,6.606645504633586
1,fitzgerald,906,austen,6.563141345977783
1,fitzgerald,906,fitzgerald,6.3022638729640414
1,fitzgerald,906,twain,7.217908650636673
1,fitzgerald,907,train,4.307432969411214
1,fitzgerald,907,baum,6.519170880317688
1,fitzgerald,907,thompson,7.149187445640564
1,fitzgerald,907,dickens,6.440054734547933
1,fitzgerald,907,melville,7.586717976464166
1,fitzgerald,907,wells,6.612537622451782
1,fitzgerald,907,austen,6.5682040850321455
1,fitzgerald,907,fitzgerald,6.302283218928745
1,fitzgerald,907,twain,7.220414608716965
1,fitzgerald,908,train,4.393156846364339
1,fitzgerald,908,baum,6.5215431451797485
1,fitzgerald,908,thompson,7.144612073898315
1,fitzgerald,908,dickens,6.444681644439697
1,fitzgerald,908,melville,7.58410554462009
1,fitzgerald,908,wells,6.614269574483235
1,fitzgerald,908,austen,6.575257937113444
1,fitzgerald,908,fitzgerald,6.30125904083252
1,fitzgerald,908,twain,7.220329284667969
1,fitzgerald,909,train,4.338944276173909
1,fitzgerald,909,baum,6.524327397346497
1,fitzgerald,909,thompson,7.156719207763672
1,fitzgerald,909,dickens,6.445808251698812
1,fitzgerald,909,melville,7.5888166427612305
1,fitzgerald,909,wells,6.621581236521403
1,fitzgerald,909,austen,6.571181058883667
1,fitzgerald,909,fitzgerald,6.3084099633353095
1,fitzgerald,909,twain,7.224116295576096
1,fitzgerald,910,train,4.391678651173909
1,fitzgerald,910,baum,6.504668474197388
1,fitzgerald,910,thompson,7.143846869468689
1,fitzgerald,910,dickens,6.438371340433757
1,fitzgerald,910,melville,7.580872906578912
1,fitzgerald,910,wells,6.604246377944946
1,fitzgerald,910,austen,6.557873646418254
1,fitzgerald,910,fitzgerald,6.297776085989816
1,fitzgerald,910,twain,7.211530029773712
1,fitzgerald,911,train,4.347111701965332
1,fitzgerald,911,baum,6.514370083808899
1,fitzgerald,911,thompson,7.150772571563721
1,fitzgerald,911,dickens,6.441975434621175
1,fitzgerald,911,melville,7.592231379614936
1,fitzgerald,911,wells,6.611945152282715
1,fitzgerald,911,austen,6.569925546646118
1,fitzgerald,911,fitzgerald,6.301188128335135
1,fitzgerald,911,twain,7.222747772932053
1,fitzgerald,912,train,4.400853633880615
1,fitzgerald,912,baum,6.524833798408508
1,fitzgerald,912,thompson,7.153649568557739
1,fitzgerald,912,dickens,6.448360602060954
1,fitzgerald,912,melville,7.599122471279568
1,fitzgerald,912,wells,6.62195086479187
1,fitzgerald,912,austen,6.5808482964833575
1,fitzgerald,912,fitzgerald,6.308308124542236
1,fitzgerald,912,twain,7.235477745532989
1,fitzgerald,913,train,4.397542635599772
1,fitzgerald,913,baum,6.507652163505554
1,fitzgerald,913,thompson,7.145574808120728
1,fitzgerald,913,dickens,6.432795842488607
1,fitzgerald,913,melville,7.585833337571886
1,fitzgerald,913,wells,6.607231378555298
1,fitzgerald,913,austen,6.562746365865071
1,fitzgerald,913,fitzgerald,6.299197741917202
1,fitzgerald,913,twain,7.219951510429382
1,fitzgerald,914,train,4.278994560241699
1,fitzgerald,914,baum,6.5165592432022095
1,fitzgerald,914,thompson,7.151957988739014
1,fitzgerald,914,dickens,6.4451219240824384
1,fitzgerald,914,melville,7.598999606238471
1,fitzgerald,914,wells,6.617271820704143
1,fitzgerald,914,austen,6.570693492889404
1,fitzgerald,914,fitzgerald,6.304026671818325
1,fitzgerald,914,twain,7.229785859584808
1,fitzgerald,915,train,4.331719080607097
1,fitzgerald,915,baum,6.5165568590164185
1,fitzgerald,915,thompson,7.153936743736267
1,fitzgerald,915,dickens,6.446322123209636
1,fitzgerald,915,melville,7.601097159915501
1,fitzgerald,915,wells,6.615106344223023
1,fitzgerald,915,austen,6.569026947021484
1,fitzgerald,915,fitzgerald,6.304322515215192
1,fitzgerald,915,twain,7.229580193758011
1,fitzgerald,916,train,4.348900318145752
1,fitzgerald,916,baum,6.514599084854126
1,fitzgerald,916,thompson,7.153894305229187
1,fitzgerald,916,dickens,6.440579096476237
1,fitzgerald,916,melville,7.599126815795898
1,fitzgerald,916,wells,6.6199179490407305
1,fitzgerald,916,austen,6.57238785425822
1,fitzgerald,916,fitzgerald,6.305916581835065
1,fitzgerald,916,twain,7.235458463430405
1,fitzgerald,917,train,4.352129141489665
1,fitzgerald,917,baum,6.519730567932129
1,fitzgerald,917,thompson,7.155848383903503
1,fitzgerald,917,dickens,6.441471258799235
1,fitzgerald,917,melville,7.603810999128553
1,fitzgerald,917,wells,6.6208155155181885
1,fitzgerald,917,austen,6.573699871699016
1,fitzgerald,917,fitzgerald,6.304655483790806
1,fitzgerald,917,twain,7.235398918390274
1,fitzgerald,918,train,4.308002471923828
1,fitzgerald,918,baum,6.523115873336792
1,fitzgerald,918,thompson,7.153058052062988
1,fitzgerald,918,dickens,6.4436235427856445
1,fitzgerald,918,melville,7.597932815551758
1,fitzgerald,918,wells,6.623286008834839
1,fitzgerald,918,austen,6.577095826466878
1,fitzgerald,918,fitzgerald,6.307854856763568
1,fitzgerald,918,twain,7.229980409145355
1,fitzgerald,919,train,4.35145902633667
1,fitzgerald,919,baum,6.506871342658997
1,fitzgerald,919,thompson,7.141107559204102
1,fitzgerald,919,dickens,6.437094688415527
1,fitzgerald,919,melville,7.58449845843845
1,fitzgerald,919,wells,6.61132550239563
1,fitzgerald,919,austen,6.568344275156657
1,fitzgerald,919,fitzgerald,6.299740178244455
1,fitzgerald,919,twain,7.220452189445496
1,fitzgerald,920,train,4.331215063730876
1,fitzgerald,920,baum,6.52344274520874
1,fitzgerald,920,thompson,7.158839464187622
1,fitzgerald,920,dickens,6.449884573618571
1,fitzgerald,920,melville,7.602491272820367
1,fitzgerald,920,wells,6.621565659840901
1,fitzgerald,920,austen,6.57394011815389
1,fitzgerald,920,fitzgerald,6.307647228240967
1,fitzgerald,920,twain,7.231527954339981
1,fitzgerald,921,train,4.3944118817647295
1,fitzgerald,921,baum,6.5204325914382935
1,fitzgerald,921,thompson,7.149140119552612
1,fitzgerald,921,dickens,6.447452545166016
1,fitzgerald,921,melville,7.597031328413221
1,fitzgerald,921,wells,6.617132266362508
1,fitzgerald,921,austen,6.57025130589803
1,fitzgerald,921,fitzgerald,6.306270122528076
1,fitzgerald,921,twain,7.228641778230667
1,fitzgerald,922,train,4.3307773272196455
1,fitzgerald,922,baum,6.499697208404541
1,fitzgerald,922,thompson,7.14568305015564
1,fitzgerald,922,dickens,6.4332356452941895
1,fitzgerald,922,melville,7.599836349487305
1,fitzgerald,922,wells,6.609235048294067
1,fitzgerald,922,austen,6.559226195017497
1,fitzgerald,922,fitzgerald,6.298585483006069
1,fitzgerald,922,twain,7.229453951120377
1,fitzgerald,923,train,4.340631484985352
1,fitzgerald,923,baum,6.520019054412842
1,fitzgerald,923,thompson,7.15846586227417
1,fitzgerald,923,dickens,6.449167251586914
1,fitzgerald,923,melville,7.599625375535753
1,fitzgerald,923,wells,6.619104703267415
1,fitzgerald,923,austen,6.573683738708496
1,fitzgerald,923,fitzgerald,6.307380267551968
1,fitzgerald,923,twain,7.230756253004074
1,fitzgerald,924,train,4.304588953653972
1,fitzgerald,924,baum,6.51029908657074
1,fitzgerald,924,thompson,7.148462057113648
1,fitzgerald,924,dickens,6.445515950520833
1,fitzgerald,924,melville,7.596240308549669
1,fitzgerald,924,wells,6.618504524230957
1,fitzgerald,924,austen,6.574332157770793
1,fitzgerald,924,fitzgerald,6.305339881352016
1,fitzgerald,924,twain,7.228079229593277
1,fitzgerald,925,train,4.30896790822347
1,fitzgerald,925,baum,6.524585604667664
1,fitzgerald,925,thompson,7.1591490507125854
1,fitzgerald,925,dickens,6.457139809926351
1,fitzgerald,925,melville,7.608681890699598
1,fitzgerald,925,wells,6.63079039255778
1,fitzgerald,925,austen,6.5865585009257
1,fitzgerald,925,fitzgerald,6.31372390474592
1,fitzgerald,925,twain,7.242708146572113
1,fitzgerald,926,train,4.310002485911052
1,fitzgerald,926,baum,6.516350507736206
1,fitzgerald,926,thompson,7.15169894695282
1,fitzgerald,926,dickens,6.446525891621907
1,fitzgerald,926,melville,7.594667275746663
1,fitzgerald,926,wells,6.612958987553914
1,fitzgerald,926,austen,6.573021014531453
1,fitzgerald,926,fitzgerald,6.303446360996792
1,fitzgerald,926,twain,7.228258818387985
1,fitzgerald,927,train,4.338872750600179
1,fitzgerald,927,baum,6.509027600288391
1,fitzgerald,927,thompson,7.145610809326172
1,fitzgerald,927,dickens,6.436462084452312
1,fitzgerald,927,melville,7.59834172990587
1,fitzgerald,927,wells,6.613309621810913
1,fitzgerald,927,austen,6.567322413126628
1,fitzgerald,927,fitzgerald,6.300619193485805
1,fitzgerald,927,twain,7.227600246667862
1,fitzgerald,928,train,4.297915776570638
1,fitzgerald,928,baum,6.529441952705383
1,fitzgerald,928,thompson,7.156123280525208
1,fitzgerald,928,dickens,6.448204517364502
1,fitzgerald,928,melville,7.613449520534939
1,fitzgerald,928,wells,6.629115025202434
1,fitzgerald,928,austen,6.584527015686035
1,fitzgerald,928,fitzgerald,6.312621252877372
1,fitzgerald,928,twain,7.242090970277786
1,fitzgerald,929,train,4.359687487284343
1,fitzgerald,929,baum,6.514793634414673
1,fitzgerald,929,thompson,7.158694744110107
1,fitzgerald,929,dickens,6.438907146453857
1,fitzgerald,929,melville,7.613636281755236
1,fitzgerald,929,wells,6.620205561319987
1,fitzgerald,929,austen,6.575125773747762
1,fitzgerald,929,fitzgerald,6.307006086621966
1,fitzgerald,929,twain,7.240735292434692
1,fitzgerald,930,train,4.369391123453776
1,fitzgerald,930,baum,6.513420820236206
1,fitzgerald,930,thompson,7.153521060943604
1,fitzgerald,930,dickens,6.440811316172282
1,fitzgerald,930,melville,7.605206807454427
1,fitzgerald,930,wells,6.619465192159017
1,fitzgerald,930,austen,6.5761276086171465
1,fitzgerald,930,fitzgerald,6.305131571633475
1,fitzgerald,930,twain,7.236940830945969
1,fitzgerald,931,train,4.35341231028239
1,fitzgerald,931,baum,6.516329765319824
1,fitzgerald,931,thompson,7.1537766456604
1,fitzgerald,931,dickens,6.446328004201253
1,fitzgerald,931,melville,7.609123600853814
1,fitzgerald,931,wells,6.621559778849284
1,fitzgerald,931,austen,6.577786842981975
1,fitzgerald,931,fitzgerald,6.307027680533273
1,fitzgerald,931,twain,7.235059320926666
1,fitzgerald,932,train,4.303552468617757
1,fitzgerald,932,baum,6.533425450325012
1,fitzgerald,932,thompson,7.167724132537842
1,fitzgerald,932,dickens,6.458326498667399
1,fitzgerald,932,melville,7.618456257714166
1,fitzgerald,932,wells,6.640798648198445
1,fitzgerald,932,austen,6.592808326085408
1,fitzgerald,932,fitzgerald,6.319790772029331
1,fitzgerald,932,twain,7.248215436935425
1,fitzgerald,933,train,4.278320630391439
1,fitzgerald,933,baum,6.515366077423096
1,fitzgerald,933,thompson,7.158492922782898
1,fitzgerald,933,dickens,6.445751031239827
1,fitzgerald,933,melville,7.59910339779324
1,fitzgerald,933,wells,6.6170830726623535
1,fitzgerald,933,austen,6.570720116297404
1,fitzgerald,933,fitzgerald,6.304969242640904
1,fitzgerald,933,twain,7.229255795478821
1,fitzgerald,934,train,4.2626237869262695
1,fitzgerald,934,baum,6.518705129623413
1,fitzgerald,934,thompson,7.159817576408386
1,fitzgerald,934,dickens,6.447822729746501
1,fitzgerald,934,melville,7.606722354888916
1,fitzgerald,934,wells,6.620413382848104
1,fitzgerald,934,austen,6.5697018305460615
1,fitzgerald,934,fitzgerald,6.30775260925293
1,fitzgerald,934,twain,7.235828787088394
1,fitzgerald,935,train,4.302802403767903
1,fitzgerald,935,baum,6.525731325149536
1,fitzgerald,935,thompson,7.160601854324341
1,fitzgerald,935,dickens,6.450387795766194
1,fitzgerald,935,melville,7.605835543738471
1,fitzgerald,935,wells,6.627575079600017
1,fitzgerald,935,austen,6.580017964045207
1,fitzgerald,935,fitzgerald,6.312982559204102
1,fitzgerald,935,twain,7.241519749164581
1,fitzgerald,936,train,4.339448610941569
1,fitzgerald,936,baum,6.509241580963135
1,fitzgerald,936,thompson,7.150057554244995
1,fitzgerald,936,dickens,6.441738923390706
1,fitzgerald,936,melville,7.596360895368788
1,fitzgerald,936,wells,6.616397221883138
1,fitzgerald,936,austen,6.568800846735637
1,fitzgerald,936,fitzgerald,6.303071703229632
1,fitzgerald,936,twain,7.229333341121674
1,fitzgerald,937,train,4.335480848948161
1,fitzgerald,937,baum,6.519239902496338
1,fitzgerald,937,thompson,7.152610063552856
1,fitzgerald,937,dickens,6.444692929585774
1,fitzgerald,937,melville,7.598361968994141
1,fitzgerald,937,wells,6.616898616154988
1,fitzgerald,937,austen,6.572112162907918
1,fitzgerald,937,fitzgerald,6.304686546325684
1,fitzgerald,937,twain,7.228204160928726
1,fitzgerald,938,train,4.314500172932942
1,fitzgerald,938,baum,6.527859807014465
1,fitzgerald,938,thompson,7.164345383644104
1,fitzgerald,938,dickens,6.450318813323975
1,fitzgerald,938,melville,7.609946727752685
1,fitzgerald,938,wells,6.625062545140584
1,fitzgerald,938,austen,6.580357472101848
1,fitzgerald,938,fitzgerald,6.309550149100168
1,fitzgerald,938,twain,7.235204577445984
1,fitzgerald,939,train,4.345101992289226
1,fitzgerald,939,baum,6.535616517066956
1,fitzgerald,939,thompson,7.167267560958862
1,fitzgerald,939,dickens,6.455348491668701
1,fitzgerald,939,melville,7.614200645022922
1,fitzgerald,939,wells,6.637075106302897
1,fitzgerald,939,austen,6.587556680043538
1,fitzgerald,939,fitzgerald,6.316256046295166
1,fitzgerald,939,twain,7.245876431465149
1,fitzgerald,940,train,4.346266269683838
1,fitzgerald,940,baum,6.525957822799683
1,fitzgerald,940,thompson,7.164601445198059
1,fitzgerald,940,dickens,6.452362696329753
1,fitzgerald,940,melville,7.611849890814887
1,fitzgerald,940,wells,6.62859312693278
1,fitzgerald,940,austen,6.579648892084758
1,fitzgerald,940,fitzgerald,6.309943471636091
1,fitzgerald,940,twain,7.243750274181366
1,fitzgerald,941,train,4.332993507385254
1,fitzgerald,941,baum,6.527054667472839
1,fitzgerald,941,thompson,7.171151399612427
1,fitzgerald,941,dickens,6.455884297688802
1,fitzgerald,941,melville,7.625452624426948
1,fitzgerald,941,wells,6.636766990025838
1,fitzgerald,941,austen,6.588196754455566
1,fitzgerald,941,fitzgerald,6.314260823386056
1,fitzgerald,941,twain,7.252077430486679
1,fitzgerald,942,train,4.244710127512614
1,fitzgerald,942,baum,6.53308379650116
1,fitzgerald,942,thompson,7.170048236846924
1,fitzgerald,942,dickens,6.456041653951009
1,fitzgerald,942,melville,7.618183665805393
1,fitzgerald,942,wells,6.634491443634033
1,fitzgerald,942,austen,6.586663722991943
1,fitzgerald,942,fitzgerald,6.314460209437779
1,fitzgerald,942,twain,7.246914029121399
1,fitzgerald,943,train,4.342857678731282
1,fitzgerald,943,baum,6.532541990280151
1,fitzgerald,943,thompson,7.16702139377594
1,fitzgerald,943,dickens,6.454786618550618
1,fitzgerald,943,melville,7.613382498423259
1,fitzgerald,943,wells,6.638236125310262
1,fitzgerald,943,austen,6.584820032119751
1,fitzgerald,943,fitzgerald,6.315375668661935
1,fitzgerald,943,twain,7.247064769268036
1,fitzgerald,944,train,4.291030406951904
1,fitzgerald,944,baum,6.530320882797241
1,fitzgerald,944,thompson,7.167750716209412
1,fitzgerald,944,dickens,6.454475084940593
1,fitzgerald,944,melville,7.611147721608479
1,fitzgerald,944,wells,6.632038354873657
1,fitzgerald,944,austen,6.5872031052907305
1,fitzgerald,944,fitzgerald,6.311909266880581
1,fitzgerald,944,twain,7.244351953268051
1,fitzgerald,945,train,4.277762571970622
1,fitzgerald,945,baum,6.530746936798096
1,fitzgerald,945,thompson,7.166598796844482
1,fitzgerald,945,dickens,6.45540205637614
1,fitzgerald,945,melville,7.612822638617621
1,fitzgerald,945,wells,6.629351377487183
1,fitzgerald,945,austen,6.5861906210581465
1,fitzgerald,945,fitzgerald,6.310185636792864
1,fitzgerald,945,twain,7.242695212364197
1,fitzgerald,946,train,4.315207799275716
1,fitzgerald,946,baum,6.522263169288635
1,fitzgerald,946,thompson,7.164025187492371
1,fitzgerald,946,dickens,6.450080871582031
1,fitzgerald,946,melville,7.6096535788642035
1,fitzgerald,946,wells,6.626724481582642
1,fitzgerald,946,austen,6.578532775243123
1,fitzgerald,946,fitzgerald,6.309024061475482
1,fitzgerald,946,twain,7.23834216594696
1,fitzgerald,947,train,4.270915667215983
1,fitzgerald,947,baum,6.51620876789093
1,fitzgerald,947,thompson,7.164031267166138
1,fitzgerald,947,dickens,6.448024908701579
1,fitzgerald,947,melville,7.605056391821967
1,fitzgerald,947,wells,6.619975090026856
1,fitzgerald,947,austen,6.572415192921956
1,fitzgerald,947,fitzgerald,6.304483618055071
1,fitzgerald,947,twain,7.236358642578125
1,fitzgerald,948,train,4.305070082346599
1,fitzgerald,948,baum,6.535682678222656
1,fitzgerald,948,thompson,7.173317909240723
1,fitzgerald,948,dickens,6.467025915781657
1,fitzgerald,948,melville,7.624850432078044
1,fitzgerald,948,wells,6.639912366867065
1,fitzgerald,948,austen,6.592474778493245
1,fitzgerald,948,fitzgerald,6.317627361842564
1,fitzgerald,948,twain,7.254996716976166
1,fitzgerald,949,train,4.285510540008545
1,fitzgerald,949,baum,6.5466471910476685
1,fitzgerald,949,thompson,7.183105111122131
1,fitzgerald,949,dickens,6.4741261800130205
1,fitzgerald,949,melville,7.630012141333686
1,fitzgerald,949,wells,6.644617160161336
1,fitzgerald,949,austen,6.599133491516113
1,fitzgerald,949,fitzgerald,6.323858737945557
1,fitzgerald,949,twain,7.258609920740128
1,fitzgerald,950,train,4.3376156489054365
1,fitzgerald,950,baum,6.529139757156372
1,fitzgerald,950,thompson,7.181876182556152
1,fitzgerald,950,dickens,6.461461226145427
1,fitzgerald,950,melville,7.624753952026367
1,fitzgerald,950,wells,6.637336174647014
1,fitzgerald,950,austen,6.587714513142903
1,fitzgerald,950,fitzgerald,6.317723069872175
1,fitzgerald,950,twain,7.253887206315994
1,fitzgerald,951,train,4.302619457244873
1,fitzgerald,951,baum,6.534451842308044
1,fitzgerald,951,thompson,7.187215328216553
1,fitzgerald,951,dickens,6.469098726908366
1,fitzgerald,951,melville,7.635125637054443
1,fitzgerald,951,wells,6.6468119621276855
1,fitzgerald,951,austen,6.595335086186727
1,fitzgerald,951,fitzgerald,6.321681295122419
1,fitzgerald,951,twain,7.26399365067482
1,fitzgerald,952,train,4.246167023976644
1,fitzgerald,952,baum,6.549360990524292
1,fitzgerald,952,thompson,7.184151649475098
1,fitzgerald,952,dickens,6.4727834065755205
1,fitzgerald,952,melville,7.638224495781793
1,fitzgerald,952,wells,6.657598495483398
1,fitzgerald,952,austen,6.6077306270599365
1,fitzgerald,952,fitzgerald,6.330168860299247
1,fitzgerald,952,twain,7.268413811922073
1,fitzgerald,953,train,4.211743354797363
1,fitzgerald,953,baum,6.522139310836792
1,fitzgerald,953,thompson,7.164013504981995
1,fitzgerald,953,dickens,6.4477278391520185
1,fitzgerald,953,melville,7.619606812795003
1,fitzgerald,953,wells,6.627142747243245
1,fitzgerald,953,austen,6.58434009552002
1,fitzgerald,953,fitzgerald,6.309507778712681
1,fitzgerald,953,twain,7.245645731687546
1,fitzgerald,954,train,4.232156753540039
1,fitzgerald,954,baum,6.543193936347961
1,fitzgerald,954,thompson,7.173958420753479
1,fitzgerald,954,dickens,6.467406749725342
1,fitzgerald,954,melville,7.625319904751247
1,fitzgerald,954,wells,6.641628503799439
1,fitzgerald,954,austen,6.5976996421813965
1,fitzgerald,954,fitzgerald,6.319363049098423
1,fitzgerald,954,twain,7.255109846591949
1,fitzgerald,955,train,4.264479796091716
1,fitzgerald,955,baum,6.543001651763916
1,fitzgerald,955,thompson,7.185000896453857
1,fitzgerald,955,dickens,6.469712098439534
1,fitzgerald,955,melville,7.632224082946777
1,fitzgerald,955,wells,6.6466061274210615
1,fitzgerald,955,austen,6.59896183013916
1,fitzgerald,955,fitzgerald,6.323527676718576
1,fitzgerald,955,twain,7.26016840338707
1,fitzgerald,956,train,4.24929682413737
1,fitzgerald,956,baum,6.531758189201355
1,fitzgerald,956,thompson,7.175628423690796
1,fitzgerald,956,dickens,6.46233606338501
1,fitzgerald,956,melville,7.626679526435004
1,fitzgerald,956,wells,6.640767176946004
1,fitzgerald,956,austen,6.593015034993489
1,fitzgerald,956,fitzgerald,6.320651190621512
1,fitzgerald,956,twain,7.258056193590164
1,fitzgerald,957,train,4.223566214243571
1,fitzgerald,957,baum,6.537689924240112
1,fitzgerald,957,thompson,7.1817158460617065
1,fitzgerald,957,dickens,6.456590175628662
1,fitzgerald,957,melville,7.624750508202447
1,fitzgerald,957,wells,6.637099742889404
1,fitzgerald,957,austen,6.589002847671509
1,fitzgerald,957,fitzgerald,6.318972519465855
1,fitzgerald,957,twain,7.25856426358223
1,fitzgerald,958,train,4.290354251861572
1,fitzgerald,958,baum,6.553980827331543
1,fitzgerald,958,thompson,7.189327239990234
1,fitzgerald,958,dickens,6.465370496114095
1,fitzgerald,958,melville,7.631673547956678
1,fitzgerald,958,wells,6.653554598490397
1,fitzgerald,958,austen,6.607771396636963
1,fitzgerald,958,fitzgerald,6.328256334577288
1,fitzgerald,958,twain,7.267616331577301
1,fitzgerald,959,train,4.312966982523601
1,fitzgerald,959,baum,6.538740515708923
1,fitzgerald,959,thompson,7.178945899009705
1,fitzgerald,959,dickens,6.458118597666423
1,fitzgerald,959,melville,7.625767760806614
1,fitzgerald,959,wells,6.6368850866953535
1,fitzgerald,959,austen,6.596255461374919
1,fitzgerald,959,fitzgerald,6.317499365125384
1,fitzgerald,959,twain,7.252991229295731
1,fitzgerald,960,train,4.276890118916829
1,fitzgerald,960,baum,6.546834349632263
1,fitzgerald,960,thompson,7.186612844467163
1,fitzgerald,960,dickens,6.461907545725505
1,fitzgerald,960,melville,7.623196972741021
1,fitzgerald,960,wells,6.63879934946696
1,fitzgerald,960,austen,6.594023148218791
1,fitzgerald,960,fitzgerald,6.321135452815464
1,fitzgerald,960,twain,7.255085706710815
1,fitzgerald,961,train,4.262864271799724
1,fitzgerald,961,baum,6.536854267120361
1,fitzgerald,961,thompson,7.181103944778442
1,fitzgerald,961,dickens,6.464489301045735
1,fitzgerald,961,melville,7.625956429375543
1,fitzgerald,961,wells,6.643090645472209
1,fitzgerald,961,austen,6.592667023340861
1,fitzgerald,961,fitzgerald,6.321168218340192
1,fitzgerald,961,twain,7.257220655679703
1,fitzgerald,962,train,4.282346566518148
1,fitzgerald,962,baum,6.535514950752258
1,fitzgerald,962,thompson,7.183801531791687
1,fitzgerald,962,dickens,6.4583462079366045
1,fitzgerald,962,melville,7.623357560899523
1,fitzgerald,962,wells,6.632811466852824
1,fitzgerald,962,austen,6.587730089823405
1,fitzgerald,962,fitzgerald,6.3171601976667136
1,fitzgerald,962,twain,7.24906513094902
1,fitzgerald,963,train,4.226674556732178
1,fitzgerald,963,baum,6.554792642593384
1,fitzgerald,963,thompson,7.192100524902344
1,fitzgerald,963,dickens,6.473918755849202
1,fitzgerald,963,melville,7.633652104271783
1,fitzgerald,963,wells,6.653083165486653
1,fitzgerald,963,austen,6.606931209564209
1,fitzgerald,963,fitzgerald,6.329768998282296
1,fitzgerald,963,twain,7.265079736709595
1,fitzgerald,964,train,4.307170232137044
1,fitzgerald,964,baum,6.545666694641113
1,fitzgerald,964,thompson,7.189668536186218
1,fitzgerald,964,dickens,6.459531148274739
1,fitzgerald,964,melville,7.634999010297987
1,fitzgerald,964,wells,6.65164589881897
1,fitzgerald,964,austen,6.600853045781453
1,fitzgerald,964,fitzgerald,6.32474388395037
1,fitzgerald,964,twain,7.2695684134960175
1,fitzgerald,965,train,4.234923998514812
1,fitzgerald,965,baum,6.565526247024536
1,fitzgerald,965,thompson,7.195600509643555
1,fitzgerald,965,dickens,6.476166566212972
1,fitzgerald,965,melville,7.636075867546929
1,fitzgerald,965,wells,6.6557943026224775
1,fitzgerald,965,austen,6.60900632540385
1,fitzgerald,965,fitzgerald,6.331851550510952
1,fitzgerald,965,twain,7.267866998910904
1,fitzgerald,966,train,4.25188684463501
1,fitzgerald,966,baum,6.555162191390991
1,fitzgerald,966,thompson,7.191656470298767
1,fitzgerald,966,dickens,6.474481423695882
1,fitzgerald,966,melville,7.639168315463596
1,fitzgerald,966,wells,6.652098735173543
1,fitzgerald,966,austen,6.608410676320394
1,fitzgerald,966,fitzgerald,6.3273734365190775
1,fitzgerald,966,twain,7.2676810920238495
1,fitzgerald,967,train,4.24695364634196
1,fitzgerald,967,baum,6.561030626296997
1,fitzgerald,967,thompson,7.201887130737305
1,fitzgerald,967,dickens,6.476499716440837
1,fitzgerald,967,melville,7.644425392150879
1,fitzgerald,967,wells,6.6594142119089765
1,fitzgerald,967,austen,6.613573869069417
1,fitzgerald,967,fitzgerald,6.33162784576416
1,fitzgerald,967,twain,7.274460077285767
1,fitzgerald,968,train,4.244902769724528
1,fitzgerald,968,baum,6.56803286075592
1,fitzgerald,968,thompson,7.199571013450623
1,fitzgerald,968,dickens,6.481268246968587
1,fitzgerald,968,melville,7.638589753044976
1,fitzgerald,968,wells,6.65915052096049
1,fitzgerald,968,austen,6.614776293436687
1,fitzgerald,968,fitzgerald,6.334136758531843
1,fitzgerald,968,twain,7.269460767507553
1,fitzgerald,969,train,4.313459078470866
1,fitzgerald,969,baum,6.5376296043396
1,fitzgerald,969,thompson,7.186055660247803
1,fitzgerald,969,dickens,6.459048271179199
1,fitzgerald,969,melville,7.632431666056315
1,fitzgerald,969,wells,6.635947227478027
1,fitzgerald,969,austen,6.591649452845256
1,fitzgerald,969,fitzgerald,6.317032269069126
1,fitzgerald,969,twain,7.255649387836456
1,fitzgerald,970,train,4.292518933614095
1,fitzgerald,970,baum,6.564321756362915
1,fitzgerald,970,thompson,7.203009843826294
1,fitzgerald,970,dickens,6.480799674987793
1,fitzgerald,970,melville,7.6399814817640515
1,fitzgerald,970,wells,6.656809329986572
1,fitzgerald,970,austen,6.614797830581665
1,fitzgerald,970,fitzgerald,6.332059042794364
1,fitzgerald,970,twain,7.268652379512787
1,fitzgerald,971,train,4.283796628316243
1,fitzgerald,971,baum,6.5479267835617065
1,fitzgerald,971,thompson,7.193181395530701
1,fitzgerald,971,dickens,6.470617453257243
1,fitzgerald,971,melville,7.631978140936957
1,fitzgerald,971,wells,6.643764813741048
1,fitzgerald,971,austen,6.599531730016072
1,fitzgerald,971,fitzgerald,6.323442799704416
1,fitzgerald,971,twain,7.259936660528183
1,fitzgerald,972,train,4.269675095876058
1,fitzgerald,972,baum,6.564067006111145
1,fitzgerald,972,thompson,7.204236388206482
1,fitzgerald,972,dickens,6.483084519704183
1,fitzgerald,972,melville,7.646340529123942
1,fitzgerald,972,wells,6.658427794774373
1,fitzgerald,972,austen,6.616015434265137
1,fitzgerald,972,fitzgerald,6.333782127925328
1,fitzgerald,972,twain,7.277724951505661
1,fitzgerald,973,train,4.219456036885579
1,fitzgerald,973,baum,6.56522810459137
1,fitzgerald,973,thompson,7.20173192024231
1,fitzgerald,973,dickens,6.483188311258952
1,fitzgerald,973,melville,7.640493816799587
1,fitzgerald,973,wells,6.655110597610474
1,fitzgerald,973,austen,6.609785556793213
1,fitzgerald,973,fitzgerald,6.329986980983189
1,fitzgerald,973,twain,7.269044697284698
1,fitzgerald,974,train,4.282771269480388
1,fitzgerald,974,baum,6.5575761795043945
1,fitzgerald,974,thompson,7.193246245384216
1,fitzgerald,974,dickens,6.474826335906982
1,fitzgerald,974,melville,7.629700289832221
1,fitzgerald,974,wells,6.649473349253337
1,fitzgerald,974,austen,6.604517539342244
1,fitzgerald,974,fitzgerald,6.324024064200265
1,fitzgerald,974,twain,7.262509882450104
1,fitzgerald,975,train,4.238565921783447
1,fitzgerald,975,baum,6.5643861293792725
1,fitzgerald,975,thompson,7.205066919326782
1,fitzgerald,975,dickens,6.481263478597005
1,fitzgerald,975,melville,7.645396285586887
1,fitzgerald,975,wells,6.666456858317058
1,fitzgerald,975,austen,6.6195502281188965
1,fitzgerald,975,fitzgerald,6.334622723715646
1,fitzgerald,975,twain,7.2778805792331696
1,fitzgerald,976,train,4.239127159118652
1,fitzgerald,976,baum,6.5644378662109375
1,fitzgerald,976,thompson,7.210966348648071
1,fitzgerald,976,dickens,6.478767077128093
1,fitzgerald,976,melville,7.65160428153144
1,fitzgerald,976,wells,6.662223974863688
1,fitzgerald,976,austen,6.615372180938721
1,fitzgerald,976,fitzgerald,6.333450794219971
1,fitzgerald,976,twain,7.275459796190262
1,fitzgerald,977,train,4.23796542485555
1,fitzgerald,977,baum,6.552787184715271
1,fitzgerald,977,thompson,7.195501446723938
1,fitzgerald,977,dickens,6.466784477233887
1,fitzgerald,977,melville,7.637254926893446
1,fitzgerald,977,wells,6.6490241686503095
1,fitzgerald,977,austen,6.598088343938191
1,fitzgerald,977,fitzgerald,6.325019223349435
1,fitzgerald,977,twain,7.263351023197174
1,fitzgerald,978,train,4.269677480061849
1,fitzgerald,978,baum,6.560307860374451
1,fitzgerald,978,thompson,7.201988458633423
1,fitzgerald,978,dickens,6.474798043568929
1,fitzgerald,978,melville,7.638786527845594
1,fitzgerald,978,wells,6.657657066980998
1,fitzgerald,978,austen,6.607211351394653
1,fitzgerald,978,fitzgerald,6.333133629390171
1,fitzgerald,978,twain,7.27018478512764
1,fitzgerald,979,train,4.204662640889485
1,fitzgerald,979,baum,6.560015797615051
1,fitzgerald,979,thompson,7.199911713600159
1,fitzgerald,979,dickens,6.473902702331543
1,fitzgerald,979,melville,7.641854180230035
1,fitzgerald,979,wells,6.657000303268433
1,fitzgerald,979,austen,6.6155314445495605
1,fitzgerald,979,fitzgerald,6.331604957580566
1,fitzgerald,979,twain,7.273975700139999
1,fitzgerald,980,train,4.208723068237305
1,fitzgerald,980,baum,6.565563321113586
1,fitzgerald,980,thompson,7.20694637298584
1,fitzgerald,980,dickens,6.479815483093262
1,fitzgerald,980,melville,7.651076846652561
1,fitzgerald,980,wells,6.6621378262837725
1,fitzgerald,980,austen,6.612614075342814
1,fitzgerald,980,fitzgerald,6.333811623709543
1,fitzgerald,980,twain,7.272927522659302
1,fitzgerald,981,train,4.179908593495687
1,fitzgerald,981,baum,6.575612425804138
1,fitzgerald,981,thompson,7.212022066116333
1,fitzgerald,981,dickens,6.4836506843566895
1,fitzgerald,981,melville,7.658101982540554
1,fitzgerald,981,wells,6.674023469289144
1,fitzgerald,981,austen,6.62528379758199
1,fitzgerald,981,fitzgerald,6.342704500470843
1,fitzgerald,981,twain,7.28497976064682
1,fitzgerald,982,train,4.2440565427144366
1,fitzgerald,982,baum,6.574651479721069
1,fitzgerald,982,thompson,7.207653045654297
1,fitzgerald,982,dickens,6.482695738474528
1,fitzgerald,982,melville,7.652790016598171
1,fitzgerald,982,wells,6.665456533432007
1,fitzgerald,982,austen,6.624665180842082
1,fitzgerald,982,fitzgerald,6.338931832994733
1,fitzgerald,982,twain,7.27664503455162
1,fitzgerald,983,train,4.219594478607178
1,fitzgerald,983,baum,6.592748165130615
1,fitzgerald,983,thompson,7.223008751869202
1,fitzgerald,983,dickens,6.4964985847473145
1,fitzgerald,983,melville,7.668693489498562
1,fitzgerald,983,wells,6.683304071426392
1,fitzgerald,983,austen,6.641598701477051
1,fitzgerald,983,fitzgerald,6.348096166338239
1,fitzgerald,983,twain,7.2927806079387665
1,fitzgerald,984,train,4.226300239562988
1,fitzgerald,984,baum,6.572949290275574
1,fitzgerald,984,thompson,7.210167646408081
1,fitzgerald,984,dickens,6.481881936391194
1,fitzgerald,984,melville,7.64952097998725
1,fitzgerald,984,wells,6.66767430305481
1,fitzgerald,984,austen,6.623916228612264
1,fitzgerald,984,fitzgerald,6.336432933807373
1,fitzgerald,984,twain,7.278168469667435
1,fitzgerald,985,train,4.153065999348958
1,fitzgerald,985,baum,6.560870170593262
1,fitzgerald,985,thompson,7.203804016113281
1,fitzgerald,985,dickens,6.475340207417806
1,fitzgerald,985,melville,7.647757954067654
1,fitzgerald,985,wells,6.653425693511963
1,fitzgerald,985,austen,6.610744476318359
1,fitzgerald,985,fitzgerald,6.328554698399135
1,fitzgerald,985,twain,7.272500067949295
1,fitzgerald,986,train,4.265917619069417
1,fitzgerald,986,baum,6.567452669143677
1,fitzgerald,986,thompson,7.215089082717895
1,fitzgerald,986,dickens,6.482609589894612
1,fitzgerald,986,melville,7.664774417877197
1,fitzgerald,986,wells,6.667348146438599
1,fitzgerald,986,austen,6.618207295735677
1,fitzgerald,986,fitzgerald,6.337458746773856
1,fitzgerald,986,twain,7.281660079956055
1,fitzgerald,987,train,4.234936555226644
1,fitzgerald,987,baum,6.577185750007629
1,fitzgerald,987,thompson,7.22515070438385
1,fitzgerald,987,dickens,6.492499828338623
1,fitzgerald,987,melville,7.6740803718566895
1,fitzgerald,987,wells,6.683872938156128
1,fitzgerald,987,austen,6.635966300964356
1,fitzgerald,987,fitzgerald,6.34718336377825
1,fitzgerald,987,twain,7.296351492404938
1,fitzgerald,988,train,4.176767667134603
1,fitzgerald,988,baum,6.585241198539734
1,fitzgerald,988,thompson,7.230813264846802
1,fitzgerald,988,dickens,6.500811735788981
1,fitzgerald,988,melville,7.678393416934544
1,fitzgerald,988,wells,6.68830927213033
1,fitzgerald,988,austen,6.640768766403198
1,fitzgerald,988,fitzgerald,6.3500125748770575
1,fitzgerald,988,twain,7.302399307489395
1,fitzgerald,989,train,4.24393892288208
1,fitzgerald,989,baum,6.566789627075195
1,fitzgerald,989,thompson,7.21535861492157
1,fitzgerald,989,dickens,6.482624371846517
1,fitzgerald,989,melville,7.657296816507976
1,fitzgerald,989,wells,6.665200869242351
1,fitzgerald,989,austen,6.615192890167236
1,fitzgerald,989,fitzgerald,6.336852618626186
1,fitzgerald,989,twain,7.279755055904388
1,fitzgerald,990,train,4.193839073181152
1,fitzgerald,990,baum,6.573697209358215
1,fitzgerald,990,thompson,7.211625099182129
1,fitzgerald,990,dickens,6.488113085428874
1,fitzgerald,990,melville,7.656969494289822
1,fitzgerald,990,wells,6.675066947937012
1,fitzgerald,990,austen,6.629509607950847
1,fitzgerald,990,fitzgerald,6.341076101575579
1,fitzgerald,990,twain,7.284393846988678
1,fitzgerald,991,train,4.275449434916179
1,fitzgerald,991,baum,6.556634306907654
1,fitzgerald,991,thompson,7.206804990768433
1,fitzgerald,991,dickens,6.478523413340251
1,fitzgerald,991,melville,7.652133464813232
1,fitzgerald,991,wells,6.662527402242024
1,fitzgerald,991,austen,6.61593500773112
1,fitzgerald,991,fitzgerald,6.331656728472028
1,fitzgerald,991,twain,7.276180565357208
1,fitzgerald,992,train,4.23668893178304
1,fitzgerald,992,baum,6.557299256324768
1,fitzgerald,992,thompson,7.207542777061462
1,fitzgerald,992,dickens,6.481695493062337
1,fitzgerald,992,melville,7.647184213002522
1,fitzgerald,992,wells,6.662950833638509
1,fitzgerald,992,austen,6.614345153172811
1,fitzgerald,992,fitzgerald,6.332902567727225
1,fitzgerald,992,twain,7.274393051862717
1,fitzgerald,993,train,4.211707592010498
1,fitzgerald,993,baum,6.5661879777908325
1,fitzgerald,993,thompson,7.208190083503723
1,fitzgerald,993,dickens,6.491902987162272
1,fitzgerald,993,melville,7.662331210242377
1,fitzgerald,993,wells,6.681053082148234
1,fitzgerald,993,austen,6.62666670481364
1,fitzgerald,993,fitzgerald,6.34167514528547
1,fitzgerald,993,twain,7.289489984512329
1,fitzgerald,994,train,4.231360912322998
1,fitzgerald,994,baum,6.574448585510254
1,fitzgerald,994,thompson,7.221940875053406
1,fitzgerald,994,dickens,6.490643342336019
1,fitzgerald,994,melville,7.667938921186659
1,fitzgerald,994,wells,6.679193178812663
1,fitzgerald,994,austen,6.628992319107056
1,fitzgerald,994,fitzgerald,6.344099044799805
1,fitzgerald,994,twain,7.293647527694702
1,fitzgerald,995,train,4.215892155965169
1,fitzgerald,995,baum,6.5782880783081055
1,fitzgerald,995,thompson,7.224300861358643
1,fitzgerald,995,dickens,6.491494496663411
1,fitzgerald,995,melville,7.6636631223890515
1,fitzgerald,995,wells,6.676188627878825
1,fitzgerald,995,austen,6.629794994990031
1,fitzgerald,995,fitzgerald,6.346396854945591
1,fitzgerald,995,twain,7.292978942394257
1,fitzgerald,996,train,4.236468474070231
1,fitzgerald,996,baum,6.57526445388794
1,fitzgerald,996,thompson,7.221548914909363
1,fitzgerald,996,dickens,6.495448271433513
1,fitzgerald,996,melville,7.665940072801378
1,fitzgerald,996,wells,6.679381370544434
1,fitzgerald,996,austen,6.630629301071167
1,fitzgerald,996,fitzgerald,6.3450775146484375
1,fitzgerald,996,twain,7.293404281139374
1,fitzgerald,997,train,4.167219956715901
1,fitzgerald,997,baum,6.58071756362915
1,fitzgerald,997,thompson,7.225403308868408
1,fitzgerald,997,dickens,6.495609760284424
1,fitzgerald,997,melville,7.669488747914632
1,fitzgerald,997,wells,6.6803038120269775
1,fitzgerald,997,austen,6.631675163904826
1,fitzgerald,997,fitzgerald,6.343442440032959
1,fitzgerald,997,twain,7.295798867940903
1,fitzgerald,998,train,4.201181411743164
1,fitzgerald,998,baum,6.570573568344116
1,fitzgerald,998,thompson,7.214613914489746
1,fitzgerald,998,dickens,6.494014263153076
1,fitzgerald,998,melville,7.668163882361518
1,fitzgerald,998,wells,6.668455282847087
1,fitzgerald,998,austen,6.624550024668376
1,fitzgerald,998,fitzgerald,6.337731157030378
1,fitzgerald,998,twain,7.2900212705135345
1,fitzgerald,999,train,4.237173716227214
1,fitzgerald,999,baum,6.557997465133667
1,fitzgerald,999,thompson,7.21850860118866
1,fitzgerald,999,dickens,6.484904448191325
1,fitzgerald,999,melville,7.66583596335517
1,fitzgerald,999,wells,6.661361376444499
1,fitzgerald,999,austen,6.6125344435373945
1,fitzgerald,999,fitzgerald,6.3337851251874655
1,fitzgerald,999,twain,7.286417931318283
1,fitzgerald,1000,train,4.200340588887532
1,fitzgerald,1000,baum,6.567716121673584
1,fitzgerald,1000,thompson,7.215859889984131
1,fitzgerald,1000,dickens,6.491523265838623
1,fitzgerald,1000,melville,7.662629286448161
1,fitzgerald,1000,wells,6.670524676640828
1,fitzgerald,1000,austen,6.621709664662679
1,fitzgerald,1000,fitzgerald,6.339464391980853
1,fitzgerald,1000,twain,7.2898228764534
1,fitzgerald,1001,train,4.184517701466878
1,fitzgerald,1001,baum,6.574422001838684
1,fitzgerald,1001,thompson,7.221711158752441
1,fitzgerald,1001,dickens,6.491055170694987
1,fitzgerald,1001,melville,7.669335895114475
1,fitzgerald,1001,wells,6.671111027399699
1,fitzgerald,1001,austen,6.627329508463542
1,fitzgerald,1001,fitzgerald,6.3397506305149625
1,fitzgerald,1001,twain,7.293668985366821
1,fitzgerald,1002,train,4.222835381825765
1,fitzgerald,1002,baum,6.567243456840515
1,fitzgerald,1002,thompson,7.217274069786072
1,fitzgerald,1002,dickens,6.488780339558919
1,fitzgerald,1002,melville,7.66399441825019
1,fitzgerald,1002,wells,6.668467044830322
1,fitzgerald,1002,austen,6.623453696568807
1,fitzgerald,1002,fitzgerald,6.33863844190325
1,fitzgerald,1002,twain,7.289714008569717
1,fitzgerald,1003,train,4.214199225107829
1,fitzgerald,1003,baum,6.563199043273926
1,fitzgerald,1003,thompson,7.218009114265442
1,fitzgerald,1003,dickens,6.487005233764648
1,fitzgerald,1003,melville,7.661903434329563
1,fitzgerald,1003,wells,6.668502807617188
1,fitzgerald,1003,austen,6.620871623357137
1,fitzgerald,1003,fitzgerald,6.336977958679199
1,fitzgerald,1003,twain,7.288622736930847
1,fitzgerald,1004,train,4.156230926513672
1,fitzgerald,1004,baum,6.584887981414795
1,fitzgerald,1004,thompson,7.233264803886414
1,fitzgerald,1004,dickens,6.4932176272074384
1,fitzgerald,1004,melville,7.676978853013781
1,fitzgerald,1004,wells,6.683879375457764
1,fitzgerald,1004,austen,6.635309139887492
1,fitzgerald,1004,fitzgerald,6.348218985966274
1,fitzgerald,1004,twain,7.303786605596542
1,fitzgerald,1005,train,4.218744277954102
1,fitzgerald,1005,baum,6.578526020050049
1,fitzgerald,1005,thompson,7.22191858291626
1,fitzgerald,1005,dickens,6.490780035654704
1,fitzgerald,1005,melville,7.665041764577229
1,fitzgerald,1005,wells,6.673946857452393
1,fitzgerald,1005,austen,6.629071553548177
1,fitzgerald,1005,fitzgerald,6.343079498835972
1,fitzgerald,1005,twain,7.291776418685913
1,fitzgerald,1006,train,4.202978610992432
1,fitzgerald,1006,baum,6.568443059921265
1,fitzgerald,1006,thompson,7.220448493957519
1,fitzgerald,1006,dickens,6.488219896952312
1,fitzgerald,1006,melville,7.66371684604221
1,fitzgerald,1006,wells,6.666427930196126
1,fitzgerald,1006,austen,6.627928336461385
1,fitzgerald,1006,fitzgerald,6.335825375148228
1,fitzgerald,1006,twain,7.286744207143784
1,fitzgerald,1007,train,4.16144609451294
1,fitzgerald,1007,baum,6.584405899047852
1,fitzgerald,1007,thompson,7.227949500083923
1,fitzgerald,1007,dickens,6.502605279286702
1,fitzgerald,1007,melville,7.679959826999241
1,fitzgerald,1007,wells,6.687423388163249
1,fitzgerald,1007,austen,6.646534204483032
1,fitzgerald,1007,fitzgerald,6.349249226706369
1,fitzgerald,1007,twain,7.306214451789856
1,fitzgerald,1008,train,4.126338164011638
1,fitzgerald,1008,baum,6.564131140708923
1,fitzgerald,1008,thompson,7.212682008743286
1,fitzgerald,1008,dickens,6.487436135609944
1,fitzgerald,1008,melville,7.668179194132487
1,fitzgerald,1008,wells,6.669259389241536
1,fitzgerald,1008,austen,6.625296274820964
1,fitzgerald,1008,fitzgerald,6.338497638702393
1,fitzgerald,1008,twain,7.292393714189529
1,fitzgerald,1009,train,4.165441830952962
1,fitzgerald,1009,baum,6.574669718742371
1,fitzgerald,1009,thompson,7.21346390247345
1,fitzgerald,1009,dickens,6.49452559153239
1,fitzgerald,1009,melville,7.662471824222141
1,fitzgerald,1009,wells,6.677719672520955
1,fitzgerald,1009,austen,6.633413314819336
1,fitzgerald,1009,fitzgerald,6.343824590955462
1,fitzgerald,1009,twain,7.29041787981987
1,fitzgerald,1010,train,4.190537134806315
1,fitzgerald,1010,baum,6.566888809204102
1,fitzgerald,1010,thompson,7.216651201248169
1,fitzgerald,1010,dickens,6.484534899393718
1,fitzgerald,1010,melville,7.666753662957086
1,fitzgerald,1010,wells,6.673389116923015
1,fitzgerald,1010,austen,6.629075686136882
1,fitzgerald,1010,fitzgerald,6.336520739964077
1,fitzgerald,1010,twain,7.291462957859039
1,fitzgerald,1011,train,4.174308617909749
1,fitzgerald,1011,baum,6.587998986244202
1,fitzgerald,1011,thompson,7.231527924537659
1,fitzgerald,1011,dickens,6.495738347371419
1,fitzgerald,1011,melville,7.685073693593343
1,fitzgerald,1011,wells,6.686752160390218
1,fitzgerald,1011,austen,6.644602378209432
1,fitzgerald,1011,fitzgerald,6.349470002310617
1,fitzgerald,1011,twain,7.30793684720993
1,fitzgerald,1012,train,4.179182370503743
1,fitzgerald,1012,baum,6.589536905288696
1,fitzgerald,1012,thompson,7.237178921699524
1,fitzgerald,1012,dickens,6.499662717183431
1,fitzgerald,1012,melville,7.692892710367839
1,fitzgerald,1012,wells,6.688594023386638
1,fitzgerald,1012,austen,6.645492951075236
1,fitzgerald,1012,fitzgerald,6.351100104195731
1,fitzgerald,1012,twain,7.313612669706345
1,fitzgerald,1013,train,4.223715623219808
1,fitzgerald,1013,baum,6.575844883918762
1,fitzgerald,1013,thompson,7.223083853721619
1,fitzgerald,1013,dickens,6.495495637257894
1,fitzgerald,1013,melville,7.675393316480848
1,fitzgerald,1013,wells,6.674764474232991
1,fitzgerald,1013,austen,6.63476824760437
1,fitzgerald,1013,fitzgerald,6.341053690229144
1,fitzgerald,1013,twain,7.300751119852066
1,fitzgerald,1014,train,4.193594614664714
1,fitzgerald,1014,baum,6.589868545532227
1,fitzgerald,1014,thompson,7.235893964767456
1,fitzgerald,1014,dickens,6.505657990773519
1,fitzgerald,1014,melville,7.682608074612087
1,fitzgerald,1014,wells,6.6902510325113935
1,fitzgerald,1014,austen,6.643116156260173
1,fitzgerald,1014,fitzgerald,6.353019578116281
1,fitzgerald,1014,twain,7.307557761669159
1,fitzgerald,1015,train,4.1710859934488935
1,fitzgerald,1015,baum,6.574926376342773
1,fitzgerald,1015,thompson,7.22907543182373
1,fitzgerald,1015,dickens,6.497979005177816
1,fitzgerald,1015,melville,7.683475865258111
1,fitzgerald,1015,wells,6.674840768178304
1,fitzgerald,1015,austen,6.636114756266276
1,fitzgerald,1015,fitzgerald,6.342058454241071
1,fitzgerald,1015,twain,7.300522595643997
1,fitzgerald,1016,train,4.136770566304524
1,fitzgerald,1016,baum,6.58039140701294
1,fitzgerald,1016,thompson,7.230219125747681
1,fitzgerald,1016,dickens,6.494866371154785
1,fitzgerald,1016,melville,7.688804626464844
1,fitzgerald,1016,wells,6.684832652409871
1,fitzgerald,1016,austen,6.639203627904256
1,fitzgerald,1016,fitzgerald,6.347056797572544
1,fitzgerald,1016,twain,7.309253066778183
1,fitzgerald,1017,train,4.159177939097087
1,fitzgerald,1017,baum,6.583998799324036
1,fitzgerald,1017,thompson,7.233584403991699
1,fitzgerald,1017,dickens,6.49759308497111
1,fitzgerald,1017,melville,7.685268084208171
1,fitzgerald,1017,wells,6.686267614364624
1,fitzgerald,1017,austen,6.636615832646688
1,fitzgerald,1017,fitzgerald,6.348569801875523
1,fitzgerald,1017,twain,7.307963728904724
1,fitzgerald,1018,train,4.151642322540283
1,fitzgerald,1018,baum,6.583917617797852
1,fitzgerald,1018,thompson,7.233487367630005
1,fitzgerald,1018,dickens,6.495514710744222
1,fitzgerald,1018,melville,7.687623659769694
1,fitzgerald,1018,wells,6.682160059611003
1,fitzgerald,1018,austen,6.639710346857707
1,fitzgerald,1018,fitzgerald,6.347615923200335
1,fitzgerald,1018,twain,7.309942543506622
1,fitzgerald,1019,train,4.178421179453532
1,fitzgerald,1019,baum,6.594276785850525
1,fitzgerald,1019,thompson,7.239287734031677
1,fitzgerald,1019,dickens,6.498913447062175
1,fitzgerald,1019,melville,7.691222561730279
1,fitzgerald,1019,wells,6.686737855275472
1,fitzgerald,1019,austen,6.651544173558553
1,fitzgerald,1019,fitzgerald,6.351334231240409
1,fitzgerald,1019,twain,7.312562376260757
1,fitzgerald,1020,train,4.104714552561442
1,fitzgerald,1020,baum,6.586036920547485
1,fitzgerald,1020,thompson,7.235748291015625
1,fitzgerald,1020,dickens,6.4935305913289385
1,fitzgerald,1020,melville,7.683252970377604
1,fitzgerald,1020,wells,6.6720263957977295
1,fitzgerald,1020,austen,6.63834277788798
1,fitzgerald,1020,fitzgerald,6.344363416944232
1,fitzgerald,1020,twain,7.299541264772415
1,fitzgerald,1021,train,4.142851034800212
1,fitzgerald,1021,baum,6.600543856620789
1,fitzgerald,1021,thompson,7.251964211463928
1,fitzgerald,1021,dickens,6.506948630015056
1,fitzgerald,1021,melville,7.709066020117866
1,fitzgerald,1021,wells,6.703849156697591
1,fitzgerald,1021,austen,6.661852598190308
1,fitzgerald,1021,fitzgerald,6.363447529929025
1,fitzgerald,1021,twain,7.329913556575775
1,fitzgerald,1022,train,4.202895959218343
1,fitzgerald,1022,baum,6.616852641105652
1,fitzgerald,1022,thompson,7.258216023445129
1,fitzgerald,1022,dickens,6.526189645131429
1,fitzgerald,1022,melville,7.703951199849446
1,fitzgerald,1022,wells,6.711297750473023
1,fitzgerald,1022,austen,6.675612608591716
1,fitzgerald,1022,fitzgerald,6.370226042611258
1,fitzgerald,1022,twain,7.328093200922012
1,fitzgerald,1023,train,4.17476749420166
1,fitzgerald,1023,baum,6.588846683502197
1,fitzgerald,1023,thompson,7.23754346370697
1,fitzgerald,1023,dickens,6.506052335103353
1,fitzgerald,1023,melville,7.685727119445801
1,fitzgerald,1023,wells,6.681905428568522
1,fitzgerald,1023,austen,6.64767336845398
1,fitzgerald,1023,fitzgerald,6.347303254263742
1,fitzgerald,1023,twain,7.304449439048767
1,fitzgerald,1024,train,4.134979724884033
1,fitzgerald,1024,baum,6.591529369354248
1,fitzgerald,1024,thompson,7.240176796913147
1,fitzgerald,1024,dickens,6.505137125651042
1,fitzgerald,1024,melville,7.689060952928331
1,fitzgerald,1024,wells,6.68742314974467
1,fitzgerald,1024,austen,6.649794975916545
1,fitzgerald,1024,fitzgerald,6.349590165274484
1,fitzgerald,1024,twain,7.312814652919769
1,fitzgerald,1025,train,4.133415699005127
1,fitzgerald,1025,baum,6.594676613807678
1,fitzgerald,1025,thompson,7.242778658866882
1,fitzgerald,1025,dickens,6.50336503982544
1,fitzgerald,1025,melville,7.693238735198975
1,fitzgerald,1025,wells,6.689726750055949
1,fitzgerald,1025,austen,6.649627606074016
1,fitzgerald,1025,fitzgerald,6.353333609444754
1,fitzgerald,1025,twain,7.315009295940399
1,fitzgerald,1026,train,4.1520889600118
1,fitzgerald,1026,baum,6.591391205787659
1,fitzgerald,1026,thompson,7.237909555435181
1,fitzgerald,1026,dickens,6.505287806193034
1,fitzgerald,1026,melville,7.693814648522271
1,fitzgerald,1026,wells,6.687919934590657
1,fitzgerald,1026,austen,6.648084004720052
1,fitzgerald,1026,fitzgerald,6.351726123264858
1,fitzgerald,1026,twain,7.311296880245209
1,fitzgerald,1027,train,4.130201498667399
1,fitzgerald,1027,baum,6.61248779296875
1,fitzgerald,1027,thompson,7.253750085830688
1,fitzgerald,1027,dickens,6.525303840637207
1,fitzgerald,1027,melville,7.702547762129042
1,fitzgerald,1027,wells,6.707176446914673
1,fitzgerald,1027,austen,6.670965115229289
1,fitzgerald,1027,fitzgerald,6.3643108776637485
1,fitzgerald,1027,twain,7.329137980937958
1,fitzgerald,1028,train,4.1881758371988935
1,fitzgerald,1028,baum,6.586624979972839
1,fitzgerald,1028,thompson,7.242085576057434
1,fitzgerald,1028,dickens,6.508077621459961
1,fitzgerald,1028,melville,7.698974662356907
1,fitzgerald,1028,wells,6.689104795455933
1,fitzgerald,1028,austen,6.649231831232707
1,fitzgerald,1028,fitzgerald,6.351180485316685
1,fitzgerald,1028,twain,7.321393340826034
1,fitzgerald,1029,train,4.171672662099202
1,fitzgerald,1029,baum,6.602830171585083
1,fitzgerald,1029,thompson,7.252285838127136
1,fitzgerald,1029,dickens,6.517799218495687
1,fitzgerald,1029,melville,7.7062614758809405
1,fitzgerald,1029,wells,6.694481134414673
1,fitzgerald,1029,austen,6.657785971959432
1,fitzgerald,1029,fitzgerald,6.358586992536273
1,fitzgerald,1029,twain,7.324929118156433
1,fitzgerald,1030,train,4.158078511555989
1,fitzgerald,1030,baum,6.588107347488403
1,fitzgerald,1030,thompson,7.246114253997803
1,fitzgerald,1030,dickens,6.500057061513265
1,fitzgerald,1030,melville,7.6925967534383135
1,fitzgerald,1030,wells,6.68479053179423
1,fitzgerald,1030,austen,6.643376588821411
1,fitzgerald,1030,fitzgerald,6.348494052886963
1,fitzgerald,1030,twain,7.316285133361816
1,fitzgerald,1031,train,4.143978118896484
1,fitzgerald,1031,baum,6.587612748146057
1,fitzgerald,1031,thompson,7.237503170967102
1,fitzgerald,1031,dickens,6.507051467895508
1,fitzgerald,1031,melville,7.6921886338127985
1,fitzgerald,1031,wells,6.689292271931966
1,fitzgerald,1031,austen,6.6474372545878095
1,fitzgerald,1031,fitzgerald,6.351897920880999
1,fitzgerald,1031,twain,7.3152472376823425
1,fitzgerald,1032,train,4.120456695556641
1,fitzgerald,1032,baum,6.601621866226196
1,fitzgerald,1032,thompson,7.253555655479431
1,fitzgerald,1032,dickens,6.515661239624023
1,fitzgerald,1032,melville,7.709816243913439
1,fitzgerald,1032,wells,6.699703534444173
1,fitzgerald,1032,austen,6.655546267827352
1,fitzgerald,1032,fitzgerald,6.359553268977574
1,fitzgerald,1032,twain,7.323701709508896
1,fitzgerald,1033,train,4.157172679901123
1,fitzgerald,1033,baum,6.595449090003967
1,fitzgerald,1033,thompson,7.245047688484192
1,fitzgerald,1033,dickens,6.513304710388184
1,fitzgerald,1033,melville,7.701708581712511
1,fitzgerald,1033,wells,6.697709321975708
1,fitzgerald,1033,austen,6.659086386362712
1,fitzgerald,1033,fitzgerald,6.355572019304548
1,fitzgerald,1033,twain,7.322514176368713
1,fitzgerald,1034,train,4.106374740600586
1,fitzgerald,1034,baum,6.602854013442993
1,fitzgerald,1034,thompson,7.258758187294006
1,fitzgerald,1034,dickens,6.522133668263753
1,fitzgerald,1034,melville,7.703603585561116
1,fitzgerald,1034,wells,6.69823431968689
1,fitzgerald,1034,austen,6.657001654307048
1,fitzgerald,1034,fitzgerald,6.360910892486572
1,fitzgerald,1034,twain,7.321346163749695
1,fitzgerald,1035,train,4.146422704060872
1,fitzgerald,1035,baum,6.605506420135498
1,fitzgerald,1035,thompson,7.266075611114502
1,fitzgerald,1035,dickens,6.515461603800456
1,fitzgerald,1035,melville,7.710296736823188
1,fitzgerald,1035,wells,6.700308958689372
1,fitzgerald,1035,austen,6.656737804412842
1,fitzgerald,1035,fitzgerald,6.361490862710135
1,fitzgerald,1035,twain,7.329807698726654
1,fitzgerald,1036,train,4.139519055684407
1,fitzgerald,1036,baum,6.605726838111877
1,fitzgerald,1036,thompson,7.258232355117798
1,fitzgerald,1036,dickens,6.519385973612468
1,fitzgerald,1036,melville,7.704725583394368
1,fitzgerald,1036,wells,6.701190948486328
1,fitzgerald,1036,austen,6.6594398021698
1,fitzgerald,1036,fitzgerald,6.360340731484549
1,fitzgerald,1036,twain,7.322904378175735
1,fitzgerald,1037,train,4.14479128519694
1,fitzgerald,1037,baum,6.6095510721206665
1,fitzgerald,1037,thompson,7.261794805526733
1,fitzgerald,1037,dickens,6.523031393686931
1,fitzgerald,1037,melville,7.707268079121907
1,fitzgerald,1037,wells,6.705989122390747
1,fitzgerald,1037,austen,6.663514773050944
1,fitzgerald,1037,fitzgerald,6.361882482256208
1,fitzgerald,1037,twain,7.320298612117767
1,fitzgerald,1038,train,4.124812126159668
1,fitzgerald,1038,baum,6.603200435638428
1,fitzgerald,1038,thompson,7.252249121665955
1,fitzgerald,1038,dickens,6.516267776489258
1,fitzgerald,1038,melville,7.697906282212999
1,fitzgerald,1038,wells,6.701952377955119
1,fitzgerald,1038,austen,6.659268140792847
1,fitzgerald,1038,fitzgerald,6.357439790453229
1,fitzgerald,1038,twain,7.321629613637924
1,fitzgerald,1039,train,4.107675393422444
1,fitzgerald,1039,baum,6.613932967185974
1,fitzgerald,1039,thompson,7.2619853019714355
1,fitzgerald,1039,dickens,6.5296831130981445
1,fitzgerald,1039,melville,7.714439709981282
1,fitzgerald,1039,wells,6.716094652811687
1,fitzgerald,1039,austen,6.665416399637858
1,fitzgerald,1039,fitzgerald,6.367883137294224
1,fitzgerald,1039,twain,7.331905663013458
1,fitzgerald,1040,train,4.103006998697917
1,fitzgerald,1040,baum,6.603797793388367
1,fitzgerald,1040,thompson,7.255525231361389
1,fitzgerald,1040,dickens,6.519146124521892
1,fitzgerald,1040,melville,7.707085662417942
1,fitzgerald,1040,wells,6.704073826471965
1,fitzgerald,1040,austen,6.660433292388916
1,fitzgerald,1040,fitzgerald,6.360573700496128
1,fitzgerald,1040,twain,7.323077261447906
1,fitzgerald,1041,train,4.088716665903728
1,fitzgerald,1041,baum,6.606608748435974
1,fitzgerald,1041,thompson,7.260987401008606
1,fitzgerald,1041,dickens,6.513413906097412
1,fitzgerald,1041,melville,7.708200613657634
1,fitzgerald,1041,wells,6.707604964574178
1,fitzgerald,1041,austen,6.661666790644328
1,fitzgerald,1041,fitzgerald,6.3629060472760886
1,fitzgerald,1041,twain,7.324009329080582
1,fitzgerald,1042,train,4.115625858306885
1,fitzgerald,1042,baum,6.617379069328308
1,fitzgerald,1042,thompson,7.272768139839172
1,fitzgerald,1042,dickens,6.5227532386779785
1,fitzgerald,1042,melville,7.716370582580566
1,fitzgerald,1042,wells,6.711287101109822
1,fitzgerald,1042,austen,6.668992201487224
1,fitzgerald,1042,fitzgerald,6.36927250453404
1,fitzgerald,1042,twain,7.331289649009705
1,fitzgerald,1043,train,4.120961348215739
1,fitzgerald,1043,baum,6.621412754058838
1,fitzgerald,1043,thompson,7.271889567375183
1,fitzgerald,1043,dickens,6.530918439229329
1,fitzgerald,1043,melville,7.720577928755018
1,fitzgerald,1043,wells,6.716657559076945
1,fitzgerald,1043,austen,6.680880546569824
1,fitzgerald,1043,fitzgerald,6.3717795099530905
1,fitzgerald,1043,twain,7.341466099023819
1,fitzgerald,1044,train,4.113919258117676
1,fitzgerald,1044,baum,6.611161589622498
1,fitzgerald,1044,thompson,7.266176700592041
1,fitzgerald,1044,dickens,6.528969128926595
1,fitzgerald,1044,melville,7.713876565297444
1,fitzgerald,1044,wells,6.709845542907715
1,fitzgerald,1044,austen,6.668434699376424
1,fitzgerald,1044,fitzgerald,6.365661484854562
1,fitzgerald,1044,twain,7.332569271326065
1,fitzgerald,1045,train,4.099966128667195
1,fitzgerald,1045,baum,6.6157039403915405
1,fitzgerald,1045,thompson,7.267482399940491
1,fitzgerald,1045,dickens,6.530524253845215
1,fitzgerald,1045,melville,7.717116620805529
1,fitzgerald,1045,wells,6.710012197494507
1,fitzgerald,1045,austen,6.66984232266744
1,fitzgerald,1045,fitzgerald,6.366968904222761
1,fitzgerald,1045,twain,7.333661198616028
1,fitzgerald,1046,train,4.097043832143148
1,fitzgerald,1046,baum,6.613662362098694
1,fitzgerald,1046,thompson,7.269580483436584
1,fitzgerald,1046,dickens,6.521268844604492
1,fitzgerald,1046,melville,7.719434102376302
1,fitzgerald,1046,wells,6.712244908014934
1,fitzgerald,1046,austen,6.667829990386963
1,fitzgerald,1046,fitzgerald,6.368433339255197
1,fitzgerald,1046,twain,7.330694496631622
1,fitzgerald,1047,train,4.076351483662923
1,fitzgerald,1047,baum,6.604917883872986
1,fitzgerald,1047,thompson,7.260170459747314
1,fitzgerald,1047,dickens,6.51339324315389
1,fitzgerald,1047,melville,7.704460461934407
1,fitzgerald,1047,wells,6.69964877764384
1,fitzgerald,1047,austen,6.656208833058675
1,fitzgerald,1047,fitzgerald,6.359032903398786
1,fitzgerald,1047,twain,7.320030689239502
1,fitzgerald,1048,train,4.110112031300862
1,fitzgerald,1048,baum,6.6146804094314575
1,fitzgerald,1048,thompson,7.265907049179077
1,fitzgerald,1048,dickens,6.520146210988362
1,fitzgerald,1048,melville,7.715562608506945
1,fitzgerald,1048,wells,6.708649079004924
1,fitzgerald,1048,austen,6.668934265772502
1,fitzgerald,1048,fitzgerald,6.364650181361607
1,fitzgerald,1048,twain,7.331687420606613
1,fitzgerald,1049,train,4.041806062062581
1,fitzgerald,1049,baum,6.60273802280426
1,fitzgerald,1049,thompson,7.263410329818726
1,fitzgerald,1049,dickens,6.51383638381958
1,fitzgerald,1049,melville,7.705765989091661
1,fitzgerald,1049,wells,6.6989437739054365
1,fitzgerald,1049,austen,6.657942612965901
1,fitzgerald,1049,fitzgerald,6.360959802355085
1,fitzgerald,1049,twain,7.320158421993256
1,fitzgerald,1050,train,4.129796822865804
1,fitzgerald,1050,baum,6.604381322860718
1,fitzgerald,1050,thompson,7.265442371368408
1,fitzgerald,1050,dickens,6.516739050547282
1,fitzgerald,1050,melville,7.711636543273926
1,fitzgerald,1050,wells,6.70405379931132
1,fitzgerald,1050,austen,6.659020185470581
1,fitzgerald,1050,fitzgerald,6.3611835071018765
1,fitzgerald,1050,twain,7.329137921333313
1,fitzgerald,1051,train,4.057720343271892
1,fitzgerald,1051,baum,6.623114466667175
1,fitzgerald,1051,thompson,7.273576021194458
1,fitzgerald,1051,dickens,6.532345136006673
1,fitzgerald,1051,melville,7.722553677029079
1,fitzgerald,1051,wells,6.717190345128377
1,fitzgerald,1051,austen,6.670852979024251
1,fitzgerald,1051,fitzgerald,6.369604315076556
1,fitzgerald,1051,twain,7.341445565223694
1,fitzgerald,1052,train,4.12949005762736
1,fitzgerald,1052,baum,6.613062620162964
1,fitzgerald,1052,thompson,7.268927574157715
1,fitzgerald,1052,dickens,6.5214002927144366
1,fitzgerald,1052,melville,7.712489710913764
1,fitzgerald,1052,wells,6.707189957300822
1,fitzgerald,1052,austen,6.666350682576497
1,fitzgerald,1052,fitzgerald,6.366053444998605
1,fitzgerald,1052,twain,7.332700163125992
1,fitzgerald,1053,train,4.087973912556966
1,fitzgerald,1053,baum,6.617120981216431
1,fitzgerald,1053,thompson,7.266364574432373
1,fitzgerald,1053,dickens,6.526656786600749
1,fitzgerald,1053,melville,7.716190603044298
1,fitzgerald,1053,wells,6.7134824593861895
1,fitzgerald,1053,austen,6.675972620646159
1,fitzgerald,1053,fitzgerald,6.36950819832938
1,fitzgerald,1053,twain,7.335839152336121
1,fitzgerald,1054,train,4.146422227223714
1,fitzgerald,1054,baum,6.611333131790161
1,fitzgerald,1054,thompson,7.26840078830719
1,fitzgerald,1054,dickens,6.517593701680501
1,fitzgerald,1054,melville,7.714313136206733
1,fitzgerald,1054,wells,6.702920277913411
1,fitzgerald,1054,austen,6.658768494923909
1,fitzgerald,1054,fitzgerald,6.362692764827183
1,fitzgerald,1054,twain,7.3286112844944
1,fitzgerald,1055,train,4.086214383443196
1,fitzgerald,1055,baum,6.602659702301025
1,fitzgerald,1055,thompson,7.261626124382019
1,fitzgerald,1055,dickens,6.516506512959798
1,fitzgerald,1055,melville,7.704308244917128
1,fitzgerald,1055,wells,6.691826343536377
1,fitzgerald,1055,austen,6.653405745824178
1,fitzgerald,1055,fitzgerald,6.358184201376779
1,fitzgerald,1055,twain,7.323852062225342
1,fitzgerald,1056,train,4.051273266474406
1,fitzgerald,1056,baum,6.596381783485413
1,fitzgerald,1056,thompson,7.263434052467346
1,fitzgerald,1056,dickens,6.514262994130452
1,fitzgerald,1056,melville,7.711576037936741
1,fitzgerald,1056,wells,6.69550371170044
1,fitzgerald,1056,austen,6.6557949384053545
1,fitzgerald,1056,fitzgerald,6.359145368848528
1,fitzgerald,1056,twain,7.335515528917313
1,fitzgerald,1057,train,4.091269810994466
1,fitzgerald,1057,baum,6.63020396232605
1,fitzgerald,1057,thompson,7.281997203826904
1,fitzgerald,1057,dickens,6.53392219543457
1,fitzgerald,1057,melville,7.721347755855984
1,fitzgerald,1057,wells,6.721448103586833
1,fitzgerald,1057,austen,6.676503896713257
1,fitzgerald,1057,fitzgerald,6.377533231462751
1,fitzgerald,1057,twain,7.34414404630661
1,fitzgerald,1058,train,4.090504169464111
1,fitzgerald,1058,baum,6.619259238243103
1,fitzgerald,1058,thompson,7.2731664180755615
1,fitzgerald,1058,dickens,6.5277894337972
1,fitzgerald,1058,melville,7.719611485799153
1,fitzgerald,1058,wells,6.716018199920654
1,fitzgerald,1058,austen,6.674225568771362
1,fitzgerald,1058,fitzgerald,6.370903696332659
1,fitzgerald,1058,twain,7.338725864887237
1,fitzgerald,1059,train,4.0690391063690186
1,fitzgerald,1059,baum,6.616354703903198
1,fitzgerald,1059,thompson,7.2718178033828735
1,fitzgerald,1059,dickens,6.527028560638428
1,fitzgerald,1059,melville,7.718116548326281
1,fitzgerald,1059,wells,6.707232475280762
1,fitzgerald,1059,austen,6.671726067860921
1,fitzgerald,1059,fitzgerald,6.365400859287807
1,fitzgerald,1059,twain,7.3369660675525665
1,fitzgerald,1060,train,4.091657161712647
1,fitzgerald,1060,baum,6.627613663673401
1,fitzgerald,1060,thompson,7.283758878707886
1,fitzgerald,1060,dickens,6.5369804700215655
1,fitzgerald,1060,melville,7.7307958073086205
1,fitzgerald,1060,wells,6.718550284703572
1,fitzgerald,1060,austen,6.681922038396199
1,fitzgerald,1060,fitzgerald,6.373442104884556
1,fitzgerald,1060,twain,7.348463594913483
1,fitzgerald,1061,train,4.047921339670817
1,fitzgerald,1061,baum,6.619473338127136
1,fitzgerald,1061,thompson,7.285643815994263
1,fitzgerald,1061,dickens,6.537647088368733
1,fitzgerald,1061,melville,7.740005281236437
1,fitzgerald,1061,wells,6.724239428838094
1,fitzgerald,1061,austen,6.6816738446553545
1,fitzgerald,1061,fitzgerald,6.375306401933942
1,fitzgerald,1061,twain,7.353134125471115
1,fitzgerald,1062,train,4.072499910990397
1,fitzgerald,1062,baum,6.627961158752441
1,fitzgerald,1062,thompson,7.284224271774292
1,fitzgerald,1062,dickens,6.54613733291626
1,fitzgerald,1062,melville,7.726807382371691
1,fitzgerald,1062,wells,6.718290090560913
1,fitzgerald,1062,austen,6.682613293329875
1,fitzgerald,1062,fitzgerald,6.376928329467773
1,fitzgerald,1062,twain,7.345249444246292
1,fitzgerald,1063,train,4.127476056416829
1,fitzgerald,1063,baum,6.620158314704895
1,fitzgerald,1063,thompson,7.287396550178528
1,fitzgerald,1063,dickens,6.540722529093425
1,fitzgerald,1063,melville,7.7423966195848255
1,fitzgerald,1063,wells,6.721641858418782
1,fitzgerald,1063,austen,6.678943157196045
1,fitzgerald,1063,fitzgerald,6.375392300742013
1,fitzgerald,1063,twain,7.350492388010025
1,fitzgerald,1064,train,4.0893235206604
1,fitzgerald,1064,baum,6.61717426776886
1,fitzgerald,1064,thompson,7.272938966751099
1,fitzgerald,1064,dickens,6.5349775950113935
1,fitzgerald,1064,melville,7.73189624150594
1,fitzgerald,1064,wells,6.712311108907064
1,fitzgerald,1064,austen,6.682813723882039
1,fitzgerald,1064,fitzgerald,6.368335655757359
1,fitzgerald,1064,twain,7.342558354139328
1,fitzgerald,1065,train,4.075911045074463
1,fitzgerald,1065,baum,6.626535534858704
1,fitzgerald,1065,thompson,7.279806852340698
1,fitzgerald,1065,dickens,6.532793998718262
1,fitzgerald,1065,melville,7.73188951280382
1,fitzgerald,1065,wells,6.725558201471965
1,fitzgerald,1065,austen,6.686012903849284
1,fitzgerald,1065,fitzgerald,6.377762385777065
1,fitzgerald,1065,twain,7.3482825756073
1,fitzgerald,1066,train,4.117181619008382
1,fitzgerald,1066,baum,6.614787817001343
1,fitzgerald,1066,thompson,7.272720098495483
1,fitzgerald,1066,dickens,6.529653708140056
1,fitzgerald,1066,melville,7.723065482245551
1,fitzgerald,1066,wells,6.715144395828247
1,fitzgerald,1066,austen,6.67716924349467
1,fitzgerald,1066,fitzgerald,6.370817048209054
1,fitzgerald,1066,twain,7.340247005224228
1,fitzgerald,1067,train,4.092279434204102
1,fitzgerald,1067,baum,6.622528910636902
1,fitzgerald,1067,thompson,7.279229521751404
1,fitzgerald,1067,dickens,6.539920171101888
1,fitzgerald,1067,melville,7.726755301157634
1,fitzgerald,1067,wells,6.721995671590169
1,fitzgerald,1067,austen,6.683050314585368
1,fitzgerald,1067,fitzgerald,6.374578612191336
1,fitzgerald,1067,twain,7.340633183717728
1,fitzgerald,1068,train,3.987483978271485
1,fitzgerald,1068,baum,6.6351200342178345
1,fitzgerald,1068,thompson,7.291030645370483
1,fitzgerald,1068,dickens,6.543973445892334
1,fitzgerald,1068,melville,7.736379835340712
1,fitzgerald,1068,wells,6.730214357376099
1,fitzgerald,1068,austen,6.686168750127156
1,fitzgerald,1068,fitzgerald,6.381206035614014
1,fitzgerald,1068,twain,7.346796184778213
1,fitzgerald,1069,train,4.098798592885335
1,fitzgerald,1069,baum,6.632680892944336
1,fitzgerald,1069,thompson,7.28994357585907
1,fitzgerald,1069,dickens,6.544971466064453
1,fitzgerald,1069,melville,7.743342240651448
1,fitzgerald,1069,wells,6.731129964192708
1,fitzgerald,1069,austen,6.6887087027231855
1,fitzgerald,1069,fitzgerald,6.381571633475168
1,fitzgerald,1069,twain,7.354616016149521
1,fitzgerald,1070,train,4.046128908793132
1,fitzgerald,1070,baum,6.623648405075073
1,fitzgerald,1070,thompson,7.282785058021545
1,fitzgerald,1070,dickens,6.543147404988607
1,fitzgerald,1070,melville,7.737486521402995
1,fitzgerald,1070,wells,6.721714019775391
1,fitzgerald,1070,austen,6.68021806081136
1,fitzgerald,1070,fitzgerald,6.375232424054827
1,fitzgerald,1070,twain,7.346555083990097
1,fitzgerald,1071,train,4.031628529230754
1,fitzgerald,1071,baum,6.622811794281006
1,fitzgerald,1071,thompson,7.277828335762024
1,fitzgerald,1071,dickens,6.532923380533855
1,fitzgerald,1071,melville,7.728515995873345
1,fitzgerald,1071,wells,6.714210748672485
1,fitzgerald,1071,austen,6.67723290125529
1,fitzgerald,1071,fitzgerald,6.371686731066022
1,fitzgerald,1071,twain,7.341533660888672
1,fitzgerald,1072,train,4.059053897857666
1,fitzgerald,1072,baum,6.639259934425354
1,fitzgerald,1072,thompson,7.288575053215027
1,fitzgerald,1072,dickens,6.543532689412435
1,fitzgerald,1072,melville,7.740281952752007
1,fitzgerald,1072,wells,6.732569694519043
1,fitzgerald,1072,austen,6.701380570729573
1,fitzgerald,1072,fitzgerald,6.383224964141846
1,fitzgerald,1072,twain,7.355807483196258
1,fitzgerald,1073,train,4.141315460205078
1,fitzgerald,1073,baum,6.644601941108704
1,fitzgerald,1073,thompson,7.302155494689941
1,fitzgerald,1073,dickens,6.548513571421306
1,fitzgerald,1073,melville,7.750601450602214
1,fitzgerald,1073,wells,6.735090335210164
1,fitzgerald,1073,austen,6.703485488891602
1,fitzgerald,1073,fitzgerald,6.386081899915423
1,fitzgerald,1073,twain,7.357663333415985
1,fitzgerald,1074,train,4.070707639058431
1,fitzgerald,1074,baum,6.638162136077881
1,fitzgerald,1074,thompson,7.287897706031799
1,fitzgerald,1074,dickens,6.548922061920166
1,fitzgerald,1074,melville,7.746339956919352
1,fitzgerald,1074,wells,6.729342937469482
1,fitzgerald,1074,austen,6.697543462117513
1,fitzgerald,1074,fitzgerald,6.380819865635464
1,fitzgerald,1074,twain,7.357471764087677
1,fitzgerald,1075,train,4.085897763570149
1,fitzgerald,1075,baum,6.639667510986328
1,fitzgerald,1075,thompson,7.29170024394989
1,fitzgerald,1075,dickens,6.544942061106364
1,fitzgerald,1075,melville,7.746329148610433
1,fitzgerald,1075,wells,6.731718142827352
1,fitzgerald,1075,austen,6.696847279866536
1,fitzgerald,1075,fitzgerald,6.383097989218576
1,fitzgerald,1075,twain,7.363498508930206
1,fitzgerald,1076,train,4.078155517578125
1,fitzgerald,1076,baum,6.6395286321640015
1,fitzgerald,1076,thompson,7.292463660240173
1,fitzgerald,1076,dickens,6.549951076507568
1,fitzgerald,1076,melville,7.740428394741482
1,fitzgerald,1076,wells,6.735100825627645
1,fitzgerald,1076,austen,6.698805570602417
1,fitzgerald,1076,fitzgerald,6.385264532906668
1,fitzgerald,1076,twain,7.360266715288162
1,fitzgerald,1077,train,4.100009441375732
1,fitzgerald,1077,baum,6.650022387504578
1,fitzgerald,1077,thompson,7.302229642868042
1,fitzgerald,1077,dickens,6.558451493581136
1,fitzgerald,1077,melville,7.74812290403578
1,fitzgerald,1077,wells,6.744095087051392
1,fitzgerald,1077,austen,6.710235595703125
1,fitzgerald,1077,fitzgerald,6.390596730368478
1,fitzgerald,1077,twain,7.368011355400085
1,fitzgerald,1078,train,4.016752640406291
1,fitzgerald,1078,baum,6.659695744514465
1,fitzgerald,1078,thompson,7.312591791152954
1,fitzgerald,1078,dickens,6.564724445343018
1,fitzgerald,1078,melville,7.757185300191243
1,fitzgerald,1078,wells,6.750936428705852
1,fitzgerald,1078,austen,6.715992609659831
1,fitzgerald,1078,fitzgerald,6.396221773965018
1,fitzgerald,1078,twain,7.376414120197296
1,fitzgerald,1079,train,4.067237377166748
1,fitzgerald,1079,baum,6.633209109306336
1,fitzgerald,1079,thompson,7.289955973625183
1,fitzgerald,1079,dickens,6.5498307545979815
1,fitzgerald,1079,melville,7.74160729514228
1,fitzgerald,1079,wells,6.730870723724365
1,fitzgerald,1079,austen,6.697599728902181
1,fitzgerald,1079,fitzgerald,6.381382397242954
1,fitzgerald,1079,twain,7.360146522521973
1,fitzgerald,1080,train,3.998967965443929
1,fitzgerald,1080,baum,6.640753149986267
1,fitzgerald,1080,thompson,7.301472783088684
1,fitzgerald,1080,dickens,6.544797102610271
1,fitzgerald,1080,melville,7.744198004404704
1,fitzgerald,1080,wells,6.735620578130086
1,fitzgerald,1080,austen,6.695536216100057
1,fitzgerald,1080,fitzgerald,6.386522497449603
1,fitzgerald,1080,twain,7.359897285699844
1,fitzgerald,1081,train,4.081559658050537
1,fitzgerald,1081,baum,6.629695415496826
1,fitzgerald,1081,thompson,7.282712578773498
1,fitzgerald,1081,dickens,6.545751412709554
1,fitzgerald,1081,melville,7.736082447899712
1,fitzgerald,1081,wells,6.723844687143962
1,fitzgerald,1081,austen,6.692052046457927
1,fitzgerald,1081,fitzgerald,6.377438068389893
1,fitzgerald,1081,twain,7.3526138961315155
1,fitzgerald,1082,train,4.084581216176351
1,fitzgerald,1082,baum,6.625588297843933
1,fitzgerald,1082,thompson,7.290179014205933
1,fitzgerald,1082,dickens,6.549243450164795
1,fitzgerald,1082,melville,7.753188769022624
1,fitzgerald,1082,wells,6.7354733149210615
1,fitzgerald,1082,austen,6.69584592183431
1,fitzgerald,1082,fitzgerald,6.38286965233939
1,fitzgerald,1082,twain,7.366217792034149
1,fitzgerald,1083,train,4.127267042795817
1,fitzgerald,1083,baum,6.653026342391968
1,fitzgerald,1083,thompson,7.310552597045898
1,fitzgerald,1083,dickens,6.56390921274821
1,fitzgerald,1083,melville,7.758599758148193
1,fitzgerald,1083,wells,6.750974337259929
1,fitzgerald,1083,austen,6.711864471435547
1,fitzgerald,1083,fitzgerald,6.394007205963135
1,fitzgerald,1083,twain,7.378570467233658
1,fitzgerald,1084,train,4.028237819671631
1,fitzgerald,1084,baum,6.6355814933776855
1,fitzgerald,1084,thompson,7.291008830070496
1,fitzgerald,1084,dickens,6.54676882425944
1,fitzgerald,1084,melville,7.74648020002577
1,fitzgerald,1084,wells,6.729423840840657
1,fitzgerald,1084,austen,6.693912426630656
1,fitzgerald,1084,fitzgerald,6.3797977311270575
1,fitzgerald,1084,twain,7.359744042158127
1,fitzgerald,1085,train,3.999974807103475
1,fitzgerald,1085,baum,6.619543075561523
1,fitzgerald,1085,thompson,7.2850669622421265
1,fitzgerald,1085,dickens,6.530851046244304
1,fitzgerald,1085,melville,7.745842615763347
1,fitzgerald,1085,wells,6.723000844319661
1,fitzgerald,1085,austen,6.678992668787639
1,fitzgerald,1085,fitzgerald,6.374426977975028
1,fitzgerald,1085,twain,7.354877382516861
1,fitzgerald,1086,train,4.04675277074178
1,fitzgerald,1086,baum,6.6530925035476685
1,fitzgerald,1086,thompson,7.303048253059387
1,fitzgerald,1086,dickens,6.555478572845459
1,fitzgerald,1086,melville,7.753445466359456
1,fitzgerald,1086,wells,6.74916688601176
1,fitzgerald,1086,austen,6.707319736480713
1,fitzgerald,1086,fitzgerald,6.392417635236468
1,fitzgerald,1086,twain,7.37543398141861
1,fitzgerald,1087,train,4.015457312266032
1,fitzgerald,1087,baum,6.6470664739608765
1,fitzgerald,1087,thompson,7.307472348213196
1,fitzgerald,1087,dickens,6.555598894755046
1,fitzgerald,1087,melville,7.759009944068061
1,fitzgerald,1087,wells,6.749009132385254
1,fitzgerald,1087,austen,6.708438873291016
1,fitzgerald,1087,fitzgerald,6.391924381256104
1,fitzgerald,1087,twain,7.377340078353882
1,fitzgerald,1088,train,4.068161805470784
1,fitzgerald,1088,baum,6.635088920593262
1,fitzgerald,1088,thompson,7.293739914894104
1,fitzgerald,1088,dickens,6.544205188751221
1,fitzgerald,1088,melville,7.751703156365289
1,fitzgerald,1088,wells,6.738383372624715
1,fitzgerald,1088,austen,6.69484814008077
1,fitzgerald,1088,fitzgerald,6.384300708770752
1,fitzgerald,1088,twain,7.36794325709343
1,fitzgerald,1089,train,4.001871903737386
1,fitzgerald,1089,baum,6.64051628112793
1,fitzgerald,1089,thompson,7.298791646957397
1,fitzgerald,1089,dickens,6.544437567392985
1,fitzgerald,1089,melville,7.752976311577691
1,fitzgerald,1089,wells,6.735843340555827
1,fitzgerald,1089,austen,6.690110206604004
1,fitzgerald,1089,fitzgerald,6.383309091840472
1,fitzgerald,1089,twain,7.366695374250412
1,fitzgerald,1090,train,3.969865083694458
1,fitzgerald,1090,baum,6.662937045097351
1,fitzgerald,1090,thompson,7.319080471992493
1,fitzgerald,1090,dickens,6.562001546223958
1,fitzgerald,1090,melville,7.766064749823676
1,fitzgerald,1090,wells,6.760974168777466
1,fitzgerald,1090,austen,6.714700937271118
1,fitzgerald,1090,fitzgerald,6.400751999446324
1,fitzgerald,1090,twain,7.385964691638946
1,fitzgerald,1091,train,4.002997636795044
1,fitzgerald,1091,baum,6.648460268974304
1,fitzgerald,1091,thompson,7.303816437721252
1,fitzgerald,1091,dickens,6.558901945749919
1,fitzgerald,1091,melville,7.757237169477674
1,fitzgerald,1091,wells,6.748034397761027
1,fitzgerald,1091,austen,6.708689292271932
1,fitzgerald,1091,fitzgerald,6.390468393053327
1,fitzgerald,1091,twain,7.371922761201858
1,fitzgerald,1092,train,4.06659205754598
1,fitzgerald,1092,baum,6.652061581611633
1,fitzgerald,1092,thompson,7.307959794998169
1,fitzgerald,1092,dickens,6.558132171630859
1,fitzgerald,1092,melville,7.76508453157213
1,fitzgerald,1092,wells,6.743644158045451
1,fitzgerald,1092,austen,6.710149208704631
1,fitzgerald,1092,fitzgerald,6.388223988669259
1,fitzgerald,1092,twain,7.375693082809448
1,fitzgerald,1093,train,4.067763805389404
1,fitzgerald,1093,baum,6.668982982635498
1,fitzgerald,1093,thompson,7.314242124557495
1,fitzgerald,1093,dickens,6.56300687789917
1,fitzgerald,1093,melville,7.764999283684625
1,fitzgerald,1093,wells,6.758069356282552
1,fitzgerald,1093,austen,6.720518350601196
1,fitzgerald,1093,fitzgerald,6.398436069488525
1,fitzgerald,1093,twain,7.384603202342987
1,fitzgerald,1094,train,4.045206387837728
1,fitzgerald,1094,baum,6.662508964538574
1,fitzgerald,1094,thompson,7.308659195899963
1,fitzgerald,1094,dickens,6.561762968699138
1,fitzgerald,1094,melville,7.758122232225206
1,fitzgerald,1094,wells,6.7555553913116455
1,fitzgerald,1094,austen,6.713921944300334
1,fitzgerald,1094,fitzgerald,6.3942757334027975
1,fitzgerald,1094,twain,7.376087486743927
1,fitzgerald,1095,train,4.065806706746419
1,fitzgerald,1095,baum,6.664207458496094
1,fitzgerald,1095,thompson,7.313261747360229
1,fitzgerald,1095,dickens,6.563266277313232
1,fitzgerald,1095,melville,7.7558315065171985
1,fitzgerald,1095,wells,6.74994428952535
1,fitzgerald,1095,austen,6.714081366856893
1,fitzgerald,1095,fitzgerald,6.392012596130371
1,fitzgerald,1095,twain,7.372189849615097
1,fitzgerald,1096,train,4.015244166056315
1,fitzgerald,1096,baum,6.647844672203064
1,fitzgerald,1096,thompson,7.313446402549744
1,fitzgerald,1096,dickens,6.5479990641276045
1,fitzgerald,1096,melville,7.763262695736355
1,fitzgerald,1096,wells,6.739649295806885
1,fitzgerald,1096,austen,6.703204154968262
1,fitzgerald,1096,fitzgerald,6.385257039751325
1,fitzgerald,1096,twain,7.372407406568527
1,fitzgerald,1097,train,4.020315965016683
1,fitzgerald,1097,baum,6.664832830429077
1,fitzgerald,1097,thompson,7.321490287780762
1,fitzgerald,1097,dickens,6.562400023142497
1,fitzgerald,1097,melville,7.771268420749241
1,fitzgerald,1097,wells,6.75328803062439
1,fitzgerald,1097,austen,6.717268864313762
1,fitzgerald,1097,fitzgerald,6.395324911390032
1,fitzgerald,1097,twain,7.381789594888687
1,fitzgerald,1098,train,4.000677982966105
1,fitzgerald,1098,baum,6.677208542823792
1,fitzgerald,1098,thompson,7.328427791595459
1,fitzgerald,1098,dickens,6.569179058074951
1,fitzgerald,1098,melville,7.772005875905354
1,fitzgerald,1098,wells,6.768373330434163
1,fitzgerald,1098,austen,6.72762656211853
1,fitzgerald,1098,fitzgerald,6.40687724522182
1,fitzgerald,1098,twain,7.392349570989609
1,fitzgerald,1099,train,3.990142345428467
1,fitzgerald,1099,baum,6.654208421707153
1,fitzgerald,1099,thompson,7.312856912612915
1,fitzgerald,1099,dickens,6.55544376373291
1,fitzgerald,1099,melville,7.756879011789958
1,fitzgerald,1099,wells,6.750203450520833
1,fitzgerald,1099,austen,6.7116304238637285
1,fitzgerald,1099,fitzgerald,6.3946100643702914
1,fitzgerald,1099,twain,7.37626525759697
1,fitzgerald,1100,train,3.9964699745178223
1,fitzgerald,1100,baum,6.6502732038497925
1,fitzgerald,1100,thompson,7.308522939682007
1,fitzgerald,1100,dickens,6.559762636820476
1,fitzgerald,1100,melville,7.763293902079265
1,fitzgerald,1100,wells,6.750946919123332
1,fitzgerald,1100,austen,6.708598057428996
1,fitzgerald,1100,fitzgerald,6.392557007925851
1,fitzgerald,1100,twain,7.374491572380066
1,fitzgerald,1101,train,4.055071194966634
1,fitzgerald,1101,baum,6.6505008935928345
1,fitzgerald,1101,thompson,7.304696917533874
1,fitzgerald,1101,dickens,6.556423346201579
1,fitzgerald,1101,melville,7.746766143374973
1,fitzgerald,1101,wells,6.738866885503133
1,fitzgerald,1101,austen,6.703320185343425
1,fitzgerald,1101,fitzgerald,6.3881489889962335
1,fitzgerald,1101,twain,7.363103270530701
1,fitzgerald,1102,train,4.057903289794922
1,fitzgerald,1102,baum,6.64748752117157
1,fitzgerald,1102,thompson,7.311785101890564
1,fitzgerald,1102,dickens,6.55726957321167
1,fitzgerald,1102,melville,7.757652388678657
1,fitzgerald,1102,wells,6.747887929280599
1,fitzgerald,1102,austen,6.710033734639485
1,fitzgerald,1102,fitzgerald,6.392130102430071
1,fitzgerald,1102,twain,7.375276625156403
1,fitzgerald,1103,train,3.956862211227417
1,fitzgerald,1103,baum,6.662240266799927
1,fitzgerald,1103,thompson,7.322833180427551
1,fitzgerald,1103,dickens,6.569352149963379
1,fitzgerald,1103,melville,7.770952436659071
1,fitzgerald,1103,wells,6.758880058924357
1,fitzgerald,1103,austen,6.7235941886901855
1,fitzgerald,1103,fitzgerald,6.398872103009905
1,fitzgerald,1103,twain,7.387300610542297
1,fitzgerald,1104,train,4.021439870198567
1,fitzgerald,1104,baum,6.6573368310928345
1,fitzgerald,1104,thompson,7.31691563129425
1,fitzgerald,1104,dickens,6.56064240137736
1,fitzgerald,1104,melville,7.753574477301703
1,fitzgerald,1104,wells,6.749478419621785
1,fitzgerald,1104,austen,6.710000991821289
1,fitzgerald,1104,fitzgerald,6.394862719944546
1,fitzgerald,1104,twain,7.3714796006679535
1,fitzgerald,1105,train,3.997889518737793
1,fitzgerald,1105,baum,6.657670855522156
1,fitzgerald,1105,thompson,7.320327639579773
1,fitzgerald,1105,dickens,6.564888159434001
1,fitzgerald,1105,melville,7.767249213324653
1,fitzgerald,1105,wells,6.756867011388143
1,fitzgerald,1105,austen,6.718371073404948
1,fitzgerald,1105,fitzgerald,6.397048132760184
1,fitzgerald,1105,twain,7.382356017827988
1,fitzgerald,1106,train,3.985508680343628
1,fitzgerald,1106,baum,6.661880493164063
1,fitzgerald,1106,thompson,7.324175953865051
1,fitzgerald,1106,dickens,6.572553316752116
1,fitzgerald,1106,melville,7.772930992974175
1,fitzgerald,1106,wells,6.755703687667847
1,fitzgerald,1106,austen,6.719270626703898
1,fitzgerald,1106,fitzgerald,6.396781308310373
1,fitzgerald,1106,twain,7.383748859167099
1,fitzgerald,1107,train,4.03875994682312
1,fitzgerald,1107,baum,6.658825039863586
1,fitzgerald,1107,thompson,7.317564010620117
1,fitzgerald,1107,dickens,6.565168221791585
1,fitzgerald,1107,melville,7.757236692640516
1,fitzgerald,1107,wells,6.749282201131185
1,fitzgerald,1107,austen,6.706586678822835
1,fitzgerald,1107,fitzgerald,6.396212782178607
1,fitzgerald,1107,twain,7.371927797794342
1,fitzgerald,1108,train,3.9977216720581055
1,fitzgerald,1108,baum,6.655394077301025
1,fitzgerald,1108,thompson,7.309327363967895
1,fitzgerald,1108,dickens,6.564081033070882
1,fitzgerald,1108,melville,7.754513051774767
1,fitzgerald,1108,wells,6.749786059061687
1,fitzgerald,1108,austen,6.712026039759318
1,fitzgerald,1108,fitzgerald,6.393407617296491
1,fitzgerald,1108,twain,7.374498277902603
1,fitzgerald,1109,train,3.9857895374298096
1,fitzgerald,1109,baum,6.648642897605896
1,fitzgerald,1109,thompson,7.319516897201538
1,fitzgerald,1109,dickens,6.561008930206299
1,fitzgerald,1109,melville,7.766418986850315
1,fitzgerald,1109,wells,6.745865106582642
1,fitzgerald,1109,austen,6.706465085347493
1,fitzgerald,1109,fitzgerald,6.38987398147583
1,fitzgerald,1109,twain,7.3734245002269745
1,fitzgerald,1110,train,4.007957935333252
1,fitzgerald,1110,baum,6.660511136054993
1,fitzgerald,1110,thompson,7.321549296379089
1,fitzgerald,1110,dickens,6.5734554926554365
1,fitzgerald,1110,melville,7.761588944329156
1,fitzgerald,1110,wells,6.7629477977752686
1,fitzgerald,1110,austen,6.716180404027303
1,fitzgerald,1110,fitzgerald,6.400332246507917
1,fitzgerald,1110,twain,7.378609389066696
1,fitzgerald,1111,train,3.9918812910715737
1,fitzgerald,1111,baum,6.669179797172546
1,fitzgerald,1111,thompson,7.330511927604675
1,fitzgerald,1111,dickens,6.575302441914876
1,fitzgerald,1111,melville,7.77492422527737
1,fitzgerald,1111,wells,6.772812445958455
1,fitzgerald,1111,austen,6.730841477711995
1,fitzgerald,1111,fitzgerald,6.407005173819406
1,fitzgerald,1111,twain,7.398730307817459
1,fitzgerald,1112,train,3.962802966435752
1,fitzgerald,1112,baum,6.66375207901001
1,fitzgerald,1112,thompson,7.322399497032165
1,fitzgerald,1112,dickens,6.577717781066895
1,fitzgerald,1112,melville,7.771825896369086
1,fitzgerald,1112,wells,6.756097237269084
1,fitzgerald,1112,austen,6.722343603769938
1,fitzgerald,1112,fitzgerald,6.3997015953063965
1,fitzgerald,1112,twain,7.38049590587616
1,fitzgerald,1113,train,3.959011713663737
1,fitzgerald,1113,baum,6.665744662284851
1,fitzgerald,1113,thompson,7.324354410171509
1,fitzgerald,1113,dickens,6.573060671488444
1,fitzgerald,1113,melville,7.768208026885986
1,fitzgerald,1113,wells,6.755890846252441
1,fitzgerald,1113,austen,6.720705350240071
1,fitzgerald,1113,fitzgerald,6.398563589368548
1,fitzgerald,1113,twain,7.3797416388988495
1,fitzgerald,1114,train,4.021150350570679
1,fitzgerald,1114,baum,6.663403034210205
1,fitzgerald,1114,thompson,7.315883755683899
1,fitzgerald,1114,dickens,6.570512612660726
1,fitzgerald,1114,melville,7.764222304026286
1,fitzgerald,1114,wells,6.755876779556274
1,fitzgerald,1114,austen,6.720315456390381
1,fitzgerald,1114,fitzgerald,6.398277010236468
1,fitzgerald,1114,twain,7.382869303226471
1,fitzgerald,1115,train,4.004998286565145
1,fitzgerald,1115,baum,6.658168196678162
1,fitzgerald,1115,thompson,7.332536816596985
1,fitzgerald,1115,dickens,6.569337050120036
1,fitzgerald,1115,melville,7.781792905595568
1,fitzgerald,1115,wells,6.757068316141765
1,fitzgerald,1115,austen,6.712578376134236
1,fitzgerald,1115,fitzgerald,6.400159018380301
1,fitzgerald,1115,twain,7.38801971077919
1,fitzgerald,1116,train,4.004338979721069
1,fitzgerald,1116,baum,6.668828964233398
1,fitzgerald,1116,thompson,7.330691456794739
1,fitzgerald,1116,dickens,6.573897520701091
1,fitzgerald,1116,melville,7.776554796430799
1,fitzgerald,1116,wells,6.762617031733195
1,fitzgerald,1116,austen,6.726455132166545
1,fitzgerald,1116,fitzgerald,6.401847907475063
1,fitzgerald,1116,twain,7.395666569471359
1,fitzgerald,1117,train,4.001862208048503
1,fitzgerald,1117,baum,6.67834997177124
1,fitzgerald,1117,thompson,7.337303876876831
1,fitzgerald,1117,dickens,6.582313855489095
1,fitzgerald,1117,melville,7.781589137183295
1,fitzgerald,1117,wells,6.77538537979126
1,fitzgerald,1117,austen,6.734702189763387
1,fitzgerald,1117,fitzgerald,6.413136890956333
1,fitzgerald,1117,twain,7.39438408613205
1,fitzgerald,1118,train,4.026506821314494
1,fitzgerald,1118,baum,6.680631637573242
1,fitzgerald,1118,thompson,7.347347140312195
1,fitzgerald,1118,dickens,6.581977367401123
1,fitzgerald,1118,melville,7.783167627122667
1,fitzgerald,1118,wells,6.775105317433675
1,fitzgerald,1118,austen,6.736096302668254
1,fitzgerald,1118,fitzgerald,6.414531162806919
1,fitzgerald,1118,twain,7.39778259396553
1,fitzgerald,1119,train,4.001705646514893
1,fitzgerald,1119,baum,6.669199347496033
1,fitzgerald,1119,thompson,7.329118967056274
1,fitzgerald,1119,dickens,6.577677408854167
1,fitzgerald,1119,melville,7.777351273430718
1,fitzgerald,1119,wells,6.768493890762329
1,fitzgerald,1119,austen,6.727631807327271
1,fitzgerald,1119,fitzgerald,6.4069357599530905
1,fitzgerald,1119,twain,7.39426389336586
1,fitzgerald,1120,train,3.975137790044149
1,fitzgerald,1120,baum,6.6701860427856445
1,fitzgerald,1120,thompson,7.331393837928772
1,fitzgerald,1120,dickens,6.564107418060303
1,fitzgerald,1120,melville,7.778353638119167
1,fitzgerald,1120,wells,6.764228741327922
1,fitzgerald,1120,austen,6.721925020217896
1,fitzgerald,1120,fitzgerald,6.402662754058838
1,fitzgerald,1120,twain,7.39100781083107
1,fitzgerald,1121,train,4.005585829416911
1,fitzgerald,1121,baum,6.6595810651779175
1,fitzgerald,1121,thompson,7.325672030448914
1,fitzgerald,1121,dickens,6.559635957082112
1,fitzgerald,1121,melville,7.773186895582411
1,fitzgerald,1121,wells,6.757280985514323
1,fitzgerald,1121,austen,6.719313621520996
1,fitzgerald,1121,fitzgerald,6.396972247532436
1,fitzgerald,1121,twain,7.386115461587906
1,fitzgerald,1122,train,3.999151786168417
1,fitzgerald,1122,baum,6.671866178512573
1,fitzgerald,1122,thompson,7.33428418636322
1,fitzgerald,1122,dickens,6.584381739298503
1,fitzgerald,1122,melville,7.786609649658203
1,fitzgerald,1122,wells,6.77255384127299
1,fitzgerald,1122,austen,6.731684684753418
1,fitzgerald,1122,fitzgerald,6.408169746398926
1,fitzgerald,1122,twain,7.398995995521545
1,fitzgerald,1123,train,3.9789888858795166
1,fitzgerald,1123,baum,6.680393695831299
1,fitzgerald,1123,thompson,7.339100003242493
1,fitzgerald,1123,dickens,6.587999184926351
1,fitzgerald,1123,melville,7.791007253858778
1,fitzgerald,1123,wells,6.779388189315796
1,fitzgerald,1123,austen,6.740793625513713
1,fitzgerald,1123,fitzgerald,6.414855684552874
1,fitzgerald,1123,twain,7.404930144548416
1,fitzgerald,1124,train,3.974091211954753
1,fitzgerald,1124,baum,6.676046848297119
1,fitzgerald,1124,thompson,7.333093285560608
1,fitzgerald,1124,dickens,6.587947368621826
1,fitzgerald,1124,melville,7.779987335205078
1,fitzgerald,1124,wells,6.771278142929077
1,fitzgerald,1124,austen,6.742060820261638
1,fitzgerald,1124,fitzgerald,6.408967426845005
1,fitzgerald,1124,twain,7.397651255130768
1,fitzgerald,1125,train,4.0052376588185625
1,fitzgerald,1125,baum,6.708022832870483
1,fitzgerald,1125,thompson,7.3677568435668945
1,fitzgerald,1125,dickens,6.604441006978353
1,fitzgerald,1125,melville,7.812483151753743
1,fitzgerald,1125,wells,6.806026935577393
1,fitzgerald,1125,austen,6.767844676971436
1,fitzgerald,1125,fitzgerald,6.43291255405971
1,fitzgerald,1125,twain,7.426612734794617
1,fitzgerald,1126,train,3.9853322505950928
1,fitzgerald,1126,baum,6.688039541244507
1,fitzgerald,1126,thompson,7.346867680549622
1,fitzgerald,1126,dickens,6.5934732755025225
1,fitzgerald,1126,melville,7.800060749053955
1,fitzgerald,1126,wells,6.786568482716878
1,fitzgerald,1126,austen,6.753597418467204
1,fitzgerald,1126,fitzgerald,6.419059208461216
1,fitzgerald,1126,twain,7.411566883325577
1,fitzgerald,1127,train,4.015918334325154
1,fitzgerald,1127,baum,6.677425980567932
1,fitzgerald,1127,thompson,7.34284496307373
1,fitzgerald,1127,dickens,6.585408369700114
1,fitzgerald,1127,melville,7.796624925401476
1,fitzgerald,1127,wells,6.772739410400391
1,fitzgerald,1127,austen,6.735638459523519
1,fitzgerald,1127,fitzgerald,6.409551075526646
1,fitzgerald,1127,twain,7.402922421693802
1,fitzgerald,1128,train,3.952714999516805
1,fitzgerald,1128,baum,6.685315489768982
1,fitzgerald,1128,thompson,7.342901110649109
1,fitzgerald,1128,dickens,6.582075595855713
1,fitzgerald,1128,melville,7.786707825130886
1,fitzgerald,1128,wells,6.775467872619629
1,fitzgerald,1128,austen,6.737023671468099
1,fitzgerald,1128,fitzgerald,6.412386281149728
1,fitzgerald,1128,twain,7.403853893280029
1,fitzgerald,1129,train,3.990710973739624
1,fitzgerald,1129,baum,6.661083579063416
1,fitzgerald,1129,thompson,7.320508480072021
1,fitzgerald,1129,dickens,6.569351196289063
1,fitzgerald,1129,melville,7.773127026028103
1,fitzgerald,1129,wells,6.756919304529826
1,fitzgerald,1129,austen,6.727873961130778
1,fitzgerald,1129,fitzgerald,6.398810591016497
1,fitzgerald,1129,twain,7.389697432518005
1,fitzgerald,1130,train,3.9390505949656167
1,fitzgerald,1130,baum,6.692522168159485
1,fitzgerald,1130,thompson,7.35160493850708
1,fitzgerald,1130,dickens,6.588986714680989
1,fitzgerald,1130,melville,7.797846211327447
1,fitzgerald,1130,wells,6.783140341440837
1,fitzgerald,1130,austen,6.75154972076416
1,fitzgerald,1130,fitzgerald,6.420048918042864
1,fitzgerald,1130,twain,7.407627820968628
1,fitzgerald,1131,train,3.947043975194296
1,fitzgerald,1131,baum,6.691909790039063
1,fitzgerald,1131,thompson,7.354411244392395
1,fitzgerald,1131,dickens,6.590911388397217
1,fitzgerald,1131,melville,7.793182320064968
1,fitzgerald,1131,wells,6.778911987940471
1,fitzgerald,1131,austen,6.74591342608134
1,fitzgerald,1131,fitzgerald,6.417401041303362
1,fitzgerald,1131,twain,7.408057421445847
1,fitzgerald,1132,train,3.959409157435099
1,fitzgerald,1132,baum,6.675938963890076
1,fitzgerald,1132,thompson,7.331932544708252
1,fitzgerald,1132,dickens,6.581967989603679
1,fitzgerald,1132,melville,7.782231171925862
1,fitzgerald,1132,wells,6.773946126302083
1,fitzgerald,1132,austen,6.738740682601929
1,fitzgerald,1132,fitzgerald,6.409387179783413
1,fitzgerald,1132,twain,7.403253316879272
1,fitzgerald,1133,train,3.975595712661743
1,fitzgerald,1133,baum,6.689894199371338
1,fitzgerald,1133,thompson,7.349338889122009
1,fitzgerald,1133,dickens,6.592021306355794
1,fitzgerald,1133,melville,7.794159942203098
1,fitzgerald,1133,wells,6.782968680063884
1,fitzgerald,1133,austen,6.746879418690999
1,fitzgerald,1133,fitzgerald,6.419110025678362
1,fitzgerald,1133,twain,7.409601211547852
1,fitzgerald,1134,train,3.9641364415486655
1,fitzgerald,1134,baum,6.722615480422974
1,fitzgerald,1134,thompson,7.383568167686462
1,fitzgerald,1134,dickens,6.621297995249431
1,fitzgerald,1134,melville,7.8292478455437555
1,fitzgerald,1134,wells,6.815459092458089
1,fitzgerald,1134,austen,6.778749306996663
1,fitzgerald,1134,fitzgerald,6.4402755328587125
1,fitzgerald,1134,twain,7.442455023527145
1,fitzgerald,1135,train,3.918762683868408
1,fitzgerald,1135,baum,6.703218579292297
1,fitzgerald,1135,thompson,7.36812961101532
1,fitzgerald,1135,dickens,6.614770412445068
1,fitzgerald,1135,melville,7.812661541832818
1,fitzgerald,1135,wells,6.794647057851155
1,fitzgerald,1135,austen,6.762040615081787
1,fitzgerald,1135,fitzgerald,6.427102565765381
1,fitzgerald,1135,twain,7.423951029777527
1,fitzgerald,1136,train,3.870935519536336
1,fitzgerald,1136,baum,6.68539023399353
1,fitzgerald,1136,thompson,7.3580228090286255
1,fitzgerald,1136,dickens,6.595181465148926
1,fitzgerald,1136,melville,7.801676008436415
1,fitzgerald,1136,wells,6.7745029131571455
1,fitzgerald,1136,austen,6.740788777669271
1,fitzgerald,1136,fitzgerald,6.416405269077846
1,fitzgerald,1136,twain,7.412324815988541
1,fitzgerald,1137,train,3.961872180302938
1,fitzgerald,1137,baum,6.705416917800903
1,fitzgerald,1137,thompson,7.366553544998169
1,fitzgerald,1137,dickens,6.603686014811198
1,fitzgerald,1137,melville,7.8160139719645185
1,fitzgerald,1137,wells,6.798992951711019
1,fitzgerald,1137,austen,6.758305549621582
1,fitzgerald,1137,fitzgerald,6.431450843811035
1,fitzgerald,1137,twain,7.42994412779808
1,fitzgerald,1138,train,3.9577953020731607
1,fitzgerald,1138,baum,6.695006489753723
1,fitzgerald,1138,thompson,7.358134865760803
1,fitzgerald,1138,dickens,6.600462277730306
1,fitzgerald,1138,melville,7.793369611104329
1,fitzgerald,1138,wells,6.781368255615234
1,fitzgerald,1138,austen,6.743911663691203
1,fitzgerald,1138,fitzgerald,6.420664242335728
1,fitzgerald,1138,twain,7.408820509910583
1,fitzgerald,1139,train,3.930918693542481
1,fitzgerald,1139,baum,6.692054390907288
1,fitzgerald,1139,thompson,7.359070658683777
1,fitzgerald,1139,dickens,6.595592021942139
1,fitzgerald,1139,melville,7.806698693169488
1,fitzgerald,1139,wells,6.787348667780559
1,fitzgerald,1139,austen,6.748565912246704
1,fitzgerald,1139,fitzgerald,6.418912751334054
1,fitzgerald,1139,twain,7.419319093227386
1,fitzgerald,1140,train,3.948500712712606
1,fitzgerald,1140,baum,6.690215229988098
1,fitzgerald,1140,thompson,7.353838920593262
1,fitzgerald,1140,dickens,6.5910037358601885
1,fitzgerald,1140,melville,7.805463420020209
1,fitzgerald,1140,wells,6.781882286071777
1,fitzgerald,1140,austen,6.74609128634135
1,fitzgerald,1140,fitzgerald,6.415788309914725
1,fitzgerald,1140,twain,7.415757268667221
1,fitzgerald,1141,train,3.957177639007568
1,fitzgerald,1141,baum,6.693923830986023
1,fitzgerald,1141,thompson,7.353906154632568
1,fitzgerald,1141,dickens,6.59100357691447
1,fitzgerald,1141,melville,7.802242120107015
1,fitzgerald,1141,wells,6.779035568237305
1,fitzgerald,1141,austen,6.746091206868489
1,fitzgerald,1141,fitzgerald,6.419810431344168
1,fitzgerald,1141,twain,7.40875831246376
1,fitzgerald,1142,train,3.942423184712728
1,fitzgerald,1142,baum,6.693347573280335
1,fitzgerald,1142,thompson,7.3505038022994995
1,fitzgerald,1142,dickens,6.589978535970052
1,fitzgerald,1142,melville,7.797952704959446
1,fitzgerald,1142,wells,6.777967611948649
1,fitzgerald,1142,austen,6.74968687693278
1,fitzgerald,1142,fitzgerald,6.416326659066336
1,fitzgerald,1142,twain,7.408826917409897
1,fitzgerald,1143,train,3.985228935877482
1,fitzgerald,1143,baum,6.729169130325317
1,fitzgerald,1143,thompson,7.378710269927978
1,fitzgerald,1143,dickens,6.622687180836995
1,fitzgerald,1143,melville,7.810677422417535
1,fitzgerald,1143,wells,6.809276819229126
1,fitzgerald,1143,austen,6.77528961499532
1,fitzgerald,1143,fitzgerald,6.43868316922869
1,fitzgerald,1143,twain,7.432452350854874
1,fitzgerald,1144,train,3.9544175465901694
1,fitzgerald,1144,baum,6.714848518371582
1,fitzgerald,1144,thompson,7.36953330039978
1,fitzgerald,1144,dickens,6.6158827145894366
1,fitzgerald,1144,melville,7.811963240305583
1,fitzgerald,1144,wells,6.807944933573405
1,fitzgerald,1144,austen,6.7690393924713135
1,fitzgerald,1144,fitzgerald,6.433867386409214
1,fitzgerald,1144,twain,7.4333635866642
1,fitzgerald,1145,train,3.9555393060048414
1,fitzgerald,1145,baum,6.700660109519959
1,fitzgerald,1145,thompson,7.360878109931946
1,fitzgerald,1145,dickens,6.6064683596293134
1,fitzgerald,1145,melville,7.809977955288357
1,fitzgerald,1145,wells,6.792719920476277
1,fitzgerald,1145,austen,6.760614315668742
1,fitzgerald,1145,fitzgerald,6.423188890729632
1,fitzgerald,1145,twain,7.427757769823074
1,fitzgerald,1146,train,3.90936009089152
1,fitzgerald,1146,baum,6.710166931152344
1,fitzgerald,1146,thompson,7.374839425086975
1,fitzgerald,1146,dickens,6.606864293416341
1,fitzgerald,1146,melville,7.823338985443115
1,fitzgerald,1146,wells,6.802674929300944
1,fitzgerald,1146,austen,6.764793872833252
1,fitzgerald,1146,fitzgerald,6.4328804697309225
1,fitzgerald,1146,twain,7.436071634292602
1,fitzgerald,1147,train,3.980621655782064
1,fitzgerald,1147,baum,6.6952725648880005
1,fitzgerald,1147,thompson,7.358496069908142
1,fitzgerald,1147,dickens,6.598929246266683
1,fitzgerald,1147,melville,7.810592227511936
1,fitzgerald,1147,wells,6.789380788803101
1,fitzgerald,1147,austen,6.755433241526286
1,fitzgerald,1147,fitzgerald,6.42213807787214
1,fitzgerald,1147,twain,7.4215167760849
1,fitzgerald,1148,train,3.8810080687205
1,fitzgerald,1148,baum,6.714198589324951
1,fitzgerald,1148,thompson,7.3695244789123535
1,fitzgerald,1148,dickens,6.614197572072347
1,fitzgerald,1148,melville,7.820756965213352
1,fitzgerald,1148,wells,6.80241330464681
1,fitzgerald,1148,austen,6.7733681201934814
1,fitzgerald,1148,fitzgerald,6.432566915239606
1,fitzgerald,1148,twain,7.428621411323547
1,fitzgerald,1149,train,3.916747252146403
1,fitzgerald,1149,baum,6.713253617286682
1,fitzgerald,1149,thompson,7.373810052871704
1,fitzgerald,1149,dickens,6.60704517364502
1,fitzgerald,1149,melville,7.828071329328749
1,fitzgerald,1149,wells,6.803839921951294
1,fitzgerald,1149,austen,6.771551370620728
1,fitzgerald,1149,fitzgerald,6.433808531079974
1,fitzgerald,1149,twain,7.435815751552582
1,fitzgerald,1150,train,3.928884426752726
1,fitzgerald,1150,baum,6.6924930810928345
1,fitzgerald,1150,thompson,7.349148154258728
1,fitzgerald,1150,dickens,6.597539742787679
1,fitzgerald,1150,melville,7.798285643259683
1,fitzgerald,1150,wells,6.780157009760539
1,fitzgerald,1150,austen,6.748342990875244
1,fitzgerald,1150,fitzgerald,6.416802951267788
1,fitzgerald,1150,twain,7.412646561861038
1,fitzgerald,1151,train,3.969970146814982
1,fitzgerald,1151,baum,6.696953177452087
1,fitzgerald,1151,thompson,7.367001056671143
1,fitzgerald,1151,dickens,6.599146366119385
1,fitzgerald,1151,melville,7.814070171780056
1,fitzgerald,1151,wells,6.788409948348999
1,fitzgerald,1151,austen,6.752549409866333
1,fitzgerald,1151,fitzgerald,6.424262387411935
1,fitzgerald,1151,twain,7.419428467750549
1,fitzgerald,1152,train,3.95292862256368
1,fitzgerald,1152,baum,6.708678126335144
1,fitzgerald,1152,thompson,7.38282036781311
1,fitzgerald,1152,dickens,6.615106741587321
1,fitzgerald,1152,melville,7.839470863342285
1,fitzgerald,1152,wells,6.8085542519887285
1,fitzgerald,1152,austen,6.773844877878825
1,fitzgerald,1152,fitzgerald,6.435344219207764
1,fitzgerald,1152,twain,7.441317975521088
1,fitzgerald,1153,train,3.926003456115722
1,fitzgerald,1153,baum,6.708924055099487
1,fitzgerald,1153,thompson,7.37966513633728
1,fitzgerald,1153,dickens,6.6181230545043945
1,fitzgerald,1153,melville,7.832727114359538
1,fitzgerald,1153,wells,6.804384708404541
1,fitzgerald,1153,austen,6.767933368682861
1,fitzgerald,1153,fitzgerald,6.432987553732736
1,fitzgerald,1153,twain,7.437868982553482
1,fitzgerald,1154,train,3.892606576283773
1,fitzgerald,1154,baum,6.706409692764282
1,fitzgerald,1154,thompson,7.37746250629425
1,fitzgerald,1154,dickens,6.6131660143534345
1,fitzgerald,1154,melville,7.826390796237522
1,fitzgerald,1154,wells,6.80091118812561
1,fitzgerald,1154,austen,6.762132008870442
1,fitzgerald,1154,fitzgerald,6.432622228349958
1,fitzgerald,1154,twain,7.429984897375107
1,fitzgerald,1155,train,3.905642906824748
1,fitzgerald,1155,baum,6.693052053451538
1,fitzgerald,1155,thompson,7.362332582473755
1,fitzgerald,1155,dickens,6.601839065551758
1,fitzgerald,1155,melville,7.806267844306098
1,fitzgerald,1155,wells,6.786360899607341
1,fitzgerald,1155,austen,6.75559647878011
1,fitzgerald,1155,fitzgerald,6.421151297433036
1,fitzgerald,1155,twain,7.420205295085907
1,fitzgerald,1156,train,3.912682374318441
1,fitzgerald,1156,baum,6.703328728675842
1,fitzgerald,1156,thompson,7.372525095939636
1,fitzgerald,1156,dickens,6.601871172587077
1,fitzgerald,1156,melville,7.822859499189589
1,fitzgerald,1156,wells,6.805108229319255
1,fitzgerald,1156,austen,6.76073145866394
1,fitzgerald,1156,fitzgerald,6.432767459324428
1,fitzgerald,1156,twain,7.433063834905624
1,fitzgerald,1157,train,3.9169437885284415
1,fitzgerald,1157,baum,6.696345567703247
1,fitzgerald,1157,thompson,7.361843824386597
1,fitzgerald,1157,dickens,6.602057298024495
1,fitzgerald,1157,melville,7.812636269463433
1,fitzgerald,1157,wells,6.787736336390178
1,fitzgerald,1157,austen,6.747985521952312
1,fitzgerald,1157,fitzgerald,6.423393521990095
1,fitzgerald,1157,twain,7.419889003038406
1,fitzgerald,1158,train,3.9324191411336265
1,fitzgerald,1158,baum,6.70013952255249
1,fitzgerald,1158,thompson,7.368184089660644
1,fitzgerald,1158,dickens,6.610945224761963
1,fitzgerald,1158,melville,7.816979090372722
1,fitzgerald,1158,wells,6.793822685877482
1,fitzgerald,1158,austen,6.761845827102661
1,fitzgerald,1158,fitzgerald,6.4257795470101495
1,fitzgerald,1158,twain,7.430180341005325
1,fitzgerald,1159,train,3.9072749614715576
1,fitzgerald,1159,baum,6.725617527961731
1,fitzgerald,1159,thompson,7.389199376106262
1,fitzgerald,1159,dickens,6.628582954406738
1,fitzgerald,1159,melville,7.839002556271023
1,fitzgerald,1159,wells,6.8240281740824384
1,fitzgerald,1159,austen,6.785053650538127
1,fitzgerald,1159,fitzgerald,6.447479316166469
1,fitzgerald,1159,twain,7.45314148068428
1,fitzgerald,1160,train,3.902552127838135
1,fitzgerald,1160,baum,6.70872437953949
1,fitzgerald,1160,thompson,7.372603178024292
1,fitzgerald,1160,dickens,6.618221282958984
1,fitzgerald,1160,melville,7.818434821234809
1,fitzgerald,1160,wells,6.7960108915964765
1,fitzgerald,1160,austen,6.763017654418945
1,fitzgerald,1160,fitzgerald,6.43047959463937
1,fitzgerald,1160,twain,7.42917463183403
1,fitzgerald,1161,train,3.927768071492513
1,fitzgerald,1161,baum,6.709835767745972
1,fitzgerald,1161,thompson,7.375871658325195
1,fitzgerald,1161,dickens,6.615278879801433
1,fitzgerald,1161,melville,7.831104543473986
1,fitzgerald,1161,wells,6.801958640416463
1,fitzgerald,1161,austen,6.771518150965373
1,fitzgerald,1161,fitzgerald,6.43321350642613
1,fitzgerald,1161,twain,7.437965750694275
1,fitzgerald,1162,train,3.921601454416911
1,fitzgerald,1162,baum,6.735275149345398
1,fitzgerald,1162,thompson,7.386971950531006
1,fitzgerald,1162,dickens,6.630758603413899
1,fitzgerald,1162,melville,7.834394137064616
1,fitzgerald,1162,wells,6.8230406443278
1,fitzgerald,1162,austen,6.788340250651042
1,fitzgerald,1162,fitzgerald,6.448133945465088
1,fitzgerald,1162,twain,7.449064165353775
1,fitzgerald,1163,train,3.8925995031992593
1,fitzgerald,1163,baum,6.700920462608337
1,fitzgerald,1163,thompson,7.376439213752747
1,fitzgerald,1163,dickens,6.612005869547526
1,fitzgerald,1163,melville,7.819197654724121
1,fitzgerald,1163,wells,6.7930943965911865
1,fitzgerald,1163,austen,6.754831631978353
1,fitzgerald,1163,fitzgerald,6.424275466373989
1,fitzgerald,1163,twain,7.431203782558441
1,fitzgerald,1164,train,3.8985480467478433
1,fitzgerald,1164,baum,6.716265797615051
1,fitzgerald,1164,thompson,7.388167977333069
1,fitzgerald,1164,dickens,6.6260917981465655
1,fitzgerald,1164,melville,7.837096797095405
1,fitzgerald,1164,wells,6.813067277272542
1,fitzgerald,1164,austen,6.781608422597249
1,fitzgerald,1164,fitzgerald,6.440324578966413
1,fitzgerald,1164,twain,7.452932476997375
1,fitzgerald,1165,train,3.942311604817709
1,fitzgerald,1165,baum,6.722831845283508
1,fitzgerald,1165,thompson,7.38990044593811
1,fitzgerald,1165,dickens,6.621012528737386
1,fitzgerald,1165,melville,7.833889272477892
1,fitzgerald,1165,wells,6.814308166503906
1,fitzgerald,1165,austen,6.786377271016439
1,fitzgerald,1165,fitzgerald,6.4437127113342285
1,fitzgerald,1165,twain,7.452338218688965
1,fitzgerald,1166,train,3.898968060811361
1,fitzgerald,1166,baum,6.708334565162659
1,fitzgerald,1166,thompson,7.387272357940674
1,fitzgerald,1166,dickens,6.61405070622762
1,fitzgerald,1166,melville,7.833226786719428
1,fitzgerald,1166,wells,6.803372859954834
1,fitzgerald,1166,austen,6.767228444417317
1,fitzgerald,1166,fitzgerald,6.434943880353655
1,fitzgerald,1166,twain,7.441368877887726
1,fitzgerald,1167,train,3.877362569173177
1,fitzgerald,1167,baum,6.72773289680481
1,fitzgerald,1167,thompson,7.386186718940735
1,fitzgerald,1167,dickens,6.625071366628011
1,fitzgerald,1167,melville,7.839576403299968
1,fitzgerald,1167,wells,6.815412918726604
1,fitzgerald,1167,austen,6.788264274597168
1,fitzgerald,1167,fitzgerald,6.442133835383824
1,fitzgerald,1167,twain,7.455890327692032
1,fitzgerald,1168,train,3.9209721088409424
1,fitzgerald,1168,baum,6.730527639389038
1,fitzgerald,1168,thompson,7.386162281036377
1,fitzgerald,1168,dickens,6.626646359761556
1,fitzgerald,1168,melville,7.842842843797472
1,fitzgerald,1168,wells,6.815250396728516
1,fitzgerald,1168,austen,6.787076632181804
1,fitzgerald,1168,fitzgerald,6.442866257258824
1,fitzgerald,1168,twain,7.451315462589264
1,fitzgerald,1169,train,3.855588436126709
1,fitzgerald,1169,baum,6.709624648094177
1,fitzgerald,1169,thompson,7.373885035514831
1,fitzgerald,1169,dickens,6.617120583852132
1,fitzgerald,1169,melville,7.831733597649468
1,fitzgerald,1169,wells,6.803499062856038
1,fitzgerald,1169,austen,6.765880425771077
1,fitzgerald,1169,fitzgerald,6.4320502281188965
1,fitzgerald,1169,twain,7.436821967363357
1,fitzgerald,1170,train,3.880595127741496
1,fitzgerald,1170,baum,6.7178062200546265
1,fitzgerald,1170,thompson,7.380185484886169
1,fitzgerald,1170,dickens,6.621031125386556
1,fitzgerald,1170,melville,7.825497468312581
1,fitzgerald,1170,wells,6.804679314295451
1,fitzgerald,1170,austen,6.770382722218831
1,fitzgerald,1170,fitzgerald,6.435473305838449
1,fitzgerald,1170,twain,7.43997785449028
1,fitzgerald,1171,train,3.887860059738159
1,fitzgerald,1171,baum,6.7332106828689575
1,fitzgerald,1171,thompson,7.3938068151474
1,fitzgerald,1171,dickens,6.631929556528728
1,fitzgerald,1171,melville,7.842110633850098
1,fitzgerald,1171,wells,6.821708997090657
1,fitzgerald,1171,austen,6.785889466603597
1,fitzgerald,1171,fitzgerald,6.450286728995187
1,fitzgerald,1171,twain,7.452445030212402
1,fitzgerald,1172,train,3.83756693204244
1,fitzgerald,1172,baum,6.725435972213745
1,fitzgerald,1172,thompson,7.393433451652527
1,fitzgerald,1172,dickens,6.624558448791504
1,fitzgerald,1172,melville,7.842091136508518
1,fitzgerald,1172,wells,6.817035754521688
1,fitzgerald,1172,austen,6.780596574147542
1,fitzgerald,1172,fitzgerald,6.446194853101458
1,fitzgerald,1172,twain,7.4535917937755585
1,fitzgerald,1173,train,3.882762749989828
1,fitzgerald,1173,baum,6.731633901596069
1,fitzgerald,1173,thompson,7.39212429523468
1,fitzgerald,1173,dickens,6.632236162821452
1,fitzgerald,1173,melville,7.8290696144104
1,fitzgerald,1173,wells,6.815278132756551
1,fitzgerald,1173,austen,6.786039670308431
1,fitzgerald,1173,fitzgerald,6.44550221306937
1,fitzgerald,1173,twain,7.448099792003632
1,fitzgerald,1174,train,3.892935991287232
1,fitzgerald,1174,baum,6.733470916748047
1,fitzgerald,1174,thompson,7.399923086166382
1,fitzgerald,1174,dickens,6.6315944989522295
1,fitzgerald,1174,melville,7.842251777648926
1,fitzgerald,1174,wells,6.8281928698221845
1,fitzgerald,1174,austen,6.790832440058391
1,fitzgerald,1174,fitzgerald,6.45059871673584
1,fitzgerald,1174,twain,7.455221980810165
1,fitzgerald,1175,train,3.887427488962809
1,fitzgerald,1175,baum,6.725590705871582
1,fitzgerald,1175,thompson,7.390809535980225
1,fitzgerald,1175,dickens,6.633409023284912
1,fitzgerald,1175,melville,7.839767879909939
1,fitzgerald,1175,wells,6.817523956298828
1,fitzgerald,1175,austen,6.79034701983134
1,fitzgerald,1175,fitzgerald,6.444172722952707
1,fitzgerald,1175,twain,7.451917618513107
1,fitzgerald,1176,train,3.8404641151428223
1,fitzgerald,1176,baum,6.729273676872253
1,fitzgerald,1176,thompson,7.400079369544983
1,fitzgerald,1176,dickens,6.6418083508809405
1,fitzgerald,1176,melville,7.844233830769856
1,fitzgerald,1176,wells,6.8208387692769366
1,fitzgerald,1176,austen,6.78586761156718
1,fitzgerald,1176,fitzgerald,6.446337086813791
1,fitzgerald,1176,twain,7.452875822782516
1,fitzgerald,1177,train,3.8896471659342446
1,fitzgerald,1177,baum,6.719231963157654
1,fitzgerald,1177,thompson,7.3868818283081055
1,fitzgerald,1177,dickens,6.629391988118489
1,fitzgerald,1177,melville,7.828792360093859
1,fitzgerald,1177,wells,6.812529484430949
1,fitzgerald,1177,austen,6.773989359537761
1,fitzgerald,1177,fitzgerald,6.43995155606951
1,fitzgerald,1177,twain,7.442465394735336
1,fitzgerald,1178,train,3.888413826624552
1,fitzgerald,1178,baum,6.726863741874695
1,fitzgerald,1178,thompson,7.38811469078064
1,fitzgerald,1178,dickens,6.633907159169515
1,fitzgerald,1178,melville,7.831448554992676
1,fitzgerald,1178,wells,6.811613241831462
1,fitzgerald,1178,austen,6.78430970509847
1,fitzgerald,1178,fitzgerald,6.444191864558628
1,fitzgerald,1178,twain,7.44036191701889
1,fitzgerald,1179,train,3.883152405420939
1,fitzgerald,1179,baum,6.737621426582336
1,fitzgerald,1179,thompson,7.409193992614746
1,fitzgerald,1179,dickens,6.644919236501058
1,fitzgerald,1179,melville,7.8633055157131615
1,fitzgerald,1179,wells,6.82921028137207
1,fitzgerald,1179,austen,6.800787528355916
1,fitzgerald,1179,fitzgerald,6.453958715711321
1,fitzgerald,1179,twain,7.460513591766357
1,fitzgerald,1180,train,3.841254552205404
1,fitzgerald,1180,baum,6.740245699882507
1,fitzgerald,1180,thompson,7.405942559242248
1,fitzgerald,1180,dickens,6.634175141652425
1,fitzgerald,1180,melville,7.844956133100721
1,fitzgerald,1180,wells,6.819520711898804
1,fitzgerald,1180,austen,6.794993797938029
1,fitzgerald,1180,fitzgerald,6.4500250816345215
1,fitzgerald,1180,twain,7.460229188203812
1,fitzgerald,1181,train,3.895052353541056
1,fitzgerald,1181,baum,6.740723371505737
1,fitzgerald,1181,thompson,7.406381368637085
1,fitzgerald,1181,dickens,6.626163959503174
1,fitzgerald,1181,melville,7.853618568844265
1,fitzgerald,1181,wells,6.826902310053508
1,fitzgerald,1181,austen,6.793498357137044
1,fitzgerald,1181,fitzgerald,6.455863748277936
1,fitzgerald,1181,twain,7.4647974371910095
1,fitzgerald,1182,train,3.806477149327596
1,fitzgerald,1182,baum,6.730084180831909
1,fitzgerald,1182,thompson,7.395476341247559
1,fitzgerald,1182,dickens,6.620665868123372
1,fitzgerald,1182,melville,7.8530150519476996
1,fitzgerald,1182,wells,6.819390217463176
1,fitzgerald,1182,austen,6.7894218762715655
1,fitzgerald,1182,fitzgerald,6.44746276310512
1,fitzgerald,1182,twain,7.459426790475845
1,fitzgerald,1183,train,3.860589424769084
1,fitzgerald,1183,baum,6.730734348297119
1,fitzgerald,1183,thompson,7.39410126209259
1,fitzgerald,1183,dickens,6.627703348795573
1,fitzgerald,1183,melville,7.839823563893636
1,fitzgerald,1183,wells,6.816883405049642
1,fitzgerald,1183,austen,6.786752144495647
1,fitzgerald,1183,fitzgerald,6.445493153163365
1,fitzgerald,1183,twain,7.448910057544708
1,fitzgerald,1184,train,3.8405683040618896
1,fitzgerald,1184,baum,6.7296518087387085
1,fitzgerald,1184,thompson,7.3962085247039795
1,fitzgerald,1184,dickens,6.628683725992839
1,fitzgerald,1184,melville,7.851793871985541
1,fitzgerald,1184,wells,6.828697522481282
1,fitzgerald,1184,austen,6.788352568944295
1,fitzgerald,1184,fitzgerald,6.454361574990409
1,fitzgerald,1184,twain,7.458236008882523
1,fitzgerald,1185,train,3.834779421488444
1,fitzgerald,1185,baum,6.721076965332031
1,fitzgerald,1185,thompson,7.385879278182983
1,fitzgerald,1185,dickens,6.624331792195638
1,fitzgerald,1185,melville,7.841939396328396
1,fitzgerald,1185,wells,6.814241329828898
1,fitzgerald,1185,austen,6.782301187515259
1,fitzgerald,1185,fitzgerald,6.445553983960833
1,fitzgerald,1185,twain,7.451410830020904
1,fitzgerald,1186,train,3.817316134770712
1,fitzgerald,1186,baum,6.738001227378845
1,fitzgerald,1186,thompson,7.401702880859375
1,fitzgerald,1186,dickens,6.641406536102295
1,fitzgerald,1186,melville,7.84705564710829
1,fitzgerald,1186,wells,6.827266693115234
1,fitzgerald,1186,austen,6.793917735417684
1,fitzgerald,1186,fitzgerald,6.455414431435721
1,fitzgerald,1186,twain,7.45598778128624
1,fitzgerald,1187,train,3.8478612899780273
1,fitzgerald,1187,baum,6.755978584289551
1,fitzgerald,1187,thompson,7.418669939041138
1,fitzgerald,1187,dickens,6.647856871287028
1,fitzgerald,1187,melville,7.86639388402303
1,fitzgerald,1187,wells,6.842943112055461
1,fitzgerald,1187,austen,6.812337795893352
1,fitzgerald,1187,fitzgerald,6.465552806854248
1,fitzgerald,1187,twain,7.472016930580139
1,fitzgerald,1188,train,3.855468193689982
1,fitzgerald,1188,baum,6.749056577682495
1,fitzgerald,1188,thompson,7.408979415893555
1,fitzgerald,1188,dickens,6.644171396891276
1,fitzgerald,1188,melville,7.855309963226318
1,fitzgerald,1188,wells,6.823748270670573
1,fitzgerald,1188,austen,6.801696141560872
1,fitzgerald,1188,fitzgerald,6.455311979566302
1,fitzgerald,1188,twain,7.461164474487305
1,fitzgerald,1189,train,3.8963542779286704
1,fitzgerald,1189,baum,6.734957456588745
1,fitzgerald,1189,thompson,7.4108887910842896
1,fitzgerald,1189,dickens,6.637370427449544
1,fitzgerald,1189,melville,7.855813821156819
1,fitzgerald,1189,wells,6.820193688074748
1,fitzgerald,1189,austen,6.784639676411946
1,fitzgerald,1189,fitzgerald,6.452857903071812
1,fitzgerald,1189,twain,7.454955488443375
1,fitzgerald,1190,train,3.8164803187052407
1,fitzgerald,1190,baum,6.733090877532959
1,fitzgerald,1190,thompson,7.403877854347229
1,fitzgerald,1190,dickens,6.632798671722412
1,fitzgerald,1190,melville,7.849607838524712
1,fitzgerald,1190,wells,6.813287337621053
1,fitzgerald,1190,austen,6.783181031545003
1,fitzgerald,1190,fitzgerald,6.44639778137207
1,fitzgerald,1190,twain,7.452715396881103
1,fitzgerald,1191,train,3.841830253601074
1,fitzgerald,1191,baum,6.733122229576111
1,fitzgerald,1191,thompson,7.400772213935852
1,fitzgerald,1191,dickens,6.629538059234619
1,fitzgerald,1191,melville,7.84904760784573
1,fitzgerald,1191,wells,6.809084177017212
1,fitzgerald,1191,austen,6.7847239176432295
1,fitzgerald,1191,fitzgerald,6.442474501473563
1,fitzgerald,1191,twain,7.452785670757294
1,fitzgerald,1192,train,3.862767537434896
1,fitzgerald,1192,baum,6.736979603767395
1,fitzgerald,1192,thompson,7.408636689186096
1,fitzgerald,1192,dickens,6.638966719309489
1,fitzgerald,1192,melville,7.853199905819363
1,fitzgerald,1192,wells,6.821536938349406
1,fitzgerald,1192,austen,6.79182489713033
1,fitzgerald,1192,fitzgerald,6.451958792550223
1,fitzgerald,1192,twain,7.453556656837463
1,fitzgerald,1193,train,3.900592962900797
1,fitzgerald,1193,baum,6.741744995117188
1,fitzgerald,1193,thompson,7.410978198051453
1,fitzgerald,1193,dickens,6.645654678344727
1,fitzgerald,1193,melville,7.862384372287327
1,fitzgerald,1193,wells,6.835249423980713
1,fitzgerald,1193,austen,6.805683374404907
1,fitzgerald,1193,fitzgerald,6.458026477268764
1,fitzgerald,1193,twain,7.466264128684998
1,fitzgerald,1194,train,3.867689689000448
1,fitzgerald,1194,baum,6.754148483276367
1,fitzgerald,1194,thompson,7.423895239830017
1,fitzgerald,1194,dickens,6.656883875528972
1,fitzgerald,1194,melville,7.869540744357639
1,fitzgerald,1194,wells,6.846024592717488
1,fitzgerald,1194,austen,6.810587485631307
1,fitzgerald,1194,fitzgerald,6.465358121054513
1,fitzgerald,1194,twain,7.473058998584747
1,fitzgerald,1195,train,3.835508823394776
1,fitzgerald,1195,baum,6.750510573387146
1,fitzgerald,1195,thompson,7.416308164596558
1,fitzgerald,1195,dickens,6.651837666829427
1,fitzgerald,1195,melville,7.86207644144694
1,fitzgerald,1195,wells,6.843234221140544
1,fitzgerald,1195,austen,6.808307568232219
1,fitzgerald,1195,fitzgerald,6.463507652282715
1,fitzgerald,1195,twain,7.474028199911117
1,fitzgerald,1196,train,3.83670441309611
1,fitzgerald,1196,baum,6.747232675552368
1,fitzgerald,1196,thompson,7.411003470420837
1,fitzgerald,1196,dickens,6.645362377166748
1,fitzgerald,1196,melville,7.866015964084202
1,fitzgerald,1196,wells,6.841330766677856
1,fitzgerald,1196,austen,6.808272997538249
1,fitzgerald,1196,fitzgerald,6.461502483912876
1,fitzgerald,1196,twain,7.477567881345749
1,fitzgerald,1197,train,3.848931312561035
1,fitzgerald,1197,baum,6.74193799495697
1,fitzgerald,1197,thompson,7.405918002128601
1,fitzgerald,1197,dickens,6.640774091084798
1,fitzgerald,1197,melville,7.861262215508355
1,fitzgerald,1197,wells,6.831112305323283
1,fitzgerald,1197,austen,6.797344605127971
1,fitzgerald,1197,fitzgerald,6.456543718065534
1,fitzgerald,1197,twain,7.468703836202621
1,fitzgerald,1198,train,3.786196708679199
1,fitzgerald,1198,baum,6.750297427177429
1,fitzgerald,1198,thompson,7.410576701164246
1,fitzgerald,1198,dickens,6.649929523468018
1,fitzgerald,1198,melville,7.859690189361572
1,fitzgerald,1198,wells,6.830196857452393
1,fitzgerald,1198,austen,6.802065134048462
1,fitzgerald,1198,fitzgerald,6.45868832724435
1,fitzgerald,1198,twain,7.468650132417679
1,fitzgerald,1199,train,3.834412892659506
1,fitzgerald,1199,baum,6.771415591239929
1,fitzgerald,1199,thompson,7.431444525718689
1,fitzgerald,1199,dickens,6.668050924936931
1,fitzgerald,1199,melville,7.878147496117486
1,fitzgerald,1199,wells,6.85711654027303
1,fitzgerald,1199,austen,6.826128085454305
1,fitzgerald,1199,fitzgerald,6.475142274584089
1,fitzgerald,1199,twain,7.486696094274521
1,fitzgerald,1200,train,3.778559605280558
1,fitzgerald,1200,baum,6.752910137176514
1,fitzgerald,1200,thompson,7.417752981185913
1,fitzgerald,1200,dickens,6.650185426076253
1,fitzgerald,1200,melville,7.8653579288058815
1,fitzgerald,1200,wells,6.841010173161824
1,fitzgerald,1200,austen,6.811341842015584
1,fitzgerald,1200,fitzgerald,6.463018485477993
1,fitzgerald,1200,twain,7.473579615354538
1,fitzgerald,1201,train,3.813475767771403
1,fitzgerald,1201,baum,6.748403549194336
1,fitzgerald,1201,thompson,7.410553693771362
1,fitzgerald,1201,dickens,6.652790387471517
1,fitzgerald,1201,melville,7.858086480034722
1,fitzgerald,1201,wells,6.831355810165405
1,fitzgerald,1201,austen,6.801324446996053
1,fitzgerald,1201,fitzgerald,6.4595833505902975
1,fitzgerald,1201,twain,7.463688015937805
1,fitzgerald,1202,train,3.8384388287862143
1,fitzgerald,1202,baum,6.74978506565094
1,fitzgerald,1202,thompson,7.424109935760498
1,fitzgerald,1202,dickens,6.650996685028076
1,fitzgerald,1202,melville,7.876381715138753
1,fitzgerald,1202,wells,6.840995152791341
1,fitzgerald,1202,austen,6.803381681442261
1,fitzgerald,1202,fitzgerald,6.466036524091448
1,fitzgerald,1202,twain,7.475638747215271
1,fitzgerald,1203,train,3.817453622817993
1,fitzgerald,1203,baum,6.757841348648071
1,fitzgerald,1203,thompson,7.41839063167572
1,fitzgerald,1203,dickens,6.660038948059082
1,fitzgerald,1203,melville,7.867565419938829
1,fitzgerald,1203,wells,6.841047128041585
1,fitzgerald,1203,austen,6.810006459554036
1,fitzgerald,1203,fitzgerald,6.467705862862723
1,fitzgerald,1203,twain,7.475611299276352
1,fitzgerald,1204,train,3.8391005198160806
1,fitzgerald,1204,baum,6.753316640853882
1,fitzgerald,1204,thompson,7.416483283042908
1,fitzgerald,1204,dickens,6.6658562024434405
1,fitzgerald,1204,melville,7.867172876993815
1,fitzgerald,1204,wells,6.837280750274658
1,fitzgerald,1204,austen,6.80978798866272
1,fitzgerald,1204,fitzgerald,6.463629177638462
1,fitzgerald,1204,twain,7.47498431801796
1,fitzgerald,1205,train,3.855565627415975
1,fitzgerald,1205,baum,6.740533351898193
1,fitzgerald,1205,thompson,7.4115904569625854
1,fitzgerald,1205,dickens,6.651198069254558
1,fitzgerald,1205,melville,7.865379757351345
1,fitzgerald,1205,wells,6.831999222437541
1,fitzgerald,1205,austen,6.804750919342041
1,fitzgerald,1205,fitzgerald,6.457152707236154
1,fitzgerald,1205,twain,7.473832964897156
1,fitzgerald,1206,train,3.815638065338135
1,fitzgerald,1206,baum,6.763879299163818
1,fitzgerald,1206,thompson,7.421901226043701
1,fitzgerald,1206,dickens,6.659217198689778
1,fitzgerald,1206,melville,7.868368731604682
1,fitzgerald,1206,wells,6.84827995300293
1,fitzgerald,1206,austen,6.820482969284058
1,fitzgerald,1206,fitzgerald,6.474728311811175
1,fitzgerald,1206,twain,7.478799253702164
1,fitzgerald,1207,train,3.87209685643514
1,fitzgerald,1207,baum,6.76413357257843
1,fitzgerald,1207,thompson,7.4242103099823
1,fitzgerald,1207,dickens,6.66126823425293
1,fitzgerald,1207,melville,7.876193205515544
1,fitzgerald,1207,wells,6.842869599660237
1,fitzgerald,1207,austen,6.821195125579834
1,fitzgerald,1207,fitzgerald,6.46999979019165
1,fitzgerald,1207,twain,7.480830192565918
1,fitzgerald,1208,train,3.80026110013326
1,fitzgerald,1208,baum,6.748712062835693
1,fitzgerald,1208,thompson,7.417222619056702
1,fitzgerald,1208,dickens,6.661600907643636
1,fitzgerald,1208,melville,7.875908851623535
1,fitzgerald,1208,wells,6.842732747395833
1,fitzgerald,1208,austen,6.813894669214885
1,fitzgerald,1208,fitzgerald,6.466087545667376
1,fitzgerald,1208,twain,7.47907492518425
1,fitzgerald,1209,train,3.836476961771647
1,fitzgerald,1209,baum,6.755019187927246
1,fitzgerald,1209,thompson,7.426383018493652
1,fitzgerald,1209,dickens,6.65893014272054
1,fitzgerald,1209,melville,7.869706524742974
1,fitzgerald,1209,wells,6.84662659962972
1,fitzgerald,1209,austen,6.811069806416829
1,fitzgerald,1209,fitzgerald,6.471036774771554
1,fitzgerald,1209,twain,7.47992929816246
1,fitzgerald,1210,train,3.849839528401693
1,fitzgerald,1210,baum,6.752098321914673
1,fitzgerald,1210,thompson,7.416986465454102
1,fitzgerald,1210,dickens,6.661701361338298
1,fitzgerald,1210,melville,7.865251435173882
1,fitzgerald,1210,wells,6.837874015172322
1,fitzgerald,1210,austen,6.809080759684245
1,fitzgerald,1210,fitzgerald,6.465213435036795
1,fitzgerald,1210,twain,7.475699603557587
1,fitzgerald,1211,train,3.789548476537069
1,fitzgerald,1211,baum,6.751822829246521
1,fitzgerald,1211,thompson,7.424979209899902
1,fitzgerald,1211,dickens,6.664877096811931
1,fitzgerald,1211,melville,7.885596646202935
1,fitzgerald,1211,wells,6.84567125638326
1,fitzgerald,1211,austen,6.810957670211792
1,fitzgerald,1211,fitzgerald,6.468537466866629
1,fitzgerald,1211,twain,7.4842492043972015
1,fitzgerald,1212,train,3.828726530075073
1,fitzgerald,1212,baum,6.7689642906188965
1,fitzgerald,1212,thompson,7.427276611328125
1,fitzgerald,1212,dickens,6.669142564137776
1,fitzgerald,1212,melville,7.873510042826335
1,fitzgerald,1212,wells,6.851319233576457
1,fitzgerald,1212,austen,6.819167057673137
1,fitzgerald,1212,fitzgerald,6.4733734130859375
1,fitzgerald,1212,twain,7.48557510972023
1,fitzgerald,1213,train,3.886752684911092
1,fitzgerald,1213,baum,6.774988174438477
1,fitzgerald,1213,thompson,7.436814188957214
1,fitzgerald,1213,dickens,6.671643575032552
1,fitzgerald,1213,melville,7.8783680068122015
1,fitzgerald,1213,wells,6.85310173034668
1,fitzgerald,1213,austen,6.820519129435222
1,fitzgerald,1213,fitzgerald,6.476984773363386
1,fitzgerald,1213,twain,7.485786408185959
1,fitzgerald,1214,train,3.816465616226196
1,fitzgerald,1214,baum,6.7640380859375
1,fitzgerald,1214,thompson,7.432674169540405
1,fitzgerald,1214,dickens,6.6674009958903
1,fitzgerald,1214,melville,7.883199426862928
1,fitzgerald,1214,wells,6.848198731740316
1,fitzgerald,1214,austen,6.819951136906941
1,fitzgerald,1214,fitzgerald,6.472954545702253
1,fitzgerald,1214,twain,7.482595443725586
1,fitzgerald,1215,train,3.799530824025472
1,fitzgerald,1215,baum,6.774498462677002
1,fitzgerald,1215,thompson,7.442816853523254
1,fitzgerald,1215,dickens,6.675084749857585
1,fitzgerald,1215,melville,7.882334338294135
1,fitzgerald,1215,wells,6.856657981872559
1,fitzgerald,1215,austen,6.826744556427002
1,fitzgerald,1215,fitzgerald,6.480487482888358
1,fitzgerald,1215,twain,7.490743905305862
1,fitzgerald,1216,train,3.8577121098836265
1,fitzgerald,1216,baum,6.772881627082825
1,fitzgerald,1216,thompson,7.442890405654907
1,fitzgerald,1216,dickens,6.668604214986165
1,fitzgerald,1216,melville,7.899437480502659
1,fitzgerald,1216,wells,6.864581982294719
1,fitzgerald,1216,austen,6.8278435071309405
1,fitzgerald,1216,fitzgerald,6.480645929064069
1,fitzgerald,1216,twain,7.498665779829025
1,fitzgerald,1217,train,3.833746592203776
1,fitzgerald,1217,baum,6.776614308357239
1,fitzgerald,1217,thompson,7.435489296913147
1,fitzgerald,1217,dickens,6.667713801066081
1,fitzgerald,1217,melville,7.888429164886475
1,fitzgerald,1217,wells,6.857267379760742
1,fitzgerald,1217,austen,6.831317504247029
1,fitzgerald,1217,fitzgerald,6.474977016448975
1,fitzgerald,1217,twain,7.494505435228348
1,fitzgerald,1218,train,3.816313982009888
1,fitzgerald,1218,baum,6.760958433151245
1,fitzgerald,1218,thompson,7.432959914207458
1,fitzgerald,1218,dickens,6.661271890004476
1,fitzgerald,1218,melville,7.883818626403809
1,fitzgerald,1218,wells,6.848719755808513
1,fitzgerald,1218,austen,6.818649609883626
1,fitzgerald,1218,fitzgerald,6.471536295754569
1,fitzgerald,1218,twain,7.487005174160004
1,fitzgerald,1219,train,3.786880095799764
1,fitzgerald,1219,baum,6.767544746398926
1,fitzgerald,1219,thompson,7.442166447639465
1,fitzgerald,1219,dickens,6.66733185450236
1,fitzgerald,1219,melville,7.893571535746257
1,fitzgerald,1219,wells,6.858233610788981
1,fitzgerald,1219,austen,6.829982439676921
1,fitzgerald,1219,fitzgerald,6.478818689073835
1,fitzgerald,1219,twain,7.500241994857788
1,fitzgerald,1220,train,3.802237749099731
1,fitzgerald,1220,baum,6.787408113479614
1,fitzgerald,1220,thompson,7.450896978378296
1,fitzgerald,1220,dickens,6.681350866953532
1,fitzgerald,1220,melville,7.896155728234185
1,fitzgerald,1220,wells,6.870837767918904
1,fitzgerald,1220,austen,6.841782410939534
1,fitzgerald,1220,fitzgerald,6.487035070146833
1,fitzgerald,1220,twain,7.508614718914032
1,fitzgerald,1221,train,3.8308303356170654
1,fitzgerald,1221,baum,6.780655741691589
1,fitzgerald,1221,thompson,7.445126295089722
1,fitzgerald,1221,dickens,6.679212252298991
1,fitzgerald,1221,melville,7.896114243401421
1,fitzgerald,1221,wells,6.867981036504109
1,fitzgerald,1221,austen,6.83274491628011
1,fitzgerald,1221,fitzgerald,6.484940665108817
1,fitzgerald,1221,twain,7.499781191349029
1,fitzgerald,1222,train,3.802583773930868
1,fitzgerald,1222,baum,6.761632204055786
1,fitzgerald,1222,thompson,7.427691340446472
1,fitzgerald,1222,dickens,6.667823473612468
1,fitzgerald,1222,melville,7.878837797376844
1,fitzgerald,1222,wells,6.846701780954997
1,fitzgerald,1222,austen,6.816335121790568
1,fitzgerald,1222,fitzgerald,6.470677852630615
1,fitzgerald,1222,twain,7.483182609081268
1,fitzgerald,1223,train,3.7940638065338135
1,fitzgerald,1223,baum,6.7757357358932495
1,fitzgerald,1223,thompson,7.436460137367248
1,fitzgerald,1223,dickens,6.667642752329509
1,fitzgerald,1223,melville,7.883925014071995
1,fitzgerald,1223,wells,6.847467343012492
1,fitzgerald,1223,austen,6.820525487263997
1,fitzgerald,1223,fitzgerald,6.472971371241978
1,fitzgerald,1223,twain,7.486995339393616
1,fitzgerald,1224,train,3.8128292560577393
1,fitzgerald,1224,baum,6.79543924331665
1,fitzgerald,1224,thompson,7.4601863622665405
1,fitzgerald,1224,dickens,6.680348873138428
1,fitzgerald,1224,melville,7.901613023546007
1,fitzgerald,1224,wells,6.867535034815471
1,fitzgerald,1224,austen,6.838486591974895
1,fitzgerald,1224,fitzgerald,6.488512107304165
1,fitzgerald,1224,twain,7.503108114004135
1,fitzgerald,1225,train,3.8108413219451904
1,fitzgerald,1225,baum,6.758548021316528
1,fitzgerald,1225,thompson,7.432960867881775
1,fitzgerald,1225,dickens,6.6558146476745605
1,fitzgerald,1225,melville,7.881533781687419
1,fitzgerald,1225,wells,6.848634799321492
1,fitzgerald,1225,austen,6.821677207946777
1,fitzgerald,1225,fitzgerald,6.470311164855957
1,fitzgerald,1225,twain,7.487770527601242
1,fitzgerald,1226,train,3.817017555236816
1,fitzgerald,1226,baum,6.774754524230957
1,fitzgerald,1226,thompson,7.441416263580322
1,fitzgerald,1226,dickens,6.668178081512451
1,fitzgerald,1226,melville,7.885599931081136
1,fitzgerald,1226,wells,6.8568221728007
1,fitzgerald,1226,austen,6.827408949534099
1,fitzgerald,1226,fitzgerald,6.474200316837856
1,fitzgerald,1226,twain,7.4918540716171265
1,fitzgerald,1227,train,3.836684862772624
1,fitzgerald,1227,baum,6.78536057472229
1,fitzgerald,1227,thompson,7.447932481765747
1,fitzgerald,1227,dickens,6.674488226572673
1,fitzgerald,1227,melville,7.901987128787571
1,fitzgerald,1227,wells,6.869886477788289
1,fitzgerald,1227,austen,6.8403496742248535
1,fitzgerald,1227,fitzgerald,6.484192030770438
1,fitzgerald,1227,twain,7.504558593034744
1,fitzgerald,1228,train,3.752918561299642
1,fitzgerald,1228,baum,6.772631168365479
1,fitzgerald,1228,thompson,7.435604214668274
1,fitzgerald,1228,dickens,6.669519265492757
1,fitzgerald,1228,melville,7.884057309892443
1,fitzgerald,1228,wells,6.855333010355632
1,fitzgerald,1228,austen,6.830492893854777
1,fitzgerald,1228,fitzgerald,6.478221348353794
1,fitzgerald,1228,twain,7.489104360342026
1,fitzgerald,1229,train,3.789685408274333
1,fitzgerald,1229,baum,6.7916611433029175
1,fitzgerald,1229,thompson,7.45949912071228
1,fitzgerald,1229,dickens,6.687010606129964
1,fitzgerald,1229,melville,7.90448358323839
1,fitzgerald,1229,wells,6.871902227401733
1,fitzgerald,1229,austen,6.844165325164795
1,fitzgerald,1229,fitzgerald,6.491409846714565
1,fitzgerald,1229,twain,7.505930095911026
1,fitzgerald,1230,train,3.7903727690378815
1,fitzgerald,1230,baum,6.790139675140381
1,fitzgerald,1230,thompson,7.459287405014038
1,fitzgerald,1230,dickens,6.678266366322835
1,fitzgerald,1230,melville,7.916904290517171
1,fitzgerald,1230,wells,6.878010272979736
1,fitzgerald,1230,austen,6.848406394322713
1,fitzgerald,1230,fitzgerald,6.492593629019601
1,fitzgerald,1230,twain,7.520079284906387
1,fitzgerald,1231,train,3.7874913215637207
1,fitzgerald,1231,baum,6.7753061056137085
1,fitzgerald,1231,thompson,7.437665939331055
1,fitzgerald,1231,dickens,6.674654960632324
1,fitzgerald,1231,melville,7.901825745900472
1,fitzgerald,1231,wells,6.863671779632568
1,fitzgerald,1231,austen,6.834011872609456
1,fitzgerald,1231,fitzgerald,6.482068879263742
1,fitzgerald,1231,twain,7.502975761890411
1,fitzgerald,1232,train,3.822199980417887
1,fitzgerald,1232,baum,6.777597546577454
1,fitzgerald,1232,thompson,7.444263577461243
1,fitzgerald,1232,dickens,6.669370015462239
1,fitzgerald,1232,melville,7.892199251386854
1,fitzgerald,1232,wells,6.860839605331421
1,fitzgerald,1232,austen,6.826908985773723
1,fitzgerald,1232,fitzgerald,6.480744293757847
1,fitzgerald,1232,twain,7.497891634702682
1,fitzgerald,1233,train,3.7821101347605386
1,fitzgerald,1233,baum,6.788593411445618
1,fitzgerald,1233,thompson,7.453600764274597
1,fitzgerald,1233,dickens,6.676555315653483
1,fitzgerald,1233,melville,7.907872941758898
1,fitzgerald,1233,wells,6.879353284835815
1,fitzgerald,1233,austen,6.842276970545451
1,fitzgerald,1233,fitzgerald,6.489087649754116
1,fitzgerald,1233,twain,7.513039797544479
1,fitzgerald,1234,train,3.789421717325846
1,fitzgerald,1234,baum,6.785730600357056
1,fitzgerald,1234,thompson,7.451946258544922
1,fitzgerald,1234,dickens,6.68170181910197
1,fitzgerald,1234,melville,7.907098028394911
1,fitzgerald,1234,wells,6.869411865870158
1,fitzgerald,1234,austen,6.844438791275024
1,fitzgerald,1234,fitzgerald,6.48847416469029
1,fitzgerald,1234,twain,7.510486394166946
1,fitzgerald,1235,train,3.781195799509684
1,fitzgerald,1235,baum,6.78056800365448
1,fitzgerald,1235,thompson,7.442660808563232
1,fitzgerald,1235,dickens,6.679198106129964
1,fitzgerald,1235,melville,7.899363888634576
1,fitzgerald,1235,wells,6.860036134719849
1,fitzgerald,1235,austen,6.843683242797852
1,fitzgerald,1235,fitzgerald,6.482343333108084
1,fitzgerald,1235,twain,7.503199756145477
1,fitzgerald,1236,train,3.7616745630900064
1,fitzgerald,1236,baum,6.802928447723389
1,fitzgerald,1236,thompson,7.464395761489868
1,fitzgerald,1236,dickens,6.690646807352702
1,fitzgerald,1236,melville,7.92237016889784
1,fitzgerald,1236,wells,6.892684618631999
1,fitzgerald,1236,austen,6.860458215077718
1,fitzgerald,1236,fitzgerald,6.500782557896206
1,fitzgerald,1236,twain,7.525936812162399
1,fitzgerald,1237,train,3.807812452316284
1,fitzgerald,1237,baum,6.8122100830078125
1,fitzgerald,1237,thompson,7.471062541007996
1,fitzgerald,1237,dickens,6.697240352630615
1,fitzgerald,1237,melville,7.915860705905491
1,fitzgerald,1237,wells,6.892218510309855
1,fitzgerald,1237,austen,6.862076838811238
1,fitzgerald,1237,fitzgerald,6.504949910300119
1,fitzgerald,1237,twain,7.526386022567749
1,fitzgerald,1238,train,3.762123187383016
1,fitzgerald,1238,baum,6.810536623001099
1,fitzgerald,1238,thompson,7.475662469863892
1,fitzgerald,1238,dickens,6.693630218505859
1,fitzgerald,1238,melville,7.922753651936849
1,fitzgerald,1238,wells,6.885983308156331
1,fitzgerald,1238,austen,6.855303366978963
1,fitzgerald,1238,fitzgerald,6.503308500562396
1,fitzgerald,1238,twain,7.521196335554123
1,fitzgerald,1239,train,3.7422125339508057
1,fitzgerald,1239,baum,6.809977412223816
1,fitzgerald,1239,thompson,7.47490382194519
1,fitzgerald,1239,dickens,6.697099367777507
1,fitzgerald,1239,melville,7.932681719462077
1,fitzgerald,1239,wells,6.88776445388794
1,fitzgerald,1239,austen,6.858395258585612
1,fitzgerald,1239,fitzgerald,6.502506664821079
1,fitzgerald,1239,twain,7.52822083234787
1,fitzgerald,1240,train,3.797762950261434
1,fitzgerald,1240,baum,6.804964184761047
1,fitzgerald,1240,thompson,7.468084454536438
1,fitzgerald,1240,dickens,6.698728561401367
1,fitzgerald,1240,melville,7.919423368242052
1,fitzgerald,1240,wells,6.880384604136149
1,fitzgerald,1240,austen,6.857632716496785
1,fitzgerald,1240,fitzgerald,6.498430660792759
1,fitzgerald,1240,twain,7.519941180944443
1,fitzgerald,1241,train,3.791215419769287
1,fitzgerald,1241,baum,6.821545362472534
1,fitzgerald,1241,thompson,7.486823081970215
1,fitzgerald,1241,dickens,6.711408774058024
1,fitzgerald,1241,melville,7.9313680330912275
1,fitzgerald,1241,wells,6.896953185399373
1,fitzgerald,1241,austen,6.871420780817668
1,fitzgerald,1241,fitzgerald,6.511253901890346
1,fitzgerald,1241,twain,7.531309098005295
1,fitzgerald,1242,train,3.754754384358724
1,fitzgerald,1242,baum,6.806585073471069
1,fitzgerald,1242,thompson,7.467595815658569
1,fitzgerald,1242,dickens,6.699580828348796
1,fitzgerald,1242,melville,7.905873192681207
1,fitzgerald,1242,wells,6.881639798482259
1,fitzgerald,1242,austen,6.856037696202596
1,fitzgerald,1242,fitzgerald,6.4999308586120605
1,fitzgerald,1242,twain,7.519681394100189
1,fitzgerald,1243,train,3.802621126174927
1,fitzgerald,1243,baum,6.796355724334717
1,fitzgerald,1243,thompson,7.459571480751038
1,fitzgerald,1243,dickens,6.69137175877889
1,fitzgerald,1243,melville,7.911862267388238
1,fitzgerald,1243,wells,6.8834638595581055
1,fitzgerald,1243,austen,6.847579876581828
1,fitzgerald,1243,fitzgerald,6.497579710824149
1,fitzgerald,1243,twain,7.516378879547119
1,fitzgerald,1244,train,3.805170218149821
1,fitzgerald,1244,baum,6.815096974372864
1,fitzgerald,1244,thompson,7.469367742538452
1,fitzgerald,1244,dickens,6.704316933949788
1,fitzgerald,1244,melville,7.929885334438747
1,fitzgerald,1244,wells,6.895606358846028
1,fitzgerald,1244,austen,6.870191653569539
1,fitzgerald,1244,fitzgerald,6.507871900285993
1,fitzgerald,1244,twain,7.530967116355896
1,fitzgerald,1245,train,3.789011478424072
1,fitzgerald,1245,baum,6.798907041549683
1,fitzgerald,1245,thompson,7.459133982658386
1,fitzgerald,1245,dickens,6.690629800160726
1,fitzgerald,1245,melville,7.915111700693767
1,fitzgerald,1245,wells,6.878987232844035
1,fitzgerald,1245,austen,6.85523533821106
1,fitzgerald,1245,fitzgerald,6.495135647909982
1,fitzgerald,1245,twain,7.521315097808838
1,fitzgerald,1246,train,3.806218385696411
1,fitzgerald,1246,baum,6.813936114311218
1,fitzgerald,1246,thompson,7.474683403968811
1,fitzgerald,1246,dickens,6.710705916086833
1,fitzgerald,1246,melville,7.927395873599583
1,fitzgerald,1246,wells,6.891368945439656
1,fitzgerald,1246,austen,6.861398061116536
1,fitzgerald,1246,fitzgerald,6.5030348641531805
1,fitzgerald,1246,twain,7.527769535779953
1,fitzgerald,1247,train,3.7753369013468414
1,fitzgerald,1247,baum,6.832186460494995
1,fitzgerald,1247,thompson,7.491667151451111
1,fitzgerald,1247,dickens,6.719810167948405
1,fitzgerald,1247,melville,7.949277295006646
1,fitzgerald,1247,wells,6.910340070724487
1,fitzgerald,1247,austen,6.884215434392293
1,fitzgerald,1247,fitzgerald,6.516834872109549
1,fitzgerald,1247,twain,7.551818758249283
1,fitzgerald,1248,train,3.733412901560465
1,fitzgerald,1248,baum,6.818065881729126
1,fitzgerald,1248,thompson,7.483327746391296
1,fitzgerald,1248,dickens,6.707910219828288
1,fitzgerald,1248,melville,7.945201290978326
1,fitzgerald,1248,wells,6.90446146329244
1,fitzgerald,1248,austen,6.877969106038411
1,fitzgerald,1248,fitzgerald,6.511924198695591
1,fitzgerald,1248,twain,7.542698234319687
1,fitzgerald,1249,train,3.723452885945638
1,fitzgerald,1249,baum,6.816330909729004
1,fitzgerald,1249,thompson,7.481436371803284
1,fitzgerald,1249,dickens,6.701395193735759
1,fitzgerald,1249,melville,7.93162547217475
1,fitzgerald,1249,wells,6.893316348393758
1,fitzgerald,1249,austen,6.865224043528239
1,fitzgerald,1249,fitzgerald,6.505983761378697
1,fitzgerald,1249,twain,7.530434131622314
1,fitzgerald,1250,train,3.8138461907704673
1,fitzgerald,1250,baum,6.811889886856079
1,fitzgerald,1250,thompson,7.475933313369751
1,fitzgerald,1250,dickens,6.698525587717692
1,fitzgerald,1250,melville,7.930825975206163
1,fitzgerald,1250,wells,6.892330567042033
1,fitzgerald,1250,austen,6.866580247879028
1,fitzgerald,1250,fitzgerald,6.503699507032122
1,fitzgerald,1250,twain,7.533194035291672
1,fitzgerald,1251,train,3.744369983673096
1,fitzgerald,1251,baum,6.8167455196380615
1,fitzgerald,1251,thompson,7.481234669685364
1,fitzgerald,1251,dickens,6.716594537099202
1,fitzgerald,1251,melville,7.925591786702474
1,fitzgerald,1251,wells,6.901105483373006
1,fitzgerald,1251,austen,6.870157877604167
1,fitzgerald,1251,fitzgerald,6.510046550205776
1,fitzgerald,1251,twain,7.531208753585815
1,fitzgerald,1252,train,3.728782892227173
1,fitzgerald,1252,baum,6.8101948499679565
1,fitzgerald,1252,thompson,7.479378461837768
1,fitzgerald,1252,dickens,6.710670312245687
1,fitzgerald,1252,melville,7.92089483473036
1,fitzgerald,1252,wells,6.895049889882405
1,fitzgerald,1252,austen,6.863974412282308
1,fitzgerald,1252,fitzgerald,6.504783085414341
1,fitzgerald,1252,twain,7.526378631591797
1,fitzgerald,1253,train,3.776243766148885
1,fitzgerald,1253,baum,6.804377913475037
1,fitzgerald,1253,thompson,7.470174312591553
1,fitzgerald,1253,dickens,6.706238587697347
1,fitzgerald,1253,melville,7.924427933163113
1,fitzgerald,1253,wells,6.885778188705444
1,fitzgerald,1253,austen,6.862595081329346
1,fitzgerald,1253,fitzgerald,6.500517504555838
1,fitzgerald,1253,twain,7.521407455205917
1,fitzgerald,1254,train,3.780176162719727
1,fitzgerald,1254,baum,6.8258198499679565
1,fitzgerald,1254,thompson,7.495714783668518
1,fitzgerald,1254,dickens,6.717353502909343
1,fitzgerald,1254,melville,7.942318598429362
1,fitzgerald,1254,wells,6.9005982875823975
1,fitzgerald,1254,austen,6.87439242998759
1,fitzgerald,1254,fitzgerald,6.515904835292271
1,fitzgerald,1254,twain,7.537144958972931
1,fitzgerald,1255,train,3.714252312978109
1,fitzgerald,1255,baum,6.8325115442276
1,fitzgerald,1255,thompson,7.497964143753052
1,fitzgerald,1255,dickens,6.714839935302734
1,fitzgerald,1255,melville,7.946070141262478
1,fitzgerald,1255,wells,6.915432294209798
1,fitzgerald,1255,austen,6.883991718292236
1,fitzgerald,1255,fitzgerald,6.5236592292785645
1,fitzgerald,1255,twain,7.550583273172378
1,fitzgerald,1256,train,3.750852108001709
1,fitzgerald,1256,baum,6.814683198928833
1,fitzgerald,1256,thompson,7.485077261924744
1,fitzgerald,1256,dickens,6.706701437632243
1,fitzgerald,1256,melville,7.933280573950873
1,fitzgerald,1256,wells,6.898321787516276
1,fitzgerald,1256,austen,6.870136419932048
1,fitzgerald,1256,fitzgerald,6.512834957667759
1,fitzgerald,1256,twain,7.535922288894653
1,fitzgerald,1257,train,3.714719851811727
1,fitzgerald,1257,baum,6.807796597480774
1,fitzgerald,1257,thompson,7.483806014060974
1,fitzgerald,1257,dickens,6.701123237609863
1,fitzgerald,1257,melville,7.940778626335992
1,fitzgerald,1257,wells,6.890159209569295
1,fitzgerald,1257,austen,6.862889210383098
1,fitzgerald,1257,fitzgerald,6.5071636608668735
1,fitzgerald,1257,twain,7.529513776302338
1,fitzgerald,1258,train,3.739636580149333
1,fitzgerald,1258,baum,6.82963240146637
1,fitzgerald,1258,thompson,7.484803080558777
1,fitzgerald,1258,dickens,6.709190209706624
1,fitzgerald,1258,melville,7.937968518998888
1,fitzgerald,1258,wells,6.911214272181193
1,fitzgerald,1258,austen,6.881238063176473
1,fitzgerald,1258,fitzgerald,6.518151555742536
1,fitzgerald,1258,twain,7.542884021997452
1,fitzgerald,1259,train,3.738356431325277
1,fitzgerald,1259,baum,6.832160234451294
1,fitzgerald,1259,thompson,7.490954160690308
1,fitzgerald,1259,dickens,6.716041405995687
1,fitzgerald,1259,melville,7.938234965006511
1,fitzgerald,1259,wells,6.912740071614583
1,fitzgerald,1259,austen,6.880294481913249
1,fitzgerald,1259,fitzgerald,6.519363062722342
1,fitzgerald,1259,twain,7.543725550174713
1,fitzgerald,1260,train,3.755974610646566
1,fitzgerald,1260,baum,6.806585669517517
1,fitzgerald,1260,thompson,7.47858202457428
1,fitzgerald,1260,dickens,6.702624956766765
1,fitzgerald,1260,melville,7.934615612030029
1,fitzgerald,1260,wells,6.89182448387146
1,fitzgerald,1260,austen,6.862470229466756
1,fitzgerald,1260,fitzgerald,6.503557205200195
1,fitzgerald,1260,twain,7.526144951581955
1,fitzgerald,1261,train,3.780612309773763
1,fitzgerald,1261,baum,6.80815589427948
1,fitzgerald,1261,thompson,7.477811098098755
1,fitzgerald,1261,dickens,6.700729052225749
1,fitzgerald,1261,melville,7.931137402852376
1,fitzgerald,1261,wells,6.890121380488078
1,fitzgerald,1261,austen,6.862001021703084
1,fitzgerald,1261,fitzgerald,6.504983629499163
1,fitzgerald,1261,twain,7.527598232030868
1,fitzgerald,1262,train,3.753579616546631
1,fitzgerald,1262,baum,6.811503291130066
1,fitzgerald,1262,thompson,7.483544230461121
1,fitzgerald,1262,dickens,6.700863679250081
1,fitzgerald,1262,melville,7.946057637532552
1,fitzgerald,1262,wells,6.895154476165772
1,fitzgerald,1262,austen,6.866479794184367
1,fitzgerald,1262,fitzgerald,6.507718290601458
1,fitzgerald,1262,twain,7.540965884923935
1,fitzgerald,1263,train,3.71161158879598
1,fitzgerald,1263,baum,6.803986191749573
1,fitzgerald,1263,thompson,7.474247336387634
1,fitzgerald,1263,dickens,6.70212984085083
1,fitzgerald,1263,melville,7.934662342071533
1,fitzgerald,1263,wells,6.891765753428142
1,fitzgerald,1263,austen,6.860278606414795
1,fitzgerald,1263,fitzgerald,6.506278310503278
1,fitzgerald,1263,twain,7.532569527626038
1,fitzgerald,1264,train,3.7336621284484863
1,fitzgerald,1264,baum,6.801253318786621
1,fitzgerald,1264,thompson,7.476954817771912
1,fitzgerald,1264,dickens,6.700166543324788
1,fitzgerald,1264,melville,7.930203967624241
1,fitzgerald,1264,wells,6.892984072367351
1,fitzgerald,1264,austen,6.857034762700399
1,fitzgerald,1264,fitzgerald,6.508078234536307
1,fitzgerald,1264,twain,7.527537852525711
1,fitzgerald,1265,train,3.72728697458903
1,fitzgerald,1265,baum,6.817809343338013
1,fitzgerald,1265,thompson,7.4905911684036255
1,fitzgerald,1265,dickens,6.715357303619385
1,fitzgerald,1265,melville,7.934379683600532
1,fitzgerald,1265,wells,6.900767008463542
1,fitzgerald,1265,austen,6.865123192469279
1,fitzgerald,1265,fitzgerald,6.514413969857352
1,fitzgerald,1265,twain,7.53355747461319
1,fitzgerald,1266,train,3.6835142771402993
1,fitzgerald,1266,baum,6.824236631393433
1,fitzgerald,1266,thompson,7.490997076034546
1,fitzgerald,1266,dickens,6.71785306930542
1,fitzgerald,1266,melville,7.943498876359728
1,fitzgerald,1266,wells,6.908321142196655
1,fitzgerald,1266,austen,6.870755275090535
1,fitzgerald,1266,fitzgerald,6.515267167772565
1,fitzgerald,1266,twain,7.54016238451004
1,fitzgerald,1267,train,3.744938929875692
1,fitzgerald,1267,baum,6.82870352268219
1,fitzgerald,1267,thompson,7.494749665260315
1,fitzgerald,1267,dickens,6.720654805501302
1,fitzgerald,1267,melville,7.943381998274061
1,fitzgerald,1267,wells,6.908555348714192
1,fitzgerald,1267,austen,6.873699347178142
1,fitzgerald,1267,fitzgerald,6.518663133893695
1,fitzgerald,1267,twain,7.53697070479393
1,fitzgerald,1268,train,3.709132512410482
1,fitzgerald,1268,baum,6.816264867782593
1,fitzgerald,1268,thompson,7.483009457588196
1,fitzgerald,1268,dickens,6.716515858968099
1,fitzgerald,1268,melville,7.926443894704183
1,fitzgerald,1268,wells,6.896041949590047
1,fitzgerald,1268,austen,6.8637064297993975
1,fitzgerald,1268,fitzgerald,6.508750779288156
1,fitzgerald,1268,twain,7.527266144752502
1,fitzgerald,1269,train,3.684842983881632
1,fitzgerald,1269,baum,6.827425479888916
1,fitzgerald,1269,thompson,7.506580233573914
1,fitzgerald,1269,dickens,6.7244873046875
1,fitzgerald,1269,melville,7.950731807284885
1,fitzgerald,1269,wells,6.915149370829265
1,fitzgerald,1269,austen,6.871924002965291
1,fitzgerald,1269,fitzgerald,6.5211364201137
1,fitzgerald,1269,twain,7.5474633872509
1,fitzgerald,1270,train,3.707462787628174
1,fitzgerald,1270,baum,6.820389151573181
1,fitzgerald,1270,thompson,7.492270231246948
1,fitzgerald,1270,dickens,6.72851578394572
1,fitzgerald,1270,melville,7.936192565494114
1,fitzgerald,1270,wells,6.905963897705078
1,fitzgerald,1270,austen,6.868578354517619
1,fitzgerald,1270,fitzgerald,6.517707960946219
1,fitzgerald,1270,twain,7.534681588411331
1,fitzgerald,1271,train,3.761483987172445
1,fitzgerald,1271,baum,6.804287910461426
1,fitzgerald,1271,thompson,7.482279181480408
1,fitzgerald,1271,dickens,6.711066087086995
1,fitzgerald,1271,melville,7.950797292921278
1,fitzgerald,1271,wells,6.902416229248047
1,fitzgerald,1271,austen,6.871226787567139
1,fitzgerald,1271,fitzgerald,6.508476734161377
1,fitzgerald,1271,twain,7.540083110332489
1,fitzgerald,1272,train,3.739385922749837
1,fitzgerald,1272,baum,6.82537055015564
1,fitzgerald,1272,thompson,7.502909064292908
1,fitzgerald,1272,dickens,6.7325460116068525
1,fitzgerald,1272,melville,7.949206564161512
1,fitzgerald,1272,wells,6.91892687479655
1,fitzgerald,1272,austen,6.88130784034729
1,fitzgerald,1272,fitzgerald,6.521541459219796
1,fitzgerald,1272,twain,7.5496635138988495
1,fitzgerald,1273,train,3.7437718709309897
1,fitzgerald,1273,baum,6.827565312385559
1,fitzgerald,1273,thompson,7.50285542011261
1,fitzgerald,1273,dickens,6.732821464538574
1,fitzgerald,1273,melville,7.948048962487115
1,fitzgerald,1273,wells,6.91530966758728
1,fitzgerald,1273,austen,6.877660910288493
1,fitzgerald,1273,fitzgerald,6.521529606410435
1,fitzgerald,1273,twain,7.546458870172501
1,fitzgerald,1274,train,3.694962739944458
1,fitzgerald,1274,baum,6.841660857200623
1,fitzgerald,1274,thompson,7.511282086372375
1,fitzgerald,1274,dickens,6.73508358001709
1,fitzgerald,1274,melville,7.964121394687229
1,fitzgerald,1274,wells,6.922311623891194
1,fitzgerald,1274,austen,6.893612702687581
1,fitzgerald,1274,fitzgerald,6.526992184775216
1,fitzgerald,1274,twain,7.561063706874847
1,fitzgerald,1275,train,3.660908540089925
1,fitzgerald,1275,baum,6.836311101913452
1,fitzgerald,1275,thompson,7.506407022476196
1,fitzgerald,1275,dickens,6.735011259714763
1,fitzgerald,1275,melville,7.95440477795071
1,fitzgerald,1275,wells,6.920406341552734
1,fitzgerald,1275,austen,6.891018867492676
1,fitzgerald,1275,fitzgerald,6.525011403220041
1,fitzgerald,1275,twain,7.556562393903732
1,fitzgerald,1276,train,3.707513173421224
1,fitzgerald,1276,baum,6.833189368247986
1,fitzgerald,1276,thompson,7.5041162967681885
1,fitzgerald,1276,dickens,6.727801005045573
1,fitzgerald,1276,melville,7.946072631412083
1,fitzgerald,1276,wells,6.91794474919637
1,fitzgerald,1276,austen,6.881922562917073
1,fitzgerald,1276,fitzgerald,6.525104999542236
1,fitzgerald,1276,twain,7.548209458589554
1,fitzgerald,1277,train,3.743058602015177
1,fitzgerald,1277,baum,6.844217300415039
1,fitzgerald,1277,thompson,7.508787393569946
1,fitzgerald,1277,dickens,6.735079765319824
1,fitzgerald,1277,melville,7.955115424262153
1,fitzgerald,1277,wells,6.927475055058797
1,fitzgerald,1277,austen,6.894474029541016
1,fitzgerald,1277,fitzgerald,6.532539980752127
1,fitzgerald,1277,twain,7.555634915828705
1,fitzgerald,1278,train,3.716331640879313
1,fitzgerald,1278,baum,6.830942153930664
1,fitzgerald,1278,thompson,7.494793057441711
1,fitzgerald,1278,dickens,6.728718916575114
1,fitzgerald,1278,melville,7.945289664798313
1,fitzgerald,1278,wells,6.912937084833781
1,fitzgerald,1278,austen,6.885284264882405
1,fitzgerald,1278,fitzgerald,6.518850939614432
1,fitzgerald,1278,twain,7.548985868692398
1,fitzgerald,1279,train,3.6813812255859375
1,fitzgerald,1279,baum,6.830420017242432
1,fitzgerald,1279,thompson,7.493807792663574
1,fitzgerald,1279,dickens,6.724613189697266
1,fitzgerald,1279,melville,7.929143004947239
1,fitzgerald,1279,wells,6.90700348218282
1,fitzgerald,1279,austen,6.877251307169597
1,fitzgerald,1279,fitzgerald,6.516039984566825
1,fitzgerald,1279,twain,7.539690136909485
1,fitzgerald,1280,train,3.721104462941488
1,fitzgerald,1280,baum,6.8224183320999146
1,fitzgerald,1280,thompson,7.499483704566956
1,fitzgerald,1280,dickens,6.715463161468506
1,fitzgerald,1280,melville,7.946867942810059
1,fitzgerald,1280,wells,6.913980881373088
1,fitzgerald,1280,austen,6.878356218338013
1,fitzgerald,1280,fitzgerald,6.518550736563546
1,fitzgerald,1280,twain,7.549425959587097
1,fitzgerald,1281,train,3.691976388295492
1,fitzgerald,1281,baum,6.866435050964356
1,fitzgerald,1281,thompson,7.537023425102234
1,fitzgerald,1281,dickens,6.754810492197673
1,fitzgerald,1281,melville,7.976518842909071
1,fitzgerald,1281,wells,6.943265358606975
1,fitzgerald,1281,austen,6.9132609367370605
1,fitzgerald,1281,fitzgerald,6.5434417724609375
1,fitzgerald,1281,twain,7.579448968172073
1,fitzgerald,1282,train,3.68889053662618
1,fitzgerald,1282,baum,6.851193785667419
1,fitzgerald,1282,thompson,7.5261921882629395
1,fitzgerald,1282,dickens,6.746079603830974
1,fitzgerald,1282,melville,7.979024198320177
1,fitzgerald,1282,wells,6.940311511357625
1,fitzgerald,1282,austen,6.910613298416138
1,fitzgerald,1282,fitzgerald,6.537174565451486
1,fitzgerald,1282,twain,7.573077172040939
1,fitzgerald,1283,train,3.703133344650269
1,fitzgerald,1283,baum,6.832499384880066
1,fitzgerald,1283,thompson,7.503277897834778
1,fitzgerald,1283,dickens,6.731901168823242
1,fitzgerald,1283,melville,7.962321970197889
1,fitzgerald,1283,wells,6.925618012746175
1,fitzgerald,1283,austen,6.896525700887044
1,fitzgerald,1283,fitzgerald,6.526081425803048
1,fitzgerald,1283,twain,7.556023001670837
1,fitzgerald,1284,train,3.665884971618652
1,fitzgerald,1284,baum,6.8479719161987305
1,fitzgerald,1284,thompson,7.513118147850037
1,fitzgerald,1284,dickens,6.73938004175822
1,fitzgerald,1284,melville,7.962058491177029
1,fitzgerald,1284,wells,6.926871458689372
1,fitzgerald,1284,austen,6.900038003921509
1,fitzgerald,1284,fitzgerald,6.528707776750837
1,fitzgerald,1284,twain,7.561221897602081
1,fitzgerald,1285,train,3.706724802652994
1,fitzgerald,1285,baum,6.834185123443604
1,fitzgerald,1285,thompson,7.512702226638794
1,fitzgerald,1285,dickens,6.725964705149333
1,fitzgerald,1285,melville,7.974723127153185
1,fitzgerald,1285,wells,6.926061948140462
1,fitzgerald,1285,austen,6.888262589772542
1,fitzgerald,1285,fitzgerald,6.524623121534075
1,fitzgerald,1285,twain,7.562792062759399
1,fitzgerald,1286,train,3.6767286459604898
1,fitzgerald,1286,baum,6.85017204284668
1,fitzgerald,1286,thompson,7.521782040596008
1,fitzgerald,1286,dickens,6.735592206319173
1,fitzgerald,1286,melville,7.970334582858616
1,fitzgerald,1286,wells,6.936843792597453
1,fitzgerald,1286,austen,6.898605664571126
1,fitzgerald,1286,fitzgerald,6.536230155399868
1,fitzgerald,1286,twain,7.567231237888336
1,fitzgerald,1287,train,3.695253849029541
1,fitzgerald,1287,baum,6.847205400466919
1,fitzgerald,1287,thompson,7.510588526725769
1,fitzgerald,1287,dickens,6.730597496032715
1,fitzgerald,1287,melville,7.962814966837565
1,fitzgerald,1287,wells,6.92666753133138
1,fitzgerald,1287,austen,6.905366182327271
1,fitzgerald,1287,fitzgerald,6.530154773167202
1,fitzgerald,1287,twain,7.565966129302978
1,fitzgerald,1288,train,3.724012931187948
1,fitzgerald,1288,baum,6.8259642124176025
1,fitzgerald,1288,thompson,7.500628590583801
1,fitzgerald,1288,dickens,6.727878411610921
1,fitzgerald,1288,melville,7.959091557396783
1,fitzgerald,1288,wells,6.911845604578654
1,fitzgerald,1288,austen,6.886854966481526
1,fitzgerald,1288,fitzgerald,6.521945067814419
1,fitzgerald,1288,twain,7.553008556365967
1,fitzgerald,1289,train,3.697992642720541
1,fitzgerald,1289,baum,6.827738404273987
1,fitzgerald,1289,thompson,7.506171107292175
1,fitzgerald,1289,dickens,6.724971453348796
1,fitzgerald,1289,melville,7.96133279800415
1,fitzgerald,1289,wells,6.913952747980754
1,fitzgerald,1289,austen,6.882997989654541
1,fitzgerald,1289,fitzgerald,6.52232939856393
1,fitzgerald,1289,twain,7.555173546075821
1,fitzgerald,1290,train,3.730181217193604
1,fitzgerald,1290,baum,6.856707334518433
1,fitzgerald,1290,thompson,7.523657560348511
1,fitzgerald,1290,dickens,6.747604688008626
1,fitzgerald,1290,melville,7.973803785112169
1,fitzgerald,1290,wells,6.936684449513753
1,fitzgerald,1290,austen,6.9105544090271
1,fitzgerald,1290,fitzgerald,6.539387157985142
1,fitzgerald,1290,twain,7.571722120046616
1,fitzgerald,1291,train,3.6814871629079184
1,fitzgerald,1291,baum,6.865318059921265
1,fitzgerald,1291,thompson,7.531340003013611
1,fitzgerald,1291,dickens,6.764852205912272
1,fitzgerald,1291,melville,7.984860261281331
1,fitzgerald,1291,wells,6.945672988891602
1,fitzgerald,1291,austen,6.920095761617024
1,fitzgerald,1291,fitzgerald,6.547645705086844
1,fitzgerald,1291,twain,7.578291803598404
1,fitzgerald,1292,train,3.6677695910135903
1,fitzgerald,1292,baum,6.84984564781189
1,fitzgerald,1292,thompson,7.52697217464447
1,fitzgerald,1292,dickens,6.751516660054524
1,fitzgerald,1292,melville,7.983267890082465
1,fitzgerald,1292,wells,6.934891859690349
1,fitzgerald,1292,austen,6.909136851628621
1,fitzgerald,1292,fitzgerald,6.538247449057443
1,fitzgerald,1292,twain,7.577423572540283
1,fitzgerald,1293,train,3.6858932971954346
1,fitzgerald,1293,baum,6.846052289009094
1,fitzgerald,1293,thompson,7.515790104866028
1,fitzgerald,1293,dickens,6.751418431599935
1,fitzgerald,1293,melville,7.962914519839817
1,fitzgerald,1293,wells,6.927036841710408
1,fitzgerald,1293,austen,6.903534571329753
1,fitzgerald,1293,fitzgerald,6.53293378012521
1,fitzgerald,1293,twain,7.568767696619034
1,fitzgerald,1294,train,3.686284224192301
1,fitzgerald,1294,baum,6.8446433544158936
1,fitzgerald,1294,thompson,7.524885296821594
1,fitzgerald,1294,dickens,6.734721024831136
1,fitzgerald,1294,melville,7.973189936743842
1,fitzgerald,1294,wells,6.931526263554891
1,fitzgerald,1294,austen,6.8984856605529785
1,fitzgerald,1294,fitzgerald,6.533271789550781
1,fitzgerald,1294,twain,7.57400244474411
1,fitzgerald,1295,train,3.618261734644572
1,fitzgerald,1295,baum,6.845500826835632
1,fitzgerald,1295,thompson,7.5199995040893555
1,fitzgerald,1295,dickens,6.735081990559896
1,fitzgerald,1295,melville,7.96961424085829
1,fitzgerald,1295,wells,6.928348541259766
1,fitzgerald,1295,austen,6.90054186185201
1,fitzgerald,1295,fitzgerald,6.532881123679025
1,fitzgerald,1295,twain,7.566550254821777
1,fitzgerald,1296,train,3.615119616190592
1,fitzgerald,1296,baum,6.847597360610962
1,fitzgerald,1296,thompson,7.525822162628174
1,fitzgerald,1296,dickens,6.745741367340088
1,fitzgerald,1296,melville,7.977261384328206
1,fitzgerald,1296,wells,6.935930093129476
1,fitzgerald,1296,austen,6.906909783681233
1,fitzgerald,1296,fitzgerald,6.536543573651995
1,fitzgerald,1296,twain,7.5673588514328
1,fitzgerald,1297,train,3.7160224119822174
1,fitzgerald,1297,baum,6.860362887382507
1,fitzgerald,1297,thompson,7.538164973258972
1,fitzgerald,1297,dickens,6.751150449117024
1,fitzgerald,1297,melville,7.983285850948757
1,fitzgerald,1297,wells,6.948491334915161
1,fitzgerald,1297,austen,6.913924137751262
1,fitzgerald,1297,fitzgerald,6.545982837677002
1,fitzgerald,1297,twain,7.580763548612595
1,fitzgerald,1298,train,3.707560221354168
1,fitzgerald,1298,baum,6.849246382713318
1,fitzgerald,1298,thompson,7.517040252685547
1,fitzgerald,1298,dickens,6.742862065633138
1,fitzgerald,1298,melville,7.977775467766656
1,fitzgerald,1298,wells,6.939677794774373
1,fitzgerald,1298,austen,6.906728347142537
1,fitzgerald,1298,fitzgerald,6.538390908922468
1,fitzgerald,1298,twain,7.57761549949646
1,fitzgerald,1299,train,3.677241007486979
1,fitzgerald,1299,baum,6.84180474281311
1,fitzgerald,1299,thompson,7.525096774101257
1,fitzgerald,1299,dickens,6.744333426157634
1,fitzgerald,1299,melville,7.987099912431505
1,fitzgerald,1299,wells,6.938095808029175
1,fitzgerald,1299,austen,6.903070370356242
1,fitzgerald,1299,fitzgerald,6.538269111088344
1,fitzgerald,1299,twain,7.575863540172577
1,fitzgerald,1300,train,3.690362850824992
1,fitzgerald,1300,baum,6.863350629806519
1,fitzgerald,1300,thompson,7.538955688476562
1,fitzgerald,1300,dickens,6.7598287264506025
1,fitzgerald,1300,melville,7.986488766140408
1,fitzgerald,1300,wells,6.9479319254557295
1,fitzgerald,1300,austen,6.921880563100179
1,fitzgerald,1300,fitzgerald,6.549332141876221
1,fitzgerald,1300,twain,7.580920487642288
1,fitzgerald,1301,train,3.681589365005493
1,fitzgerald,1301,baum,6.8568274974823
1,fitzgerald,1301,thompson,7.53226101398468
1,fitzgerald,1301,dickens,6.746851444244385
1,fitzgerald,1301,melville,8.000725640190971
1,fitzgerald,1301,wells,6.947294632593791
1,fitzgerald,1301,austen,6.923049370447795
1,fitzgerald,1301,fitzgerald,6.547749110630581
1,fitzgerald,1301,twain,7.590017586946487
1,fitzgerald,1302,train,3.645057439804077
1,fitzgerald,1302,baum,6.8698824644088745
1,fitzgerald,1302,thompson,7.543300628662109
1,fitzgerald,1302,dickens,6.75741179784139
1,fitzgerald,1302,melville,8.008837911817762
1,fitzgerald,1302,wells,6.953940629959106
1,fitzgerald,1302,austen,6.926429430643718
1,fitzgerald,1302,fitzgerald,6.550155367170062
1,fitzgerald,1302,twain,7.596000462770462
1,fitzgerald,1303,train,3.6600495179494223
1,fitzgerald,1303,baum,6.863856792449951
1,fitzgerald,1303,thompson,7.526198148727417
1,fitzgerald,1303,dickens,6.763073762257894
1,fitzgerald,1303,melville,7.980080392625597
1,fitzgerald,1303,wells,6.941815376281738
1,fitzgerald,1303,austen,6.913888295491536
1,fitzgerald,1303,fitzgerald,6.541901997157505
1,fitzgerald,1303,twain,7.574220389127731
1,fitzgerald,1304,train,3.684356609980265
1,fitzgerald,1304,baum,6.849649310112
1,fitzgerald,1304,thompson,7.524957060813904
1,fitzgerald,1304,dickens,6.751427332560222
1,fitzgerald,1304,melville,7.976955943637424
1,fitzgerald,1304,wells,6.933606704076131
1,fitzgerald,1304,austen,6.905330657958984
1,fitzgerald,1304,fitzgerald,6.53780882699149
1,fitzgerald,1304,twain,7.568332552909851
1,fitzgerald,1305,train,3.680251916249593
1,fitzgerald,1305,baum,6.853636264801025
1,fitzgerald,1305,thompson,7.525858283042908
1,fitzgerald,1305,dickens,6.754136085510254
1,fitzgerald,1305,melville,7.985253969828288
1,fitzgerald,1305,wells,6.9397774537404375
1,fitzgerald,1305,austen,6.918062766393025
1,fitzgerald,1305,fitzgerald,6.544022968837193
1,fitzgerald,1305,twain,7.5773328840732574
1,fitzgerald,1306,train,3.653009494145712
1,fitzgerald,1306,baum,6.873348832130432
1,fitzgerald,1306,thompson,7.541916131973267
1,fitzgerald,1306,dickens,6.774221897125244
1,fitzgerald,1306,melville,7.98499059677124
1,fitzgerald,1306,wells,6.951299508412679
1,fitzgerald,1306,austen,6.928521474202474
1,fitzgerald,1306,fitzgerald,6.555550166538784
1,fitzgerald,1306,twain,7.581079393625259
1,fitzgerald,1307,train,3.651454528172811
1,fitzgerald,1307,baum,6.873867034912109
1,fitzgerald,1307,thompson,7.553910732269287
1,fitzgerald,1307,dickens,6.769912560780843
1,fitzgerald,1307,melville,8.004810651143393
1,fitzgerald,1307,wells,6.961867173512776
1,fitzgerald,1307,austen,6.934577941894531
1,fitzgerald,1307,fitzgerald,6.558769021715436
1,fitzgerald,1307,twain,7.590211242437363
1,fitzgerald,1308,train,3.653301318486532
1,fitzgerald,1308,baum,6.868911027908325
1,fitzgerald,1308,thompson,7.541682839393616
1,fitzgerald,1308,dickens,6.768861134847005
1,fitzgerald,1308,melville,8.005791187286377
1,fitzgerald,1308,wells,6.960152784983317
1,fitzgerald,1308,austen,6.935891230901082
1,fitzgerald,1308,fitzgerald,6.554871627262661
1,fitzgerald,1308,twain,7.5915297865867615
1,fitzgerald,1309,train,3.6821306546529136
1,fitzgerald,1309,baum,6.865956544876099
1,fitzgerald,1309,thompson,7.532671689987183
1,fitzgerald,1309,dickens,6.760701974232991
1,fitzgerald,1309,melville,7.985759046342638
1,fitzgerald,1309,wells,6.946311473846436
1,fitzgerald,1309,austen,6.922807534535726
1,fitzgerald,1309,fitzgerald,6.548586436680385
1,fitzgerald,1309,twain,7.579511910676956
1,fitzgerald,1310,train,3.684250036875407
1,fitzgerald,1310,baum,6.866418361663818
1,fitzgerald,1310,thompson,7.53951096534729
1,fitzgerald,1310,dickens,6.757551034291585
1,fitzgerald,1310,melville,7.982518831888835
1,fitzgerald,1310,wells,6.951137065887451
1,fitzgerald,1310,austen,6.915730158487956
1,fitzgerald,1310,fitzgerald,6.549267496381487
1,fitzgerald,1310,twain,7.576797157526016
1,fitzgerald,1311,train,3.6355589230855294
1,fitzgerald,1311,baum,6.870858073234558
1,fitzgerald,1311,thompson,7.539243340492248
1,fitzgerald,1311,dickens,6.75784699122111
1,fitzgerald,1311,melville,7.985014120737712
1,fitzgerald,1311,wells,6.953791856765747
1,fitzgerald,1311,austen,6.920295159022014
1,fitzgerald,1311,fitzgerald,6.550943919590542
1,fitzgerald,1311,twain,7.579970777034759
1,fitzgerald,1312,train,3.653656880060832
1,fitzgerald,1312,baum,6.87651789188385
1,fitzgerald,1312,thompson,7.542653799057007
1,fitzgerald,1312,dickens,6.757795492808024
1,fitzgerald,1312,melville,8.010599348280165
1,fitzgerald,1312,wells,6.969594160715739
1,fitzgerald,1312,austen,6.941090901692708
1,fitzgerald,1312,fitzgerald,6.56179530279977
1,fitzgerald,1312,twain,7.602811545133591
1,fitzgerald,1313,train,3.6621228059132895
1,fitzgerald,1313,baum,6.8857632875442505
1,fitzgerald,1313,thompson,7.553540825843811
1,fitzgerald,1313,dickens,6.769768873850505
1,fitzgerald,1313,melville,8.012081835005018
1,fitzgerald,1313,wells,6.970295508702596
1,fitzgerald,1313,austen,6.940749247868856
1,fitzgerald,1313,fitzgerald,6.565364973885672
1,fitzgerald,1313,twain,7.603001147508621
1,fitzgerald,1314,train,3.611397902170817
1,fitzgerald,1314,baum,6.882640242576599
1,fitzgerald,1314,thompson,7.551819205284119
1,fitzgerald,1314,dickens,6.7733683586120605
1,fitzgerald,1314,melville,7.99463939666748
1,fitzgerald,1314,wells,6.956170241038005
1,fitzgerald,1314,austen,6.928133646647136
1,fitzgerald,1314,fitzgerald,6.55901609148298
1,fitzgerald,1314,twain,7.588662266731262
1,fitzgerald,1315,train,3.616113424301148
1,fitzgerald,1315,baum,6.884676337242127
1,fitzgerald,1315,thompson,7.558160066604614
1,fitzgerald,1315,dickens,6.767865022023519
1,fitzgerald,1315,melville,8.014204131232368
1,fitzgerald,1315,wells,6.966968933741252
1,fitzgerald,1315,austen,6.935531298319499
1,fitzgerald,1315,fitzgerald,6.562901905604771
1,fitzgerald,1315,twain,7.6023350059986115
1,fitzgerald,1316,train,3.623255093892416
1,fitzgerald,1316,baum,6.887814164161682
1,fitzgerald,1316,thompson,7.554801344871521
1,fitzgerald,1316,dickens,6.778647422790527
1,fitzgerald,1316,melville,8.008189837137857
1,fitzgerald,1316,wells,6.966524521509807
1,fitzgerald,1316,austen,6.935964345932007
1,fitzgerald,1316,fitzgerald,6.562631402696882
1,fitzgerald,1316,twain,7.597489714622498
1,fitzgerald,1317,train,3.6475733121236167
1,fitzgerald,1317,baum,6.874104738235474
1,fitzgerald,1317,thompson,7.542760133743286
1,fitzgerald,1317,dickens,6.777061621348064
1,fitzgerald,1317,melville,7.98754162258572
1,fitzgerald,1317,wells,6.947124242782593
1,fitzgerald,1317,austen,6.919319232304891
1,fitzgerald,1317,fitzgerald,6.5503739629473
1,fitzgerald,1317,twain,7.5739235281944275
1,fitzgerald,1318,train,3.620974699656169
1,fitzgerald,1318,baum,6.8716230392456055
1,fitzgerald,1318,thompson,7.546255826950073
1,fitzgerald,1318,dickens,6.768043677012126
1,fitzgerald,1318,melville,7.998067961798774
1,fitzgerald,1318,wells,6.961554129918416
1,fitzgerald,1318,austen,6.927495797475179
1,fitzgerald,1318,fitzgerald,6.555870601109096
1,fitzgerald,1318,twain,7.585921078920364
1,fitzgerald,1319,train,3.605212926864624
1,fitzgerald,1319,baum,6.889101028442383
1,fitzgerald,1319,thompson,7.562819719314575
1,fitzgerald,1319,dickens,6.771340370178223
1,fitzgerald,1319,melville,8.00472444958157
1,fitzgerald,1319,wells,6.971441189448039
1,fitzgerald,1319,austen,6.93885612487793
1,fitzgerald,1319,fitzgerald,6.564788205283029
1,fitzgerald,1319,twain,7.599782317876816
1,fitzgerald,1320,train,3.634218136469523
1,fitzgerald,1320,baum,6.892765283584595
1,fitzgerald,1320,thompson,7.563196659088135
1,fitzgerald,1320,dickens,6.781549453735352
1,fitzgerald,1320,melville,7.998483816782634
1,fitzgerald,1320,wells,6.966045220692952
1,fitzgerald,1320,austen,6.934848149617513
1,fitzgerald,1320,fitzgerald,6.564549173627581
1,fitzgerald,1320,twain,7.594587534666061
1,fitzgerald,1321,train,3.5830870469411216
1,fitzgerald,1321,baum,6.869900345802307
1,fitzgerald,1321,thompson,7.555768966674805
1,fitzgerald,1321,dickens,6.768801371256511
1,fitzgerald,1321,melville,8.003688547346327
1,fitzgerald,1321,wells,6.963282108306885
1,fitzgerald,1321,austen,6.922318776448567
1,fitzgerald,1321,fitzgerald,6.557632105691092
1,fitzgerald,1321,twain,7.592402517795563
1,fitzgerald,1322,train,3.6371490955352783
1,fitzgerald,1322,baum,6.866497755050659
1,fitzgerald,1322,thompson,7.555014133453369
1,fitzgerald,1322,dickens,6.7659486134847
1,fitzgerald,1322,melville,7.994335598415798
1,fitzgerald,1322,wells,6.959904432296753
1,fitzgerald,1322,austen,6.9173805713653564
1,fitzgerald,1322,fitzgerald,6.556683812822614
1,fitzgerald,1322,twain,7.591452181339264
1,fitzgerald,1323,train,3.664194663365682
1,fitzgerald,1323,baum,6.876391768455505
1,fitzgerald,1323,thompson,7.548050045967102
1,fitzgerald,1323,dickens,6.77097765604655
1,fitzgerald,1323,melville,7.987370332082112
1,fitzgerald,1323,wells,6.959100643793742
1,fitzgerald,1323,austen,6.924084266026815
1,fitzgerald,1323,fitzgerald,6.559252466474261
1,fitzgerald,1323,twain,7.587177276611328
1,fitzgerald,1324,train,3.63091778755188
1,fitzgerald,1324,baum,6.886009097099304
1,fitzgerald,1324,thompson,7.562362432479858
1,fitzgerald,1324,dickens,6.777335007985433
1,fitzgerald,1324,melville,8.012104193369547
1,fitzgerald,1324,wells,6.969115416208903
1,fitzgerald,1324,austen,6.941078742345174
1,fitzgerald,1324,fitzgerald,6.567025184631348
1,fitzgerald,1324,twain,7.598652273416519
1,fitzgerald,1325,train,3.635404348373413
1,fitzgerald,1325,baum,6.8562599420547485
1,fitzgerald,1325,thompson,7.535493016242981
1,fitzgerald,1325,dickens,6.763065020243327
1,fitzgerald,1325,melville,7.988362471262614
1,fitzgerald,1325,wells,6.941789388656616
1,fitzgerald,1325,austen,6.919612884521484
1,fitzgerald,1325,fitzgerald,6.545381954738072
1,fitzgerald,1325,twain,7.579174309968948
1,fitzgerald,1326,train,3.648397525151571
1,fitzgerald,1326,baum,6.85979688167572
1,fitzgerald,1326,thompson,7.543621897697449
1,fitzgerald,1326,dickens,6.763564904530843
1,fitzgerald,1326,melville,7.978295379214817
1,fitzgerald,1326,wells,6.9465625286102295
1,fitzgerald,1326,austen,6.908023039499919
1,fitzgerald,1326,fitzgerald,6.548052447182792
1,fitzgerald,1326,twain,7.575233817100525
1,fitzgerald,1327,train,3.65556542078654
1,fitzgerald,1327,baum,6.879853248596191
1,fitzgerald,1327,thompson,7.561172127723694
1,fitzgerald,1327,dickens,6.7705691655476885
1,fitzgerald,1327,melville,7.999601682027181
1,fitzgerald,1327,wells,6.964456955591838
1,fitzgerald,1327,austen,6.927472114562988
1,fitzgerald,1327,fitzgerald,6.561694690159389
1,fitzgerald,1327,twain,7.593581199645996
1,fitzgerald,1328,train,3.7102162837982178
1,fitzgerald,1328,baum,6.868624925613403
1,fitzgerald,1328,thompson,7.541848659515381
1,fitzgerald,1328,dickens,6.759371280670166
1,fitzgerald,1328,melville,7.999231126573351
1,fitzgerald,1328,wells,6.952632745107015
1,fitzgerald,1328,austen,6.931202491124471
1,fitzgerald,1328,fitzgerald,6.554479122161865
1,fitzgerald,1328,twain,7.588489651679993
1,fitzgerald,1329,train,3.61869478225708
1,fitzgerald,1329,baum,6.872052073478699
1,fitzgerald,1329,thompson,7.552208781242371
1,fitzgerald,1329,dickens,6.76075553894043
1,fitzgerald,1329,melville,8.001959058973524
1,fitzgerald,1329,wells,6.953549861907959
1,fitzgerald,1329,austen,6.929452498753865
1,fitzgerald,1329,fitzgerald,6.556899411337716
1,fitzgerald,1329,twain,7.588069021701813
1,fitzgerald,1330,train,3.6498173077901206
1,fitzgerald,1330,baum,6.864464402198792
1,fitzgerald,1330,thompson,7.548015832901001
1,fitzgerald,1330,dickens,6.75865109761556
1,fitzgerald,1330,melville,7.998573091295031
1,fitzgerald,1330,wells,6.954252004623413
1,fitzgerald,1330,austen,6.924181222915649
1,fitzgerald,1330,fitzgerald,6.553557600293841
1,fitzgerald,1330,twain,7.588259011507034
1,fitzgerald,1331,train,3.654392878214518
1,fitzgerald,1331,baum,6.868323445320129
1,fitzgerald,1331,thompson,7.547606229782104
1,fitzgerald,1331,dickens,6.764789899190267
1,fitzgerald,1331,melville,8.006749788920084
1,fitzgerald,1331,wells,6.962677399317424
1,fitzgerald,1331,austen,6.933592081069946
1,fitzgerald,1331,fitzgerald,6.559902667999268
1,fitzgerald,1331,twain,7.592857450246811
1,fitzgerald,1332,train,3.592635234196981
1,fitzgerald,1332,baum,6.884422421455383
1,fitzgerald,1332,thompson,7.564263939857483
1,fitzgerald,1332,dickens,6.765635172526042
1,fitzgerald,1332,melville,8.016038576761881
1,fitzgerald,1332,wells,6.972204605738322
1,fitzgerald,1332,austen,6.945926268895467
1,fitzgerald,1332,fitzgerald,6.567085334232876
1,fitzgerald,1332,twain,7.604568272829056
1,fitzgerald,1333,train,3.5988853772481284
1,fitzgerald,1333,baum,6.868830323219299
1,fitzgerald,1333,thompson,7.553697347640991
1,fitzgerald,1333,dickens,6.749170303344727
1,fitzgerald,1333,melville,8.000016742282444
1,fitzgerald,1333,wells,6.961638450622559
1,fitzgerald,1333,austen,6.925966183344523
1,fitzgerald,1333,fitzgerald,6.556306498391288
1,fitzgerald,1333,twain,7.59351173043251
1,fitzgerald,1334,train,3.634428342183431
1,fitzgerald,1334,baum,6.87201714515686
1,fitzgerald,1334,thompson,7.553799748420715
1,fitzgerald,1334,dickens,6.759215831756592
1,fitzgerald,1334,melville,7.993293497297499
1,fitzgerald,1334,wells,6.957417170206706
1,fitzgerald,1334,austen,6.921956777572632
1,fitzgerald,1334,fitzgerald,6.557823589869908
1,fitzgerald,1334,twain,7.587711274623871
1,fitzgerald,1335,train,3.6006759802500405
1,fitzgerald,1335,baum,6.899120926856995
1,fitzgerald,1335,thompson,7.571572303771973
1,fitzgerald,1335,dickens,6.789671421051025
1,fitzgerald,1335,melville,8.018528461456299
1,fitzgerald,1335,wells,6.977189699808757
1,fitzgerald,1335,austen,6.956591685612996
1,fitzgerald,1335,fitzgerald,6.573625700814383
1,fitzgerald,1335,twain,7.612147182226181
1,fitzgerald,1336,train,3.612464904785156
1,fitzgerald,1336,baum,6.894457459449768
1,fitzgerald,1336,thompson,7.572654962539673
1,fitzgerald,1336,dickens,6.791939576466878
1,fitzgerald,1336,melville,8.024596797095406
1,fitzgerald,1336,wells,6.985812266667684
1,fitzgerald,1336,austen,6.957325617472331
1,fitzgerald,1336,fitzgerald,6.575124876839774
1,fitzgerald,1336,twain,7.617666482925415
1,fitzgerald,1337,train,3.585340976715088
1,fitzgerald,1337,baum,6.895913481712341
1,fitzgerald,1337,thompson,7.571958899497986
1,fitzgerald,1337,dickens,6.793332258860271
1,fitzgerald,1337,melville,8.019505500793457
1,fitzgerald,1337,wells,6.985313495000203
1,fitzgerald,1337,austen,6.947494427363078
1,fitzgerald,1337,fitzgerald,6.57761321749006
1,fitzgerald,1337,twain,7.612101316452026
1,fitzgerald,1338,train,3.638716697692871
1,fitzgerald,1338,baum,6.916480779647827
1,fitzgerald,1338,thompson,7.587637901306152
1,fitzgerald,1338,dickens,6.8036448160807295
1,fitzgerald,1338,melville,8.036419179704454
1,fitzgerald,1338,wells,6.995361884435018
1,fitzgerald,1338,austen,6.967846552530925
1,fitzgerald,1338,fitzgerald,6.589975765773228
1,fitzgerald,1338,twain,7.627047926187515
1,fitzgerald,1339,train,3.5907890796661377
1,fitzgerald,1339,baum,6.896924376487732
1,fitzgerald,1339,thompson,7.571632742881775
1,fitzgerald,1339,dickens,6.788687547047933
1,fitzgerald,1339,melville,8.02044031355116
1,fitzgerald,1339,wells,6.984410285949707
1,fitzgerald,1339,austen,6.946384350458781
1,fitzgerald,1339,fitzgerald,6.577068873814175
1,fitzgerald,1339,twain,7.611984670162201
1,fitzgerald,1340,train,3.5886362393697104
1,fitzgerald,1340,baum,6.887127041816711
1,fitzgerald,1340,thompson,7.558614015579224
1,fitzgerald,1340,dickens,6.775822798411052
1,fitzgerald,1340,melville,7.9971286985609265
1,fitzgerald,1340,wells,6.969778299331665
1,fitzgerald,1340,austen,6.927103916803996
1,fitzgerald,1340,fitzgerald,6.568493706839425
1,fitzgerald,1340,twain,7.59952300786972
1,fitzgerald,1341,train,3.583871761957804
1,fitzgerald,1341,baum,6.901318073272705
1,fitzgerald,1341,thompson,7.578346490859985
1,fitzgerald,1341,dickens,6.78277063369751
1,fitzgerald,1341,melville,8.02876451280382
1,fitzgerald,1341,wells,6.98361341158549
1,fitzgerald,1341,austen,6.951282262802124
1,fitzgerald,1341,fitzgerald,6.578599793570382
1,fitzgerald,1341,twain,7.626768380403519
1,fitzgerald,1342,train,3.5858285427093506
1,fitzgerald,1342,baum,6.889955759048462
1,fitzgerald,1342,thompson,7.5634297132492065
1,fitzgerald,1342,dickens,6.779812335968018
1,fitzgerald,1342,melville,8.016116778055826
1,fitzgerald,1342,wells,6.977539777755737
1,fitzgerald,1342,austen,6.947707335154216
1,fitzgerald,1342,fitzgerald,6.571381637028286
1,fitzgerald,1342,twain,7.615756422281265
1,fitzgerald,1343,train,3.622669219970703
1,fitzgerald,1343,baum,6.879586338996887
1,fitzgerald,1343,thompson,7.554829835891724
1,fitzgerald,1343,dickens,6.773212432861328
1,fitzgerald,1343,melville,8.00539059109158
1,fitzgerald,1343,wells,6.963509877522786
1,fitzgerald,1343,austen,6.935121297836304
1,fitzgerald,1343,fitzgerald,6.561126913343157
1,fitzgerald,1343,twain,7.601177096366882
1,fitzgerald,1344,train,3.6032069524129233
1,fitzgerald,1344,baum,6.906826734542847
1,fitzgerald,1344,thompson,7.574021935462952
1,fitzgerald,1344,dickens,6.798524061838786
1,fitzgerald,1344,melville,8.015236112806532
1,fitzgerald,1344,wells,6.980144262313843
1,fitzgerald,1344,austen,6.954492251078288
1,fitzgerald,1344,fitzgerald,6.576219899313791
1,fitzgerald,1344,twain,7.611005485057831
1,fitzgerald,1345,train,3.578236977259318
1,fitzgerald,1345,baum,6.894640922546387
1,fitzgerald,1345,thompson,7.567927718162537
1,fitzgerald,1345,dickens,6.791406949361165
1,fitzgerald,1345,melville,8.017763455708822
1,fitzgerald,1345,wells,6.978422164916992
1,fitzgerald,1345,austen,6.952337503433228
1,fitzgerald,1345,fitzgerald,6.572822025844029
1,fitzgerald,1345,twain,7.612070441246033
1,fitzgerald,1346,train,3.5954136848449707
1,fitzgerald,1346,baum,6.880681157112122
1,fitzgerald,1346,thompson,7.559396386146545
1,fitzgerald,1346,dickens,6.78063456217448
1,fitzgerald,1346,melville,8.01237964630127
1,fitzgerald,1346,wells,6.970248778661092
1,fitzgerald,1346,austen,6.939302762349446
1,fitzgerald,1346,fitzgerald,6.568540845598493
1,fitzgerald,1346,twain,7.604322195053101
1,fitzgerald,1347,train,3.57676649093628
1,fitzgerald,1347,baum,6.901538848876953
1,fitzgerald,1347,thompson,7.571266770362854
1,fitzgerald,1347,dickens,6.801124095916748
1,fitzgerald,1347,melville,8.013964811960856
1,fitzgerald,1347,wells,6.983014822006226
1,fitzgerald,1347,austen,6.954099734624227
1,fitzgerald,1347,fitzgerald,6.578050954001291
1,fitzgerald,1347,twain,7.612683147192001
1,fitzgerald,1348,train,3.607887744903565
1,fitzgerald,1348,baum,6.898344159126282
1,fitzgerald,1348,thompson,7.574305176734924
1,fitzgerald,1348,dickens,6.789877573649089
1,fitzgerald,1348,melville,8.032050874498156
1,fitzgerald,1348,wells,6.9886142412821455
1,fitzgerald,1348,austen,6.963513533274333
1,fitzgerald,1348,fitzgerald,6.576631273542132
1,fitzgerald,1348,twain,7.625641703605652
1,fitzgerald,1349,train,3.5633702278137207
1,fitzgerald,1349,baum,6.904095053672791
1,fitzgerald,1349,thompson,7.583165049552917
1,fitzgerald,1349,dickens,6.788602352142334
1,fitzgerald,1349,melville,8.03649510277642
1,fitzgerald,1349,wells,6.993944406509399
1,fitzgerald,1349,austen,6.9706657727559405
1,fitzgerald,1349,fitzgerald,6.580830301557269
1,fitzgerald,1349,twain,7.635131448507309
1,fitzgerald,1350,train,3.563014189402262
1,fitzgerald,1350,baum,6.927694082260132
1,fitzgerald,1350,thompson,7.599454283714294
1,fitzgerald,1350,dickens,6.807844320933024
1,fitzgerald,1350,melville,8.026476277245415
1,fitzgerald,1350,wells,7.003221352895101
1,fitzgerald,1350,austen,6.972322384516398
1,fitzgerald,1350,fitzgerald,6.594659464699881
1,fitzgerald,1350,twain,7.635896474123001
1,fitzgerald,1351,train,3.62062136332194
1,fitzgerald,1351,baum,6.885509967803955
1,fitzgerald,1351,thompson,7.565851330757141
1,fitzgerald,1351,dickens,6.775985558827718
1,fitzgerald,1351,melville,8.010364691416422
1,fitzgerald,1351,wells,6.969325304031372
1,fitzgerald,1351,austen,6.937988201777141
1,fitzgerald,1351,fitzgerald,6.567356313977923
1,fitzgerald,1351,twain,7.608208268880844
1,fitzgerald,1352,train,3.586734135945638
1,fitzgerald,1352,baum,6.902488946914673
1,fitzgerald,1352,thompson,7.578948378562927
1,fitzgerald,1352,dickens,6.7903733253479
1,fitzgerald,1352,melville,8.020216782887777
1,fitzgerald,1352,wells,6.983557462692261
1,fitzgerald,1352,austen,6.955422242482503
1,fitzgerald,1352,fitzgerald,6.580698217664446
1,fitzgerald,1352,twain,7.615773439407349
1,fitzgerald,1353,train,3.5846208731333413
1,fitzgerald,1353,baum,6.896529793739319
1,fitzgerald,1353,thompson,7.57107400894165
1,fitzgerald,1353,dickens,6.789641857147217
1,fitzgerald,1353,melville,8.019791020287407
1,fitzgerald,1353,wells,6.9766472180684405
1,fitzgerald,1353,austen,6.956259568532308
1,fitzgerald,1353,fitzgerald,6.575974532536098
1,fitzgerald,1353,twain,7.614619135856628
1,fitzgerald,1354,train,3.5734688440958657
1,fitzgerald,1354,baum,6.8941330909729
1,fitzgerald,1354,thompson,7.569045305252075
1,fitzgerald,1354,dickens,6.787803332010905
1,fitzgerald,1354,melville,8.029381487104628
1,fitzgerald,1354,wells,6.98168698946635
1,fitzgerald,1354,austen,6.954142808914185
1,fitzgerald,1354,fitzgerald,6.573634556361607
1,fitzgerald,1354,twain,7.621667861938477
1,fitzgerald,1355,train,3.5467843214670816
1,fitzgerald,1355,baum,6.910780072212219
1,fitzgerald,1355,thompson,7.580469846725464
1,fitzgerald,1355,dickens,6.801993529001872
1,fitzgerald,1355,melville,8.026817851596409
1,fitzgerald,1355,wells,6.985855102539063
1,fitzgerald,1355,austen,6.961366176605225
1,fitzgerald,1355,fitzgerald,6.58006933757237
1,fitzgerald,1355,twain,7.624300509691238
1,fitzgerald,1356,train,3.5434271494547525
1,fitzgerald,1356,baum,6.887746334075928
1,fitzgerald,1356,thompson,7.558141589164734
1,fitzgerald,1356,dickens,6.776488622029622
1,fitzgerald,1356,melville,8.022124237484402
1,fitzgerald,1356,wells,6.973143498102824
1,fitzgerald,1356,austen,6.955452839533488
1,fitzgerald,1356,fitzgerald,6.569112709590367
1,fitzgerald,1356,twain,7.618245840072632
1,fitzgerald,1357,train,3.5765504837036133
1,fitzgerald,1357,baum,6.9114896059036255
1,fitzgerald,1357,thompson,7.5817941427230835
1,fitzgerald,1357,dickens,6.8055739402771
1,fitzgerald,1357,melville,8.039561483595106
1,fitzgerald,1357,wells,6.99242917696635
1,fitzgerald,1357,austen,6.973325888315837
1,fitzgerald,1357,fitzgerald,6.584019115992954
1,fitzgerald,1357,twain,7.628498613834381
1,fitzgerald,1358,train,3.5518314838409424
1,fitzgerald,1358,baum,6.94570791721344
1,fitzgerald,1358,thompson,7.621766805648804
1,fitzgerald,1358,dickens,6.829963684082031
1,fitzgerald,1358,melville,8.079988638559977
1,fitzgerald,1358,wells,7.0307051340738935
1,fitzgerald,1358,austen,6.998384952545166
1,fitzgerald,1358,fitzgerald,6.610585348946708
1,fitzgerald,1358,twain,7.666880220174789
1,fitzgerald,1359,train,3.574974219004313
1,fitzgerald,1359,baum,6.914953589439392
1,fitzgerald,1359,thompson,7.5813599824905396
1,fitzgerald,1359,dickens,6.809322675069173
1,fitzgerald,1359,melville,8.043844223022461
1,fitzgerald,1359,wells,7.004150629043579
1,fitzgerald,1359,austen,6.976431290308635
1,fitzgerald,1359,fitzgerald,6.592439379010882
1,fitzgerald,1359,twain,7.644925773143768
1,fitzgerald,1360,train,3.544691165288289
1,fitzgerald,1360,baum,6.897576689720154
1,fitzgerald,1360,thompson,7.579203724861145
1,fitzgerald,1360,dickens,6.79762585957845
1,fitzgerald,1360,melville,8.03546275032891
1,fitzgerald,1360,wells,6.98303763071696
1,fitzgerald,1360,austen,6.957641045252482
1,fitzgerald,1360,fitzgerald,6.580807072775705
1,fitzgerald,1360,twain,7.624390602111816
1,fitzgerald,1361,train,3.573118130366008
1,fitzgerald,1361,baum,6.904686808586121
1,fitzgerald,1361,thompson,7.581133961677551
1,fitzgerald,1361,dickens,6.80431620279948
1,fitzgerald,1361,melville,8.038774384392632
1,fitzgerald,1361,wells,6.984323660532634
1,fitzgerald,1361,austen,6.960927645365397
1,fitzgerald,1361,fitzgerald,6.583765029907227
1,fitzgerald,1361,twain,7.626326739788055
1,fitzgerald,1362,train,3.572678804397583
1,fitzgerald,1362,baum,6.893807530403137
1,fitzgerald,1362,thompson,7.570410132408142
1,fitzgerald,1362,dickens,6.786256631215413
1,fitzgerald,1362,melville,8.027770466274685
1,fitzgerald,1362,wells,6.978440284729004
1,fitzgerald,1362,austen,6.949060519536336
1,fitzgerald,1362,fitzgerald,6.578152792794364
1,fitzgerald,1362,twain,7.62307271361351
1,fitzgerald,1363,train,3.5592207113901773
1,fitzgerald,1363,baum,6.930972337722778
1,fitzgerald,1363,thompson,7.604623913764954
1,fitzgerald,1363,dickens,6.813376426696777
1,fitzgerald,1363,melville,8.041977988349068
1,fitzgerald,1363,wells,7.003987709681193
1,fitzgerald,1363,austen,6.975717465082805
1,fitzgerald,1363,fitzgerald,6.596469947269985
1,fitzgerald,1363,twain,7.637988656759262
1,fitzgerald,1364,train,3.588268995285034
1,fitzgerald,1364,baum,6.922548770904541
1,fitzgerald,1364,thompson,7.599822163581848
1,fitzgerald,1364,dickens,6.804210027058919
1,fitzgerald,1364,melville,8.059534284803602
1,fitzgerald,1364,wells,7.011619091033936
1,fitzgerald,1364,austen,6.980274756749471
1,fitzgerald,1364,fitzgerald,6.592953409467425
1,fitzgerald,1364,twain,7.646635383367538
1,fitzgerald,1365,train,3.563321272532145
1,fitzgerald,1365,baum,6.9158265590667725
1,fitzgerald,1365,thompson,7.585610866546631
1,fitzgerald,1365,dickens,6.80674393971761
1,fitzgerald,1365,melville,8.04206625620524
1,fitzgerald,1365,wells,6.999076128005981
1,fitzgerald,1365,austen,6.96690050760905
1,fitzgerald,1365,fitzgerald,6.58654751096453
1,fitzgerald,1365,twain,7.630191087722778
1,fitzgerald,1366,train,3.5407446225484214
1,fitzgerald,1366,baum,6.924471974372864
1,fitzgerald,1366,thompson,7.600805878639221
1,fitzgerald,1366,dickens,6.812809944152832
1,fitzgerald,1366,melville,8.057729932996962
1,fitzgerald,1366,wells,7.013540744781494
1,fitzgerald,1366,austen,6.975013653437297
1,fitzgerald,1366,fitzgerald,6.596773215702602
1,fitzgerald,1366,twain,7.640915870666504
1,fitzgerald,1367,train,3.564067522684733
1,fitzgerald,1367,baum,6.937471270561218
1,fitzgerald,1367,thompson,7.61357045173645
1,fitzgerald,1367,dickens,6.824353059132894
1,fitzgerald,1367,melville,8.06153647104899
1,fitzgerald,1367,wells,7.02312954266866
1,fitzgerald,1367,austen,6.986991961797078
1,fitzgerald,1367,fitzgerald,6.607144900730678
1,fitzgerald,1367,twain,7.654011905193329
1,fitzgerald,1368,train,3.5972607135772705
1,fitzgerald,1368,baum,6.920010209083557
1,fitzgerald,1368,thompson,7.602257966995239
1,fitzgerald,1368,dickens,6.813027064005534
1,fitzgerald,1368,melville,8.058790842692057
1,fitzgerald,1368,wells,7.006150007247925
1,fitzgerald,1368,austen,6.970818122227986
1,fitzgerald,1368,fitzgerald,6.596430029187884
1,fitzgerald,1368,twain,7.64553827047348
1,fitzgerald,1369,train,3.566768169403076
1,fitzgerald,1369,baum,6.908934235572815
1,fitzgerald,1369,thompson,7.58239734172821
1,fitzgerald,1369,dickens,6.802474498748779
1,fitzgerald,1369,melville,8.051223966810438
1,fitzgerald,1369,wells,6.995349963506063
1,fitzgerald,1369,austen,6.962836901346843
1,fitzgerald,1369,fitzgerald,6.585471561976841
1,fitzgerald,1369,twain,7.634891927242279
1,fitzgerald,1370,train,3.587383588155111
1,fitzgerald,1370,baum,6.918431997299194
1,fitzgerald,1370,thompson,7.585856676101685
1,fitzgerald,1370,dickens,6.820223808288574
1,fitzgerald,1370,melville,8.037111229366726
1,fitzgerald,1370,wells,6.996857086817424
1,fitzgerald,1370,austen,6.972500006357829
1,fitzgerald,1370,fitzgerald,6.589022432054792
1,fitzgerald,1370,twain,7.632202655076981
1,fitzgerald,1371,train,3.563229322433472
1,fitzgerald,1371,baum,6.9202998876571655
1,fitzgerald,1371,thompson,7.604621887207031
1,fitzgerald,1371,dickens,6.813767751057942
1,fitzgerald,1371,melville,8.066380818684896
1,fitzgerald,1371,wells,7.0073122183481855
1,fitzgerald,1371,austen,6.985987186431885
1,fitzgerald,1371,fitzgerald,6.5949322155543735
1,fitzgerald,1371,twain,7.646123826503754
1,fitzgerald,1372,train,3.566835403442383
1,fitzgerald,1372,baum,6.93854820728302
1,fitzgerald,1372,thompson,7.610613942146301
1,fitzgerald,1372,dickens,6.816980520884196
1,fitzgerald,1372,melville,8.072937488555908
1,fitzgerald,1372,wells,7.018397808074951
1,fitzgerald,1372,austen,6.9965873559316
1,fitzgerald,1372,fitzgerald,6.604221139635358
1,fitzgerald,1372,twain,7.656914561986923
1,fitzgerald,1373,train,3.539047797520956
1,fitzgerald,1373,baum,6.941466569900513
1,fitzgerald,1373,thompson,7.61806333065033
1,fitzgerald,1373,dickens,6.8156172434488935
1,fitzgerald,1373,melville,8.067392455206978
1,fitzgerald,1373,wells,7.02441946665446
1,fitzgerald,1373,austen,6.990391651789348
1,fitzgerald,1373,fitzgerald,6.608155863625663
1,fitzgerald,1373,twain,7.656598299741745
1,fitzgerald,1374,train,3.569449265797933
1,fitzgerald,1374,baum,6.906300663948059
1,fitzgerald,1374,thompson,7.597677826881409
1,fitzgerald,1374,dickens,6.797426700592041
1,fitzgerald,1374,melville,8.054599708980984
1,fitzgerald,1374,wells,7.001097917556763
1,fitzgerald,1374,austen,6.966207106908162
1,fitzgerald,1374,fitzgerald,6.589442184993199
1,fitzgerald,1374,twain,7.635932594537735
1,fitzgerald,1375,train,3.54099170366923
1,fitzgerald,1375,baum,6.947144746780396
1,fitzgerald,1375,thompson,7.616169214248657
1,fitzgerald,1375,dickens,6.840383211771647
1,fitzgerald,1375,melville,8.06065230899387
1,fitzgerald,1375,wells,7.021525541941325
1,fitzgerald,1375,austen,6.993828773498535
1,fitzgerald,1375,fitzgerald,6.610626970018659
1,fitzgerald,1375,twain,7.649893760681152
1,fitzgerald,1376,train,3.600926160812378
1,fitzgerald,1376,baum,6.924602746963501
1,fitzgerald,1376,thompson,7.605612397193909
1,fitzgerald,1376,dickens,6.812540054321289
1,fitzgerald,1376,melville,8.074360953436958
1,fitzgerald,1376,wells,7.009238004684448
1,fitzgerald,1376,austen,6.982771873474121
1,fitzgerald,1376,fitzgerald,6.596905640193394
1,fitzgerald,1376,twain,7.652998387813568
1,fitzgerald,1377,train,3.518636465072632
1,fitzgerald,1377,baum,6.922035098075867
1,fitzgerald,1377,thompson,7.5991517305374146
1,fitzgerald,1377,dickens,6.801584720611572
1,fitzgerald,1377,melville,8.054579469892714
1,fitzgerald,1377,wells,7.005167166392009
1,fitzgerald,1377,austen,6.972764889399211
1,fitzgerald,1377,fitzgerald,6.597453253609793
1,fitzgerald,1377,twain,7.643997102975845
1,fitzgerald,1378,train,3.546867529551188
1,fitzgerald,1378,baum,6.944964051246643
1,fitzgerald,1378,thompson,7.624497056007385
1,fitzgerald,1378,dickens,6.825618108113607
1,fitzgerald,1378,melville,8.068625768025717
1,fitzgerald,1378,wells,7.029937505722046
1,fitzgerald,1378,austen,6.994684775670369
1,fitzgerald,1378,fitzgerald,6.616533824375698
1,fitzgerald,1378,twain,7.664755910634994
1,fitzgerald,1379,train,3.578370253245036
1,fitzgerald,1379,baum,6.935455083847046
1,fitzgerald,1379,thompson,7.619483351707458
1,fitzgerald,1379,dickens,6.827679475148519
1,fitzgerald,1379,melville,8.077524450090197
1,fitzgerald,1379,wells,7.023402849833171
1,fitzgerald,1379,austen,6.9936182498931885
1,fitzgerald,1379,fitzgerald,6.606736387525286
1,fitzgerald,1379,twain,7.665331780910492
1,fitzgerald,1380,train,3.496853033701578
1,fitzgerald,1380,baum,6.930618166923523
1,fitzgerald,1380,thompson,7.607385873794556
1,fitzgerald,1380,dickens,6.828137874603272
1,fitzgerald,1380,melville,8.060329808129204
1,fitzgerald,1380,wells,7.013220389684041
1,fitzgerald,1380,austen,6.985064427057902
1,fitzgerald,1380,fitzgerald,6.599454947880337
1,fitzgerald,1380,twain,7.651699304580688
1,fitzgerald,1381,train,3.579082489013672
1,fitzgerald,1381,baum,6.926774621009827
1,fitzgerald,1381,thompson,7.605751633644104
1,fitzgerald,1381,dickens,6.813688596089681
1,fitzgerald,1381,melville,8.066233052147759
1,fitzgerald,1381,wells,7.021011670430501
1,fitzgerald,1381,austen,6.99068037668864
1,fitzgerald,1381,fitzgerald,6.600637027195522
1,fitzgerald,1381,twain,7.660758197307587
1,fitzgerald,1382,train,3.5912765661875405
1,fitzgerald,1382,baum,6.940354228019714
1,fitzgerald,1382,thompson,7.609771728515625
1,fitzgerald,1382,dickens,6.81847620010376
1,fitzgerald,1382,melville,8.049810939364964
1,fitzgerald,1382,wells,7.0152082443237305
1,fitzgerald,1382,austen,6.982671817143758
1,fitzgerald,1382,fitzgerald,6.6040272031511575
1,fitzgerald,1382,twain,7.645496666431427
1,fitzgerald,1383,train,3.579826672871908
1,fitzgerald,1383,baum,6.922971248626709
1,fitzgerald,1383,thompson,7.594821810722351
1,fitzgerald,1383,dickens,6.820433616638184
1,fitzgerald,1383,melville,8.051386303371853
1,fitzgerald,1383,wells,7.004108905792236
1,fitzgerald,1383,austen,6.972929795583089
1,fitzgerald,1383,fitzgerald,6.5968538011823386
1,fitzgerald,1383,twain,7.63820806145668
1,fitzgerald,1384,train,3.520172357559204
1,fitzgerald,1384,baum,6.93371844291687
1,fitzgerald,1384,thompson,7.610137104988098
1,fitzgerald,1384,dickens,6.823859691619873
1,fitzgerald,1384,melville,8.078076203664144
1,fitzgerald,1384,wells,7.028983116149902
1,fitzgerald,1384,austen,6.993817249933879
1,fitzgerald,1384,fitzgerald,6.604359763009208
1,fitzgerald,1384,twain,7.663227438926697
1,fitzgerald,1385,train,3.49239985148112
1,fitzgerald,1385,baum,6.946086406707764
1,fitzgerald,1385,thompson,7.621316075325012
1,fitzgerald,1385,dickens,6.833037535349528
1,fitzgerald,1385,melville,8.068241119384766
1,fitzgerald,1385,wells,7.028935432434082
1,fitzgerald,1385,austen,6.989645878473918
1,fitzgerald,1385,fitzgerald,6.606457029070173
1,fitzgerald,1385,twain,7.661771774291992
1,fitzgerald,1386,train,3.539308786392212
1,fitzgerald,1386,baum,6.922714114189148
1,fitzgerald,1386,thompson,7.605857014656067
1,fitzgerald,1386,dickens,6.815377871195476
1,fitzgerald,1386,melville,8.054317845238579
1,fitzgerald,1386,wells,7.01053524017334
1,fitzgerald,1386,austen,6.977011601130168
1,fitzgerald,1386,fitzgerald,6.59691892351423
1,fitzgerald,1386,twain,7.648084193468094
1,fitzgerald,1387,train,3.5436219374338784
1,fitzgerald,1387,baum,6.936910152435303
1,fitzgerald,1387,thompson,7.621678829193115
1,fitzgerald,1387,dickens,6.822377999623616
1,fitzgerald,1387,melville,8.075367291768393
1,fitzgerald,1387,wells,7.02341365814209
1,fitzgerald,1387,austen,7.000429232915242
1,fitzgerald,1387,fitzgerald,6.60820518221174
1,fitzgerald,1387,twain,7.662814378738403
1,fitzgerald,1388,train,3.50592033068339
1,fitzgerald,1388,baum,6.956593632698059
1,fitzgerald,1388,thompson,7.628621578216553
1,fitzgerald,1388,dickens,6.8385036786397295
1,fitzgerald,1388,melville,8.069445504082573
1,fitzgerald,1388,wells,7.027303298314412
1,fitzgerald,1388,austen,7.00413457552592
1,fitzgerald,1388,fitzgerald,6.614482062203543
1,fitzgerald,1388,twain,7.663229286670685
1,fitzgerald,1389,train,3.5103748639424643
1,fitzgerald,1389,baum,6.933041453361511
1,fitzgerald,1389,thompson,7.605373382568359
1,fitzgerald,1389,dickens,6.819692770640056
1,fitzgerald,1389,melville,8.057269467247856
1,fitzgerald,1389,wells,7.016342322031657
1,fitzgerald,1389,austen,6.984309434890747
1,fitzgerald,1389,fitzgerald,6.601022720336914
1,fitzgerald,1389,twain,7.6487219631671906
1,fitzgerald,1390,train,3.498512585957845
1,fitzgerald,1390,baum,6.9499272108078
1,fitzgerald,1390,thompson,7.621478080749512
1,fitzgerald,1390,dickens,6.836193084716797
1,fitzgerald,1390,melville,8.070977846781412
1,fitzgerald,1390,wells,7.0326307614644366
1,fitzgerald,1390,austen,7.000594774881999
1,fitzgerald,1390,fitzgerald,6.614226954323905
1,fitzgerald,1390,twain,7.659360378980637
1,fitzgerald,1391,train,3.520236333211263
1,fitzgerald,1391,baum,6.956259608268738
1,fitzgerald,1391,thompson,7.628941893577576
1,fitzgerald,1391,dickens,6.843654155731201
1,fitzgerald,1391,melville,8.072978019714355
1,fitzgerald,1391,wells,7.033334255218506
1,fitzgerald,1391,austen,7.005325555801392
1,fitzgerald,1391,fitzgerald,6.616681848253522
1,fitzgerald,1391,twain,7.664959609508514
1,fitzgerald,1392,train,3.530555566151937
1,fitzgerald,1392,baum,6.943015098571777
1,fitzgerald,1392,thompson,7.62204897403717
1,fitzgerald,1392,dickens,6.824249426523845
1,fitzgerald,1392,melville,8.07314787970649
1,fitzgerald,1392,wells,7.032433986663818
1,fitzgerald,1392,austen,6.993861436843872
1,fitzgerald,1392,fitzgerald,6.613533564976284
1,fitzgerald,1392,twain,7.666093319654465
1,fitzgerald,1393,train,3.556773026784261
1,fitzgerald,1393,baum,6.947578072547913
1,fitzgerald,1393,thompson,7.6212369203567505
1,fitzgerald,1393,dickens,6.821999549865723
1,fitzgerald,1393,melville,8.068280696868896
1,fitzgerald,1393,wells,7.029847780863444
1,fitzgerald,1393,austen,6.996961196263631
1,fitzgerald,1393,fitzgerald,6.614106518881662
1,fitzgerald,1393,twain,7.663596659898758
1,fitzgerald,1394,train,3.49447496732076
1,fitzgerald,1394,baum,6.960339188575745
1,fitzgerald,1394,thompson,7.632721066474914
1,fitzgerald,1394,dickens,6.831779321034749
1,fitzgerald,1394,melville,8.07646115620931
1,fitzgerald,1394,wells,7.039305210113525
1,fitzgerald,1394,austen,7.007963975270589
1,fitzgerald,1394,fitzgerald,6.622452872140067
1,fitzgerald,1394,twain,7.669932156801224
1,fitzgerald,1395,train,3.5026485125223794
1,fitzgerald,1395,baum,6.95687210559845
1,fitzgerald,1395,thompson,7.6334943771362305
1,fitzgerald,1395,dickens,6.832527955373128
1,fitzgerald,1395,melville,8.076824559105766
1,fitzgerald,1395,wells,7.037692387898763
1,fitzgerald,1395,austen,7.001752297083537
1,fitzgerald,1395,fitzgerald,6.621192864009312
1,fitzgerald,1395,twain,7.665662497282028
1,fitzgerald,1396,train,3.4869155089060464
1,fitzgerald,1396,baum,6.96031653881073
1,fitzgerald,1396,thompson,7.640055418014526
1,fitzgerald,1396,dickens,6.840850035349528
1,fitzgerald,1396,melville,8.084540261162651
1,fitzgerald,1396,wells,7.038805643717448
1,fitzgerald,1396,austen,7.011636892954509
1,fitzgerald,1396,fitzgerald,6.622867856706892
1,fitzgerald,1396,twain,7.674412697553635
1,fitzgerald,1397,train,3.471575657526652
1,fitzgerald,1397,baum,6.969535827636719
1,fitzgerald,1397,thompson,7.645580410957336
1,fitzgerald,1397,dickens,6.849922974904378
1,fitzgerald,1397,melville,8.11073637008667
1,fitzgerald,1397,wells,7.061824480692546
1,fitzgerald,1397,austen,7.0336807568868
1,fitzgerald,1397,fitzgerald,6.636112213134766
1,fitzgerald,1397,twain,7.697776705026627
1,fitzgerald,1398,train,3.510852734247844
1,fitzgerald,1398,baum,6.952070593833923
1,fitzgerald,1398,thompson,7.630365371704102
1,fitzgerald,1398,dickens,6.836303075154622
1,fitzgerald,1398,melville,8.082821316189236
1,fitzgerald,1398,wells,7.039675394694011
1,fitzgerald,1398,austen,7.005103429158528
1,fitzgerald,1398,fitzgerald,6.620592185429165
1,fitzgerald,1398,twain,7.670446693897247
1,fitzgerald,1399,train,3.526268243789673
1,fitzgerald,1399,baum,6.962183713912964
1,fitzgerald,1399,thompson,7.633184313774109
1,fitzgerald,1399,dickens,6.848612308502197
1,fitzgerald,1399,melville,8.080414242214626
1,fitzgerald,1399,wells,7.035507361094157
1,fitzgerald,1399,austen,7.008800586064656
1,fitzgerald,1399,fitzgerald,6.618636335645403
1,fitzgerald,1399,twain,7.671940118074417
1,fitzgerald,1400,train,3.511686325073242
1,fitzgerald,1400,baum,6.963696599006653
1,fitzgerald,1400,thompson,7.632333874702454
1,fitzgerald,1400,dickens,6.854069232940674
1,fitzgerald,1400,melville,8.08604171541002
1,fitzgerald,1400,wells,7.0463151931762695
1,fitzgerald,1400,austen,7.024233182271321
1,fitzgerald,1400,fitzgerald,6.623969350542341
1,fitzgerald,1400,twain,7.677309572696686
1,fitzgerald,1401,train,3.475226084391276
1,fitzgerald,1401,baum,6.9604572057724
1,fitzgerald,1401,thompson,7.639405012130737
1,fitzgerald,1401,dickens,6.840840657552083
1,fitzgerald,1401,melville,8.082586924235025
1,fitzgerald,1401,wells,7.043084780375163
1,fitzgerald,1401,austen,7.0120110511779785
1,fitzgerald,1401,fitzgerald,6.6241302490234375
1,fitzgerald,1401,twain,7.669609844684601
1,fitzgerald,1402,train,3.514482895533244
1,fitzgerald,1402,baum,6.977123141288757
1,fitzgerald,1402,thompson,7.646827697753906
1,fitzgerald,1402,dickens,6.848565896352132
1,fitzgerald,1402,melville,8.084336015913221
1,fitzgerald,1402,wells,7.047093232472737
1,fitzgerald,1402,austen,7.0151002407073975
1,fitzgerald,1402,fitzgerald,6.627930913652692
1,fitzgerald,1402,twain,7.676808625459671
1,fitzgerald,1403,train,3.485771417617798
1,fitzgerald,1403,baum,6.958849787712097
1,fitzgerald,1403,thompson,7.637178540229797
1,fitzgerald,1403,dickens,6.833564281463623
1,fitzgerald,1403,melville,8.086654345194498
1,fitzgerald,1403,wells,7.042083183924357
1,fitzgerald,1403,austen,7.0066624482472735
1,fitzgerald,1403,fitzgerald,6.622006075722831
1,fitzgerald,1403,twain,7.674480020999908
1,fitzgerald,1404,train,3.478644291559855
1,fitzgerald,1404,baum,6.959482312202454
1,fitzgerald,1404,thompson,7.638126492500305
1,fitzgerald,1404,dickens,6.834680398305257
1,fitzgerald,1404,melville,8.085882186889648
1,fitzgerald,1404,wells,7.045144240061442
1,fitzgerald,1404,austen,7.01279083887736
1,fitzgerald,1404,fitzgerald,6.624046325683594
1,fitzgerald,1404,twain,7.672425210475922
1,fitzgerald,1405,train,3.534144322077433
1,fitzgerald,1405,baum,6.966557860374451
1,fitzgerald,1405,thompson,7.639811038970947
1,fitzgerald,1405,dickens,6.84242566426595
1,fitzgerald,1405,melville,8.09630823135376
1,fitzgerald,1405,wells,7.054889837900798
1,fitzgerald,1405,austen,7.022675116856893
1,fitzgerald,1405,fitzgerald,6.626491274152484
1,fitzgerald,1405,twain,7.681389927864075
1,fitzgerald,1406,train,3.487817446390788
1,fitzgerald,1406,baum,6.965780019760132
1,fitzgerald,1406,thompson,7.636162042617798
1,fitzgerald,1406,dickens,6.845473766326904
1,fitzgerald,1406,melville,8.081389427185059
1,fitzgerald,1406,wells,7.049678007761638
1,fitzgerald,1406,austen,7.014201243718465
1,fitzgerald,1406,fitzgerald,6.6248835154942105
1,fitzgerald,1406,twain,7.675971150398254
1,fitzgerald,1407,train,3.573805014292399
1,fitzgerald,1407,baum,6.951800465583801
1,fitzgerald,1407,thompson,7.633546471595764
1,fitzgerald,1407,dickens,6.837828795115153
1,fitzgerald,1407,melville,8.077836831410727
1,fitzgerald,1407,wells,7.031014760335286
1,fitzgerald,1407,austen,7.001594066619873
1,fitzgerald,1407,fitzgerald,6.620593547821045
1,fitzgerald,1407,twain,7.661130428314209
1,fitzgerald,1408,train,3.467661460240682
1,fitzgerald,1408,baum,6.950344443321228
1,fitzgerald,1408,thompson,7.629271984100342
1,fitzgerald,1408,dickens,6.842203776041667
1,fitzgerald,1408,melville,8.097556485070122
1,fitzgerald,1408,wells,7.040466388066609
1,fitzgerald,1408,austen,7.01403005917867
1,fitzgerald,1408,fitzgerald,6.623607226780483
1,fitzgerald,1408,twain,7.674342155456543
1,fitzgerald,1409,train,3.4856573740641275
1,fitzgerald,1409,baum,6.959814667701721
1,fitzgerald,1409,thompson,7.640168190002441
1,fitzgerald,1409,dickens,6.846150716145833
1,fitzgerald,1409,melville,8.096053547329372
1,fitzgerald,1409,wells,7.042684237162272
1,fitzgerald,1409,austen,7.014213403065999
1,fitzgerald,1409,fitzgerald,6.622696672167097
1,fitzgerald,1409,twain,7.680911332368851
1,fitzgerald,1410,train,3.459385633468628
1,fitzgerald,1410,baum,6.958886861801148
1,fitzgerald,1410,thompson,7.641480922698975
1,fitzgerald,1410,dickens,6.841289043426514
1,fitzgerald,1410,melville,8.087627675798204
1,fitzgerald,1410,wells,7.034543355305989
1,fitzgerald,1410,austen,7.008018811543782
1,fitzgerald,1410,fitzgerald,6.620791162763323
1,fitzgerald,1410,twain,7.6701063215732574
1,fitzgerald,1411,train,3.469606955846151
1,fitzgerald,1411,baum,6.9613646268844604
1,fitzgerald,1411,thompson,7.638376593589783
1,fitzgerald,1411,dickens,6.849301973978679
1,fitzgerald,1411,melville,8.087196720971
1,fitzgerald,1411,wells,7.041625102361043
1,fitzgerald,1411,austen,7.018450419108073
1,fitzgerald,1411,fitzgerald,6.623468399047852
1,fitzgerald,1411,twain,7.671554863452911
1,fitzgerald,1412,train,3.490078449249268
1,fitzgerald,1412,baum,6.99573016166687
1,fitzgerald,1412,thompson,7.674209475517273
1,fitzgerald,1412,dickens,6.878214200337728
1,fitzgerald,1412,melville,8.108867751227486
1,fitzgerald,1412,wells,7.07098921140035
1,fitzgerald,1412,austen,7.041708310445149
1,fitzgerald,1412,fitzgerald,6.648136138916016
1,fitzgerald,1412,twain,7.695759177207947
1,fitzgerald,1413,train,3.469019810358683
1,fitzgerald,1413,baum,6.974702715873718
1,fitzgerald,1413,thompson,7.65306031703949
1,fitzgerald,1413,dickens,6.859593550364177
1,fitzgerald,1413,melville,8.110595120324028
1,fitzgerald,1413,wells,7.0655544598897295
1,fitzgerald,1413,austen,7.0326924324035645
1,fitzgerald,1413,fitzgerald,6.640484264918736
1,fitzgerald,1413,twain,7.692140102386475
1,fitzgerald,1414,train,3.4996891816457114
1,fitzgerald,1414,baum,6.972122311592102
1,fitzgerald,1414,thompson,7.649399399757385
1,fitzgerald,1414,dickens,6.84959077835083
1,fitzgerald,1414,melville,8.096541139814589
1,fitzgerald,1414,wells,7.058273315429688
1,fitzgerald,1414,austen,7.026317755381267
1,fitzgerald,1414,fitzgerald,6.63432993207659
1,fitzgerald,1414,twain,7.6877681612968445
1,fitzgerald,1415,train,3.470865170160929
1,fitzgerald,1415,baum,6.974802017211914
1,fitzgerald,1415,thompson,7.645658612251282
1,fitzgerald,1415,dickens,6.851826985677083
1,fitzgerald,1415,melville,8.090494367811415
1,fitzgerald,1415,wells,7.049880107243856
1,fitzgerald,1415,austen,7.023537794748942
1,fitzgerald,1415,fitzgerald,6.628297056470599
1,fitzgerald,1415,twain,7.684175550937653
1,fitzgerald,1416,train,3.4988931814829507
1,fitzgerald,1416,baum,6.998036503791809
1,fitzgerald,1416,thompson,7.661349177360535
1,fitzgerald,1416,dickens,6.868954976399739
1,fitzgerald,1416,melville,8.111319012112087
1,fitzgerald,1416,wells,7.074811061223348
1,fitzgerald,1416,austen,7.043013175328572
1,fitzgerald,1416,fitzgerald,6.648046221051898
1,fitzgerald,1416,twain,7.697601586580276
1,fitzgerald,1417,train,3.5115913550059
1,fitzgerald,1417,baum,7.00181257724762
1,fitzgerald,1417,thompson,7.670653223991394
1,fitzgerald,1417,dickens,6.874748229980469
1,fitzgerald,1417,melville,8.11053048239814
1,fitzgerald,1417,wells,7.081884384155273
1,fitzgerald,1417,austen,7.050501982371013
1,fitzgerald,1417,fitzgerald,6.653383799961635
1,fitzgerald,1417,twain,7.703038364648819
1,fitzgerald,1418,train,3.502386728922526
1,fitzgerald,1418,baum,6.983722925186157
1,fitzgerald,1418,thompson,7.662277579307556
1,fitzgerald,1418,dickens,6.8655727704366045
1,fitzgerald,1418,melville,8.10522853003608
1,fitzgerald,1418,wells,7.063854058583577
1,fitzgerald,1418,austen,7.039353052775065
1,fitzgerald,1418,fitzgerald,6.636588437216623
1,fitzgerald,1418,twain,7.695385992527008
1,fitzgerald,1419,train,3.4842251936594644
1,fitzgerald,1419,baum,6.993793725967407
1,fitzgerald,1419,thompson,7.673495650291443
1,fitzgerald,1419,dickens,6.871619701385498
1,fitzgerald,1419,melville,8.124191284179688
1,fitzgerald,1419,wells,7.0759068330128985
1,fitzgerald,1419,austen,7.042749245961507
1,fitzgerald,1419,fitzgerald,6.647163527352469
1,fitzgerald,1419,twain,7.707504212856293
1,fitzgerald,1420,train,3.4601062138875327
1,fitzgerald,1420,baum,6.993724584579468
1,fitzgerald,1420,thompson,7.669708609580994
1,fitzgerald,1420,dickens,6.871481259663899
1,fitzgerald,1420,melville,8.124278333452013
1,fitzgerald,1420,wells,7.080563386281331
1,fitzgerald,1420,austen,7.04651681582133
1,fitzgerald,1420,fitzgerald,6.651484761919294
1,fitzgerald,1420,twain,7.709896266460419
1,fitzgerald,1421,train,3.456324736277262
1,fitzgerald,1421,baum,6.9743053913116455
1,fitzgerald,1421,thompson,7.658936977386475
1,fitzgerald,1421,dickens,6.864574273427327
1,fitzgerald,1421,melville,8.112064520517984
1,fitzgerald,1421,wells,7.066333214441936
1,fitzgerald,1421,austen,7.030767599741618
1,fitzgerald,1421,fitzgerald,6.639443329402378
1,fitzgerald,1421,twain,7.693899899721146
1,fitzgerald,1422,train,3.457986275355021
1,fitzgerald,1422,baum,6.983036518096924
1,fitzgerald,1422,thompson,7.672277212142944
1,fitzgerald,1422,dickens,6.878275235493978
1,fitzgerald,1422,melville,8.129540549384224
1,fitzgerald,1422,wells,7.0760782559712725
1,fitzgerald,1422,austen,7.036678870519002
1,fitzgerald,1422,fitzgerald,6.648136002676828
1,fitzgerald,1422,twain,7.702340453863144
1,fitzgerald,1423,train,3.54036831855774
1,fitzgerald,1423,baum,6.971484184265137
1,fitzgerald,1423,thompson,7.643556475639343
1,fitzgerald,1423,dickens,6.863573392232259
1,fitzgerald,1423,melville,8.107006443871391
1,fitzgerald,1423,wells,7.060403188069661
1,fitzgerald,1423,austen,7.031775712966919
1,fitzgerald,1423,fitzgerald,6.637275423322405
1,fitzgerald,1423,twain,7.693008363246918
1,fitzgerald,1424,train,3.437558730443319
1,fitzgerald,1424,baum,6.979716777801514
1,fitzgerald,1424,thompson,7.650111436843872
1,fitzgerald,1424,dickens,6.859907786051433
1,fitzgerald,1424,melville,8.09553755654229
1,fitzgerald,1424,wells,7.06346861521403
1,fitzgerald,1424,austen,7.029969533284505
1,fitzgerald,1424,fitzgerald,6.639993122645786
1,fitzgerald,1424,twain,7.689862936735153
1,fitzgerald,1425,train,3.4947873751322427
1,fitzgerald,1425,baum,6.988768696784973
1,fitzgerald,1425,thompson,7.665843605995178
1,fitzgerald,1425,dickens,6.862986564636231
1,fitzgerald,1425,melville,8.096057997809517
1,fitzgerald,1425,wells,7.069025754928589
1,fitzgerald,1425,austen,7.031508445739746
1,fitzgerald,1425,fitzgerald,6.646932125091553
1,fitzgerald,1425,twain,7.688841223716736
1,fitzgerald,1426,train,3.3926502068837485
1,fitzgerald,1426,baum,6.979167222976685
1,fitzgerald,1426,thompson,7.663331747055054
1,fitzgerald,1426,dickens,6.859553337097168
1,fitzgerald,1426,melville,8.112878428565132
1,fitzgerald,1426,wells,7.066259543100993
1,fitzgerald,1426,austen,7.032447179158528
1,fitzgerald,1426,fitzgerald,6.64402403150286
1,fitzgerald,1426,twain,7.695342153310776
1,fitzgerald,1427,train,3.481807470321656
1,fitzgerald,1427,baum,6.981103897094727
1,fitzgerald,1427,thompson,7.651357293128967
1,fitzgerald,1427,dickens,6.871174653371175
1,fitzgerald,1427,melville,8.106511221991646
1,fitzgerald,1427,wells,7.064672152201335
1,fitzgerald,1427,austen,7.034350554148356
1,fitzgerald,1427,fitzgerald,6.642204284667969
1,fitzgerald,1427,twain,7.692657649517059
1,fitzgerald,1428,train,3.4801224867502847
1,fitzgerald,1428,baum,6.9974294900894165
1,fitzgerald,1428,thompson,7.668922543525696
1,fitzgerald,1428,dickens,6.87869135538737
1,fitzgerald,1428,melville,8.115174505445692
1,fitzgerald,1428,wells,7.077545881271362
1,fitzgerald,1428,austen,7.048631191253662
1,fitzgerald,1428,fitzgerald,6.649041448320661
1,fitzgerald,1428,twain,7.706779599189758
1,fitzgerald,1429,train,3.4696945349375405
1,fitzgerald,1429,baum,7.0005433559417725
1,fitzgerald,1429,thompson,7.683326721191406
1,fitzgerald,1429,dickens,6.875954627990723
1,fitzgerald,1429,melville,8.129573927985298
1,fitzgerald,1429,wells,7.088107744852702
1,fitzgerald,1429,austen,7.049498001734416
1,fitzgerald,1429,fitzgerald,6.6555978911263605
1,fitzgerald,1429,twain,7.719702571630478
1,fitzgerald,1430,train,3.496386766433716
1,fitzgerald,1430,baum,6.986755847930908
1,fitzgerald,1430,thompson,7.6573498249053955
1,fitzgerald,1430,dickens,6.877780596415202
1,fitzgerald,1430,melville,8.105925189124214
1,fitzgerald,1430,wells,7.067968765894572
1,fitzgerald,1430,austen,7.036337614059448
1,fitzgerald,1430,fitzgerald,6.643821580069406
1,fitzgerald,1430,twain,7.695843786001205
1,fitzgerald,1431,train,3.4369985262552896
1,fitzgerald,1431,baum,6.984182715415955
1,fitzgerald,1431,thompson,7.660340905189514
1,fitzgerald,1431,dickens,6.878449598948161
1,fitzgerald,1431,melville,8.109429677327475
1,fitzgerald,1431,wells,7.064942836761475
1,fitzgerald,1431,austen,7.039022207260132
1,fitzgerald,1431,fitzgerald,6.64227431161063
1,fitzgerald,1431,twain,7.690423250198364
1,fitzgerald,1432,train,3.490707000096639
1,fitzgerald,1432,baum,7.003673553466797
1,fitzgerald,1432,thompson,7.681756377220154
1,fitzgerald,1432,dickens,6.884125391642253
1,fitzgerald,1432,melville,8.126753807067871
1,fitzgerald,1432,wells,7.090088367462158
1,fitzgerald,1432,austen,7.057741085688273
1,fitzgerald,1432,fitzgerald,6.661603655133929
1,fitzgerald,1432,twain,7.714408367872238
1,fitzgerald,1433,train,3.4704509576161704
1,fitzgerald,1433,baum,7.003235220909119
1,fitzgerald,1433,thompson,7.670675873756409
1,fitzgerald,1433,dickens,6.892070929209392
1,fitzgerald,1433,melville,8.10416513019138
1,fitzgerald,1433,wells,7.083504517873128
1,fitzgerald,1433,austen,7.050892273585002
1,fitzgerald,1433,fitzgerald,6.659690856933594
1,fitzgerald,1433,twain,7.704436898231506
1,fitzgerald,1434,train,3.439036766688029
1,fitzgerald,1434,baum,7.004791021347046
1,fitzgerald,1434,thompson,7.683816194534302
1,fitzgerald,1434,dickens,6.895065625508626
1,fitzgerald,1434,melville,8.13491243786282
1,fitzgerald,1434,wells,7.089822769165039
1,fitzgerald,1434,austen,7.059085607528687
1,fitzgerald,1434,fitzgerald,6.659636769975935
1,fitzgerald,1434,twain,7.720605254173279
1,fitzgerald,1435,train,3.455712874730428
1,fitzgerald,1435,baum,6.990400910377502
1,fitzgerald,1435,thompson,7.66394305229187
1,fitzgerald,1435,dickens,6.881501038869222
1,fitzgerald,1435,melville,8.119875166151258
1,fitzgerald,1435,wells,7.078354835510254
1,fitzgerald,1435,austen,7.045981248219808
1,fitzgerald,1435,fitzgerald,6.649436269487653
1,fitzgerald,1435,twain,7.70957750082016
1,fitzgerald,1436,train,3.4701494375864663
1,fitzgerald,1436,baum,6.995425462722778
1,fitzgerald,1436,thompson,7.670464634895325
1,fitzgerald,1436,dickens,6.873611927032471
1,fitzgerald,1436,melville,8.112279997931587
1,fitzgerald,1436,wells,7.075040499369304
1,fitzgerald,1436,austen,7.043670177459717
1,fitzgerald,1436,fitzgerald,6.653736795697894
1,fitzgerald,1436,twain,7.704140305519104
1,fitzgerald,1437,train,3.450219710667928
1,fitzgerald,1437,baum,7.012815237045288
1,fitzgerald,1437,thompson,7.695652365684509
1,fitzgerald,1437,dickens,6.883378346761067
1,fitzgerald,1437,melville,8.13543505138821
1,fitzgerald,1437,wells,7.09394383430481
1,fitzgerald,1437,austen,7.061220010121663
1,fitzgerald,1437,fitzgerald,6.667384556361607
1,fitzgerald,1437,twain,7.724543213844299
1,fitzgerald,1438,train,3.459544817606608
1,fitzgerald,1438,baum,6.99908983707428
1,fitzgerald,1438,thompson,7.681298851966858
1,fitzgerald,1438,dickens,6.882871945699056
1,fitzgerald,1438,melville,8.130822923448351
1,fitzgerald,1438,wells,7.085881312688191
1,fitzgerald,1438,austen,7.056302229563396
1,fitzgerald,1438,fitzgerald,6.657083715711321
1,fitzgerald,1438,twain,7.721792250871658
1,fitzgerald,1439,train,3.492724259694417
1,fitzgerald,1439,baum,6.991792917251587
1,fitzgerald,1439,thompson,7.669170022010803
1,fitzgerald,1439,dickens,6.881899515787761
1,fitzgerald,1439,melville,8.10847775141398
1,fitzgerald,1439,wells,7.073398510615031
1,fitzgerald,1439,austen,7.046502669652303
1,fitzgerald,1439,fitzgerald,6.652652944837298
1,fitzgerald,1439,twain,7.706028074026108
1,fitzgerald,1440,train,3.449805816014608
1,fitzgerald,1440,baum,6.998785018920898
1,fitzgerald,1440,thompson,7.683984398841858
1,fitzgerald,1440,dickens,6.885128339131673
1,fitzgerald,1440,melville,8.124540117051867
1,fitzgerald,1440,wells,7.088052034378052
1,fitzgerald,1440,austen,7.047888994216919
1,fitzgerald,1440,fitzgerald,6.660797391619001
1,fitzgerald,1440,twain,7.719794571399689
1,fitzgerald,1441,train,3.4514872233072915
1,fitzgerald,1441,baum,7.005047678947449
1,fitzgerald,1441,thompson,7.689596772193909
1,fitzgerald,1441,dickens,6.891788482666016
1,fitzgerald,1441,melville,8.126335144042969
1,fitzgerald,1441,wells,7.093533277511597
1,fitzgerald,1441,austen,7.046990950902303
1,fitzgerald,1441,fitzgerald,6.662882055555071
1,fitzgerald,1441,twain,7.719843208789825
1,fitzgerald,1442,train,3.4565394719441733
1,fitzgerald,1442,baum,7.0130637884140015
1,fitzgerald,1442,thompson,7.697319746017456
1,fitzgerald,1442,dickens,6.88714615503947
1,fitzgerald,1442,melville,8.14204740524292
1,fitzgerald,1442,wells,7.102511485417684
1,fitzgerald,1442,austen,7.065709670384725
1,fitzgerald,1442,fitzgerald,6.671818120138986
1,fitzgerald,1442,twain,7.728415787220001
1,fitzgerald,1443,train,3.458790938059489
1,fitzgerald,1443,baum,7.02160382270813
1,fitzgerald,1443,thompson,7.70432722568512
1,fitzgerald,1443,dickens,6.884465058644612
1,fitzgerald,1443,melville,8.149472342597115
1,fitzgerald,1443,wells,7.101147890090942
1,fitzgerald,1443,austen,7.074945370356242
1,fitzgerald,1443,fitzgerald,6.674976076398577
1,fitzgerald,1443,twain,7.736947000026703
1,fitzgerald,1444,train,3.3634923299153647
1,fitzgerald,1444,baum,7.011653304100037
1,fitzgerald,1444,thompson,7.691572189331055
1,fitzgerald,1444,dickens,6.888256708780925
1,fitzgerald,1444,melville,8.124956236945259
1,fitzgerald,1444,wells,7.083271265029907
1,fitzgerald,1444,austen,7.0550758838653564
1,fitzgerald,1444,fitzgerald,6.662312575748989
1,fitzgerald,1444,twain,7.716840714216232
1,fitzgerald,1445,train,3.4210676352183023
1,fitzgerald,1445,baum,7.00777006149292
1,fitzgerald,1445,thompson,7.685673356056213
1,fitzgerald,1445,dickens,6.895221710205078
1,fitzgerald,1445,melville,8.121894306606716
1,fitzgerald,1445,wells,7.089044014612834
1,fitzgerald,1445,austen,7.051540772120158
1,fitzgerald,1445,fitzgerald,6.665438788277762
1,fitzgerald,1445,twain,7.711247086524963
1,fitzgerald,1446,train,3.471862475077311
1,fitzgerald,1446,baum,7.007210373878479
1,fitzgerald,1446,thompson,7.684325337409973
1,fitzgerald,1446,dickens,6.883993784586589
1,fitzgerald,1446,melville,8.14422337214152
1,fitzgerald,1446,wells,7.102529923121135
1,fitzgerald,1446,austen,7.063195784886678
1,fitzgerald,1446,fitzgerald,6.671660218920026
1,fitzgerald,1446,twain,7.727911382913589
1,fitzgerald,1447,train,3.435011148452759
1,fitzgerald,1447,baum,7.01690411567688
1,fitzgerald,1447,thompson,7.688340544700623
1,fitzgerald,1447,dickens,6.898854414621989
1,fitzgerald,1447,melville,8.137803448571098
1,fitzgerald,1447,wells,7.093961954116821
1,fitzgerald,1447,austen,7.062186400095622
1,fitzgerald,1447,fitzgerald,6.668856280190604
1,fitzgerald,1447,twain,7.725816130638123
1,fitzgerald,1448,train,3.471179644266764
1,fitzgerald,1448,baum,7.029376149177551
1,fitzgerald,1448,thompson,7.707127213478088
1,fitzgerald,1448,dickens,6.905567169189453
1,fitzgerald,1448,melville,8.157653119828966
1,fitzgerald,1448,wells,7.107927958170573
1,fitzgerald,1448,austen,7.073128938674927
1,fitzgerald,1448,fitzgerald,6.677682535988944
1,fitzgerald,1448,twain,7.739761978387833
1,fitzgerald,1449,train,3.4402264753977456
1,fitzgerald,1449,baum,7.020151972770691
1,fitzgerald,1449,thompson,7.693186044692993
1,fitzgerald,1449,dickens,6.893723964691162
1,fitzgerald,1449,melville,8.138326115078396
1,fitzgerald,1449,wells,7.096098025639852
1,fitzgerald,1449,austen,7.068573236465454
1,fitzgerald,1449,fitzgerald,6.6717488425118585
1,fitzgerald,1449,twain,7.722571313381195
1,fitzgerald,1450,train,3.427226940790812
1,fitzgerald,1450,baum,7.020774006843567
1,fitzgerald,1450,thompson,7.699344158172607
1,fitzgerald,1450,dickens,6.895699659983317
1,fitzgerald,1450,melville,8.149233924018013
1,fitzgerald,1450,wells,7.10424002011617
1,fitzgerald,1450,austen,7.074097077051799
1,fitzgerald,1450,fitzgerald,6.6760445322309225
1,fitzgerald,1450,twain,7.72950068116188
1,fitzgerald,1451,train,3.4160001277923584
1,fitzgerald,1451,baum,7.032036781311035
1,fitzgerald,1451,thompson,7.72463583946228
1,fitzgerald,1451,dickens,6.903318087259929
1,fitzgerald,1451,melville,8.18126466539171
1,fitzgerald,1451,wells,7.128825664520264
1,fitzgerald,1451,austen,7.0907243092854815
1,fitzgerald,1451,fitzgerald,6.6891375950404575
1,fitzgerald,1451,twain,7.757660239934921
1,fitzgerald,1452,train,3.4580225149790444
1,fitzgerald,1452,baum,7.015290975570679
1,fitzgerald,1452,thompson,7.695379614830017
1,fitzgerald,1452,dickens,6.898188432057698
1,fitzgerald,1452,melville,8.144927713606092
1,fitzgerald,1452,wells,7.098744869232178
1,fitzgerald,1452,austen,7.069261233011882
1,fitzgerald,1452,fitzgerald,6.669649124145508
1,fitzgerald,1452,twain,7.725647032260895
1,fitzgerald,1453,train,3.409137407938639
1,fitzgerald,1453,baum,7.030158996582031
1,fitzgerald,1453,thompson,7.705329060554504
1,fitzgerald,1453,dickens,6.901858011881511
1,fitzgerald,1453,melville,8.1527542008294
1,fitzgerald,1453,wells,7.110413710276286
1,fitzgerald,1453,austen,7.082513173421224
1,fitzgerald,1453,fitzgerald,6.6815497534615655
1,fitzgerald,1453,twain,7.735182583332062
1,fitzgerald,1454,train,3.4370972315470376
1,fitzgerald,1454,baum,7.024271130561829
1,fitzgerald,1454,thompson,7.705092787742615
1,fitzgerald,1454,dickens,6.894172032674153
1,fitzgerald,1454,melville,8.145723978678385
1,fitzgerald,1454,wells,7.110724846522014
1,fitzgerald,1454,austen,7.07533597946167
1,fitzgerald,1454,fitzgerald,6.680572782244001
1,fitzgerald,1454,twain,7.736262202262878
1,fitzgerald,1455,train,3.386710007985433
1,fitzgerald,1455,baum,7.010754823684692
1,fitzgerald,1455,thompson,7.692714095115662
1,fitzgerald,1455,dickens,6.888310273488362
1,fitzgerald,1455,melville,8.123668246799046
1,fitzgerald,1455,wells,7.0919984181722
1,fitzgerald,1455,austen,7.0566699504852295
1,fitzgerald,1455,fitzgerald,6.665851593017578
1,fitzgerald,1455,twain,7.7178288996219635
1,fitzgerald,1456,train,3.426576375961304
1,fitzgerald,1456,baum,7.029911160469055
1,fitzgerald,1456,thompson,7.714673161506653
1,fitzgerald,1456,dickens,6.892682552337647
1,fitzgerald,1456,melville,8.146898375617134
1,fitzgerald,1456,wells,7.107896327972412
1,fitzgerald,1456,austen,7.077290693918864
1,fitzgerald,1456,fitzgerald,6.67918975012643
1,fitzgerald,1456,twain,7.735677778720856
1,fitzgerald,1457,train,3.468076546986898
1,fitzgerald,1457,baum,7.04050087928772
1,fitzgerald,1457,thompson,7.715735077857971
1,fitzgerald,1457,dickens,6.902164618174235
1,fitzgerald,1457,melville,8.157598124610054
1,fitzgerald,1457,wells,7.11787748336792
1,fitzgerald,1457,austen,7.095136006673177
1,fitzgerald,1457,fitzgerald,6.685109955923898
1,fitzgerald,1457,twain,7.750199735164642
1,fitzgerald,1458,train,3.4325069586435952
1,fitzgerald,1458,baum,7.032174706459045
1,fitzgerald,1458,thompson,7.708039999008179
1,fitzgerald,1458,dickens,6.909977912902832
1,fitzgerald,1458,melville,8.15233760409885
1,fitzgerald,1458,wells,7.108647425969441
1,fitzgerald,1458,austen,7.083555698394775
1,fitzgerald,1458,fitzgerald,6.679102420806885
1,fitzgerald,1458,twain,7.742080599069595
1,fitzgerald,1459,train,3.3601795037587485
1,fitzgerald,1459,baum,7.032327175140381
1,fitzgerald,1459,thompson,7.716072678565979
1,fitzgerald,1459,dickens,6.916158358256022
1,fitzgerald,1459,melville,8.15953959359063
1,fitzgerald,1459,wells,7.109338760375977
1,fitzgerald,1459,austen,7.080357154210408
1,fitzgerald,1459,fitzgerald,6.680449077061245
1,fitzgerald,1459,twain,7.745029240846634
1,fitzgerald,1460,train,3.423540989557902
1,fitzgerald,1460,baum,7.035877466201782
1,fitzgerald,1460,thompson,7.714966177940369
1,fitzgerald,1460,dickens,6.906124273935954
1,fitzgerald,1460,melville,8.151609314812553
1,fitzgerald,1460,wells,7.11196772257487
1,fitzgerald,1460,austen,7.0835700035095215
1,fitzgerald,1460,fitzgerald,6.685323374611991
1,fitzgerald,1460,twain,7.744641900062561
1,fitzgerald,1461,train,3.43326203028361
1,fitzgerald,1461,baum,7.028763771057129
1,fitzgerald,1461,thompson,7.7068564891815186
1,fitzgerald,1461,dickens,6.897483189900716
1,fitzgerald,1461,melville,8.143293168809679
1,fitzgerald,1461,wells,7.098302682240804
1,fitzgerald,1461,austen,7.075427293777466
1,fitzgerald,1461,fitzgerald,6.676590238298688
1,fitzgerald,1461,twain,7.735525041818619
1,fitzgerald,1462,train,3.3813463846842446
1,fitzgerald,1462,baum,7.042145609855652
1,fitzgerald,1462,thompson,7.725608706474304
1,fitzgerald,1462,dickens,6.903385321299235
1,fitzgerald,1462,melville,8.169709046681723
1,fitzgerald,1462,wells,7.113400141398112
1,fitzgerald,1462,austen,7.087176243464152
1,fitzgerald,1462,fitzgerald,6.6854754856654575
1,fitzgerald,1462,twain,7.754908889532089
1,fitzgerald,1463,train,3.422485113143921
1,fitzgerald,1463,baum,7.057147860527039
1,fitzgerald,1463,thompson,7.739009737968445
1,fitzgerald,1463,dickens,6.915236155192058
1,fitzgerald,1463,melville,8.18095498614841
1,fitzgerald,1463,wells,7.131916920344035
1,fitzgerald,1463,austen,7.100104014078776
1,fitzgerald,1463,fitzgerald,6.699940204620361
1,fitzgerald,1463,twain,7.765241771936417
1,fitzgerald,1464,train,3.391895294189453
1,fitzgerald,1464,baum,7.056031703948975
1,fitzgerald,1464,thompson,7.735601186752319
1,fitzgerald,1464,dickens,6.913166364034017
1,fitzgerald,1464,melville,8.190762678782145
1,fitzgerald,1464,wells,7.135876576105754
1,fitzgerald,1464,austen,7.108223597208659
1,fitzgerald,1464,fitzgerald,6.701469625745501
1,fitzgerald,1464,twain,7.769906222820282
1,fitzgerald,1465,train,3.4419795672098794
1,fitzgerald,1465,baum,7.042133569717407
1,fitzgerald,1465,thompson,7.7230976819992065
1,fitzgerald,1465,dickens,6.905383586883545
1,fitzgerald,1465,melville,8.188194433848063
1,fitzgerald,1465,wells,7.129423220952352
1,fitzgerald,1465,austen,7.101769049962361
1,fitzgerald,1465,fitzgerald,6.692690168108259
1,fitzgerald,1465,twain,7.769422262907028
1,fitzgerald,1466,train,3.344791571299235
1,fitzgerald,1466,baum,7.043503642082214
1,fitzgerald,1466,thompson,7.725952744483948
1,fitzgerald,1466,dickens,6.914547602335612
1,fitzgerald,1466,melville,8.173710823059082
1,fitzgerald,1466,wells,7.128257036209106
1,fitzgerald,1466,austen,7.09944224357605
1,fitzgerald,1466,fitzgerald,6.694244929722378
1,fitzgerald,1466,twain,7.7638773918151855
1,fitzgerald,1467,train,3.369200865427653
1,fitzgerald,1467,baum,7.048988699913025
1,fitzgerald,1467,thompson,7.737550735473633
1,fitzgerald,1467,dickens,6.915542920430501
1,fitzgerald,1467,melville,8.179223007626003
1,fitzgerald,1467,wells,7.1278395652771
1,fitzgerald,1467,austen,7.102307796478272
1,fitzgerald,1467,fitzgerald,6.694767338888986
1,fitzgerald,1467,twain,7.769283086061478
1,fitzgerald,1468,train,3.391471227010092
1,fitzgerald,1468,baum,7.03541362285614
1,fitzgerald,1468,thompson,7.717523336410522
1,fitzgerald,1468,dickens,6.908757050832112
1,fitzgerald,1468,melville,8.17751137415568
1,fitzgerald,1468,wells,7.122652769088745
1,fitzgerald,1468,austen,7.098143021265666
1,fitzgerald,1468,fitzgerald,6.684966496058872
1,fitzgerald,1468,twain,7.764383286237717
1,fitzgerald,1469,train,3.432121674219767
1,fitzgerald,1469,baum,7.044211745262146
1,fitzgerald,1469,thompson,7.722660541534424
1,fitzgerald,1469,dickens,6.924417018890381
1,fitzgerald,1469,melville,8.17270204755995
1,fitzgerald,1469,wells,7.12900439898173
1,fitzgerald,1469,austen,7.096367994944255
1,fitzgerald,1469,fitzgerald,6.690557275499616
1,fitzgerald,1469,twain,7.756948977708816
1,fitzgerald,1470,train,3.371563990910848
1,fitzgerald,1470,baum,7.030201315879822
1,fitzgerald,1470,thompson,7.7100502252578735
1,fitzgerald,1470,dickens,6.901468912760417
1,fitzgerald,1470,melville,8.16118738386366
1,fitzgerald,1470,wells,7.115956862767537
1,fitzgerald,1470,austen,7.088126579920451
1,fitzgerald,1470,fitzgerald,6.681866986410959
1,fitzgerald,1470,twain,7.745053738355637
1,fitzgerald,1471,train,3.3742074171702066
1,fitzgerald,1471,baum,7.042806506156921
1,fitzgerald,1471,thompson,7.723334908485413
1,fitzgerald,1471,dickens,6.914631048838298
1,fitzgerald,1471,melville,8.160204728444418
1,fitzgerald,1471,wells,7.1136510372161865
1,fitzgerald,1471,austen,7.090375502904256
1,fitzgerald,1471,fitzgerald,6.685786519731794
1,fitzgerald,1471,twain,7.751348495483398
1,fitzgerald,1472,train,3.3826920986175537
1,fitzgerald,1472,baum,7.041553020477295
1,fitzgerald,1472,thompson,7.7186877727508545
1,fitzgerald,1472,dickens,6.922550042470296
1,fitzgerald,1472,melville,8.167578432295057
1,fitzgerald,1472,wells,7.11593755086263
1,fitzgerald,1472,austen,7.091038227081299
1,fitzgerald,1472,fitzgerald,6.688340527670724
1,fitzgerald,1472,twain,7.75432762503624
1,fitzgerald,1473,train,3.3893272082010903
1,fitzgerald,1473,baum,7.040310978889465
1,fitzgerald,1473,thompson,7.716051936149597
1,fitzgerald,1473,dickens,6.928974469502767
1,fitzgerald,1473,melville,8.164885679880777
1,fitzgerald,1473,wells,7.110876162846883
1,fitzgerald,1473,austen,7.088627815246582
1,fitzgerald,1473,fitzgerald,6.685979979378836
1,fitzgerald,1473,twain,7.748915076255798
1,fitzgerald,1474,train,3.356226364771525
1,fitzgerald,1474,baum,7.076274514198303
1,fitzgerald,1474,thompson,7.754654765129089
1,fitzgerald,1474,dickens,6.949586232503255
1,fitzgerald,1474,melville,8.192238277859158
1,fitzgerald,1474,wells,7.1432680288950605
1,fitzgerald,1474,austen,7.115586757659912
1,fitzgerald,1474,fitzgerald,6.7138229097638815
1,fitzgerald,1474,twain,7.774736404418945
1,fitzgerald,1475,train,3.396375258763632
1,fitzgerald,1475,baum,7.058318614959717
1,fitzgerald,1475,thompson,7.733943819999695
1,fitzgerald,1475,dickens,6.920986811319987
1,fitzgerald,1475,melville,8.181222120920816
1,fitzgerald,1475,wells,7.139772017796834
1,fitzgerald,1475,austen,7.104610999425252
1,fitzgerald,1475,fitzgerald,6.703680719648089
1,fitzgerald,1475,twain,7.76874452829361
1,fitzgerald,1476,train,3.4032352765401206
1,fitzgerald,1476,baum,7.054156303405762
1,fitzgerald,1476,thompson,7.731050133705139
1,fitzgerald,1476,dickens,6.92597246170044
1,fitzgerald,1476,melville,8.179230319129097
1,fitzgerald,1476,wells,7.134481430053711
1,fitzgerald,1476,austen,7.10146427154541
1,fitzgerald,1476,fitzgerald,6.699050767081125
1,fitzgerald,1476,twain,7.764096707105637
1,fitzgerald,1477,train,3.3792319297790527
1,fitzgerald,1477,baum,7.049908995628357
1,fitzgerald,1477,thompson,7.728079319000244
1,fitzgerald,1477,dickens,6.936262289683024
1,fitzgerald,1477,melville,8.184214062160915
1,fitzgerald,1477,wells,7.139463742574056
1,fitzgerald,1477,austen,7.101498603820801
1,fitzgerald,1477,fitzgerald,6.700704370226179
1,fitzgerald,1477,twain,7.766997694969177
1,fitzgerald,1478,train,3.380204995473226
1,fitzgerald,1478,baum,7.0446120500564575
1,fitzgerald,1478,thompson,7.72843611240387
1,fitzgerald,1478,dickens,6.9201680819193525
1,fitzgerald,1478,melville,8.172768221961128
1,fitzgerald,1478,wells,7.128986597061157
1,fitzgerald,1478,austen,7.097281376520793
1,fitzgerald,1478,fitzgerald,6.695009435926165
1,fitzgerald,1478,twain,7.758426636457443
1,fitzgerald,1479,train,3.3490015665690103
1,fitzgerald,1479,baum,7.059906601905823
1,fitzgerald,1479,thompson,7.741030216217041
1,fitzgerald,1479,dickens,6.926067511240642
1,fitzgerald,1479,melville,8.19760831197103
1,fitzgerald,1479,wells,7.138859748840332
1,fitzgerald,1479,austen,7.107500473658244
1,fitzgerald,1479,fitzgerald,6.701247147151402
1,fitzgerald,1479,twain,7.772994786500931
1,fitzgerald,1480,train,3.335524797439575
1,fitzgerald,1480,baum,7.073921322822571
1,fitzgerald,1480,thompson,7.747463583946228
1,fitzgerald,1480,dickens,6.940701961517334
1,fitzgerald,1480,melville,8.203912576039633
1,fitzgerald,1480,wells,7.148716529210408
1,fitzgerald,1480,austen,7.117345571517944
1,fitzgerald,1480,fitzgerald,6.7135910987854
1,fitzgerald,1480,twain,7.781948536634445
1,fitzgerald,1481,train,3.3301473458608
1,fitzgerald,1481,baum,7.07640814781189
1,fitzgerald,1481,thompson,7.749203562736511
1,fitzgerald,1481,dickens,6.930884043375651
1,fitzgerald,1481,melville,8.197850068410238
1,fitzgerald,1481,wells,7.159049193064372
1,fitzgerald,1481,austen,7.125928958257039
1,fitzgerald,1481,fitzgerald,6.722905976431711
1,fitzgerald,1481,twain,7.785955607891083
1,fitzgerald,1482,train,3.3548926512400308
1,fitzgerald,1482,baum,7.07932710647583
1,fitzgerald,1482,thompson,7.758456110954285
1,fitzgerald,1482,dickens,6.948501745859782
1,fitzgerald,1482,melville,8.197082731458876
1,fitzgerald,1482,wells,7.154903332392375
1,fitzgerald,1482,austen,7.120585044225057
1,fitzgerald,1482,fitzgerald,6.718048572540283
1,fitzgerald,1482,twain,7.780232816934586
1,fitzgerald,1483,train,3.3749400774637857
1,fitzgerald,1483,baum,7.05415403842926
1,fitzgerald,1483,thompson,7.737188100814819
1,fitzgerald,1483,dickens,6.9278483390808105
1,fitzgerald,1483,melville,8.200406498379177
1,fitzgerald,1483,wells,7.142709175745647
1,fitzgerald,1483,austen,7.10512375831604
1,fitzgerald,1483,fitzgerald,6.701192992074149
1,fitzgerald,1483,twain,7.77118656039238
1,fitzgerald,1484,train,3.3074118296305337
1,fitzgerald,1484,baum,7.053903102874756
1,fitzgerald,1484,thompson,7.728366851806641
1,fitzgerald,1484,dickens,6.926215489705403
1,fitzgerald,1484,melville,8.187868012322319
1,fitzgerald,1484,wells,7.139855702718099
1,fitzgerald,1484,austen,7.1072806517283125
1,fitzgerald,1484,fitzgerald,6.703450611659458
1,fitzgerald,1484,twain,7.766155213117599
1,fitzgerald,1485,train,3.3832730452219644
1,fitzgerald,1485,baum,7.068812727928162
1,fitzgerald,1485,thompson,7.751602292060852
1,fitzgerald,1485,dickens,6.940535227457683
1,fitzgerald,1485,melville,8.186686568790012
1,fitzgerald,1485,wells,7.144217491149902
1,fitzgerald,1485,austen,7.112025499343872
1,fitzgerald,1485,fitzgerald,6.710640839168003
1,fitzgerald,1485,twain,7.770208030939102
1,fitzgerald,1486,train,3.372697671254476
1,fitzgerald,1486,baum,7.073842406272888
1,fitzgerald,1486,thompson,7.754559993743896
1,fitzgerald,1486,dickens,6.930489381154378
1,fitzgerald,1486,melville,8.193057431115044
1,fitzgerald,1486,wells,7.151046435038249
1,fitzgerald,1486,austen,7.116834243138631
1,fitzgerald,1486,fitzgerald,6.711180482591901
1,fitzgerald,1486,twain,7.779187768697739
1,fitzgerald,1487,train,3.326997756958008
1,fitzgerald,1487,baum,7.071772217750549
1,fitzgerald,1487,thompson,7.744089007377624
1,fitzgerald,1487,dickens,6.936906814575195
1,fitzgerald,1487,melville,8.170594851175943
1,fitzgerald,1487,wells,7.139024496078491
1,fitzgerald,1487,austen,7.104558785756429
1,fitzgerald,1487,fitzgerald,6.703029564448765
1,fitzgerald,1487,twain,7.761211842298508
1,fitzgerald,1488,train,3.353436787923177
1,fitzgerald,1488,baum,7.051831245422363
1,fitzgerald,1488,thompson,7.735015392303467
1,fitzgerald,1488,dickens,6.923241933186849
1,fitzgerald,1488,melville,8.186035421159533
1,fitzgerald,1488,wells,7.1342833042144775
1,fitzgerald,1488,austen,7.096363385518392
1,fitzgerald,1488,fitzgerald,6.6951461519513815
1,fitzgerald,1488,twain,7.769522786140442
1,fitzgerald,1489,train,3.343132734298706
1,fitzgerald,1489,baum,7.065946459770203
1,fitzgerald,1489,thompson,7.753016471862793
1,fitzgerald,1489,dickens,6.935464541117351
1,fitzgerald,1489,melville,8.203468004862467
1,fitzgerald,1489,wells,7.150979200998942
1,fitzgerald,1489,austen,7.11088506380717
1,fitzgerald,1489,fitzgerald,6.709081854139056
1,fitzgerald,1489,twain,7.788957864046097
1,fitzgerald,1490,train,3.33762264251709
1,fitzgerald,1490,baum,7.071089029312134
1,fitzgerald,1490,thompson,7.756904125213623
1,fitzgerald,1490,dickens,6.953907648722331
1,fitzgerald,1490,melville,8.196784496307373
1,fitzgerald,1490,wells,7.14849313100179
1,fitzgerald,1490,austen,7.108124415079753
1,fitzgerald,1490,fitzgerald,6.711413451603481
1,fitzgerald,1490,twain,7.778928995132446
1,fitzgerald,1491,train,3.334741751352946
1,fitzgerald,1491,baum,7.060297012329102
1,fitzgerald,1491,thompson,7.749983787536621
1,fitzgerald,1491,dickens,6.942583084106445
1,fitzgerald,1491,melville,8.212493101755777
1,fitzgerald,1491,wells,7.148139715194702
1,fitzgerald,1491,austen,7.112252791722615
1,fitzgerald,1491,fitzgerald,6.707414763314383
1,fitzgerald,1491,twain,7.778624415397644
1,fitzgerald,1492,train,3.34722105662028
1,fitzgerald,1492,baum,7.062214016914368
1,fitzgerald,1492,thompson,7.74190080165863
1,fitzgerald,1492,dickens,6.932108879089356
1,fitzgerald,1492,melville,8.192833688524034
1,fitzgerald,1492,wells,7.144983212153117
1,fitzgerald,1492,austen,7.1070191860198975
1,fitzgerald,1492,fitzgerald,6.706762041364398
1,fitzgerald,1492,twain,7.770042598247528
1,fitzgerald,1493,train,3.377349456151326
1,fitzgerald,1493,baum,7.063533306121826
1,fitzgerald,1493,thompson,7.742425560951233
1,fitzgerald,1493,dickens,6.9444816907246905
1,fitzgerald,1493,melville,8.180484453837076
1,fitzgerald,1493,wells,7.140162944793701
1,fitzgerald,1493,austen,7.098071654637654
1,fitzgerald,1493,fitzgerald,6.707106930868966
1,fitzgerald,1493,twain,7.764094293117523
1,fitzgerald,1494,train,3.386028448740641
1,fitzgerald,1494,baum,7.067145705223084
1,fitzgerald,1494,thompson,7.747349262237549
1,fitzgerald,1494,dickens,6.942427635192871
1,fitzgerald,1494,melville,8.19810120264689
1,fitzgerald,1494,wells,7.148367722829183
1,fitzgerald,1494,austen,7.117638905843099
1,fitzgerald,1494,fitzgerald,6.711465290614536
1,fitzgerald,1494,twain,7.78062093257904
1,fitzgerald,1495,train,3.342509667078654
1,fitzgerald,1495,baum,7.090519905090332
1,fitzgerald,1495,thompson,7.758244752883911
1,fitzgerald,1495,dickens,6.964148203531901
1,fitzgerald,1495,melville,8.206462118360731
1,fitzgerald,1495,wells,7.165269215901692
1,fitzgerald,1495,austen,7.139628012975057
1,fitzgerald,1495,fitzgerald,6.726948806217739
1,fitzgerald,1495,twain,7.787366509437561
1,fitzgerald,1496,train,3.3686317602793374
1,fitzgerald,1496,baum,7.069139719009399
1,fitzgerald,1496,thompson,7.75246524810791
1,fitzgerald,1496,dickens,6.945906003316243
1,fitzgerald,1496,melville,8.208705213334826
1,fitzgerald,1496,wells,7.153792381286621
1,fitzgerald,1496,austen,7.118956168492635
1,fitzgerald,1496,fitzgerald,6.716164316449847
1,fitzgerald,1496,twain,7.781227827072143
1,fitzgerald,1497,train,3.4037040869394937
1,fitzgerald,1497,baum,7.054274678230286
1,fitzgerald,1497,thompson,7.7295533418655396
1,fitzgerald,1497,dickens,6.935107866923015
1,fitzgerald,1497,melville,8.191491391923693
1,fitzgerald,1497,wells,7.140530347824097
1,fitzgerald,1497,austen,7.10952353477478
1,fitzgerald,1497,fitzgerald,6.70355578831264
1,fitzgerald,1497,twain,7.777489900588989
1,fitzgerald,1498,train,3.42602260907491
1,fitzgerald,1498,baum,7.072267174720764
1,fitzgerald,1498,thompson,7.744986295700073
1,fitzgerald,1498,dickens,6.95911979675293
1,fitzgerald,1498,melville,8.19713020324707
1,fitzgerald,1498,wells,7.148904800415039
1,fitzgerald,1498,austen,7.122731685638428
1,fitzgerald,1498,fitzgerald,6.712597710745675
1,fitzgerald,1498,twain,7.777204483747482
1,fitzgerald,1499,train,3.341332991917928
1,fitzgerald,1499,baum,7.0704652070999146
1,fitzgerald,1499,thompson,7.755764245986938
1,fitzgerald,1499,dickens,6.952131589253743
1,fitzgerald,1499,melville,8.208542188008627
1,fitzgerald,1499,wells,7.153826713562012
1,fitzgerald,1499,austen,7.123292525609334
1,fitzgerald,1499,fitzgerald,6.7140366690499445
1,fitzgerald,1499,twain,7.781413108110428
1,fitzgerald,1500,train,3.33978803952535
1,fitzgerald,1500,baum,7.069689869880676
1,fitzgerald,1500,thompson,7.742696046829224
1,fitzgerald,1500,dickens,6.947723388671875
1,fitzgerald,1500,melville,8.19065523147583
1,fitzgerald,1500,wells,7.146011273066203
1,fitzgerald,1500,austen,7.122186740239461
1,fitzgerald,1500,fitzgerald,6.714695113045829
1,fitzgerald,1500,twain,7.7737316489219666
1,fitzgerald,1501,train,3.347433964411417
1,fitzgerald,1501,baum,7.065146327018738
1,fitzgerald,1501,thompson,7.74530303478241
1,fitzgerald,1501,dickens,6.939315954844157
1,fitzgerald,1501,melville,8.192196898990208
1,fitzgerald,1501,wells,7.141122500101726
1,fitzgerald,1501,austen,7.111639658610026
1,fitzgerald,1501,fitzgerald,6.710366385323661
1,fitzgerald,1501,twain,7.774579435586929
1,fitzgerald,1502,train,3.347592910130819
1,fitzgerald,1502,baum,7.055440545082092
1,fitzgerald,1502,thompson,7.74597692489624
1,fitzgerald,1502,dickens,6.928130626678467
1,fitzgerald,1502,melville,8.195350382063124
1,fitzgerald,1502,wells,7.135765631993611
1,fitzgerald,1502,austen,7.102327187856038
1,fitzgerald,1502,fitzgerald,6.704099927629743
1,fitzgerald,1502,twain,7.77773255109787
1,fitzgerald,1503,train,3.368050575256348
1,fitzgerald,1503,baum,7.078827977180481
1,fitzgerald,1503,thompson,7.761634945869446
1,fitzgerald,1503,dickens,6.94620434443156
1,fitzgerald,1503,melville,8.213054921891954
1,fitzgerald,1503,wells,7.1512298583984375
1,fitzgerald,1503,austen,7.127647161483765
1,fitzgerald,1503,fitzgerald,6.718936238970075
1,fitzgerald,1503,twain,7.791353791952133
1,fitzgerald,1504,train,3.3292318185170493
1,fitzgerald,1504,baum,7.091596722602844
1,fitzgerald,1504,thompson,7.786219716072082
1,fitzgerald,1504,dickens,6.9573469161987305
1,fitzgerald,1504,melville,8.223103788163927
1,fitzgerald,1504,wells,7.15921688079834
1,fitzgerald,1504,austen,7.129491329193115
1,fitzgerald,1504,fitzgerald,6.725039413997105
1,fitzgerald,1504,twain,7.802876114845276
1,fitzgerald,1505,train,3.291795253753662
1,fitzgerald,1505,baum,7.078918814659119
1,fitzgerald,1505,thompson,7.775716066360474
1,fitzgerald,1505,dickens,6.949491659800212
1,fitzgerald,1505,melville,8.217526488833958
1,fitzgerald,1505,wells,7.1591901779174805
1,fitzgerald,1505,austen,7.116695006688436
1,fitzgerald,1505,fitzgerald,6.719479492732456
1,fitzgerald,1505,twain,7.800008207559586
1,fitzgerald,1506,train,3.310539404551188
1,fitzgerald,1506,baum,7.077406644821167
1,fitzgerald,1506,thompson,7.761297464370727
1,fitzgerald,1506,dickens,6.948132832845052
1,fitzgerald,1506,melville,8.210327996148003
1,fitzgerald,1506,wells,7.161571820576985
1,fitzgerald,1506,austen,7.121099233627319
1,fitzgerald,1506,fitzgerald,6.720499651772635
1,fitzgerald,1506,twain,7.789789170026779
1,fitzgerald,1507,train,3.3603331247965493
1,fitzgerald,1507,baum,7.084741473197937
1,fitzgerald,1507,thompson,7.771407127380371
1,fitzgerald,1507,dickens,6.950449148813884
1,fitzgerald,1507,melville,8.21568520863851
1,fitzgerald,1507,wells,7.166456460952759
1,fitzgerald,1507,austen,7.133000532786052
1,fitzgerald,1507,fitzgerald,6.7254719734191895
1,fitzgerald,1507,twain,7.789664059877396
1,fitzgerald,1508,train,3.3000450929005942
1,fitzgerald,1508,baum,7.0822670459747314
1,fitzgerald,1508,thompson,7.77122950553894
1,fitzgerald,1508,dickens,6.944029649098714
1,fitzgerald,1508,melville,8.216590086619059
1,fitzgerald,1508,wells,7.156959692637126
1,fitzgerald,1508,austen,7.133276144663493
1,fitzgerald,1508,fitzgerald,6.722353526524135
1,fitzgerald,1508,twain,7.79635626077652
1,fitzgerald,1509,train,3.3608132203420005
1,fitzgerald,1509,baum,7.082030653953552
1,fitzgerald,1509,thompson,7.768642067909241
1,fitzgerald,1509,dickens,6.947370211283366
1,fitzgerald,1509,melville,8.218155278099907
1,fitzgerald,1509,wells,7.153139511744182
1,fitzgerald,1509,austen,7.130806048711141
1,fitzgerald,1509,fitzgerald,6.720618384225028
1,fitzgerald,1509,twain,7.796343386173248
1,fitzgerald,1510,train,3.3202761014302573
1,fitzgerald,1510,baum,7.088411808013916
1,fitzgerald,1510,thompson,7.776699662208557
1,fitzgerald,1510,dickens,6.953926881154378
1,fitzgerald,1510,melville,8.22546100616455
1,fitzgerald,1510,wells,7.164540847142537
1,fitzgerald,1510,austen,7.131374518076579
1,fitzgerald,1510,fitzgerald,6.726641995566232
1,fitzgerald,1510,twain,7.795735061168671
1,fitzgerald,1511,train,3.355311314264933
1,fitzgerald,1511,baum,7.083893179893494
1,fitzgerald,1511,thompson,7.764594912528992
1,fitzgerald,1511,dickens,6.959012508392334
1,fitzgerald,1511,melville,8.208764023251003
1,fitzgerald,1511,wells,7.160379807154338
1,fitzgerald,1511,austen,7.12952462832133
1,fitzgerald,1511,fitzgerald,6.722694260733468
1,fitzgerald,1511,twain,7.788088262081146
1,fitzgerald,1512,train,3.3160537083943686
1,fitzgerald,1512,baum,7.100466966629028
1,fitzgerald,1512,thompson,7.784980177879333
1,fitzgerald,1512,dickens,6.969824473063151
1,fitzgerald,1512,melville,8.231951183742947
1,fitzgerald,1512,wells,7.181162675221761
1,fitzgerald,1512,austen,7.151200850804647
1,fitzgerald,1512,fitzgerald,6.738279274531773
1,fitzgerald,1512,twain,7.812484055757523
1,fitzgerald,1513,train,3.363068421681722
1,fitzgerald,1513,baum,7.118931174278259
1,fitzgerald,1513,thompson,7.799365878105164
1,fitzgerald,1513,dickens,6.976834774017334
1,fitzgerald,1513,melville,8.239269574483236
1,fitzgerald,1513,wells,7.195658842722575
1,fitzgerald,1513,austen,7.161995490392049
1,fitzgerald,1513,fitzgerald,6.750585079193115
1,fitzgerald,1513,twain,7.819890558719635
1,fitzgerald,1514,train,3.3561479250590005
1,fitzgerald,1514,baum,7.097736716270447
1,fitzgerald,1514,thompson,7.783255457878113
1,fitzgerald,1514,dickens,6.967996438344319
1,fitzgerald,1514,melville,8.223840766482883
1,fitzgerald,1514,wells,7.176849285761516
1,fitzgerald,1514,austen,7.14501412709554
1,fitzgerald,1514,fitzgerald,6.73937954221453
1,fitzgerald,1514,twain,7.797285258769989
1,fitzgerald,1515,train,3.361067612965902
1,fitzgerald,1515,baum,7.0788328647613525
1,fitzgerald,1515,thompson,7.765564441680908
1,fitzgerald,1515,dickens,6.9504218101501465
1,fitzgerald,1515,melville,8.211607456207275
1,fitzgerald,1515,wells,7.162958860397339
1,fitzgerald,1515,austen,7.1384085814158125
1,fitzgerald,1515,fitzgerald,6.726267405918667
1,fitzgerald,1515,twain,7.792819291353226
1,fitzgerald,1516,train,3.3232634862264
1,fitzgerald,1516,baum,7.11235511302948
1,fitzgerald,1516,thompson,7.798973441123962
1,fitzgerald,1516,dickens,6.978294213612874
1,fitzgerald,1516,melville,8.223416752285427
1,fitzgerald,1516,wells,7.185715119043986
1,fitzgerald,1516,austen,7.153807242711385
1,fitzgerald,1516,fitzgerald,6.743331568581717
1,fitzgerald,1516,twain,7.810907363891602
1,fitzgerald,1517,train,3.3272922039031982
1,fitzgerald,1517,baum,7.100001335144043
1,fitzgerald,1517,thompson,7.783735275268555
1,fitzgerald,1517,dickens,6.979622046152751
1,fitzgerald,1517,melville,8.206668006049263
1,fitzgerald,1517,wells,7.167316198348999
1,fitzgerald,1517,austen,7.137378851572673
1,fitzgerald,1517,fitzgerald,6.731710774557931
1,fitzgerald,1517,twain,7.795498996973038
1,fitzgerald,1518,train,3.3225622177124023
1,fitzgerald,1518,baum,7.08815348148346
1,fitzgerald,1518,thompson,7.774140000343323
1,fitzgerald,1518,dickens,6.953271865844727
1,fitzgerald,1518,melville,8.214684380425346
1,fitzgerald,1518,wells,7.161617199579875
1,fitzgerald,1518,austen,7.136494239171346
1,fitzgerald,1518,fitzgerald,6.725981031145368
1,fitzgerald,1518,twain,7.798623144626617
1,fitzgerald,1519,train,3.3111703395843506
1,fitzgerald,1519,baum,7.124613642692566
1,fitzgerald,1519,thompson,7.816254138946533
1,fitzgerald,1519,dickens,6.980442365010579
1,fitzgerald,1519,melville,8.24357901679145
1,fitzgerald,1519,wells,7.19171404838562
1,fitzgerald,1519,austen,7.160666545232137
1,fitzgerald,1519,fitzgerald,6.753902299063546
1,fitzgerald,1519,twain,7.826442211866379
1,fitzgerald,1520,train,3.311080853144328
1,fitzgerald,1520,baum,7.133627414703369
1,fitzgerald,1520,thompson,7.822139978408813
1,fitzgerald,1520,dickens,6.9897996584574384
1,fitzgerald,1520,melville,8.258183426327175
1,fitzgerald,1520,wells,7.207775354385376
1,fitzgerald,1520,austen,7.179699738820394
1,fitzgerald,1520,fitzgerald,6.765803609575544
1,fitzgerald,1520,twain,7.842113673686981
1,fitzgerald,1521,train,3.3312814235687256
1,fitzgerald,1521,baum,7.089185833930969
1,fitzgerald,1521,thompson,7.774672508239746
1,fitzgerald,1521,dickens,6.963172276814778
1,fitzgerald,1521,melville,8.224246607886421
1,fitzgerald,1521,wells,7.181201457977295
1,fitzgerald,1521,austen,7.156484206517537
1,fitzgerald,1521,fitzgerald,6.741944244929722
1,fitzgerald,1521,twain,7.808894544839859
1,fitzgerald,1522,train,3.302669127782186
1,fitzgerald,1522,baum,7.092303156852722
1,fitzgerald,1522,thompson,7.790029287338257
1,fitzgerald,1522,dickens,6.9644389152526855
1,fitzgerald,1522,melville,8.233053949144152
1,fitzgerald,1522,wells,7.177519003550212
1,fitzgerald,1522,austen,7.145582278569539
1,fitzgerald,1522,fitzgerald,6.738169942583356
1,fitzgerald,1522,twain,7.806096196174622
1,fitzgerald,1523,train,3.322960376739502
1,fitzgerald,1523,baum,7.102146744728088
1,fitzgerald,1523,thompson,7.791743636131287
1,fitzgerald,1523,dickens,6.968646049499512
1,fitzgerald,1523,melville,8.232932779524061
1,fitzgerald,1523,wells,7.178528308868408
1,fitzgerald,1523,austen,7.142698129018148
1,fitzgerald,1523,fitzgerald,6.737330096108573
1,fitzgerald,1523,twain,7.808518558740616
1,fitzgerald,1524,train,3.3312998612721763
1,fitzgerald,1524,baum,7.111633539199829
1,fitzgerald,1524,thompson,7.793400526046753
1,fitzgerald,1524,dickens,6.985110600789388
1,fitzgerald,1524,melville,8.221690972646078
1,fitzgerald,1524,wells,7.190059423446655
1,fitzgerald,1524,austen,7.154141346613566
1,fitzgerald,1524,fitzgerald,6.748222691672189
1,fitzgerald,1524,twain,7.81214702129364
1,fitzgerald,1525,train,3.3438357512156167
1,fitzgerald,1525,baum,7.10520601272583
1,fitzgerald,1525,thompson,7.798208832740784
1,fitzgerald,1525,dickens,6.980437755584717
1,fitzgerald,1525,melville,8.233845286899143
1,fitzgerald,1525,wells,7.192223866780599
1,fitzgerald,1525,austen,7.162331501642863
1,fitzgerald,1525,fitzgerald,6.748894963945661
1,fitzgerald,1525,twain,7.8180751502513885
1,fitzgerald,1526,train,3.309535106023153
1,fitzgerald,1526,baum,7.107239723205566
1,fitzgerald,1526,thompson,7.790080070495605
1,fitzgerald,1526,dickens,6.980281511942546
1,fitzgerald,1526,melville,8.243295934465197
1,fitzgerald,1526,wells,7.194311221440633
1,fitzgerald,1526,austen,7.163716713587443
1,fitzgerald,1526,fitzgerald,6.746594292776925
1,fitzgerald,1526,twain,7.822322309017181
1,fitzgerald,1527,train,3.2807697455088296
1,fitzgerald,1527,baum,7.103832244873047
1,fitzgerald,1527,thompson,7.784944772720337
1,fitzgerald,1527,dickens,6.975595951080322
1,fitzgerald,1527,melville,8.225307040744358
1,fitzgerald,1527,wells,7.182347853978475
1,fitzgerald,1527,austen,7.14477260907491
1,fitzgerald,1527,fitzgerald,6.739962645939419
1,fitzgerald,1527,twain,7.807226240634918
1,fitzgerald,1528,train,3.31412665049235
1,fitzgerald,1528,baum,7.0784642696380615
1,fitzgerald,1528,thompson,7.770214796066284
1,fitzgerald,1528,dickens,6.955387433369954
1,fitzgerald,1528,melville,8.216856638590494
1,fitzgerald,1528,wells,7.171425024668376
1,fitzgerald,1528,austen,7.128639856974284
1,fitzgerald,1528,fitzgerald,6.732566697256906
1,fitzgerald,1528,twain,7.79363951086998
1,fitzgerald,1529,train,3.3337024052937827
1,fitzgerald,1529,baum,7.079290509223938
1,fitzgerald,1529,thompson,7.7643104791641235
1,fitzgerald,1529,dickens,6.959516525268555
1,fitzgerald,1529,melville,8.215599166022407
1,fitzgerald,1529,wells,7.174721717834473
1,fitzgerald,1529,austen,7.131881872812907
1,fitzgerald,1529,fitzgerald,6.732897213527134
1,fitzgerald,1529,twain,7.794515907764435
1,fitzgerald,1530,train,3.275379498799642
1,fitzgerald,1530,baum,7.105841279029846
1,fitzgerald,1530,thompson,7.790219902992248
1,fitzgerald,1530,dickens,6.979079246520996
1,fitzgerald,1530,melville,8.235559675428602
1,fitzgerald,1530,wells,7.191495736440023
1,fitzgerald,1530,austen,7.149659951527913
1,fitzgerald,1530,fitzgerald,6.7456465448652
1,fitzgerald,1530,twain,7.817806214094162
1,fitzgerald,1531,train,3.2731032371521
1,fitzgerald,1531,baum,7.1101309061050415
1,fitzgerald,1531,thompson,7.797759175300598
1,fitzgerald,1531,dickens,6.982044378916423
1,fitzgerald,1531,melville,8.242864343855116
1,fitzgerald,1531,wells,7.195070346196492
1,fitzgerald,1531,austen,7.154555877049764
1,fitzgerald,1531,fitzgerald,6.75372314453125
1,fitzgerald,1531,twain,7.822516471147537
1,fitzgerald,1532,train,3.339346090952555
1,fitzgerald,1532,baum,7.10130786895752
1,fitzgerald,1532,thompson,7.781327962875366
1,fitzgerald,1532,dickens,6.970264593760173
1,fitzgerald,1532,melville,8.237549622853598
1,fitzgerald,1532,wells,7.187647581100464
1,fitzgerald,1532,austen,7.156566937764485
1,fitzgerald,1532,fitzgerald,6.744585718427386
1,fitzgerald,1532,twain,7.816949188709259
1,fitzgerald,1533,train,3.2863944371541343
1,fitzgerald,1533,baum,7.114220142364502
1,fitzgerald,1533,thompson,7.788519263267517
1,fitzgerald,1533,dickens,6.986575762430827
1,fitzgerald,1533,melville,8.232587602403429
1,fitzgerald,1533,wells,7.190288702646892
1,fitzgerald,1533,austen,7.15885329246521
1,fitzgerald,1533,fitzgerald,6.746192523411343
1,fitzgerald,1533,twain,7.813196361064911
1,fitzgerald,1534,train,3.289536078770956
1,fitzgerald,1534,baum,7.109508275985718
1,fitzgerald,1534,thompson,7.79014778137207
1,fitzgerald,1534,dickens,6.980849266052246
1,fitzgerald,1534,melville,8.251238663991293
1,fitzgerald,1534,wells,7.195066452026367
1,fitzgerald,1534,austen,7.164381106694539
1,fitzgerald,1534,fitzgerald,6.747787271227155
1,fitzgerald,1534,twain,7.82380411028862
1,fitzgerald,1535,train,3.353308280309041
1,fitzgerald,1535,baum,7.1174023151397705
1,fitzgerald,1535,thompson,7.787588596343994
1,fitzgerald,1535,dickens,6.982800801595052
1,fitzgerald,1535,melville,8.245762401156956
1,fitzgerald,1535,wells,7.198233127593994
1,fitzgerald,1535,austen,7.171118497848511
1,fitzgerald,1535,fitzgerald,6.750075953347342
1,fitzgerald,1535,twain,7.823976457118988
1,fitzgerald,1536,train,3.3051598072052
1,fitzgerald,1536,baum,7.1424161195755005
1,fitzgerald,1536,thompson,7.815652012825012
1,fitzgerald,1536,dickens,6.994675954182942
1,fitzgerald,1536,melville,8.245386335584852
1,fitzgerald,1536,wells,7.214627663294475
1,fitzgerald,1536,austen,7.182356993357341
1,fitzgerald,1536,fitzgerald,6.764759404318673
1,fitzgerald,1536,twain,7.832010328769684
1,fitzgerald,1537,train,3.289621194203695
1,fitzgerald,1537,baum,7.123454809188843
1,fitzgerald,1537,thompson,7.809910774230957
1,fitzgerald,1537,dickens,6.979923725128174
1,fitzgerald,1537,melville,8.253880182902018
1,fitzgerald,1537,wells,7.208346287409465
1,fitzgerald,1537,austen,7.170337041219075
1,fitzgerald,1537,fitzgerald,6.759335041046143
1,fitzgerald,1537,twain,7.833071380853653
1,fitzgerald,1538,train,3.32008163134257
1,fitzgerald,1538,baum,7.125742673873901
1,fitzgerald,1538,thompson,7.801041960716248
1,fitzgerald,1538,dickens,6.998797098795573
1,fitzgerald,1538,melville,8.23694700664944
1,fitzgerald,1538,wells,7.197029193242391
1,fitzgerald,1538,austen,7.163036743799846
1,fitzgerald,1538,fitzgerald,6.756714003426688
1,fitzgerald,1538,twain,7.824258804321289
1,fitzgerald,1539,train,3.25196901957194
1,fitzgerald,1539,baum,7.134192109107971
1,fitzgerald,1539,thompson,7.817850947380066
1,fitzgerald,1539,dickens,6.992722511291504
1,fitzgerald,1539,melville,8.264147917429606
1,fitzgerald,1539,wells,7.216780821482341
1,fitzgerald,1539,austen,7.173924366633098
1,fitzgerald,1539,fitzgerald,6.7669645718165805
1,fitzgerald,1539,twain,7.846191167831421
1,fitzgerald,1540,train,3.3313358624776206
1,fitzgerald,1540,baum,7.129037618637085
1,fitzgerald,1540,thompson,7.804189562797546
1,fitzgerald,1540,dickens,6.983585357666016
1,fitzgerald,1540,melville,8.257528887854683
1,fitzgerald,1540,wells,7.20375927289327
1,fitzgerald,1540,austen,7.173275550206502
1,fitzgerald,1540,fitzgerald,6.759095668792725
1,fitzgerald,1540,twain,7.834873795509338
1,fitzgerald,1541,train,3.300675868988037
1,fitzgerald,1541,baum,7.131309390068054
1,fitzgerald,1541,thompson,7.799790024757385
1,fitzgerald,1541,dickens,6.985105037689209
1,fitzgerald,1541,melville,8.239657878875732
1,fitzgerald,1541,wells,7.192005634307861
1,fitzgerald,1541,austen,7.169176022211711
1,fitzgerald,1541,fitzgerald,6.755504948752267
1,fitzgerald,1541,twain,7.820082247257233
1,fitzgerald,1542,train,3.3538625240325928
1,fitzgerald,1542,baum,7.133144855499268
1,fitzgerald,1542,thompson,7.817126274108887
1,fitzgerald,1542,dickens,6.994380474090576
1,fitzgerald,1542,melville,8.276274946000841
1,fitzgerald,1542,wells,7.2082130908966064
1,fitzgerald,1542,austen,7.178546508153279
1,fitzgerald,1542,fitzgerald,6.759489331926618
1,fitzgerald,1542,twain,7.8461068868637085
1,fitzgerald,1543,train,3.270231088002523
1,fitzgerald,1543,baum,7.127285718917847
1,fitzgerald,1543,thompson,7.805962681770325
1,fitzgerald,1543,dickens,6.9943539301554365
1,fitzgerald,1543,melville,8.254675812191433
1,fitzgerald,1543,wells,7.191842158635457
1,fitzgerald,1543,austen,7.166519006093343
1,fitzgerald,1543,fitzgerald,6.749323163713727
1,fitzgerald,1543,twain,7.829458892345428
1,fitzgerald,1544,train,3.2620373566945395
1,fitzgerald,1544,baum,7.120984315872192
1,fitzgerald,1544,thompson,7.803021192550659
1,fitzgerald,1544,dickens,6.98647673924764
1,fitzgerald,1544,melville,8.258364889356825
1,fitzgerald,1544,wells,7.195374886194865
1,fitzgerald,1544,austen,7.167472759882609
1,fitzgerald,1544,fitzgerald,6.75182056427002
1,fitzgerald,1544,twain,7.831602185964584
1,fitzgerald,1545,train,3.2875727812449136
1,fitzgerald,1545,baum,7.129670262336731
1,fitzgerald,1545,thompson,7.82032299041748
1,fitzgerald,1545,dickens,6.999517917633057
1,fitzgerald,1545,melville,8.274228466881645
1,fitzgerald,1545,wells,7.206692298253377
1,fitzgerald,1545,austen,7.176026662190755
1,fitzgerald,1545,fitzgerald,6.7585129737854
1,fitzgerald,1545,twain,7.8452288210392
1,fitzgerald,1546,train,3.2750391165415444
1,fitzgerald,1546,baum,7.134548187255859
1,fitzgerald,1546,thompson,7.825418472290039
1,fitzgerald,1546,dickens,7.005349953969319
1,fitzgerald,1546,melville,8.271013471815321
1,fitzgerald,1546,wells,7.204442024230957
1,fitzgerald,1546,austen,7.173650741577148
1,fitzgerald,1546,fitzgerald,6.762446403503418
1,fitzgerald,1546,twain,7.84124231338501
1,fitzgerald,1547,train,3.297426382700602
1,fitzgerald,1547,baum,7.104867815971375
1,fitzgerald,1547,thompson,7.795368432998657
1,fitzgerald,1547,dickens,6.976956208546956
1,fitzgerald,1547,melville,8.253864447275797
1,fitzgerald,1547,wells,7.1924300988515215
1,fitzgerald,1547,austen,7.15176256497701
1,fitzgerald,1547,fitzgerald,6.749680246625628
1,fitzgerald,1547,twain,7.823498904705048
1,fitzgerald,1548,train,3.284674882888794
1,fitzgerald,1548,baum,7.123743295669556
1,fitzgerald,1548,thompson,7.817567944526672
1,fitzgerald,1548,dickens,6.982437292734782
1,fitzgerald,1548,melville,8.280824237399631
1,fitzgerald,1548,wells,7.217053095499675
1,fitzgerald,1548,austen,7.176133712132772
1,fitzgerald,1548,fitzgerald,6.762105941772461
1,fitzgerald,1548,twain,7.851376086473465
1,fitzgerald,1549,train,3.3045950730641684
1,fitzgerald,1549,baum,7.148508310317993
1,fitzgerald,1549,thompson,7.838733911514282
1,fitzgerald,1549,dickens,7.008481661478679
1,fitzgerald,1549,melville,8.300582461886936
1,fitzgerald,1549,wells,7.2385373910268145
1,fitzgerald,1549,austen,7.194492101669312
1,fitzgerald,1549,fitzgerald,6.778534003666469
1,fitzgerald,1549,twain,7.872609525918961
1,fitzgerald,1550,train,3.3223297595977783
1,fitzgerald,1550,baum,7.120990991592407
1,fitzgerald,1550,thompson,7.810571193695068
1,fitzgerald,1550,dickens,6.997630914052327
1,fitzgerald,1550,melville,8.255812009175619
1,fitzgerald,1550,wells,7.205504973729451
1,fitzgerald,1550,austen,7.169692436854045
1,fitzgerald,1550,fitzgerald,6.760024275098528
1,fitzgerald,1550,twain,7.834432154893875
1,fitzgerald,1551,train,3.2777438958485923
1,fitzgerald,1551,baum,7.12179446220398
1,fitzgerald,1551,thompson,7.810924410820007
1,fitzgerald,1551,dickens,6.9900743166605634
1,fitzgerald,1551,melville,8.24835236867269
1,fitzgerald,1551,wells,7.198025067647298
1,fitzgerald,1551,austen,7.171963691711426
1,fitzgerald,1551,fitzgerald,6.756320953369141
1,fitzgerald,1551,twain,7.831780731678009
1,fitzgerald,1552,train,3.283793846766154
1,fitzgerald,1552,baum,7.120911240577698
1,fitzgerald,1552,thompson,7.801348090171814
1,fitzgerald,1552,dickens,6.983951886494954
1,fitzgerald,1552,melville,8.254374186197916
1,fitzgerald,1552,wells,7.204372485478719
1,fitzgerald,1552,austen,7.168109814325969
1,fitzgerald,1552,fitzgerald,6.7556135313851495
1,fitzgerald,1552,twain,7.832436174154282
1,fitzgerald,1553,train,3.266670068105062
1,fitzgerald,1553,baum,7.109090089797974
1,fitzgerald,1553,thompson,7.801146864891052
1,fitzgerald,1553,dickens,6.978548049926758
1,fitzgerald,1553,melville,8.2556455400255
1,fitzgerald,1553,wells,7.191731929779053
1,fitzgerald,1553,austen,7.156824111938477
1,fitzgerald,1553,fitzgerald,6.749802316938128
1,fitzgerald,1553,twain,7.825789779424667
1,fitzgerald,1554,train,3.2756935755411782
1,fitzgerald,1554,baum,7.117760896682739
1,fitzgerald,1554,thompson,7.812737584114075
1,fitzgerald,1554,dickens,6.974779605865479
1,fitzgerald,1554,melville,8.25847503874037
1,fitzgerald,1554,wells,7.197701454162598
1,fitzgerald,1554,austen,7.168078422546387
1,fitzgerald,1554,fitzgerald,6.753031185695103
1,fitzgerald,1554,twain,7.830769002437591
1,fitzgerald,1555,train,3.275291124979655
1,fitzgerald,1555,baum,7.140968680381775
1,fitzgerald,1555,thompson,7.822443604469299
1,fitzgerald,1555,dickens,6.9920298258463545
1,fitzgerald,1555,melville,8.261864821116129
1,fitzgerald,1555,wells,7.217433611551921
1,fitzgerald,1555,austen,7.185808340708415
1,fitzgerald,1555,fitzgerald,6.766524519239153
1,fitzgerald,1555,twain,7.842558652162552
1,fitzgerald,1556,train,3.263327995936076
1,fitzgerald,1556,baum,7.130261778831482
1,fitzgerald,1556,thompson,7.8125901222229
1,fitzgerald,1556,dickens,6.988476276397705
1,fitzgerald,1556,melville,8.257043838500977
1,fitzgerald,1556,wells,7.208369096120198
1,fitzgerald,1556,austen,7.175744613011678
1,fitzgerald,1556,fitzgerald,6.761732033320835
1,fitzgerald,1556,twain,7.835702121257782
1,fitzgerald,1557,train,3.2408741315205893
1,fitzgerald,1557,baum,7.115899562835693
1,fitzgerald,1557,thompson,7.8098061084747314
1,fitzgerald,1557,dickens,6.974954764048259
1,fitzgerald,1557,melville,8.271226671006945
1,fitzgerald,1557,wells,7.20622197786967
1,fitzgerald,1557,austen,7.169272263844808
1,fitzgerald,1557,fitzgerald,6.762496403285435
1,fitzgerald,1557,twain,7.838408887386322
1,fitzgerald,1558,train,3.241842269897461
1,fitzgerald,1558,baum,7.123589634895325
1,fitzgerald,1558,thompson,7.810597896575928
1,fitzgerald,1558,dickens,6.984897931416829
1,fitzgerald,1558,melville,8.260592142740885
1,fitzgerald,1558,wells,7.204913377761841
1,fitzgerald,1558,austen,7.161499897638957
1,fitzgerald,1558,fitzgerald,6.762915679386684
1,fitzgerald,1558,twain,7.834388226270676
1,fitzgerald,1559,train,3.2812556425730386
1,fitzgerald,1559,baum,7.139225840568543
1,fitzgerald,1559,thompson,7.821900963783264
1,fitzgerald,1559,dickens,6.993183135986328
1,fitzgerald,1559,melville,8.26771773232354
1,fitzgerald,1559,wells,7.211264133453369
1,fitzgerald,1559,austen,7.179001331329346
1,fitzgerald,1559,fitzgerald,6.770591735839844
1,fitzgerald,1559,twain,7.847890228033066
1,fitzgerald,1560,train,3.2617579301198325
1,fitzgerald,1560,baum,7.149581909179688
1,fitzgerald,1560,thompson,7.834248781204224
1,fitzgerald,1560,dickens,7.006109078725179
1,fitzgerald,1560,melville,8.28260718451606
1,fitzgerald,1560,wells,7.226473172505696
1,fitzgerald,1560,austen,7.19207223256429
1,fitzgerald,1560,fitzgerald,6.776985168457031
1,fitzgerald,1560,twain,7.860346645116806
1,fitzgerald,1561,train,3.249766985575358
1,fitzgerald,1561,baum,7.138877034187317
1,fitzgerald,1561,thompson,7.822360157966614
1,fitzgerald,1561,dickens,7.002994378407796
1,fitzgerald,1561,melville,8.276727676391602
1,fitzgerald,1561,wells,7.217974901199341
1,fitzgerald,1561,austen,7.182764212290446
1,fitzgerald,1561,fitzgerald,6.7681756019592285
1,fitzgerald,1561,twain,7.8488589823246
1,fitzgerald,1562,train,3.246942043304444
1,fitzgerald,1562,baum,7.146327495574951
1,fitzgerald,1562,thompson,7.827590584754944
1,fitzgerald,1562,dickens,7.002521355946858
1,fitzgerald,1562,melville,8.281774308946398
1,fitzgerald,1562,wells,7.215987920761108
1,fitzgerald,1562,austen,7.1945381959279375
1,fitzgerald,1562,fitzgerald,6.774529320853097
1,fitzgerald,1562,twain,7.853283315896988
1,fitzgerald,1563,train,3.2350827058156333
1,fitzgerald,1563,baum,7.144377946853638
1,fitzgerald,1563,thompson,7.829029321670532
1,fitzgerald,1563,dickens,7.009217103322347
1,fitzgerald,1563,melville,8.295687781439888
1,fitzgerald,1563,wells,7.228379964828491
1,fitzgerald,1563,austen,7.197371085484822
1,fitzgerald,1563,fitzgerald,6.776219027382987
1,fitzgerald,1563,twain,7.863972455263138
1,fitzgerald,1564,train,3.239176273345948
1,fitzgerald,1564,baum,7.153580546379089
1,fitzgerald,1564,thompson,7.837157368659973
1,fitzgerald,1564,dickens,7.016809463500977
1,fitzgerald,1564,melville,8.285774972703722
1,fitzgerald,1564,wells,7.235135475794475
1,fitzgerald,1564,austen,7.19008739789327
1,fitzgerald,1564,fitzgerald,6.776971408299038
1,fitzgerald,1564,twain,7.860737055540085
1,fitzgerald,1565,train,3.308106025060018
1,fitzgerald,1565,baum,7.158192873001099
1,fitzgerald,1565,thompson,7.841267108917236
1,fitzgerald,1565,dickens,7.0049896240234375
1,fitzgerald,1565,melville,8.286446147494846
1,fitzgerald,1565,wells,7.233350356419881
1,fitzgerald,1565,austen,7.199932098388672
1,fitzgerald,1565,fitzgerald,6.782125881740025
1,fitzgerald,1565,twain,7.861949980258942
1,fitzgerald,1566,train,3.27689520517985
1,fitzgerald,1566,baum,7.138423919677734
1,fitzgerald,1566,thompson,7.813844680786133
1,fitzgerald,1566,dickens,6.996888478597005
1,fitzgerald,1566,melville,8.269335269927979
1,fitzgerald,1566,wells,7.215447664260864
1,fitzgerald,1566,austen,7.191111087799072
1,fitzgerald,1566,fitzgerald,6.770113263811384
1,fitzgerald,1566,twain,7.844703704118729
1,fitzgerald,1567,train,3.283557891845703
1,fitzgerald,1567,baum,7.148147821426392
1,fitzgerald,1567,thompson,7.834805011749268
1,fitzgerald,1567,dickens,7.014713128407796
1,fitzgerald,1567,melville,8.277400016784668
1,fitzgerald,1567,wells,7.223408540089925
1,fitzgerald,1567,austen,7.193286736806233
1,fitzgerald,1567,fitzgerald,6.777242796761649
1,fitzgerald,1567,twain,7.852319896221161
1,fitzgerald,1568,train,3.270219405492147
1,fitzgerald,1568,baum,7.137375593185425
1,fitzgerald,1568,thompson,7.819795608520508
1,fitzgerald,1568,dickens,7.011727333068848
1,fitzgerald,1568,melville,8.269865088992649
1,fitzgerald,1568,wells,7.220494667689006
1,fitzgerald,1568,austen,7.195544322331746
1,fitzgerald,1568,fitzgerald,6.774962288992746
1,fitzgerald,1568,twain,7.849139213562012
1,fitzgerald,1569,train,3.2197977701822915
1,fitzgerald,1569,baum,7.1425862312316895
1,fitzgerald,1569,thompson,7.82363760471344
1,fitzgerald,1569,dickens,7.028432528177897
1,fitzgerald,1569,melville,8.277536074320475
1,fitzgerald,1569,wells,7.232587416966756
1,fitzgerald,1569,austen,7.197099844614665
1,fitzgerald,1569,fitzgerald,6.780073915209089
1,fitzgerald,1569,twain,7.854921996593475
1,fitzgerald,1570,train,3.2177794774373374
1,fitzgerald,1570,baum,7.138759732246399
1,fitzgerald,1570,thompson,7.825665235519409
1,fitzgerald,1570,dickens,7.0076859792073565
1,fitzgerald,1570,melville,8.277758068508572
1,fitzgerald,1570,wells,7.226529439290364
1,fitzgerald,1570,austen,7.185829162597656
1,fitzgerald,1570,fitzgerald,6.774676595415388
1,fitzgerald,1570,twain,7.851215690374374
1,fitzgerald,1571,train,3.270195643107096
1,fitzgerald,1571,baum,7.1357810497283936
1,fitzgerald,1571,thompson,7.817726612091064
1,fitzgerald,1571,dickens,6.998919645945231
1,fitzgerald,1571,melville,8.266101360321045
1,fitzgerald,1571,wells,7.22036059697469
1,fitzgerald,1571,austen,7.184564272562663
1,fitzgerald,1571,fitzgerald,6.770484106881278
1,fitzgerald,1571,twain,7.849696516990662
1,fitzgerald,1572,train,3.210084279378256
1,fitzgerald,1572,baum,7.152881503105164
1,fitzgerald,1572,thompson,7.837491989135742
1,fitzgerald,1572,dickens,7.026723702748616
1,fitzgerald,1572,melville,8.271908654106987
1,fitzgerald,1572,wells,7.233556032180786
1,fitzgerald,1572,austen,7.195326328277588
1,fitzgerald,1572,fitzgerald,6.7852277755737305
1,fitzgerald,1572,twain,7.857220828533173
1,fitzgerald,1573,train,3.2589306831359863
1,fitzgerald,1573,baum,7.133592128753662
1,fitzgerald,1573,thompson,7.822671175003052
1,fitzgerald,1573,dickens,7.012771288553874
1,fitzgerald,1573,melville,8.272960080040825
1,fitzgerald,1573,wells,7.226096232732137
1,fitzgerald,1573,austen,7.1778717041015625
1,fitzgerald,1573,fitzgerald,6.776075976235526
1,fitzgerald,1573,twain,7.849238306283951
1,fitzgerald,1574,train,3.2225902875264487
1,fitzgerald,1574,baum,7.139526844024658
1,fitzgerald,1574,thompson,7.828367352485657
1,fitzgerald,1574,dickens,7.007628758748372
1,fitzgerald,1574,melville,8.276780287424723
1,fitzgerald,1574,wells,7.223149696985881
1,fitzgerald,1574,austen,7.181936581929524
1,fitzgerald,1574,fitzgerald,6.776465688432966
1,fitzgerald,1574,twain,7.850690752267837
1,fitzgerald,1575,train,3.240986585617065
1,fitzgerald,1575,baum,7.157544255256653
1,fitzgerald,1575,thompson,7.848970055580139
1,fitzgerald,1575,dickens,7.018194516499837
1,fitzgerald,1575,melville,8.297835879855686
1,fitzgerald,1575,wells,7.2411690553029375
1,fitzgerald,1575,austen,7.198835372924805
1,fitzgerald,1575,fitzgerald,6.790250846317837
1,fitzgerald,1575,twain,7.868120700120926
1,fitzgerald,1576,train,3.2620349725087485
1,fitzgerald,1576,baum,7.15822696685791
1,fitzgerald,1576,thompson,7.841763496398926
1,fitzgerald,1576,dickens,7.01633342107137
1,fitzgerald,1576,melville,8.290394994947645
1,fitzgerald,1576,wells,7.242092370986938
1,fitzgerald,1576,austen,7.196743170420329
1,fitzgerald,1576,fitzgerald,6.788798264094761
1,fitzgerald,1576,twain,7.865815460681915
1,fitzgerald,1577,train,3.246094306310018
1,fitzgerald,1577,baum,7.17824399471283
1,fitzgerald,1577,thompson,7.860223770141602
1,fitzgerald,1577,dickens,7.022565046946208
1,fitzgerald,1577,melville,8.287450896369087
1,fitzgerald,1577,wells,7.243398348490397
1,fitzgerald,1577,austen,7.210450331370036
1,fitzgerald,1577,fitzgerald,6.794542380741665
1,fitzgerald,1577,twain,7.870959848165512
1,fitzgerald,1578,train,3.2065652211507163
1,fitzgerald,1578,baum,7.161712408065796
1,fitzgerald,1578,thompson,7.848494410514831
1,fitzgerald,1578,dickens,7.012463092803955
1,fitzgerald,1578,melville,8.297472423977322
1,fitzgerald,1578,wells,7.248648484547933
1,fitzgerald,1578,austen,7.209743897120158
1,fitzgerald,1578,fitzgerald,6.788939612252372
1,fitzgerald,1578,twain,7.872012585401535
1,fitzgerald,1579,train,3.1840038299560547
1,fitzgerald,1579,baum,7.165852785110474
1,fitzgerald,1579,thompson,7.851985216140747
1,fitzgerald,1579,dickens,7.03189738591512
1,fitzgerald,1579,melville,8.301072226630318
1,fitzgerald,1579,wells,7.2525107860565186
1,fitzgerald,1579,austen,7.2130233446757
1,fitzgerald,1579,fitzgerald,6.793379034314837
1,fitzgerald,1579,twain,7.875534415245056
1,fitzgerald,1580,train,3.1870100498199463
1,fitzgerald,1580,baum,7.172668695449829
1,fitzgerald,1580,thompson,7.856650114059448
1,fitzgerald,1580,dickens,7.035910288492839
1,fitzgerald,1580,melville,8.30062198638916
1,fitzgerald,1580,wells,7.248731772104899
1,fitzgerald,1580,austen,7.220138549804687
1,fitzgerald,1580,fitzgerald,6.795206955501011
1,fitzgerald,1580,twain,7.876068443059921
1,fitzgerald,1581,train,3.259849468866984
1,fitzgerald,1581,baum,7.194869637489319
1,fitzgerald,1581,thompson,7.88327157497406
1,fitzgerald,1581,dickens,7.042898019154866
1,fitzgerald,1581,melville,8.332839436001247
1,fitzgerald,1581,wells,7.275211811065674
1,fitzgerald,1581,austen,7.2459572950998945
1,fitzgerald,1581,fitzgerald,6.814815180642264
1,fitzgerald,1581,twain,7.901282072067261
1,fitzgerald,1582,train,3.2262040774027505
1,fitzgerald,1582,baum,7.181453347206116
1,fitzgerald,1582,thompson,7.868150591850281
1,fitzgerald,1582,dickens,7.037094275156657
1,fitzgerald,1582,melville,8.31617980533176
1,fitzgerald,1582,wells,7.260173479715983
1,fitzgerald,1582,austen,7.229085048039754
1,fitzgerald,1582,fitzgerald,6.801557677132743
1,fitzgerald,1582,twain,7.888918817043304
1,fitzgerald,1583,train,3.2246926625569663
1,fitzgerald,1583,baum,7.146098971366882
1,fitzgerald,1583,thompson,7.836326837539673
1,fitzgerald,1583,dickens,7.023548444112142
1,fitzgerald,1583,melville,8.284038013882107
1,fitzgerald,1583,wells,7.226332028706868
1,fitzgerald,1583,austen,7.194030523300171
1,fitzgerald,1583,fitzgerald,6.777895518711635
1,fitzgerald,1583,twain,7.857254892587662
1,fitzgerald,1584,train,3.2310752868652344
1,fitzgerald,1584,baum,7.162294983863831
1,fitzgerald,1584,thompson,7.849900245666504
1,fitzgerald,1584,dickens,7.032552242279053
1,fitzgerald,1584,melville,8.285975456237793
1,fitzgerald,1584,wells,7.244488636652629
1,fitzgerald,1584,austen,7.207215388615926
1,fitzgerald,1584,fitzgerald,6.795010498591831
1,fitzgerald,1584,twain,7.865555614233017
1,fitzgerald,1585,train,3.225751797358195
1,fitzgerald,1585,baum,7.194876194000244
1,fitzgerald,1585,thompson,7.889607548713684
1,fitzgerald,1585,dickens,7.039626757303874
1,fitzgerald,1585,melville,8.316420873006185
1,fitzgerald,1585,wells,7.277312676111857
1,fitzgerald,1585,austen,7.235265890757243
1,fitzgerald,1585,fitzgerald,6.818458693368094
1,fitzgerald,1585,twain,7.899988740682602
1,fitzgerald,1586,train,3.2350951035817466
1,fitzgerald,1586,baum,7.181883692741394
1,fitzgerald,1586,thompson,7.867622494697571
1,fitzgerald,1586,dickens,7.049980958302816
1,fitzgerald,1586,melville,8.30144903394911
1,fitzgerald,1586,wells,7.256699641545613
1,fitzgerald,1586,austen,7.2223654588063555
1,fitzgerald,1586,fitzgerald,6.80187463760376
1,fitzgerald,1586,twain,7.880651831626892
1,fitzgerald,1587,train,3.2693745295206704
1,fitzgerald,1587,baum,7.1686142683029175
1,fitzgerald,1587,thompson,7.850386381149292
1,fitzgerald,1587,dickens,7.033504803975423
1,fitzgerald,1587,melville,8.307979159884983
1,fitzgerald,1587,wells,7.253878752390544
1,fitzgerald,1587,austen,7.223545392354329
1,fitzgerald,1587,fitzgerald,6.795664037976946
1,fitzgerald,1587,twain,7.881932437419891
1,fitzgerald,1588,train,3.2125765482584634
1,fitzgerald,1588,baum,7.180087566375732
1,fitzgerald,1588,thompson,7.861659646034241
1,fitzgerald,1588,dickens,7.032217820485433
1,fitzgerald,1588,melville,8.289708137512207
1,fitzgerald,1588,wells,7.246208190917969
1,fitzgerald,1588,austen,7.223809242248535
1,fitzgerald,1588,fitzgerald,6.799000263214111
1,fitzgerald,1588,twain,7.871926009654999
1,fitzgerald,1589,train,3.212503989537557
1,fitzgerald,1589,baum,7.180344104766846
1,fitzgerald,1589,thompson,7.875564813613892
1,fitzgerald,1589,dickens,7.039312839508057
1,fitzgerald,1589,melville,8.321252081129286
1,fitzgerald,1589,wells,7.257499774297078
1,fitzgerald,1589,austen,7.228667736053467
1,fitzgerald,1589,fitzgerald,6.805850914546421
1,fitzgerald,1589,twain,7.88556182384491
1,fitzgerald,1590,train,3.2398881117502847
1,fitzgerald,1590,baum,7.178218960762024
1,fitzgerald,1590,thompson,7.873369216918945
1,fitzgerald,1590,dickens,7.0492862065633135
1,fitzgerald,1590,melville,8.342451731363932
1,fitzgerald,1590,wells,7.263318220774333
1,fitzgerald,1590,austen,7.236934661865234
1,fitzgerald,1590,fitzgerald,6.801759379250663
1,fitzgerald,1590,twain,7.900692582130432
1,fitzgerald,1591,train,3.228139559427897
1,fitzgerald,1591,baum,7.180101156234741
1,fitzgerald,1591,thompson,7.861650824546814
1,fitzgerald,1591,dickens,7.057139078776042
1,fitzgerald,1591,melville,8.307088534037272
1,fitzgerald,1591,wells,7.250223875045776
1,fitzgerald,1591,austen,7.224348386128743
1,fitzgerald,1591,fitzgerald,6.796590600694929
1,fitzgerald,1591,twain,7.884802877902985
1,fitzgerald,1592,train,3.236647446950277
1,fitzgerald,1592,baum,7.17469584941864
1,fitzgerald,1592,thompson,7.858906626701355
1,fitzgerald,1592,dickens,7.03143326441447
1,fitzgerald,1592,melville,8.305635982089573
1,fitzgerald,1592,wells,7.261802593866984
1,fitzgerald,1592,austen,7.224134047826131
1,fitzgerald,1592,fitzgerald,6.805002348763602
1,fitzgerald,1592,twain,7.885115385055542
1,fitzgerald,1593,train,3.2064054807027182
1,fitzgerald,1593,baum,7.198581337928772
1,fitzgerald,1593,thompson,7.884503483772278
1,fitzgerald,1593,dickens,7.059269110361735
1,fitzgerald,1593,melville,8.320154719882542
1,fitzgerald,1593,wells,7.270910422007243
1,fitzgerald,1593,austen,7.241363525390625
1,fitzgerald,1593,fitzgerald,6.82082884652274
1,fitzgerald,1593,twain,7.895136892795563
1,fitzgerald,1594,train,3.181334972381592
1,fitzgerald,1594,baum,7.1674981117248535
1,fitzgerald,1594,thompson,7.846208930015564
1,fitzgerald,1594,dickens,7.054863135019938
1,fitzgerald,1594,melville,8.306365648905436
1,fitzgerald,1594,wells,7.2504715124766035
1,fitzgerald,1594,austen,7.220933039983113
1,fitzgerald,1594,fitzgerald,6.797787257603237
1,fitzgerald,1594,twain,7.876163810491562
1,fitzgerald,1595,train,3.2162553469340005
1,fitzgerald,1595,baum,7.18332827091217
1,fitzgerald,1595,thompson,7.86053454875946
1,fitzgerald,1595,dickens,7.052651723225911
1,fitzgerald,1595,melville,8.322108374701607
1,fitzgerald,1595,wells,7.274903535842895
1,fitzgerald,1595,austen,7.234105189641316
1,fitzgerald,1595,fitzgerald,6.808971881866455
1,fitzgerald,1595,twain,7.897430330514908
1,fitzgerald,1596,train,3.213996648788452
1,fitzgerald,1596,baum,7.212894678115845
1,fitzgerald,1596,thompson,7.886634469032288
1,fitzgerald,1596,dickens,7.065130233764648
1,fitzgerald,1596,melville,8.319751421610514
1,fitzgerald,1596,wells,7.276830275853475
1,fitzgerald,1596,austen,7.247846206029256
1,fitzgerald,1596,fitzgerald,6.819664818899972
1,fitzgerald,1596,twain,7.903965175151825
1,fitzgerald,1597,train,3.2237160205841064
1,fitzgerald,1597,baum,7.182576537132263
1,fitzgerald,1597,thompson,7.8520731925964355
1,fitzgerald,1597,dickens,7.04128360748291
1,fitzgerald,1597,melville,8.30848609076606
1,fitzgerald,1597,wells,7.251896619796753
1,fitzgerald,1597,austen,7.234904925028483
1,fitzgerald,1597,fitzgerald,6.799858161381313
1,fitzgerald,1597,twain,7.882376104593277
1,fitzgerald,1598,train,3.2291693687438965
1,fitzgerald,1598,baum,7.1883591413497925
1,fitzgerald,1598,thompson,7.863229990005493
1,fitzgerald,1598,dickens,7.059058984120687
1,fitzgerald,1598,melville,8.31018034617106
1,fitzgerald,1598,wells,7.257954279581706
1,fitzgerald,1598,austen,7.234532833099365
1,fitzgerald,1598,fitzgerald,6.807522024427142
1,fitzgerald,1598,twain,7.882896542549133
1,fitzgerald,1599,train,3.2311229705810547
1,fitzgerald,1599,baum,7.172071218490601
1,fitzgerald,1599,thompson,7.854596138000488
1,fitzgerald,1599,dickens,7.03896697362264
1,fitzgerald,1599,melville,8.291988054911295
1,fitzgerald,1599,wells,7.243577162424724
1,fitzgerald,1599,austen,7.215045054753621
1,fitzgerald,1599,fitzgerald,6.797312464032855
1,fitzgerald,1599,twain,7.873602569103241
1,fitzgerald,1600,train,3.1823392709096274
1,fitzgerald,1600,baum,7.165739417076111
1,fitzgerald,1600,thompson,7.853841066360474
1,fitzgerald,1600,dickens,7.0393398602803545
1,fitzgerald,1600,melville,8.303508758544922
1,fitzgerald,1600,wells,7.246912082036336
1,fitzgerald,1600,austen,7.213414827982585
1,fitzgerald,1600,fitzgerald,6.797055789402553
1,fitzgerald,1600,twain,7.877803087234497
1,fitzgerald,1601,train,3.209414084752401
1,fitzgerald,1601,baum,7.190712332725525
1,fitzgerald,1601,thompson,7.881833672523498
1,fitzgerald,1601,dickens,7.06365172068278
1,fitzgerald,1601,melville,8.334671974182129
1,fitzgerald,1601,wells,7.273191134134929
1,fitzgerald,1601,austen,7.238320191701253
1,fitzgerald,1601,fitzgerald,6.815844195229666
1,fitzgerald,1601,twain,7.90138304233551
1,fitzgerald,1602,train,3.207915703455607
1,fitzgerald,1602,baum,7.19595992565155
1,fitzgerald,1602,thompson,7.880298137664795
1,fitzgerald,1602,dickens,7.055107752482097
1,fitzgerald,1602,melville,8.337965541415745
1,fitzgerald,1602,wells,7.2740372021993
1,fitzgerald,1602,austen,7.250555912653605
1,fitzgerald,1602,fitzgerald,6.816876411437988
1,fitzgerald,1602,twain,7.908797264099121
1,fitzgerald,1603,train,3.2111963431040444
1,fitzgerald,1603,baum,7.193128705024719
1,fitzgerald,1603,thompson,7.876873016357422
1,fitzgerald,1603,dickens,7.054797967274983
1,fitzgerald,1603,melville,8.319685935974121
1,fitzgerald,1603,wells,7.264335632324219
1,fitzgerald,1603,austen,7.241068442662557
1,fitzgerald,1603,fitzgerald,6.811485699244908
1,fitzgerald,1603,twain,7.894278287887573
1,fitzgerald,1604,train,3.182138681411743
1,fitzgerald,1604,baum,7.201250195503235
1,fitzgerald,1604,thompson,7.895128488540649
1,fitzgerald,1604,dickens,7.044915676116943
1,fitzgerald,1604,melville,8.33057329389784
1,fitzgerald,1604,wells,7.277206500371297
1,fitzgerald,1604,austen,7.244723637898763
1,fitzgerald,1604,fitzgerald,6.82117543901716
1,fitzgerald,1604,twain,7.900715321302414
1,fitzgerald,1605,train,3.1496771971384683
1,fitzgerald,1605,baum,7.2084304094314575
1,fitzgerald,1605,thompson,7.890247225761414
1,fitzgerald,1605,dickens,7.044735749562581
1,fitzgerald,1605,melville,8.323155085245768
1,fitzgerald,1605,wells,7.283404588699341
1,fitzgerald,1605,austen,7.250003735224406
1,fitzgerald,1605,fitzgerald,6.826798711504255
1,fitzgerald,1605,twain,7.905348390340805
1,fitzgerald,1606,train,3.157155593236288
1,fitzgerald,1606,baum,7.1875094175338745
1,fitzgerald,1606,thompson,7.870012998580933
1,fitzgerald,1606,dickens,7.0507017771403
1,fitzgerald,1606,melville,8.316942109002007
1,fitzgerald,1606,wells,7.2614344755808515
1,fitzgerald,1606,austen,7.2323949337005615
1,fitzgerald,1606,fitzgerald,6.810133457183838
1,fitzgerald,1606,twain,7.889327794313431
1,fitzgerald,1607,train,3.170600096384684
1,fitzgerald,1607,baum,7.173516392707825
1,fitzgerald,1607,thompson,7.873428702354431
1,fitzgerald,1607,dickens,7.044131278991699
1,fitzgerald,1607,melville,8.320651372273764
1,fitzgerald,1607,wells,7.253991444905599
1,fitzgerald,1607,austen,7.220349629720052
1,fitzgerald,1607,fitzgerald,6.805131026676723
1,fitzgerald,1607,twain,7.88838192820549
1,fitzgerald,1608,train,3.1973201433817544
1,fitzgerald,1608,baum,7.193850874900818
1,fitzgerald,1608,thompson,7.887800335884094
1,fitzgerald,1608,dickens,7.054615338643392
1,fitzgerald,1608,melville,8.325745476616753
1,fitzgerald,1608,wells,7.27623971303304
1,fitzgerald,1608,austen,7.2404671510060625
1,fitzgerald,1608,fitzgerald,6.822032996586391
1,fitzgerald,1608,twain,7.907665103673935
1,fitzgerald,1609,train,3.200685501098633
1,fitzgerald,1609,baum,7.209728717803955
1,fitzgerald,1609,thompson,7.891874670982361
1,fitzgerald,1609,dickens,7.063292185465495
1,fitzgerald,1609,melville,8.35719543033176
1,fitzgerald,1609,wells,7.298115968704224
1,fitzgerald,1609,austen,7.260719537734985
1,fitzgerald,1609,fitzgerald,6.832089969090053
1,fitzgerald,1609,twain,7.93247726559639
1,fitzgerald,1610,train,3.195411364237468
1,fitzgerald,1610,baum,7.20828914642334
1,fitzgerald,1610,thompson,7.886399030685425
1,fitzgerald,1610,dickens,7.073809464772542
1,fitzgerald,1610,melville,8.348153220282661
1,fitzgerald,1610,wells,7.287421067555745
1,fitzgerald,1610,austen,7.256651083628337
1,fitzgerald,1610,fitzgerald,6.825939859662737
1,fitzgerald,1610,twain,7.918076723814011
1,fitzgerald,1611,train,3.1985182762146
1,fitzgerald,1611,baum,7.194651007652283
1,fitzgerald,1611,thompson,7.879636168479919
1,fitzgerald,1611,dickens,7.052662372589111
1,fitzgerald,1611,melville,8.324650658501518
1,fitzgerald,1611,wells,7.27833890914917
1,fitzgerald,1611,austen,7.24060845375061
1,fitzgerald,1611,fitzgerald,6.820585591452463
1,fitzgerald,1611,twain,7.901272922754288
1,fitzgerald,1612,train,3.2146643002827964
1,fitzgerald,1612,baum,7.204294681549072
1,fitzgerald,1612,thompson,7.895876407623291
1,fitzgerald,1612,dickens,7.050969123840332
1,fitzgerald,1612,melville,8.341591411166721
1,fitzgerald,1612,wells,7.287727038065593
1,fitzgerald,1612,austen,7.2472827434539795
1,fitzgerald,1612,fitzgerald,6.829161848340716
1,fitzgerald,1612,twain,7.912068367004394
1,fitzgerald,1613,train,3.188886880874634
1,fitzgerald,1613,baum,7.204370617866516
1,fitzgerald,1613,thompson,7.889614462852478
1,fitzgerald,1613,dickens,7.066400369008382
1,fitzgerald,1613,melville,8.34850353664822
1,fitzgerald,1613,wells,7.28524120648702
1,fitzgerald,1613,austen,7.252633253733317
1,fitzgerald,1613,fitzgerald,6.827161720820835
1,fitzgerald,1613,twain,7.917624533176422
1,fitzgerald,1614,train,3.145971298217773
1,fitzgerald,1614,baum,7.202677607536316
1,fitzgerald,1614,thompson,7.888054966926575
1,fitzgerald,1614,dickens,7.063301722208659
1,fitzgerald,1614,melville,8.349357181125217
1,fitzgerald,1614,wells,7.286378860473633
1,fitzgerald,1614,austen,7.255540291468303
1,fitzgerald,1614,fitzgerald,6.827215739658901
1,fitzgerald,1614,twain,7.919740855693817
1,fitzgerald,1615,train,3.2117373943328857
1,fitzgerald,1615,baum,7.190035939216614
1,fitzgerald,1615,thompson,7.879970192909241
1,fitzgerald,1615,dickens,7.0461985270182295
1,fitzgerald,1615,melville,8.322483698527018
1,fitzgerald,1615,wells,7.274524052937825
1,fitzgerald,1615,austen,7.242674112319946
1,fitzgerald,1615,fitzgerald,6.820650236947196
1,fitzgerald,1615,twain,7.899304330348968
1,fitzgerald,1616,train,3.137917677561442
1,fitzgerald,1616,baum,7.197762131690979
1,fitzgerald,1616,thompson,7.887638449668884
1,fitzgerald,1616,dickens,7.05296262105306
1,fitzgerald,1616,melville,8.326475037468803
1,fitzgerald,1616,wells,7.280984083811442
1,fitzgerald,1616,austen,7.243165651957194
1,fitzgerald,1616,fitzgerald,6.821686744689941
1,fitzgerald,1616,twain,7.9074996411800385
1,fitzgerald,1617,train,3.2140105565389
1,fitzgerald,1617,baum,7.211425542831421
1,fitzgerald,1617,thompson,7.895753264427185
1,fitzgerald,1617,dickens,7.067465623219808
1,fitzgerald,1617,melville,8.35922982957628
1,fitzgerald,1617,wells,7.297416687011719
1,fitzgerald,1617,austen,7.25487478574117
1,fitzgerald,1617,fitzgerald,6.83078636441912
1,fitzgerald,1617,twain,7.924349546432495
1,fitzgerald,1618,train,3.152241309483846
1,fitzgerald,1618,baum,7.215051293373108
1,fitzgerald,1618,thompson,7.89853823184967
1,fitzgerald,1618,dickens,7.056358655293782
1,fitzgerald,1618,melville,8.335529221428764
1,fitzgerald,1618,wells,7.289537747701009
1,fitzgerald,1618,austen,7.250609556833903
1,fitzgerald,1618,fitzgerald,6.832022530691964
1,fitzgerald,1618,twain,7.907386988401413
1,fitzgerald,1619,train,3.2114802996317544
1,fitzgerald,1619,baum,7.197561979293823
1,fitzgerald,1619,thompson,7.880720853805542
1,fitzgerald,1619,dickens,7.036059697469075
1,fitzgerald,1619,melville,8.320958137512207
1,fitzgerald,1619,wells,7.286591450373332
1,fitzgerald,1619,austen,7.244413057963054
1,fitzgerald,1619,fitzgerald,6.824808052607945
1,fitzgerald,1619,twain,7.904034227132797
1,fitzgerald,1620,train,3.1859703063964844
1,fitzgerald,1620,baum,7.189709186553955
1,fitzgerald,1620,thompson,7.879105448722839
1,fitzgerald,1620,dickens,7.043088436126709
1,fitzgerald,1620,melville,8.338235219319662
1,fitzgerald,1620,wells,7.282924811045329
1,fitzgerald,1620,austen,7.237193584442139
1,fitzgerald,1620,fitzgerald,6.821714878082275
1,fitzgerald,1620,twain,7.91240257024765
1,fitzgerald,1621,train,3.184087038040161
1,fitzgerald,1621,baum,7.183791399002075
1,fitzgerald,1621,thompson,7.8752946853637695
1,fitzgerald,1621,dickens,7.0469692548116045
1,fitzgerald,1621,melville,8.334177758958605
1,fitzgerald,1621,wells,7.266333262125651
1,fitzgerald,1621,austen,7.2287295659383135
1,fitzgerald,1621,fitzgerald,6.815035002572196
1,fitzgerald,1621,twain,7.903070390224457
1,fitzgerald,1622,train,3.2191851139068604
1,fitzgerald,1622,baum,7.182267546653748
1,fitzgerald,1622,thompson,7.866444587707519
1,fitzgerald,1622,dickens,7.035971005757649
1,fitzgerald,1622,melville,8.317795753479004
1,fitzgerald,1622,wells,7.266262213389079
1,fitzgerald,1622,austen,7.235963900883992
1,fitzgerald,1622,fitzgerald,6.813244751521519
1,fitzgerald,1622,twain,7.899640142917633
1,fitzgerald,1623,train,3.149128039677938
1,fitzgerald,1623,baum,7.2132545709609985
1,fitzgerald,1623,thompson,7.896870851516724
1,fitzgerald,1623,dickens,7.064183712005615
1,fitzgerald,1623,melville,8.343419392903646
1,fitzgerald,1623,wells,7.297170639038086
1,fitzgerald,1623,austen,7.266096671422322
1,fitzgerald,1623,fitzgerald,6.833575453077044
1,fitzgerald,1623,twain,7.923954099416733
1,fitzgerald,1624,train,3.198493321736654
1,fitzgerald,1624,baum,7.228456497192383
1,fitzgerald,1624,thompson,7.915423631668091
1,fitzgerald,1624,dickens,7.09264341990153
1,fitzgerald,1624,melville,8.35810375213623
1,fitzgerald,1624,wells,7.310273090998332
1,fitzgerald,1624,austen,7.269045988718669
1,fitzgerald,1624,fitzgerald,6.845826217106411
1,fitzgerald,1624,twain,7.935355961322784
1,fitzgerald,1625,train,3.1976142724355063
1,fitzgerald,1625,baum,7.185520052909851
1,fitzgerald,1625,thompson,7.867221236228943
1,fitzgerald,1625,dickens,7.064233462015788
1,fitzgerald,1625,melville,8.316238509284126
1,fitzgerald,1625,wells,7.271740913391113
1,fitzgerald,1625,austen,7.239014307657878
1,fitzgerald,1625,fitzgerald,6.818106310708182
1,fitzgerald,1625,twain,7.904510289430618
1,fitzgerald,1626,train,3.1556711991628013
1,fitzgerald,1626,baum,7.199159860610962
1,fitzgerald,1626,thompson,7.890875697135925
1,fitzgerald,1626,dickens,7.075036843617757
1,fitzgerald,1626,melville,8.335117552015516
1,fitzgerald,1626,wells,7.279368718465169
1,fitzgerald,1626,austen,7.24828306833903
1,fitzgerald,1626,fitzgerald,6.8257624081202914
1,fitzgerald,1626,twain,7.914553970098495
1,fitzgerald,1627,train,3.1707367102305093
1,fitzgerald,1627,baum,7.195047378540039
1,fitzgerald,1627,thompson,7.888561725616455
1,fitzgerald,1627,dickens,7.076975027720134
1,fitzgerald,1627,melville,8.345154762268066
1,fitzgerald,1627,wells,7.282188256581624
1,fitzgerald,1627,austen,7.248903910319011
1,fitzgerald,1627,fitzgerald,6.825953415461949
1,fitzgerald,1627,twain,7.911853909492493
1,fitzgerald,1628,train,3.1850624084472656
1,fitzgerald,1628,baum,7.200984477996826
1,fitzgerald,1628,thompson,7.890858054161072
1,fitzgerald,1628,dickens,7.071891784667969
1,fitzgerald,1628,melville,8.358306990729439
1,fitzgerald,1628,wells,7.294698079427083
1,fitzgerald,1628,austen,7.261981010437012
1,fitzgerald,1628,fitzgerald,6.831978048597064
1,fitzgerald,1628,twain,7.926845610141754
1,fitzgerald,1629,train,3.1895392735799155
1,fitzgerald,1629,baum,7.209540963172913
1,fitzgerald,1629,thompson,7.900891900062561
1,fitzgerald,1629,dickens,7.070804595947266
1,fitzgerald,1629,melville,8.360899289449057
1,fitzgerald,1629,wells,7.298142751057942
1,fitzgerald,1629,austen,7.259573618570964
1,fitzgerald,1629,fitzgerald,6.835103511810303
1,fitzgerald,1629,twain,7.932640194892883
1,fitzgerald,1630,train,3.188114643096924
1,fitzgerald,1630,baum,7.179931282997131
1,fitzgerald,1630,thompson,7.869324803352356
1,fitzgerald,1630,dickens,7.057020982106526
1,fitzgerald,1630,melville,8.327919748094347
1,fitzgerald,1630,wells,7.2755022048950195
1,fitzgerald,1630,austen,7.231930494308472
1,fitzgerald,1630,fitzgerald,6.8192755835396905
1,fitzgerald,1630,twain,7.902220547199249
1,fitzgerald,1631,train,3.1431965033213296
1,fitzgerald,1631,baum,7.205728530883789
1,fitzgerald,1631,thompson,7.892638683319092
1,fitzgerald,1631,dickens,7.075462341308594
1,fitzgerald,1631,melville,8.345138019985622
1,fitzgerald,1631,wells,7.291723648707072
1,fitzgerald,1631,austen,7.2569686571757
1,fitzgerald,1631,fitzgerald,6.8332005228315085
1,fitzgerald,1631,twain,7.916610151529312
1,fitzgerald,1632,train,3.1528432369232178
1,fitzgerald,1632,baum,7.217810273170471
1,fitzgerald,1632,thompson,7.903136730194092
1,fitzgerald,1632,dickens,7.074480056762695
1,fitzgerald,1632,melville,8.35465939839681
1,fitzgerald,1632,wells,7.300004879633586
1,fitzgerald,1632,austen,7.270597457885742
1,fitzgerald,1632,fitzgerald,6.838965892791748
1,fitzgerald,1632,twain,7.924272745847702
1,fitzgerald,1633,train,3.1227866808573403
1,fitzgerald,1633,baum,7.230605363845825
1,fitzgerald,1633,thompson,7.913756608963013
1,fitzgerald,1633,dickens,7.078575770060222
1,fitzgerald,1633,melville,8.338553534613716
1,fitzgerald,1633,wells,7.30670444170634
1,fitzgerald,1633,austen,7.269542853037517
1,fitzgerald,1633,fitzgerald,6.847835200173514
1,fitzgerald,1633,twain,7.91949599981308
1,fitzgerald,1634,train,3.1180573304494223
1,fitzgerald,1634,baum,7.236149311065674
1,fitzgerald,1634,thompson,7.923966407775879
1,fitzgerald,1634,dickens,7.084353605906169
1,fitzgerald,1634,melville,8.352894677056206
1,fitzgerald,1634,wells,7.3205335934956866
1,fitzgerald,1634,austen,7.277652502059936
1,fitzgerald,1634,fitzgerald,6.856956277574811
1,fitzgerald,1634,twain,7.930378377437591
1,fitzgerald,1635,train,3.1324687004089355
1,fitzgerald,1635,baum,7.209116339683533
1,fitzgerald,1635,thompson,7.902469873428345
1,fitzgerald,1635,dickens,7.070969581604004
1,fitzgerald,1635,melville,8.369636005825466
1,fitzgerald,1635,wells,7.305421511332194
1,fitzgerald,1635,austen,7.263389825820923
1,fitzgerald,1635,fitzgerald,6.836030415126255
1,fitzgerald,1635,twain,7.925310462713242
1,fitzgerald,1636,train,3.1517308553059897
1,fitzgerald,1636,baum,7.2080700397491455
1,fitzgerald,1636,thompson,7.893295526504517
1,fitzgerald,1636,dickens,7.086382230122884
1,fitzgerald,1636,melville,8.347033182779947
1,fitzgerald,1636,wells,7.296578566233317
1,fitzgerald,1636,austen,7.255860169728597
1,fitzgerald,1636,fitzgerald,6.834265845162528
1,fitzgerald,1636,twain,7.910763084888458
1,fitzgerald,1637,train,3.13757054011027
1,fitzgerald,1637,baum,7.226045966148376
1,fitzgerald,1637,thompson,7.916039347648621
1,fitzgerald,1637,dickens,7.087083339691162
1,fitzgerald,1637,melville,8.361805174085829
1,fitzgerald,1637,wells,7.323075453440349
1,fitzgerald,1637,austen,7.273861169815063
1,fitzgerald,1637,fitzgerald,6.854267460959298
1,fitzgerald,1637,twain,7.935498684644699
1,fitzgerald,1638,train,3.18412439028422
1,fitzgerald,1638,baum,7.233642339706421
1,fitzgerald,1638,thompson,7.92134952545166
1,fitzgerald,1638,dickens,7.095548947652181
1,fitzgerald,1638,melville,8.352006276448568
1,fitzgerald,1638,wells,7.309124390284221
1,fitzgerald,1638,austen,7.274040063222249
1,fitzgerald,1638,fitzgerald,6.848522390638079
1,fitzgerald,1638,twain,7.929651826620102
1,fitzgerald,1639,train,3.1506303946177163
1,fitzgerald,1639,baum,7.207689881324768
1,fitzgerald,1639,thompson,7.90146803855896
1,fitzgerald,1639,dickens,7.077410697937012
1,fitzgerald,1639,melville,8.358659850226509
1,fitzgerald,1639,wells,7.293877283732097
1,fitzgerald,1639,austen,7.258696873982747
1,fitzgerald,1639,fitzgerald,6.833892890385219
1,fitzgerald,1639,twain,7.922565817832947
1,fitzgerald,1640,train,3.1220409870147705
1,fitzgerald,1640,baum,7.203078627586365
1,fitzgerald,1640,thompson,7.894854545593262
1,fitzgerald,1640,dickens,7.071928183237712
1,fitzgerald,1640,melville,8.354550573560926
1,fitzgerald,1640,wells,7.298048655192058
1,fitzgerald,1640,austen,7.249250332514445
1,fitzgerald,1640,fitzgerald,6.83231224332537
1,fitzgerald,1640,twain,7.919381529092789
1,fitzgerald,1641,train,3.134592056274414
1,fitzgerald,1641,baum,7.224250912666321
1,fitzgerald,1641,thompson,7.90550434589386
1,fitzgerald,1641,dickens,7.081787427266439
1,fitzgerald,1641,melville,8.340136951870388
1,fitzgerald,1641,wells,7.303754329681396
1,fitzgerald,1641,austen,7.26017967859904
1,fitzgerald,1641,fitzgerald,6.839393411363874
1,fitzgerald,1641,twain,7.916924327611923
1,fitzgerald,1642,train,3.1476635138193765
1,fitzgerald,1642,baum,7.212403059005737
1,fitzgerald,1642,thompson,7.898138523101807
1,fitzgerald,1642,dickens,7.06960916519165
1,fitzgerald,1642,melville,8.346819135877821
1,fitzgerald,1642,wells,7.30038317044576
1,fitzgerald,1642,austen,7.259100198745727
1,fitzgerald,1642,fitzgerald,6.834444182259696
1,fitzgerald,1642,twain,7.917131185531616
1,fitzgerald,1643,train,3.1443840662638345
1,fitzgerald,1643,baum,7.2041250467300415
1,fitzgerald,1643,thompson,7.900082468986511
1,fitzgerald,1643,dickens,7.075350602467855
1,fitzgerald,1643,melville,8.3529019885593
1,fitzgerald,1643,wells,7.292546113332112
1,fitzgerald,1643,austen,7.257507880528768
1,fitzgerald,1643,fitzgerald,6.829699448176792
1,fitzgerald,1643,twain,7.915022820234299
1,fitzgerald,1644,train,3.127130111058553
1,fitzgerald,1644,baum,7.204076886177063
1,fitzgerald,1644,thompson,7.901480197906494
1,fitzgerald,1644,dickens,7.080145835876465
1,fitzgerald,1644,melville,8.3473572201199
1,fitzgerald,1644,wells,7.297158320744832
1,fitzgerald,1644,austen,7.257554213205974
1,fitzgerald,1644,fitzgerald,6.83212457384382
1,fitzgerald,1644,twain,7.916487842798233
1,fitzgerald,1645,train,3.178351879119873
1,fitzgerald,1645,baum,7.19822895526886
1,fitzgerald,1645,thompson,7.891567349433899
1,fitzgerald,1645,dickens,7.083746751149495
1,fitzgerald,1645,melville,8.35274272494846
1,fitzgerald,1645,wells,7.291998306910197
1,fitzgerald,1645,austen,7.253315130869548
1,fitzgerald,1645,fitzgerald,6.827601296561105
1,fitzgerald,1645,twain,7.922615677118301
1,fitzgerald,1646,train,3.11887256304423
1,fitzgerald,1646,baum,7.214512467384338
1,fitzgerald,1646,thompson,7.902032375335693
1,fitzgerald,1646,dickens,7.100245316823323
1,fitzgerald,1646,melville,8.350546095106337
1,fitzgerald,1646,wells,7.2952351570129395
1,fitzgerald,1646,austen,7.264166831970215
1,fitzgerald,1646,fitzgerald,6.83577333177839
1,fitzgerald,1646,twain,7.9279565513134
1,fitzgerald,1647,train,3.123891750971476
1,fitzgerald,1647,baum,7.233560919761658
1,fitzgerald,1647,thompson,7.921130895614624
1,fitzgerald,1647,dickens,7.100483735402425
1,fitzgerald,1647,melville,8.36533949110243
1,fitzgerald,1647,wells,7.317217985788981
1,fitzgerald,1647,austen,7.280438343683879
1,fitzgerald,1647,fitzgerald,6.853732790265765
1,fitzgerald,1647,twain,7.935248702764511
1,fitzgerald,1648,train,3.166792313257853
1,fitzgerald,1648,baum,7.23097813129425
1,fitzgerald,1648,thompson,7.914153099060059
1,fitzgerald,1648,dickens,7.1003594398498535
1,fitzgerald,1648,melville,8.358000225490994
1,fitzgerald,1648,wells,7.308621883392334
1,fitzgerald,1648,austen,7.276275555292766
1,fitzgerald,1648,fitzgerald,6.848712512425014
1,fitzgerald,1648,twain,7.919213205575943
1,fitzgerald,1649,train,3.199689706166585
1,fitzgerald,1649,baum,7.235549330711365
1,fitzgerald,1649,thompson,7.919765949249268
1,fitzgerald,1649,dickens,7.098211288452148
1,fitzgerald,1649,melville,8.36521159278022
1,fitzgerald,1649,wells,7.306455532709758
1,fitzgerald,1649,austen,7.287912527720134
1,fitzgerald,1649,fitzgerald,6.849746227264404
1,fitzgerald,1649,twain,7.928947180509567
1,fitzgerald,1650,train,3.1526596546173096
1,fitzgerald,1650,baum,7.223798632621765
1,fitzgerald,1650,thompson,7.923362970352173
1,fitzgerald,1650,dickens,7.0795596440633135
1,fitzgerald,1650,melville,8.374556965298122
1,fitzgerald,1650,wells,7.310890356699626
1,fitzgerald,1650,austen,7.276184161504109
1,fitzgerald,1650,fitzgerald,6.849279267447336
1,fitzgerald,1650,twain,7.936207890510559
1,fitzgerald,1651,train,3.134023348490397
1,fitzgerald,1651,baum,7.22479510307312
1,fitzgerald,1651,thompson,7.918228626251221
1,fitzgerald,1651,dickens,7.092478593190511
1,fitzgerald,1651,melville,8.35206084781223
1,fitzgerald,1651,wells,7.302483002344767
1,fitzgerald,1651,austen,7.267518997192383
1,fitzgerald,1651,fitzgerald,6.847514288766043
1,fitzgerald,1651,twain,7.924904644489288
1,fitzgerald,1652,train,3.092860460281372
1,fitzgerald,1652,baum,7.224941253662109
1,fitzgerald,1652,thompson,7.913011074066162
1,fitzgerald,1652,dickens,7.094851652781169
1,fitzgerald,1652,melville,8.359979417588976
1,fitzgerald,1652,wells,7.299284299214681
1,fitzgerald,1652,austen,7.280784686406453
1,fitzgerald,1652,fitzgerald,6.847188745226179
1,fitzgerald,1652,twain,7.935133874416351
1,fitzgerald,1653,train,3.114399274190267
1,fitzgerald,1653,baum,7.23269248008728
1,fitzgerald,1653,thompson,7.918420314788818
1,fitzgerald,1653,dickens,7.106585661570231
1,fitzgerald,1653,melville,8.37791559431288
1,fitzgerald,1653,wells,7.321047306060791
1,fitzgerald,1653,austen,7.286474704742432
1,fitzgerald,1653,fitzgerald,6.854314872196743
1,fitzgerald,1653,twain,7.950473487377167
1,fitzgerald,1654,train,3.1767678260803223
1,fitzgerald,1654,baum,7.254591464996338
1,fitzgerald,1654,thompson,7.9433207511901855
1,fitzgerald,1654,dickens,7.115155378977458
1,fitzgerald,1654,melville,8.377605438232422
1,fitzgerald,1654,wells,7.337451934814453
1,fitzgerald,1654,austen,7.293623606363933
1,fitzgerald,1654,fitzgerald,6.869731971195766
1,fitzgerald,1654,twain,7.957810550928116
1,fitzgerald,1655,train,3.074558973312378
1,fitzgerald,1655,baum,7.244472980499268
1,fitzgerald,1655,thompson,7.931142449378967
1,fitzgerald,1655,dickens,7.089266141255696
1,fitzgerald,1655,melville,8.374073558383518
1,fitzgerald,1655,wells,7.325528383255005
1,fitzgerald,1655,austen,7.296892245610555
1,fitzgerald,1655,fitzgerald,6.8626891544887
1,fitzgerald,1655,twain,7.950508147478104
1,fitzgerald,1656,train,3.0961283842722573
1,fitzgerald,1656,baum,7.2253416776657104
1,fitzgerald,1656,thompson,7.914810299873352
1,fitzgerald,1656,dickens,7.100541114807129
1,fitzgerald,1656,melville,8.37859461042616
1,fitzgerald,1656,wells,7.313875198364258
1,fitzgerald,1656,austen,7.281377871831258
1,fitzgerald,1656,fitzgerald,6.846622058323452
1,fitzgerald,1656,twain,7.942912429571152
1,fitzgerald,1657,train,3.1114137967427573
1,fitzgerald,1657,baum,7.250019550323486
1,fitzgerald,1657,thompson,7.9557987451553345
1,fitzgerald,1657,dickens,7.115452130635579
1,fitzgerald,1657,melville,8.407585355970594
1,fitzgerald,1657,wells,7.341622511545817
1,fitzgerald,1657,austen,7.301264683405559
1,fitzgerald,1657,fitzgerald,6.861629349844796
1,fitzgerald,1657,twain,7.972377389669418
1,fitzgerald,1658,train,3.0878902276357016
1,fitzgerald,1658,baum,7.232100605964661
1,fitzgerald,1658,thompson,7.932039976119995
1,fitzgerald,1658,dickens,7.1001566251118975
1,fitzgerald,1658,melville,8.376686414082846
1,fitzgerald,1658,wells,7.324563821156819
1,fitzgerald,1658,austen,7.28812305132548
1,fitzgerald,1658,fitzgerald,6.853765147072928
1,fitzgerald,1658,twain,7.94910991191864
1,fitzgerald,1659,train,3.0686026414235434
1,fitzgerald,1659,baum,7.207266330718994
1,fitzgerald,1659,thompson,7.906583905220032
1,fitzgerald,1659,dickens,7.098193327585856
1,fitzgerald,1659,melville,8.35063107808431
1,fitzgerald,1659,wells,7.297093470891316
1,fitzgerald,1659,austen,7.261787017186482
1,fitzgerald,1659,fitzgerald,6.839284828730992
1,fitzgerald,1659,twain,7.919579327106476
1,fitzgerald,1660,train,3.131709575653076
1,fitzgerald,1660,baum,7.225913047790527
1,fitzgerald,1660,thompson,7.931916236877441
1,fitzgerald,1660,dickens,7.092366536458333
1,fitzgerald,1660,melville,8.388559447394478
1,fitzgerald,1660,wells,7.319786469141642
1,fitzgerald,1660,austen,7.278697570164998
1,fitzgerald,1660,fitzgerald,6.850179876599993
1,fitzgerald,1660,twain,7.947946190834045
1,fitzgerald,1661,train,3.0878849824269614
1,fitzgerald,1661,baum,7.2526615858078
1,fitzgerald,1661,thompson,7.9457738399505615
1,fitzgerald,1661,dickens,7.111441453297933
1,fitzgerald,1661,melville,8.402156405978733
1,fitzgerald,1661,wells,7.337348699569702
1,fitzgerald,1661,austen,7.3003621101379395
1,fitzgerald,1661,fitzgerald,6.863476208278111
1,fitzgerald,1661,twain,7.965946227312088
1,fitzgerald,1662,train,3.13386861483256
1,fitzgerald,1662,baum,7.222546815872192
1,fitzgerald,1662,thompson,7.914065957069397
1,fitzgerald,1662,dickens,7.094473997751872
1,fitzgerald,1662,melville,8.36560747358534
1,fitzgerald,1662,wells,7.305461088816325
1,fitzgerald,1662,austen,7.276975949605306
1,fitzgerald,1662,fitzgerald,6.843852588108608
1,fitzgerald,1662,twain,7.931958079338074
1,fitzgerald,1663,train,3.123240073521932
1,fitzgerald,1663,baum,7.212757229804993
1,fitzgerald,1663,thompson,7.914133191108704
1,fitzgerald,1663,dickens,7.072677453358968
1,fitzgerald,1663,melville,8.378939946492514
1,fitzgerald,1663,wells,7.312150478363037
1,fitzgerald,1663,austen,7.280547300974528
1,fitzgerald,1663,fitzgerald,6.845887116023472
1,fitzgerald,1663,twain,7.940532147884369
1,fitzgerald,1664,train,3.094729026158651
1,fitzgerald,1664,baum,7.249129891395569
1,fitzgerald,1664,thompson,7.945098638534546
1,fitzgerald,1664,dickens,7.116210460662842
1,fitzgerald,1664,melville,8.388309690687391
1,fitzgerald,1664,wells,7.331563711166382
1,fitzgerald,1664,austen,7.292386452356975
1,fitzgerald,1664,fitzgerald,6.864445550101144
1,fitzgerald,1664,twain,7.954352140426636
1,fitzgerald,1665,train,3.1573713620503745
1,fitzgerald,1665,baum,7.241165041923523
1,fitzgerald,1665,thompson,7.936988949775696
1,fitzgerald,1665,dickens,7.099840005238851
1,fitzgerald,1665,melville,8.38513829973009
1,fitzgerald,1665,wells,7.330784320831299
1,fitzgerald,1665,austen,7.287600199381511
1,fitzgerald,1665,fitzgerald,6.861250809260777
1,fitzgerald,1665,twain,7.95435044169426
1,fitzgerald,1666,train,3.1160992781321206
1,fitzgerald,1666,baum,7.226750612258911
1,fitzgerald,1666,thompson,7.913025736808777
1,fitzgerald,1666,dickens,7.094621499379476
1,fitzgerald,1666,melville,8.365532557169596
1,fitzgerald,1666,wells,7.318425099054973
1,fitzgerald,1666,austen,7.285006523132324
1,fitzgerald,1666,fitzgerald,6.853187561035156
1,fitzgerald,1666,twain,7.94470202922821
1,fitzgerald,1667,train,3.1193951765696206
1,fitzgerald,1667,baum,7.210143446922302
1,fitzgerald,1667,thompson,7.908547520637512
1,fitzgerald,1667,dickens,7.089463551839192
1,fitzgerald,1667,melville,8.372154235839844
1,fitzgerald,1667,wells,7.309535980224609
1,fitzgerald,1667,austen,7.271069844563802
1,fitzgerald,1667,fitzgerald,6.84259067262922
1,fitzgerald,1667,twain,7.936777889728546
1,fitzgerald,1668,train,3.1309675375620523
1,fitzgerald,1668,baum,7.23265278339386
1,fitzgerald,1668,thompson,7.941629290580749
1,fitzgerald,1668,dickens,7.105167071024577
1,fitzgerald,1668,melville,8.382604916890463
1,fitzgerald,1668,wells,7.313451369603475
1,fitzgerald,1668,austen,7.274030923843384
1,fitzgerald,1668,fitzgerald,6.851650851113456
1,fitzgerald,1668,twain,7.939619928598404
1,fitzgerald,1669,train,3.101044178009033
1,fitzgerald,1669,baum,7.252207159996033
1,fitzgerald,1669,thompson,7.9524126052856445
1,fitzgerald,1669,dickens,7.116605281829834
1,fitzgerald,1669,melville,8.39631430308024
1,fitzgerald,1669,wells,7.339140017827352
1,fitzgerald,1669,austen,7.294112364451091
1,fitzgerald,1669,fitzgerald,6.869331768580845
1,fitzgerald,1669,twain,7.96390038728714
1,fitzgerald,1670,train,3.110321839650472
1,fitzgerald,1670,baum,7.248281478881836
1,fitzgerald,1670,thompson,7.940552234649658
1,fitzgerald,1670,dickens,7.116406599680583
1,fitzgerald,1670,melville,8.390801747639975
1,fitzgerald,1670,wells,7.340261856714885
1,fitzgerald,1670,austen,7.298183520634969
1,fitzgerald,1670,fitzgerald,6.869400092533657
1,fitzgerald,1670,twain,7.96178936958313
1,fitzgerald,1671,train,3.087835947672526
1,fitzgerald,1671,baum,7.239235877990723
1,fitzgerald,1671,thompson,7.93933093547821
1,fitzgerald,1671,dickens,7.115671475728353
1,fitzgerald,1671,melville,8.396951039632162
1,fitzgerald,1671,wells,7.326589584350586
1,fitzgerald,1671,austen,7.292173782984416
1,fitzgerald,1671,fitzgerald,6.861516680036273
1,fitzgerald,1671,twain,7.952123910188675
1,fitzgerald,1672,train,3.121408144632975
1,fitzgerald,1672,baum,7.257944345474243
1,fitzgerald,1672,thompson,7.951307892799377
1,fitzgerald,1672,dickens,7.118354956309001
1,fitzgerald,1672,melville,8.4065523147583
1,fitzgerald,1672,wells,7.344645818074544
1,fitzgerald,1672,austen,7.310920397440593
1,fitzgerald,1672,fitzgerald,6.871830872126988
1,fitzgerald,1672,twain,7.970021605491638
1,fitzgerald,1673,train,3.106797377268473
1,fitzgerald,1673,baum,7.266037821769714
1,fitzgerald,1673,thompson,7.96025538444519
1,fitzgerald,1673,dickens,7.114029884338379
1,fitzgerald,1673,melville,8.406740082634819
1,fitzgerald,1673,wells,7.349662621815999
1,fitzgerald,1673,austen,7.31736954053243
1,fitzgerald,1673,fitzgerald,6.8763620512826105
1,fitzgerald,1673,twain,7.979236334562302
1,fitzgerald,1674,train,3.0796214739481607
1,fitzgerald,1674,baum,7.270900368690491
1,fitzgerald,1674,thompson,7.974406599998474
1,fitzgerald,1674,dickens,7.121978123982747
1,fitzgerald,1674,melville,8.42324701944987
1,fitzgerald,1674,wells,7.34922194480896
1,fitzgerald,1674,austen,7.323257684707642
1,fitzgerald,1674,fitzgerald,6.878390789031982
1,fitzgerald,1674,twain,7.983095437288284
1,fitzgerald,1675,train,3.1732212702433267
1,fitzgerald,1675,baum,7.272117614746094
1,fitzgerald,1675,thompson,7.967691421508789
1,fitzgerald,1675,dickens,7.128353754679362
1,fitzgerald,1675,melville,8.423406177096897
1,fitzgerald,1675,wells,7.356564998626709
1,fitzgerald,1675,austen,7.330380280812581
1,fitzgerald,1675,fitzgerald,6.880004610334124
1,fitzgerald,1675,twain,7.9858138263225555
1,fitzgerald,1676,train,3.068077087402344
1,fitzgerald,1676,baum,7.273454308509827
1,fitzgerald,1676,thompson,7.964157581329346
1,fitzgerald,1676,dickens,7.123366991678874
1,fitzgerald,1676,melville,8.407211409674751
1,fitzgerald,1676,wells,7.35599160194397
1,fitzgerald,1676,austen,7.325528462727864
1,fitzgerald,1676,fitzgerald,6.883203710828509
1,fitzgerald,1676,twain,7.983185857534409
1,fitzgerald,1677,train,3.086320877075196
1,fitzgerald,1677,baum,7.259671330451965
1,fitzgerald,1677,thompson,7.956879496574402
1,fitzgerald,1677,dickens,7.120747884114583
1,fitzgerald,1677,melville,8.391506724887424
1,fitzgerald,1677,wells,7.33656922976176
1,fitzgerald,1677,austen,7.306128819783528
1,fitzgerald,1677,fitzgerald,6.874898638044085
1,fitzgerald,1677,twain,7.962246954441071
1,fitzgerald,1678,train,3.164755662282308
1,fitzgerald,1678,baum,7.248404860496521
1,fitzgerald,1678,thompson,7.944972515106201
1,fitzgerald,1678,dickens,7.113823890686035
1,fitzgerald,1678,melville,8.404749446445042
1,fitzgerald,1678,wells,7.34761643409729
1,fitzgerald,1678,austen,7.310808102289836
1,fitzgerald,1678,fitzgerald,6.875186034611294
1,fitzgerald,1678,twain,7.970473319292068
1,fitzgerald,1679,train,3.0892789363861084
1,fitzgerald,1679,baum,7.250413060188293
1,fitzgerald,1679,thompson,7.947243332862854
1,fitzgerald,1679,dickens,7.116983254750569
1,fitzgerald,1679,melville,8.405321333143446
1,fitzgerald,1679,wells,7.346137046813965
1,fitzgerald,1679,austen,7.315655628840129
1,fitzgerald,1679,fitzgerald,6.87725339617048
1,fitzgerald,1679,twain,7.97064545750618
1,fitzgerald,1680,train,3.131799856821696
1,fitzgerald,1680,baum,7.261258006095886
1,fitzgerald,1680,thompson,7.947728991508484
1,fitzgerald,1680,dickens,7.1183287302653
1,fitzgerald,1680,melville,8.391427146063911
1,fitzgerald,1680,wells,7.336036046346028
1,fitzgerald,1680,austen,7.316887378692627
1,fitzgerald,1680,fitzgerald,6.881227425166538
1,fitzgerald,1680,twain,7.958741128444672
1,fitzgerald,1681,train,3.101820627848307
1,fitzgerald,1681,baum,7.264918208122253
1,fitzgerald,1681,thompson,7.94999885559082
1,fitzgerald,1681,dickens,7.117073853810628
1,fitzgerald,1681,melville,8.398052427503798
1,fitzgerald,1681,wells,7.344400803248088
1,fitzgerald,1681,austen,7.311691761016846
1,fitzgerald,1681,fitzgerald,6.880030495779855
1,fitzgerald,1681,twain,7.965321242809296
1,fitzgerald,1682,train,3.06573486328125
1,fitzgerald,1682,baum,7.279762387275696
1,fitzgerald,1682,thompson,7.973180413246155
1,fitzgerald,1682,dickens,7.133307456970215
1,fitzgerald,1682,melville,8.41126177046034
1,fitzgerald,1682,wells,7.359656016031901
1,fitzgerald,1682,austen,7.3164520263671875
1,fitzgerald,1682,fitzgerald,6.884039061410086
1,fitzgerald,1682,twain,7.979801386594772
1,fitzgerald,1683,train,3.062476714452108
1,fitzgerald,1683,baum,7.280032515525818
1,fitzgerald,1683,thompson,7.972508668899536
1,fitzgerald,1683,dickens,7.126001199086507
1,fitzgerald,1683,melville,8.410627259148491
1,fitzgerald,1683,wells,7.364988803863525
1,fitzgerald,1683,austen,7.331048250198364
1,fitzgerald,1683,fitzgerald,6.893350805555071
1,fitzgerald,1683,twain,7.983987867832184
1,fitzgerald,1684,train,3.075851281483968
1,fitzgerald,1684,baum,7.267784833908081
1,fitzgerald,1684,thompson,7.965195298194885
1,fitzgerald,1684,dickens,7.127199014027913
1,fitzgerald,1684,melville,8.414866129557291
1,fitzgerald,1684,wells,7.353036642074585
1,fitzgerald,1684,austen,7.322348833084106
1,fitzgerald,1684,fitzgerald,6.882224151066372
1,fitzgerald,1684,twain,7.978870660066605
1,fitzgerald,1685,train,3.112712780634562
1,fitzgerald,1685,baum,7.288185358047485
1,fitzgerald,1685,thompson,7.991550326347351
1,fitzgerald,1685,dickens,7.133394718170166
1,fitzgerald,1685,melville,8.428583357069227
1,fitzgerald,1685,wells,7.367888927459717
1,fitzgerald,1685,austen,7.329777161280314
1,fitzgerald,1685,fitzgerald,6.892063277108329
1,fitzgerald,1685,twain,7.988515973091125
1,fitzgerald,1686,train,3.0924387772878013
1,fitzgerald,1686,baum,7.283171892166138
1,fitzgerald,1686,thompson,7.980099678039551
1,fitzgerald,1686,dickens,7.114232699076335
1,fitzgerald,1686,melville,8.420829349093967
1,fitzgerald,1686,wells,7.369767427444458
1,fitzgerald,1686,austen,7.330578009287517
1,fitzgerald,1686,fitzgerald,6.892957483019147
1,fitzgerald,1686,twain,7.9851716458797455
1,fitzgerald,1687,train,3.067794243494669
1,fitzgerald,1687,baum,7.266326665878296
1,fitzgerald,1687,thompson,7.962234377861023
1,fitzgerald,1687,dickens,7.117810726165772
1,fitzgerald,1687,melville,8.410960727267796
1,fitzgerald,1687,wells,7.352408170700073
1,fitzgerald,1687,austen,7.318843762079875
1,fitzgerald,1687,fitzgerald,6.8840523447309225
1,fitzgerald,1687,twain,7.979010909795761
1,fitzgerald,1688,train,3.1066815853118896
1,fitzgerald,1688,baum,7.250290513038635
1,fitzgerald,1688,thompson,7.941784858703613
1,fitzgerald,1688,dickens,7.124788920084636
1,fitzgerald,1688,melville,8.389896286858452
1,fitzgerald,1688,wells,7.331172625223796
1,fitzgerald,1688,austen,7.297655741373698
1,fitzgerald,1688,fitzgerald,6.86931426184518
1,fitzgerald,1688,twain,7.959117829799652
1,fitzgerald,1689,train,3.0236478646596274
1,fitzgerald,1689,baum,7.263694047927856
1,fitzgerald,1689,thompson,7.95738935470581
1,fitzgerald,1689,dickens,7.121251583099365
1,fitzgerald,1689,melville,8.40681955549452
1,fitzgerald,1689,wells,7.348834991455078
1,fitzgerald,1689,austen,7.314601500829061
1,fitzgerald,1689,fitzgerald,6.88062047958374
1,fitzgerald,1689,twain,7.97141507267952
1,fitzgerald,1690,train,3.095553477605184
1,fitzgerald,1690,baum,7.24032735824585
1,fitzgerald,1690,thompson,7.944778680801392
1,fitzgerald,1690,dickens,7.111061890920003
1,fitzgerald,1690,melville,8.411548826429579
1,fitzgerald,1690,wells,7.347212632497151
1,fitzgerald,1690,austen,7.304719050725301
1,fitzgerald,1690,fitzgerald,6.87121616091047
1,fitzgerald,1690,twain,7.966787874698639
1,fitzgerald,1691,train,3.074839194615682
1,fitzgerald,1691,baum,7.23478090763092
1,fitzgerald,1691,thompson,7.929005980491638
1,fitzgerald,1691,dickens,7.128318945566813
1,fitzgerald,1691,melville,8.385953797234428
1,fitzgerald,1691,wells,7.333603938420613
1,fitzgerald,1691,austen,7.288524468739827
1,fitzgerald,1691,fitzgerald,6.861505849020822
1,fitzgerald,1691,twain,7.949041604995727
1,fitzgerald,1692,train,3.0421434243520102
1,fitzgerald,1692,baum,7.2790443897247314
1,fitzgerald,1692,thompson,7.973541736602783
1,fitzgerald,1692,dickens,7.149762789408366
1,fitzgerald,1692,melville,8.413640022277832
1,fitzgerald,1692,wells,7.354524771372477
1,fitzgerald,1692,austen,7.324845870335896
1,fitzgerald,1692,fitzgerald,6.887585571834019
1,fitzgerald,1692,twain,7.975782066583633
1,fitzgerald,1693,train,3.102729638417562
1,fitzgerald,1693,baum,7.256195902824402
1,fitzgerald,1693,thompson,7.958449721336365
1,fitzgerald,1693,dickens,7.119308153788249
1,fitzgerald,1693,melville,8.410772111680773
1,fitzgerald,1693,wells,7.349641482035319
1,fitzgerald,1693,austen,7.317664702733357
1,fitzgerald,1693,fitzgerald,6.879592486790249
1,fitzgerald,1693,twain,7.974907875061035
1,fitzgerald,1694,train,3.095423777898153
1,fitzgerald,1694,baum,7.240815877914429
1,fitzgerald,1694,thompson,7.944311380386352
1,fitzgerald,1694,dickens,7.130613803863525
1,fitzgerald,1694,melville,8.38998900519477
1,fitzgerald,1694,wells,7.331259648005168
1,fitzgerald,1694,austen,7.295456171035767
1,fitzgerald,1694,fitzgerald,6.867113045283726
1,fitzgerald,1694,twain,7.958612382411957
1,fitzgerald,1695,train,3.126403411229452
1,fitzgerald,1695,baum,7.276381850242615
1,fitzgerald,1695,thompson,7.984044909477234
1,fitzgerald,1695,dickens,7.153167088826497
1,fitzgerald,1695,melville,8.436658965216743
1,fitzgerald,1695,wells,7.359365145365397
1,fitzgerald,1695,austen,7.329527060190837
1,fitzgerald,1695,fitzgerald,6.887953417641776
1,fitzgerald,1695,twain,7.991561621427536
1,fitzgerald,1696,train,3.032190720240275
1,fitzgerald,1696,baum,7.279700756072998
1,fitzgerald,1696,thompson,7.979098081588745
1,fitzgerald,1696,dickens,7.154208660125732
1,fitzgerald,1696,melville,8.440860960218641
1,fitzgerald,1696,wells,7.371669371922811
1,fitzgerald,1696,austen,7.335578441619873
1,fitzgerald,1696,fitzgerald,6.892151355743408
1,fitzgerald,1696,twain,7.993949562311172
1,fitzgerald,1697,train,3.045076926549276
1,fitzgerald,1697,baum,7.272240042686462
1,fitzgerald,1697,thompson,7.971380949020386
1,fitzgerald,1697,dickens,7.142440954844157
1,fitzgerald,1697,melville,8.424866994222006
1,fitzgerald,1697,wells,7.370971202850342
1,fitzgerald,1697,austen,7.327304283777873
1,fitzgerald,1697,fitzgerald,6.891711030687604
1,fitzgerald,1697,twain,7.988819271326065
1,fitzgerald,1698,train,3.028119802474976
1,fitzgerald,1698,baum,7.273083329200745
1,fitzgerald,1698,thompson,7.9691760540008545
1,fitzgerald,1698,dickens,7.143905162811279
1,fitzgerald,1698,melville,8.397827678256565
1,fitzgerald,1698,wells,7.347326834996541
1,fitzgerald,1698,austen,7.317425886789958
1,fitzgerald,1698,fitzgerald,6.885169778551374
1,fitzgerald,1698,twain,7.970568627119064
1,fitzgerald,1699,train,3.054750839869181
1,fitzgerald,1699,baum,7.274603366851807
1,fitzgerald,1699,thompson,7.975682020187378
1,fitzgerald,1699,dickens,7.137251694997151
1,fitzgerald,1699,melville,8.422091484069824
1,fitzgerald,1699,wells,7.352950652440389
1,fitzgerald,1699,austen,7.319571336110433
1,fitzgerald,1699,fitzgerald,6.888031891414097
1,fitzgerald,1699,twain,7.9781129360198975
1,fitzgerald,1700,train,3.0425912539164224
1,fitzgerald,1700,baum,7.262000322341919
1,fitzgerald,1700,thompson,7.967296481132507
1,fitzgerald,1700,dickens,7.13727331161499
1,fitzgerald,1700,melville,8.425669352213541
1,fitzgerald,1700,wells,7.355029821395874
1,fitzgerald,1700,austen,7.317610502243042
1,fitzgerald,1700,fitzgerald,6.889276300157819
1,fitzgerald,1700,twain,7.980983555316925
1,fitzgerald,1701,train,3.0416551431020102
1,fitzgerald,1701,baum,7.258695721626282
1,fitzgerald,1701,thompson,7.964083790779114
1,fitzgerald,1701,dickens,7.14098612467448
1,fitzgerald,1701,melville,8.420323901706272
1,fitzgerald,1701,wells,7.355633735656738
1,fitzgerald,1701,austen,7.316540718078613
1,fitzgerald,1701,fitzgerald,6.887307030814035
1,fitzgerald,1701,twain,7.980469912290573
1,fitzgerald,1702,train,3.050196091334025
1,fitzgerald,1702,baum,7.288322687149048
1,fitzgerald,1702,thompson,7.984486818313599
1,fitzgerald,1702,dickens,7.153565565745036
1,fitzgerald,1702,melville,8.427219814724392
1,fitzgerald,1702,wells,7.370939175287883
1,fitzgerald,1702,austen,7.331567843755086
1,fitzgerald,1702,fitzgerald,6.896310806274414
1,fitzgerald,1702,twain,7.986883521080017
1,fitzgerald,1703,train,3.05926243464152
1,fitzgerald,1703,baum,7.311025381088257
1,fitzgerald,1703,thompson,8.003982782363892
1,fitzgerald,1703,dickens,7.164447625478108
1,fitzgerald,1703,melville,8.43996132744683
1,fitzgerald,1703,wells,7.395563761393229
1,fitzgerald,1703,austen,7.351793607076009
1,fitzgerald,1703,fitzgerald,6.912697996412005
1,fitzgerald,1703,twain,8.005555480718613
1,fitzgerald,1704,train,3.0231433709462485
1,fitzgerald,1704,baum,7.288784027099609
1,fitzgerald,1704,thompson,7.980499505996704
1,fitzgerald,1704,dickens,7.150232632954915
1,fitzgerald,1704,melville,8.42586284213596
1,fitzgerald,1704,wells,7.375856876373291
1,fitzgerald,1704,austen,7.341959873835246
1,fitzgerald,1704,fitzgerald,6.900334630693708
1,fitzgerald,1704,twain,7.996001601219177
1,fitzgerald,1705,train,3.035982847213745
1,fitzgerald,1705,baum,7.298236727714539
1,fitzgerald,1705,thompson,7.993652105331421
1,fitzgerald,1705,dickens,7.154911041259766
1,fitzgerald,1705,melville,8.435214466518826
1,fitzgerald,1705,wells,7.373289108276367
1,fitzgerald,1705,austen,7.348151206970215
1,fitzgerald,1705,fitzgerald,6.901667049952915
1,fitzgerald,1705,twain,7.998016119003296
1,fitzgerald,1706,train,3.1199044386545816
1,fitzgerald,1706,baum,7.292486548423767
1,fitzgerald,1706,thompson,7.9954341650009155
1,fitzgerald,1706,dickens,7.143842061360677
1,fitzgerald,1706,melville,8.442735354105631
1,fitzgerald,1706,wells,7.377335548400879
1,fitzgerald,1706,austen,7.349433342615764
1,fitzgerald,1706,fitzgerald,6.901450089045933
1,fitzgerald,1706,twain,8.002970725297928
1,fitzgerald,1707,train,3.0466726620992026
1,fitzgerald,1707,baum,7.264551401138306
1,fitzgerald,1707,thompson,7.96810507774353
1,fitzgerald,1707,dickens,7.122886021931966
1,fitzgerald,1707,melville,8.411303732130262
1,fitzgerald,1707,wells,7.360642592112224
1,fitzgerald,1707,austen,7.322670459747314
1,fitzgerald,1707,fitzgerald,6.887047154562814
1,fitzgerald,1707,twain,7.987753093242645
1,fitzgerald,1708,train,3.052301565806071
1,fitzgerald,1708,baum,7.260111451148987
1,fitzgerald,1708,thompson,7.96616804599762
1,fitzgerald,1708,dickens,7.125840187072754
1,fitzgerald,1708,melville,8.405178176032173
1,fitzgerald,1708,wells,7.357351779937744
1,fitzgerald,1708,austen,7.319880485534668
1,fitzgerald,1708,fitzgerald,6.884216104234968
1,fitzgerald,1708,twain,7.982263207435608
1,fitzgerald,1709,train,3.0401061375935874
1,fitzgerald,1709,baum,7.285158038139343
1,fitzgerald,1709,thompson,7.994419455528259
1,fitzgerald,1709,dickens,7.144575277964274
1,fitzgerald,1709,melville,8.436817381117079
1,fitzgerald,1709,wells,7.377311070760091
1,fitzgerald,1709,austen,7.341404279073079
1,fitzgerald,1709,fitzgerald,6.901413576943534
1,fitzgerald,1709,twain,8.001788556575775
1,fitzgerald,1710,train,3.047602732976278
1,fitzgerald,1710,baum,7.285392999649048
1,fitzgerald,1710,thompson,7.981927752494812
1,fitzgerald,1710,dickens,7.147177378336589
1,fitzgerald,1710,melville,8.422222243414986
1,fitzgerald,1710,wells,7.36776868502299
1,fitzgerald,1710,austen,7.330848058064778
1,fitzgerald,1710,fitzgerald,6.898412431989398
1,fitzgerald,1710,twain,7.994819223880768
1,fitzgerald,1711,train,3.078200419743856
1,fitzgerald,1711,baum,7.301451325416565
1,fitzgerald,1711,thompson,8.00128161907196
1,fitzgerald,1711,dickens,7.16075865427653
1,fitzgerald,1711,melville,8.445337189568413
1,fitzgerald,1711,wells,7.391541242599487
1,fitzgerald,1711,austen,7.348460038503011
1,fitzgerald,1711,fitzgerald,6.914052622658866
1,fitzgerald,1711,twain,8.018625527620316
1,fitzgerald,1712,train,3.0352441469828286
1,fitzgerald,1712,baum,7.309033155441284
1,fitzgerald,1712,thompson,8.020681262016296
1,fitzgerald,1712,dickens,7.173915863037109
1,fitzgerald,1712,melville,8.468908839755589
1,fitzgerald,1712,wells,7.404383977254231
1,fitzgerald,1712,austen,7.350234985351562
1,fitzgerald,1712,fitzgerald,6.917281082698277
1,fitzgerald,1712,twain,8.028743594884872
1,fitzgerald,1713,train,3.032825152079264
1,fitzgerald,1713,baum,7.310140013694763
1,fitzgerald,1713,thompson,8.015528202056885
1,fitzgerald,1713,dickens,7.167768637339274
1,fitzgerald,1713,melville,8.447365866767036
1,fitzgerald,1713,wells,7.390020211537679
1,fitzgerald,1713,austen,7.347064971923828
1,fitzgerald,1713,fitzgerald,6.90895448412214
1,fitzgerald,1713,twain,8.012848138809204
1,fitzgerald,1714,train,3.035219589869181
1,fitzgerald,1714,baum,7.303623199462891
1,fitzgerald,1714,thompson,8.005911946296692
1,fitzgerald,1714,dickens,7.151319821675618
1,fitzgerald,1714,melville,8.451084348890516
1,fitzgerald,1714,wells,7.393442948659261
1,fitzgerald,1714,austen,7.352213939030965
1,fitzgerald,1714,fitzgerald,6.913810593741281
1,fitzgerald,1714,twain,8.018174469470978
1,fitzgerald,1715,train,3.034194072087606
1,fitzgerald,1715,baum,7.292889356613159
1,fitzgerald,1715,thompson,7.997716069221497
1,fitzgerald,1715,dickens,7.162081082661946
1,fitzgerald,1715,melville,8.44938193427192
1,fitzgerald,1715,wells,7.392460823059082
1,fitzgerald,1715,austen,7.344160715738933
1,fitzgerald,1715,fitzgerald,6.915966170174735
1,fitzgerald,1715,twain,8.01688066124916
1,fitzgerald,1716,train,3.0462019443511963
1,fitzgerald,1716,baum,7.298662304878235
1,fitzgerald,1716,thompson,8.002946853637695
1,fitzgerald,1716,dickens,7.156888961791992
1,fitzgerald,1716,melville,8.450518396165636
1,fitzgerald,1716,wells,7.382933060328166
1,fitzgerald,1716,austen,7.3478662967681885
1,fitzgerald,1716,fitzgerald,6.911623886653355
1,fitzgerald,1716,twain,8.018628567457199
1,fitzgerald,1717,train,3.0138634045918784
1,fitzgerald,1717,baum,7.304033398628235
1,fitzgerald,1717,thompson,8.009249567985535
1,fitzgerald,1717,dickens,7.146426359812419
1,fitzgerald,1717,melville,8.457059118482801
1,fitzgerald,1717,wells,7.385029554367065
1,fitzgerald,1717,austen,7.352972666422526
1,fitzgerald,1717,fitzgerald,6.911603791373117
1,fitzgerald,1717,twain,8.021781980991364
1,fitzgerald,1718,train,3.0729893843332925
1,fitzgerald,1718,baum,7.295128703117371
1,fitzgerald,1718,thompson,7.9979088306427
1,fitzgerald,1718,dickens,7.146052996317546
1,fitzgerald,1718,melville,8.441079563564724
1,fitzgerald,1718,wells,7.38640570640564
1,fitzgerald,1718,austen,7.351330757141113
1,fitzgerald,1718,fitzgerald,6.911127362932477
1,fitzgerald,1718,twain,8.007018268108368
1,fitzgerald,1719,train,3.020138422648112
1,fitzgerald,1719,baum,7.31990122795105
1,fitzgerald,1719,thompson,8.018539547920227
1,fitzgerald,1719,dickens,7.177728017171224
1,fitzgerald,1719,melville,8.453238275316027
1,fitzgerald,1719,wells,7.400327603022258
1,fitzgerald,1719,austen,7.3678083419799805
1,fitzgerald,1719,fitzgerald,6.921964372907366
1,fitzgerald,1719,twain,8.017197340726852
1,fitzgerald,1720,train,3.034205277760824
1,fitzgerald,1720,baum,7.333440542221069
1,fitzgerald,1720,thompson,8.03841769695282
1,fitzgerald,1720,dickens,7.184254805246989
1,fitzgerald,1720,melville,8.481447643703884
1,fitzgerald,1720,wells,7.411850849787394
1,fitzgerald,1720,austen,7.380656719207764
1,fitzgerald,1720,fitzgerald,6.931718145098005
1,fitzgerald,1720,twain,8.037852346897125
1,fitzgerald,1721,train,3.0097774664560952
1,fitzgerald,1721,baum,7.295500874519348
1,fitzgerald,1721,thompson,8.001322269439697
1,fitzgerald,1721,dickens,7.145608901977539
1,fitzgerald,1721,melville,8.44721105363634
1,fitzgerald,1721,wells,7.3860764503479
1,fitzgerald,1721,austen,7.347519318262736
1,fitzgerald,1721,fitzgerald,6.915227208818708
1,fitzgerald,1721,twain,8.006655395030975
1,fitzgerald,1722,train,3.04070774714152
1,fitzgerald,1722,baum,7.301743149757385
1,fitzgerald,1722,thompson,7.997012257575989
1,fitzgerald,1722,dickens,7.156838893890381
1,fitzgerald,1722,melville,8.42477544148763
1,fitzgerald,1722,wells,7.377394358317058
1,fitzgerald,1722,austen,7.340814272562663
1,fitzgerald,1722,fitzgerald,6.9118660518101285
1,fitzgerald,1722,twain,7.99471452832222
1,fitzgerald,1723,train,3.02466344833374
1,fitzgerald,1723,baum,7.287066221237183
1,fitzgerald,1723,thompson,7.978593349456787
1,fitzgerald,1723,dickens,7.145581245422363
1,fitzgerald,1723,melville,8.436138682895237
1,fitzgerald,1723,wells,7.374684492746989
1,fitzgerald,1723,austen,7.340620915095012
1,fitzgerald,1723,fitzgerald,6.902187551770892
1,fitzgerald,1723,twain,8.000918060541153
1,fitzgerald,1724,train,3.0229872862497964
1,fitzgerald,1724,baum,7.2973668575286865
1,fitzgerald,1724,thompson,7.989221453666687
1,fitzgerald,1724,dickens,7.156518300374349
1,fitzgerald,1724,melville,8.453328132629395
1,fitzgerald,1724,wells,7.389427026112874
1,fitzgerald,1724,austen,7.354537645975749
1,fitzgerald,1724,fitzgerald,6.912533487592425
1,fitzgerald,1724,twain,8.018531709909439
1,fitzgerald,1725,train,2.9986976782480874
1,fitzgerald,1725,baum,7.312130212783813
1,fitzgerald,1725,thompson,8.00011682510376
1,fitzgerald,1725,dickens,7.178496519724528
1,fitzgerald,1725,melville,8.440421104431152
1,fitzgerald,1725,wells,7.3867692947387695
1,fitzgerald,1725,austen,7.34949008623759
1,fitzgerald,1725,fitzgerald,6.916532244001116
1,fitzgerald,1725,twain,8.013456791639328
