seed,train_author,epochs_completed,loss_dataset,loss_value
4,thompson,0,baum,10.842944860458374
4,thompson,0,thompson,10.84738826751709
4,thompson,0,dickens,10.85984272427029
4,thompson,0,melville,10.852771377563476
4,thompson,0,wells,10.84219455718994
4,thompson,0,austen,10.841504096984863
4,thompson,0,fitzgerald,10.844188849131266
4,thompson,0,twain,10.827001452445984
4,thompson,0,non_oz_baum,10.857619047164915
4,thompson,0,non_oz_thompson,10.841861724853516
4,thompson,0,contested,10.85128092765808
4,thompson,1,train,10.733994126319883
4,thompson,1,baum,10.602686882019045
4,thompson,1,thompson,10.618237495422363
4,thompson,1,dickens,10.626529411033347
4,thompson,1,melville,10.63548231124878
4,thompson,1,wells,10.609996795654297
4,thompson,1,austen,10.63517697652181
4,thompson,1,fitzgerald,10.622889518737791
4,thompson,1,twain,10.62100374698639
4,thompson,1,non_oz_baum,10.62762451171875
4,thompson,1,non_oz_thompson,10.60945987701416
4,thompson,1,contested,10.604557752609251
4,thompson,2,train,10.578251957893372
4,thompson,2,baum,10.503941297531128
4,thompson,2,thompson,10.524309635162354
4,thompson,2,dickens,10.535455173916286
4,thompson,2,melville,10.54797649383545
4,thompson,2,wells,10.51676082611084
4,thompson,2,austen,10.54639228185018
4,thompson,2,fitzgerald,10.534891923268637
4,thompson,2,twain,10.53764259815216
4,thompson,2,non_oz_baum,10.532433986663818
4,thompson,2,non_oz_thompson,10.514521598815918
4,thompson,2,contested,10.505674600601196
4,thompson,3,train,10.488519787788391
4,thompson,3,baum,10.425772666931152
4,thompson,3,thompson,10.448847770690918
4,thompson,3,dickens,10.464277726632575
4,thompson,3,melville,10.48087739944458
4,thompson,3,wells,10.44292974472046
4,thompson,3,austen,10.472886880238852
4,thompson,3,fitzgerald,10.46196746826172
4,thompson,3,twain,10.470950901508331
4,thompson,3,non_oz_baum,10.453679084777832
4,thompson,3,non_oz_thompson,10.439698696136476
4,thompson,3,contested,10.425722122192385
4,thompson,4,train,10.407281875610352
4,thompson,4,baum,10.346879243850708
4,thompson,4,thompson,10.37055230140686
4,thompson,4,dickens,10.393837575559262
4,thompson,4,melville,10.412847137451172
4,thompson,4,wells,10.369313716888428
4,thompson,4,austen,10.398238182067873
4,thompson,4,fitzgerald,10.38694190979004
4,thompson,4,twain,10.40297955274582
4,thompson,4,non_oz_baum,10.37297534942627
4,thompson,4,non_oz_thompson,10.365538597106934
4,thompson,4,contested,10.345053911209106
4,thompson,5,train,10.321154832839966
4,thompson,5,baum,10.263142347335815
4,thompson,5,thompson,10.288150072097778
4,thompson,5,dickens,10.323312830041957
4,thompson,5,melville,10.342238903045654
4,thompson,5,wells,10.292859554290771
4,thompson,5,austen,10.322282791137695
4,thompson,5,fitzgerald,10.307255585988363
4,thompson,5,twain,10.335636794567108
4,thompson,5,non_oz_baum,10.287086725234984
4,thompson,5,non_oz_thompson,10.289198875427246
4,thompson,5,contested,10.258077144622805
4,thompson,6,train,10.234919428825378
4,thompson,6,baum,10.176608085632324
4,thompson,6,thompson,10.203660488128662
4,thompson,6,dickens,10.25252956814236
4,thompson,6,melville,10.26980142593384
4,thompson,6,wells,10.215506553649902
4,thompson,6,austen,10.24389616648356
4,thompson,6,fitzgerald,10.22678772608439
4,thompson,6,twain,10.26735371351242
4,thompson,6,non_oz_baum,10.19974160194397
4,thompson,6,non_oz_thompson,10.21215534210205
4,thompson,6,contested,10.16871428489685
4,thompson,7,train,10.14586329460144
4,thompson,7,baum,10.092069149017334
4,thompson,7,thompson,10.120501518249512
4,thompson,7,dickens,10.18126392364502
4,thompson,7,melville,10.19775104522705
4,thompson,7,wells,10.13953709602356
4,thompson,7,austen,10.165418148040771
4,thompson,7,fitzgerald,10.147316932678224
4,thompson,7,twain,10.198078751564026
4,thompson,7,non_oz_baum,10.11505365371704
4,thompson,7,non_oz_thompson,10.134398460388184
4,thompson,7,contested,10.082702398300173
4,thompson,8,train,10.055051684379578
4,thompson,8,baum,10.008428812026978
4,thompson,8,thompson,10.03820824623108
4,thompson,8,dickens,10.106372056183991
4,thompson,8,melville,10.12615451812744
4,thompson,8,wells,10.061216592788696
4,thompson,8,austen,10.08632787068685
4,thompson,8,fitzgerald,10.068023363749186
4,thompson,8,twain,10.126993000507357
4,thompson,8,non_oz_baum,10.030290126800535
4,thompson,8,non_oz_thompson,10.054337978363035
4,thompson,8,contested,9.99642825126648
4,thompson,9,train,9.969127655029297
4,thompson,9,baum,9.926044225692747
4,thompson,9,thompson,9.95660138130188
4,thompson,9,dickens,10.03232510884603
4,thompson,9,melville,10.05464334487915
4,thompson,9,wells,9.98464322090149
4,thompson,9,austen,10.007625102996826
4,thompson,9,fitzgerald,9.991206487019856
4,thompson,9,twain,10.056833863258362
4,thompson,9,non_oz_baum,9.946526527404783
4,thompson,9,non_oz_thompson,9.975790977478027
4,thompson,9,contested,9.912212133407593
4,thompson,10,train,9.879035949707031
4,thompson,10,baum,9.844770669937134
4,thompson,10,thompson,9.87453818321228
4,thompson,10,dickens,9.96051279703776
4,thompson,10,melville,9.984893989562988
4,thompson,10,wells,9.909167528152466
4,thompson,10,austen,9.930141607920328
4,thompson,10,fitzgerald,9.91469939549764
4,thompson,10,twain,9.987695932388306
4,thompson,10,non_oz_baum,9.864585876464844
4,thompson,10,non_oz_thompson,9.898407459259031
4,thompson,10,contested,9.829897165298462
4,thompson,11,train,9.79781985282898
4,thompson,11,baum,9.765482187271118
4,thompson,11,thompson,9.794016122817991
4,thompson,11,dickens,9.88810814751519
4,thompson,11,melville,9.915621089935303
4,thompson,11,wells,9.833409786224363
4,thompson,11,austen,9.853378295898438
4,thompson,11,fitzgerald,9.839569091796877
4,thompson,11,twain,9.918451130390167
4,thompson,11,non_oz_baum,9.784180402755736
4,thompson,11,non_oz_thompson,9.82086420059204
4,thompson,11,contested,9.748409986495972
4,thompson,12,train,9.717810988426208
4,thompson,12,baum,9.68691611289978
4,thompson,12,thompson,9.71470594406128
4,thompson,12,dickens,9.815281055591724
4,thompson,12,melville,9.846079254150393
4,thompson,12,wells,9.758653402328491
4,thompson,12,austen,9.775949637095133
4,thompson,12,fitzgerald,9.764804522196451
4,thompson,12,twain,9.849491655826569
4,thompson,12,non_oz_baum,9.704466104507446
4,thompson,12,non_oz_thompson,9.744578838348389
4,thompson,12,contested,9.668834924697876
4,thompson,13,train,9.632229804992676
4,thompson,13,baum,9.607903003692629
4,thompson,13,thompson,9.636724710464478
4,thompson,13,dickens,9.745522145871762
4,thompson,13,melville,9.779212284088135
4,thompson,13,wells,9.684915781021118
4,thompson,13,austen,9.701951026916504
4,thompson,13,fitzgerald,9.692288557688396
4,thompson,13,twain,9.782153844833374
4,thompson,13,non_oz_baum,9.62624716758728
4,thompson,13,non_oz_thompson,9.668649196624756
4,thompson,13,contested,9.588340044021606
4,thompson,14,train,9.549840807914734
4,thompson,14,baum,9.531423330307009
4,thompson,14,thompson,9.56054711341858
4,thompson,14,dickens,9.673608815228498
4,thompson,14,melville,9.711310291290284
4,thompson,14,wells,9.612062692642212
4,thompson,14,austen,9.626317977905272
4,thompson,14,fitzgerald,9.619653224945068
4,thompson,14,twain,9.714494943618774
4,thompson,14,non_oz_baum,9.549017190933228
4,thompson,14,non_oz_thompson,9.593737602233888
4,thompson,14,contested,9.51001763343811
4,thompson,15,train,9.469235897064207
4,thompson,15,baum,9.4554545879364
4,thompson,15,thompson,9.484978914260864
4,thompson,15,dickens,9.604001151190865
4,thompson,15,melville,9.646014308929445
4,thompson,15,wells,9.53922414779663
4,thompson,15,austen,9.553548177083334
4,thompson,15,fitzgerald,9.548731168111166
4,thompson,15,twain,9.648483574390411
4,thompson,15,non_oz_baum,9.473101377487184
4,thompson,15,non_oz_thompson,9.519560813903809
4,thompson,15,contested,9.431596755981444
4,thompson,16,train,9.387539625167848
4,thompson,16,baum,9.379682540893556
4,thompson,16,thompson,9.410641431808472
4,thompson,16,dickens,9.536796887715658
4,thompson,16,melville,9.581789875030518
4,thompson,16,wells,9.46954083442688
4,thompson,16,austen,9.482001622517904
4,thompson,16,fitzgerald,9.479283491770426
4,thompson,16,twain,9.584574222564695
4,thompson,16,non_oz_baum,9.397692680358888
4,thompson,16,non_oz_thompson,9.447216987609863
4,thompson,16,contested,9.353936910629272
4,thompson,17,train,9.309743881225586
4,thompson,17,baum,9.305757999420166
4,thompson,17,thompson,9.337205171585085
4,thompson,17,dickens,9.469602549517596
4,thompson,17,melville,9.518425941467283
4,thompson,17,wells,9.400207042694092
4,thompson,17,austen,9.411529223124186
4,thompson,17,fitzgerald,9.411054611206056
4,thompson,17,twain,9.521427273750303
4,thompson,17,non_oz_baum,9.32412052154541
4,thompson,17,non_oz_thompson,9.376108169555664
4,thompson,17,contested,9.27777647972107
4,thompson,18,train,9.23066473007202
4,thompson,18,baum,9.23333978652954
4,thompson,18,thompson,9.265172481536863
4,thompson,18,dickens,9.403847694396973
4,thompson,18,melville,9.456958961486816
4,thompson,18,wells,9.331403970718384
4,thompson,18,austen,9.342142581939695
4,thompson,18,fitzgerald,9.343247572580973
4,thompson,18,twain,9.459306478500366
4,thompson,18,non_oz_baum,9.251166820526125
4,thompson,18,non_oz_thompson,9.305706024169922
4,thompson,18,contested,9.2032790184021
4,thompson,19,train,9.1579350233078
4,thompson,19,baum,9.162100076675417
4,thompson,19,thompson,9.193823099136353
4,thompson,19,dickens,9.33900158493607
4,thompson,19,melville,9.395995616912842
4,thompson,19,wells,9.264151096343994
4,thompson,19,austen,9.273603916168211
4,thompson,19,fitzgerald,9.277012507120768
4,thompson,19,twain,9.397827446460724
4,thompson,19,non_oz_baum,9.18004584312439
4,thompson,19,non_oz_thompson,9.236445426940918
4,thompson,19,contested,9.130399227142334
4,thompson,20,train,9.087360382080078
4,thompson,20,baum,9.092172384262083
4,thompson,20,thompson,9.123908996582031
4,thompson,20,dickens,9.274580778899017
4,thompson,20,melville,9.336328887939452
4,thompson,20,wells,9.198063135147097
4,thompson,20,austen,9.20664326349894
4,thompson,20,fitzgerald,9.21171267827352
4,thompson,20,twain,9.338082492351532
4,thompson,20,non_oz_baum,9.110025882720947
4,thompson,20,non_oz_thompson,9.168470859527588
4,thompson,20,contested,9.058473825454712
4,thompson,21,train,9.004993081092834
4,thompson,21,baum,9.023353815078735
4,thompson,21,thompson,9.055797338485718
4,thompson,21,dickens,9.212390899658203
4,thompson,21,melville,9.277853775024417
4,thompson,21,wells,9.132620573043823
4,thompson,21,austen,9.140521685282389
4,thompson,21,fitzgerald,9.147451559702557
4,thompson,21,twain,9.27884817123413
4,thompson,21,non_oz_baum,9.041195631027222
4,thompson,21,non_oz_thompson,9.101620197296144
4,thompson,21,contested,8.988227128982544
4,thompson,22,train,8.94099497795105
4,thompson,22,baum,8.955275297164917
4,thompson,22,thompson,8.988787174224854
4,thompson,22,dickens,9.150929592273853
4,thompson,22,melville,9.220017147064208
4,thompson,22,wells,9.069015264511108
4,thompson,22,austen,9.075819810231527
4,thompson,22,fitzgerald,9.084793408711752
4,thompson,22,twain,9.220911979675291
4,thompson,22,non_oz_baum,8.973634719848633
4,thompson,22,non_oz_thompson,9.03632640838623
4,thompson,22,contested,8.919188261032104
4,thompson,23,train,8.864683866500854
4,thompson,23,baum,8.888693571090698
4,thompson,23,thompson,8.923969030380249
4,thompson,23,dickens,9.09169433735035
4,thompson,23,melville,9.164444828033448
4,thompson,23,wells,9.007292985916138
4,thompson,23,austen,9.013031800587973
4,thompson,23,fitzgerald,9.023188591003418
4,thompson,23,twain,9.165248036384584
4,thompson,23,non_oz_baum,8.90756368637085
4,thompson,23,non_oz_thompson,8.972558498382568
4,thompson,23,contested,8.850853681564331
4,thompson,24,train,8.795241951942444
4,thompson,24,baum,8.823780298233032
4,thompson,24,thompson,8.859432220458984
4,thompson,24,dickens,9.032508461563676
4,thompson,24,melville,9.109371280670166
4,thompson,24,wells,8.945932865142822
4,thompson,24,austen,8.95103375116984
4,thompson,24,fitzgerald,8.962928295135498
4,thompson,24,twain,9.109400272369385
4,thompson,24,non_oz_baum,8.842999696731567
4,thompson,24,non_oz_thompson,8.90937614440918
4,thompson,24,contested,8.784877061843872
4,thompson,25,train,8.726168394088745
4,thompson,25,baum,8.760035991668701
4,thompson,25,thompson,8.797509908676147
4,thompson,25,dickens,8.975926257945874
4,thompson,25,melville,9.055627727508544
4,thompson,25,wells,8.887017488479614
4,thompson,25,austen,8.890655835469564
4,thompson,25,fitzgerald,8.90432103474935
4,thompson,25,twain,9.056389153003693
4,thompson,25,non_oz_baum,8.779790163040161
4,thompson,25,non_oz_thompson,8.848732471466064
4,thompson,25,contested,8.719395637512207
4,thompson,26,train,8.657701849937439
4,thompson,26,baum,8.697218894958496
4,thompson,26,thompson,8.736125469207764
4,thompson,26,dickens,8.919264334219474
4,thompson,26,melville,9.003374671936035
4,thompson,26,wells,8.828169584274292
4,thompson,26,austen,8.831319332122803
4,thompson,26,fitzgerald,8.845751921335856
4,thompson,26,twain,9.003558814525604
4,thompson,26,non_oz_baum,8.71741795539856
4,thompson,26,non_oz_thompson,8.788228511810303
4,thompson,26,contested,8.65543508529663
4,thompson,27,train,8.59247350692749
4,thompson,27,baum,8.63620376586914
4,thompson,27,thompson,8.675683736801147
4,thompson,27,dickens,8.866663332338687
4,thompson,27,melville,8.953431701660156
4,thompson,27,wells,8.77177357673645
4,thompson,27,austen,8.774017651875814
4,thompson,27,fitzgerald,8.79032564163208
4,thompson,27,twain,8.95334404706955
4,thompson,27,non_oz_baum,8.657124280929565
4,thompson,27,non_oz_thompson,8.730269432067871
4,thompson,27,contested,8.592632293701172
4,thompson,28,train,8.52808403968811
4,thompson,28,baum,8.576058626174927
4,thompson,28,thompson,8.616413116455078
4,thompson,28,dickens,8.8126253551907
4,thompson,28,melville,8.903526306152344
4,thompson,28,wells,8.715756893157959
4,thompson,28,austen,8.717708587646484
4,thompson,28,fitzgerald,8.734378019968668
4,thompson,28,twain,8.903298318386078
4,thompson,28,non_oz_baum,8.597628593444824
4,thompson,28,non_oz_thompson,8.673121452331543
4,thompson,28,contested,8.531316757202148
4,thompson,29,train,8.466728806495667
4,thompson,29,baum,8.517162799835205
4,thompson,29,thompson,8.558839797973633
4,thompson,29,dickens,8.760747415048105
4,thompson,29,melville,8.854760551452637
4,thompson,29,wells,8.661038875579834
4,thompson,29,austen,8.661811510721842
4,thompson,29,fitzgerald,8.679811000823975
4,thompson,29,twain,8.854506373405457
4,thompson,29,non_oz_baum,8.539316415786743
4,thompson,29,non_oz_thompson,8.617302417755127
4,thompson,29,contested,8.471792697906494
4,thompson,30,train,8.40719735622406
4,thompson,30,baum,8.460082054138184
4,thompson,30,thompson,8.502518892288208
4,thompson,30,dickens,8.71075110965305
4,thompson,30,melville,8.807887363433839
4,thompson,30,wells,8.607722997665405
4,thompson,30,austen,8.608437061309814
4,thompson,30,fitzgerald,8.627434571584066
4,thompson,30,twain,8.806943714618683
4,thompson,30,non_oz_baum,8.483189105987549
4,thompson,30,non_oz_thompson,8.562929153442383
4,thompson,30,contested,8.413268804550171
4,thompson,31,train,8.345479846000671
4,thompson,31,baum,8.404029846191406
4,thompson,31,thompson,8.448294878005981
4,thompson,31,dickens,8.661723913969817
4,thompson,31,melville,8.761448287963868
4,thompson,31,wells,8.556190967559814
4,thompson,31,austen,8.555545965830484
4,thompson,31,fitzgerald,8.576496760050455
4,thompson,31,twain,8.761376440525055
4,thompson,31,non_oz_baum,8.428130149841309
4,thompson,31,non_oz_thompson,8.510225772857666
4,thompson,31,contested,8.356024503707886
4,thompson,32,train,8.293782830238342
4,thompson,32,baum,8.348740577697754
4,thompson,32,thompson,8.395309448242188
4,thompson,32,dickens,8.612288157145182
4,thompson,32,melville,8.716142940521241
4,thompson,32,wells,8.505373239517212
4,thompson,32,austen,8.503938992818197
4,thompson,32,fitzgerald,8.525596618652344
4,thompson,32,twain,8.716066718101501
4,thompson,32,non_oz_baum,8.373540163040161
4,thompson,32,non_oz_thompson,8.458046436309814
4,thompson,32,contested,8.299773216247559
4,thompson,33,train,8.224197506904602
4,thompson,33,baum,8.295072078704834
4,thompson,33,thompson,8.344316482543945
4,thompson,33,dickens,8.564022028887713
4,thompson,33,melville,8.671405792236328
4,thompson,33,wells,8.454864501953125
4,thompson,33,austen,8.452778180440268
4,thompson,33,fitzgerald,8.475677490234375
4,thompson,33,twain,8.671202540397644
4,thompson,33,non_oz_baum,8.320535659790039
4,thompson,33,non_oz_thompson,8.406939029693604
4,thompson,33,contested,8.244878768920898
4,thompson,34,train,8.175684332847595
4,thompson,34,baum,8.242942094802856
4,thompson,34,thompson,8.294898271560669
4,thompson,34,dickens,8.5192390371252
4,thompson,34,melville,8.629714298248292
4,thompson,34,wells,8.408114433288574
4,thompson,34,austen,8.404174327850342
4,thompson,34,fitzgerald,8.428654193878174
4,thompson,34,twain,8.629570364952087
4,thompson,34,non_oz_baum,8.26961612701416
4,thompson,34,non_oz_thompson,8.358362197875977
4,thompson,34,contested,8.191821575164795
4,thompson,35,train,8.124074697494507
4,thompson,35,baum,8.191255331039429
4,thompson,35,thompson,8.24545407295227
4,thompson,35,dickens,8.472526020473904
4,thompson,35,melville,8.58695945739746
4,thompson,35,wells,8.359421968460083
4,thompson,35,austen,8.355432828267416
4,thompson,35,fitzgerald,8.380335807800293
4,thompson,35,twain,8.586246132850647
4,thompson,35,non_oz_baum,8.218750476837158
4,thompson,35,non_oz_thompson,8.309214115142822
4,thompson,35,contested,8.13897967338562
4,thompson,36,train,8.070796847343445
4,thompson,36,baum,8.141357898712158
4,thompson,36,thompson,8.197901964187622
4,thompson,36,dickens,8.430069005047834
4,thompson,36,melville,8.546891117095948
4,thompson,36,wells,8.314010620117188
4,thompson,36,austen,8.30906597773234
4,thompson,36,fitzgerald,8.335333347320557
4,thompson,36,twain,8.546380996704102
4,thompson,36,non_oz_baum,8.16997480392456
4,thompson,36,non_oz_thompson,8.262025833129883
4,thompson,36,contested,8.088473320007324
4,thompson,37,train,8.02006721496582
4,thompson,37,baum,8.092468023300171
4,thompson,37,thompson,8.15081524848938
4,thompson,37,dickens,8.386119736565483
4,thompson,37,melville,8.506921672821045
4,thompson,37,wells,8.268780708312988
4,thompson,37,austen,8.263206164042154
4,thompson,37,fitzgerald,8.289962450663248
4,thompson,37,twain,8.506137490272522
4,thompson,37,non_oz_baum,8.121893167495728
4,thompson,37,non_oz_thompson,8.215559482574463
4,thompson,37,contested,8.03856897354126
4,thompson,38,train,7.971767544746399
4,thompson,38,baum,8.044384360313416
4,thompson,38,thompson,8.105178594589233
4,thompson,38,dickens,8.345635343480993
4,thompson,38,melville,8.468727302551269
4,thompson,38,wells,8.22559905052185
4,thompson,38,austen,8.218918005625406
4,thompson,38,fitzgerald,8.246955712636312
4,thompson,38,twain,8.467700719833374
4,thompson,38,non_oz_baum,8.075891733169556
4,thompson,38,non_oz_thompson,8.170708656311035
4,thompson,38,contested,7.989932060241699
4,thompson,39,train,7.932358980178833
4,thompson,39,baum,7.998126029968262
4,thompson,39,thompson,8.05986213684082
4,thompson,39,dickens,8.305569966634115
4,thompson,39,melville,8.431362438201905
4,thompson,39,wells,8.183652400970459
4,thompson,39,austen,8.175927956899008
4,thompson,39,fitzgerald,8.204938888549805
4,thompson,39,twain,8.430411458015442
4,thompson,39,non_oz_baum,8.03081488609314
4,thompson,39,non_oz_thompson,8.127214908599854
4,thompson,39,contested,7.942798614501953
4,thompson,40,train,7.852271318435669
4,thompson,40,baum,7.953070402145386
4,thompson,40,thompson,8.015395402908325
4,thompson,40,dickens,8.266476419236925
4,thompson,40,melville,8.394586086273193
4,thompson,40,wells,8.141765356063843
4,thompson,40,austen,8.13348134358724
4,thompson,40,fitzgerald,8.162984689076742
4,thompson,40,twain,8.39361196756363
4,thompson,40,non_oz_baum,7.986880540847778
4,thompson,40,non_oz_thompson,8.08457612991333
4,thompson,40,contested,7.896986603736877
4,thompson,41,train,7.816653609275818
4,thompson,41,baum,7.908405065536499
4,thompson,41,thompson,7.972501873970032
4,thompson,41,dickens,8.228767889517325
4,thompson,41,melville,8.359338665008545
4,thompson,41,wells,8.101199388504028
4,thompson,41,austen,8.091805140177408
4,thompson,41,fitzgerald,8.122297207514444
4,thompson,41,twain,8.358031392097473
4,thompson,41,non_oz_baum,7.943888068199158
4,thompson,41,non_oz_thompson,8.043218612670898
4,thompson,41,contested,7.851506114006042
4,thompson,42,train,7.772234499454498
4,thompson,42,baum,7.865093231201172
4,thompson,42,thompson,7.931378602981567
4,thompson,42,dickens,8.190994368659126
4,thompson,42,melville,8.324567413330078
4,thompson,42,wells,8.061799168586731
4,thompson,42,austen,8.051799376805624
4,thompson,42,fitzgerald,8.08249560991923
4,thompson,42,twain,8.323638916015625
4,thompson,42,non_oz_baum,7.901973605155945
4,thompson,42,non_oz_thompson,8.00323748588562
4,thompson,42,contested,7.806691288948059
4,thompson,43,train,7.712694942951202
4,thompson,43,baum,7.822735667228699
4,thompson,43,thompson,7.890833735466003
4,thompson,43,dickens,8.155981558340567
4,thompson,43,melville,8.291680335998535
4,thompson,43,wells,8.02358329296112
4,thompson,43,austen,8.012558778127035
4,thompson,43,fitzgerald,8.04433830579122
4,thompson,43,twain,8.290482461452484
4,thompson,43,non_oz_baum,7.861169219017029
4,thompson,43,non_oz_thompson,7.964820861816406
4,thompson,43,contested,7.763159275054932
4,thompson,44,train,7.683737576007843
4,thompson,44,baum,7.781057834625244
4,thompson,44,thompson,7.85210371017456
4,thompson,44,dickens,8.1196076075236
4,thompson,44,melville,8.258618545532226
4,thompson,44,wells,7.985031247138977
4,thompson,44,austen,7.974405924479167
4,thompson,44,fitzgerald,8.006080468495687
4,thompson,44,twain,8.257143557071686
4,thompson,44,non_oz_baum,7.821063995361328
4,thompson,44,non_oz_thompson,7.926044702529907
4,thompson,44,contested,7.719976305961609
4,thompson,45,train,7.647263705730438
4,thompson,45,baum,7.741073489189148
4,thompson,45,thompson,7.814964056015015
4,thompson,45,dickens,8.086516698201498
4,thompson,45,melville,8.227654075622558
4,thompson,45,wells,7.949196577072143
4,thompson,45,austen,7.937739610671997
4,thompson,45,fitzgerald,7.970394055048625
4,thompson,45,twain,8.225762069225311
4,thompson,45,non_oz_baum,7.782811999320984
4,thompson,45,non_oz_thompson,7.889477491378784
4,thompson,45,contested,7.678855895996094
4,thompson,46,train,7.602045059204102
4,thompson,46,baum,7.701658844947815
4,thompson,46,thompson,7.778493642807007
4,thompson,46,dickens,8.05357477400038
4,thompson,46,melville,8.197082996368408
4,thompson,46,wells,7.91355550289154
4,thompson,46,austen,7.901803652445476
4,thompson,46,fitzgerald,7.934818585713704
4,thompson,46,twain,8.194754660129547
4,thompson,46,non_oz_baum,7.745541214942932
4,thompson,46,non_oz_thompson,7.853454351425171
4,thompson,46,contested,7.638716697692871
4,thompson,47,train,7.580037534236908
4,thompson,47,baum,7.664246439933777
4,thompson,47,thompson,7.742858290672302
4,thompson,47,dickens,8.021349129853425
4,thompson,47,melville,8.16729154586792
4,thompson,47,wells,7.879475235939026
4,thompson,47,austen,7.8668999671936035
4,thompson,47,fitzgerald,7.900515953699748
4,thompson,47,twain,8.16501784324646
4,thompson,47,non_oz_baum,7.709370493888855
4,thompson,47,non_oz_thompson,7.818796157836914
4,thompson,47,contested,7.600613117218018
4,thompson,48,train,7.521475851535797
4,thompson,48,baum,7.627307653427124
4,thompson,48,thompson,7.7082130908966064
4,thompson,48,dickens,7.990594775588424
4,thompson,48,melville,8.13863821029663
4,thompson,48,wells,7.846366882324219
4,thompson,48,austen,7.832974433898926
4,thompson,48,fitzgerald,7.867080211639404
4,thompson,48,twain,8.136046350002289
4,thompson,48,non_oz_baum,7.674115896224976
4,thompson,48,non_oz_thompson,7.785003185272217
4,thompson,48,contested,7.563230276107788
4,thompson,49,train,7.477399826049805
4,thompson,49,baum,7.591217756271362
4,thompson,49,thompson,7.67489230632782
4,thompson,49,dickens,7.959612987659596
4,thompson,49,melville,8.11005392074585
4,thompson,49,wells,7.813569784164429
4,thompson,49,austen,7.799434423446655
4,thompson,49,fitzgerald,7.834307511647542
4,thompson,49,twain,8.107628673315048
4,thompson,49,non_oz_baum,7.639321208000183
4,thompson,49,non_oz_thompson,7.751744031906128
4,thompson,49,contested,7.526633262634277
4,thompson,50,train,7.442970216274261
4,thompson,50,baum,7.556162357330322
4,thompson,50,thompson,7.643008947372436
4,thompson,50,dickens,7.9312727716234
4,thompson,50,melville,8.08405361175537
4,thompson,50,wells,7.782527923583984
4,thompson,50,austen,7.768300851186116
4,thompson,50,fitzgerald,7.802860180536906
4,thompson,50,twain,8.08127835392952
4,thompson,50,non_oz_baum,7.6062171459198
4,thompson,50,non_oz_thompson,7.719899654388428
4,thompson,50,contested,7.491035461425781
4,thompson,51,train,7.424470245838165
4,thompson,51,baum,7.522172451019287
4,thompson,51,thompson,7.612545609474182
4,thompson,51,dickens,7.903150717417399
4,thompson,51,melville,8.05821361541748
4,thompson,51,wells,7.752498388290405
4,thompson,51,austen,7.737862825393677
4,thompson,51,fitzgerald,7.772950808207194
4,thompson,51,twain,8.055272191762924
4,thompson,51,non_oz_baum,7.573723196983337
4,thompson,51,non_oz_thompson,7.689021825790405
4,thompson,51,contested,7.456708431243896
4,thompson,52,train,7.38103574514389
4,thompson,52,baum,7.489392518997192
4,thompson,52,thompson,7.582471013069153
4,thompson,52,dickens,7.876367551309091
4,thompson,52,melville,8.033458805084228
4,thompson,52,wells,7.723146796226501
4,thompson,52,austen,7.708672920862834
4,thompson,52,fitzgerald,7.743240356445312
4,thompson,52,twain,8.030198961496353
4,thompson,52,non_oz_baum,7.542653679847717
4,thompson,52,non_oz_thompson,7.65915060043335
4,thompson,52,contested,7.423197507858276
4,thompson,53,train,7.34974879026413
4,thompson,53,baum,7.458605408668518
4,thompson,53,thompson,7.5519479513168335
4,thompson,53,dickens,7.84928164658723
4,thompson,53,melville,8.008391046524048
4,thompson,53,wells,7.693482995033264
4,thompson,53,austen,7.679171403249104
4,thompson,53,fitzgerald,7.714047273000081
4,thompson,53,twain,8.004890769720078
4,thompson,53,non_oz_baum,7.512144923210144
4,thompson,53,non_oz_thompson,7.629577159881592
4,thompson,53,contested,7.391388893127441
4,thompson,54,train,7.317272007465362
4,thompson,54,baum,7.42781937122345
4,thompson,54,thompson,7.523577332496643
4,thompson,54,dickens,7.824632503368236
4,thompson,54,melville,7.984496355056763
4,thompson,54,wells,7.666267991065979
4,thompson,54,austen,7.651324987411499
4,thompson,54,fitzgerald,7.68622104326884
4,thompson,54,twain,7.981340736150742
4,thompson,54,non_oz_baum,7.48283851146698
4,thompson,54,non_oz_thompson,7.60202693939209
4,thompson,54,contested,7.359918475151062
4,thompson,55,train,7.28749543428421
4,thompson,55,baum,7.398284435272217
4,thompson,55,thompson,7.495142102241516
4,thompson,55,dickens,7.799953884548611
4,thompson,55,melville,7.961657476425171
4,thompson,55,wells,7.639299631118774
4,thompson,55,austen,7.624402364095052
4,thompson,55,fitzgerald,7.659260908762614
4,thompson,55,twain,7.958471655845642
4,thompson,55,non_oz_baum,7.454307794570923
4,thompson,55,non_oz_thompson,7.574321985244751
4,thompson,55,contested,7.329222798347473
4,thompson,56,train,7.255986154079437
4,thompson,56,baum,7.369673609733581
4,thompson,56,thompson,7.467988848686218
4,thompson,56,dickens,7.775780359903972
4,thompson,56,melville,7.939427089691162
4,thompson,56,wells,7.61243736743927
4,thompson,56,austen,7.597720543543498
4,thompson,56,fitzgerald,7.632299661636352
4,thompson,56,twain,7.935444921255112
4,thompson,56,non_oz_baum,7.426474690437317
4,thompson,56,non_oz_thompson,7.547421932220459
4,thompson,56,contested,7.299182891845703
4,thompson,57,train,7.230846047401428
4,thompson,57,baum,7.341476440429687
4,thompson,57,thompson,7.440905332565308
4,thompson,57,dickens,7.753030335461652
4,thompson,57,melville,7.9176839828491214
4,thompson,57,wells,7.58684229850769
4,thompson,57,austen,7.57220180829366
4,thompson,57,fitzgerald,7.606916904449463
4,thompson,57,twain,7.913386225700378
4,thompson,57,non_oz_baum,7.399684429168701
4,thompson,57,non_oz_thompson,7.521637916564941
4,thompson,57,contested,7.269970536231995
4,thompson,58,train,7.203770697116852
4,thompson,58,baum,7.314075350761414
4,thompson,58,thompson,7.41422438621521
4,thompson,58,dickens,7.730636243466978
4,thompson,58,melville,7.896727609634399
4,thompson,58,wells,7.5626702308654785
4,thompson,58,austen,7.547873576482137
4,thompson,58,fitzgerald,7.5823172728220625
4,thompson,58,twain,7.892770230770111
4,thompson,58,non_oz_baum,7.373438477516174
4,thompson,58,non_oz_thompson,7.496729373931885
4,thompson,58,contested,7.241361379623413
4,thompson,59,train,7.183109879493713
4,thompson,59,baum,7.2879074811935425
4,thompson,59,thompson,7.388404965400696
4,thompson,59,dickens,7.710140298914026
4,thompson,59,melville,7.877507591247559
4,thompson,59,wells,7.539723396301269
4,thompson,59,austen,7.524705330530803
4,thompson,59,fitzgerald,7.559194326400757
4,thompson,59,twain,7.873327732086182
4,thompson,59,non_oz_baum,7.3486127853393555
4,thompson,59,non_oz_thompson,7.473193407058716
4,thompson,59,contested,7.214263200759888
4,thompson,60,train,7.136182606220245
4,thompson,60,baum,7.261881589889526
4,thompson,60,thompson,7.362829089164734
4,thompson,60,dickens,7.688837934423376
4,thompson,60,melville,7.85750379562378
4,thompson,60,wells,7.516974925994873
4,thompson,60,austen,7.501499970753987
4,thompson,60,fitzgerald,7.536284844080607
4,thompson,60,twain,7.853758156299591
4,thompson,60,non_oz_baum,7.323878049850464
4,thompson,60,non_oz_thompson,7.449620246887207
4,thompson,60,contested,7.187528014183044
4,thompson,61,train,7.113616347312927
4,thompson,61,baum,7.236641526222229
4,thompson,61,thompson,7.339541435241699
4,thompson,61,dickens,7.669539804811831
4,thompson,61,melville,7.840245151519776
4,thompson,61,wells,7.494662404060364
4,thompson,61,austen,7.47991665204366
4,thompson,61,fitzgerald,7.513737042744954
4,thompson,61,twain,7.835357159376144
4,thompson,61,non_oz_baum,7.300025582313538
4,thompson,61,non_oz_thompson,7.4266650676727295
4,thompson,61,contested,7.16111421585083
4,thompson,62,train,7.075378775596619
4,thompson,62,baum,7.211828231811523
4,thompson,62,thompson,7.317243695259094
4,thompson,62,dickens,7.650581660094084
4,thompson,62,melville,7.822545385360717
4,thompson,62,wells,7.473158359527588
4,thompson,62,austen,7.458830277125041
4,thompson,62,fitzgerald,7.491935571034749
4,thompson,62,twain,7.8174057602882385
4,thompson,62,non_oz_baum,7.276687264442444
4,thompson,62,non_oz_thompson,7.40431022644043
4,thompson,62,contested,7.135520696640015
4,thompson,63,train,7.068710505962372
4,thompson,63,baum,7.1879167556762695
4,thompson,63,thompson,7.295717000961304
4,thompson,63,dickens,7.630446451681632
4,thompson,63,melville,7.804449558258057
4,thompson,63,wells,7.451582431793213
4,thompson,63,austen,7.437432368596395
4,thompson,63,fitzgerald,7.470196882883708
4,thompson,63,twain,7.79944434762001
4,thompson,63,non_oz_baum,7.253778338432312
4,thompson,63,non_oz_thompson,7.381992101669311
4,thompson,63,contested,7.110718011856079
4,thompson,64,train,7.042338609695435
4,thompson,64,baum,7.164480447769165
4,thompson,64,thompson,7.275497674942017
4,thompson,64,dickens,7.61306294688472
4,thompson,64,melville,7.788699674606323
4,thompson,64,wells,7.4319188594818115
4,thompson,64,austen,7.41770617167155
4,thompson,64,fitzgerald,7.449756701787312
4,thompson,64,twain,7.782925248146057
4,thompson,64,non_oz_baum,7.231637597084045
4,thompson,64,non_oz_thompson,7.361204147338867
4,thompson,64,contested,7.086609482765198
4,thompson,65,train,7.004789352416992
4,thompson,65,baum,7.141361832618713
4,thompson,65,thompson,7.254760265350342
4,thompson,65,dickens,7.593846533033583
4,thompson,65,melville,7.771432828903198
4,thompson,65,wells,7.410980582237244
4,thompson,65,austen,7.397198836008708
4,thompson,65,fitzgerald,7.42911712328593
4,thompson,65,twain,7.7654904425144196
4,thompson,65,non_oz_baum,7.209679126739502
4,thompson,65,non_oz_thompson,7.340614080429077
4,thompson,65,contested,7.06209933757782
4,thompson,66,train,6.9865352511405945
4,thompson,66,baum,7.119190454483032
4,thompson,66,thompson,7.234620094299316
4,thompson,66,dickens,7.576177650027805
4,thompson,66,melville,7.755889797210694
4,thompson,66,wells,7.391942501068115
4,thompson,66,austen,7.378399133682251
4,thompson,66,fitzgerald,7.409032424290975
4,thompson,66,twain,7.750506579875946
4,thompson,66,non_oz_baum,7.188838005065918
4,thompson,66,non_oz_thompson,7.321189403533935
4,thompson,66,contested,7.038712024688721
4,thompson,67,train,6.967715203762054
4,thompson,67,baum,7.09750509262085
4,thompson,67,thompson,7.216057181358337
4,thompson,67,dickens,7.560404653902407
4,thompson,67,melville,7.740970277786255
4,thompson,67,wells,7.374726057052612
4,thompson,67,austen,7.360653638839722
4,thompson,67,fitzgerald,7.391598542531331
4,thompson,67,twain,7.735258966684341
4,thompson,67,non_oz_baum,7.169013023376465
4,thompson,67,non_oz_thompson,7.303385257720947
4,thompson,67,contested,7.015793204307556
4,thompson,68,train,6.931481659412384
4,thompson,68,baum,7.0758466720581055
4,thompson,68,thompson,7.197938680648804
4,thompson,68,dickens,7.542991549880416
4,thompson,68,melville,7.7263572216033936
4,thompson,68,wells,7.355999946594238
4,thompson,68,austen,7.342266241709392
4,thompson,68,fitzgerald,7.371835231781006
4,thompson,68,twain,7.720421999692917
4,thompson,68,non_oz_baum,7.148970603942871
4,thompson,68,non_oz_thompson,7.2843177318573
4,thompson,68,contested,6.993215560913086
4,thompson,69,train,6.92866051197052
4,thompson,69,baum,7.05489182472229
4,thompson,69,thompson,7.179975271224976
4,thompson,69,dickens,7.527071917498553
4,thompson,69,melville,7.711008071899414
4,thompson,69,wells,7.337554693222046
4,thompson,69,austen,7.324390411376953
4,thompson,69,fitzgerald,7.353432416915893
4,thompson,69,twain,7.70457598567009
4,thompson,69,non_oz_baum,7.12985634803772
4,thompson,69,non_oz_thompson,7.2654783725738525
4,thompson,69,contested,6.971766471862793
4,thompson,70,train,6.90710061788559
4,thompson,70,baum,7.034533143043518
4,thompson,70,thompson,7.163128972053528
4,thompson,70,dickens,7.512774167237459
4,thompson,70,melville,7.697524785995483
4,thompson,70,wells,7.320799112319946
4,thompson,70,austen,7.307620525360107
4,thompson,70,fitzgerald,7.3365616003672285
4,thompson,70,twain,7.691254407167435
4,thompson,70,non_oz_baum,7.111463069915772
4,thompson,70,non_oz_thompson,7.248656034469604
4,thompson,70,contested,6.951157808303833
4,thompson,71,train,6.875520944595337
4,thompson,71,baum,7.015247583389282
4,thompson,71,thompson,7.145251154899597
4,thompson,71,dickens,7.498141800915754
4,thompson,71,melville,7.683853054046631
4,thompson,71,wells,7.304620862007141
4,thompson,71,austen,7.292072614034017
4,thompson,71,fitzgerald,7.32008695602417
4,thompson,71,twain,7.677762508392334
4,thompson,71,non_oz_baum,7.093147039413452
4,thompson,71,non_oz_thompson,7.23195481300354
4,thompson,71,contested,6.931027173995972
4,thompson,72,train,6.843745470046997
4,thompson,72,baum,6.996425986289978
4,thompson,72,thompson,7.129010796546936
4,thompson,72,dickens,7.484405005419695
4,thompson,72,melville,7.670459127426147
4,thompson,72,wells,7.288754940032959
4,thompson,72,austen,7.275559345881144
4,thompson,72,fitzgerald,7.303497393925984
4,thompson,72,twain,7.664748847484589
4,thompson,72,non_oz_baum,7.076205849647522
4,thompson,72,non_oz_thompson,7.215828895568848
4,thompson,72,contested,6.911713361740112
4,thompson,73,train,6.839853405952454
4,thompson,73,baum,6.977292776107788
4,thompson,73,thompson,7.113139390945435
4,thompson,73,dickens,7.469748726597539
4,thompson,73,melville,7.657085180282593
4,thompson,73,wells,7.271967172622681
4,thompson,73,austen,7.260060469309489
4,thompson,73,fitzgerald,7.286694049835205
4,thompson,73,twain,7.65065610408783
4,thompson,73,non_oz_baum,7.059247016906738
4,thompson,73,non_oz_thompson,7.198392391204834
4,thompson,73,contested,6.891671061515808
4,thompson,74,train,6.809934675693512
4,thompson,74,baum,6.9589478969573975
4,thompson,74,thompson,7.09844446182251
4,thompson,74,dickens,7.456572726920799
4,thompson,74,melville,7.645465421676636
4,thompson,74,wells,7.257263541221619
4,thompson,74,austen,7.245313723882039
4,thompson,74,fitzgerald,7.270888487497966
4,thompson,74,twain,7.639576494693756
4,thompson,74,non_oz_baum,7.0429112911224365
4,thompson,74,non_oz_thompson,7.182816743850708
4,thompson,74,contested,6.873071074485779
4,thompson,75,train,6.822800040245056
4,thompson,75,baum,6.941386818885803
4,thompson,75,thompson,7.0829092264175415
4,thompson,75,dickens,7.443759653303358
4,thompson,75,melville,7.632033109664917
4,thompson,75,wells,7.242261648178101
4,thompson,75,austen,7.229925870895386
4,thompson,75,fitzgerald,7.255910793940226
4,thompson,75,twain,7.6264508664608
4,thompson,75,non_oz_baum,7.027128458023071
4,thompson,75,non_oz_thompson,7.167196273803711
4,thompson,75,contested,6.854642510414124
4,thompson,76,train,6.793738842010498
4,thompson,76,baum,6.924256324768066
4,thompson,76,thompson,7.067728877067566
4,thompson,76,dickens,7.432396553180836
4,thompson,76,melville,7.6226215839385985
4,thompson,76,wells,7.228355050086975
4,thompson,76,austen,7.217514117558797
4,thompson,76,fitzgerald,7.241388003031413
4,thompson,76,twain,7.616146355867386
4,thompson,76,non_oz_baum,7.0116506814956665
4,thompson,76,non_oz_thompson,7.152566432952881
4,thompson,76,contested,6.836954712867737
4,thompson,77,train,6.782152116298676
4,thompson,77,baum,6.907496333122253
4,thompson,77,thompson,7.051648259162903
4,thompson,77,dickens,7.41924849262944
4,thompson,77,melville,7.609412384033203
4,thompson,77,wells,7.21348762512207
4,thompson,77,austen,7.203303734461467
4,thompson,77,fitzgerald,7.226286331812541
4,thompson,77,twain,7.603559345006943
4,thompson,77,non_oz_baum,6.996261119842529
4,thompson,77,non_oz_thompson,7.1374359130859375
4,thompson,77,contested,6.819723010063171
4,thompson,78,train,6.749838888645172
4,thompson,78,baum,6.891515731811523
4,thompson,78,thompson,7.036441683769226
4,thompson,78,dickens,7.40819122173168
4,thompson,78,melville,7.599540519714355
4,thompson,78,wells,7.200518488883972
4,thompson,78,austen,7.191079537073772
4,thompson,78,fitzgerald,7.212599992752075
4,thompson,78,twain,7.592976808547974
4,thompson,78,non_oz_baum,6.981701612472534
4,thompson,78,non_oz_thompson,7.123864650726318
4,thompson,78,contested,6.803089618682861
4,thompson,79,train,6.7520392537117
4,thompson,79,baum,6.875558972358704
4,thompson,79,thompson,7.021176695823669
4,thompson,79,dickens,7.395013350027579
4,thompson,79,melville,7.587572622299194
4,thompson,79,wells,7.186387181282044
4,thompson,79,austen,7.177500565846761
4,thompson,79,fitzgerald,7.198434352874756
4,thompson,79,twain,7.581642895936966
4,thompson,79,non_oz_baum,6.966762542724609
4,thompson,79,non_oz_thompson,7.109551429748535
4,thompson,79,contested,6.786557197570801
4,thompson,80,train,6.728623390197754
4,thompson,80,baum,6.860511422157288
4,thompson,80,thompson,7.006505966186523
4,thompson,80,dickens,7.3841991954379615
4,thompson,80,melville,7.578357458114624
4,thompson,80,wells,7.1734195947647095
4,thompson,80,austen,7.165246645609538
4,thompson,80,fitzgerald,7.184933503468831
4,thompson,80,twain,7.572335362434387
4,thompson,80,non_oz_baum,6.952480435371399
4,thompson,80,non_oz_thompson,7.096581935882568
4,thompson,80,contested,6.771315336227417
4,thompson,81,train,6.692648231983185
4,thompson,81,baum,6.845401883125305
4,thompson,81,thompson,6.9921181201934814
4,thompson,81,dickens,7.372333526611328
4,thompson,81,melville,7.567659759521485
4,thompson,81,wells,7.161113023757935
4,thompson,81,austen,7.153308709462483
4,thompson,81,fitzgerald,7.172263304392497
4,thompson,81,twain,7.562563270330429
4,thompson,81,non_oz_baum,6.938605785369873
4,thompson,81,non_oz_thompson,7.0838942527771
4,thompson,81,contested,6.755249261856079
4,thompson,82,train,6.6843443512916565
4,thompson,82,baum,6.8300782442092896
4,thompson,82,thompson,6.979366898536682
4,thompson,82,dickens,7.361203811786793
4,thompson,82,melville,7.558687448501587
4,thompson,82,wells,7.148566842079163
4,thompson,82,austen,7.141873359680176
4,thompson,82,fitzgerald,7.1589687665303545
4,thompson,82,twain,7.554017454385757
4,thompson,82,non_oz_baum,6.92494547367096
4,thompson,82,non_oz_thompson,7.071299314498901
4,thompson,82,contested,6.739308595657349
4,thompson,83,train,6.671249270439148
4,thompson,83,baum,6.816321611404419
4,thompson,83,thompson,6.966566205024719
4,thompson,83,dickens,7.349925818266692
4,thompson,83,melville,7.5494451999664305
4,thompson,83,wells,7.135885834693909
4,thompson,83,austen,7.130759636561076
4,thompson,83,fitzgerald,7.146095355351766
4,thompson,83,twain,7.544217735528946
4,thompson,83,non_oz_baum,6.912565350532532
4,thompson,83,non_oz_thompson,7.059633731842041
4,thompson,83,contested,6.724301099777222
4,thompson,84,train,6.652069330215454
4,thompson,84,baum,6.800392866134644
4,thompson,84,thompson,6.954023003578186
4,thompson,84,dickens,7.339443189126474
4,thompson,84,melville,7.540107154846192
4,thompson,84,wells,7.12406325340271
4,thompson,84,austen,7.119407335917155
4,thompson,84,fitzgerald,7.133587121963501
4,thompson,84,twain,7.535446614027023
4,thompson,84,non_oz_baum,6.898783326148987
4,thompson,84,non_oz_thompson,7.046969890594482
4,thompson,84,contested,6.707279682159424
4,thompson,85,train,6.644063651561737
4,thompson,85,baum,6.7868887186050415
4,thompson,85,thompson,6.942122220993042
4,thompson,85,dickens,7.327428976694743
4,thompson,85,melville,7.529419422149658
4,thompson,85,wells,7.112131476402283
4,thompson,85,austen,7.108351151148479
4,thompson,85,fitzgerald,7.121504624684651
4,thompson,85,twain,7.524957984685898
4,thompson,85,non_oz_baum,6.886624097824097
4,thompson,85,non_oz_thompson,7.035516977310181
4,thompson,85,contested,6.691469788551331
4,thompson,86,train,6.637473464012146
4,thompson,86,baum,6.772808790206909
4,thompson,86,thompson,6.929130434989929
4,thompson,86,dickens,7.319500552283393
4,thompson,86,melville,7.524013805389404
4,thompson,86,wells,7.101175904273987
4,thompson,86,austen,7.09876545270284
4,thompson,86,fitzgerald,7.109191179275513
4,thompson,86,twain,7.518051654100418
4,thompson,86,non_oz_baum,6.874723315238953
4,thompson,86,non_oz_thompson,7.023607969284058
4,thompson,86,contested,6.676219701766968
4,thompson,87,train,6.622054100036621
4,thompson,87,baum,6.760172367095947
4,thompson,87,thompson,6.914949297904968
4,thompson,87,dickens,7.308292318273474
4,thompson,87,melville,7.513555574417114
4,thompson,87,wells,7.090183615684509
4,thompson,87,austen,7.087720314661662
4,thompson,87,fitzgerald,7.0978991985321045
4,thompson,87,twain,7.508128315210342
4,thompson,87,non_oz_baum,6.862585067749023
4,thompson,87,non_oz_thompson,7.0128092765808105
4,thompson,87,contested,6.661325693130493
4,thompson,88,train,6.597364783287048
4,thompson,88,baum,6.746061086654663
4,thompson,88,thompson,6.902630567550659
4,thompson,88,dickens,7.299148524249041
4,thompson,88,melville,7.506378316879273
4,thompson,88,wells,7.080238223075867
4,thompson,88,austen,7.0778599580128985
4,thompson,88,fitzgerald,7.086850166320801
4,thompson,88,twain,7.502534657716751
4,thompson,88,non_oz_baum,6.850918769836426
4,thompson,88,non_oz_thompson,7.001240015029907
4,thompson,88,contested,6.646229386329651
4,thompson,89,train,6.601890325546265
4,thompson,89,baum,6.7332093715667725
4,thompson,89,thompson,6.890168190002441
4,thompson,89,dickens,7.290510601467556
4,thompson,89,melville,7.497615098953247
4,thompson,89,wells,7.069110631942749
4,thompson,89,austen,7.068083683649699
4,thompson,89,fitzgerald,7.076277573903401
4,thompson,89,twain,7.492598801851273
4,thompson,89,non_oz_baum,6.83910059928894
4,thompson,89,non_oz_thompson,6.989636182785034
4,thompson,89,contested,6.63166081905365
4,thompson,90,train,6.591200888156891
4,thompson,90,baum,6.720241665840149
4,thompson,90,thompson,6.880142569541931
4,thompson,90,dickens,7.281802248071741
4,thompson,90,melville,7.489313173294067
4,thompson,90,wells,7.058595418930054
4,thompson,90,austen,7.059219121932983
4,thompson,90,fitzgerald,7.0658369064331055
4,thompson,90,twain,7.484690189361572
4,thompson,90,non_oz_baum,6.828064203262329
4,thompson,90,non_oz_thompson,6.978355169296265
4,thompson,90,contested,6.618087649345398
4,thompson,91,train,6.562082469463348
4,thompson,91,baum,6.708221197128296
4,thompson,91,thompson,6.868349432945252
4,thompson,91,dickens,7.27242374420166
4,thompson,91,melville,7.481330537796021
4,thompson,91,wells,7.048820018768311
4,thompson,91,austen,7.049390236536662
4,thompson,91,fitzgerald,7.055146376291911
4,thompson,91,twain,7.476734608411789
4,thompson,91,non_oz_baum,6.816542863845825
4,thompson,91,non_oz_thompson,6.968556642532349
4,thompson,91,contested,6.605151891708374
4,thompson,92,train,6.5478196144104
4,thompson,92,baum,6.695488333702087
4,thompson,92,thompson,6.857514500617981
4,thompson,92,dickens,7.263290087381999
4,thompson,92,melville,7.472523498535156
4,thompson,92,wells,7.038093209266663
4,thompson,92,austen,7.039995034535726
4,thompson,92,fitzgerald,7.044286251068115
4,thompson,92,twain,7.468648821115494
4,thompson,92,non_oz_baum,6.8056639432907104
4,thompson,92,non_oz_thompson,6.957672119140625
4,thompson,92,contested,6.590425133705139
4,thompson,93,train,6.540456175804138
4,thompson,93,baum,6.682615756988525
4,thompson,93,thompson,6.848185062408447
4,thompson,93,dickens,7.258132351769341
4,thompson,93,melville,7.468242740631103
4,thompson,93,wells,7.029188394546509
4,thompson,93,austen,7.032610813776652
4,thompson,93,fitzgerald,7.035348176956177
4,thompson,93,twain,7.4633325934410095
4,thompson,93,non_oz_baum,6.794928312301636
4,thompson,93,non_oz_thompson,6.9472503662109375
4,thompson,93,contested,6.576755166053772
4,thompson,94,train,6.517826020717621
4,thompson,94,baum,6.671208262443543
4,thompson,94,thompson,6.836788654327393
4,thompson,94,dickens,7.24610584753531
4,thompson,94,melville,7.456705045700073
4,thompson,94,wells,7.018277168273926
4,thompson,94,austen,7.022077719370524
4,thompson,94,fitzgerald,7.023944854736328
4,thompson,94,twain,7.454228788614273
4,thompson,94,non_oz_baum,6.783844709396362
4,thompson,94,non_oz_thompson,6.937414407730103
4,thompson,94,contested,6.563592672348023
4,thompson,95,train,6.48838347196579
4,thompson,95,baum,6.658636569976807
4,thompson,95,thompson,6.826493263244629
4,thompson,95,dickens,7.239689314806903
4,thompson,95,melville,7.451778507232666
4,thompson,95,wells,7.008511781692505
4,thompson,95,austen,7.013895988464356
4,thompson,95,fitzgerald,7.014236529668172
4,thompson,95,twain,7.448361903429031
4,thompson,95,non_oz_baum,6.772799730300903
4,thompson,95,non_oz_thompson,6.927945375442505
4,thompson,95,contested,6.550416707992554
4,thompson,96,train,6.508732855319977
4,thompson,96,baum,6.64628267288208
4,thompson,96,thompson,6.81462562084198
4,thompson,96,dickens,7.232767158084446
4,thompson,96,melville,7.444405221939087
4,thompson,96,wells,6.999117732048035
4,thompson,96,austen,7.00520133972168
4,thompson,96,fitzgerald,7.004366795221965
4,thompson,96,twain,7.439795285463333
4,thompson,96,non_oz_baum,6.762386798858643
4,thompson,96,non_oz_thompson,6.9177610874176025
4,thompson,96,contested,6.538041472434998
4,thompson,97,train,6.4871746301651
4,thompson,97,baum,6.634862184524536
4,thompson,97,thompson,6.802772402763367
4,thompson,97,dickens,7.225416236453586
4,thompson,97,melville,7.438320398330688
4,thompson,97,wells,6.990928649902344
4,thompson,97,austen,6.998000542322795
4,thompson,97,fitzgerald,6.995039065678914
4,thompson,97,twain,7.4346886575222015
4,thompson,97,non_oz_baum,6.75184428691864
4,thompson,97,non_oz_thompson,6.907804727554321
4,thompson,97,contested,6.524978518486023
4,thompson,98,train,6.464485585689545
4,thompson,98,baum,6.623600125312805
4,thompson,98,thompson,6.791919231414795
4,thompson,98,dickens,7.217648771074083
4,thompson,98,melville,7.432519912719727
4,thompson,98,wells,6.981668949127197
4,thompson,98,austen,6.989466985066732
4,thompson,98,fitzgerald,6.9847358862559
4,thompson,98,twain,7.428805112838745
4,thompson,98,non_oz_baum,6.741101503372192
4,thompson,98,non_oz_thompson,6.898301839828491
4,thompson,98,contested,6.511561155319214
4,thompson,99,train,6.458723962306976
4,thompson,99,baum,6.612915635108948
4,thompson,99,thompson,6.780921220779419
4,thompson,99,dickens,7.211575596420853
4,thompson,99,melville,7.424819421768189
4,thompson,99,wells,6.972701907157898
4,thompson,99,austen,6.98123304049174
4,thompson,99,fitzgerald,6.975319544474284
4,thompson,99,twain,7.420413613319397
4,thompson,99,non_oz_baum,6.730797529220581
4,thompson,99,non_oz_thompson,6.889943361282349
4,thompson,99,contested,6.500405311584473
4,thompson,100,train,6.453157305717468
4,thompson,100,baum,6.602786540985107
4,thompson,100,thompson,6.769801378250122
4,thompson,100,dickens,7.203924779538755
4,thompson,100,melville,7.416406726837158
4,thompson,100,wells,6.963455319404602
4,thompson,100,austen,6.97266960144043
4,thompson,100,fitzgerald,6.965520064036052
4,thompson,100,twain,7.412479847669601
4,thompson,100,non_oz_baum,6.720766544342041
4,thompson,100,non_oz_thompson,6.880400657653809
4,thompson,100,contested,6.489604115486145
4,thompson,101,train,6.433059990406036
4,thompson,101,baum,6.591544985771179
4,thompson,101,thompson,6.758644104003906
4,thompson,101,dickens,7.195397836190683
4,thompson,101,melville,7.410883092880249
4,thompson,101,wells,6.954527974128723
4,thompson,101,austen,6.964541435241699
4,thompson,101,fitzgerald,6.955447355906169
4,thompson,101,twain,7.407577067613602
4,thompson,101,non_oz_baum,6.710255861282349
4,thompson,101,non_oz_thompson,6.870797395706177
4,thompson,101,contested,6.478415608406067
4,thompson,102,train,6.412438154220581
4,thompson,102,baum,6.58055317401886
4,thompson,102,thompson,6.749528408050537
4,thompson,102,dickens,7.190381244376853
4,thompson,102,melville,7.405251121520996
4,thompson,102,wells,6.947294354438782
4,thompson,102,austen,6.957474946975708
4,thompson,102,fitzgerald,6.947440067927043
4,thompson,102,twain,7.401659697294235
4,thompson,102,non_oz_baum,6.700991749763489
4,thompson,102,non_oz_thompson,6.8623948097229
4,thompson,102,contested,6.466093063354492
4,thompson,103,train,6.424610614776611
4,thompson,103,baum,6.568602800369263
4,thompson,103,thompson,6.739132523536682
4,thompson,103,dickens,7.181966022208885
4,thompson,103,melville,7.397492790222168
4,thompson,103,wells,6.937683463096619
4,thompson,103,austen,6.949604352315267
4,thompson,103,fitzgerald,6.937255859375
4,thompson,103,twain,7.392911225557327
4,thompson,103,non_oz_baum,6.690869927406311
4,thompson,103,non_oz_thompson,6.85214638710022
4,thompson,103,contested,6.453892111778259
4,thompson,104,train,6.410747289657593
4,thompson,104,baum,6.5581923723220825
4,thompson,104,thompson,6.729400515556336
4,thompson,104,dickens,7.1729870372348365
4,thompson,104,melville,7.390081977844238
4,thompson,104,wells,6.930026888847351
4,thompson,104,austen,6.941506226857503
4,thompson,104,fitzgerald,6.928661982218425
4,thompson,104,twain,7.386636346578598
4,thompson,104,non_oz_baum,6.680717945098877
4,thompson,104,non_oz_thompson,6.84408712387085
4,thompson,104,contested,6.441653966903687
4,thompson,105,train,6.384362637996674
4,thompson,105,baum,6.546732068061829
4,thompson,105,thompson,6.718958377838135
4,thompson,105,dickens,7.166688265623869
4,thompson,105,melville,7.384456205368042
4,thompson,105,wells,6.920726656913757
4,thompson,105,austen,6.932735761006673
4,thompson,105,fitzgerald,6.918681859970093
4,thompson,105,twain,7.379792392253876
4,thompson,105,non_oz_baum,6.670391917228699
4,thompson,105,non_oz_thompson,6.833652973175049
4,thompson,105,contested,6.429177403450012
4,thompson,106,train,6.367869377136231
4,thompson,106,baum,6.535406589508057
4,thompson,106,thompson,6.709444046020508
4,thompson,106,dickens,7.161218131030047
4,thompson,106,melville,7.380365180969238
4,thompson,106,wells,6.915103912353516
4,thompson,106,austen,6.926470200220744
4,thompson,106,fitzgerald,6.910493135452271
4,thompson,106,twain,7.37611985206604
4,thompson,106,non_oz_baum,6.660202741622925
4,thompson,106,non_oz_thompson,6.82612943649292
4,thompson,106,contested,6.416205286979675
4,thompson,107,train,6.352846384048462
4,thompson,107,baum,6.524967908859253
4,thompson,107,thompson,6.699371576309204
4,thompson,107,dickens,7.155880327577944
4,thompson,107,melville,7.37414665222168
4,thompson,107,wells,6.9070820808410645
4,thompson,107,austen,6.9196670850118
4,thompson,107,fitzgerald,6.901654799779256
4,thompson,107,twain,7.368723481893539
4,thompson,107,non_oz_baum,6.650455713272095
4,thompson,107,non_oz_thompson,6.817469358444214
4,thompson,107,contested,6.405019164085388
4,thompson,108,train,6.35550844669342
4,thompson,108,baum,6.515211343765259
4,thompson,108,thompson,6.688757538795471
4,thompson,108,dickens,7.151015246355975
4,thompson,108,melville,7.369194412231446
4,thompson,108,wells,6.899003863334656
4,thompson,108,austen,6.91226061185201
4,thompson,108,fitzgerald,6.8942891756693525
4,thompson,108,twain,7.363860785961151
4,thompson,108,non_oz_baum,6.64126992225647
4,thompson,108,non_oz_thompson,6.808505535125732
4,thompson,108,contested,6.394060969352722
4,thompson,109,train,6.334264039993286
4,thompson,109,baum,6.502931475639343
4,thompson,109,thompson,6.678390502929688
4,thompson,109,dickens,7.1432578122174295
4,thompson,109,melville,7.361986827850342
4,thompson,109,wells,6.890495300292969
4,thompson,109,austen,6.903045177459717
4,thompson,109,fitzgerald,6.884207010269165
4,thompson,109,twain,7.355501025915146
4,thompson,109,non_oz_baum,6.630255460739136
4,thompson,109,non_oz_thompson,6.79889440536499
4,thompson,109,contested,6.381503582000732
4,thompson,110,train,6.33823823928833
4,thompson,110,baum,6.493583917617798
4,thompson,110,thompson,6.669198513031006
4,thompson,110,dickens,7.134179397865578
4,thompson,110,melville,7.353541469573974
4,thompson,110,wells,6.883732914924622
4,thompson,110,austen,6.895572582880656
4,thompson,110,fitzgerald,6.875008900960286
4,thompson,110,twain,7.347403049468994
4,thompson,110,non_oz_baum,6.620455741882324
4,thompson,110,non_oz_thompson,6.791107416152954
4,thompson,110,contested,6.370397448539734
4,thompson,111,train,6.3080087304115295
4,thompson,111,baum,6.481154441833496
4,thompson,111,thompson,6.66021990776062
4,thompson,111,dickens,7.126014338599311
4,thompson,111,melville,7.347195100784302
4,thompson,111,wells,6.875577330589294
4,thompson,111,austen,6.887947082519531
4,thompson,111,fitzgerald,6.865875879923503
4,thompson,111,twain,7.342839300632477
4,thompson,111,non_oz_baum,6.610035061836243
4,thompson,111,non_oz_thompson,6.781308650970459
4,thompson,111,contested,6.356704235076904
4,thompson,112,train,6.311483681201935
4,thompson,112,baum,6.47219705581665
4,thompson,112,thompson,6.651362061500549
4,thompson,112,dickens,7.121605502234565
4,thompson,112,melville,7.343817710876465
4,thompson,112,wells,6.8688050508499146
4,thompson,112,austen,6.881473541259766
4,thompson,112,fitzgerald,6.858447154362996
4,thompson,112,twain,7.33684116601944
4,thompson,112,non_oz_baum,6.601179480552673
4,thompson,112,non_oz_thompson,6.773949861526489
4,thompson,112,contested,6.345642328262329
4,thompson,113,train,6.270581245422363
4,thompson,113,baum,6.459229946136475
4,thompson,113,thompson,6.642451882362366
4,thompson,113,dickens,7.114167213439941
4,thompson,113,melville,7.335620021820068
4,thompson,113,wells,6.85920000076294
4,thompson,113,austen,6.871361414591472
4,thompson,113,fitzgerald,6.847166538238525
4,thompson,113,twain,7.328876882791519
4,thompson,113,non_oz_baum,6.5900222063064575
4,thompson,113,non_oz_thompson,6.763725280761719
4,thompson,113,contested,6.333346486091614
4,thompson,114,train,6.275112926959992
4,thompson,114,baum,6.450157642364502
4,thompson,114,thompson,6.633524656295776
4,thompson,114,dickens,7.109649163705331
4,thompson,114,melville,7.330358552932739
4,thompson,114,wells,6.852705240249634
4,thompson,114,austen,6.864994366963704
4,thompson,114,fitzgerald,6.839510599772136
4,thompson,114,twain,7.322030812501907
4,thompson,114,non_oz_baum,6.581916332244873
4,thompson,114,non_oz_thompson,6.756584405899048
4,thompson,114,contested,6.322504639625549
4,thompson,115,train,6.27379035949707
4,thompson,115,baum,6.439727544784546
4,thompson,115,thompson,6.626824617385864
4,thompson,115,dickens,7.105642689598931
4,thompson,115,melville,7.33200626373291
4,thompson,115,wells,6.848100423812866
4,thompson,115,austen,6.859923283259074
4,thompson,115,fitzgerald,6.833988428115845
4,thompson,115,twain,7.322145909070969
4,thompson,115,non_oz_baum,6.573772430419922
4,thompson,115,non_oz_thompson,6.74900484085083
4,thompson,115,contested,6.310190916061401
4,thompson,116,train,6.254612624645233
4,thompson,116,baum,6.428646922111511
4,thompson,116,thompson,6.618931293487549
4,thompson,116,dickens,7.09652853012085
4,thompson,116,melville,7.322920846939087
4,thompson,116,wells,6.8385632038116455
4,thompson,116,austen,6.850457111994426
4,thompson,116,fitzgerald,6.823920806248983
4,thompson,116,twain,7.314229607582092
4,thompson,116,non_oz_baum,6.563425540924072
4,thompson,116,non_oz_thompson,6.738638401031494
4,thompson,116,contested,6.296784520149231
4,thompson,117,train,6.243921041488648
4,thompson,117,baum,6.418965816497803
4,thompson,117,thompson,6.609439730644226
4,thompson,117,dickens,7.093753885339807
4,thompson,117,melville,7.320525169372559
4,thompson,117,wells,6.833467245101929
4,thompson,117,austen,6.845880111058553
4,thompson,117,fitzgerald,6.816835323969523
4,thompson,117,twain,7.310474395751953
4,thompson,117,non_oz_baum,6.555015444755554
4,thompson,117,non_oz_thompson,6.732562780380249
4,thompson,117,contested,6.285333514213562
4,thompson,118,train,6.219051361083984
4,thompson,118,baum,6.408085346221924
4,thompson,118,thompson,6.599297523498535
4,thompson,118,dickens,7.084625208819354
4,thompson,118,melville,7.310774183273315
4,thompson,118,wells,6.824605822563171
4,thompson,118,austen,6.8376814524332685
4,thompson,118,fitzgerald,6.807043472925822
4,thompson,118,twain,7.30160453915596
4,thompson,118,non_oz_baum,6.54468846321106
4,thompson,118,non_oz_thompson,6.723521947860718
4,thompson,118,contested,6.273853421211243
4,thompson,119,train,6.236808300018311
4,thompson,119,baum,6.400007843971252
4,thompson,119,thompson,6.5882248878479
4,thompson,119,dickens,7.080624386116311
4,thompson,119,melville,7.307727956771851
4,thompson,119,wells,6.817938923835754
4,thompson,119,austen,6.832899411519368
4,thompson,119,fitzgerald,6.801026423772176
4,thompson,119,twain,7.295742213726044
4,thompson,119,non_oz_baum,6.537124872207642
4,thompson,119,non_oz_thompson,6.715173006057739
4,thompson,119,contested,6.264043092727661
4,thompson,120,train,6.193742215633392
4,thompson,120,baum,6.38966965675354
4,thompson,120,thompson,6.579043745994568
4,thompson,120,dickens,7.073058764139812
4,thompson,120,melville,7.300347566604614
4,thompson,120,wells,6.81139075756073
4,thompson,120,austen,6.824277957280477
4,thompson,120,fitzgerald,6.7911810874938965
4,thompson,120,twain,7.291422486305237
4,thompson,120,non_oz_baum,6.52704918384552
4,thompson,120,non_oz_thompson,6.70658540725708
4,thompson,120,contested,6.251735091209412
4,thompson,121,train,6.211598336696625
4,thompson,121,baum,6.379974722862244
4,thompson,121,thompson,6.570549488067627
4,thompson,121,dickens,7.068784166265417
4,thompson,121,melville,7.296954917907715
4,thompson,121,wells,6.804862976074219
4,thompson,121,austen,6.817503849665324
4,thompson,121,fitzgerald,6.783822933832805
4,thompson,121,twain,7.286770910024643
4,thompson,121,non_oz_baum,6.518473386764526
4,thompson,121,non_oz_thompson,6.699914216995239
4,thompson,121,contested,6.240821719169617
4,thompson,122,train,6.18894225358963
4,thompson,122,baum,6.369087219238281
4,thompson,122,thompson,6.5611947774887085
4,thompson,122,dickens,7.063572812963415
4,thompson,122,melville,7.28867769241333
4,thompson,122,wells,6.797099351882935
4,thompson,122,austen,6.812501748402913
4,thompson,122,fitzgerald,6.774361769358317
4,thompson,122,twain,7.276637494564056
4,thompson,122,non_oz_baum,6.510575890541077
4,thompson,122,non_oz_thompson,6.691998958587647
4,thompson,122,contested,6.230539560317993
4,thompson,123,train,6.1740904450416565
4,thompson,123,baum,6.359825491905212
4,thompson,123,thompson,6.551811099052429
4,thompson,123,dickens,7.057426399654812
4,thompson,123,melville,7.284874105453492
4,thompson,123,wells,6.791463851928711
4,thompson,123,austen,6.805247624715169
4,thompson,123,fitzgerald,6.768350442250569
4,thompson,123,twain,7.273493051528931
4,thompson,123,non_oz_baum,6.501452445983887
4,thompson,123,non_oz_thompson,6.684963703155518
4,thompson,123,contested,6.218925356864929
4,thompson,124,train,6.161824941635132
4,thompson,124,baum,6.349938273429871
4,thompson,124,thompson,6.540868163108826
4,thompson,124,dickens,7.051700945253725
4,thompson,124,melville,7.27786226272583
4,thompson,124,wells,6.78561007976532
4,thompson,124,austen,6.8003958861033125
4,thompson,124,fitzgerald,6.759245872497559
4,thompson,124,twain,7.266339540481567
4,thompson,124,non_oz_baum,6.4933470487594604
4,thompson,124,non_oz_thompson,6.677068948745728
4,thompson,124,contested,6.208290457725525
4,thompson,125,train,6.161141872406006
4,thompson,125,baum,6.340731859207153
4,thompson,125,thompson,6.531755566596985
4,thompson,125,dickens,7.044285120787444
4,thompson,125,melville,7.272673654556274
4,thompson,125,wells,6.77755069732666
4,thompson,125,austen,6.793595790863037
4,thompson,125,fitzgerald,6.750434398651123
4,thompson,125,twain,7.261748284101486
4,thompson,125,non_oz_baum,6.484233498573303
4,thompson,125,non_oz_thompson,6.66795015335083
4,thompson,125,contested,6.198557376861572
4,thompson,126,train,6.137484490871429
4,thompson,126,baum,6.331165194511414
4,thompson,126,thompson,6.523212313652039
4,thompson,126,dickens,7.04160197575887
4,thompson,126,melville,7.270835876464844
4,thompson,126,wells,6.771899938583374
4,thompson,126,austen,6.786959966023763
4,thompson,126,fitzgerald,6.743633985519409
4,thompson,126,twain,7.257446944713592
4,thompson,126,non_oz_baum,6.475968360900879
4,thompson,126,non_oz_thompson,6.661798000335693
4,thompson,126,contested,6.189165592193604
4,thompson,127,train,6.122383117675781
4,thompson,127,baum,6.322369456291199
4,thompson,127,thompson,6.51421594619751
4,thompson,127,dickens,7.034539505287453
4,thompson,127,melville,7.263146543502808
4,thompson,127,wells,6.764940619468689
4,thompson,127,austen,6.7812455495198565
4,thompson,127,fitzgerald,6.735667864481608
4,thompson,127,twain,7.251257061958313
4,thompson,127,non_oz_baum,6.467747807502747
4,thompson,127,non_oz_thompson,6.653357982635498
4,thompson,127,contested,6.178683042526245
4,thompson,128,train,6.110906958580017
4,thompson,128,baum,6.3113003969192505
4,thompson,128,thompson,6.5057185888290405
4,thompson,128,dickens,7.029466046227349
4,thompson,128,melville,7.260729932785034
4,thompson,128,wells,6.757407188415527
4,thompson,128,austen,6.775876681009929
4,thompson,128,fitzgerald,6.724706649780273
4,thompson,128,twain,7.24469518661499
4,thompson,128,non_oz_baum,6.459668517112732
4,thompson,128,non_oz_thompson,6.645405054092407
4,thompson,128,contested,6.167543411254883
4,thompson,129,train,6.096876978874207
4,thompson,129,baum,6.302710294723511
4,thompson,129,thompson,6.497514128684998
4,thompson,129,dickens,7.022124731982196
4,thompson,129,melville,7.252059936523437
4,thompson,129,wells,6.751420021057129
4,thompson,129,austen,6.768797874450684
4,thompson,129,fitzgerald,6.716179291407268
4,thompson,129,twain,7.238050609827042
4,thompson,129,non_oz_baum,6.451753854751587
4,thompson,129,non_oz_thompson,6.638070583343506
4,thompson,129,contested,6.156979084014893
4,thompson,130,train,6.113477885723114
4,thompson,130,baum,6.29098379611969
4,thompson,130,thompson,6.488173723220825
4,thompson,130,dickens,7.015541641800492
4,thompson,130,melville,7.247982311248779
4,thompson,130,wells,6.742372512817383
4,thompson,130,austen,6.762705246607463
4,thompson,130,fitzgerald,6.705920696258545
4,thompson,130,twain,7.230881035327911
4,thompson,130,non_oz_baum,6.443240761756897
4,thompson,130,non_oz_thompson,6.62774920463562
4,thompson,130,contested,6.144400596618652
4,thompson,131,train,6.065739333629608
4,thompson,131,baum,6.283093214035034
4,thompson,131,thompson,6.480615258216858
4,thompson,131,dickens,7.013227762999358
4,thompson,131,melville,7.245153474807739
4,thompson,131,wells,6.7370699644088745
4,thompson,131,austen,6.7566618124643965
4,thompson,131,fitzgerald,6.699199120203654
4,thompson,131,twain,7.227616250514984
4,thompson,131,non_oz_baum,6.434391736984253
4,thompson,131,non_oz_thompson,6.622912168502808
4,thompson,131,contested,6.134690999984741
4,thompson,132,train,6.0760873556137085
4,thompson,132,baum,6.275454640388489
4,thompson,132,thompson,6.471107125282288
4,thompson,132,dickens,7.009552443469012
4,thompson,132,melville,7.245060062408447
4,thompson,132,wells,6.73430073261261
4,thompson,132,austen,6.753191550572713
4,thompson,132,fitzgerald,6.695440133412679
4,thompson,132,twain,7.228523790836334
4,thompson,132,non_oz_baum,6.427513837814331
4,thompson,132,non_oz_thompson,6.617330312728882
4,thompson,132,contested,6.125217795372009
4,thompson,133,train,6.053090691566467
4,thompson,133,baum,6.264915466308594
4,thompson,133,thompson,6.459386229515076
4,thompson,133,dickens,7.003599149209482
4,thompson,133,melville,7.237768745422363
4,thompson,133,wells,6.725740432739258
4,thompson,133,austen,6.746655623118083
4,thompson,133,fitzgerald,6.686167399088542
4,thompson,133,twain,7.220201879739761
4,thompson,133,non_oz_baum,6.418599247932434
4,thompson,133,non_oz_thompson,6.609836578369141
4,thompson,133,contested,6.114488244056702
4,thompson,134,train,6.04337078332901
4,thompson,134,baum,6.255200624465942
4,thompson,134,thompson,6.450488328933716
4,thompson,134,dickens,6.99759594599406
4,thompson,134,melville,7.232294797897339
4,thompson,134,wells,6.7182310819625854
4,thompson,134,austen,6.741460720698039
4,thompson,134,fitzgerald,6.675938129425049
4,thompson,134,twain,7.214089423418045
4,thompson,134,non_oz_baum,6.410598874092102
4,thompson,134,non_oz_thompson,6.602312088012695
4,thompson,134,contested,6.103640913963318
4,thompson,135,train,6.034872591495514
4,thompson,135,baum,6.247367858886719
4,thompson,135,thompson,6.442154765129089
4,thompson,135,dickens,6.997387621137831
4,thompson,135,melville,7.228451728820801
4,thompson,135,wells,6.713802576065064
4,thompson,135,austen,6.736348787943522
4,thompson,135,fitzgerald,6.670352935791016
4,thompson,135,twain,7.209361881017685
4,thompson,135,non_oz_baum,6.403810501098633
4,thompson,135,non_oz_thompson,6.5973076820373535
4,thompson,135,contested,6.094334006309509
4,thompson,136,train,6.025690317153931
4,thompson,136,baum,6.23817789554596
4,thompson,136,thompson,6.434214234352112
4,thompson,136,dickens,6.994114805150915
4,thompson,136,melville,7.227669095993042
4,thompson,136,wells,6.7085219621658325
4,thompson,136,austen,6.73266879717509
4,thompson,136,fitzgerald,6.663508494695027
4,thompson,136,twain,7.207709223031998
4,thompson,136,non_oz_baum,6.396944522857666
4,thompson,136,non_oz_thompson,6.589324951171875
4,thompson,136,contested,6.083870887756348
4,thompson,137,train,5.998801827430725
4,thompson,137,baum,6.228850722312927
4,thompson,137,thompson,6.4253963232040405
4,thompson,137,dickens,6.986073546939426
4,thompson,137,melville,7.223629808425903
4,thompson,137,wells,6.703058242797852
4,thompson,137,austen,6.727810859680176
4,thompson,137,fitzgerald,6.656247933705648
4,thompson,137,twain,7.203103274106979
4,thompson,137,non_oz_baum,6.388884425163269
4,thompson,137,non_oz_thompson,6.583032846450806
4,thompson,137,contested,6.074190735816956
4,thompson,138,train,5.998539686203003
4,thompson,138,baum,6.219215631484985
4,thompson,138,thompson,6.416771769523621
4,thompson,138,dickens,6.984186172485352
4,thompson,138,melville,7.218014669418335
4,thompson,138,wells,6.695330858230591
4,thompson,138,austen,6.721893151601155
4,thompson,138,fitzgerald,6.64718492825826
4,thompson,138,twain,7.1947566866874695
4,thompson,138,non_oz_baum,6.381184458732605
4,thompson,138,non_oz_thompson,6.575767993927002
4,thompson,138,contested,6.06544816493988
4,thompson,139,train,5.992663264274597
4,thompson,139,baum,6.212103962898254
4,thompson,139,thompson,6.408934473991394
4,thompson,139,dickens,6.975607112601951
4,thompson,139,melville,7.212632036209106
4,thompson,139,wells,6.689049005508423
4,thompson,139,austen,6.716842174530029
4,thompson,139,fitzgerald,6.639761288960774
4,thompson,139,twain,7.190276950597763
4,thompson,139,non_oz_baum,6.374341368675232
4,thompson,139,non_oz_thompson,6.570062875747681
4,thompson,139,contested,6.055203080177307
4,thompson,140,train,5.992521405220032
4,thompson,140,baum,6.204288721084595
4,thompson,140,thompson,6.400611996650696
4,thompson,140,dickens,6.972573686529089
4,thompson,140,melville,7.208277177810669
4,thompson,140,wells,6.684143662452698
4,thompson,140,austen,6.708858887354533
4,thompson,140,fitzgerald,6.634277820587158
4,thompson,140,twain,7.18757364153862
4,thompson,140,non_oz_baum,6.365347385406494
4,thompson,140,non_oz_thompson,6.564163446426392
4,thompson,140,contested,6.044183969497681
4,thompson,141,train,5.963946878910065
4,thompson,141,baum,6.194465398788452
4,thompson,141,thompson,6.390745162963867
4,thompson,141,dickens,6.970209210007279
4,thompson,141,melville,7.202539539337158
4,thompson,141,wells,6.677716374397278
4,thompson,141,austen,6.705122073491414
4,thompson,141,fitzgerald,6.627586205800374
4,thompson,141,twain,7.18287855386734
4,thompson,141,non_oz_baum,6.357742547988892
4,thompson,141,non_oz_thompson,6.556666851043701
4,thompson,141,contested,6.034193515777588
4,thompson,142,train,5.935835182666779
4,thompson,142,baum,6.1871018409729
4,thompson,142,thompson,6.382007598876953
4,thompson,142,dickens,6.969097896858498
4,thompson,142,melville,7.203691577911377
4,thompson,142,wells,6.674564838409424
4,thompson,142,austen,6.7035547097524
4,thompson,142,fitzgerald,6.622404177983602
4,thompson,142,twain,7.181517988443375
4,thompson,142,non_oz_baum,6.352529168128967
4,thompson,142,non_oz_thompson,6.551790714263916
4,thompson,142,contested,6.025273323059082
4,thompson,143,train,5.933837056159973
4,thompson,143,baum,6.179698824882507
4,thompson,143,thompson,6.373492240905762
4,thompson,143,dickens,6.965470472971599
4,thompson,143,melville,7.20139331817627
4,thompson,143,wells,6.670569181442261
4,thompson,143,austen,6.698144197463989
4,thompson,143,fitzgerald,6.618687391281128
4,thompson,143,twain,7.180849760770798
4,thompson,143,non_oz_baum,6.34438157081604
4,thompson,143,non_oz_thompson,6.54717755317688
4,thompson,143,contested,6.015438437461853
4,thompson,144,train,5.921489298343658
4,thompson,144,baum,6.170440793037415
4,thompson,144,thompson,6.36344039440155
4,thompson,144,dickens,6.956878927018908
4,thompson,144,melville,7.196084022521973
4,thompson,144,wells,6.6641846895217896
4,thompson,144,austen,6.691871484120687
4,thompson,144,fitzgerald,6.609842697779338
4,thompson,144,twain,7.175011962652206
4,thompson,144,non_oz_baum,6.33642840385437
4,thompson,144,non_oz_thompson,6.5405356884002686
4,thompson,144,contested,6.004149794578552
4,thompson,145,train,5.931099951267242
4,thompson,145,baum,6.160928010940552
4,thompson,145,thompson,6.355652451515198
4,thompson,145,dickens,6.953733868069119
4,thompson,145,melville,7.191833543777466
4,thompson,145,wells,6.65629506111145
4,thompson,145,austen,6.685803095499675
4,thompson,145,fitzgerald,6.602512836456299
4,thompson,145,twain,7.168608844280243
4,thompson,145,non_oz_baum,6.329187750816345
4,thompson,145,non_oz_thompson,6.532247304916382
4,thompson,145,contested,5.994186758995056
4,thompson,146,train,5.906021416187286
4,thompson,146,baum,6.154098272323608
4,thompson,146,thompson,6.351424813270569
4,thompson,146,dickens,6.949908044603136
4,thompson,146,melville,7.188027954101562
4,thompson,146,wells,6.651754021644592
4,thompson,146,austen,6.682317733764648
4,thompson,146,fitzgerald,6.59676718711853
4,thompson,146,twain,7.164933294057846
4,thompson,146,non_oz_baum,6.323065161705017
4,thompson,146,non_oz_thompson,6.527418851852417
4,thompson,146,contested,5.9854817390441895
4,thompson,147,train,5.8941322565078735
4,thompson,147,baum,6.144694089889526
4,thompson,147,thompson,6.342405438423157
4,thompson,147,dickens,6.947362705513283
4,thompson,147,melville,7.1838850498199465
4,thompson,147,wells,6.646395206451416
4,thompson,147,austen,6.6784365971883135
4,thompson,147,fitzgerald,6.589333454767863
4,thompson,147,twain,7.157269090414047
4,thompson,147,non_oz_baum,6.316276788711548
4,thompson,147,non_oz_thompson,6.522528409957886
4,thompson,147,contested,5.977086901664734
4,thompson,148,train,5.917105078697205
4,thompson,148,baum,6.136449098587036
4,thompson,148,thompson,6.333947539329529
4,thompson,148,dickens,6.9387018415662975
4,thompson,148,melville,7.183765125274658
4,thompson,148,wells,6.642531394958496
4,thompson,148,austen,6.671310901641846
4,thompson,148,fitzgerald,6.582237323125203
4,thompson,148,twain,7.156505316495895
4,thompson,148,non_oz_baum,6.308959603309631
4,thompson,148,non_oz_thompson,6.517513751983643
4,thompson,148,contested,5.96748161315918
4,thompson,149,train,5.888376474380493
4,thompson,149,baum,6.126458048820496
4,thompson,149,thompson,6.324862837791443
4,thompson,149,dickens,6.93611282772488
4,thompson,149,melville,7.180321121215821
4,thompson,149,wells,6.636718153953552
4,thompson,149,austen,6.66549817721049
4,thompson,149,fitzgerald,6.57496444384257
4,thompson,149,twain,7.1528908014297485
4,thompson,149,non_oz_baum,6.301424980163574
4,thompson,149,non_oz_thompson,6.508459091186523
4,thompson,149,contested,5.956217527389526
4,thompson,150,train,5.863265752792358
4,thompson,150,baum,6.120008111000061
4,thompson,150,thompson,6.318566083908081
4,thompson,150,dickens,6.936258404343216
4,thompson,150,melville,7.178216218948364
4,thompson,150,wells,6.632213473320007
4,thompson,150,austen,6.658983945846558
4,thompson,150,fitzgerald,6.571255922317505
4,thompson,150,twain,7.152061998844147
4,thompson,150,non_oz_baum,6.294000744819641
4,thompson,150,non_oz_thompson,6.503473997116089
4,thompson,150,contested,5.946895241737366
4,thompson,151,train,5.859661281108856
4,thompson,151,baum,6.113045930862427
4,thompson,151,thompson,6.31393826007843
4,thompson,151,dickens,6.930784561015941
4,thompson,151,melville,7.17397027015686
4,thompson,151,wells,6.628053545951843
4,thompson,151,austen,6.655829906463623
4,thompson,151,fitzgerald,6.566627422968547
4,thompson,151,twain,7.145619601011276
4,thompson,151,non_oz_baum,6.2883241176605225
4,thompson,151,non_oz_thompson,6.499586820602417
4,thompson,151,contested,5.938682794570923
4,thompson,152,train,5.854152977466583
4,thompson,152,baum,6.1047468185424805
4,thompson,152,thompson,6.306223511695862
4,thompson,152,dickens,6.924450468133997
4,thompson,152,melville,7.165772867202759
4,thompson,152,wells,6.620385050773621
4,thompson,152,austen,6.648960113525391
4,thompson,152,fitzgerald,6.557783842086792
4,thompson,152,twain,7.137829780578613
4,thompson,152,non_oz_baum,6.281708717346191
4,thompson,152,non_oz_thompson,6.49198317527771
4,thompson,152,contested,5.929226398468018
4,thompson,153,train,5.843152463436127
4,thompson,153,baum,6.098262548446655
4,thompson,153,thompson,6.300945162773132
4,thompson,153,dickens,6.926355732811822
4,thompson,153,melville,7.168595600128174
4,thompson,153,wells,6.6202157735824585
4,thompson,153,austen,6.646902481714885
4,thompson,153,fitzgerald,6.555047432581584
4,thompson,153,twain,7.138325393199921
4,thompson,153,non_oz_baum,6.278149127960205
4,thompson,153,non_oz_thompson,6.487929344177246
4,thompson,153,contested,5.921890616416931
4,thompson,154,train,5.833925843238831
4,thompson,154,baum,6.090237975120544
4,thompson,154,thompson,6.29461944103241
4,thompson,154,dickens,6.921785425256799
4,thompson,154,melville,7.168444204330444
4,thompson,154,wells,6.615367412567139
4,thompson,154,austen,6.642879803975423
4,thompson,154,fitzgerald,6.550409873326619
4,thompson,154,twain,7.139309406280518
4,thompson,154,non_oz_baum,6.270744323730469
4,thompson,154,non_oz_thompson,6.48155689239502
4,thompson,154,contested,5.911335229873657
4,thompson,155,train,5.830711483955383
4,thompson,155,baum,6.082635283470154
4,thompson,155,thompson,6.284633994102478
4,thompson,155,dickens,6.917590035332574
4,thompson,155,melville,7.166705131530762
4,thompson,155,wells,6.612393856048584
4,thompson,155,austen,6.637571652730306
4,thompson,155,fitzgerald,6.545417149861653
4,thompson,155,twain,7.136152923107147
4,thompson,155,non_oz_baum,6.2647401094436646
4,thompson,155,non_oz_thompson,6.476506471633911
4,thompson,155,contested,5.903222680091858
4,thompson,156,train,5.811337172985077
4,thompson,156,baum,6.074318170547485
4,thompson,156,thompson,6.276967406272888
4,thompson,156,dickens,6.916402410577844
4,thompson,156,melville,7.162555122375489
4,thompson,156,wells,6.604934573173523
4,thompson,156,austen,6.637365897496541
4,thompson,156,fitzgerald,6.53540833791097
4,thompson,156,twain,7.126190632581711
4,thompson,156,non_oz_baum,6.260106682777405
4,thompson,156,non_oz_thompson,6.470777750015259
4,thompson,156,contested,5.896460175514221
4,thompson,157,train,5.802459359169006
4,thompson,157,baum,6.066185116767883
4,thompson,157,thompson,6.269183397293091
4,thompson,157,dickens,6.911273338176586
4,thompson,157,melville,7.155605983734131
4,thompson,157,wells,6.598652482032776
4,thompson,157,austen,6.630869468053182
4,thompson,157,fitzgerald,6.52730147043864
4,thompson,157,twain,7.121236264705658
4,thompson,157,non_oz_baum,6.253179907798767
4,thompson,157,non_oz_thompson,6.463680744171143
4,thompson,157,contested,5.886793375015259
4,thompson,158,train,5.783107161521912
4,thompson,158,baum,6.061519145965576
4,thompson,158,thompson,6.263929009437561
4,thompson,158,dickens,6.903905762566461
4,thompson,158,melville,7.155256605148315
4,thompson,158,wells,6.597427606582642
4,thompson,158,austen,6.625714063644409
4,thompson,158,fitzgerald,6.525914192199707
4,thompson,158,twain,7.123627364635468
4,thompson,158,non_oz_baum,6.246192216873169
4,thompson,158,non_oz_thompson,6.459644317626953
4,thompson,158,contested,5.879008769989014
4,thompson,159,train,5.775526642799377
4,thompson,159,baum,6.053181886672974
4,thompson,159,thompson,6.255042910575867
4,thompson,159,dickens,6.903448705320005
4,thompson,159,melville,7.155690336227417
4,thompson,159,wells,6.592581033706665
4,thompson,159,austen,6.620495955149333
4,thompson,159,fitzgerald,6.520361344019572
4,thompson,159,twain,7.121088325977325
4,thompson,159,non_oz_baum,6.240594029426575
4,thompson,159,non_oz_thompson,6.4534010887146
4,thompson,159,contested,5.870826244354248
4,thompson,160,train,5.77779096364975
4,thompson,160,baum,6.044163346290588
4,thompson,160,thompson,6.249303460121155
4,thompson,160,dickens,6.9031458430820045
4,thompson,160,melville,7.151413440704346
4,thompson,160,wells,6.587255954742432
4,thompson,160,austen,6.618571758270264
4,thompson,160,fitzgerald,6.509820302327474
4,thompson,160,twain,7.111565887928009
4,thompson,160,non_oz_baum,6.236428380012512
4,thompson,160,non_oz_thompson,6.44956374168396
4,thompson,160,contested,5.863272309303284
4,thompson,161,train,5.7736183404922485
4,thompson,161,baum,6.039990782737732
4,thompson,161,thompson,6.242554306983948
4,thompson,161,dickens,6.896652115715875
4,thompson,161,melville,7.151709413528442
4,thompson,161,wells,6.584980010986328
4,thompson,161,austen,6.612436532974243
4,thompson,161,fitzgerald,6.510170062383016
4,thompson,161,twain,7.114767044782639
4,thompson,161,non_oz_baum,6.229121088981628
4,thompson,161,non_oz_thompson,6.446223735809326
4,thompson,161,contested,5.854136228561401
4,thompson,162,train,5.749392151832581
4,thompson,162,baum,6.035740733146668
4,thompson,162,thompson,6.234579801559448
4,thompson,162,dickens,6.893531816977042
4,thompson,162,melville,7.152788782119751
4,thompson,162,wells,6.58203125
4,thompson,162,austen,6.608649174372355
4,thompson,162,fitzgerald,6.507956663767497
4,thompson,162,twain,7.117878705263138
4,thompson,162,non_oz_baum,6.22418475151062
4,thompson,162,non_oz_thompson,6.441139936447144
4,thompson,162,contested,5.846848130226135
4,thompson,163,train,5.732769906520844
4,thompson,163,baum,6.02397882938385
4,thompson,163,thompson,6.225345373153687
4,thompson,163,dickens,6.896598197795727
4,thompson,163,melville,7.147974681854248
4,thompson,163,wells,6.573068022727966
4,thompson,163,austen,6.604310671488444
4,thompson,163,fitzgerald,6.496303240458171
4,thompson,163,twain,7.1056182980537415
4,thompson,163,non_oz_baum,6.217568874359131
4,thompson,163,non_oz_thompson,6.433449983596802
4,thompson,163,contested,5.838052988052368
4,thompson,164,train,5.712307631969452
4,thompson,164,baum,6.018022537231445
4,thompson,164,thompson,6.217974662780762
4,thompson,164,dickens,6.890803284115261
4,thompson,164,melville,7.145235967636109
4,thompson,164,wells,6.569478392601013
4,thompson,164,austen,6.6005464394887285
4,thompson,164,fitzgerald,6.492596069971721
4,thompson,164,twain,7.10578727722168
4,thompson,164,non_oz_baum,6.2112016677856445
4,thompson,164,non_oz_thompson,6.428211212158203
4,thompson,164,contested,5.830125451087952
4,thompson,165,train,5.691999793052673
4,thompson,165,baum,6.011214375495911
4,thompson,165,thompson,6.213015198707581
4,thompson,165,dickens,6.892168292292842
4,thompson,165,melville,7.141141700744629
4,thompson,165,wells,6.565489888191223
4,thompson,165,austen,6.594136476516724
4,thompson,165,fitzgerald,6.487645626068115
4,thompson,165,twain,7.101765871047974
4,thompson,165,non_oz_baum,6.205343842506409
4,thompson,165,non_oz_thompson,6.423793077468872
4,thompson,165,contested,5.821531176567078
4,thompson,166,train,5.683033347129822
4,thompson,166,baum,6.008171200752258
4,thompson,166,thompson,6.208168268203735
4,thompson,166,dickens,6.88666910595364
4,thompson,166,melville,7.1418520450592045
4,thompson,166,wells,6.564969897270203
4,thompson,166,austen,6.59472147623698
4,thompson,166,fitzgerald,6.4845114549001055
4,thompson,166,twain,7.102368921041489
4,thompson,166,non_oz_baum,6.203154683113098
4,thompson,166,non_oz_thompson,6.4231953620910645
4,thompson,166,contested,5.817512392997742
4,thompson,167,train,5.708513855934143
4,thompson,167,baum,6.000842452049255
4,thompson,167,thompson,6.201890349388123
4,thompson,167,dickens,6.88260754832515
4,thompson,167,melville,7.138706541061401
4,thompson,167,wells,6.5610740184783936
4,thompson,167,austen,6.586654980977376
4,thompson,167,fitzgerald,6.480960130691528
4,thompson,167,twain,7.099753439426422
4,thompson,167,non_oz_baum,6.195182204246521
4,thompson,167,non_oz_thompson,6.416193246841431
4,thompson,167,contested,5.806441903114319
4,thompson,168,train,5.668952226638794
4,thompson,168,baum,5.991379022598267
4,thompson,168,thompson,6.1967453956604
4,thompson,168,dickens,6.876693001499882
4,thompson,168,melville,7.134220314025879
4,thompson,168,wells,6.553428053855896
4,thompson,168,austen,6.584146181742351
4,thompson,168,fitzgerald,6.471965471903483
4,thompson,168,twain,7.092258006334305
4,thompson,168,non_oz_baum,6.1904438734054565
4,thompson,168,non_oz_thompson,6.410554647445679
4,thompson,168,contested,5.7993597984313965
4,thompson,169,train,5.672688782215118
4,thompson,169,baum,5.98914635181427
4,thompson,169,thompson,6.195472955703735
4,thompson,169,dickens,6.88840334503739
4,thompson,169,melville,7.139983224868774
4,thompson,169,wells,6.554222226142883
4,thompson,169,austen,6.588261445363362
4,thompson,169,fitzgerald,6.46869428952535
4,thompson,169,twain,7.092901289463043
4,thompson,169,non_oz_baum,6.190887689590454
4,thompson,169,non_oz_thompson,6.4103429317474365
4,thompson,169,contested,5.795326232910156
4,thompson,170,train,5.6747559905052185
4,thompson,170,baum,5.982590198516846
4,thompson,170,thompson,6.1871397495269775
4,thompson,170,dickens,6.878488081472892
4,thompson,170,melville,7.137920999526978
4,thompson,170,wells,6.549777150154114
4,thompson,170,austen,6.577826102574666
4,thompson,170,fitzgerald,6.468584934870402
4,thompson,170,twain,7.095280021429062
4,thompson,170,non_oz_baum,6.181619167327881
4,thompson,170,non_oz_thompson,6.403887510299683
4,thompson,170,contested,5.785570740699768
4,thompson,171,train,5.688937544822693
4,thompson,171,baum,5.978787183761597
4,thompson,171,thompson,6.1800776720047
4,thompson,171,dickens,6.878001001146105
4,thompson,171,melville,7.137107229232788
4,thompson,171,wells,6.548015117645264
4,thompson,171,austen,6.578135093053182
4,thompson,171,fitzgerald,6.4629998207092285
4,thompson,171,twain,7.090159714221954
4,thompson,171,non_oz_baum,6.180382490158081
4,thompson,171,non_oz_thompson,6.402423143386841
4,thompson,171,contested,5.782029628753662
4,thompson,172,train,5.647357821464539
4,thompson,172,baum,5.9703428745269775
4,thompson,172,thompson,6.170887112617493
4,thompson,172,dickens,6.872519652048747
4,thompson,172,melville,7.129252815246582
4,thompson,172,wells,6.544214725494385
4,thompson,172,austen,6.572123368581136
4,thompson,172,fitzgerald,6.457044045130412
4,thompson,172,twain,7.0872394144535065
4,thompson,172,non_oz_baum,6.171553134918213
4,thompson,172,non_oz_thompson,6.396116256713867
4,thompson,172,contested,5.772794008255005
4,thompson,173,train,5.646016478538513
4,thompson,173,baum,5.963544964790344
4,thompson,173,thompson,6.167177319526672
4,thompson,173,dickens,6.870348400539822
4,thompson,173,melville,7.130952644348144
4,thompson,173,wells,6.537725806236267
4,thompson,173,austen,6.570077419281006
4,thompson,173,fitzgerald,6.448800245920817
4,thompson,173,twain,7.08148580789566
4,thompson,173,non_oz_baum,6.168497562408447
4,thompson,173,non_oz_thompson,6.389752149581909
4,thompson,173,contested,5.766854524612427
4,thompson,174,train,5.63714724779129
4,thompson,174,baum,5.961666584014893
4,thompson,174,thompson,6.161105155944824
4,thompson,174,dickens,6.872247095461245
4,thompson,174,melville,7.130663537979126
4,thompson,174,wells,6.538103818893433
4,thompson,174,austen,6.56832218170166
4,thompson,174,fitzgerald,6.450547456741333
4,thompson,174,twain,7.084121108055115
4,thompson,174,non_oz_baum,6.164905309677124
4,thompson,174,non_oz_thompson,6.390166997909546
4,thompson,174,contested,5.760739326477051
4,thompson,175,train,5.626612186431885
4,thompson,175,baum,5.954884052276611
4,thompson,175,thompson,6.154553055763245
4,thompson,175,dickens,6.868996266965513
4,thompson,175,melville,7.133299207687378
4,thompson,175,wells,6.537761569023132
4,thompson,175,austen,6.566787799199422
4,thompson,175,fitzgerald,6.447189172108968
4,thompson,175,twain,7.086281806230545
4,thompson,175,non_oz_baum,6.16058361530304
4,thompson,175,non_oz_thompson,6.386062383651733
4,thompson,175,contested,5.753774523735046
4,thompson,176,train,5.624466955661774
4,thompson,176,baum,5.947190880775452
4,thompson,176,thompson,6.148133873939514
4,thompson,176,dickens,6.8602305871469005
4,thompson,176,melville,7.128171825408936
4,thompson,176,wells,6.532241702079773
4,thompson,176,austen,6.559019724527995
4,thompson,176,fitzgerald,6.440840562184651
4,thompson,176,twain,7.081143707036972
4,thompson,176,non_oz_baum,6.154374361038208
4,thompson,176,non_oz_thompson,6.379312753677368
4,thompson,176,contested,5.744093894958496
4,thompson,177,train,5.592417240142822
4,thompson,177,baum,5.9436516761779785
4,thompson,177,thompson,6.141672849655151
4,thompson,177,dickens,6.855883774933992
4,thompson,177,melville,7.126236772537231
4,thompson,177,wells,6.5270771980285645
4,thompson,177,austen,6.554774920145671
4,thompson,177,fitzgerald,6.437343756357829
4,thompson,177,twain,7.079342484474182
4,thompson,177,non_oz_baum,6.148701429367065
4,thompson,177,non_oz_thompson,6.374541521072388
4,thompson,177,contested,5.7368751764297485
4,thompson,178,train,5.588854730129242
4,thompson,178,baum,5.937955021858215
4,thompson,178,thompson,6.1353431940078735
4,thompson,178,dickens,6.864196318167227
4,thompson,178,melville,7.128908157348633
4,thompson,178,wells,6.526357293128967
4,thompson,178,austen,6.559357245763143
4,thompson,178,fitzgerald,6.432929515838623
4,thompson,178,twain,7.07868042588234
4,thompson,178,non_oz_baum,6.148094654083252
4,thompson,178,non_oz_thompson,6.3728015422821045
4,thompson,178,contested,5.732380032539368
4,thompson,179,train,5.595927357673645
4,thompson,179,baum,5.930107116699219
4,thompson,179,thompson,6.13041079044342
4,thompson,179,dickens,6.854738200152362
4,thompson,179,melville,7.124206399917602
4,thompson,179,wells,6.521815061569214
4,thompson,179,austen,6.550561587015788
4,thompson,179,fitzgerald,6.43083914120992
4,thompson,179,twain,7.075218170881271
4,thompson,179,non_oz_baum,6.141552805900574
4,thompson,179,non_oz_thompson,6.366187334060669
4,thompson,179,contested,5.724082112312317
4,thompson,180,train,5.556242048740387
4,thompson,180,baum,5.92641007900238
4,thompson,180,thompson,6.12421727180481
4,thompson,180,dickens,6.854256241409867
4,thompson,180,melville,7.127018547058105
4,thompson,180,wells,6.522253513336182
4,thompson,180,austen,6.548580169677734
4,thompson,180,fitzgerald,6.426847457885742
4,thompson,180,twain,7.075417578220367
4,thompson,180,non_oz_baum,6.137949585914612
4,thompson,180,non_oz_thompson,6.363909482955933
4,thompson,180,contested,5.718724370002747
4,thompson,181,train,5.590072929859161
4,thompson,181,baum,5.920565247535706
4,thompson,181,thompson,6.118265509605408
4,thompson,181,dickens,6.856333679623074
4,thompson,181,melville,7.122472143173217
4,thompson,181,wells,6.518303632736206
4,thompson,181,austen,6.547061363855998
4,thompson,181,fitzgerald,6.421375274658203
4,thompson,181,twain,7.072053700685501
4,thompson,181,non_oz_baum,6.134438157081604
4,thompson,181,non_oz_thompson,6.3590381145477295
4,thompson,181,contested,5.710563778877258
4,thompson,182,train,5.566279828548431
4,thompson,182,baum,5.914951801300049
4,thompson,182,thompson,6.111355781555176
4,thompson,182,dickens,6.852556723135489
4,thompson,182,melville,7.123562860488891
4,thompson,182,wells,6.51383912563324
4,thompson,182,austen,6.5436168511708575
4,thompson,182,fitzgerald,6.416892528533936
4,thompson,182,twain,7.068263709545136
4,thompson,182,non_oz_baum,6.1290963888168335
4,thompson,182,non_oz_thompson,6.352498769760132
4,thompson,182,contested,5.703498125076294
4,thompson,183,train,5.55875289440155
4,thompson,183,baum,5.910555839538574
4,thompson,183,thompson,6.106662750244141
4,thompson,183,dickens,6.850451840294732
4,thompson,183,melville,7.122420692443848
4,thompson,183,wells,6.51085889339447
4,thompson,183,austen,6.540026903152466
4,thompson,183,fitzgerald,6.413273652394612
4,thompson,183,twain,7.063392698764801
4,thompson,183,non_oz_baum,6.12570071220398
4,thompson,183,non_oz_thompson,6.350849151611328
4,thompson,183,contested,5.698650240898132
4,thompson,184,train,5.5578712821006775
4,thompson,184,baum,5.90435004234314
4,thompson,184,thompson,6.099638223648071
4,thompson,184,dickens,6.847030445381448
4,thompson,184,melville,7.120441579818726
4,thompson,184,wells,6.509374022483826
4,thompson,184,austen,6.53843355178833
4,thompson,184,fitzgerald,6.409919420878093
4,thompson,184,twain,7.066240131855011
4,thompson,184,non_oz_baum,6.120672821998596
4,thompson,184,non_oz_thompson,6.345585107803345
4,thompson,184,contested,5.689512133598328
4,thompson,185,train,5.522297143936157
4,thompson,185,baum,5.896266341209412
4,thompson,185,thompson,6.095200896263123
4,thompson,185,dickens,6.84060165617201
4,thompson,185,melville,7.118764591217041
4,thompson,185,wells,6.50286328792572
4,thompson,185,austen,6.533068021138509
4,thompson,185,fitzgerald,6.401701370875041
4,thompson,185,twain,7.059606581926346
4,thompson,185,non_oz_baum,6.114866137504578
4,thompson,185,non_oz_thompson,6.340226650238037
4,thompson,185,contested,5.680421829223633
4,thompson,186,train,5.544431686401367
4,thompson,186,baum,5.897650003433228
4,thompson,186,thompson,6.090788125991821
4,thompson,186,dickens,6.848423428005642
4,thompson,186,melville,7.123718214035034
4,thompson,186,wells,6.504469156265259
4,thompson,186,austen,6.537106037139893
4,thompson,186,fitzgerald,6.402813196182251
4,thompson,186,twain,7.060963332653046
4,thompson,186,non_oz_baum,6.117927193641663
4,thompson,186,non_oz_thompson,6.341511249542236
4,thompson,186,contested,5.679051637649536
4,thompson,187,train,5.525050759315491
4,thompson,187,baum,5.889336466789246
4,thompson,187,thompson,6.082579493522644
4,thompson,187,dickens,6.832048575083415
4,thompson,187,melville,7.11304988861084
4,thompson,187,wells,6.500694036483765
4,thompson,187,austen,6.526150623957316
4,thompson,187,fitzgerald,6.397720336914063
4,thompson,187,twain,7.059020131826401
4,thompson,187,non_oz_baum,6.105634450912476
4,thompson,187,non_oz_thompson,6.333529710769653
4,thompson,187,contested,5.668467044830322
4,thompson,188,train,5.50476348400116
4,thompson,188,baum,5.882346510887146
4,thompson,188,thompson,6.079578280448914
4,thompson,188,dickens,6.832436861815276
4,thompson,188,melville,7.110647916793823
4,thompson,188,wells,6.497759699821472
4,thompson,188,austen,6.523728609085083
4,thompson,188,fitzgerald,6.3926370938618975
4,thompson,188,twain,7.056351184844971
4,thompson,188,non_oz_baum,6.102555990219116
4,thompson,188,non_oz_thompson,6.329351186752319
4,thompson,188,contested,5.660209894180298
4,thompson,189,train,5.527192711830139
4,thompson,189,baum,5.883836269378662
4,thompson,189,thompson,6.075214147567749
4,thompson,189,dickens,6.83440621693929
4,thompson,189,melville,7.111720752716065
4,thompson,189,wells,6.495081305503845
4,thompson,189,austen,6.520914793014526
4,thompson,189,fitzgerald,6.394162178039551
4,thompson,189,twain,7.055722683668137
4,thompson,189,non_oz_baum,6.101482510566711
4,thompson,189,non_oz_thompson,6.329699993133545
4,thompson,189,contested,5.657070517539978
4,thompson,190,train,5.496366381645203
4,thompson,190,baum,5.873477220535278
4,thompson,190,thompson,6.065930366516113
4,thompson,190,dickens,6.827676419858579
4,thompson,190,melville,7.114888286590576
4,thompson,190,wells,6.4909632205963135
4,thompson,190,austen,6.519347588221232
4,thompson,190,fitzgerald,6.387475967407227
4,thompson,190,twain,7.052927613258362
4,thompson,190,non_oz_baum,6.094941854476929
4,thompson,190,non_oz_thompson,6.321857213973999
4,thompson,190,contested,5.650426983833313
4,thompson,191,train,5.478433191776276
4,thompson,191,baum,5.872439026832581
4,thompson,191,thompson,6.065123200416565
4,thompson,191,dickens,6.835459355954771
4,thompson,191,melville,7.120899534225464
4,thompson,191,wells,6.492723107337952
4,thompson,191,austen,6.52341357866923
4,thompson,191,fitzgerald,6.387571414311727
4,thompson,191,twain,7.056560039520264
4,thompson,191,non_oz_baum,6.095623731613159
4,thompson,191,non_oz_thompson,6.323036670684815
4,thompson,191,contested,5.647185802459717
4,thompson,192,train,5.476452529430389
4,thompson,192,baum,5.868255376815796
4,thompson,192,thompson,6.058161735534668
4,thompson,192,dickens,6.827084770909062
4,thompson,192,melville,7.115408515930175
4,thompson,192,wells,6.488358020782471
4,thompson,192,austen,6.515816370646159
4,thompson,192,fitzgerald,6.383209625879924
4,thompson,192,twain,7.0506205558776855
4,thompson,192,non_oz_baum,6.091715931892395
4,thompson,192,non_oz_thompson,6.321710109710693
4,thompson,192,contested,5.642590522766113
4,thompson,193,train,5.475569307804108
4,thompson,193,baum,5.86012589931488
4,thompson,193,thompson,6.05295991897583
4,thompson,193,dickens,6.822348312095359
4,thompson,193,melville,7.113819169998169
4,thompson,193,wells,6.48576033115387
4,thompson,193,austen,6.512677113215129
4,thompson,193,fitzgerald,6.377400557200114
4,thompson,193,twain,7.051172196865082
4,thompson,193,non_oz_baum,6.083603620529175
4,thompson,193,non_oz_thompson,6.314568042755127
4,thompson,193,contested,5.631878852844238
4,thompson,194,train,5.460634827613831
4,thompson,194,baum,5.854058384895325
4,thompson,194,thompson,6.048750042915344
4,thompson,194,dickens,6.816457695431179
4,thompson,194,melville,7.110999679565429
4,thompson,194,wells,6.480991363525391
4,thompson,194,austen,6.512380917867024
4,thompson,194,fitzgerald,6.372209231058757
4,thompson,194,twain,7.045542687177658
4,thompson,194,non_oz_baum,6.080179452896118
4,thompson,194,non_oz_thompson,6.308793544769287
4,thompson,194,contested,5.623972654342651
4,thompson,195,train,5.485697269439697
4,thompson,195,baum,5.851727485656738
4,thompson,195,thompson,6.043508291244507
4,thompson,195,dickens,6.820587793986003
4,thompson,195,melville,7.114350080490112
4,thompson,195,wells,6.479956865310669
4,thompson,195,austen,6.511150757471721
4,thompson,195,fitzgerald,6.3690245151519775
4,thompson,195,twain,7.044700533151627
4,thompson,195,non_oz_baum,6.079295992851257
4,thompson,195,non_oz_thompson,6.306698322296143
4,thompson,195,contested,5.620065808296204
4,thompson,196,train,5.472060024738312
4,thompson,196,baum,5.847038626670837
4,thompson,196,thompson,6.036045074462891
4,thompson,196,dickens,6.82317375253748
4,thompson,196,melville,7.11509599685669
4,thompson,196,wells,6.483503937721252
4,thompson,196,austen,6.511181831359863
4,thompson,196,fitzgerald,6.370432217915853
4,thompson,196,twain,7.046207070350647
4,thompson,196,non_oz_baum,6.076825141906738
4,thompson,196,non_oz_thompson,6.306371212005615
4,thompson,196,contested,5.615148305892944
4,thompson,197,train,5.465079605579376
4,thompson,197,baum,5.841662645339966
4,thompson,197,thompson,6.03132426738739
4,thompson,197,dickens,6.814067505024098
4,thompson,197,melville,7.10690712928772
4,thompson,197,wells,6.475559592247009
4,thompson,197,austen,6.503779649734497
4,thompson,197,fitzgerald,6.365725199381511
4,thompson,197,twain,7.041805446147919
4,thompson,197,non_oz_baum,6.0706634521484375
4,thompson,197,non_oz_thompson,6.2981133460998535
4,thompson,197,contested,5.60708475112915
4,thompson,198,train,5.4352076053619385
4,thompson,198,baum,5.834324717521668
4,thompson,198,thompson,6.027610659599304
4,thompson,198,dickens,6.81229324694033
4,thompson,198,melville,7.102938985824585
4,thompson,198,wells,6.471045017242432
4,thompson,198,austen,6.498218139012654
4,thompson,198,fitzgerald,6.359411636988322
4,thompson,198,twain,7.037467896938324
4,thompson,198,non_oz_baum,6.065383434295654
4,thompson,198,non_oz_thompson,6.29449987411499
4,thompson,198,contested,5.600055456161499
4,thompson,199,train,5.412578582763672
4,thompson,199,baum,5.835450053215027
4,thompson,199,thompson,6.023833394050598
4,thompson,199,dickens,6.812048965030247
4,thompson,199,melville,7.105433893203736
4,thompson,199,wells,6.470134615898132
4,thompson,199,austen,6.495440085728963
4,thompson,199,fitzgerald,6.36049222946167
4,thompson,199,twain,7.041229844093323
4,thompson,199,non_oz_baum,6.062281489372253
4,thompson,199,non_oz_thompson,6.296031475067139
4,thompson,199,contested,5.595913052558899
4,thompson,200,train,5.421944677829742
4,thompson,200,baum,5.831931829452515
4,thompson,200,thompson,6.018468618392944
4,thompson,200,dickens,6.806020595409252
4,thompson,200,melville,7.107233905792237
4,thompson,200,wells,6.470301985740662
4,thompson,200,austen,6.493452390034993
4,thompson,200,fitzgerald,6.361367384592692
4,thompson,200,twain,7.044938117265701
4,thompson,200,non_oz_baum,6.057692646980286
4,thompson,200,non_oz_thompson,6.293187856674194
4,thompson,200,contested,5.590756177902222
4,thompson,201,train,5.435355067253113
4,thompson,201,baum,5.830023050308228
4,thompson,201,thompson,6.016696214675903
4,thompson,201,dickens,6.811577567347774
4,thompson,201,melville,7.1052814483642575
4,thompson,201,wells,6.47160804271698
4,thompson,201,austen,6.49713412920634
4,thompson,201,fitzgerald,6.358426809310913
4,thompson,201,twain,7.040602058172226
4,thompson,201,non_oz_baum,6.05789315700531
4,thompson,201,non_oz_thompson,6.293107748031616
4,thompson,201,contested,5.588006258010864
4,thompson,202,train,5.399111449718475
4,thompson,202,baum,5.822912096977234
4,thompson,202,thompson,6.011346340179443
4,thompson,202,dickens,6.802072931219031
4,thompson,202,melville,7.103364372253418
4,thompson,202,wells,6.463401794433594
4,thompson,202,austen,6.48986291885376
4,thompson,202,fitzgerald,6.3523233731587725
4,thompson,202,twain,7.037765711545944
4,thompson,202,non_oz_baum,6.051541686058044
4,thompson,202,non_oz_thompson,6.282597303390503
4,thompson,202,contested,5.580207943916321
4,thompson,203,train,5.374948441982269
4,thompson,203,baum,5.817963123321533
4,thompson,203,thompson,6.006307125091553
4,thompson,203,dickens,6.808522577638979
4,thompson,203,melville,7.109056663513184
4,thompson,203,wells,6.463604807853699
4,thompson,203,austen,6.494913736979167
4,thompson,203,fitzgerald,6.346338748931885
4,thompson,203,twain,7.034729570150375
4,thompson,203,non_oz_baum,6.053377866744995
4,thompson,203,non_oz_thompson,6.281851291656494
4,thompson,203,contested,5.578194975852966
4,thompson,204,train,5.406965792179108
4,thompson,204,baum,5.809398293495178
4,thompson,204,thompson,5.998655319213867
4,thompson,204,dickens,6.797275666837339
4,thompson,204,melville,7.099334383010865
4,thompson,204,wells,6.455549120903015
4,thompson,204,austen,6.484483003616333
4,thompson,204,fitzgerald,6.341358343760173
4,thompson,204,twain,7.029921919107437
4,thompson,204,non_oz_baum,6.043476581573486
4,thompson,204,non_oz_thompson,6.276094436645508
4,thompson,204,contested,5.568028569221497
4,thompson,205,train,5.392706632614136
4,thompson,205,baum,5.813934803009033
4,thompson,205,thompson,5.998889446258545
4,thompson,205,dickens,6.807115413524486
4,thompson,205,melville,7.110938739776612
4,thompson,205,wells,6.463864088058472
4,thompson,205,austen,6.494234959284465
4,thompson,205,fitzgerald,6.34707514444987
4,thompson,205,twain,7.038921892642975
4,thompson,205,non_oz_baum,6.047070026397705
4,thompson,205,non_oz_thompson,6.28360915184021
4,thompson,205,contested,5.5673792362213135
4,thompson,206,train,5.373837888240814
4,thompson,206,baum,5.805359840393066
4,thompson,206,thompson,5.991951942443848
4,thompson,206,dickens,6.8008316534536855
4,thompson,206,melville,7.100643110275269
4,thompson,206,wells,6.457908391952515
4,thompson,206,austen,6.4841000239054365
4,thompson,206,fitzgerald,6.343250592549642
4,thompson,206,twain,7.0335482358932495
4,thompson,206,non_oz_baum,6.039034724235535
4,thompson,206,non_oz_thompson,6.275845766067505
4,thompson,206,contested,5.55989134311676
4,thompson,207,train,5.386922895908356
4,thompson,207,baum,5.803741216659546
4,thompson,207,thompson,5.990502238273621
4,thompson,207,dickens,6.804733488294813
4,thompson,207,melville,7.104815483093262
4,thompson,207,wells,6.453571200370789
4,thompson,207,austen,6.483992735544841
4,thompson,207,fitzgerald,6.337472120920817
4,thompson,207,twain,7.029259026050568
4,thompson,207,non_oz_baum,6.039671540260315
4,thompson,207,non_oz_thompson,6.272561073303223
4,thompson,207,contested,5.557667255401611
4,thompson,208,train,5.3410860896110535
4,thompson,208,baum,5.801777601242065
4,thompson,208,thompson,5.988354444503784
4,thompson,208,dickens,6.80393503330372
4,thompson,208,melville,7.113086557388305
4,thompson,208,wells,6.4590795040130615
4,thompson,208,austen,6.485990524291992
4,thompson,208,fitzgerald,6.340591510136922
4,thompson,208,twain,7.039092838764191
4,thompson,208,non_oz_baum,6.038040041923523
4,thompson,208,non_oz_thompson,6.272616386413574
4,thompson,208,contested,5.553816199302673
4,thompson,209,train,5.325623631477356
4,thompson,209,baum,5.793070077896118
4,thompson,209,thompson,5.980725407600403
4,thompson,209,dickens,6.794815275404188
4,thompson,209,melville,7.106054210662842
4,thompson,209,wells,6.452387094497681
4,thompson,209,austen,6.480811516443889
4,thompson,209,fitzgerald,6.331934928894043
4,thompson,209,twain,7.028118282556534
4,thompson,209,non_oz_baum,6.033941268920898
4,thompson,209,non_oz_thompson,6.267002820968628
4,thompson,209,contested,5.546506881713867
4,thompson,210,train,5.326611697673798
4,thompson,210,baum,5.790844202041626
4,thompson,210,thompson,5.977842450141907
4,thompson,210,dickens,6.79659057546545
4,thompson,210,melville,7.109473371505738
4,thompson,210,wells,6.454308390617371
4,thompson,210,austen,6.484349091847737
4,thompson,210,fitzgerald,6.331709225972493
4,thompson,210,twain,7.033147066831589
4,thompson,210,non_oz_baum,6.030424118041992
4,thompson,210,non_oz_thompson,6.264636278152466
4,thompson,210,contested,5.541592240333557
4,thompson,211,train,5.356179773807526
4,thompson,211,baum,5.791857481002808
4,thompson,211,thompson,5.975586175918579
4,thompson,211,dickens,6.802360976183856
4,thompson,211,melville,7.112967014312744
4,thompson,211,wells,6.457232117652893
4,thompson,211,austen,6.484742800394694
4,thompson,211,fitzgerald,6.333609978357951
4,thompson,211,twain,7.035476386547089
4,thompson,211,non_oz_baum,6.031819701194763
4,thompson,211,non_oz_thompson,6.268820524215698
4,thompson,211,contested,5.540279507637024
4,thompson,212,train,5.348971962928772
4,thompson,212,baum,5.785151600837708
4,thompson,212,thompson,5.967024445533752
4,thompson,212,dickens,6.797831888552065
4,thompson,212,melville,7.108454704284668
4,thompson,212,wells,6.4499428272247314
4,thompson,212,austen,6.476967175801595
4,thompson,212,fitzgerald,6.32761025428772
4,thompson,212,twain,7.030931413173676
4,thompson,212,non_oz_baum,6.0250502824783325
4,thompson,212,non_oz_thompson,6.2601964473724365
4,thompson,212,contested,5.533353567123413
4,thompson,213,train,5.343215823173523
4,thompson,213,baum,5.781827449798584
4,thompson,213,thompson,5.964274525642395
4,thompson,213,dickens,6.80105663228918
4,thompson,213,melville,7.10846095085144
4,thompson,213,wells,6.45009708404541
4,thompson,213,austen,6.479471683502197
4,thompson,213,fitzgerald,6.3257155418396
4,thompson,213,twain,7.02911651134491
4,thompson,213,non_oz_baum,6.0247063636779785
4,thompson,213,non_oz_thompson,6.261847734451294
4,thompson,213,contested,5.530230641365051
4,thompson,214,train,5.311198115348816
4,thompson,214,baum,5.774136781692505
4,thompson,214,thompson,5.960555911064148
4,thompson,214,dickens,6.790883205555104
4,thompson,214,melville,7.104032421112061
4,thompson,214,wells,6.4422926902771
4,thompson,214,austen,6.472981214523315
4,thompson,214,fitzgerald,6.320608695348104
4,thompson,214,twain,7.028541326522827
4,thompson,214,non_oz_baum,6.0158950090408325
4,thompson,214,non_oz_thompson,6.253448724746704
4,thompson,214,contested,5.519485712051392
4,thompson,215,train,5.327512085437775
4,thompson,215,baum,5.773600935935974
4,thompson,215,thompson,5.955507159233093
4,thompson,215,dickens,6.79340230094062
4,thompson,215,melville,7.108177566528321
4,thompson,215,wells,6.447251439094544
4,thompson,215,austen,6.478353818257649
4,thompson,215,fitzgerald,6.319743315378825
4,thompson,215,twain,7.029025882482529
4,thompson,215,non_oz_baum,6.018716096878052
4,thompson,215,non_oz_thompson,6.254340410232544
4,thompson,215,contested,5.519909739494324
4,thompson,216,train,5.332604467868805
4,thompson,216,baum,5.765789151191711
4,thompson,216,thompson,5.949865698814392
4,thompson,216,dickens,6.78229644563463
4,thompson,216,melville,7.105374145507812
4,thompson,216,wells,6.441256642341614
4,thompson,216,austen,6.468432744344075
4,thompson,216,fitzgerald,6.310135285059611
4,thompson,216,twain,7.023092597723007
4,thompson,216,non_oz_baum,6.012730240821838
4,thompson,216,non_oz_thompson,6.244257688522339
4,thompson,216,contested,5.512160658836365
4,thompson,217,train,5.303362846374512
4,thompson,217,baum,5.770139813423157
4,thompson,217,thompson,5.945776343345642
4,thompson,217,dickens,6.7966165719208895
4,thompson,217,melville,7.116118383407593
4,thompson,217,wells,6.446133852005005
4,thompson,217,austen,6.476020971934001
4,thompson,217,fitzgerald,6.31805435816447
4,thompson,217,twain,7.030422389507294
4,thompson,217,non_oz_baum,6.016394138336182
4,thompson,217,non_oz_thompson,6.250241756439209
4,thompson,217,contested,5.512315034866333
4,thompson,218,train,5.282833158969879
4,thompson,218,baum,5.765164971351624
4,thompson,218,thompson,5.943282246589661
4,thompson,218,dickens,6.784482178864656
4,thompson,218,melville,7.107997083663941
4,thompson,218,wells,6.44197690486908
4,thompson,218,austen,6.465273539225261
4,thompson,218,fitzgerald,6.316229820251465
4,thompson,218,twain,7.027860999107361
4,thompson,218,non_oz_baum,6.0078994035720825
4,thompson,218,non_oz_thompson,6.248846292495728
4,thompson,218,contested,5.505132675170898
4,thompson,219,train,5.297306180000305
4,thompson,219,baum,5.762207269668579
4,thompson,219,thompson,5.936009168624878
4,thompson,219,dickens,6.788755805404098
4,thompson,219,melville,7.102553129196167
4,thompson,219,wells,6.43792188167572
4,thompson,219,austen,6.466707070668538
4,thompson,219,fitzgerald,6.308836857477824
4,thompson,219,twain,7.0209826827049255
4,thompson,219,non_oz_baum,6.007113456726074
4,thompson,219,non_oz_thompson,6.246515989303589
4,thompson,219,contested,5.501987099647522
4,thompson,220,train,5.274431884288788
4,thompson,220,baum,5.754353404045105
4,thompson,220,thompson,5.929477572441101
4,thompson,220,dickens,6.776783378035934
4,thompson,220,melville,7.100645112991333
4,thompson,220,wells,6.432931661605835
4,thompson,220,austen,6.458022117614746
4,thompson,220,fitzgerald,6.306445042292277
4,thompson,220,twain,7.022142887115479
4,thompson,220,non_oz_baum,5.997443318367004
4,thompson,220,non_oz_thompson,6.239544153213501
4,thompson,220,contested,5.492224931716919
4,thompson,221,train,5.2895514369010925
4,thompson,221,baum,5.756346702575684
4,thompson,221,thompson,5.925729751586914
4,thompson,221,dickens,6.791999128129747
4,thompson,221,melville,7.107088851928711
4,thompson,221,wells,6.43771231174469
4,thompson,221,austen,6.46889050801595
4,thompson,221,fitzgerald,6.308332681655884
4,thompson,221,twain,7.021996438503265
4,thompson,221,non_oz_baum,6.004481315612793
4,thompson,221,non_oz_thompson,6.244231224060059
4,thompson,221,contested,5.4936363697052
4,thompson,222,train,5.270931303501129
4,thompson,222,baum,5.7518802881240845
4,thompson,222,thompson,5.92253041267395
4,thompson,222,dickens,6.782598000985605
4,thompson,222,melville,7.103336477279663
4,thompson,222,wells,6.434988498687744
4,thompson,222,austen,6.454795598983765
4,thompson,222,fitzgerald,6.3096983432769775
4,thompson,222,twain,7.027162432670593
4,thompson,222,non_oz_baum,5.994958281517029
4,thompson,222,non_oz_thompson,6.23386287689209
4,thompson,222,contested,5.484874248504639
4,thompson,223,train,5.291003227233887
4,thompson,223,baum,5.745643258094788
4,thompson,223,thompson,5.920581817626953
4,thompson,223,dickens,6.78205590777927
4,thompson,223,melville,7.100438213348388
4,thompson,223,wells,6.434806704521179
4,thompson,223,austen,6.461278359095256
4,thompson,223,fitzgerald,6.301717281341553
4,thompson,223,twain,7.01939782500267
4,thompson,223,non_oz_baum,5.995044231414795
4,thompson,223,non_oz_thompson,6.237467527389526
4,thompson,223,contested,5.482252478599548
4,thompson,224,train,5.252672433853149
4,thompson,224,baum,5.744454264640808
4,thompson,224,thompson,5.922476291656494
4,thompson,224,dickens,6.790189901987712
4,thompson,224,melville,7.113094997406006
4,thompson,224,wells,6.43653666973114
4,thompson,224,austen,6.463838736216228
4,thompson,224,fitzgerald,6.303770462671916
4,thompson,224,twain,7.027103036642075
4,thompson,224,non_oz_baum,5.994478702545166
4,thompson,224,non_oz_thompson,6.235504150390625
4,thompson,224,contested,5.479033946990967
4,thompson,225,train,5.278589606285095
4,thompson,225,baum,5.742994070053101
4,thompson,225,thompson,5.91155469417572
4,thompson,225,dickens,6.780941963195801
4,thompson,225,melville,7.099252891540528
4,thompson,225,wells,6.430421471595764
4,thompson,225,austen,6.455084323883057
4,thompson,225,fitzgerald,6.297711292902629
4,thompson,225,twain,7.01859837770462
4,thompson,225,non_oz_baum,5.991532444953919
4,thompson,225,non_oz_thompson,6.229899168014526
4,thompson,225,contested,5.473963379859924
4,thompson,226,train,5.253638803958893
4,thompson,226,baum,5.743261218070984
4,thompson,226,thompson,5.913969993591309
4,thompson,226,dickens,6.785424108858462
4,thompson,226,melville,7.112963914871216
4,thompson,226,wells,6.434660792350769
4,thompson,226,austen,6.463162422180176
4,thompson,226,fitzgerald,6.301906188329061
4,thompson,226,twain,7.02723503112793
4,thompson,226,non_oz_baum,5.992076516151428
4,thompson,226,non_oz_thompson,6.232593774795532
4,thompson,226,contested,5.472881078720093
4,thompson,227,train,5.252189993858337
4,thompson,227,baum,5.734143376350403
4,thompson,227,thompson,5.903092622756958
4,thompson,227,dickens,6.775265358112477
4,thompson,227,melville,7.09876651763916
4,thompson,227,wells,6.42833149433136
4,thompson,227,austen,6.451423803965251
4,thompson,227,fitzgerald,6.293425877888997
4,thompson,227,twain,7.019481420516968
4,thompson,227,non_oz_baum,5.984834790229797
4,thompson,227,non_oz_thompson,6.221292495727539
4,thompson,227,contested,5.462526082992554
4,thompson,228,train,5.213809549808502
4,thompson,228,baum,5.733944058418274
4,thompson,228,thompson,5.903559684753418
4,thompson,228,dickens,6.777902497185601
4,thompson,228,melville,7.102115726470947
4,thompson,228,wells,6.426754117012024
4,thompson,228,austen,6.452030658721924
4,thompson,228,fitzgerald,6.292761166890462
4,thompson,228,twain,7.0179599821567535
4,thompson,228,non_oz_baum,5.98515248298645
4,thompson,228,non_oz_thompson,6.2235612869262695
4,thompson,228,contested,5.461916446685791
4,thompson,229,train,5.217478632926941
4,thompson,229,baum,5.72796368598938
4,thompson,229,thompson,5.901456356048584
4,thompson,229,dickens,6.779398458975333
4,thompson,229,melville,7.104613018035889
4,thompson,229,wells,6.427454113960266
4,thompson,229,austen,6.453368743260701
4,thompson,229,fitzgerald,6.293168147404988
4,thompson,229,twain,7.020926773548126
4,thompson,229,non_oz_baum,5.9807963371276855
4,thompson,229,non_oz_thompson,6.220461130142212
4,thompson,229,contested,5.456683158874512
4,thompson,230,train,5.222417056560516
4,thompson,230,baum,5.728474140167236
4,thompson,230,thompson,5.897263526916504
4,thompson,230,dickens,6.774967264246057
4,thompson,230,melville,7.106858253479004
4,thompson,230,wells,6.428837895393372
4,thompson,230,austen,6.451001485188802
4,thompson,230,fitzgerald,6.29432209332784
4,thompson,230,twain,7.024815529584885
4,thompson,230,non_oz_baum,5.979204535484314
4,thompson,230,non_oz_thompson,6.220513582229614
4,thompson,230,contested,5.453152775764465
4,thompson,231,train,5.213916957378388
4,thompson,231,baum,5.729658842086792
4,thompson,231,thompson,5.896531939506531
4,thompson,231,dickens,6.783951953605369
4,thompson,231,melville,7.11367621421814
4,thompson,231,wells,6.432610630989075
4,thompson,231,austen,6.460445086161296
4,thompson,231,fitzgerald,6.291841586430867
4,thompson,231,twain,7.022884964942932
4,thompson,231,non_oz_baum,5.984948396682739
4,thompson,231,non_oz_thompson,6.221442699432373
4,thompson,231,contested,5.456470489501953
4,thompson,232,train,5.197483658790588
4,thompson,232,baum,5.723796248435974
4,thompson,232,thompson,5.892104864120483
4,thompson,232,dickens,6.776087248766864
4,thompson,232,melville,7.107838487625122
4,thompson,232,wells,6.424226999282837
4,thompson,232,austen,6.452762047449748
4,thompson,232,fitzgerald,6.286145607630412
4,thompson,232,twain,7.0176504254341125
4,thompson,232,non_oz_baum,5.977986931800842
4,thompson,232,non_oz_thompson,6.214103698730469
4,thompson,232,contested,5.448334217071533
4,thompson,233,train,5.245693981647492
4,thompson,233,baum,5.716286897659302
4,thompson,233,thompson,5.886704564094544
4,thompson,233,dickens,6.764958028440122
4,thompson,233,melville,7.102162647247314
4,thompson,233,wells,6.41952395439148
4,thompson,233,austen,6.443739652633667
4,thompson,233,fitzgerald,6.280779759089152
4,thompson,233,twain,7.014903336763382
4,thompson,233,non_oz_baum,5.971702456474304
4,thompson,233,non_oz_thompson,6.207671880722046
4,thompson,233,contested,5.439533233642578
4,thompson,234,train,5.203676402568817
4,thompson,234,baum,5.716062426567078
4,thompson,234,thompson,5.882962703704834
4,thompson,234,dickens,6.767735622547291
4,thompson,234,melville,7.105078458786011
4,thompson,234,wells,6.423196315765381
4,thompson,234,austen,6.444856882095337
4,thompson,234,fitzgerald,6.287413597106934
4,thompson,234,twain,7.019140034914017
4,thompson,234,non_oz_baum,5.969481587409973
4,thompson,234,non_oz_thompson,6.210967063903809
4,thompson,234,contested,5.43639612197876
4,thompson,235,train,5.236938953399658
4,thompson,235,baum,5.716342926025391
4,thompson,235,thompson,5.8770811557769775
4,thompson,235,dickens,6.767372166668928
4,thompson,235,melville,7.103041648864746
4,thompson,235,wells,6.421972393989563
4,thompson,235,austen,6.445411443710327
4,thompson,235,fitzgerald,6.286591211954753
4,thompson,235,twain,7.018682360649109
4,thompson,235,non_oz_baum,5.96951687335968
4,thompson,235,non_oz_thompson,6.209249019622803
4,thompson,235,contested,5.43472683429718
4,thompson,236,train,5.220236420631409
4,thompson,236,baum,5.708818674087524
4,thompson,236,thompson,5.868737459182739
4,thompson,236,dickens,6.763263172573513
4,thompson,236,melville,7.103321695327759
4,thompson,236,wells,6.42110550403595
4,thompson,236,austen,6.445441087086995
4,thompson,236,fitzgerald,6.276480515797933
4,thompson,236,twain,7.012829303741455
4,thompson,236,non_oz_baum,5.966496229171753
4,thompson,236,non_oz_thompson,6.203769683837891
4,thompson,236,contested,5.431248545646668
4,thompson,237,train,5.184134483337402
4,thompson,237,baum,5.708090901374817
4,thompson,237,thompson,5.86685311794281
4,thompson,237,dickens,6.768702100824426
4,thompson,237,melville,7.106529569625854
4,thompson,237,wells,6.418045163154602
4,thompson,237,austen,6.448802391688029
4,thompson,237,fitzgerald,6.274452209472656
4,thompson,237,twain,7.011829435825348
4,thompson,237,non_oz_baum,5.969175457954407
4,thompson,237,non_oz_thompson,6.204021692276001
4,thompson,237,contested,5.427599549293518
4,thompson,238,train,5.173666894435883
4,thompson,238,baum,5.707869410514832
4,thompson,238,thompson,5.866201996803284
4,thompson,238,dickens,6.76719547201086
4,thompson,238,melville,7.115947198867798
4,thompson,238,wells,6.4234678745269775
4,thompson,238,austen,6.446331183115642
4,thompson,238,fitzgerald,6.2826911608378095
4,thompson,238,twain,7.024646669626236
4,thompson,238,non_oz_baum,5.964429140090942
4,thompson,238,non_oz_thompson,6.207549571990967
4,thompson,238,contested,5.423145174980164
4,thompson,239,train,5.18055659532547
4,thompson,239,baum,5.710243105888367
4,thompson,239,thompson,5.862532496452332
4,thompson,239,dickens,6.761598692999946
4,thompson,239,melville,7.113072919845581
4,thompson,239,wells,6.42552661895752
4,thompson,239,austen,6.44619083404541
4,thompson,239,fitzgerald,6.283164580663045
4,thompson,239,twain,7.025750368833542
4,thompson,239,non_oz_baum,5.964446544647217
4,thompson,239,non_oz_thompson,6.207226514816284
4,thompson,239,contested,5.419860363006592
4,thompson,240,train,5.172572553157806
4,thompson,240,baum,5.700976252555847
4,thompson,240,thompson,5.855678081512451
4,thompson,240,dickens,6.7585992636504
4,thompson,240,melville,7.10966010093689
4,thompson,240,wells,6.417962670326233
4,thompson,240,austen,6.4388547738393145
4,thompson,240,fitzgerald,6.276009162267049
4,thompson,240,twain,7.018378555774689
4,thompson,240,non_oz_baum,5.956497550010681
4,thompson,240,non_oz_thompson,6.198787689208984
4,thompson,240,contested,5.41487181186676
4,thompson,241,train,5.171703517436981
4,thompson,241,baum,5.703503727912903
4,thompson,241,thompson,5.8559263944625854
4,thompson,241,dickens,6.764448448463723
4,thompson,241,melville,7.110589838027954
4,thompson,241,wells,6.418146729469299
4,thompson,241,austen,6.439180453618367
4,thompson,241,fitzgerald,6.2766555945078535
4,thompson,241,twain,7.017012238502502
4,thompson,241,non_oz_baum,5.95962119102478
4,thompson,241,non_oz_thompson,6.201017618179321
4,thompson,241,contested,5.41647219657898
4,thompson,242,train,5.136542439460754
4,thompson,242,baum,5.699585318565369
4,thompson,242,thompson,5.856298446655273
4,thompson,242,dickens,6.7737914191352
4,thompson,242,melville,7.115231370925903
4,thompson,242,wells,6.417911052703857
4,thompson,242,austen,6.441044648488362
4,thompson,242,fitzgerald,6.2750020027160645
4,thompson,242,twain,7.020123422145844
4,thompson,242,non_oz_baum,5.956326842308044
4,thompson,242,non_oz_thompson,6.199202299118042
4,thompson,242,contested,5.409594535827637
4,thompson,243,train,5.156186640262604
4,thompson,243,baum,5.691184043884277
4,thompson,243,thompson,5.85171377658844
4,thompson,243,dickens,6.7700470111988205
4,thompson,243,melville,7.115051889419556
4,thompson,243,wells,6.4143054485321045
4,thompson,243,austen,6.443087100982666
4,thompson,243,fitzgerald,6.269162734349568
4,thompson,243,twain,7.017077833414078
4,thompson,243,non_oz_baum,5.954556465148926
4,thompson,243,non_oz_thompson,6.191343069076538
4,thompson,243,contested,5.405616998672485
4,thompson,244,train,5.1389511823654175
4,thompson,244,baum,5.691163182258606
4,thompson,244,thompson,5.848545074462891
4,thompson,244,dickens,6.769339932335748
4,thompson,244,melville,7.118523359298706
4,thompson,244,wells,6.415728569030762
4,thompson,244,austen,6.439860184987386
4,thompson,244,fitzgerald,6.271215836207072
4,thompson,244,twain,7.019359320402145
4,thompson,244,non_oz_baum,5.952153444290161
4,thompson,244,non_oz_thompson,6.192443370819092
4,thompson,244,contested,5.404648184776306
4,thompson,245,train,5.141665101051331
4,thompson,245,baum,5.68755030632019
4,thompson,245,thompson,5.848983407020569
4,thompson,245,dickens,6.770586561273645
4,thompson,245,melville,7.114762926101685
4,thompson,245,wells,6.414968848228455
4,thompson,245,austen,6.442155281702678
4,thompson,245,fitzgerald,6.266847928365071
4,thompson,245,twain,7.015688955783844
4,thompson,245,non_oz_baum,5.953985810279846
4,thompson,245,non_oz_thompson,6.190746307373047
4,thompson,245,contested,5.401018142700195
4,thompson,246,train,5.142448961734772
4,thompson,246,baum,5.684449791908264
4,thompson,246,thompson,5.845675349235535
4,thompson,246,dickens,6.774404631720649
4,thompson,246,melville,7.120430183410645
4,thompson,246,wells,6.416309237480164
4,thompson,246,austen,6.44274393717448
4,thompson,246,fitzgerald,6.271528402964274
4,thompson,246,twain,7.020110845565796
4,thompson,246,non_oz_baum,5.951321959495544
4,thompson,246,non_oz_thompson,6.191205263137817
4,thompson,246,contested,5.399014592170715
4,thompson,247,train,5.12897402048111
4,thompson,247,baum,5.6877148151397705
4,thompson,247,thompson,5.839800357818604
4,thompson,247,dickens,6.76752828668665
4,thompson,247,melville,7.110931873321533
4,thompson,247,wells,6.414324045181274
4,thompson,247,austen,6.439818302790324
4,thompson,247,fitzgerald,6.267103513081868
4,thompson,247,twain,7.01417338848114
4,thompson,247,non_oz_baum,5.950608491897583
4,thompson,247,non_oz_thompson,6.1917564868927
4,thompson,247,contested,5.398100018501282
4,thompson,248,train,5.109874904155731
4,thompson,248,baum,5.688948273658752
4,thompson,248,thompson,5.84015703201294
4,thompson,248,dickens,6.7768434241965965
4,thompson,248,melville,7.123828935623169
4,thompson,248,wells,6.4243375062942505
4,thompson,248,austen,6.447984615961711
4,thompson,248,fitzgerald,6.271037975947063
4,thompson,248,twain,7.0243721306324005
4,thompson,248,non_oz_baum,5.953759670257568
4,thompson,248,non_oz_thompson,6.19395112991333
4,thompson,248,contested,5.398440361022949
4,thompson,249,train,5.090247690677643
4,thompson,249,baum,5.681091070175171
4,thompson,249,thompson,5.831699848175049
4,thompson,249,dickens,6.766722467210558
4,thompson,249,melville,7.114256477355957
4,thompson,249,wells,6.415855765342712
4,thompson,249,austen,6.43611216545105
4,thompson,249,fitzgerald,6.268067836761475
4,thompson,249,twain,7.019827842712402
4,thompson,249,non_oz_baum,5.942749381065369
4,thompson,249,non_oz_thompson,6.185840845108032
4,thompson,249,contested,5.388039946556091
4,thompson,250,train,5.127783179283142
4,thompson,250,baum,5.681225657463074
4,thompson,250,thompson,5.82915985584259
4,thompson,250,dickens,6.768390196341056
4,thompson,250,melville,7.114670515060425
4,thompson,250,wells,6.415681481361389
4,thompson,250,austen,6.436702807744344
4,thompson,250,fitzgerald,6.266462087631226
4,thompson,250,twain,7.018849700689316
4,thompson,250,non_oz_baum,5.945032835006714
4,thompson,250,non_oz_thompson,6.184740543365479
4,thompson,250,contested,5.385807633399963
4,thompson,251,train,5.104623377323151
4,thompson,251,baum,5.675530672073364
4,thompson,251,thompson,5.827478885650635
4,thompson,251,dickens,6.768052277741609
4,thompson,251,melville,7.116980314254761
4,thompson,251,wells,6.413839221000671
4,thompson,251,austen,6.437597036361694
4,thompson,251,fitzgerald,6.260929266611735
4,thompson,251,twain,7.01496684551239
4,thompson,251,non_oz_baum,5.942625999450684
4,thompson,251,non_oz_thompson,6.184513330459595
4,thompson,251,contested,5.3820507526397705
4,thompson,252,train,5.098724901676178
4,thompson,252,baum,5.67408287525177
4,thompson,252,thompson,5.826277852058411
4,thompson,252,dickens,6.764090008205837
4,thompson,252,melville,7.118371057510376
4,thompson,252,wells,6.413441300392151
4,thompson,252,austen,6.437529802322388
4,thompson,252,fitzgerald,6.262386878331502
4,thompson,252,twain,7.0201961398124695
4,thompson,252,non_oz_baum,5.941433191299439
4,thompson,252,non_oz_thompson,6.183872699737549
4,thompson,252,contested,5.378718972206116
4,thompson,253,train,5.082475125789642
4,thompson,253,baum,5.673812508583069
4,thompson,253,thompson,5.828966498374939
4,thompson,253,dickens,6.764568399499964
4,thompson,253,melville,7.117687606811524
4,thompson,253,wells,6.412834167480469
4,thompson,253,austen,6.436379035313924
4,thompson,253,fitzgerald,6.262001434961955
4,thompson,253,twain,7.020845949649811
4,thompson,253,non_oz_baum,5.939957618713379
4,thompson,253,non_oz_thompson,6.18423318862915
4,thompson,253,contested,5.37799882888794
4,thompson,254,train,5.080058813095093
4,thompson,254,baum,5.672440528869629
4,thompson,254,thompson,5.822204232215881
4,thompson,254,dickens,6.765772183736165
4,thompson,254,melville,7.119510841369629
4,thompson,254,wells,6.415298938751221
4,thompson,254,austen,6.436975399653117
4,thompson,254,fitzgerald,6.266490538914998
4,thompson,254,twain,7.024908006191254
4,thompson,254,non_oz_baum,5.937751173973084
4,thompson,254,non_oz_thompson,6.184311628341675
4,thompson,254,contested,5.374677419662476
4,thompson,255,train,5.072863757610321
4,thompson,255,baum,5.664206147193909
4,thompson,255,thompson,5.81804347038269
4,thompson,255,dickens,6.75982466450444
4,thompson,255,melville,7.116225814819336
4,thompson,255,wells,6.406290173530579
4,thompson,255,austen,6.426969448725383
4,thompson,255,fitzgerald,6.2567981878916425
4,thompson,255,twain,7.019230455160141
4,thompson,255,non_oz_baum,5.931930065155029
4,thompson,255,non_oz_thompson,6.174046993255615
4,thompson,255,contested,5.367192983627319
4,thompson,256,train,5.078871726989746
4,thompson,256,baum,5.665619134902954
4,thompson,256,thompson,5.816568851470947
4,thompson,256,dickens,6.759538191336173
4,thompson,256,melville,7.115193319320679
4,thompson,256,wells,6.409422993659973
4,thompson,256,austen,6.432182788848877
4,thompson,256,fitzgerald,6.25680152575175
4,thompson,256,twain,7.014436960220337
4,thompson,256,non_oz_baum,5.934759140014648
4,thompson,256,non_oz_thompson,6.178717374801636
4,thompson,256,contested,5.369343519210815
4,thompson,257,train,5.082346975803375
4,thompson,257,baum,5.661768436431885
4,thompson,257,thompson,5.812087416648865
4,thompson,257,dickens,6.765654934777154
4,thompson,257,melville,7.12009301185608
4,thompson,257,wells,6.40826690196991
4,thompson,257,austen,6.433965603510539
4,thompson,257,fitzgerald,6.256640116373698
4,thompson,257,twain,7.017351031303406
4,thompson,257,non_oz_baum,5.932921051979065
4,thompson,257,non_oz_thompson,6.174857139587402
4,thompson,257,contested,5.36419141292572
4,thompson,258,train,5.097965478897095
4,thompson,258,baum,5.658719539642334
4,thompson,258,thompson,5.807631731033325
4,thompson,258,dickens,6.763523737589519
4,thompson,258,melville,7.1245983123779295
4,thompson,258,wells,6.411543011665344
4,thompson,258,austen,6.439348618189494
4,thompson,258,fitzgerald,6.255147775014241
4,thompson,258,twain,7.020313799381256
4,thompson,258,non_oz_baum,5.933899641036987
4,thompson,258,non_oz_thompson,6.171967506408691
4,thompson,258,contested,5.361070871353149
4,thompson,259,train,5.081816613674164
4,thompson,259,baum,5.657364130020142
4,thompson,259,thompson,5.800708293914795
4,thompson,259,dickens,6.755649107473868
4,thompson,259,melville,7.113807249069214
4,thompson,259,wells,6.406967401504517
4,thompson,259,austen,6.427549362182617
4,thompson,259,fitzgerald,6.252359549204509
4,thompson,259,twain,7.013697117567062
4,thompson,259,non_oz_baum,5.929437637329102
4,thompson,259,non_oz_thompson,6.169432878494263
4,thompson,259,contested,5.357180833816528
4,thompson,260,train,5.070951282978058
4,thompson,260,baum,5.656310200691223
4,thompson,260,thompson,5.798291444778442
4,thompson,260,dickens,6.765736509252478
4,thompson,260,melville,7.123264169692993
4,thompson,260,wells,6.405137896537781
4,thompson,260,austen,6.431946754455566
4,thompson,260,fitzgerald,6.253748734792073
4,thompson,260,twain,7.015085875988007
4,thompson,260,non_oz_baum,5.929569363594055
4,thompson,260,non_oz_thompson,6.171087980270386
4,thompson,260,contested,5.359053015708923
4,thompson,261,train,5.076051831245422
4,thompson,261,baum,5.656067252159119
4,thompson,261,thompson,5.796204566955566
4,thompson,261,dickens,6.753955752761276
4,thompson,261,melville,7.116493082046508
4,thompson,261,wells,6.406313300132752
4,thompson,261,austen,6.4262808958689375
4,thompson,261,fitzgerald,6.250577052434285
4,thompson,261,twain,7.012304961681366
4,thompson,261,non_oz_baum,5.927981019020081
4,thompson,261,non_oz_thompson,6.167587757110596
4,thompson,261,contested,5.35363245010376
4,thompson,262,train,5.055461227893829
4,thompson,262,baum,5.654557228088379
4,thompson,262,thompson,5.795305132865906
4,thompson,262,dickens,6.750309643922029
4,thompson,262,melville,7.117882061004639
4,thompson,262,wells,6.409782886505127
4,thompson,262,austen,6.430685997009277
4,thompson,262,fitzgerald,6.251755396525065
4,thompson,262,twain,7.015760689973831
4,thompson,262,non_oz_baum,5.927697062492371
4,thompson,262,non_oz_thompson,6.166312217712402
4,thompson,262,contested,5.353423118591309
4,thompson,263,train,5.025055348873138
4,thompson,263,baum,5.648481726646423
4,thompson,263,thompson,5.789770126342773
4,thompson,263,dickens,6.754376905935782
4,thompson,263,melville,7.120280122756958
4,thompson,263,wells,6.403731822967529
4,thompson,263,austen,6.425323724746704
4,thompson,263,fitzgerald,6.246054172515869
4,thompson,263,twain,7.01447793841362
4,thompson,263,non_oz_baum,5.924309849739075
4,thompson,263,non_oz_thompson,6.164929866790772
4,thompson,263,contested,5.348419189453125
4,thompson,264,train,5.043968141078949
4,thompson,264,baum,5.6492791175842285
4,thompson,264,thompson,5.784767866134644
4,thompson,264,dickens,6.751865598890516
4,thompson,264,melville,7.126047086715698
4,thompson,264,wells,6.40496826171875
4,thompson,264,austen,6.42785398165385
4,thompson,264,fitzgerald,6.248877922693889
4,thompson,264,twain,7.021553039550781
4,thompson,264,non_oz_baum,5.922611117362976
4,thompson,264,non_oz_thompson,6.162749767303467
4,thompson,264,contested,5.344775199890137
4,thompson,265,train,5.029874324798584
4,thompson,265,baum,5.646041393280029
4,thompson,265,thompson,5.784883737564087
4,thompson,265,dickens,6.7603475782606335
4,thompson,265,melville,7.126196002960205
4,thompson,265,wells,6.407268762588501
4,thompson,265,austen,6.432311773300171
4,thompson,265,fitzgerald,6.247285763422648
4,thompson,265,twain,7.018408000469208
4,thompson,265,non_oz_baum,5.922572731971741
4,thompson,265,non_oz_thompson,6.164778232574463
4,thompson,265,contested,5.343618631362915
4,thompson,266,train,5.041463553905487
4,thompson,266,baum,5.644188761711121
4,thompson,266,thompson,5.780526041984558
4,thompson,266,dickens,6.755425594471119
4,thompson,266,melville,7.126228713989258
4,thompson,266,wells,6.406980872154236
4,thompson,266,austen,6.429675817489624
4,thompson,266,fitzgerald,6.249239683151245
4,thompson,266,twain,7.018096178770065
4,thompson,266,non_oz_baum,5.921505928039551
4,thompson,266,non_oz_thompson,6.163821220397949
4,thompson,266,contested,5.340627670288086
4,thompson,267,train,5.037079691886902
4,thompson,267,baum,5.6435593366622925
4,thompson,267,thompson,5.778833508491516
4,thompson,267,dickens,6.75696576083148
4,thompson,267,melville,7.126144313812256
4,thompson,267,wells,6.40764307975769
4,thompson,267,austen,6.429511547088623
4,thompson,267,fitzgerald,6.247308413187663
4,thompson,267,twain,7.018053025007248
4,thompson,267,non_oz_baum,5.920235633850098
4,thompson,267,non_oz_thompson,6.164514780044556
4,thompson,267,contested,5.339265704154968
4,thompson,268,train,5.039524674415588
4,thompson,268,baum,5.642151117324829
4,thompson,268,thompson,5.774996995925903
4,thompson,268,dickens,6.758179346720378
4,thompson,268,melville,7.132483196258545
4,thompson,268,wells,6.408339619636536
4,thompson,268,austen,6.430952231089274
4,thompson,268,fitzgerald,6.245453675587972
4,thompson,268,twain,7.020848304033279
4,thompson,268,non_oz_baum,5.92088258266449
4,thompson,268,non_oz_thompson,6.1611175537109375
4,thompson,268,contested,5.335899472236633
4,thompson,269,train,4.9979331493377686
4,thompson,269,baum,5.650131106376648
4,thompson,269,thompson,5.776994705200195
4,thompson,269,dickens,6.775824334886339
4,thompson,269,melville,7.146042823791504
4,thompson,269,wells,6.416942596435547
4,thompson,269,austen,6.447790781656901
4,thompson,269,fitzgerald,6.251116116841634
4,thompson,269,twain,7.026978820562363
4,thompson,269,non_oz_baum,5.9325748682022095
4,thompson,269,non_oz_thompson,6.172975778579712
4,thompson,269,contested,5.342003226280212
4,thompson,270,train,5.032120883464813
4,thompson,270,baum,5.633905649185181
4,thompson,270,thompson,5.763026833534241
4,thompson,270,dickens,6.749543490233244
4,thompson,270,melville,7.117472791671753
4,thompson,270,wells,6.39785623550415
4,thompson,270,austen,6.419111808141072
4,thompson,270,fitzgerald,6.240042448043823
4,thompson,270,twain,7.012741446495056
4,thompson,270,non_oz_baum,5.910871386528015
4,thompson,270,non_oz_thompson,6.154633522033691
4,thompson,270,contested,5.327876210212708
4,thompson,271,train,5.023397326469421
4,thompson,271,baum,5.63649845123291
4,thompson,271,thompson,5.7613606452941895
4,thompson,271,dickens,6.752315768489131
4,thompson,271,melville,7.123431873321533
4,thompson,271,wells,6.402460098266602
4,thompson,271,austen,6.42548664410909
4,thompson,271,fitzgerald,6.241633415222168
4,thompson,271,twain,7.013508319854736
4,thompson,271,non_oz_baum,5.9150097370147705
4,thompson,271,non_oz_thompson,6.157971143722534
4,thompson,271,contested,5.328622221946716
4,thompson,272,train,5.005239009857178
4,thompson,272,baum,5.63676130771637
4,thompson,272,thompson,5.761863589286804
4,thompson,272,dickens,6.757905995404279
4,thompson,272,melville,7.12709412574768
4,thompson,272,wells,6.40565299987793
4,thompson,272,austen,6.427801609039307
4,thompson,272,fitzgerald,6.243951400121053
4,thompson,272,twain,7.018683701753616
4,thompson,272,non_oz_baum,5.9161494970321655
4,thompson,272,non_oz_thompson,6.161396741867065
4,thompson,272,contested,5.328447222709656
4,thompson,273,train,5.003699243068695
4,thompson,273,baum,5.637980818748474
4,thompson,273,thompson,5.759183645248413
4,thompson,273,dickens,6.7577423872771085
4,thompson,273,melville,7.128957986831665
4,thompson,273,wells,6.404267311096191
4,thompson,273,austen,6.425674041112264
4,thompson,273,fitzgerald,6.245608409245809
4,thompson,273,twain,7.02358090877533
4,thompson,273,non_oz_baum,5.911754846572876
4,thompson,273,non_oz_thompson,6.1611974239349365
4,thompson,273,contested,5.3249324560165405
4,thompson,274,train,4.991846144199371
4,thompson,274,baum,5.632083773612976
4,thompson,274,thompson,5.754586458206177
4,thompson,274,dickens,6.754343138800727
4,thompson,274,melville,7.1254833221435545
4,thompson,274,wells,6.399285793304443
4,thompson,274,austen,6.426196495691936
4,thompson,274,fitzgerald,6.240753889083862
4,thompson,274,twain,7.017573297023773
4,thompson,274,non_oz_baum,5.909910559654236
4,thompson,274,non_oz_thompson,6.155338287353516
4,thompson,274,contested,5.320065021514893
4,thompson,275,train,5.0153287053108215
4,thompson,275,baum,5.631360769271851
4,thompson,275,thompson,5.750124573707581
4,thompson,275,dickens,6.765198954829463
4,thompson,275,melville,7.129641819000244
4,thompson,275,wells,6.399718999862671
4,thompson,275,austen,6.428630828857422
4,thompson,275,fitzgerald,6.238888184229533
4,thompson,275,twain,7.014190971851349
4,thompson,275,non_oz_baum,5.911475896835327
4,thompson,275,non_oz_thompson,6.155986785888672
4,thompson,275,contested,5.320295095443726
4,thompson,276,train,5.0060009360313416
4,thompson,276,baum,5.628440737724304
4,thompson,276,thompson,5.749213337898254
4,thompson,276,dickens,6.761181107273808
4,thompson,276,melville,7.131919908523559
4,thompson,276,wells,6.397445321083069
4,thompson,276,austen,6.425588687260945
4,thompson,276,fitzgerald,6.24093492825826
4,thompson,276,twain,7.016944080591202
4,thompson,276,non_oz_baum,5.904472708702087
4,thompson,276,non_oz_thompson,6.15166974067688
4,thompson,276,contested,5.3142006397247314
4,thompson,277,train,4.9768306612968445
4,thompson,277,baum,5.629144906997681
4,thompson,277,thompson,5.745848059654236
4,thompson,277,dickens,6.76900808899491
4,thompson,277,melville,7.137909030914306
4,thompson,277,wells,6.399271845817566
4,thompson,277,austen,6.430604775746663
4,thompson,277,fitzgerald,6.237892866134644
4,thompson,277,twain,7.015018373727799
4,thompson,277,non_oz_baum,5.910516262054443
4,thompson,277,non_oz_thompson,6.154121398925781
4,thompson,277,contested,5.317621469497681
4,thompson,278,train,4.979941368103027
4,thompson,278,baum,5.628350257873535
4,thompson,278,thompson,5.744513034820557
4,thompson,278,dickens,6.773130275585033
4,thompson,278,melville,7.144078111648559
4,thompson,278,wells,6.409127950668335
4,thompson,278,austen,6.434175093968709
4,thompson,278,fitzgerald,6.2434195677439375
4,thompson,278,twain,7.025625824928284
4,thompson,278,non_oz_baum,5.90803337097168
4,thompson,278,non_oz_thompson,6.154332399368286
4,thompson,278,contested,5.312678694725037
4,thompson,279,train,4.988369882106781
4,thompson,279,baum,5.619943618774414
4,thompson,279,thompson,5.7380512952804565
4,thompson,279,dickens,6.763171231305158
4,thompson,279,melville,7.132057189941406
4,thompson,279,wells,6.395134091377258
4,thompson,279,austen,6.419349829355876
4,thompson,279,fitzgerald,6.231157620747884
4,thompson,279,twain,7.01038384437561
4,thompson,279,non_oz_baum,5.904218435287476
4,thompson,279,non_oz_thompson,6.145848274230957
4,thompson,279,contested,5.307267665863037
4,thompson,280,train,4.93185031414032
4,thompson,280,baum,5.623789548873901
4,thompson,280,thompson,5.741231560707092
4,thompson,280,dickens,6.760645583823875
4,thompson,280,melville,7.131854248046875
4,thompson,280,wells,6.398938536643982
4,thompson,280,austen,6.423815647761027
4,thompson,280,fitzgerald,6.234263817469279
4,thompson,280,twain,7.0157440304756165
4,thompson,280,non_oz_baum,5.903339147567749
4,thompson,280,non_oz_thompson,6.149686336517334
4,thompson,280,contested,5.307653784751892
4,thompson,281,train,4.984423339366913
4,thompson,281,baum,5.626770734786987
4,thompson,281,thompson,5.737075686454773
4,thompson,281,dickens,6.773742940690783
4,thompson,281,melville,7.136253309249878
4,thompson,281,wells,6.405025601387024
4,thompson,281,austen,6.434128443400065
4,thompson,281,fitzgerald,6.237392822901408
4,thompson,281,twain,7.017288386821747
4,thompson,281,non_oz_baum,5.91142475605011
4,thompson,281,non_oz_thompson,6.155966520309448
4,thompson,281,contested,5.3097453117370605
4,thompson,282,train,4.945505142211914
4,thompson,282,baum,5.620570063591003
4,thompson,282,thompson,5.737228631973267
4,thompson,282,dickens,6.765571894469084
4,thompson,282,melville,7.135583019256591
4,thompson,282,wells,6.401334762573242
4,thompson,282,austen,6.424136559168498
4,thompson,282,fitzgerald,6.235310633977254
4,thompson,282,twain,7.022139370441437
4,thompson,282,non_oz_baum,5.902195572853088
4,thompson,282,non_oz_thompson,6.146981239318848
4,thompson,282,contested,5.301108479499817
4,thompson,283,train,4.965068459510803
4,thompson,283,baum,5.625037908554077
4,thompson,283,thompson,5.736283898353577
4,thompson,283,dickens,6.760359092994973
4,thompson,283,melville,7.141325569152832
4,thompson,283,wells,6.405627131462097
4,thompson,283,austen,6.4284718831380205
4,thompson,283,fitzgerald,6.242176135381063
4,thompson,283,twain,7.030016273260117
4,thompson,283,non_oz_baum,5.904263854026794
4,thompson,283,non_oz_thompson,6.150434732437134
4,thompson,283,contested,5.3034210205078125
4,thompson,284,train,4.96156245470047
4,thompson,284,baum,5.623614549636841
4,thompson,284,thompson,5.7296799421310425
4,thompson,284,dickens,6.760375164173268
4,thompson,284,melville,7.138006639480591
4,thompson,284,wells,6.401374578475952
4,thompson,284,austen,6.428778727849324
4,thompson,284,fitzgerald,6.235755840937297
4,thompson,284,twain,7.022026628255844
4,thompson,284,non_oz_baum,5.906114935874939
4,thompson,284,non_oz_thompson,6.148061275482178
4,thompson,284,contested,5.302180051803589
4,thompson,285,train,4.946394443511963
4,thompson,285,baum,5.619624376296997
4,thompson,285,thompson,5.728834271430969
4,thompson,285,dickens,6.766439614472566
4,thompson,285,melville,7.145357990264893
4,thompson,285,wells,6.401114940643311
4,thompson,285,austen,6.423839410146077
4,thompson,285,fitzgerald,6.242172479629517
4,thompson,285,twain,7.030167371034622
4,thompson,285,non_oz_baum,5.900412201881409
4,thompson,285,non_oz_thompson,6.148225545883179
4,thompson,285,contested,5.298987627029419
4,thompson,286,train,4.9477158188819885
4,thompson,286,baum,5.615892767906189
4,thompson,286,thompson,5.7243040800094604
4,thompson,286,dickens,6.7631013128492565
4,thompson,286,melville,7.136944341659546
4,thompson,286,wells,6.398048520088196
4,thompson,286,austen,6.42300009727478
4,thompson,286,fitzgerald,6.234258969624837
4,thompson,286,twain,7.022942841053009
4,thompson,286,non_oz_baum,5.89958393573761
4,thompson,286,non_oz_thompson,6.146203279495239
4,thompson,286,contested,5.292611002922058
4,thompson,287,train,4.927411079406738
4,thompson,287,baum,5.612187147140503
4,thompson,287,thompson,5.721961498260498
4,thompson,287,dickens,6.764359721431026
4,thompson,287,melville,7.141945028305054
4,thompson,287,wells,6.399652361869812
4,thompson,287,austen,6.425493081410726
4,thompson,287,fitzgerald,6.232510089874268
4,thompson,287,twain,7.02289479970932
4,thompson,287,non_oz_baum,5.899077892303467
4,thompson,287,non_oz_thompson,6.141293525695801
4,thompson,287,contested,5.292272567749023
4,thompson,288,train,4.944431185722351
4,thompson,288,baum,5.610099673271179
4,thompson,288,thompson,5.71957278251648
4,thompson,288,dickens,6.76706435945299
4,thompson,288,melville,7.142484331130982
4,thompson,288,wells,6.401574015617371
4,thompson,288,austen,6.424505392710368
4,thompson,288,fitzgerald,6.231099764506022
4,thompson,288,twain,7.01884400844574
4,thompson,288,non_oz_baum,5.898159980773926
4,thompson,288,non_oz_thompson,6.143245458602905
4,thompson,288,contested,5.290616512298584
4,thompson,289,train,4.9383891224861145
4,thompson,289,baum,5.613360285758972
4,thompson,289,thompson,5.721177101135254
4,thompson,289,dickens,6.769138954303883
4,thompson,289,melville,7.152301454544068
4,thompson,289,wells,6.402683258056641
4,thompson,289,austen,6.430986881256104
4,thompson,289,fitzgerald,6.237990458806356
4,thompson,289,twain,7.029550582170487
4,thompson,289,non_oz_baum,5.900044918060303
4,thompson,289,non_oz_thompson,6.145741701126099
4,thompson,289,contested,5.290384292602539
4,thompson,290,train,4.920704305171967
4,thompson,290,baum,5.608136534690857
4,thompson,290,thompson,5.715329885482788
4,thompson,290,dickens,6.759013264267533
4,thompson,290,melville,7.139702177047729
4,thompson,290,wells,6.396958470344544
4,thompson,290,austen,6.418304602305095
4,thompson,290,fitzgerald,6.228874047597249
4,thompson,290,twain,7.020759016275406
4,thompson,290,non_oz_baum,5.891874313354492
4,thompson,290,non_oz_thompson,6.138186931610107
4,thompson,290,contested,5.284409761428833
4,thompson,291,train,4.937443017959595
4,thompson,291,baum,5.607259035110474
4,thompson,291,thompson,5.713007092475891
4,thompson,291,dickens,6.761777242024739
4,thompson,291,melville,7.136473274230957
4,thompson,291,wells,6.399665355682373
4,thompson,291,austen,6.421804984410604
4,thompson,291,fitzgerald,6.229043006896973
4,thompson,291,twain,7.019833266735077
4,thompson,291,non_oz_baum,5.894344329833984
4,thompson,291,non_oz_thompson,6.139587640762329
4,thompson,291,contested,5.286181211471558
4,thompson,292,train,4.920310616493225
4,thompson,292,baum,5.602360963821411
4,thompson,292,thompson,5.711531400680542
4,thompson,292,dickens,6.761135825404415
4,thompson,292,melville,7.136007070541382
4,thompson,292,wells,6.395994186401367
4,thompson,292,austen,6.416518370310466
4,thompson,292,fitzgerald,6.2315107981363935
4,thompson,292,twain,7.022610902786255
4,thompson,292,non_oz_baum,5.887860417366028
4,thompson,292,non_oz_thompson,6.137747049331665
4,thompson,292,contested,5.279488563537598
4,thompson,293,train,4.898091852664948
4,thompson,293,baum,5.606024146080017
4,thompson,293,thompson,5.710125088691711
4,thompson,293,dickens,6.76898557168466
4,thompson,293,melville,7.150474786758423
4,thompson,293,wells,6.407027721405029
4,thompson,293,austen,6.429662068684896
4,thompson,293,fitzgerald,6.232760906219482
4,thompson,293,twain,7.026468098163605
4,thompson,293,non_oz_baum,5.898466229438782
4,thompson,293,non_oz_thompson,6.139159440994263
4,thompson,293,contested,5.283637046813965
4,thompson,294,train,4.932475328445435
4,thompson,294,baum,5.604679465293884
4,thompson,294,thompson,5.7108213901519775
4,thompson,294,dickens,6.757488197750515
4,thompson,294,melville,7.143205451965332
4,thompson,294,wells,6.40149998664856
4,thompson,294,austen,6.42707633972168
4,thompson,294,fitzgerald,6.228700160980225
4,thompson,294,twain,7.024238854646683
4,thompson,294,non_oz_baum,5.891419529914856
4,thompson,294,non_oz_thompson,6.139294147491455
4,thompson,294,contested,5.280334115028381
4,thompson,295,train,4.883755505084992
4,thompson,295,baum,5.602549195289612
4,thompson,295,thompson,5.707644462585449
4,thompson,295,dickens,6.769584390852186
4,thompson,295,melville,7.145705366134644
4,thompson,295,wells,6.403964519500732
4,thompson,295,austen,6.429558197657268
4,thompson,295,fitzgerald,6.229509512583415
4,thompson,295,twain,7.025279641151428
4,thompson,295,non_oz_baum,5.895263075828552
4,thompson,295,non_oz_thompson,6.140901327133179
4,thompson,295,contested,5.281008958816528
4,thompson,296,train,4.908462703227997
4,thompson,296,baum,5.599133491516113
4,thompson,296,thompson,5.705576419830322
4,thompson,296,dickens,6.758113207640471
4,thompson,296,melville,7.139169216156006
4,thompson,296,wells,6.39537787437439
4,thompson,296,austen,6.417253732681274
4,thompson,296,fitzgerald,6.226995388666789
4,thompson,296,twain,7.024938225746155
4,thompson,296,non_oz_baum,5.886900186538696
4,thompson,296,non_oz_thompson,6.134752511978149
4,thompson,296,contested,5.274459004402161
4,thompson,297,train,4.924165844917297
4,thompson,297,baum,5.600495219230652
4,thompson,297,thompson,5.704098701477051
4,thompson,297,dickens,6.756616892638029
4,thompson,297,melville,7.140890502929688
4,thompson,297,wells,6.398305296897888
4,thompson,297,austen,6.418574810028076
4,thompson,297,fitzgerald,6.228239218393962
4,thompson,297,twain,7.025507003068924
4,thompson,297,non_oz_baum,5.887172102928162
4,thompson,297,non_oz_thompson,6.133639812469482
4,thompson,297,contested,5.273646473884583
4,thompson,298,train,4.90829873085022
4,thompson,298,baum,5.598981380462647
4,thompson,298,thompson,5.69786012172699
4,thompson,298,dickens,6.760646290249294
4,thompson,298,melville,7.149709033966064
4,thompson,298,wells,6.401071548461914
4,thompson,298,austen,6.42340103785197
4,thompson,298,fitzgerald,6.230313301086426
4,thompson,298,twain,7.024733126163483
4,thompson,298,non_oz_baum,5.889991641044617
4,thompson,298,non_oz_thompson,6.137663841247559
4,thompson,298,contested,5.273213028907776
4,thompson,299,train,4.927324295043945
4,thompson,299,baum,5.592645049095154
4,thompson,299,thompson,5.696434497833252
4,thompson,299,dickens,6.749135971069336
4,thompson,299,melville,7.146725606918335
4,thompson,299,wells,6.39535927772522
4,thompson,299,austen,6.417856216430664
4,thompson,299,fitzgerald,6.222666343053182
4,thompson,299,twain,7.020994037389755
4,thompson,299,non_oz_baum,5.88268518447876
4,thompson,299,non_oz_thompson,6.130476474761963
4,thompson,299,contested,5.269685506820679
4,thompson,300,train,4.906221866607666
4,thompson,300,baum,5.600114822387695
4,thompson,300,thompson,5.699406266212463
4,thompson,300,dickens,6.762625694274902
4,thompson,300,melville,7.152041673660278
4,thompson,300,wells,6.40434193611145
4,thompson,300,austen,6.428330262502034
4,thompson,300,fitzgerald,6.231098095575969
4,thompson,300,twain,7.030831754207611
4,thompson,300,non_oz_baum,5.892244935035706
4,thompson,300,non_oz_thompson,6.133457183837891
4,thompson,300,contested,5.269931316375732
4,thompson,301,train,4.884813487529755
4,thompson,301,baum,5.594218015670776
4,thompson,301,thompson,5.694968938827515
4,thompson,301,dickens,6.760423059816714
4,thompson,301,melville,7.15025224685669
4,thompson,301,wells,6.397682189941406
4,thompson,301,austen,6.422913392384847
4,thompson,301,fitzgerald,6.221638361612956
4,thompson,301,twain,7.019764244556427
4,thompson,301,non_oz_baum,5.886375665664673
4,thompson,301,non_oz_thompson,6.129566669464111
4,thompson,301,contested,5.268965125083923
4,thompson,302,train,4.880685329437256
4,thompson,302,baum,5.589830756187439
4,thompson,302,thompson,5.698577284812927
4,thompson,302,dickens,6.764775664718063
4,thompson,302,melville,7.158699226379395
4,thompson,302,wells,6.3977952003479
4,thompson,302,austen,6.424842913945516
4,thompson,302,fitzgerald,6.224327007929484
4,thompson,302,twain,7.024644464254379
4,thompson,302,non_oz_baum,5.8867305517196655
4,thompson,302,non_oz_thompson,6.130473375320435
4,thompson,302,contested,5.265917181968689
4,thompson,303,train,4.856313169002533
4,thompson,303,baum,5.590843081474304
4,thompson,303,thompson,5.693567991256714
4,thompson,303,dickens,6.758119777396873
4,thompson,303,melville,7.1495335578918455
4,thompson,303,wells,6.39707612991333
4,thompson,303,austen,6.423153479894002
4,thompson,303,fitzgerald,6.223609685897827
4,thompson,303,twain,7.023178458213806
4,thompson,303,non_oz_baum,5.884600877761841
4,thompson,303,non_oz_thompson,6.129620313644409
4,thompson,303,contested,5.263712525367737
4,thompson,304,train,4.885464310646057
4,thompson,304,baum,5.589786767959595
4,thompson,304,thompson,5.690982699394226
4,thompson,304,dickens,6.7572531346921565
4,thompson,304,melville,7.144336557388305
4,thompson,304,wells,6.395787239074707
4,thompson,304,austen,6.412325223286946
4,thompson,304,fitzgerald,6.224759101867676
4,thompson,304,twain,7.019785016775131
4,thompson,304,non_oz_baum,5.880029559135437
4,thompson,304,non_oz_thompson,6.130408763885498
4,thompson,304,contested,5.260712742805481
4,thompson,305,train,4.888591408729553
4,thompson,305,baum,5.590732574462891
4,thompson,305,thompson,5.688755631446838
4,thompson,305,dickens,6.764547771877712
4,thompson,305,melville,7.154987859725952
4,thompson,305,wells,6.400148034095764
4,thompson,305,austen,6.42578403155009
4,thompson,305,fitzgerald,6.223531484603882
4,thompson,305,twain,7.023975968360901
4,thompson,305,non_oz_baum,5.8866729736328125
4,thompson,305,non_oz_thompson,6.132826566696167
4,thompson,305,contested,5.261587142944336
4,thompson,306,train,4.889108061790466
4,thompson,306,baum,5.588776588439941
4,thompson,306,thompson,5.683464765548706
4,thompson,306,dickens,6.765461144623933
4,thompson,306,melville,7.156369924545288
4,thompson,306,wells,6.4012593030929565
4,thompson,306,austen,6.425755500793457
4,thompson,306,fitzgerald,6.223572333653768
4,thompson,306,twain,7.026329815387726
4,thompson,306,non_oz_baum,5.88246214389801
4,thompson,306,non_oz_thompson,6.129042625427246
4,thompson,306,contested,5.258814096450806
4,thompson,307,train,4.866353571414948
4,thompson,307,baum,5.586652040481567
4,thompson,307,thompson,5.680267333984375
4,thompson,307,dickens,6.766794557924624
4,thompson,307,melville,7.166531181335449
4,thompson,307,wells,6.401826739311218
4,thompson,307,austen,6.425977865854899
4,thompson,307,fitzgerald,6.225717147191365
4,thompson,307,twain,7.03066036105156
4,thompson,307,non_oz_baum,5.8828887939453125
4,thompson,307,non_oz_thompson,6.129777193069458
4,thompson,307,contested,5.258566856384277
4,thompson,308,train,4.883941292762756
4,thompson,308,baum,5.587754011154175
4,thompson,308,thompson,5.680536866188049
4,thompson,308,dickens,6.7545150650872126
4,thompson,308,melville,7.157836008071899
4,thompson,308,wells,6.399054288864136
4,thompson,308,austen,6.41926105817159
4,thompson,308,fitzgerald,6.223984479904175
4,thompson,308,twain,7.0288461446762085
4,thompson,308,non_oz_baum,5.879627585411072
4,thompson,308,non_oz_thompson,6.129545211791992
4,thompson,308,contested,5.256506323814392
4,thompson,309,train,4.853366732597351
4,thompson,309,baum,5.592116475105286
4,thompson,309,thompson,5.678544640541077
4,thompson,309,dickens,6.767900484579581
4,thompson,309,melville,7.168559503555298
4,thompson,309,wells,6.404099941253662
4,thompson,309,austen,6.430954138437907
4,thompson,309,fitzgerald,6.229823033014934
4,thompson,309,twain,7.0371353328228
4,thompson,309,non_oz_baum,5.886155605316162
4,thompson,309,non_oz_thompson,6.133774280548096
4,thompson,309,contested,5.2574604749679565
4,thompson,310,train,4.85062563419342
4,thompson,310,baum,5.586668968200684
4,thompson,310,thompson,5.676531910896301
4,thompson,310,dickens,6.764265819832131
4,thompson,310,melville,7.157715702056885
4,thompson,310,wells,6.400835156440735
4,thompson,310,austen,6.422477722167969
4,thompson,310,fitzgerald,6.223151048024495
4,thompson,310,twain,7.026707351207733
4,thompson,310,non_oz_baum,5.881705045700073
4,thompson,310,non_oz_thompson,6.129129648208618
4,thompson,310,contested,5.2529730796813965
4,thompson,311,train,4.87799733877182
4,thompson,311,baum,5.582820177078247
4,thompson,311,thompson,5.673336505889893
4,thompson,311,dickens,6.764238746077926
4,thompson,311,melville,7.160282325744629
4,thompson,311,wells,6.39290189743042
4,thompson,311,austen,6.416892608006795
4,thompson,311,fitzgerald,6.221147378285726
4,thompson,311,twain,7.023018509149551
4,thompson,311,non_oz_baum,5.879179835319519
4,thompson,311,non_oz_thompson,6.126039981842041
4,thompson,311,contested,5.250625133514404
4,thompson,312,train,4.841669142246246
4,thompson,312,baum,5.58288049697876
4,thompson,312,thompson,5.674250483512878
4,thompson,312,dickens,6.7572972332989725
4,thompson,312,melville,7.169645214080811
4,thompson,312,wells,6.400483727455139
4,thompson,312,austen,6.424676020940145
4,thompson,312,fitzgerald,6.2224001089731855
4,thompson,312,twain,7.03183776140213
4,thompson,312,non_oz_baum,5.879448056221008
4,thompson,312,non_oz_thompson,6.128070592880249
4,thompson,312,contested,5.249939799308777
4,thompson,313,train,4.839374005794525
4,thompson,313,baum,5.583232998847961
4,thompson,313,thompson,5.668100118637085
4,thompson,313,dickens,6.757334656185574
4,thompson,313,melville,7.15946478843689
4,thompson,313,wells,6.398321866989136
4,thompson,313,austen,6.418210347493489
4,thompson,313,fitzgerald,6.222271919250488
4,thompson,313,twain,7.026290595531464
4,thompson,313,non_oz_baum,5.879168272018433
4,thompson,313,non_oz_thompson,6.126600503921509
4,thompson,313,contested,5.247292876243591
4,thompson,314,train,4.872983753681183
4,thompson,314,baum,5.580556869506836
4,thompson,314,thompson,5.666072368621826
4,thompson,314,dickens,6.751819575274432
4,thompson,314,melville,7.153477954864502
4,thompson,314,wells,6.390055894851685
4,thompson,314,austen,6.416057586669922
4,thompson,314,fitzgerald,6.217219114303589
4,thompson,314,twain,7.020198255777359
4,thompson,314,non_oz_baum,5.877433896064758
4,thompson,314,non_oz_thompson,6.121210098266602
4,thompson,314,contested,5.247115731239319
4,thompson,315,train,4.829392433166504
4,thompson,315,baum,5.581335425376892
4,thompson,315,thompson,5.662954568862915
4,thompson,315,dickens,6.764860877284297
4,thompson,315,melville,7.164289760589599
4,thompson,315,wells,6.403851509094238
4,thompson,315,austen,6.4232330322265625
4,thompson,315,fitzgerald,6.226018905639648
4,thompson,315,twain,7.035125225782394
4,thompson,315,non_oz_baum,5.878795623779297
4,thompson,315,non_oz_thompson,6.127598762512207
4,thompson,315,contested,5.246427297592163
4,thompson,316,train,4.856797516345978
4,thompson,316,baum,5.581449866294861
4,thompson,316,thompson,5.659777760505676
4,thompson,316,dickens,6.76772603282222
4,thompson,316,melville,7.160681438446045
4,thompson,316,wells,6.394516110420227
4,thompson,316,austen,6.4210743109385175
4,thompson,316,fitzgerald,6.22227684656779
4,thompson,316,twain,7.0288326144218445
4,thompson,316,non_oz_baum,5.878705143928528
4,thompson,316,non_oz_thompson,6.127695083618164
4,thompson,316,contested,5.245898723602295
4,thompson,317,train,4.831750512123108
4,thompson,317,baum,5.576870441436768
4,thompson,317,thompson,5.658075332641602
4,thompson,317,dickens,6.762198571805601
4,thompson,317,melville,7.153462266921997
4,thompson,317,wells,6.398519277572632
4,thompson,317,austen,6.4164473215738935
4,thompson,317,fitzgerald,6.218065659205119
4,thompson,317,twain,7.027012050151825
4,thompson,317,non_oz_baum,5.872107744216919
4,thompson,317,non_oz_thompson,6.121052026748657
4,thompson,317,contested,5.23968231678009
4,thompson,318,train,4.817861616611481
4,thompson,318,baum,5.580777287483215
4,thompson,318,thompson,5.658747911453247
4,thompson,318,dickens,6.768610777678313
4,thompson,318,melville,7.174790096282959
4,thompson,318,wells,6.40231204032898
4,thompson,318,austen,6.424976348876953
4,thompson,318,fitzgerald,6.224927584330241
4,thompson,318,twain,7.036233812570572
4,thompson,318,non_oz_baum,5.879948139190674
4,thompson,318,non_oz_thompson,6.127192497253418
4,thompson,318,contested,5.244361519813538
4,thompson,319,train,4.84259295463562
4,thompson,319,baum,5.574041724205017
4,thompson,319,thompson,5.656020402908325
4,thompson,319,dickens,6.758718208030418
4,thompson,319,melville,7.156173372268677
4,thompson,319,wells,6.389659285545349
4,thompson,319,austen,6.415259599685669
4,thompson,319,fitzgerald,6.216773986816406
4,thompson,319,twain,7.026987582445145
4,thompson,319,non_oz_baum,5.8717427253723145
4,thompson,319,non_oz_thompson,6.122028827667236
4,thompson,319,contested,5.237568020820618
4,thompson,320,train,4.831419467926025
4,thompson,320,baum,5.578027963638306
4,thompson,320,thompson,5.659265995025635
4,thompson,320,dickens,6.777546087900798
4,thompson,320,melville,7.171587800979614
4,thompson,320,wells,6.399607539176941
4,thompson,320,austen,6.428181171417236
4,thompson,320,fitzgerald,6.225345214207967
4,thompson,320,twain,7.035426378250122
4,thompson,320,non_oz_baum,5.87668251991272
4,thompson,320,non_oz_thompson,6.124521017074585
4,thompson,320,contested,5.239751100540161
4,thompson,321,train,4.828868985176086
4,thompson,321,baum,5.575495600700378
4,thompson,321,thompson,5.656684398651123
4,thompson,321,dickens,6.767539200959383
4,thompson,321,melville,7.157960987091064
4,thompson,321,wells,6.3966745138168335
4,thompson,321,austen,6.416768232981364
4,thompson,321,fitzgerald,6.22364870707194
4,thompson,321,twain,7.028420239686966
4,thompson,321,non_oz_baum,5.870625734329224
4,thompson,321,non_oz_thompson,6.12523078918457
4,thompson,321,contested,5.235077381134033
4,thompson,322,train,4.819716513156891
4,thompson,322,baum,5.575748682022095
4,thompson,322,thompson,5.6556031703948975
4,thompson,322,dickens,6.761401194113272
4,thompson,322,melville,7.161757898330689
4,thompson,322,wells,6.39384663105011
4,thompson,322,austen,6.418683449427287
4,thompson,322,fitzgerald,6.223982413609822
4,thompson,322,twain,7.031967520713806
4,thompson,322,non_oz_baum,5.872627854347229
4,thompson,322,non_oz_thompson,6.122758388519287
4,thompson,322,contested,5.235660195350647
4,thompson,323,train,4.813997447490692
4,thompson,323,baum,5.5792458057403564
4,thompson,323,thompson,5.651496648788452
4,thompson,323,dickens,6.768902955231844
4,thompson,323,melville,7.174944877624512
4,thompson,323,wells,6.405215740203857
4,thompson,323,austen,6.426408847173055
4,thompson,323,fitzgerald,6.226944128672282
4,thompson,323,twain,7.037202686071396
4,thompson,323,non_oz_baum,5.878644108772278
4,thompson,323,non_oz_thompson,6.12564492225647
4,thompson,323,contested,5.238021492958069
4,thompson,324,train,4.814810037612915
4,thompson,324,baum,5.573988556861877
4,thompson,324,thompson,5.651119351387024
4,thompson,324,dickens,6.760439766777886
4,thompson,324,melville,7.160662126541138
4,thompson,324,wells,6.39206063747406
4,thompson,324,austen,6.417118549346924
4,thompson,324,fitzgerald,6.220739046732585
4,thompson,324,twain,7.03238770365715
4,thompson,324,non_oz_baum,5.871182680130005
4,thompson,324,non_oz_thompson,6.121176958084106
4,thompson,324,contested,5.231127619743347
4,thompson,325,train,4.782881855964661
4,thompson,325,baum,5.571732997894287
4,thompson,325,thompson,5.650497198104858
4,thompson,325,dickens,6.764540884229872
4,thompson,325,melville,7.172933959960938
4,thompson,325,wells,6.397051811218262
4,thompson,325,austen,6.421877861022949
4,thompson,325,fitzgerald,6.218484878540039
4,thompson,325,twain,7.031846672296524
4,thompson,325,non_oz_baum,5.874653339385986
4,thompson,325,non_oz_thompson,6.118427753448486
4,thompson,325,contested,5.232573866844177
4,thompson,326,train,4.80651330947876
4,thompson,326,baum,5.570598006248474
4,thompson,326,thompson,5.646583318710327
4,thompson,326,dickens,6.770877679189046
4,thompson,326,melville,7.175703430175782
4,thompson,326,wells,6.404998779296875
4,thompson,326,austen,6.430361111958821
4,thompson,326,fitzgerald,6.221654176712036
4,thompson,326,twain,7.036085873842239
4,thompson,326,non_oz_baum,5.876067519187927
4,thompson,326,non_oz_thompson,6.120170831680298
4,thompson,326,contested,5.23123574256897
4,thompson,327,train,4.8092727065086365
4,thompson,327,baum,5.567890882492065
4,thompson,327,thompson,5.646803975105286
4,thompson,327,dickens,6.766349774819833
4,thompson,327,melville,7.169850397109985
4,thompson,327,wells,6.395054578781128
4,thompson,327,austen,6.417881011962891
4,thompson,327,fitzgerald,6.219315846761067
4,thompson,327,twain,7.032739400863648
4,thompson,327,non_oz_baum,5.872612237930298
4,thompson,327,non_oz_thompson,6.118244886398315
4,thompson,327,contested,5.226977348327637
4,thompson,328,train,4.805413544178009
4,thompson,328,baum,5.571754693984985
4,thompson,328,thompson,5.646401762962341
4,thompson,328,dickens,6.780242672672978
4,thompson,328,melville,7.186100769042969
4,thompson,328,wells,6.408109664916992
4,thompson,328,austen,6.43129841486613
4,thompson,328,fitzgerald,6.227255741755168
4,thompson,328,twain,7.045398503541946
4,thompson,328,non_oz_baum,5.87796676158905
4,thompson,328,non_oz_thompson,6.124970436096191
4,thompson,328,contested,5.232581257820129
4,thompson,329,train,4.786843359470367
4,thompson,329,baum,5.570956110954285
4,thompson,329,thompson,5.643006443977356
4,thompson,329,dickens,6.7682231620506
4,thompson,329,melville,7.167965412139893
4,thompson,329,wells,6.407807111740112
4,thompson,329,austen,6.422458648681641
4,thompson,329,fitzgerald,6.229797124862671
4,thompson,329,twain,7.04493436217308
4,thompson,329,non_oz_baum,5.871155619621277
4,thompson,329,non_oz_thompson,6.119239330291748
4,thompson,329,contested,5.226020693778992
4,thompson,330,train,4.791265785694122
4,thompson,330,baum,5.566686749458313
4,thompson,330,thompson,5.638562083244324
4,thompson,330,dickens,6.764766498848244
4,thompson,330,melville,7.17111554145813
4,thompson,330,wells,6.400990605354309
4,thompson,330,austen,6.420026938120524
4,thompson,330,fitzgerald,6.220246315002441
4,thompson,330,twain,7.037783861160278
4,thompson,330,non_oz_baum,5.868826985359192
4,thompson,330,non_oz_thompson,6.118473052978516
4,thompson,330,contested,5.224351286888123
4,thompson,331,train,4.784734308719635
4,thompson,331,baum,5.565822243690491
4,thompson,331,thompson,5.6404783725738525
4,thompson,331,dickens,6.754155653494376
4,thompson,331,melville,7.169326686859131
4,thompson,331,wells,6.396805047988892
4,thompson,331,austen,6.415025631586711
4,thompson,331,fitzgerald,6.227219025293986
4,thompson,331,twain,7.047732919454575
4,thompson,331,non_oz_baum,5.864981770515442
4,thompson,331,non_oz_thompson,6.113842725753784
4,thompson,331,contested,5.221114277839661
4,thompson,332,train,4.797012150287628
4,thompson,332,baum,5.56274139881134
4,thompson,332,thompson,5.635725736618042
4,thompson,332,dickens,6.761157565646702
4,thompson,332,melville,7.165683746337891
4,thompson,332,wells,6.397007346153259
4,thompson,332,austen,6.416565815607707
4,thompson,332,fitzgerald,6.219077984491984
4,thompson,332,twain,7.03544345498085
4,thompson,332,non_oz_baum,5.866921663284302
4,thompson,332,non_oz_thompson,6.115530014038086
4,thompson,332,contested,5.220067381858826
4,thompson,333,train,4.774814784526825
4,thompson,333,baum,5.572875738143921
4,thompson,333,thompson,5.639081954956055
4,thompson,333,dickens,6.781958509374548
4,thompson,333,melville,7.190365648269653
4,thompson,333,wells,6.4159464836120605
4,thompson,333,austen,6.440053780873616
4,thompson,333,fitzgerald,6.230185429255168
4,thompson,333,twain,7.051074206829071
4,thompson,333,non_oz_baum,5.881373167037964
4,thompson,333,non_oz_thompson,6.126516103744507
4,thompson,333,contested,5.228222012519836
4,thompson,334,train,4.774946391582489
4,thompson,334,baum,5.564540982246399
4,thompson,334,thompson,5.631209492683411
4,thompson,334,dickens,6.76982886702926
4,thompson,334,melville,7.174849557876587
4,thompson,334,wells,6.40314245223999
4,thompson,334,austen,6.423054933547974
4,thompson,334,fitzgerald,6.221076409022014
4,thompson,334,twain,7.041251748800278
4,thompson,334,non_oz_baum,5.868786334991455
4,thompson,334,non_oz_thompson,6.11465048789978
4,thompson,334,contested,5.217936992645264
4,thompson,335,train,4.765522599220276
4,thompson,335,baum,5.562376260757446
4,thompson,335,thompson,5.6324111223220825
4,thompson,335,dickens,6.772840623502378
4,thompson,335,melville,7.186093378067016
4,thompson,335,wells,6.402469992637634
4,thompson,335,austen,6.426697174708049
4,thompson,335,fitzgerald,6.219875733057658
4,thompson,335,twain,7.04644700884819
4,thompson,335,non_oz_baum,5.870508432388306
4,thompson,335,non_oz_thompson,6.115528583526611
4,thompson,335,contested,5.218363642692566
4,thompson,336,train,4.758778810501099
4,thompson,336,baum,5.560591220855713
4,thompson,336,thompson,5.6301350593566895
4,thompson,336,dickens,6.767189096521448
4,thompson,336,melville,7.177472400665283
4,thompson,336,wells,6.402947783470154
4,thompson,336,austen,6.421134312947591
4,thompson,336,fitzgerald,6.220565478006999
4,thompson,336,twain,7.040635168552399
4,thompson,336,non_oz_baum,5.868030071258545
4,thompson,336,non_oz_thompson,6.116010665893555
4,thompson,336,contested,5.215962171554565
4,thompson,337,train,4.738497614860535
4,thompson,337,baum,5.559006571769714
4,thompson,337,thompson,5.622601389884949
4,thompson,337,dickens,6.767437952536124
4,thompson,337,melville,7.173143434524536
4,thompson,337,wells,6.398281216621399
4,thompson,337,austen,6.422004779179891
4,thompson,337,fitzgerald,6.21822174390157
4,thompson,337,twain,7.037081807851791
4,thompson,337,non_oz_baum,5.868183493614197
4,thompson,337,non_oz_thompson,6.1130876541137695
4,thompson,337,contested,5.215302228927612
4,thompson,338,train,4.755820155143738
4,thompson,338,baum,5.559231519699097
4,thompson,338,thompson,5.62391471862793
4,thompson,338,dickens,6.770051408697058
4,thompson,338,melville,7.185800361633301
4,thompson,338,wells,6.402184724807739
4,thompson,338,austen,6.423904577891032
4,thompson,338,fitzgerald,6.217981656392415
4,thompson,338,twain,7.044219583272934
4,thompson,338,non_oz_baum,5.868385910987854
4,thompson,338,non_oz_thompson,6.115881204605103
4,thompson,338,contested,5.215891599655151
4,thompson,339,train,4.781968474388123
4,thompson,339,baum,5.562634110450745
4,thompson,339,thompson,5.625766754150391
4,thompson,339,dickens,6.784355446144387
4,thompson,339,melville,7.190675497055054
4,thompson,339,wells,6.404927372932434
4,thompson,339,austen,6.430219809214274
4,thompson,339,fitzgerald,6.224655389785767
4,thompson,339,twain,7.051984220743179
4,thompson,339,non_oz_baum,5.870163083076477
4,thompson,339,non_oz_thompson,6.121329784393311
4,thompson,339,contested,5.217214107513428
4,thompson,340,train,4.742036819458008
4,thompson,340,baum,5.559383392333984
4,thompson,340,thompson,5.61906635761261
4,thompson,340,dickens,6.765667332543267
4,thompson,340,melville,7.179374504089355
4,thompson,340,wells,6.405380368232727
4,thompson,340,austen,6.42388375600179
4,thompson,340,fitzgerald,6.220500707626343
4,thompson,340,twain,7.0457830131053925
4,thompson,340,non_oz_baum,5.8633873462677
4,thompson,340,non_oz_thompson,6.118110418319702
4,thompson,340,contested,5.212467551231384
4,thompson,341,train,4.760192155838013
4,thompson,341,baum,5.55580735206604
4,thompson,341,thompson,5.619422435760498
4,thompson,341,dickens,6.771126888416432
4,thompson,341,melville,7.184592628479004
4,thompson,341,wells,6.407389283180237
4,thompson,341,austen,6.426142692565918
4,thompson,341,fitzgerald,6.221326510111491
4,thompson,341,twain,7.0456762611866
4,thompson,341,non_oz_baum,5.865625977516174
4,thompson,341,non_oz_thompson,6.117448806762695
4,thompson,341,contested,5.212412714958191
4,thompson,342,train,4.756090879440308
4,thompson,342,baum,5.555741310119629
4,thompson,342,thompson,5.62149965763092
4,thompson,342,dickens,6.770948886871338
4,thompson,342,melville,7.187944173812866
4,thompson,342,wells,6.404739737510681
4,thompson,342,austen,6.426815668741862
4,thompson,342,fitzgerald,6.22325340906779
4,thompson,342,twain,7.051585346460342
4,thompson,342,non_oz_baum,5.866020917892456
4,thompson,342,non_oz_thompson,6.113494157791138
4,thompson,342,contested,5.210293769836426
4,thompson,343,train,4.759435534477234
4,thompson,343,baum,5.5597230195999146
4,thompson,343,thompson,5.619807720184326
4,thompson,343,dickens,6.787413632428205
4,thompson,343,melville,7.202826023101807
4,thompson,343,wells,6.40902304649353
4,thompson,343,austen,6.437713623046875
4,thompson,343,fitzgerald,6.220896641413371
4,thompson,343,twain,7.051771819591522
4,thompson,343,non_oz_baum,5.8736690282821655
4,thompson,343,non_oz_thompson,6.118387460708618
4,thompson,343,contested,5.216171860694885
4,thompson,344,train,4.7446213364601135
4,thompson,344,baum,5.556555867195129
4,thompson,344,thompson,5.615045547485352
4,thompson,344,dickens,6.780937512715657
4,thompson,344,melville,7.199803876876831
4,thompson,344,wells,6.404759407043457
4,thompson,344,austen,6.4283623695373535
4,thompson,344,fitzgerald,6.225002845128377
4,thompson,344,twain,7.049940317869186
4,thompson,344,non_oz_baum,5.870399594306946
4,thompson,344,non_oz_thompson,6.117885112762451
4,thompson,344,contested,5.21081280708313
4,thompson,345,train,4.736072659492493
4,thompson,345,baum,5.555051803588867
4,thompson,345,thompson,5.612943410873413
4,thompson,345,dickens,6.76944653193156
4,thompson,345,melville,7.18418698310852
4,thompson,345,wells,6.397986173629761
4,thompson,345,austen,6.424264907836914
4,thompson,345,fitzgerald,6.218883752822876
4,thompson,345,twain,7.0430209040641785
4,thompson,345,non_oz_baum,5.864643216133118
4,thompson,345,non_oz_thompson,6.113145589828491
4,thompson,345,contested,5.208417177200317
4,thompson,346,train,4.715471863746643
4,thompson,346,baum,5.550938725471497
4,thompson,346,thompson,5.613342523574829
4,thompson,346,dickens,6.776493231455485
4,thompson,346,melville,7.193308782577515
4,thompson,346,wells,6.401984095573425
4,thompson,346,austen,6.426739454269409
4,thompson,346,fitzgerald,6.21878449122111
4,thompson,346,twain,7.0508027374744415
4,thompson,346,non_oz_baum,5.865318417549133
4,thompson,346,non_oz_thompson,6.115209102630615
4,thompson,346,contested,5.204422235488892
4,thompson,347,train,4.741142094135284
4,thompson,347,baum,5.551806688308716
4,thompson,347,thompson,5.612216234207153
4,thompson,347,dickens,6.779512052182798
4,thompson,347,melville,7.197272109985351
4,thompson,347,wells,6.4015315771102905
4,thompson,347,austen,6.427532911300659
4,thompson,347,fitzgerald,6.220011154810588
4,thompson,347,twain,7.048424571752548
4,thompson,347,non_oz_baum,5.864597201347351
4,thompson,347,non_oz_thompson,6.114761590957642
4,thompson,347,contested,5.2066251039505005
4,thompson,348,train,4.730335175991058
4,thompson,348,baum,5.552648544311523
4,thompson,348,thompson,5.61416757106781
4,thompson,348,dickens,6.772287121525517
4,thompson,348,melville,7.192527818679809
4,thompson,348,wells,6.4017921686172485
4,thompson,348,austen,6.422903617223104
4,thompson,348,fitzgerald,6.220749378204346
4,thompson,348,twain,7.050303220748901
4,thompson,348,non_oz_baum,5.864543914794922
4,thompson,348,non_oz_thompson,6.116325378417969
4,thompson,348,contested,5.202616333961487
4,thompson,349,train,4.749447047710419
4,thompson,349,baum,5.5505101680755615
4,thompson,349,thompson,5.6117212772369385
4,thompson,349,dickens,6.782496823204888
4,thompson,349,melville,7.194021892547608
4,thompson,349,wells,6.402098894119263
4,thompson,349,austen,6.429702440897624
4,thompson,349,fitzgerald,6.221481959025065
4,thompson,349,twain,7.048559814691544
4,thompson,349,non_oz_baum,5.866133809089661
4,thompson,349,non_oz_thompson,6.114725589752197
4,thompson,349,contested,5.20186722278595
4,thompson,350,train,4.733593463897705
4,thompson,350,baum,5.547640919685364
4,thompson,350,thompson,5.608355164527893
4,thompson,350,dickens,6.780921035342747
4,thompson,350,melville,7.199056959152221
4,thompson,350,wells,6.406848907470703
4,thompson,350,austen,6.425765673319499
4,thompson,350,fitzgerald,6.218975146611531
4,thompson,350,twain,7.048950284719467
4,thompson,350,non_oz_baum,5.8636579513549805
4,thompson,350,non_oz_thompson,6.112895011901856
4,thompson,350,contested,5.203885436058044
4,thompson,351,train,4.715452075004578
4,thompson,351,baum,5.5487300157547
4,thompson,351,thompson,5.60535204410553
4,thompson,351,dickens,6.772370850598371
4,thompson,351,melville,7.186563920974732
4,thompson,351,wells,6.402211785316467
4,thompson,351,austen,6.421836535135905
4,thompson,351,fitzgerald,6.216593901316325
4,thompson,351,twain,7.046179443597794
4,thompson,351,non_oz_baum,5.860995650291443
4,thompson,351,non_oz_thompson,6.111531734466553
4,thompson,351,contested,5.199329733848572
4,thompson,352,train,4.713311731815338
4,thompson,352,baum,5.546616673469544
4,thompson,352,thompson,5.606286644935608
4,thompson,352,dickens,6.772458553314209
4,thompson,352,melville,7.192979049682617
4,thompson,352,wells,6.405555248260498
4,thompson,352,austen,6.426250060399373
4,thompson,352,fitzgerald,6.220935185750325
4,thompson,352,twain,7.049354702234268
4,thompson,352,non_oz_baum,5.867483139038086
4,thompson,352,non_oz_thompson,6.112600326538086
4,thompson,352,contested,5.203191876411438
4,thompson,353,train,4.713660836219788
4,thompson,353,baum,5.554388165473938
4,thompson,353,thompson,5.606621146202087
4,thompson,353,dickens,6.791539775000678
4,thompson,353,melville,7.200570774078369
4,thompson,353,wells,6.4155049324035645
4,thompson,353,austen,6.437917232513428
4,thompson,353,fitzgerald,6.222798188527425
4,thompson,353,twain,7.056767821311951
4,thompson,353,non_oz_baum,5.871130585670471
4,thompson,353,non_oz_thompson,6.1186463832855225
4,thompson,353,contested,5.203898787498474
4,thompson,354,train,4.710662424564362
4,thompson,354,baum,5.549448490142822
4,thompson,354,thompson,5.602566719055176
4,thompson,354,dickens,6.776893545080115
4,thompson,354,melville,7.194225072860718
4,thompson,354,wells,6.406026124954224
4,thompson,354,austen,6.425302823384603
4,thompson,354,fitzgerald,6.222133000691732
4,thompson,354,twain,7.053427636623383
4,thompson,354,non_oz_baum,5.860882759094238
4,thompson,354,non_oz_thompson,6.112971544265747
4,thompson,354,contested,5.200073719024658
4,thompson,355,train,4.7043591141700745
4,thompson,355,baum,5.550167202949524
4,thompson,355,thompson,5.600167632102966
4,thompson,355,dickens,6.784033898954038
4,thompson,355,melville,7.198949432373047
4,thompson,355,wells,6.4071468114852905
4,thompson,355,austen,6.429509480794271
4,thompson,355,fitzgerald,6.2195359865824384
4,thompson,355,twain,7.054921329021454
4,thompson,355,non_oz_baum,5.864506244659424
4,thompson,355,non_oz_thompson,6.114313364028931
4,thompson,355,contested,5.200929522514343
4,thompson,356,train,4.716993093490601
4,thompson,356,baum,5.549932599067688
4,thompson,356,thompson,5.60004734992981
4,thompson,356,dickens,6.779639561971028
4,thompson,356,melville,7.206803894042968
4,thompson,356,wells,6.419479727745056
4,thompson,356,austen,6.438033024470012
4,thompson,356,fitzgerald,6.223878065745036
4,thompson,356,twain,7.059834986925125
4,thompson,356,non_oz_baum,5.865533351898193
4,thompson,356,non_oz_thompson,6.11535120010376
4,thompson,356,contested,5.201237797737122
4,thompson,357,train,4.702062726020813
4,thompson,357,baum,5.540673613548279
4,thompson,357,thompson,5.596110582351685
4,thompson,357,dickens,6.784357618402551
4,thompson,357,melville,7.202761650085449
4,thompson,357,wells,6.403860807418823
4,thompson,357,austen,6.428079764048259
4,thompson,357,fitzgerald,6.220364888509114
4,thompson,357,twain,7.054174333810806
4,thompson,357,non_oz_baum,5.860114932060242
4,thompson,357,non_oz_thompson,6.109691381454468
4,thompson,357,contested,5.192096710205078
4,thompson,358,train,4.6729772090911865
4,thompson,358,baum,5.546602487564087
4,thompson,358,thompson,5.596004962921143
4,thompson,358,dickens,6.7896713150872126
4,thompson,358,melville,7.20913438796997
4,thompson,358,wells,6.41474449634552
4,thompson,358,austen,6.437443653742473
4,thompson,358,fitzgerald,6.226405779520671
4,thompson,358,twain,7.061403959989548
4,thompson,358,non_oz_baum,5.865444898605347
4,thompson,358,non_oz_thompson,6.11499285697937
4,thompson,358,contested,5.195604085922241
4,thompson,359,train,4.689632654190064
4,thompson,359,baum,5.545843482017517
4,thompson,359,thompson,5.59567403793335
4,thompson,359,dickens,6.778798474205865
4,thompson,359,melville,7.198055267333984
4,thompson,359,wells,6.404878377914429
4,thompson,359,austen,6.426563660303752
4,thompson,359,fitzgerald,6.224125226338704
4,thompson,359,twain,7.055144518613815
4,thompson,359,non_oz_baum,5.861066579818726
4,thompson,359,non_oz_thompson,6.111719608306885
4,thompson,359,contested,5.193172454833984
4,thompson,360,train,4.714698076248169
4,thompson,360,baum,5.544023513793945
4,thompson,360,thompson,5.596468806266785
4,thompson,360,dickens,6.788086608604148
4,thompson,360,melville,7.210351514816284
4,thompson,360,wells,6.410081505775452
4,thompson,360,austen,6.436724821726481
4,thompson,360,fitzgerald,6.22384516398112
4,thompson,360,twain,7.062151342630386
4,thompson,360,non_oz_baum,5.865214467048645
4,thompson,360,non_oz_thompson,6.11285400390625
4,thompson,360,contested,5.194490313529968
4,thompson,361,train,4.691165149211884
4,thompson,361,baum,5.540810227394104
4,thompson,361,thompson,5.5948721170425415
4,thompson,361,dickens,6.78368345896403
4,thompson,361,melville,7.20305871963501
4,thompson,361,wells,6.409418940544128
4,thompson,361,austen,6.426927089691162
4,thompson,361,fitzgerald,6.222103595733643
4,thompson,361,twain,7.061952441930771
4,thompson,361,non_oz_baum,5.857901930809021
4,thompson,361,non_oz_thompson,6.108105182647705
4,thompson,361,contested,5.187826633453369
4,thompson,362,train,4.664150178432465
4,thompson,362,baum,5.545003175735474
4,thompson,362,thompson,5.596404194831848
4,thompson,362,dickens,6.788496141080503
4,thompson,362,melville,7.212440729141235
4,thompson,362,wells,6.414310693740845
4,thompson,362,austen,6.437867164611816
4,thompson,362,fitzgerald,6.22677206993103
4,thompson,362,twain,7.066643804311752
4,thompson,362,non_oz_baum,5.865475058555603
4,thompson,362,non_oz_thompson,6.1151652336120605
4,thompson,362,contested,5.190858721733093
4,thompson,363,train,4.669566750526428
4,thompson,363,baum,5.542748332023621
4,thompson,363,thompson,5.593512654304504
4,thompson,363,dickens,6.777824030982123
4,thompson,363,melville,7.195593738555909
4,thompson,363,wells,6.406550884246826
4,thompson,363,austen,6.419609546661377
4,thompson,363,fitzgerald,6.218346357345581
4,thompson,363,twain,7.0528484582901
4,thompson,363,non_oz_baum,5.857578873634338
4,thompson,363,non_oz_thompson,6.112353324890137
4,thompson,363,contested,5.187746167182922
4,thompson,364,train,4.68391889333725
4,thompson,364,baum,5.547613859176636
4,thompson,364,thompson,5.593268275260925
4,thompson,364,dickens,6.795742635373716
4,thompson,364,melville,7.219674158096313
4,thompson,364,wells,6.415077090263367
4,thompson,364,austen,6.436703125635783
4,thompson,364,fitzgerald,6.228083451588948
4,thompson,364,twain,7.069525063037872
4,thompson,364,non_oz_baum,5.8672308921813965
4,thompson,364,non_oz_thompson,6.1151816844940186
4,thompson,364,contested,5.193529963493347
4,thompson,365,train,4.696416676044464
4,thompson,365,baum,5.53970205783844
4,thompson,365,thompson,5.592196822166443
4,thompson,365,dickens,6.786435568774188
4,thompson,365,melville,7.21347222328186
4,thompson,365,wells,6.413527131080627
4,thompson,365,austen,6.433818181355794
4,thompson,365,fitzgerald,6.222936550776164
4,thompson,365,twain,7.060425162315369
4,thompson,365,non_oz_baum,5.865594744682312
4,thompson,365,non_oz_thompson,6.112746953964233
4,thompson,365,contested,5.190951704978943
4,thompson,366,train,4.661343514919281
4,thompson,366,baum,5.542327523231506
4,thompson,366,thompson,5.588283181190491
4,thompson,366,dickens,6.784863277717873
4,thompson,366,melville,7.210093832015991
4,thompson,366,wells,6.409994602203369
4,thompson,366,austen,6.426222403844197
4,thompson,366,fitzgerald,6.22629451751709
4,thompson,366,twain,7.063674837350845
4,thompson,366,non_oz_baum,5.8595380783081055
4,thompson,366,non_oz_thompson,6.112484216690064
4,thompson,366,contested,5.188353180885315
4,thompson,367,train,4.655108094215393
4,thompson,367,baum,5.545659065246582
4,thompson,367,thompson,5.591833591461182
4,thompson,367,dickens,6.79711718029446
4,thompson,367,melville,7.225674629211426
4,thompson,367,wells,6.421415448188782
4,thompson,367,austen,6.440459887186687
4,thompson,367,fitzgerald,6.22682277361552
4,thompson,367,twain,7.069733202457428
4,thompson,367,non_oz_baum,5.866559982299805
4,thompson,367,non_oz_thompson,6.114948511123657
4,thompson,367,contested,5.191687703132629
4,thompson,368,train,4.673256576061249
4,thompson,368,baum,5.54081392288208
4,thompson,368,thompson,5.587168335914612
4,thompson,368,dickens,6.786437370159008
4,thompson,368,melville,7.209509086608887
4,thompson,368,wells,6.414561748504639
4,thompson,368,austen,6.432799816131592
4,thompson,368,fitzgerald,6.223848819732666
4,thompson,368,twain,7.064352095127106
4,thompson,368,non_oz_baum,5.857260942459106
4,thompson,368,non_oz_thompson,6.113687038421631
4,thompson,368,contested,5.1852734088897705
4,thompson,369,train,4.664490640163422
4,thompson,369,baum,5.5401307344436646
4,thompson,369,thompson,5.585191965103149
4,thompson,369,dickens,6.7838277110347045
4,thompson,369,melville,7.208759212493897
4,thompson,369,wells,6.405783653259277
4,thompson,369,austen,6.423329671223958
4,thompson,369,fitzgerald,6.2216518719991045
4,thompson,369,twain,7.058688163757324
4,thompson,369,non_oz_baum,5.855225205421448
4,thompson,369,non_oz_thompson,6.1052446365356445
4,thompson,369,contested,5.18438446521759
4,thompson,370,train,4.666587948799133
4,thompson,370,baum,5.538170695304871
4,thompson,370,thompson,5.583636999130249
4,thompson,370,dickens,6.784458248703568
4,thompson,370,melville,7.226235198974609
4,thompson,370,wells,6.417857646942139
4,thompson,370,austen,6.43575660387675
4,thompson,370,fitzgerald,6.229613383611043
4,thompson,370,twain,7.07518282532692
4,thompson,370,non_oz_baum,5.861857652664185
4,thompson,370,non_oz_thompson,6.111823558807373
4,thompson,370,contested,5.183806300163269
4,thompson,371,train,4.684705376625061
4,thompson,371,baum,5.540047287940979
4,thompson,371,thompson,5.583260536193848
4,thompson,371,dickens,6.781685281682898
4,thompson,371,melville,7.218568563461304
4,thompson,371,wells,6.412903428077698
4,thompson,371,austen,6.433498382568359
4,thompson,371,fitzgerald,6.223290681838989
4,thompson,371,twain,7.065130531787872
4,thompson,371,non_oz_baum,5.85904061794281
4,thompson,371,non_oz_thompson,6.106696128845215
4,thompson,371,contested,5.183104991912842
4,thompson,372,train,4.669986367225647
4,thompson,372,baum,5.536764144897461
4,thompson,372,thompson,5.581287622451782
4,thompson,372,dickens,6.792719293523718
4,thompson,372,melville,7.221881246566772
4,thompson,372,wells,6.408941149711609
4,thompson,372,austen,6.433845678965251
4,thompson,372,fitzgerald,6.217390616734822
4,thompson,372,twain,7.061024695634842
4,thompson,372,non_oz_baum,5.860351800918579
4,thompson,372,non_oz_thompson,6.10720157623291
4,thompson,372,contested,5.182475209236145
4,thompson,373,train,4.666709303855896
4,thompson,373,baum,5.538930296897888
4,thompson,373,thompson,5.580260157585144
4,thompson,373,dickens,6.793816089630127
4,thompson,373,melville,7.216748285293579
4,thompson,373,wells,6.4109333753585815
4,thompson,373,austen,6.432107766469319
4,thompson,373,fitzgerald,6.223934888839722
4,thompson,373,twain,7.062170714139938
4,thompson,373,non_oz_baum,5.858742117881775
4,thompson,373,non_oz_thompson,6.11228609085083
4,thompson,373,contested,5.183327913284302
4,thompson,374,train,4.646638631820679
4,thompson,374,baum,5.539961099624634
4,thompson,374,thompson,5.580427646636963
4,thompson,374,dickens,6.794810771942139
4,thompson,374,melville,7.224700212478638
4,thompson,374,wells,6.4147709608078
4,thompson,374,austen,6.438664833704631
4,thompson,374,fitzgerald,6.223289807637532
4,thompson,374,twain,7.067642092704773
4,thompson,374,non_oz_baum,5.862581491470337
4,thompson,374,non_oz_thompson,6.112563371658325
4,thompson,374,contested,5.184306502342224
4,thompson,375,train,4.634150147438049
4,thompson,375,baum,5.535179018974304
4,thompson,375,thompson,5.577194452285767
4,thompson,375,dickens,6.783670725645842
4,thompson,375,melville,7.218603467941284
4,thompson,375,wells,6.410776138305664
4,thompson,375,austen,6.430103858311971
4,thompson,375,fitzgerald,6.222853740056356
4,thompson,375,twain,7.064702481031418
4,thompson,375,non_oz_baum,5.852023363113403
4,thompson,375,non_oz_thompson,6.1081178188323975
4,thompson,375,contested,5.178367018699646
4,thompson,376,train,4.634199440479279
4,thompson,376,baum,5.534818291664124
4,thompson,376,thompson,5.578680753707886
4,thompson,376,dickens,6.7778550783793134
4,thompson,376,melville,7.212839221954345
4,thompson,376,wells,6.406823635101318
4,thompson,376,austen,6.426602204640706
4,thompson,376,fitzgerald,6.225683848063151
4,thompson,376,twain,7.067345976829529
4,thompson,376,non_oz_baum,5.85161817073822
4,thompson,376,non_oz_thompson,6.108136415481567
4,thompson,376,contested,5.175975918769836
4,thompson,377,train,4.646931827068329
4,thompson,377,baum,5.535983681678772
4,thompson,377,thompson,5.577632784843445
4,thompson,377,dickens,6.807080604411937
4,thompson,377,melville,7.24119553565979
4,thompson,377,wells,6.42354953289032
4,thompson,377,austen,6.449791193008423
4,thompson,377,fitzgerald,6.227234760920207
4,thompson,377,twain,7.08172744512558
4,thompson,377,non_oz_baum,5.865131855010986
4,thompson,377,non_oz_thompson,6.11114501953125
4,thompson,377,contested,5.1807191371917725
4,thompson,378,train,4.658974230289459
4,thompson,378,baum,5.531541466712952
4,thompson,378,thompson,5.5764089822769165
4,thompson,378,dickens,6.790793224617287
4,thompson,378,melville,7.224510765075683
4,thompson,378,wells,6.411201238632202
4,thompson,378,austen,6.433961550394694
4,thompson,378,fitzgerald,6.223069190979004
4,thompson,378,twain,7.06950119137764
4,thompson,378,non_oz_baum,5.854888439178467
4,thompson,378,non_oz_thompson,6.108173131942749
4,thompson,378,contested,5.175579309463501
4,thompson,379,train,4.637448251247406
4,thompson,379,baum,5.5377280712127686
4,thompson,379,thompson,5.577514886856079
4,thompson,379,dickens,6.7967010250797975
4,thompson,379,melville,7.234862041473389
4,thompson,379,wells,6.425415277481079
4,thompson,379,austen,6.446828126907349
4,thompson,379,fitzgerald,6.2305482228597
4,thompson,379,twain,7.076742917299271
4,thompson,379,non_oz_baum,5.860368609428406
4,thompson,379,non_oz_thompson,6.113744258880615
4,thompson,379,contested,5.180748701095581
4,thompson,380,train,4.644878506660461
4,thompson,380,baum,5.535019874572754
4,thompson,380,thompson,5.573271870613098
4,thompson,380,dickens,6.788061671786839
4,thompson,380,melville,7.221872854232788
4,thompson,380,wells,6.414704084396362
4,thompson,380,austen,6.4312520027160645
4,thompson,380,fitzgerald,6.226880391438802
4,thompson,380,twain,7.069660067558289
4,thompson,380,non_oz_baum,5.8565404415130615
4,thompson,380,non_oz_thompson,6.108692407608032
4,thompson,380,contested,5.174322605133057
4,thompson,381,train,4.616228520870209
4,thompson,381,baum,5.533881664276123
4,thompson,381,thompson,5.572482943534851
4,thompson,381,dickens,6.791814238936813
4,thompson,381,melville,7.226865530014038
4,thompson,381,wells,6.417837500572205
4,thompson,381,austen,6.434369087219238
4,thompson,381,fitzgerald,6.225730419158936
4,thompson,381,twain,7.072271525859833
4,thompson,381,non_oz_baum,5.855431437492371
4,thompson,381,non_oz_thompson,6.1051554679870605
4,thompson,381,contested,5.171328663825989
4,thompson,382,train,4.630992114543915
4,thompson,382,baum,5.53461217880249
4,thompson,382,thompson,5.57318389415741
4,thompson,382,dickens,6.800042311350505
4,thompson,382,melville,7.237156820297241
4,thompson,382,wells,6.422255516052246
4,thompson,382,austen,6.437860329945882
4,thompson,382,fitzgerald,6.228096087773641
4,thompson,382,twain,7.0797863602638245
4,thompson,382,non_oz_baum,5.857648134231567
4,thompson,382,non_oz_thompson,6.1103479862213135
4,thompson,382,contested,5.173908710479736
4,thompson,383,train,4.630297601222992
4,thompson,383,baum,5.537595868110657
4,thompson,383,thompson,5.570671319961548
4,thompson,383,dickens,6.794294092390272
4,thompson,383,melville,7.220680379867554
4,thompson,383,wells,6.414758920669556
4,thompson,383,austen,6.434301853179932
4,thompson,383,fitzgerald,6.22631041208903
4,thompson,383,twain,7.071147829294205
4,thompson,383,non_oz_baum,5.8563607931137085
4,thompson,383,non_oz_thompson,6.106786251068115
4,thompson,383,contested,5.172764539718628
4,thompson,384,train,4.628741979598999
4,thompson,384,baum,5.538470387458801
4,thompson,384,thompson,5.570974707603455
4,thompson,384,dickens,6.809418413374159
4,thompson,384,melville,7.242266654968262
4,thompson,384,wells,6.427061200141907
4,thompson,384,austen,6.447160641352336
4,thompson,384,fitzgerald,6.230813026428223
4,thompson,384,twain,7.080510854721069
4,thompson,384,non_oz_baum,5.859519720077515
4,thompson,384,non_oz_thompson,6.117512702941895
4,thompson,384,contested,5.177287697792053
4,thompson,385,train,4.642348110675812
4,thompson,385,baum,5.538031816482544
4,thompson,385,thompson,5.567485928535461
4,thompson,385,dickens,6.794054260960332
4,thompson,385,melville,7.223395967483521
4,thompson,385,wells,6.417763233184815
4,thompson,385,austen,6.437038660049439
4,thompson,385,fitzgerald,6.226477384567261
4,thompson,385,twain,7.074177920818329
4,thompson,385,non_oz_baum,5.859367370605469
4,thompson,385,non_oz_thompson,6.110422372817993
4,thompson,385,contested,5.172873020172119
4,thompson,386,train,4.632533311843872
4,thompson,386,baum,5.534352660179138
4,thompson,386,thompson,5.567386031150818
4,thompson,386,dickens,6.810107231140137
4,thompson,386,melville,7.243074655532837
4,thompson,386,wells,6.428392648696899
4,thompson,386,austen,6.451321363449097
4,thompson,386,fitzgerald,6.231769164403279
4,thompson,386,twain,7.084797918796539
4,thompson,386,non_oz_baum,5.862676978111267
4,thompson,386,non_oz_thompson,6.113259553909302
4,thompson,386,contested,5.174819946289063
4,thompson,387,train,4.6621851325035095
4,thompson,387,baum,5.532605648040772
4,thompson,387,thompson,5.564594030380249
4,thompson,387,dickens,6.790775069484004
4,thompson,387,melville,7.225819253921509
4,thompson,387,wells,6.421615481376648
4,thompson,387,austen,6.437289158503215
4,thompson,387,fitzgerald,6.230265776316325
4,thompson,387,twain,7.0803475975990295
4,thompson,387,non_oz_baum,5.854390978813171
4,thompson,387,non_oz_thompson,6.10728931427002
4,thompson,387,contested,5.168953895568848
4,thompson,388,train,4.616568088531494
4,thompson,388,baum,5.531203269958496
4,thompson,388,thompson,5.562842488288879
4,thompson,388,dickens,6.801625110484936
4,thompson,388,melville,7.238168954849243
4,thompson,388,wells,6.429316878318787
4,thompson,388,austen,6.446295181910197
4,thompson,388,fitzgerald,6.227943976720174
4,thompson,388,twain,7.082351446151733
4,thompson,388,non_oz_baum,5.859967112541199
4,thompson,388,non_oz_thompson,6.112663984298706
4,thompson,388,contested,5.1727612018585205
4,thompson,389,train,4.586464703083038
4,thompson,389,baum,5.530712246894836
4,thompson,389,thompson,5.562559723854065
4,thompson,389,dickens,6.783612869403981
4,thompson,389,melville,7.224559497833252
4,thompson,389,wells,6.419454574584961
4,thompson,389,austen,6.437138557434082
4,thompson,389,fitzgerald,6.22766375541687
4,thompson,389,twain,7.077769905328751
4,thompson,389,non_oz_baum,5.85473370552063
4,thompson,389,non_oz_thompson,6.105937242507935
4,thompson,389,contested,5.167110800743103
4,thompson,390,train,4.617341697216034
4,thompson,390,baum,5.525927782058716
4,thompson,390,thompson,5.557011008262634
4,thompson,390,dickens,6.788222719121863
4,thompson,390,melville,7.227331209182739
4,thompson,390,wells,6.424152255058289
4,thompson,390,austen,6.433772881825765
4,thompson,390,fitzgerald,6.224457025527954
4,thompson,390,twain,7.0749416053295135
4,thompson,390,non_oz_baum,5.859066009521484
4,thompson,390,non_oz_thompson,6.108179807662964
4,thompson,390,contested,5.167734146118164
4,thompson,391,train,4.593618810176849
4,thompson,391,baum,5.529305696487427
4,thompson,391,thompson,5.559721350669861
4,thompson,391,dickens,6.803749331721553
4,thompson,391,melville,7.23578896522522
4,thompson,391,wells,6.417680025100708
4,thompson,391,austen,6.439856052398682
4,thompson,391,fitzgerald,6.224164406458537
4,thompson,391,twain,7.077589482069016
4,thompson,391,non_oz_baum,5.859241247177124
4,thompson,391,non_oz_thompson,6.10421895980835
4,thompson,391,contested,5.168118357658386
4,thompson,392,train,4.598572194576263
4,thompson,392,baum,5.532845854759216
4,thompson,392,thompson,5.560102939605713
4,thompson,392,dickens,6.809006143499304
4,thompson,392,melville,7.242933464050293
4,thompson,392,wells,6.424582839012146
4,thompson,392,austen,6.4459606011708575
4,thompson,392,fitzgerald,6.2312008539835615
4,thompson,392,twain,7.081187337636948
4,thompson,392,non_oz_baum,5.8602200746536255
4,thompson,392,non_oz_thompson,6.111166477203369
4,thompson,392,contested,5.170835852622986
4,thompson,393,train,4.626030504703522
4,thompson,393,baum,5.533313870429993
4,thompson,393,thompson,5.558481097221375
4,thompson,393,dickens,6.801128828967059
4,thompson,393,melville,7.237243223190307
4,thompson,393,wells,6.428470492362976
4,thompson,393,austen,6.444741884867351
4,thompson,393,fitzgerald,6.229162295659383
4,thompson,393,twain,7.083091706037521
4,thompson,393,non_oz_baum,5.861239790916443
4,thompson,393,non_oz_thompson,6.108914136886597
4,thompson,393,contested,5.168736219406128
4,thompson,394,train,4.610269606113434
4,thompson,394,baum,5.526417255401611
4,thompson,394,thompson,5.553339719772339
4,thompson,394,dickens,6.792280620998806
4,thompson,394,melville,7.237958335876465
4,thompson,394,wells,6.417701482772827
4,thompson,394,austen,6.439736763636272
4,thompson,394,fitzgerald,6.22399655977885
4,thompson,394,twain,7.076813101768494
4,thompson,394,non_oz_baum,5.856619477272034
4,thompson,394,non_oz_thompson,6.10554838180542
4,thompson,394,contested,5.164552569389343
4,thompson,395,train,4.585979104042053
4,thompson,395,baum,5.525754451751709
4,thompson,395,thompson,5.554447174072266
4,thompson,395,dickens,6.80645751953125
4,thompson,395,melville,7.251159858703613
4,thompson,395,wells,6.43149995803833
4,thompson,395,austen,6.450735886891683
4,thompson,395,fitzgerald,6.23180103302002
4,thompson,395,twain,7.087999165058136
4,thompson,395,non_oz_baum,5.857259511947632
4,thompson,395,non_oz_thompson,6.106673955917358
4,thompson,395,contested,5.165396809577942
4,thompson,396,train,4.5800392627716064
4,thompson,396,baum,5.5267722606658936
4,thompson,396,thompson,5.556617140769959
4,thompson,396,dickens,6.805111743785717
4,thompson,396,melville,7.245675563812256
4,thompson,396,wells,6.426532626152039
4,thompson,396,austen,6.446507533391316
4,thompson,396,fitzgerald,6.230169534683228
4,thompson,396,twain,7.084474503993988
4,thompson,396,non_oz_baum,5.85921835899353
4,thompson,396,non_oz_thompson,6.109146356582642
4,thompson,396,contested,5.168568253517151
4,thompson,397,train,4.588811159133911
4,thompson,397,baum,5.530624747276306
4,thompson,397,thompson,5.558418869972229
4,thompson,397,dickens,6.805907196468777
4,thompson,397,melville,7.244337034225464
4,thompson,397,wells,6.424720048904419
4,thompson,397,austen,6.4463123480478925
4,thompson,397,fitzgerald,6.227696975072225
4,thompson,397,twain,7.083239823579788
4,thompson,397,non_oz_baum,5.85748827457428
4,thompson,397,non_oz_thompson,6.107580184936523
4,thompson,397,contested,5.167974352836609
4,thompson,398,train,4.580095708370209
4,thompson,398,baum,5.522934794425964
4,thompson,398,thompson,5.552897810935974
4,thompson,398,dickens,6.805559123003924
4,thompson,398,melville,7.251198959350586
4,thompson,398,wells,6.420061349868774
4,thompson,398,austen,6.440725962320964
4,thompson,398,fitzgerald,6.231757402420044
4,thompson,398,twain,7.083653539419174
4,thompson,398,non_oz_baum,5.858897089958191
4,thompson,398,non_oz_thompson,6.107234001159668
4,thompson,398,contested,5.165035963058472
4,thompson,399,train,4.608802497386932
4,thompson,399,baum,5.522311210632324
4,thompson,399,thompson,5.552298307418823
4,thompson,399,dickens,6.8062619279932095
4,thompson,399,melville,7.256804895401001
4,thompson,399,wells,6.424735188484192
4,thompson,399,austen,6.443551858266194
4,thompson,399,fitzgerald,6.229189952214559
4,thompson,399,twain,7.08893010020256
4,thompson,399,non_oz_baum,5.854903697967529
4,thompson,399,non_oz_thompson,6.107744693756104
4,thompson,399,contested,5.164849162101746
4,thompson,400,train,4.572054326534271
4,thompson,400,baum,5.526869773864746
4,thompson,400,thompson,5.5502156019210815
4,thompson,400,dickens,6.797000019638626
4,thompson,400,melville,7.244720888137818
4,thompson,400,wells,6.419684529304504
4,thompson,400,austen,6.4402618408203125
4,thompson,400,fitzgerald,6.22877295811971
4,thompson,400,twain,7.083199322223663
4,thompson,400,non_oz_baum,5.855031251907349
4,thompson,400,non_oz_thompson,6.106360673904419
4,thompson,400,contested,5.163318872451782
4,thompson,401,train,4.558562457561493
4,thompson,401,baum,5.522265195846558
4,thompson,401,thompson,5.547080636024475
4,thompson,401,dickens,6.79919288776539
4,thompson,401,melville,7.251386833190918
4,thompson,401,wells,6.422189950942993
4,thompson,401,austen,6.438682238260905
4,thompson,401,fitzgerald,6.228954553604126
4,thompson,401,twain,7.087471336126328
4,thompson,401,non_oz_baum,5.852880954742432
4,thompson,401,non_oz_thompson,6.106501579284668
4,thompson,401,contested,5.159772515296936
4,thompson,402,train,4.561935305595398
4,thompson,402,baum,5.5252416133880615
4,thompson,402,thompson,5.549704194068909
4,thompson,402,dickens,6.805239924678096
4,thompson,402,melville,7.254242277145385
4,thompson,402,wells,6.430875897407532
4,thompson,402,austen,6.447793801625569
4,thompson,402,fitzgerald,6.231622219085693
4,thompson,402,twain,7.088613867759705
4,thompson,402,non_oz_baum,5.8574336767196655
4,thompson,402,non_oz_thompson,6.110498666763306
4,thompson,402,contested,5.164686322212219
4,thompson,403,train,4.559685409069061
4,thompson,403,baum,5.520954728126526
4,thompson,403,thompson,5.546137928962708
4,thompson,403,dickens,6.803737022258617
4,thompson,403,melville,7.253137111663818
4,thompson,403,wells,6.426218509674072
4,thompson,403,austen,6.44311785697937
4,thompson,403,fitzgerald,6.230504115422566
4,thompson,403,twain,7.088248997926712
4,thompson,403,non_oz_baum,5.855045199394226
4,thompson,403,non_oz_thompson,6.107287883758545
4,thompson,403,contested,5.161417245864868
4,thompson,404,train,4.560974538326263
4,thompson,404,baum,5.526477932929993
4,thompson,404,thompson,5.548982620239258
4,thompson,404,dickens,6.811115353195755
4,thompson,404,melville,7.261441946029663
4,thompson,404,wells,6.435651302337647
4,thompson,404,austen,6.445941050847371
4,thompson,404,fitzgerald,6.235659678777059
4,thompson,404,twain,7.095152765512466
4,thompson,404,non_oz_baum,5.861743807792664
4,thompson,404,non_oz_thompson,6.112199544906616
4,thompson,404,contested,5.162983298301697
4,thompson,405,train,4.568126618862152
4,thompson,405,baum,5.522446513175964
4,thompson,405,thompson,5.545363903045654
4,thompson,405,dickens,6.814728772198713
4,thompson,405,melville,7.265554141998291
4,thompson,405,wells,6.438778638839722
4,thompson,405,austen,6.455001910527547
4,thompson,405,fitzgerald,6.235390583674113
4,thompson,405,twain,7.098435014486313
4,thompson,405,non_oz_baum,5.8615562915802
4,thompson,405,non_oz_thompson,6.1148552894592285
4,thompson,405,contested,5.162972688674927
4,thompson,406,train,4.571024000644684
4,thompson,406,baum,5.5220701694488525
4,thompson,406,thompson,5.544752240180969
4,thompson,406,dickens,6.814336617787679
4,thompson,406,melville,7.264647960662842
4,thompson,406,wells,6.431967616081238
4,thompson,406,austen,6.454565127690633
4,thompson,406,fitzgerald,6.233441193898519
4,thompson,406,twain,7.093194454908371
4,thompson,406,non_oz_baum,5.862163782119751
4,thompson,406,non_oz_thompson,6.109234571456909
4,thompson,406,contested,5.162619709968567
4,thompson,407,train,4.5800901055336
4,thompson,407,baum,5.526229500770569
4,thompson,407,thompson,5.5491544008255005
4,thompson,407,dickens,6.825626761824997
4,thompson,407,melville,7.2763023853302
4,thompson,407,wells,6.440295219421387
4,thompson,407,austen,6.462325572967529
4,thompson,407,fitzgerald,6.235929727554321
4,thompson,407,twain,7.104956269264221
4,thompson,407,non_oz_baum,5.866866707801819
4,thompson,407,non_oz_thompson,6.11584210395813
4,thompson,407,contested,5.165276288986206
4,thompson,408,train,4.552864253520966
4,thompson,408,baum,5.524311780929565
4,thompson,408,thompson,5.544004917144775
4,thompson,408,dickens,6.819304748817727
4,thompson,408,melville,7.267508506774902
4,thompson,408,wells,6.433720231056213
4,thompson,408,austen,6.456345796585083
4,thompson,408,fitzgerald,6.235514402389526
4,thompson,408,twain,7.097747594118118
4,thompson,408,non_oz_baum,5.8629971742630005
4,thompson,408,non_oz_thompson,6.113006353378296
4,thompson,408,contested,5.158449411392212
4,thompson,409,train,4.583640813827515
4,thompson,409,baum,5.524725198745728
4,thompson,409,thompson,5.543245911598206
4,thompson,409,dickens,6.808002436602557
4,thompson,409,melville,7.262568426132202
4,thompson,409,wells,6.42984926700592
4,thompson,409,austen,6.450135310490926
4,thompson,409,fitzgerald,6.231228351593018
4,thompson,409,twain,7.094534695148468
4,thompson,409,non_oz_baum,5.859917640686035
4,thompson,409,non_oz_thompson,6.106666564941406
4,thompson,409,contested,5.160106301307678
4,thompson,410,train,4.544545948505402
4,thompson,410,baum,5.522944092750549
4,thompson,410,thompson,5.54219925403595
4,thompson,410,dickens,6.804197028831199
4,thompson,410,melville,7.253911542892456
4,thompson,410,wells,6.429435133934021
4,thompson,410,austen,6.441287517547607
4,thompson,410,fitzgerald,6.237324158350627
4,thompson,410,twain,7.092410653829575
4,thompson,410,non_oz_baum,5.858317017555237
4,thompson,410,non_oz_thompson,6.108853340148926
4,thompson,410,contested,5.15887725353241
4,thompson,411,train,4.563912510871887
4,thompson,411,baum,5.527051568031311
4,thompson,411,thompson,5.5400062799453735
4,thompson,411,dickens,6.8253837514806674
4,thompson,411,melville,7.2852130889892575
4,thompson,411,wells,6.441156506538391
4,thompson,411,austen,6.464619874954224
4,thompson,411,fitzgerald,6.238080342610677
4,thompson,411,twain,7.107680320739746
4,thompson,411,non_oz_baum,5.865863680839539
4,thompson,411,non_oz_thompson,6.112947940826416
4,thompson,411,contested,5.167246222496033
4,thompson,412,train,4.594136953353882
4,thompson,412,baum,5.517140626907349
4,thompson,412,thompson,5.5334824323654175
4,thompson,412,dickens,6.805609102602358
4,thompson,412,melville,7.262469005584717
4,thompson,412,wells,6.430309295654297
4,thompson,412,austen,6.447056134541829
4,thompson,412,fitzgerald,6.231668869654338
4,thompson,412,twain,7.095902860164642
4,thompson,412,non_oz_baum,5.857799053192139
4,thompson,412,non_oz_thompson,6.107232093811035
4,thompson,412,contested,5.154811501502991
4,thompson,413,train,4.5351569056510925
4,thompson,413,baum,5.52251660823822
4,thompson,413,thompson,5.538690567016602
4,thompson,413,dickens,6.8222697399280685
4,thompson,413,melville,7.278954792022705
4,thompson,413,wells,6.444307327270508
4,thompson,413,austen,6.461989959081014
4,thompson,413,fitzgerald,6.2404264609018965
4,thompson,413,twain,7.107577204704285
4,thompson,413,non_oz_baum,5.861758589744568
4,thompson,413,non_oz_thompson,6.115325212478638
4,thompson,413,contested,5.15897810459137
4,thompson,414,train,4.546692550182343
4,thompson,414,baum,5.526710629463196
4,thompson,414,thompson,5.540177702903748
4,thompson,414,dickens,6.822856126008211
4,thompson,414,melville,7.280750751495361
4,thompson,414,wells,6.44126284122467
4,thompson,414,austen,6.46004581451416
4,thompson,414,fitzgerald,6.236990292867024
4,thompson,414,twain,7.106004804372788
4,thompson,414,non_oz_baum,5.864523768424988
4,thompson,414,non_oz_thompson,6.115393161773682
4,thompson,414,contested,5.164179801940918
4,thompson,415,train,4.571811854839325
4,thompson,415,baum,5.519096612930298
4,thompson,415,thompson,5.534879684448242
4,thompson,415,dickens,6.814057420801233
4,thompson,415,melville,7.266323518753052
4,thompson,415,wells,6.438761472702026
4,thompson,415,austen,6.451908270517985
4,thompson,415,fitzgerald,6.235322952270508
4,thompson,415,twain,7.095296174287796
4,thompson,415,non_oz_baum,5.859459280967712
4,thompson,415,non_oz_thompson,6.112056493759155
4,thompson,415,contested,5.157500624656677
4,thompson,416,train,4.54470956325531
4,thompson,416,baum,5.516685247421265
4,thompson,416,thompson,5.535160660743713
4,thompson,416,dickens,6.818238470289442
4,thompson,416,melville,7.278823757171631
4,thompson,416,wells,6.4370317459106445
4,thompson,416,austen,6.457966089248657
4,thompson,416,fitzgerald,6.238562266031901
4,thompson,416,twain,7.101777404546738
4,thompson,416,non_oz_baum,5.862088680267334
4,thompson,416,non_oz_thompson,6.112976551055908
4,thompson,416,contested,5.159322619438171
4,thompson,417,train,4.555065751075745
4,thompson,417,baum,5.520999073982239
4,thompson,417,thompson,5.5349225997924805
4,thompson,417,dickens,6.813837475246853
4,thompson,417,melville,7.27337646484375
4,thompson,417,wells,6.434597492218018
4,thompson,417,austen,6.460193475087483
4,thompson,417,fitzgerald,6.235525449117024
4,thompson,417,twain,7.1041145622730255
4,thompson,417,non_oz_baum,5.86104953289032
4,thompson,417,non_oz_thompson,6.111175775527954
4,thompson,417,contested,5.159579396247864
4,thompson,418,train,4.555391371250153
4,thompson,418,baum,5.52057421207428
4,thompson,418,thompson,5.528031229972839
4,thompson,418,dickens,6.808399059154369
4,thompson,418,melville,7.27704119682312
4,thompson,418,wells,6.435642838478088
4,thompson,418,austen,6.446940978368123
4,thompson,418,fitzgerald,6.236512740453084
4,thompson,418,twain,7.099989712238312
4,thompson,418,non_oz_baum,5.857481241226196
4,thompson,418,non_oz_thompson,6.108789920806885
4,thompson,418,contested,5.1568989753723145
4,thompson,419,train,4.534649014472961
4,thompson,419,baum,5.518071293830872
4,thompson,419,thompson,5.530677437782288
4,thompson,419,dickens,6.824533833397759
4,thompson,419,melville,7.289942693710327
4,thompson,419,wells,6.445872187614441
4,thompson,419,austen,6.465540091196696
4,thompson,419,fitzgerald,6.24095884958903
4,thompson,419,twain,7.116108417510986
4,thompson,419,non_oz_baum,5.867883920669556
4,thompson,419,non_oz_thompson,6.11355185508728
4,thompson,419,contested,5.15854811668396
4,thompson,420,train,4.513341963291168
4,thompson,420,baum,5.514237284660339
4,thompson,420,thompson,5.523938059806824
4,thompson,420,dickens,6.812812981782137
4,thompson,420,melville,7.263044118881226
4,thompson,420,wells,6.4281415939331055
4,thompson,420,austen,6.445273478825887
4,thompson,420,fitzgerald,6.235038995742798
4,thompson,420,twain,7.096266657114029
4,thompson,420,non_oz_baum,5.856800317764282
4,thompson,420,non_oz_thompson,6.10746693611145
4,thompson,420,contested,5.151419281959534
4,thompson,421,train,4.497989356517792
4,thompson,421,baum,5.520976543426514
4,thompson,421,thompson,5.525663018226624
4,thompson,421,dickens,6.82265027364095
4,thompson,421,melville,7.275360107421875
4,thompson,421,wells,6.438125848770142
4,thompson,421,austen,6.460368633270264
4,thompson,421,fitzgerald,6.236240704854329
4,thompson,421,twain,7.106011837720871
4,thompson,421,non_oz_baum,5.862003445625305
4,thompson,421,non_oz_thompson,6.1093175411224365
4,thompson,421,contested,5.156018853187561
4,thompson,422,train,4.500120222568512
4,thompson,422,baum,5.519257307052612
4,thompson,422,thompson,5.526083946228027
4,thompson,422,dickens,6.831410284395571
4,thompson,422,melville,7.294239568710327
4,thompson,422,wells,6.447846531867981
4,thompson,422,austen,6.47101632754008
4,thompson,422,fitzgerald,6.24384331703186
4,thompson,422,twain,7.118742644786835
4,thompson,422,non_oz_baum,5.86812698841095
4,thompson,422,non_oz_thompson,6.113772392272949
4,thompson,422,contested,5.155611157417297
4,thompson,423,train,4.506804466247559
4,thompson,423,baum,5.519085884094238
4,thompson,423,thompson,5.524700522422791
4,thompson,423,dickens,6.826456228892009
4,thompson,423,melville,7.2916632175445555
4,thompson,423,wells,6.448825836181641
4,thompson,423,austen,6.469281355539958
4,thompson,423,fitzgerald,6.240563154220581
4,thompson,423,twain,7.112302839756012
4,thompson,423,non_oz_baum,5.867257237434387
4,thompson,423,non_oz_thompson,6.114686727523804
4,thompson,423,contested,5.15635347366333
4,thompson,424,train,4.519499838352203
4,thompson,424,baum,5.520449280738831
4,thompson,424,thompson,5.52681827545166
4,thompson,424,dickens,6.825768806316234
4,thompson,424,melville,7.296028137207031
4,thompson,424,wells,6.449273467063904
4,thompson,424,austen,6.471525351206462
4,thompson,424,fitzgerald,6.243969360987346
4,thompson,424,twain,7.117073655128479
4,thompson,424,non_oz_baum,5.864871859550476
4,thompson,424,non_oz_thompson,6.118093967437744
4,thompson,424,contested,5.159284949302673
4,thompson,425,train,4.52914309501648
4,thompson,425,baum,5.515787839889526
4,thompson,425,thompson,5.520369529724121
4,thompson,425,dickens,6.809403984634964
4,thompson,425,melville,7.274497556686401
4,thompson,425,wells,6.440039396286011
4,thompson,425,austen,6.455767869949341
4,thompson,425,fitzgerald,6.239392280578613
4,thompson,425,twain,7.108395278453827
4,thompson,425,non_oz_baum,5.859521508216858
4,thompson,425,non_oz_thompson,6.108749151229858
4,thompson,425,contested,5.151715040206909
4,thompson,426,train,4.490243554115295
4,thompson,426,baum,5.515775918960571
4,thompson,426,thompson,5.522204041481018
4,thompson,426,dickens,6.822085839730722
4,thompson,426,melville,7.288443374633789
4,thompson,426,wells,6.4438639879226685
4,thompson,426,austen,6.460289001464844
4,thompson,426,fitzgerald,6.240622361501058
4,thompson,426,twain,7.112986892461777
4,thompson,426,non_oz_baum,5.862412571907044
4,thompson,426,non_oz_thompson,6.112377882003784
4,thompson,426,contested,5.1500009298324585
4,thompson,427,train,4.537905275821686
4,thompson,427,baum,5.514975666999817
4,thompson,427,thompson,5.521562099456787
4,thompson,427,dickens,6.826374742719862
4,thompson,427,melville,7.301667785644531
4,thompson,427,wells,6.444598197937012
4,thompson,427,austen,6.464296102523804
4,thompson,427,fitzgerald,6.24289600054423
4,thompson,427,twain,7.118813782930374
4,thompson,427,non_oz_baum,5.860626578330994
4,thompson,427,non_oz_thompson,6.114886522293091
4,thompson,427,contested,5.151770353317261
4,thompson,428,train,4.506536543369293
4,thompson,428,baum,5.516310453414917
4,thompson,428,thompson,5.515793442726135
4,thompson,428,dickens,6.824562637894242
4,thompson,428,melville,7.294569587707519
4,thompson,428,wells,6.446015357971191
4,thompson,428,austen,6.465502262115479
4,thompson,428,fitzgerald,6.2413093249003095
4,thompson,428,twain,7.115839809179306
4,thompson,428,non_oz_baum,5.861971616744995
4,thompson,428,non_oz_thompson,6.112860202789307
4,thompson,428,contested,5.151222109794617
4,thompson,429,train,4.517069816589356
4,thompson,429,baum,5.5174736976623535
4,thompson,429,thompson,5.516359925270081
4,thompson,429,dickens,6.8212239124156815
4,thompson,429,melville,7.285995531082153
4,thompson,429,wells,6.442624926567078
4,thompson,429,austen,6.461956898371379
4,thompson,429,fitzgerald,6.242577950159709
4,thompson,429,twain,7.111705839633942
4,thompson,429,non_oz_baum,5.862740516662598
4,thompson,429,non_oz_thompson,6.111313104629517
4,thompson,429,contested,5.148824214935303
4,thompson,430,train,4.511218190193176
4,thompson,430,baum,5.524300575256348
4,thompson,430,thompson,5.522058963775635
4,thompson,430,dickens,6.842396453574851
4,thompson,430,melville,7.311869239807128
4,thompson,430,wells,6.462957143783569
4,thompson,430,austen,6.48116119702657
4,thompson,430,fitzgerald,6.247966368993123
4,thompson,430,twain,7.129353314638138
4,thompson,430,non_oz_baum,5.873019456863403
4,thompson,430,non_oz_thompson,6.120401620864868
4,thompson,430,contested,5.157781839370728
4,thompson,431,train,4.52790904045105
4,thompson,431,baum,5.513908863067627
4,thompson,431,thompson,5.507403492927551
4,thompson,431,dickens,6.813912374001962
4,thompson,431,melville,7.285201692581177
4,thompson,431,wells,6.4412267208099365
4,thompson,431,austen,6.459226210912068
4,thompson,431,fitzgerald,6.237455129623413
4,thompson,431,twain,7.112524956464768
4,thompson,431,non_oz_baum,5.8571473360061646
4,thompson,431,non_oz_thompson,6.111012697219849
4,thompson,431,contested,5.146039247512817
4,thompson,432,train,4.506006121635437
4,thompson,432,baum,5.514360904693604
4,thompson,432,thompson,5.509454011917114
4,thompson,432,dickens,6.824378649393718
4,thompson,432,melville,7.298050260543823
4,thompson,432,wells,6.445464611053467
4,thompson,432,austen,6.464447021484375
4,thompson,432,fitzgerald,6.235742807388306
4,thompson,432,twain,7.117329299449921
4,thompson,432,non_oz_baum,5.856159687042236
4,thompson,432,non_oz_thompson,6.111334800720215
4,thompson,432,contested,5.147391080856323
4,thompson,433,train,4.494828522205353
4,thompson,433,baum,5.52104640007019
4,thompson,433,thompson,5.515874862670898
4,thompson,433,dickens,6.842177832568133
4,thompson,433,melville,7.311863803863526
4,thompson,433,wells,6.454667329788208
4,thompson,433,austen,6.4791224002838135
4,thompson,433,fitzgerald,6.2410164674123125
4,thompson,433,twain,7.125471144914627
4,thompson,433,non_oz_baum,5.870298862457275
4,thompson,433,non_oz_thompson,6.119031429290772
4,thompson,433,contested,5.154162883758545
4,thompson,434,train,4.513872742652893
4,thompson,434,baum,5.51159656047821
4,thompson,434,thompson,5.506527066230774
4,thompson,434,dickens,6.815812764344392
4,thompson,434,melville,7.287366104125977
4,thompson,434,wells,6.442684769630432
4,thompson,434,austen,6.46039891242981
4,thompson,434,fitzgerald,6.235263744990031
4,thompson,434,twain,7.11116236448288
4,thompson,434,non_oz_baum,5.859075307846069
4,thompson,434,non_oz_thompson,6.108341932296753
4,thompson,434,contested,5.144082069396973
4,thompson,435,train,4.475648522377014
4,thompson,435,baum,5.513486266136169
4,thompson,435,thompson,5.509421348571777
4,thompson,435,dickens,6.835167778862847
4,thompson,435,melville,7.294840717315674
4,thompson,435,wells,6.447175741195679
4,thompson,435,austen,6.463395277659099
4,thompson,435,fitzgerald,6.239975770314534
4,thompson,435,twain,7.116026759147644
4,thompson,435,non_oz_baum,5.861120700836182
4,thompson,435,non_oz_thompson,6.113084554672241
4,thompson,435,contested,5.149495482444763
4,thompson,436,train,4.481826364994049
4,thompson,436,baum,5.515022397041321
4,thompson,436,thompson,5.506561994552612
4,thompson,436,dickens,6.828320803465666
4,thompson,436,melville,7.295968723297119
4,thompson,436,wells,6.449297189712524
4,thompson,436,austen,6.464490095774333
4,thompson,436,fitzgerald,6.244597514470418
4,thompson,436,twain,7.117425322532654
4,thompson,436,non_oz_baum,5.865306615829468
4,thompson,436,non_oz_thompson,6.112135887145996
4,thompson,436,contested,5.149217963218689
4,thompson,437,train,4.486716687679291
4,thompson,437,baum,5.511682152748108
4,thompson,437,thompson,5.5091248750686646
4,thompson,437,dickens,6.833119851571542
4,thompson,437,melville,7.305708694458008
4,thompson,437,wells,6.450662136077881
4,thompson,437,austen,6.470865805943807
4,thompson,437,fitzgerald,6.248937845230103
4,thompson,437,twain,7.12715670466423
4,thompson,437,non_oz_baum,5.862638831138611
4,thompson,437,non_oz_thompson,6.1156511306762695
4,thompson,437,contested,5.147477746009827
4,thompson,438,train,4.491784274578095
4,thompson,438,baum,5.514345049858093
4,thompson,438,thompson,5.506900072097778
4,thompson,438,dickens,6.8305638984397605
4,thompson,438,melville,7.306103277206421
4,thompson,438,wells,6.454951643943787
4,thompson,438,austen,6.476917266845703
4,thompson,438,fitzgerald,6.244336048762004
4,thompson,438,twain,7.124206155538559
4,thompson,438,non_oz_baum,5.866247057914734
4,thompson,438,non_oz_thompson,6.113638877868652
4,thompson,438,contested,5.1486639976501465
4,thompson,439,train,4.481862783432007
4,thompson,439,baum,5.5128254890441895
4,thompson,439,thompson,5.505299806594849
4,thompson,439,dickens,6.818974388970269
4,thompson,439,melville,7.288942623138428
4,thompson,439,wells,6.448536515235901
4,thompson,439,austen,6.461371739705403
4,thompson,439,fitzgerald,6.2446205615997314
4,thompson,439,twain,7.116486012935638
4,thompson,439,non_oz_baum,5.862115859985352
4,thompson,439,non_oz_thompson,6.11212968826294
4,thompson,439,contested,5.146045684814453
4,thompson,440,train,4.483326017856598
4,thompson,440,baum,5.519416689872742
4,thompson,440,thompson,5.510364055633545
4,thompson,440,dickens,6.84502453274197
4,thompson,440,melville,7.317083549499512
4,thompson,440,wells,6.455904841423035
4,thompson,440,austen,6.480162302652995
4,thompson,440,fitzgerald,6.248601992925008
4,thompson,440,twain,7.132858335971832
4,thompson,440,non_oz_baum,5.866382956504822
4,thompson,440,non_oz_thompson,6.118403673171997
4,thompson,440,contested,5.151195287704468
4,thompson,441,train,4.485779702663422
4,thompson,441,baum,5.511343955993652
4,thompson,441,thompson,5.501538634300232
4,thompson,441,dickens,6.823902818891737
4,thompson,441,melville,7.301910066604615
4,thompson,441,wells,6.447470307350159
4,thompson,441,austen,6.465960264205933
4,thompson,441,fitzgerald,6.245633125305176
4,thompson,441,twain,7.125760346651077
4,thompson,441,non_oz_baum,5.861243844032288
4,thompson,441,non_oz_thompson,6.1115806102752686
4,thompson,441,contested,5.140893459320068
4,thompson,442,train,4.491150200366974
4,thompson,442,baum,5.508832931518555
4,thompson,442,thompson,5.497313499450684
4,thompson,442,dickens,6.819390756112558
4,thompson,442,melville,7.297123050689697
4,thompson,442,wells,6.448820233345032
4,thompson,442,austen,6.462286710739136
4,thompson,442,fitzgerald,6.24507753054301
4,thompson,442,twain,7.122358173131943
4,thompson,442,non_oz_baum,5.856383919715881
4,thompson,442,non_oz_thompson,6.107001304626465
4,thompson,442,contested,5.140846490859985
4,thompson,443,train,4.480078518390656
4,thompson,443,baum,5.51058042049408
4,thompson,443,thompson,5.502333879470825
4,thompson,443,dickens,6.828643480936687
4,thompson,443,melville,7.30894193649292
4,thompson,443,wells,6.455572843551636
4,thompson,443,austen,6.471198002497355
4,thompson,443,fitzgerald,6.247666200002034
4,thompson,443,twain,7.132834851741791
4,thompson,443,non_oz_baum,5.86098325252533
4,thompson,443,non_oz_thompson,6.114543676376343
4,thompson,443,contested,5.143814206123352
4,thompson,444,train,4.493526875972748
4,thompson,444,baum,5.508637666702271
4,thompson,444,thompson,5.4977947473526
4,thompson,444,dickens,6.836066528602883
4,thompson,444,melville,7.3079711437225345
4,thompson,444,wells,6.453287601470947
4,thompson,444,austen,6.475524584452312
4,thompson,444,fitzgerald,6.244499842325847
4,thompson,444,twain,7.133877485990524
4,thompson,444,non_oz_baum,5.859616041183472
4,thompson,444,non_oz_thompson,6.116274356842041
4,thompson,444,contested,5.1426682472229
4,thompson,445,train,4.477186262607575
4,thompson,445,baum,5.5086188316345215
4,thompson,445,thompson,5.502071261405945
4,thompson,445,dickens,6.823973549736871
4,thompson,445,melville,7.297809934616088
4,thompson,445,wells,6.445828318595886
4,thompson,445,austen,6.463358163833618
4,thompson,445,fitzgerald,6.241644859313965
4,thompson,445,twain,7.124354332685471
4,thompson,445,non_oz_baum,5.854636192321777
4,thompson,445,non_oz_thompson,6.112425804138184
4,thompson,445,contested,5.137870788574219
4,thompson,446,train,4.46885883808136
4,thompson,446,baum,5.509146451950073
4,thompson,446,thompson,5.499176859855652
4,thompson,446,dickens,6.8360512698138205
4,thompson,446,melville,7.312844324111938
4,thompson,446,wells,6.456671237945557
4,thompson,446,austen,6.470919211705525
4,thompson,446,fitzgerald,6.247507254282634
4,thompson,446,twain,7.12855789065361
4,thompson,446,non_oz_baum,5.861945867538452
4,thompson,446,non_oz_thompson,6.114511251449585
4,thompson,446,contested,5.141616225242615
4,thompson,447,train,4.461357176303864
4,thompson,447,baum,5.510777831077576
4,thompson,447,thompson,5.499319911003113
4,thompson,447,dickens,6.828422564047354
4,thompson,447,melville,7.302105855941773
4,thompson,447,wells,6.451446175575256
4,thompson,447,austen,6.468717177708943
4,thompson,447,fitzgerald,6.24192754427592
4,thompson,447,twain,7.129054874181747
4,thompson,447,non_oz_baum,5.855071783065796
4,thompson,447,non_oz_thompson,6.1106276512146
4,thompson,447,contested,5.135106325149536
4,thompson,448,train,4.47271716594696
4,thompson,448,baum,5.510096788406372
4,thompson,448,thompson,5.498655915260315
4,thompson,448,dickens,6.8396458272580745
4,thompson,448,melville,7.316281127929687
4,thompson,448,wells,6.453316688537598
4,thompson,448,austen,6.478626171747844
4,thompson,448,fitzgerald,6.24751091003418
4,thompson,448,twain,7.132785648107529
4,thompson,448,non_oz_baum,5.860798120498657
4,thompson,448,non_oz_thompson,6.113666534423828
4,thompson,448,contested,5.141286730766296
4,thompson,449,train,4.452490508556366
4,thompson,449,baum,5.511568069458008
4,thompson,449,thompson,5.4964680671691895
4,thompson,449,dickens,6.835173783478914
4,thompson,449,melville,7.3091268062591555
4,thompson,449,wells,6.448770046234131
4,thompson,449,austen,6.474504550298055
4,thompson,449,fitzgerald,6.245217959086101
4,thompson,449,twain,7.130639642477036
4,thompson,449,non_oz_baum,5.861689329147339
4,thompson,449,non_oz_thompson,6.116179943084717
4,thompson,449,contested,5.140208840370178
4,thompson,450,train,4.453903734683991
4,thompson,450,baum,5.509118437767029
4,thompson,450,thompson,5.495695352554321
4,thompson,450,dickens,6.841559886932373
4,thompson,450,melville,7.305536079406738
4,thompson,450,wells,6.454602599143982
4,thompson,450,austen,6.477192163467407
4,thompson,450,fitzgerald,6.248093207677205
4,thompson,450,twain,7.1327120661735535
4,thompson,450,non_oz_baum,5.862782120704651
4,thompson,450,non_oz_thompson,6.1133177280426025
4,thompson,450,contested,5.13902759552002
4,thompson,451,train,4.434739410877228
4,thompson,451,baum,5.506797432899475
4,thompson,451,thompson,5.494112014770508
4,thompson,451,dickens,6.836940641756411
4,thompson,451,melville,7.3200061321258545
4,thompson,451,wells,6.455825090408325
4,thompson,451,austen,6.474616289138794
4,thompson,451,fitzgerald,6.245701392491658
4,thompson,451,twain,7.134139627218247
4,thompson,451,non_oz_baum,5.863682985305786
4,thompson,451,non_oz_thompson,6.114151477813721
4,thompson,451,contested,5.139442920684815
4,thompson,452,train,4.435448467731476
4,thompson,452,baum,5.509444355964661
4,thompson,452,thompson,5.49058735370636
4,thompson,452,dickens,6.842844468575937
4,thompson,452,melville,7.319768667221069
4,thompson,452,wells,6.456682205200195
4,thompson,452,austen,6.479671478271484
4,thompson,452,fitzgerald,6.2503715356191
4,thompson,452,twain,7.135369926691055
4,thompson,452,non_oz_baum,5.865767121315002
4,thompson,452,non_oz_thompson,6.11673641204834
4,thompson,452,contested,5.139830470085144
4,thompson,453,train,4.467977464199066
4,thompson,453,baum,5.503500461578369
4,thompson,453,thompson,5.490675330162048
4,thompson,453,dickens,6.824562832161233
4,thompson,453,melville,7.299736356735229
4,thompson,453,wells,6.450235486030579
4,thompson,453,austen,6.4613463083903
4,thompson,453,fitzgerald,6.248796542485555
4,thompson,453,twain,7.130271852016449
4,thompson,453,non_oz_baum,5.855889081954956
4,thompson,453,non_oz_thompson,6.109616279602051
4,thompson,453,contested,5.132094025611877
4,thompson,454,train,4.443080842494965
4,thompson,454,baum,5.512822508811951
4,thompson,454,thompson,5.497800230979919
4,thompson,454,dickens,6.854649720368562
4,thompson,454,melville,7.333866739273072
4,thompson,454,wells,6.465058088302612
4,thompson,454,austen,6.489721059799194
4,thompson,454,fitzgerald,6.24972414970398
4,thompson,454,twain,7.147011905908585
4,thompson,454,non_oz_baum,5.869961977005005
4,thompson,454,non_oz_thompson,6.117189645767212
4,thompson,454,contested,5.142351865768433
4,thompson,455,train,4.470441699028015
4,thompson,455,baum,5.505715727806091
4,thompson,455,thompson,5.491610407829285
4,thompson,455,dickens,6.85167517485442
4,thompson,455,melville,7.338344049453735
4,thompson,455,wells,6.4716256856918335
4,thompson,455,austen,6.493069966634114
4,thompson,455,fitzgerald,6.253088156382243
4,thompson,455,twain,7.152632653713226
4,thompson,455,non_oz_baum,5.868857383728027
4,thompson,455,non_oz_thompson,6.1160523891448975
4,thompson,455,contested,5.138443827629089
4,thompson,456,train,4.472901105880737
4,thompson,456,baum,5.509514331817627
4,thompson,456,thompson,5.491870284080505
4,thompson,456,dickens,6.847280731907597
4,thompson,456,melville,7.321574926376343
4,thompson,456,wells,6.4624727964401245
4,thompson,456,austen,6.482061465581258
4,thompson,456,fitzgerald,6.247432867685954
4,thompson,456,twain,7.141844481229782
4,thompson,456,non_oz_baum,5.864431858062744
4,thompson,456,non_oz_thompson,6.11788535118103
4,thompson,456,contested,5.138440370559692
4,thompson,457,train,4.426811873912811
4,thompson,457,baum,5.507237672805786
4,thompson,457,thompson,5.487482905387878
4,thompson,457,dickens,6.841635774683069
4,thompson,457,melville,7.318709802627564
4,thompson,457,wells,6.462627410888672
4,thompson,457,austen,6.482015768686931
4,thompson,457,fitzgerald,6.249049345652263
4,thompson,457,twain,7.141465097665787
4,thompson,457,non_oz_baum,5.86102831363678
4,thompson,457,non_oz_thompson,6.119332313537598
4,thompson,457,contested,5.137198567390442
4,thompson,458,train,4.455987393856049
4,thompson,458,baum,5.512488126754761
4,thompson,458,thompson,5.489684820175171
4,thompson,458,dickens,6.84293430822867
4,thompson,458,melville,7.315360450744629
4,thompson,458,wells,6.463365793228149
4,thompson,458,austen,6.481856107711792
4,thompson,458,fitzgerald,6.254506429036458
4,thompson,458,twain,7.1433285176754
4,thompson,458,non_oz_baum,5.864877462387085
4,thompson,458,non_oz_thompson,6.117915391921997
4,thompson,458,contested,5.135506749153137
4,thompson,459,train,4.454195022583008
4,thompson,459,baum,5.5072526931762695
4,thompson,459,thompson,5.486239194869995
4,thompson,459,dickens,6.851665691093162
4,thompson,459,melville,7.332015419006348
4,thompson,459,wells,6.46165943145752
4,thompson,459,austen,6.482882738113403
4,thompson,459,fitzgerald,6.254211028416951
4,thompson,459,twain,7.148600608110428
4,thompson,459,non_oz_baum,5.862970232963562
4,thompson,459,non_oz_thompson,6.120633363723755
4,thompson,459,contested,5.1358723640441895
4,thompson,460,train,4.429136991500855
4,thompson,460,baum,5.508643269538879
4,thompson,460,thompson,5.487461447715759
4,thompson,460,dickens,6.843926518051712
4,thompson,460,melville,7.309633016586304
4,thompson,460,wells,6.457522630691528
4,thompson,460,austen,6.47676157951355
4,thompson,460,fitzgerald,6.2522651354471845
4,thompson,460,twain,7.143959313631058
4,thompson,460,non_oz_baum,5.85779595375061
4,thompson,460,non_oz_thompson,6.116160154342651
4,thompson,460,contested,5.135637044906616
4,thompson,461,train,4.429437935352325
4,thompson,461,baum,5.499679446220398
4,thompson,461,thompson,5.480751395225525
4,thompson,461,dickens,6.8436783331411855
4,thompson,461,melville,7.314275646209717
4,thompson,461,wells,6.457177758216858
4,thompson,461,austen,6.474236965179443
4,thompson,461,fitzgerald,6.247384786605835
4,thompson,461,twain,7.140601307153702
4,thompson,461,non_oz_baum,5.861799240112305
4,thompson,461,non_oz_thompson,6.110624074935913
4,thompson,461,contested,5.130424857139587
4,thompson,462,train,4.424368917942047
4,thompson,462,baum,5.502344727516174
4,thompson,462,thompson,5.488945245742798
4,thompson,462,dickens,6.857945265593352
4,thompson,462,melville,7.346389818191528
4,thompson,462,wells,6.473792791366577
4,thompson,462,austen,6.4927488168080645
4,thompson,462,fitzgerald,6.255383332570394
4,thompson,462,twain,7.159047782421112
4,thompson,462,non_oz_baum,5.870818018913269
4,thompson,462,non_oz_thompson,6.119171380996704
4,thompson,462,contested,5.138840079307556
4,thompson,463,train,4.416720151901245
4,thompson,463,baum,5.506110310554504
4,thompson,463,thompson,5.485616326332092
4,thompson,463,dickens,6.859775084036368
4,thompson,463,melville,7.3378763675689695
4,thompson,463,wells,6.473025798797607
4,thompson,463,austen,6.489892482757568
4,thompson,463,fitzgerald,6.257097482681274
4,thompson,463,twain,7.152793347835541
4,thompson,463,non_oz_baum,5.868881821632385
4,thompson,463,non_oz_thompson,6.116723775863648
4,thompson,463,contested,5.135785341262817
4,thompson,464,train,4.408312559127808
4,thompson,464,baum,5.505980491638184
4,thompson,464,thompson,5.4838268756866455
4,thompson,464,dickens,6.845324163083677
4,thompson,464,melville,7.320752811431885
4,thompson,464,wells,6.461874485015869
4,thompson,464,austen,6.474695364634196
4,thompson,464,fitzgerald,6.250949541727702
4,thompson,464,twain,7.147574186325073
4,thompson,464,non_oz_baum,5.862841486930847
4,thompson,464,non_oz_thompson,6.1131651401519775
4,thompson,464,contested,5.130603790283203
4,thompson,465,train,4.46711277961731
4,thompson,465,baum,5.508432984352112
4,thompson,465,thompson,5.487524032592773
4,thompson,465,dickens,6.869840568966335
4,thompson,465,melville,7.352267169952393
4,thompson,465,wells,6.475896835327148
4,thompson,465,austen,6.497453848520915
4,thompson,465,fitzgerald,6.259853045145671
4,thompson,465,twain,7.162604451179504
4,thompson,465,non_oz_baum,5.870521783828735
4,thompson,465,non_oz_thompson,6.125442981719971
4,thompson,465,contested,5.139105439186096
4,thompson,466,train,4.413030683994293
4,thompson,466,baum,5.50397539138794
4,thompson,466,thompson,5.483245372772217
4,thompson,466,dickens,6.858705326362893
4,thompson,466,melville,7.337212896347045
4,thompson,466,wells,6.462894320487976
4,thompson,466,austen,6.486349980036418
4,thompson,466,fitzgerald,6.253869295120239
4,thompson,466,twain,7.153460800647736
4,thompson,466,non_oz_baum,5.868393659591675
4,thompson,466,non_oz_thompson,6.116801977157593
4,thompson,466,contested,5.131769061088562
4,thompson,467,train,4.403530240058899
4,thompson,467,baum,5.513393878936768
4,thompson,467,thompson,5.493990778923035
4,thompson,467,dickens,6.878653031808359
4,thompson,467,melville,7.364908218383789
4,thompson,467,wells,6.478658795356751
4,thompson,467,austen,6.5058731238047285
4,thompson,467,fitzgerald,6.262192805608113
4,thompson,467,twain,7.171800792217255
4,thompson,467,non_oz_baum,5.874063849449158
4,thompson,467,non_oz_thompson,6.12694787979126
4,thompson,467,contested,5.140615463256836
4,thompson,468,train,4.4295448660850525
4,thompson,468,baum,5.50146758556366
4,thompson,468,thompson,5.480007529258728
4,thompson,468,dickens,6.8488279625221535
4,thompson,468,melville,7.33340163230896
4,thompson,468,wells,6.459315299987793
4,thompson,468,austen,6.478290716807048
4,thompson,468,fitzgerald,6.253931919733684
4,thompson,468,twain,7.151833325624466
4,thompson,468,non_oz_baum,5.861225247383118
4,thompson,468,non_oz_thompson,6.11329197883606
4,thompson,468,contested,5.127363085746765
4,thompson,469,train,4.414809942245483
4,thompson,469,baum,5.509339213371277
4,thompson,469,thompson,5.484409689903259
4,thompson,469,dickens,6.862905060803449
4,thompson,469,melville,7.355212545394897
4,thompson,469,wells,6.477796673774719
4,thompson,469,austen,6.4949727058410645
4,thompson,469,fitzgerald,6.258797645568848
4,thompson,469,twain,7.169373005628586
4,thompson,469,non_oz_baum,5.870677709579468
4,thompson,469,non_oz_thompson,6.119802713394165
4,thompson,469,contested,5.136008977890015
4,thompson,470,train,4.430553078651428
4,thompson,470,baum,5.508253931999207
4,thompson,470,thompson,5.47808825969696
4,thompson,470,dickens,6.840926717828821
4,thompson,470,melville,7.3120448112487795
4,thompson,470,wells,6.457495927810669
4,thompson,470,austen,6.4726456006368
4,thompson,470,fitzgerald,6.251659711201985
4,thompson,470,twain,7.14058718085289
4,thompson,470,non_oz_baum,5.861387133598328
4,thompson,470,non_oz_thompson,6.113043308258057
4,thompson,470,contested,5.127232074737549
4,thompson,471,train,4.3827415108680725
4,thompson,471,baum,5.506759762763977
4,thompson,471,thompson,5.481746435165405
4,thompson,471,dickens,6.854151443198875
4,thompson,471,melville,7.328571510314942
4,thompson,471,wells,6.464084506034851
4,thompson,471,austen,6.481274445851644
4,thompson,471,fitzgerald,6.2535726229349775
4,thompson,471,twain,7.152787387371063
4,thompson,471,non_oz_baum,5.8659093379974365
4,thompson,471,non_oz_thompson,6.117450952529907
4,thompson,471,contested,5.128444075584412
4,thompson,472,train,4.435257196426392
4,thompson,472,baum,5.508742809295654
4,thompson,472,thompson,5.481557011604309
4,thompson,472,dickens,6.863055423454002
4,thompson,472,melville,7.337902069091797
4,thompson,472,wells,6.478545665740967
4,thompson,472,austen,6.491175889968872
4,thompson,472,fitzgerald,6.262852668762207
4,thompson,472,twain,7.163311541080475
4,thompson,472,non_oz_baum,5.866464376449585
4,thompson,472,non_oz_thompson,6.122652769088745
4,thompson,472,contested,5.129884481430054
4,thompson,473,train,4.399261295795441
4,thompson,473,baum,5.509597897529602
4,thompson,473,thompson,5.483972907066345
4,thompson,473,dickens,6.84784025616116
4,thompson,473,melville,7.335377693176269
4,thompson,473,wells,6.477892875671387
4,thompson,473,austen,6.487659374872844
4,thompson,473,fitzgerald,6.263382434844971
4,thompson,473,twain,7.166728913784027
4,thompson,473,non_oz_baum,5.865714192390442
4,thompson,473,non_oz_thompson,6.121616363525391
4,thompson,473,contested,5.1290671825408936
4,thompson,474,train,4.421361744403839
4,thompson,474,baum,5.505254626274109
4,thompson,474,thompson,5.476190805435181
4,thompson,474,dickens,6.860372772923222
4,thompson,474,melville,7.334573793411255
4,thompson,474,wells,6.46781849861145
4,thompson,474,austen,6.487947781880696
4,thompson,474,fitzgerald,6.254554430643718
4,thompson,474,twain,7.154540300369263
4,thompson,474,non_oz_baum,5.8700984716415405
4,thompson,474,non_oz_thompson,6.118572235107422
4,thompson,474,contested,5.128189444541931
4,thompson,475,train,4.426181614398956
4,thompson,475,baum,5.51039981842041
4,thompson,475,thompson,5.48506498336792
4,thompson,475,dickens,6.878984769185384
4,thompson,475,melville,7.360408687591553
4,thompson,475,wells,6.482585549354553
4,thompson,475,austen,6.508206288019816
4,thompson,475,fitzgerald,6.25820517539978
4,thompson,475,twain,7.169170558452606
4,thompson,475,non_oz_baum,5.879226326942444
4,thompson,475,non_oz_thompson,6.127065181732178
4,thompson,475,contested,5.1323477029800415
4,thompson,476,train,4.382610440254211
4,thompson,476,baum,5.507259011268616
4,thompson,476,thompson,5.479104995727539
4,thompson,476,dickens,6.870757297233299
4,thompson,476,melville,7.353923511505127
4,thompson,476,wells,6.482118844985962
4,thompson,476,austen,6.501344442367554
4,thompson,476,fitzgerald,6.26215934753418
4,thompson,476,twain,7.167367249727249
4,thompson,476,non_oz_baum,5.872876763343811
4,thompson,476,non_oz_thompson,6.121097803115845
4,thompson,476,contested,5.128624320030212
4,thompson,477,train,4.393482983112335
4,thompson,477,baum,5.501583814620972
4,thompson,477,thompson,5.472155451774597
4,thompson,477,dickens,6.85776968355532
4,thompson,477,melville,7.337584638595581
4,thompson,477,wells,6.464101791381836
4,thompson,477,austen,6.483654260635376
4,thompson,477,fitzgerald,6.255666573842366
4,thompson,477,twain,7.153232842683792
4,thompson,477,non_oz_baum,5.8705527782440186
4,thompson,477,non_oz_thompson,6.118515729904175
4,thompson,477,contested,5.121121525764465
4,thompson,478,train,4.401321172714233
4,thompson,478,baum,5.505064368247986
4,thompson,478,thompson,5.478129267692566
4,thompson,478,dickens,6.86406891434281
4,thompson,478,melville,7.357842636108399
4,thompson,478,wells,6.476349472999573
4,thompson,478,austen,6.4983016649882
4,thompson,478,fitzgerald,6.2632715702056885
4,thompson,478,twain,7.177431017160416
4,thompson,478,non_oz_baum,5.872089505195618
4,thompson,478,non_oz_thompson,6.124536037445068
4,thompson,478,contested,5.12629234790802
4,thompson,479,train,4.367329180240631
4,thompson,479,baum,5.496703505516052
4,thompson,479,thompson,5.473515152931213
4,thompson,479,dickens,6.863124865072745
4,thompson,479,melville,7.350041437149048
4,thompson,479,wells,6.474011182785034
4,thompson,479,austen,6.495306889216105
4,thompson,479,fitzgerald,6.256016095479329
4,thompson,479,twain,7.170300930738449
4,thompson,479,non_oz_baum,5.868252635002136
4,thompson,479,non_oz_thompson,6.117341041564941
4,thompson,479,contested,5.120588421821594
4,thompson,480,train,4.3981993198394775
4,thompson,480,baum,5.498331665992737
4,thompson,480,thompson,5.474096655845642
4,thompson,480,dickens,6.863852624539976
4,thompson,480,melville,7.349764347076416
4,thompson,480,wells,6.47637140750885
4,thompson,480,austen,6.493980010350545
4,thompson,480,fitzgerald,6.264937400817871
4,thompson,480,twain,7.169735282659531
4,thompson,480,non_oz_baum,5.867737889289856
4,thompson,480,non_oz_thompson,6.122107744216919
4,thompson,480,contested,5.123698353767395
4,thompson,481,train,4.393607974052429
4,thompson,481,baum,5.504946112632752
4,thompson,481,thompson,5.470096826553345
4,thompson,481,dickens,6.884053477534541
4,thompson,481,melville,7.370905828475952
4,thompson,481,wells,6.485540509223938
4,thompson,481,austen,6.514740546544393
4,thompson,481,fitzgerald,6.265857617060344
4,thompson,481,twain,7.1803639233112335
4,thompson,481,non_oz_baum,5.873792409896851
4,thompson,481,non_oz_thompson,6.128275156021118
4,thompson,481,contested,5.12768292427063
4,thompson,482,train,4.382951855659485
4,thompson,482,baum,5.51230776309967
4,thompson,482,thompson,5.4747456312179565
4,thompson,482,dickens,6.862326780954997
4,thompson,482,melville,7.3589318752288815
4,thompson,482,wells,6.489942193031311
4,thompson,482,austen,6.511868874231975
4,thompson,482,fitzgerald,6.265387217203776
4,thompson,482,twain,7.1781556606292725
4,thompson,482,non_oz_baum,5.876471281051636
4,thompson,482,non_oz_thompson,6.124513864517212
4,thompson,482,contested,5.126879096031189
4,thompson,483,train,4.3738396763801575
4,thompson,483,baum,5.503533482551575
4,thompson,483,thompson,5.472376346588135
4,thompson,483,dickens,6.880728050514504
4,thompson,483,melville,7.373676061630249
4,thompson,483,wells,6.4860838651657104
4,thompson,483,austen,6.50916862487793
4,thompson,483,fitzgerald,6.267209847768148
4,thompson,483,twain,7.178620934486389
4,thompson,483,non_oz_baum,5.872749447822571
4,thompson,483,non_oz_thompson,6.129843235015869
4,thompson,483,contested,5.128713130950928
4,thompson,484,train,4.385857939720154
4,thompson,484,baum,5.498894095420837
4,thompson,484,thompson,5.470170021057129
4,thompson,484,dickens,6.8631485303243
4,thompson,484,melville,7.342286062240601
4,thompson,484,wells,6.474760413169861
4,thompson,484,austen,6.4911298751831055
4,thompson,484,fitzgerald,6.258100191752116
4,thompson,484,twain,7.157240033149719
4,thompson,484,non_oz_baum,5.862526297569275
4,thompson,484,non_oz_thompson,6.118629217147827
4,thompson,484,contested,5.122499465942383
4,thompson,485,train,4.364784121513367
4,thompson,485,baum,5.504538178443909
4,thompson,485,thompson,5.469650626182556
4,thompson,485,dickens,6.869109083105017
4,thompson,485,melville,7.360509395599365
4,thompson,485,wells,6.482336282730103
4,thompson,485,austen,6.498469750086467
4,thompson,485,fitzgerald,6.26727827390035
4,thompson,485,twain,7.175295203924179
4,thompson,485,non_oz_baum,5.868744254112244
4,thompson,485,non_oz_thompson,6.122628927230835
4,thompson,485,contested,5.121145009994507
4,thompson,486,train,4.377875983715057
4,thompson,486,baum,5.498236775398254
4,thompson,486,thompson,5.468299388885498
4,thompson,486,dickens,6.867729328296803
4,thompson,486,melville,7.352614498138427
4,thompson,486,wells,6.47684109210968
4,thompson,486,austen,6.497073411941528
4,thompson,486,fitzgerald,6.267634153366089
4,thompson,486,twain,7.168616324663162
4,thompson,486,non_oz_baum,5.867108941078186
4,thompson,486,non_oz_thompson,6.120399236679077
4,thompson,486,contested,5.120234489440918
4,thompson,487,train,4.378805279731751
4,thompson,487,baum,5.504465460777283
4,thompson,487,thompson,5.470832943916321
4,thompson,487,dickens,6.866984049479167
4,thompson,487,melville,7.362306451797485
4,thompson,487,wells,6.486546754837036
4,thompson,487,austen,6.508249918619792
4,thompson,487,fitzgerald,6.268994172414144
4,thompson,487,twain,7.179540306329727
4,thompson,487,non_oz_baum,5.876097559928894
4,thompson,487,non_oz_thompson,6.124339818954468
4,thompson,487,contested,5.124161720275879
4,thompson,488,train,4.36161482334137
4,thompson,488,baum,5.504106760025024
4,thompson,488,thompson,5.474301099777222
4,thompson,488,dickens,6.876162476009792
4,thompson,488,melville,7.37292742729187
4,thompson,488,wells,6.490558743476868
4,thompson,488,austen,6.51357634862264
4,thompson,488,fitzgerald,6.264317750930786
4,thompson,488,twain,7.1824299693107605
4,thompson,488,non_oz_baum,5.876974701881409
4,thompson,488,non_oz_thompson,6.129305839538574
4,thompson,488,contested,5.127970576286316
4,thompson,489,train,4.386384606361389
4,thompson,489,baum,5.498988151550293
4,thompson,489,thompson,5.467305541038513
4,thompson,489,dickens,6.856079136883771
4,thompson,489,melville,7.352051734924316
4,thompson,489,wells,6.475644469261169
4,thompson,489,austen,6.492748498916626
4,thompson,489,fitzgerald,6.261419773101807
4,thompson,489,twain,7.168416202068329
4,thompson,489,non_oz_baum,5.869079828262329
4,thompson,489,non_oz_thompson,6.118746757507324
4,thompson,489,contested,5.119006872177124
4,thompson,490,train,4.369519472122192
4,thompson,490,baum,5.499835968017578
4,thompson,490,thompson,5.464871764183044
4,thompson,490,dickens,6.874372429317898
4,thompson,490,melville,7.356712102890015
4,thompson,490,wells,6.479275941848755
4,thompson,490,austen,6.496652285257976
4,thompson,490,fitzgerald,6.266324996948242
4,thompson,490,twain,7.175841689109802
4,thompson,490,non_oz_baum,5.870350241661072
4,thompson,490,non_oz_thompson,6.122180700302124
4,thompson,490,contested,5.12077534198761
4,thompson,491,train,4.372385263442993
4,thompson,491,baum,5.502324223518372
4,thompson,491,thompson,5.466897368431091
4,thompson,491,dickens,6.889701931564896
4,thompson,491,melville,7.385098552703857
4,thompson,491,wells,6.493111610412598
4,thompson,491,austen,6.514121135075887
4,thompson,491,fitzgerald,6.272683461507161
4,thompson,491,twain,7.186072140932083
4,thompson,491,non_oz_baum,5.880380988121033
4,thompson,491,non_oz_thompson,6.128512144088745
4,thompson,491,contested,5.129867672920227
4,thompson,492,train,4.367052972316742
4,thompson,492,baum,5.50309157371521
4,thompson,492,thompson,5.4660727977752686
4,thompson,492,dickens,6.871906880979185
4,thompson,492,melville,7.376121759414673
4,thompson,492,wells,6.487594246864319
4,thompson,492,austen,6.505160093307495
4,thompson,492,fitzgerald,6.263914585113525
4,thompson,492,twain,7.183329731225967
4,thompson,492,non_oz_baum,5.877379775047302
4,thompson,492,non_oz_thompson,6.126854181289673
4,thompson,492,contested,5.123413562774658
4,thompson,493,train,4.350868821144104
4,thompson,493,baum,5.501729846000671
4,thompson,493,thompson,5.465406537055969
4,thompson,493,dickens,6.87241268157959
4,thompson,493,melville,7.373408412933349
4,thompson,493,wells,6.486032247543335
4,thompson,493,austen,6.5034464200337725
4,thompson,493,fitzgerald,6.270598649978638
4,thompson,493,twain,7.180789887905121
4,thompson,493,non_oz_baum,5.874879360198975
4,thompson,493,non_oz_thompson,6.125768661499023
4,thompson,493,contested,5.122766613960266
4,thompson,494,train,4.322560787200928
4,thompson,494,baum,5.4997663497924805
4,thompson,494,thompson,5.462504744529724
4,thompson,494,dickens,6.873121243936044
4,thompson,494,melville,7.371640682220459
4,thompson,494,wells,6.485279440879822
4,thompson,494,austen,6.50565258661906
4,thompson,494,fitzgerald,6.259630521138509
4,thompson,494,twain,7.180997222661972
4,thompson,494,non_oz_baum,5.8735140562057495
4,thompson,494,non_oz_thompson,6.123255014419556
4,thompson,494,contested,5.120001792907715
4,thompson,495,train,4.370259702205658
4,thompson,495,baum,5.503057479858398
4,thompson,495,thompson,5.46083927154541
4,thompson,495,dickens,6.865794852927879
4,thompson,495,melville,7.362149286270141
4,thompson,495,wells,6.477673292160034
4,thompson,495,austen,6.495368878046672
4,thompson,495,fitzgerald,6.268332878748576
4,thompson,495,twain,7.178220093250275
4,thompson,495,non_oz_baum,5.867691278457642
4,thompson,495,non_oz_thompson,6.118191480636597
4,thompson,495,contested,5.11715841293335
4,thompson,496,train,4.360539436340332
4,thompson,496,baum,5.501907825469971
4,thompson,496,thompson,5.467038035392761
4,thompson,496,dickens,6.870299533561424
4,thompson,496,melville,7.373034715652466
4,thompson,496,wells,6.487064838409424
4,thompson,496,austen,6.508127689361572
4,thompson,496,fitzgerald,6.264653921127319
4,thompson,496,twain,7.183163702487946
4,thompson,496,non_oz_baum,5.874333024024963
4,thompson,496,non_oz_thompson,6.122763156890869
4,thompson,496,contested,5.122216939926148
4,thompson,497,train,4.336571991443634
4,thompson,497,baum,5.496482849121094
4,thompson,497,thompson,5.462208867073059
4,thompson,497,dickens,6.8732735669171365
4,thompson,497,melville,7.374142980575561
4,thompson,497,wells,6.493551254272461
4,thompson,497,austen,6.507254521052043
4,thompson,497,fitzgerald,6.273734490076701
4,thompson,497,twain,7.184570789337158
4,thompson,497,non_oz_baum,5.8761537075042725
4,thompson,497,non_oz_thompson,6.1295695304870605
4,thompson,497,contested,5.124112963676453
4,thompson,498,train,4.3560638427734375
4,thompson,498,baum,5.503110647201538
4,thompson,498,thompson,5.4645750522613525
4,thompson,498,dickens,6.881412417800338
4,thompson,498,melville,7.382937955856323
4,thompson,498,wells,6.49726402759552
4,thompson,498,austen,6.512010892232259
4,thompson,498,fitzgerald,6.269202947616577
4,thompson,498,twain,7.187312632799149
4,thompson,498,non_oz_baum,5.876920461654663
4,thompson,498,non_oz_thompson,6.127474069595337
4,thompson,498,contested,5.125097632408142
4,thompson,499,train,4.353906989097595
4,thompson,499,baum,5.50341272354126
4,thompson,499,thompson,5.461769461631775
4,thompson,499,dickens,6.886569146756773
4,thompson,499,melville,7.396039009094238
4,thompson,499,wells,6.500703454017639
4,thompson,499,austen,6.521682580312093
4,thompson,499,fitzgerald,6.27689003944397
4,thompson,499,twain,7.197868764400482
4,thompson,499,non_oz_baum,5.879948854446411
4,thompson,499,non_oz_thompson,6.130702018737793
4,thompson,499,contested,5.120902299880981
4,thompson,500,train,4.354350566864014
4,thompson,500,baum,5.500372290611267
4,thompson,500,thompson,5.456621527671814
4,thompson,500,dickens,6.88223374331439
4,thompson,500,melville,7.369788408279419
4,thompson,500,wells,6.4891884326934814
4,thompson,500,austen,6.510870138804118
4,thompson,500,fitzgerald,6.267602920532227
4,thompson,500,twain,7.1826949417591095
4,thompson,500,non_oz_baum,5.871138095855713
4,thompson,500,non_oz_thompson,6.123822450637817
4,thompson,500,contested,5.116380929946899
4,thompson,501,train,4.339995324611664
4,thompson,501,baum,5.499459505081177
4,thompson,501,thompson,5.457798480987549
4,thompson,501,dickens,6.877901147913049
4,thompson,501,melville,7.382269716262817
4,thompson,501,wells,6.491676926612854
4,thompson,501,austen,6.510571638743083
4,thompson,501,fitzgerald,6.274177710215251
4,thompson,501,twain,7.187323659658432
4,thompson,501,non_oz_baum,5.87620210647583
4,thompson,501,non_oz_thompson,6.126154184341431
4,thompson,501,contested,5.11988627910614
4,thompson,502,train,4.319494724273682
4,thompson,502,baum,5.501463890075684
4,thompson,502,thompson,5.463261008262634
4,thompson,502,dickens,6.890570393315068
4,thompson,502,melville,7.386415338516235
4,thompson,502,wells,6.499834418296814
4,thompson,502,austen,6.525798400243123
4,thompson,502,fitzgerald,6.272358020146688
4,thompson,502,twain,7.202060401439667
4,thompson,502,non_oz_baum,5.878017544746399
4,thompson,502,non_oz_thompson,6.130970001220703
4,thompson,502,contested,5.1195443868637085
4,thompson,503,train,4.3611369132995605
4,thompson,503,baum,5.501157283782959
4,thompson,503,thompson,5.459757328033447
4,thompson,503,dickens,6.893069125987865
4,thompson,503,melville,7.394105911254883
4,thompson,503,wells,6.503367304801941
4,thompson,503,austen,6.5237250328063965
4,thompson,503,fitzgerald,6.276048580805461
4,thompson,503,twain,7.197787523269653
4,thompson,503,non_oz_baum,5.883557796478272
4,thompson,503,non_oz_thompson,6.133100509643555
4,thompson,503,contested,5.120391964912415
4,thompson,504,train,4.337369322776794
4,thompson,504,baum,5.497541546821594
4,thompson,504,thompson,5.459200620651245
4,thompson,504,dickens,6.892380802719681
4,thompson,504,melville,7.3883970260620115
4,thompson,504,wells,6.500891923904419
4,thompson,504,austen,6.5189619064331055
4,thompson,504,fitzgerald,6.275892019271851
4,thompson,504,twain,7.190560787916184
4,thompson,504,non_oz_baum,5.880426526069641
4,thompson,504,non_oz_thompson,6.132047176361084
4,thompson,504,contested,5.121561408042908
4,thompson,505,train,4.3516716957092285
4,thompson,505,baum,5.496435880661011
4,thompson,505,thompson,5.45175838470459
4,thompson,505,dickens,6.876195095203541
4,thompson,505,melville,7.37475266456604
4,thompson,505,wells,6.491816997528076
4,thompson,505,austen,6.509544690450032
4,thompson,505,fitzgerald,6.265460968017578
4,thompson,505,twain,7.187546998262405
4,thompson,505,non_oz_baum,5.870581984519959
4,thompson,505,non_oz_thompson,6.122897148132324
4,thompson,505,contested,5.115740656852722
4,thompson,506,train,4.361737012863159
4,thompson,506,baum,5.492430686950684
4,thompson,506,thompson,5.450884461402893
4,thompson,506,dickens,6.885958812854908
4,thompson,506,melville,7.382888746261597
4,thompson,506,wells,6.490556955337524
4,thompson,506,austen,6.512885967890422
4,thompson,506,fitzgerald,6.266863107681274
4,thompson,506,twain,7.190162092447281
4,thompson,506,non_oz_baum,5.87291431427002
4,thompson,506,non_oz_thompson,6.12078332901001
4,thompson,506,contested,5.11095654964447
4,thompson,507,train,4.31730842590332
4,thompson,507,baum,5.497130870819092
4,thompson,507,thompson,5.452561259269714
4,thompson,507,dickens,6.902473114154957
4,thompson,507,melville,7.409340620040893
4,thompson,507,wells,6.508728265762329
4,thompson,507,austen,6.529479265213013
4,thompson,507,fitzgerald,6.272085666656494
4,thompson,507,twain,7.205800414085388
4,thompson,507,non_oz_baum,5.880300641059876
4,thompson,507,non_oz_thompson,6.130077362060547
4,thompson,507,contested,5.116684317588806
4,thompson,508,train,4.341500461101532
4,thompson,508,baum,5.495496034622192
4,thompson,508,thompson,5.448114156723023
4,thompson,508,dickens,6.880082095110858
4,thompson,508,melville,7.37453784942627
4,thompson,508,wells,6.489488959312439
4,thompson,508,austen,6.506204843521118
4,thompson,508,fitzgerald,6.270743449529012
4,thompson,508,twain,7.186533510684967
4,thompson,508,non_oz_baum,5.872583031654358
4,thompson,508,non_oz_thompson,6.122723817825317
4,thompson,508,contested,5.113037109375
4,thompson,509,train,4.316908538341522
4,thompson,509,baum,5.49753475189209
4,thompson,509,thompson,5.453146696090698
4,thompson,509,dickens,6.891837190698694
4,thompson,509,melville,7.391372776031494
4,thompson,509,wells,6.500754952430725
4,thompson,509,austen,6.525854428609212
4,thompson,509,fitzgerald,6.271080255508423
4,thompson,509,twain,7.200221240520477
4,thompson,509,non_oz_baum,5.875917911529541
4,thompson,509,non_oz_thompson,6.128660678863525
4,thompson,509,contested,5.1133822202682495
4,thompson,510,train,4.310034871101379
4,thompson,510,baum,5.496673464775085
4,thompson,510,thompson,5.452448129653931
4,thompson,510,dickens,6.886581208970812
4,thompson,510,melville,7.398024368286133
4,thompson,510,wells,6.499709844589233
4,thompson,510,austen,6.518276373545329
4,thompson,510,fitzgerald,6.274622201919556
4,thompson,510,twain,7.200265496969223
4,thompson,510,non_oz_baum,5.874128937721252
4,thompson,510,non_oz_thompson,6.129468679428101
4,thompson,510,contested,5.110769033432007
4,thompson,511,train,4.320191383361816
4,thompson,511,baum,5.498942852020264
4,thompson,511,thompson,5.455634832382202
4,thompson,511,dickens,6.902083026038276
4,thompson,511,melville,7.394374036788941
4,thompson,511,wells,6.506260871887207
4,thompson,511,austen,6.523873170216878
4,thompson,511,fitzgerald,6.275585492451985
4,thompson,511,twain,7.201173722743988
4,thompson,511,non_oz_baum,5.879995942115784
4,thompson,511,non_oz_thompson,6.133470296859741
4,thompson,511,contested,5.117297053337097
4,thompson,512,train,4.327392160892487
4,thompson,512,baum,5.495897889137268
4,thompson,512,thompson,5.446007370948792
4,thompson,512,dickens,6.892222245534261
4,thompson,512,melville,7.399516868591308
4,thompson,512,wells,6.50124716758728
4,thompson,512,austen,6.522124846776326
4,thompson,512,fitzgerald,6.275415817896525
4,thompson,512,twain,7.201969385147095
4,thompson,512,non_oz_baum,5.875753402709961
4,thompson,512,non_oz_thompson,6.130585193634033
4,thompson,512,contested,5.115406036376953
4,thompson,513,train,4.317955017089844
4,thompson,513,baum,5.494357466697693
4,thompson,513,thompson,5.445309281349182
4,thompson,513,dickens,6.887499738622595
4,thompson,513,melville,7.382709789276123
4,thompson,513,wells,6.49571704864502
4,thompson,513,austen,6.51247509320577
4,thompson,513,fitzgerald,6.268365780512492
4,thompson,513,twain,7.190016269683838
4,thompson,513,non_oz_baum,5.872028589248657
4,thompson,513,non_oz_thompson,6.126899480819702
4,thompson,513,contested,5.1119678020477295
4,thompson,514,train,4.327150523662567
4,thompson,514,baum,5.499625205993652
4,thompson,514,thompson,5.448261857032776
4,thompson,514,dickens,6.896690792507595
4,thompson,514,melville,7.39939398765564
4,thompson,514,wells,6.504648804664612
4,thompson,514,austen,6.525696595509847
4,thompson,514,fitzgerald,6.275132497151692
4,thompson,514,twain,7.202987223863602
4,thompson,514,non_oz_baum,5.879278063774109
4,thompson,514,non_oz_thompson,6.136045455932617
4,thompson,514,contested,5.115925073623657
4,thompson,515,train,4.304715633392334
4,thompson,515,baum,5.492393374443054
4,thompson,515,thompson,5.442306041717529
4,thompson,515,dickens,6.8809225294325085
4,thompson,515,melville,7.387643194198608
4,thompson,515,wells,6.496244788169861
4,thompson,515,austen,6.509831190109253
4,thompson,515,fitzgerald,6.275063673655192
4,thompson,515,twain,7.204872131347656
4,thompson,515,non_oz_baum,5.869067311286926
4,thompson,515,non_oz_thompson,6.123959064483643
4,thompson,515,contested,5.107653617858887
4,thompson,516,train,4.334295570850372
4,thompson,516,baum,5.499917387962341
4,thompson,516,thompson,5.451929688453674
4,thompson,516,dickens,6.897023148006863
4,thompson,516,melville,7.395132255554199
4,thompson,516,wells,6.501746416091919
4,thompson,516,austen,6.52477780977885
4,thompson,516,fitzgerald,6.275648911794026
4,thompson,516,twain,7.209059000015259
4,thompson,516,non_oz_baum,5.878271818161011
4,thompson,516,non_oz_thompson,6.132200479507446
4,thompson,516,contested,5.113599419593811
4,thompson,517,train,4.308730065822601
4,thompson,517,baum,5.496444940567017
4,thompson,517,thompson,5.453261137008667
4,thompson,517,dickens,6.903861787584093
4,thompson,517,melville,7.402869367599488
4,thompson,517,wells,6.508912682533264
4,thompson,517,austen,6.532618045806885
4,thompson,517,fitzgerald,6.281761964162191
4,thompson,517,twain,7.214973330497742
4,thompson,517,non_oz_baum,5.880961775779724
4,thompson,517,non_oz_thompson,6.134828329086304
4,thompson,517,contested,5.116045951843262
4,thompson,518,train,4.300485908985138
4,thompson,518,baum,5.497923254966736
4,thompson,518,thompson,5.451272130012512
4,thompson,518,dickens,6.9025158352322045
4,thompson,518,melville,7.406858491897583
4,thompson,518,wells,6.508119225502014
4,thompson,518,austen,6.529561996459961
4,thompson,518,fitzgerald,6.284529844919841
4,thompson,518,twain,7.212693810462952
4,thompson,518,non_oz_baum,5.883172273635864
4,thompson,518,non_oz_thompson,6.139704942703247
4,thompson,518,contested,5.115025758743286
4,thompson,519,train,4.319496512413025
4,thompson,519,baum,5.501161694526672
4,thompson,519,thompson,5.452233076095581
4,thompson,519,dickens,6.927123546600342
4,thompson,519,melville,7.427751302719116
4,thompson,519,wells,6.5333473682403564
4,thompson,519,austen,6.55601954460144
4,thompson,519,fitzgerald,6.292888243993123
4,thompson,519,twain,7.235424876213074
4,thompson,519,non_oz_baum,5.887682199478149
4,thompson,519,non_oz_thompson,6.143076658248901
4,thompson,519,contested,5.119776487350464
4,thompson,520,train,4.283129572868347
4,thompson,520,baum,5.49530827999115
4,thompson,520,thompson,5.445897579193115
4,thompson,520,dickens,6.897525522443983
4,thompson,520,melville,7.4031267166137695
4,thompson,520,wells,6.5057549476623535
4,thompson,520,austen,6.5220104058583575
4,thompson,520,fitzgerald,6.28218690554301
4,thompson,520,twain,7.214486360549927
4,thompson,520,non_oz_baum,5.876653075218201
4,thompson,520,non_oz_thompson,6.135125160217285
4,thompson,520,contested,5.109739422798157
4,thompson,521,train,4.28930789232254
4,thompson,521,baum,5.492301344871521
4,thompson,521,thompson,5.4450531005859375
4,thompson,521,dickens,6.905061156661422
4,thompson,521,melville,7.406602621078491
4,thompson,521,wells,6.50956392288208
4,thompson,521,austen,6.527757565180461
4,thompson,521,fitzgerald,6.278926531473796
4,thompson,521,twain,7.21028134226799
4,thompson,521,non_oz_baum,5.877551078796387
4,thompson,521,non_oz_thompson,6.131671190261841
4,thompson,521,contested,5.11227011680603
4,thompson,522,train,4.294080197811127
4,thompson,522,baum,5.491336226463318
4,thompson,522,thompson,5.439449191093445
4,thompson,522,dickens,6.892326655211272
4,thompson,522,melville,7.396759605407714
4,thompson,522,wells,6.500800967216492
4,thompson,522,austen,6.521182616551717
4,thompson,522,fitzgerald,6.274959484736125
4,thompson,522,twain,7.210364997386932
4,thompson,522,non_oz_baum,5.873197793960571
4,thompson,522,non_oz_thompson,6.127031564712524
4,thompson,522,contested,5.10441517829895
4,thompson,523,train,4.258007526397705
4,thompson,523,baum,5.494201898574829
4,thompson,523,thompson,5.442525267601013
4,thompson,523,dickens,6.907980406725848
4,thompson,523,melville,7.410031175613403
4,thompson,523,wells,6.50612998008728
4,thompson,523,austen,6.529512087504069
4,thompson,523,fitzgerald,6.282809893290202
4,thompson,523,twain,7.219493895769119
4,thompson,523,non_oz_baum,5.876425623893738
4,thompson,523,non_oz_thompson,6.135476589202881
4,thompson,523,contested,5.106086015701294
4,thompson,524,train,4.305010378360748
4,thompson,524,baum,5.495967268943787
4,thompson,524,thompson,5.445747375488281
4,thompson,524,dickens,6.918078192958125
4,thompson,524,melville,7.423001098632812
4,thompson,524,wells,6.516642332077026
4,thompson,524,austen,6.538264751434326
4,thompson,524,fitzgerald,6.289596557617188
4,thompson,524,twain,7.230811327695847
4,thompson,524,non_oz_baum,5.881573557853699
4,thompson,524,non_oz_thompson,6.139264106750488
4,thompson,524,contested,5.112021207809448
4,thompson,525,train,4.305395483970642
4,thompson,525,baum,5.499254107475281
4,thompson,525,thompson,5.445352554321289
4,thompson,525,dickens,6.913070254855686
4,thompson,525,melville,7.423314332962036
4,thompson,525,wells,6.517491579055786
4,thompson,525,austen,6.538615465164185
4,thompson,525,fitzgerald,6.2784929275512695
4,thompson,525,twain,7.222826838493347
4,thompson,525,non_oz_baum,5.882799029350281
4,thompson,525,non_oz_thompson,6.135685205459595
4,thompson,525,contested,5.112095952033997
4,thompson,526,train,4.283125877380371
4,thompson,526,baum,5.4916545152664185
4,thompson,526,thompson,5.443070411682129
4,thompson,526,dickens,6.915213620221174
4,thompson,526,melville,7.422082138061524
4,thompson,526,wells,6.508810043334961
4,thompson,526,austen,6.532959222793579
4,thompson,526,fitzgerald,6.284665028254191
4,thompson,526,twain,7.22080397605896
4,thompson,526,non_oz_baum,5.878488302230835
4,thompson,526,non_oz_thompson,6.133501529693604
4,thompson,526,contested,5.106469631195068
4,thompson,527,train,4.298937916755676
4,thompson,527,baum,5.4926124811172485
4,thompson,527,thompson,5.445968270301819
4,thompson,527,dickens,6.903027340217873
4,thompson,527,melville,7.407913541793823
4,thompson,527,wells,6.507013201713562
4,thompson,527,austen,6.527749697367351
4,thompson,527,fitzgerald,6.278645038604736
4,thompson,527,twain,7.218857407569885
4,thompson,527,non_oz_baum,5.877893686294556
4,thompson,527,non_oz_thompson,6.133044481277466
4,thompson,527,contested,5.103163719177246
4,thompson,528,train,4.296112716197968
4,thompson,528,baum,5.489995241165161
4,thompson,528,thompson,5.44215738773346
4,thompson,528,dickens,6.920235987062807
4,thompson,528,melville,7.41572117805481
4,thompson,528,wells,6.513888001441956
4,thompson,528,austen,6.53241244951884
4,thompson,528,fitzgerald,6.278128703435262
4,thompson,528,twain,7.221774160861969
4,thompson,528,non_oz_baum,5.879765868186951
4,thompson,528,non_oz_thompson,6.131598711013794
4,thompson,528,contested,5.105047941207886
4,thompson,529,train,4.289103150367737
4,thompson,529,baum,5.493472218513489
4,thompson,529,thompson,5.437726259231567
4,thompson,529,dickens,6.912947743027298
4,thompson,529,melville,7.41381721496582
4,thompson,529,wells,6.508936524391174
4,thompson,529,austen,6.5260993639628095
4,thompson,529,fitzgerald,6.277581771214803
4,thompson,529,twain,7.219080716371536
4,thompson,529,non_oz_baum,5.876118779182434
4,thompson,529,non_oz_thompson,6.134928226470947
4,thompson,529,contested,5.104497790336609
4,thompson,530,train,4.305722892284393
4,thompson,530,baum,5.492934226989746
4,thompson,530,thompson,5.439755320549011
4,thompson,530,dickens,6.908258491092258
4,thompson,530,melville,7.4115489482879635
4,thompson,530,wells,6.513087511062622
4,thompson,530,austen,6.52741018931071
4,thompson,530,fitzgerald,6.280351479848226
4,thompson,530,twain,7.220961481332779
4,thompson,530,non_oz_baum,5.8789825439453125
4,thompson,530,non_oz_thompson,6.13444447517395
4,thompson,530,contested,5.1052809953689575
4,thompson,531,train,4.268662512302399
4,thompson,531,baum,5.503810405731201
4,thompson,531,thompson,5.444114208221436
4,thompson,531,dickens,6.926057038483797
4,thompson,531,melville,7.442754745483398
4,thompson,531,wells,6.531447529792786
4,thompson,531,austen,6.550300041834514
4,thompson,531,fitzgerald,6.288649638493856
4,thompson,531,twain,7.239801794290543
4,thompson,531,non_oz_baum,5.885198712348938
4,thompson,531,non_oz_thompson,6.140870332717896
4,thompson,531,contested,5.108646392822266
4,thompson,532,train,4.275711357593536
4,thompson,532,baum,5.504810214042664
4,thompson,532,thompson,5.442138195037842
4,thompson,532,dickens,6.940416600969103
4,thompson,532,melville,7.443007946014404
4,thompson,532,wells,6.533125042915344
4,thompson,532,austen,6.555570602416992
4,thompson,532,fitzgerald,6.2913587888081866
4,thompson,532,twain,7.237373352050781
4,thompson,532,non_oz_baum,5.890623331069946
4,thompson,532,non_oz_thompson,6.150140762329102
4,thompson,532,contested,5.115415453910828
4,thompson,533,train,4.292416751384735
4,thompson,533,baum,5.497346758842468
4,thompson,533,thompson,5.437893629074097
4,thompson,533,dickens,6.912034281977901
4,thompson,533,melville,7.414605617523193
4,thompson,533,wells,6.510354280471802
4,thompson,533,austen,6.537714958190918
4,thompson,533,fitzgerald,6.286577224731445
4,thompson,533,twain,7.222200155258179
4,thompson,533,non_oz_baum,5.883305549621582
4,thompson,533,non_oz_thompson,6.143924951553345
4,thompson,533,contested,5.112888216972351
4,thompson,534,train,4.274554252624512
4,thompson,534,baum,5.497302293777466
4,thompson,534,thompson,5.43730628490448
4,thompson,534,dickens,6.9332840707567005
4,thompson,534,melville,7.440454292297363
4,thompson,534,wells,6.526721715927124
4,thompson,534,austen,6.550735712051392
4,thompson,534,fitzgerald,6.2859288056691485
4,thompson,534,twain,7.234594732522964
4,thompson,534,non_oz_baum,5.886139988899231
4,thompson,534,non_oz_thompson,6.144420623779297
4,thompson,534,contested,5.110013008117676
4,thompson,535,train,4.275326251983643
4,thompson,535,baum,5.495713949203491
4,thompson,535,thompson,5.432815074920654
4,thompson,535,dickens,6.919571964829056
4,thompson,535,melville,7.426434469223023
4,thompson,535,wells,6.51694929599762
4,thompson,535,austen,6.535942951838176
4,thompson,535,fitzgerald,6.288822174072266
4,thompson,535,twain,7.2295089066028595
4,thompson,535,non_oz_baum,5.884529113769531
4,thompson,535,non_oz_thompson,6.143256187438965
4,thompson,535,contested,5.1076565980911255
4,thompson,536,train,4.303567290306091
4,thompson,536,baum,5.5010974407196045
4,thompson,536,thompson,5.434171199798584
4,thompson,536,dickens,6.932101126070376
4,thompson,536,melville,7.44215235710144
4,thompson,536,wells,6.528542995452881
4,thompson,536,austen,6.550612211227417
4,thompson,536,fitzgerald,6.291781902313232
4,thompson,536,twain,7.242088317871094
4,thompson,536,non_oz_baum,5.888396859169006
4,thompson,536,non_oz_thompson,6.143771648406982
4,thompson,536,contested,5.11064088344574
4,thompson,537,train,4.283199846744537
4,thompson,537,baum,5.495422124862671
4,thompson,537,thompson,5.435564756393433
4,thompson,537,dickens,6.934969884377939
4,thompson,537,melville,7.4463296890258786
4,thompson,537,wells,6.530832052230835
4,thompson,537,austen,6.549097935358684
4,thompson,537,fitzgerald,6.295246680577596
4,thompson,537,twain,7.241429001092911
4,thompson,537,non_oz_baum,5.885531187057495
4,thompson,537,non_oz_thompson,6.14643120765686
4,thompson,537,contested,5.105008006095886
4,thompson,538,train,4.286194920539856
4,thompson,538,baum,5.500488996505737
4,thompson,538,thompson,5.436592936515808
4,thompson,538,dickens,6.938481330871582
4,thompson,538,melville,7.450484657287598
4,thompson,538,wells,6.53285014629364
4,thompson,538,austen,6.554340839385986
4,thompson,538,fitzgerald,6.297234694163005
4,thompson,538,twain,7.244497984647751
4,thompson,538,non_oz_baum,5.88714337348938
4,thompson,538,non_oz_thompson,6.146665096282959
4,thompson,538,contested,5.109170436859131
4,thompson,539,train,4.267938077449799
4,thompson,539,baum,5.495758533477783
4,thompson,539,thompson,5.431849241256714
4,thompson,539,dickens,6.938742143136484
4,thompson,539,melville,7.438738918304443
4,thompson,539,wells,6.530157804489136
4,thompson,539,austen,6.54991881052653
4,thompson,539,fitzgerald,6.294026454289754
4,thompson,539,twain,7.2386049926280975
4,thompson,539,non_oz_baum,5.884269952774048
4,thompson,539,non_oz_thompson,6.146553754806519
4,thompson,539,contested,5.107274532318115
4,thompson,540,train,4.263229668140411
4,thompson,540,baum,5.499263286590576
4,thompson,540,thompson,5.435914993286133
4,thompson,540,dickens,6.93907896677653
4,thompson,540,melville,7.451683807373047
4,thompson,540,wells,6.534899473190308
4,thompson,540,austen,6.561366319656372
4,thompson,540,fitzgerald,6.296025514602661
4,thompson,540,twain,7.248895347118378
4,thompson,540,non_oz_baum,5.88780665397644
4,thompson,540,non_oz_thompson,6.147134780883789
4,thompson,540,contested,5.108994364738464
4,thompson,541,train,4.27283787727356
4,thompson,541,baum,5.496271014213562
4,thompson,541,thompson,5.431726813316345
4,thompson,541,dickens,6.931859157703541
4,thompson,541,melville,7.4388947010040285
4,thompson,541,wells,6.527023196220398
4,thompson,541,austen,6.549166440963745
4,thompson,541,fitzgerald,6.294917901357015
4,thompson,541,twain,7.236094146966934
4,thompson,541,non_oz_baum,5.881752967834473
4,thompson,541,non_oz_thompson,6.141635417938232
4,thompson,541,contested,5.106382369995117
4,thompson,542,train,4.295081555843353
4,thompson,542,baum,5.497758865356445
4,thompson,542,thompson,5.432118654251099
4,thompson,542,dickens,6.925105130230939
4,thompson,542,melville,7.435430192947388
4,thompson,542,wells,6.52977442741394
4,thompson,542,austen,6.542887767155965
4,thompson,542,fitzgerald,6.29008420308431
4,thompson,542,twain,7.233725368976593
4,thompson,542,non_oz_baum,5.878130555152893
4,thompson,542,non_oz_thompson,6.138919591903687
4,thompson,542,contested,5.106194496154785
4,thompson,543,train,4.25577837228775
4,thompson,543,baum,5.499214053153992
4,thompson,543,thompson,5.434361934661865
4,thompson,543,dickens,6.935835485105161
4,thompson,543,melville,7.453380823135376
4,thompson,543,wells,6.530272603034973
4,thompson,543,austen,6.554370085398356
4,thompson,543,fitzgerald,6.29970137278239
4,thompson,543,twain,7.248603641986847
4,thompson,543,non_oz_baum,5.888034701347351
4,thompson,543,non_oz_thompson,6.144968986511231
4,thompson,543,contested,5.105883717536926
4,thompson,544,train,4.263445317745209
4,thompson,544,baum,5.499055981636047
4,thompson,544,thompson,5.434726357460022
4,thompson,544,dickens,6.951421402118824
4,thompson,544,melville,7.461982488632202
4,thompson,544,wells,6.543031692504883
4,thompson,544,austen,6.5634816487630205
4,thompson,544,fitzgerald,6.296452363332112
4,thompson,544,twain,7.256438255310059
4,thompson,544,non_oz_baum,5.890480995178223
4,thompson,544,non_oz_thompson,6.149776458740234
4,thompson,544,contested,5.105945706367493
4,thompson,545,train,4.251480758190155
4,thompson,545,baum,5.48712432384491
4,thompson,545,thompson,5.425053596496582
4,thompson,545,dickens,6.930616396444815
4,thompson,545,melville,7.437466192245483
4,thompson,545,wells,6.52289617061615
4,thompson,545,austen,6.537626663843791
4,thompson,545,fitzgerald,6.28971807161967
4,thompson,545,twain,7.236332148313522
4,thompson,545,non_oz_baum,5.8758649826049805
4,thompson,545,non_oz_thompson,6.136116981506348
4,thompson,545,contested,5.096954941749573
4,thompson,546,train,4.231568217277527
4,thompson,546,baum,5.497319459915161
4,thompson,546,thompson,5.432483434677124
4,thompson,546,dickens,6.945440663231744
4,thompson,546,melville,7.457021713256836
4,thompson,546,wells,6.546862959861755
4,thompson,546,austen,6.5611263910929365
4,thompson,546,fitzgerald,6.300918261210124
4,thompson,546,twain,7.259837031364441
4,thompson,546,non_oz_baum,5.885210394859314
4,thompson,546,non_oz_thompson,6.148573160171509
4,thompson,546,contested,5.10647189617157
4,thompson,547,train,4.240664839744568
4,thompson,547,baum,5.493907451629639
4,thompson,547,thompson,5.431148648262024
4,thompson,547,dickens,6.931640960552074
4,thompson,547,melville,7.435546207427978
4,thompson,547,wells,6.522589921951294
4,thompson,547,austen,6.542048454284668
4,thompson,547,fitzgerald,6.295531511306763
4,thompson,547,twain,7.238277226686478
4,thompson,547,non_oz_baum,5.8795775175094604
4,thompson,547,non_oz_thompson,6.143558263778687
4,thompson,547,contested,5.10175633430481
4,thompson,548,train,4.2412150502204895
4,thompson,548,baum,5.497950553894043
4,thompson,548,thompson,5.4303905963897705
4,thompson,548,dickens,6.93378280710291
4,thompson,548,melville,7.452510738372803
4,thompson,548,wells,6.5345107316970825
4,thompson,548,austen,6.550558884938558
4,thompson,548,fitzgerald,6.298159599304199
4,thompson,548,twain,7.246946603059769
4,thompson,548,non_oz_baum,5.885253548622131
4,thompson,548,non_oz_thompson,6.145464658737183
4,thompson,548,contested,5.104428768157959
4,thompson,549,train,4.229648649692535
4,thompson,549,baum,5.503906846046448
4,thompson,549,thompson,5.434722781181336
4,thompson,549,dickens,6.949118437590422
4,thompson,549,melville,7.467950677871704
4,thompson,549,wells,6.553445816040039
4,thompson,549,austen,6.566994110743205
4,thompson,549,fitzgerald,6.308984041213989
4,thompson,549,twain,7.267081320285797
4,thompson,549,non_oz_baum,5.892008185386658
4,thompson,549,non_oz_thompson,6.151394128799439
4,thompson,549,contested,5.109761357307434
4,thompson,550,train,4.2609341740608215
4,thompson,550,baum,5.494961857795715
4,thompson,550,thompson,5.425392508506775
4,thompson,550,dickens,6.926524833396629
4,thompson,550,melville,7.440335321426391
4,thompson,550,wells,6.525457143783569
4,thompson,550,austen,6.541992108027141
4,thompson,550,fitzgerald,6.294927676518758
4,thompson,550,twain,7.240128099918365
4,thompson,550,non_oz_baum,5.882458209991455
4,thompson,550,non_oz_thompson,6.140000581741333
4,thompson,550,contested,5.10121488571167
4,thompson,551,train,4.249093532562256
4,thompson,551,baum,5.497153162956238
4,thompson,551,thompson,5.423756241798401
4,thompson,551,dickens,6.943607789498788
4,thompson,551,melville,7.461851739883423
4,thompson,551,wells,6.542254567146301
4,thompson,551,austen,6.555563847223918
4,thompson,551,fitzgerald,6.300402482350667
4,thompson,551,twain,7.2561028599739075
4,thompson,551,non_oz_baum,5.8821117877960205
4,thompson,551,non_oz_thompson,6.140830755233765
4,thompson,551,contested,5.10096275806427
4,thompson,552,train,4.232644200325012
4,thompson,552,baum,5.488565683364868
4,thompson,552,thompson,5.423725843429565
4,thompson,552,dickens,6.941542713730423
4,thompson,552,melville,7.459231853485107
4,thompson,552,wells,6.539999604225159
4,thompson,552,austen,6.555506547292073
4,thompson,552,fitzgerald,6.297970374425252
4,thompson,552,twain,7.251175075769424
4,thompson,552,non_oz_baum,5.884924292564392
4,thompson,552,non_oz_thompson,6.144253730773926
4,thompson,552,contested,5.10366415977478
4,thompson,553,train,4.210864901542664
4,thompson,553,baum,5.498044729232788
4,thompson,553,thompson,5.427315354347229
4,thompson,553,dickens,6.937578642809832
4,thompson,553,melville,7.453323698043823
4,thompson,553,wells,6.541145205497742
4,thompson,553,austen,6.556708971659343
4,thompson,553,fitzgerald,6.302383502324422
4,thompson,553,twain,7.25364351272583
4,thompson,553,non_oz_baum,5.888485670089722
4,thompson,553,non_oz_thompson,6.149072408676148
4,thompson,553,contested,5.101869940757752
4,thompson,554,train,4.241556525230408
4,thompson,554,baum,5.499247193336487
4,thompson,554,thompson,5.424351453781128
4,thompson,554,dickens,6.956046846177843
4,thompson,554,melville,7.462473154067993
4,thompson,554,wells,6.547232389450073
4,thompson,554,austen,6.56835142771403
4,thompson,554,fitzgerald,6.302758137385051
4,thompson,554,twain,7.258415341377258
4,thompson,554,non_oz_baum,5.893920660018921
4,thompson,554,non_oz_thompson,6.147610187530518
4,thompson,554,contested,5.104079723358154
4,thompson,555,train,4.216700375080109
4,thompson,555,baum,5.496125102043152
4,thompson,555,thompson,5.421833395957947
4,thompson,555,dickens,6.944105360243055
4,thompson,555,melville,7.46253399848938
4,thompson,555,wells,6.543131709098816
4,thompson,555,austen,6.559919993082683
4,thompson,555,fitzgerald,6.302596807479858
4,thompson,555,twain,7.257946342229843
4,thompson,555,non_oz_baum,5.893423080444336
4,thompson,555,non_oz_thompson,6.146158933639526
4,thompson,555,contested,5.103339076042175
4,thompson,556,train,4.228729903697968
4,thompson,556,baum,5.502323865890503
4,thompson,556,thompson,5.426751494407654
4,thompson,556,dickens,6.9664880258065685
4,thompson,556,melville,7.472275161743164
4,thompson,556,wells,6.553935170173645
4,thompson,556,austen,6.573848247528076
4,thompson,556,fitzgerald,6.307820955912272
4,thompson,556,twain,7.269837915897369
4,thompson,556,non_oz_baum,5.900990009307861
4,thompson,556,non_oz_thompson,6.154400110244751
4,thompson,556,contested,5.107011437416077
4,thompson,557,train,4.214564681053162
4,thompson,557,baum,5.501699924468994
4,thompson,557,thompson,5.425248503684998
4,thompson,557,dickens,6.950644881637008
4,thompson,557,melville,7.4599591255187985
4,thompson,557,wells,6.550384759902954
4,thompson,557,austen,6.565720240275065
4,thompson,557,fitzgerald,6.302046934763591
4,thompson,557,twain,7.260335266590118
4,thompson,557,non_oz_baum,5.89437198638916
4,thompson,557,non_oz_thompson,6.149393320083618
4,thompson,557,contested,5.105510950088501
4,thompson,558,train,4.226593554019928
4,thompson,558,baum,5.494981408119202
4,thompson,558,thompson,5.426272511482239
4,thompson,558,dickens,6.958427252592863
4,thompson,558,melville,7.467981815338135
4,thompson,558,wells,6.5608415603637695
4,thompson,558,austen,6.5737331708272295
4,thompson,558,fitzgerald,6.309224208196004
4,thompson,558,twain,7.266895055770874
4,thompson,558,non_oz_baum,5.892619609832764
4,thompson,558,non_oz_thompson,6.156513690948486
4,thompson,558,contested,5.107058525085449
4,thompson,559,train,4.210657894611359
4,thompson,559,baum,5.497403025627136
4,thompson,559,thompson,5.425803661346436
4,thompson,559,dickens,6.954459208029288
4,thompson,559,melville,7.469852113723755
4,thompson,559,wells,6.55253005027771
4,thompson,559,austen,6.571657498677571
4,thompson,559,fitzgerald,6.301081418991089
4,thompson,559,twain,7.266350567340851
4,thompson,559,non_oz_baum,5.891947507858276
4,thompson,559,non_oz_thompson,6.15138578414917
4,thompson,559,contested,5.1009896993637085
4,thompson,560,train,4.229970991611481
4,thompson,560,baum,5.498827815055847
4,thompson,560,thompson,5.425398707389832
4,thompson,560,dickens,6.969699100211814
4,thompson,560,melville,7.494653415679932
4,thompson,560,wells,6.562347173690796
4,thompson,560,austen,6.585553646087647
4,thompson,560,fitzgerald,6.310879309972127
4,thompson,560,twain,7.2848941385746
4,thompson,560,non_oz_baum,5.8943469524383545
4,thompson,560,non_oz_thompson,6.151562929153442
4,thompson,560,contested,5.105423927307129
4,thompson,561,train,4.226944923400879
4,thompson,561,baum,5.492725968360901
4,thompson,561,thompson,5.4211266040802
4,thompson,561,dickens,6.958767484735559
4,thompson,561,melville,7.4785247325897215
4,thompson,561,wells,6.544477343559265
4,thompson,561,austen,6.568529764811198
4,thompson,561,fitzgerald,6.302347501118978
4,thompson,561,twain,7.265348970890045
4,thompson,561,non_oz_baum,5.885343074798584
4,thompson,561,non_oz_thompson,6.1494140625
4,thompson,561,contested,5.098999977111816
4,thompson,562,train,4.219904780387878
4,thompson,562,baum,5.50115978717804
4,thompson,562,thompson,5.424100399017334
4,thompson,562,dickens,6.971088550708912
4,thompson,562,melville,7.489200687408447
4,thompson,562,wells,6.557058453559876
4,thompson,562,austen,6.576504707336426
4,thompson,562,fitzgerald,6.307492176691691
4,thompson,562,twain,7.274385392665863
4,thompson,562,non_oz_baum,5.894360780715942
4,thompson,562,non_oz_thompson,6.152355432510376
4,thompson,562,contested,5.102104187011719
4,thompson,563,train,4.198062896728516
4,thompson,563,baum,5.495828986167908
4,thompson,563,thompson,5.417707800865173
4,thompson,563,dickens,6.960446587315312
4,thompson,563,melville,7.470898675918579
4,thompson,563,wells,6.551925659179688
4,thompson,563,austen,6.572733322779338
4,thompson,563,fitzgerald,6.307095607121785
4,thompson,563,twain,7.269202530384064
4,thompson,563,non_oz_baum,5.889435768127441
4,thompson,563,non_oz_thompson,6.1488869190216064
4,thompson,563,contested,5.100684285163879
4,thompson,564,train,4.189907014369965
4,thompson,564,baum,5.49610698223114
4,thompson,564,thompson,5.416607141494751
4,thompson,564,dickens,6.940816208168313
4,thompson,564,melville,7.473570203781128
4,thompson,564,wells,6.545825481414795
4,thompson,564,austen,6.5631372928619385
4,thompson,564,fitzgerald,6.304113785425822
4,thompson,564,twain,7.267898321151733
4,thompson,564,non_oz_baum,5.8848536014556885
4,thompson,564,non_oz_thompson,6.142679452896118
4,thompson,564,contested,5.092993259429932
4,thompson,565,train,4.194184124469757
4,thompson,565,baum,5.503667831420898
4,thompson,565,thompson,5.423031330108643
4,thompson,565,dickens,6.981728871663411
4,thompson,565,melville,7.501506090164185
4,thompson,565,wells,6.560947060585022
4,thompson,565,austen,6.5889707406361895
4,thompson,565,fitzgerald,6.3166267077128095
4,thompson,565,twain,7.287618815898895
4,thompson,565,non_oz_baum,5.897519946098328
4,thompson,565,non_oz_thompson,6.1595618724823
4,thompson,565,contested,5.1068115234375
4,thompson,566,train,4.222738921642304
4,thompson,566,baum,5.5047924518585205
4,thompson,566,thompson,5.423108458518982
4,thompson,566,dickens,6.968809834233037
4,thompson,566,melville,7.487439298629761
4,thompson,566,wells,6.556088805198669
4,thompson,566,austen,6.582979281743367
4,thompson,566,fitzgerald,6.312051932017009
4,thompson,566,twain,7.279771268367767
4,thompson,566,non_oz_baum,5.894745826721191
4,thompson,566,non_oz_thompson,6.157000780105591
4,thompson,566,contested,5.108344316482544
4,thompson,567,train,4.241220712661743
4,thompson,567,baum,5.494823336601257
4,thompson,567,thompson,5.419456243515015
4,thompson,567,dickens,6.962204721238878
4,thompson,567,melville,7.483016920089722
4,thompson,567,wells,6.545343041419983
4,thompson,567,austen,6.573476394017537
4,thompson,567,fitzgerald,6.304863293965657
4,thompson,567,twain,7.272653341293335
4,thompson,567,non_oz_baum,5.888570904731751
4,thompson,567,non_oz_thompson,6.150649070739746
4,thompson,567,contested,5.098577737808228
4,thompson,568,train,4.208978354930878
4,thompson,568,baum,5.507270455360413
4,thompson,568,thompson,5.427438974380493
4,thompson,568,dickens,6.99493823228059
4,thompson,568,melville,7.499744510650634
4,thompson,568,wells,6.577030897140503
4,thompson,568,austen,6.59538729985555
4,thompson,568,fitzgerald,6.324145714441936
4,thompson,568,twain,7.293176054954529
4,thompson,568,non_oz_baum,5.8999704122543335
4,thompson,568,non_oz_thompson,6.168571949005127
4,thompson,568,contested,5.110983967781067
4,thompson,569,train,4.199371933937073
4,thompson,569,baum,5.499332070350647
4,thompson,569,thompson,5.417964458465576
4,thompson,569,dickens,6.954885518109357
4,thompson,569,melville,7.467454051971435
4,thompson,569,wells,6.548270583152771
4,thompson,569,austen,6.566478172938029
4,thompson,569,fitzgerald,6.311320940653483
4,thompson,569,twain,7.266189932823181
4,thompson,569,non_oz_baum,5.892227292060852
4,thompson,569,non_oz_thompson,6.154259920120239
4,thompson,569,contested,5.1034945249557495
4,thompson,570,train,4.189411282539368
4,thompson,570,baum,5.507710576057434
4,thompson,570,thompson,5.424502491950989
4,thompson,570,dickens,6.98041981237906
4,thompson,570,melville,7.49905161857605
4,thompson,570,wells,6.573893785476685
4,thompson,570,austen,6.591124216715495
4,thompson,570,fitzgerald,6.319478750228882
4,thompson,570,twain,7.290563255548477
4,thompson,570,non_oz_baum,5.902296543121338
4,thompson,570,non_oz_thompson,6.163913249969482
4,thompson,570,contested,5.10757577419281
4,thompson,571,train,4.17967289686203
4,thompson,571,baum,5.499200463294983
4,thompson,571,thompson,5.419286847114563
4,thompson,571,dickens,6.973631646898058
4,thompson,571,melville,7.48919153213501
4,thompson,571,wells,6.56841242313385
4,thompson,571,austen,6.581237236658732
4,thompson,571,fitzgerald,6.313737233479817
4,thompson,571,twain,7.281737059354782
4,thompson,571,non_oz_baum,5.893052697181702
4,thompson,571,non_oz_thompson,6.1560564041137695
4,thompson,571,contested,5.101955890655518
4,thompson,572,train,4.207844793796539
4,thompson,572,baum,5.49547815322876
4,thompson,572,thompson,5.418325066566467
4,thompson,572,dickens,6.9758772673430265
4,thompson,572,melville,7.476323366165161
4,thompson,572,wells,6.559240579605103
4,thompson,572,austen,6.575991074244182
4,thompson,572,fitzgerald,6.317399660746257
4,thompson,572,twain,7.276815056800842
4,thompson,572,non_oz_baum,5.892399430274963
4,thompson,572,non_oz_thompson,6.155901670455933
4,thompson,572,contested,5.0998215675354
4,thompson,573,train,4.176952600479126
4,thompson,573,baum,5.497902989387512
4,thompson,573,thompson,5.422192335128784
4,thompson,573,dickens,6.962521623682092
4,thompson,573,melville,7.4773084163665775
4,thompson,573,wells,6.560081124305725
4,thompson,573,austen,6.572128375371297
4,thompson,573,fitzgerald,6.312309821446736
4,thompson,573,twain,7.274748086929321
4,thompson,573,non_oz_baum,5.896538138389587
4,thompson,573,non_oz_thompson,6.154217958450317
4,thompson,573,contested,5.10187029838562
4,thompson,574,train,4.176514863967896
4,thompson,574,baum,5.497842073440552
4,thompson,574,thompson,5.417389154434204
4,thompson,574,dickens,6.970820956759983
4,thompson,574,melville,7.487718152999878
4,thompson,574,wells,6.559669256210327
4,thompson,574,austen,6.579374074935913
4,thompson,574,fitzgerald,6.3173439502716064
4,thompson,574,twain,7.277272254228592
4,thompson,574,non_oz_baum,5.898339986801148
4,thompson,574,non_oz_thompson,6.159594535827637
4,thompson,574,contested,5.106142997741699
4,thompson,575,train,4.177149474620819
4,thompson,575,baum,5.496087193489075
4,thompson,575,thompson,5.415636897087097
4,thompson,575,dickens,6.956318431430393
4,thompson,575,melville,7.477392625808716
4,thompson,575,wells,6.555071473121643
4,thompson,575,austen,6.570451418558757
4,thompson,575,fitzgerald,6.30987008412679
4,thompson,575,twain,7.272365987300873
4,thompson,575,non_oz_baum,5.892070651054382
4,thompson,575,non_oz_thompson,6.15487813949585
4,thompson,575,contested,5.098922610282898
4,thompson,576,train,4.182949960231781
4,thompson,576,baum,5.499082684516907
4,thompson,576,thompson,5.420353174209595
4,thompson,576,dickens,6.996319417600279
4,thompson,576,melville,7.524464321136475
4,thompson,576,wells,6.586358308792114
4,thompson,576,austen,6.604881604512532
4,thompson,576,fitzgerald,6.329631408055623
4,thompson,576,twain,7.304167360067367
4,thompson,576,non_oz_baum,5.906428337097168
4,thompson,576,non_oz_thompson,6.166772603988648
4,thompson,576,contested,5.1088680028915405
4,thompson,577,train,4.194147109985352
4,thompson,577,baum,5.502761006355286
4,thompson,577,thompson,5.4191734790802
4,thompson,577,dickens,6.993947929806179
4,thompson,577,melville,7.513524770736694
4,thompson,577,wells,6.573853969573975
4,thompson,577,austen,6.599053064982097
4,thompson,577,fitzgerald,6.327930847803752
4,thompson,577,twain,7.299551397562027
4,thompson,577,non_oz_baum,5.903110980987549
4,thompson,577,non_oz_thompson,6.164271593093872
4,thompson,577,contested,5.106493711471558
4,thompson,578,train,4.221835255622864
4,thompson,578,baum,5.494182586669922
4,thompson,578,thompson,5.413099408149719
4,thompson,578,dickens,6.984129658451787
4,thompson,578,melville,7.4937659740448
4,thompson,578,wells,6.562475800514221
4,thompson,578,austen,6.589473724365234
4,thompson,578,fitzgerald,6.318441708882649
4,thompson,578,twain,7.290440022945404
4,thompson,578,non_oz_baum,5.901377201080322
4,thompson,578,non_oz_thompson,6.157655477523804
4,thompson,578,contested,5.100409388542175
4,thompson,579,train,4.17342072725296
4,thompson,579,baum,5.5183939933776855
4,thompson,579,thompson,5.42322313785553
4,thompson,579,dickens,7.0284812008893045
4,thompson,579,melville,7.555274486541748
4,thompson,579,wells,6.601380109786987
4,thompson,579,austen,6.630499601364136
4,thompson,579,fitzgerald,6.3453404903411865
4,thompson,579,twain,7.335859596729279
4,thompson,579,non_oz_baum,5.9195592403411865
4,thompson,579,non_oz_thompson,6.183608293533325
4,thompson,579,contested,5.117218613624573
4,thompson,580,train,4.167733609676361
4,thompson,580,baum,5.495872855186462
4,thompson,580,thompson,5.410298228263855
4,thompson,580,dickens,6.959808596858272
4,thompson,580,melville,7.475725889205933
4,thompson,580,wells,6.552503943443298
4,thompson,580,austen,6.579318523406982
4,thompson,580,fitzgerald,6.316992839177449
4,thompson,580,twain,7.2754868268966675
4,thompson,580,non_oz_baum,5.896316051483154
4,thompson,580,non_oz_thompson,6.153912544250488
4,thompson,580,contested,5.097005009651184
4,thompson,581,train,4.18073445558548
4,thompson,581,baum,5.507846593856812
4,thompson,581,thompson,5.419533967971802
4,thompson,581,dickens,7.008529539461489
4,thompson,581,melville,7.527512454986573
4,thompson,581,wells,6.59321928024292
4,thompson,581,austen,6.614610354105632
4,thompson,581,fitzgerald,6.330601453781128
4,thompson,581,twain,7.3177154660224915
4,thompson,581,non_oz_baum,5.912866830825806
4,thompson,581,non_oz_thompson,6.173240184783936
4,thompson,581,contested,5.108335375785828
4,thompson,582,train,4.197920918464661
4,thompson,582,baum,5.493350267410278
4,thompson,582,thompson,5.408349871635437
4,thompson,582,dickens,6.975343209725839
4,thompson,582,melville,7.48897500038147
4,thompson,582,wells,6.5659239292144775
4,thompson,582,austen,6.586959362030029
4,thompson,582,fitzgerald,6.314822355906169
4,thompson,582,twain,7.286579489707947
4,thompson,582,non_oz_baum,5.8937073945999146
4,thompson,582,non_oz_thompson,6.155932188034058
4,thompson,582,contested,5.099040865898132
4,thompson,583,train,4.173217952251434
4,thompson,583,baum,5.506377935409546
4,thompson,583,thompson,5.410745978355408
4,thompson,583,dickens,6.984100182851155
4,thompson,583,melville,7.515379428863525
4,thompson,583,wells,6.576047301292419
4,thompson,583,austen,6.595147689183553
4,thompson,583,fitzgerald,6.324661572774251
4,thompson,583,twain,7.301972359418869
4,thompson,583,non_oz_baum,5.900515198707581
4,thompson,583,non_oz_thompson,6.166926383972168
4,thompson,583,contested,5.106176376342773
4,thompson,584,train,4.152566432952881
4,thompson,584,baum,5.502349019050598
4,thompson,584,thompson,5.413426160812378
4,thompson,584,dickens,6.987519617433901
4,thompson,584,melville,7.510944890975952
4,thompson,584,wells,6.5798499584198
4,thompson,584,austen,6.59518567721049
4,thompson,584,fitzgerald,6.323558489481608
4,thompson,584,twain,7.3021610379219055
4,thompson,584,non_oz_baum,5.899301648139954
4,thompson,584,non_oz_thompson,6.163355588912964
4,thompson,584,contested,5.103339910507202
4,thompson,585,train,4.147520065307617
4,thompson,585,baum,5.505821704864502
4,thompson,585,thompson,5.417045831680298
4,thompson,585,dickens,7.008727709452312
4,thompson,585,melville,7.53094449043274
4,thompson,585,wells,6.590943098068237
4,thompson,585,austen,6.615866502126058
4,thompson,585,fitzgerald,6.332742214202881
4,thompson,585,twain,7.312084019184112
4,thompson,585,non_oz_baum,5.9084964990615845
4,thompson,585,non_oz_thompson,6.169951438903809
4,thompson,585,contested,5.1047035455703735
4,thompson,586,train,4.160110712051392
4,thompson,586,baum,5.503712773323059
4,thompson,586,thompson,5.41011905670166
4,thompson,586,dickens,6.982234884191443
4,thompson,586,melville,7.508146858215332
4,thompson,586,wells,6.5796462297439575
4,thompson,586,austen,6.594945748647054
4,thompson,586,fitzgerald,6.325028260548909
4,thompson,586,twain,7.299036920070648
4,thompson,586,non_oz_baum,5.899899959564209
4,thompson,586,non_oz_thompson,6.162270784378052
4,thompson,586,contested,5.098076224327087
4,thompson,587,train,4.165626347064972
4,thompson,587,baum,5.5017805099487305
4,thompson,587,thompson,5.411513924598694
4,thompson,587,dickens,6.995790976065177
4,thompson,587,melville,7.520806074142456
4,thompson,587,wells,6.583753824234009
4,thompson,587,austen,6.601216395696004
4,thompson,587,fitzgerald,6.322418053944905
4,thompson,587,twain,7.299917042255402
4,thompson,587,non_oz_baum,5.897482514381409
4,thompson,587,non_oz_thompson,6.162843704223633
4,thompson,587,contested,5.102700233459473
4,thompson,588,train,4.177181720733643
4,thompson,588,baum,5.503401637077332
4,thompson,588,thompson,5.407411694526672
4,thompson,588,dickens,6.995885142573604
4,thompson,588,melville,7.52625470161438
4,thompson,588,wells,6.582325220108032
4,thompson,588,austen,6.602432092030843
4,thompson,588,fitzgerald,6.323185523351033
4,thompson,588,twain,7.312424451112747
4,thompson,588,non_oz_baum,5.902133703231812
4,thompson,588,non_oz_thompson,6.162093639373779
4,thompson,588,contested,5.099961161613464
4,thompson,589,train,4.1608909368515015
4,thompson,589,baum,5.502201080322266
4,thompson,589,thompson,5.405710697174072
4,thompson,589,dickens,6.997455208389847
4,thompson,589,melville,7.512441825866699
4,thompson,589,wells,6.574896931648254
4,thompson,589,austen,6.591255744298299
4,thompson,589,fitzgerald,6.3200193246205645
4,thompson,589,twain,7.304547667503357
4,thompson,589,non_oz_baum,5.898353576660156
4,thompson,589,non_oz_thompson,6.159163475036621
4,thompson,589,contested,5.095502972602844
4,thompson,590,train,4.160462141036987
4,thompson,590,baum,5.501109838485718
4,thompson,590,thompson,5.402958035469055
4,thompson,590,dickens,7.012214042522289
4,thompson,590,melville,7.523511934280395
4,thompson,590,wells,6.580003023147583
4,thompson,590,austen,6.599404652913411
4,thompson,590,fitzgerald,6.318283398946126
4,thompson,590,twain,7.304451256990433
4,thompson,590,non_oz_baum,5.897848129272461
4,thompson,590,non_oz_thompson,6.164635896682739
4,thompson,590,contested,5.099588394165039
4,thompson,591,train,4.139784634113312
4,thompson,591,baum,5.511158108711243
4,thompson,591,thompson,5.411872148513794
4,thompson,591,dickens,7.033970762182165
4,thompson,591,melville,7.5546791553497314
4,thompson,591,wells,6.600580453872681
4,thompson,591,austen,6.622734944025676
4,thompson,591,fitzgerald,6.338820298512776
4,thompson,591,twain,7.33443745970726
4,thompson,591,non_oz_baum,5.915585994720459
4,thompson,591,non_oz_thompson,6.176218271255493
4,thompson,591,contested,5.105526208877564
4,thompson,592,train,4.156048059463501
4,thompson,592,baum,5.49538004398346
4,thompson,592,thompson,5.397946000099182
4,thompson,592,dickens,6.990504476759169
4,thompson,592,melville,7.507158088684082
4,thompson,592,wells,6.565495848655701
4,thompson,592,austen,6.582261164983113
4,thompson,592,fitzgerald,6.31430188814799
4,thompson,592,twain,7.289986073970795
4,thompson,592,non_oz_baum,5.8943235874176025
4,thompson,592,non_oz_thompson,6.157500505447388
4,thompson,592,contested,5.094739198684692
4,thompson,593,train,4.14775687456131
4,thompson,593,baum,5.503716111183167
4,thompson,593,thompson,5.407086491584778
4,thompson,593,dickens,7.020479944017199
4,thompson,593,melville,7.539141035079956
4,thompson,593,wells,6.594092130661011
4,thompson,593,austen,6.610819657643636
4,thompson,593,fitzgerald,6.335074186325073
4,thompson,593,twain,7.311969220638275
4,thompson,593,non_oz_baum,5.913190126419067
4,thompson,593,non_oz_thompson,6.1696553230285645
4,thompson,593,contested,5.109130263328552
4,thompson,594,train,4.15287572145462
4,thompson,594,baum,5.498984694480896
4,thompson,594,thompson,5.401509046554565
4,thompson,594,dickens,6.995437392482051
4,thompson,594,melville,7.522594213485718
4,thompson,594,wells,6.577227115631104
4,thompson,594,austen,6.59598954518636
4,thompson,594,fitzgerald,6.322285493214925
4,thompson,594,twain,7.304963409900665
4,thompson,594,non_oz_baum,5.900540590286255
4,thompson,594,non_oz_thompson,6.16444993019104
4,thompson,594,contested,5.102191805839539
4,thompson,595,train,4.176692545413971
4,thompson,595,baum,5.5034977197647095
4,thompson,595,thompson,5.407058954238892
4,thompson,595,dickens,7.002752074488887
4,thompson,595,melville,7.524355697631836
4,thompson,595,wells,6.579589128494263
4,thompson,595,austen,6.605150779088338
4,thompson,595,fitzgerald,6.331941843032837
4,thompson,595,twain,7.314486026763916
4,thompson,595,non_oz_baum,5.908415913581848
4,thompson,595,non_oz_thompson,6.169670581817627
4,thompson,595,contested,5.103239297866821
4,thompson,596,train,4.160447776317596
4,thompson,596,baum,5.501636385917664
4,thompson,596,thompson,5.403430700302124
4,thompson,596,dickens,7.010543205119945
4,thompson,596,melville,7.535816049575805
4,thompson,596,wells,6.5846604108810425
4,thompson,596,austen,6.609767595926921
4,thompson,596,fitzgerald,6.32887331644694
4,thompson,596,twain,7.313887715339661
4,thompson,596,non_oz_baum,5.90787935256958
4,thompson,596,non_oz_thompson,6.16917896270752
4,thompson,596,contested,5.103932738304138
4,thompson,597,train,4.159957051277161
4,thompson,597,baum,5.502419233322144
4,thompson,597,thompson,5.403506636619568
4,thompson,597,dickens,7.002662181854248
4,thompson,597,melville,7.521852397918701
4,thompson,597,wells,6.574774622917175
4,thompson,597,austen,6.608114163080852
4,thompson,597,fitzgerald,6.3298765818278
4,thompson,597,twain,7.309063047170639
4,thompson,597,non_oz_baum,5.906818747520447
4,thompson,597,non_oz_thompson,6.16818118095398
4,thompson,597,contested,5.102078318595886
4,thompson,598,train,4.162152647972107
4,thompson,598,baum,5.51025927066803
4,thompson,598,thompson,5.409851551055908
4,thompson,598,dickens,7.02979400422838
4,thompson,598,melville,7.563345146179199
4,thompson,598,wells,6.603972911834717
4,thompson,598,austen,6.62176251411438
4,thompson,598,fitzgerald,6.343145132064819
4,thompson,598,twain,7.340037971735001
4,thompson,598,non_oz_baum,5.918597340583801
4,thompson,598,non_oz_thompson,6.177324295043945
4,thompson,598,contested,5.109317779541016
4,thompson,599,train,4.126098871231079
4,thompson,599,baum,5.508276462554932
4,thompson,599,thompson,5.402027606964111
4,thompson,599,dickens,7.01086840806184
4,thompson,599,melville,7.542788505554199
4,thompson,599,wells,6.586987376213074
4,thompson,599,austen,6.6054478486378985
4,thompson,599,fitzgerald,6.334592024485271
4,thompson,599,twain,7.321440905332565
4,thompson,599,non_oz_baum,5.910238742828369
4,thompson,599,non_oz_thompson,6.168507099151611
4,thompson,599,contested,5.106474161148071
4,thompson,600,train,4.150885164737701
4,thompson,600,baum,5.512152791023254
4,thompson,600,thompson,5.401797652244568
4,thompson,600,dickens,7.024278393498173
4,thompson,600,melville,7.557724618911743
4,thompson,600,wells,6.607266306877136
4,thompson,600,austen,6.626909255981445
4,thompson,600,fitzgerald,6.348182042439778
4,thompson,600,twain,7.340912908315659
4,thompson,600,non_oz_baum,5.916499614715576
4,thompson,600,non_oz_thompson,6.179283380508423
4,thompson,600,contested,5.109219074249268
4,thompson,601,train,4.14830756187439
4,thompson,601,baum,5.508641123771668
4,thompson,601,thompson,5.409616589546204
4,thompson,601,dickens,7.032462420286955
4,thompson,601,melville,7.559912633895874
4,thompson,601,wells,6.606472492218018
4,thompson,601,austen,6.631679137547811
4,thompson,601,fitzgerald,6.347740411758423
4,thompson,601,twain,7.3418265879154205
4,thompson,601,non_oz_baum,5.915006399154663
4,thompson,601,non_oz_thompson,6.178296804428101
4,thompson,601,contested,5.108571767807007
4,thompson,602,train,4.152988314628601
4,thompson,602,baum,5.50249969959259
4,thompson,602,thompson,5.4007344245910645
4,thompson,602,dickens,6.996953858269586
4,thompson,602,melville,7.537881469726562
4,thompson,602,wells,6.587392210960388
4,thompson,602,austen,6.60262664159139
4,thompson,602,fitzgerald,6.33341646194458
4,thompson,602,twain,7.321219712495804
4,thompson,602,non_oz_baum,5.901818156242371
4,thompson,602,non_oz_thompson,6.166990041732788
4,thompson,602,contested,5.100729584693909
4,thompson,603,train,4.125539898872376
4,thompson,603,baum,5.506038784980774
4,thompson,603,thompson,5.402139186859131
4,thompson,603,dickens,7.005045043097602
4,thompson,603,melville,7.53759732246399
4,thompson,603,wells,6.593317627906799
4,thompson,603,austen,6.606857856114705
4,thompson,603,fitzgerald,6.337709108988444
4,thompson,603,twain,7.321695894002914
4,thompson,603,non_oz_baum,5.908985376358032
4,thompson,603,non_oz_thompson,6.171910047531128
4,thompson,603,contested,5.101073980331421
4,thompson,604,train,4.141162693500519
4,thompson,604,baum,5.495890974998474
4,thompson,604,thompson,5.396719694137573
4,thompson,604,dickens,7.000511275397407
4,thompson,604,melville,7.522645998001098
4,thompson,604,wells,6.577314496040344
4,thompson,604,austen,6.593515475591024
4,thompson,604,fitzgerald,6.326457500457764
4,thompson,604,twain,7.303524047136307
4,thompson,604,non_oz_baum,5.900294065475464
4,thompson,604,non_oz_thompson,6.161059856414795
4,thompson,604,contested,5.094345808029175
4,thompson,605,train,4.1321868896484375
4,thompson,605,baum,5.5099756717681885
4,thompson,605,thompson,5.412148356437683
4,thompson,605,dickens,7.03506867090861
4,thompson,605,melville,7.562336826324463
4,thompson,605,wells,6.607155680656433
4,thompson,605,austen,6.633031606674194
4,thompson,605,fitzgerald,6.345395088195801
4,thompson,605,twain,7.338542431592941
4,thompson,605,non_oz_baum,5.913314700126648
4,thompson,605,non_oz_thompson,6.186766862869263
4,thompson,605,contested,5.105779647827148
4,thompson,606,train,4.108047783374786
4,thompson,606,baum,5.504819273948669
4,thompson,606,thompson,5.400797247886658
4,thompson,606,dickens,7.031836562686497
4,thompson,606,melville,7.552820491790771
4,thompson,606,wells,6.601649284362793
4,thompson,606,austen,6.625092188517253
4,thompson,606,fitzgerald,6.346560716629028
4,thompson,606,twain,7.333214312791824
4,thompson,606,non_oz_baum,5.918550133705139
4,thompson,606,non_oz_thompson,6.179057598114014
4,thompson,606,contested,5.104024767875671
4,thompson,607,train,4.138266682624817
4,thompson,607,baum,5.498431324958801
4,thompson,607,thompson,5.396095395088196
4,thompson,607,dickens,6.997367470352738
4,thompson,607,melville,7.521526718139649
4,thompson,607,wells,6.5824350118637085
4,thompson,607,austen,6.598238945007324
4,thompson,607,fitzgerald,6.33559004465739
4,thompson,607,twain,7.306764245033264
4,thompson,607,non_oz_baum,5.901144742965698
4,thompson,607,non_oz_thompson,6.164088010787964
4,thompson,607,contested,5.094596028327942
4,thompson,608,train,4.1524757742881775
4,thompson,608,baum,5.503615021705627
4,thompson,608,thompson,5.4010361433029175
4,thompson,608,dickens,7.019224820313631
4,thompson,608,melville,7.543616151809692
4,thompson,608,wells,6.600242137908936
4,thompson,608,austen,6.619125604629517
4,thompson,608,fitzgerald,6.339282592137654
4,thompson,608,twain,7.327178210020065
4,thompson,608,non_oz_baum,5.911423563957214
4,thompson,608,non_oz_thompson,6.173146963119507
4,thompson,608,contested,5.104211211204529
4,thompson,609,train,4.142440319061279
4,thompson,609,baum,5.50445556640625
4,thompson,609,thompson,5.403034090995789
4,thompson,609,dickens,7.012127505408393
4,thompson,609,melville,7.549270057678223
4,thompson,609,wells,6.598508715629578
4,thompson,609,austen,6.61174996693929
4,thompson,609,fitzgerald,6.337182362874349
4,thompson,609,twain,7.324094861745834
4,thompson,609,non_oz_baum,5.909088373184204
4,thompson,609,non_oz_thompson,6.1720850467681885
4,thompson,609,contested,5.103511810302734
4,thompson,610,train,4.109361380338669
4,thompson,610,baum,5.504286766052246
4,thompson,610,thompson,5.402553915977478
4,thompson,610,dickens,7.0414553571630405
4,thompson,610,melville,7.573878955841065
4,thompson,610,wells,6.606052875518799
4,thompson,610,austen,6.6337666511535645
4,thompson,610,fitzgerald,6.354540665944417
4,thompson,610,twain,7.347175508737564
4,thompson,610,non_oz_baum,5.9214688539505005
4,thompson,610,non_oz_thompson,6.1824986934661865
4,thompson,610,contested,5.1086505651474
4,thompson,611,train,4.139425814151764
4,thompson,611,baum,5.5166637897491455
4,thompson,611,thompson,5.410749673843384
4,thompson,611,dickens,7.053997004473651
4,thompson,611,melville,7.573068046569825
4,thompson,611,wells,6.623705983161926
4,thompson,611,austen,6.643404404322307
4,thompson,611,fitzgerald,6.355952103932698
4,thompson,611,twain,7.349915891885757
4,thompson,611,non_oz_baum,5.9303218126297
4,thompson,611,non_oz_thompson,6.189101457595825
4,thompson,611,contested,5.113954782485962
4,thompson,612,train,4.124182105064392
4,thompson,612,baum,5.506943345069885
4,thompson,612,thompson,5.403409481048584
4,thompson,612,dickens,7.039189691896792
4,thompson,612,melville,7.560484123229981
4,thompson,612,wells,6.603054165840149
4,thompson,612,austen,6.62588898340861
4,thompson,612,fitzgerald,6.347794850667317
4,thompson,612,twain,7.336654961109161
4,thompson,612,non_oz_baum,5.914103269577026
4,thompson,612,non_oz_thompson,6.183960437774658
4,thompson,612,contested,5.105177640914917
4,thompson,613,train,4.111317813396454
4,thompson,613,baum,5.50310742855072
4,thompson,613,thompson,5.403358936309815
4,thompson,613,dickens,7.0209518538581
4,thompson,613,melville,7.546607685089111
4,thompson,613,wells,6.598111510276794
4,thompson,613,austen,6.62020214398702
4,thompson,613,fitzgerald,6.338239669799805
4,thompson,613,twain,7.330232113599777
4,thompson,613,non_oz_baum,5.905441284179688
4,thompson,613,non_oz_thompson,6.175697565078735
4,thompson,613,contested,5.101099133491516
4,thompson,614,train,4.12632143497467
4,thompson,614,baum,5.510369658470154
4,thompson,614,thompson,5.409453630447388
4,thompson,614,dickens,7.057159282543041
4,thompson,614,melville,7.582377624511719
4,thompson,614,wells,6.619374871253967
4,thompson,614,austen,6.650776624679565
4,thompson,614,fitzgerald,6.356201171875
4,thompson,614,twain,7.355724334716797
4,thompson,614,non_oz_baum,5.92342472076416
4,thompson,614,non_oz_thompson,6.185243844985962
4,thompson,614,contested,5.110105752944946
4,thompson,615,train,4.107613921165466
4,thompson,615,baum,5.501676321029663
4,thompson,615,thompson,5.399178624153137
4,thompson,615,dickens,7.03269084294637
4,thompson,615,melville,7.560384321212768
4,thompson,615,wells,6.602269530296326
4,thompson,615,austen,6.624618291854858
4,thompson,615,fitzgerald,6.342963298161824
4,thompson,615,twain,7.333594441413879
4,thompson,615,non_oz_baum,5.908761024475098
4,thompson,615,non_oz_thompson,6.173922300338745
4,thompson,615,contested,5.099575996398926
4,thompson,616,train,4.088646292686462
4,thompson,616,baum,5.510228514671326
4,thompson,616,thompson,5.407632350921631
4,thompson,616,dickens,7.059530293499982
4,thompson,616,melville,7.583985233306885
4,thompson,616,wells,6.626360893249512
4,thompson,616,austen,6.647405068079631
4,thompson,616,fitzgerald,6.360692818959554
4,thompson,616,twain,7.363503634929657
4,thompson,616,non_oz_baum,5.927337408065796
4,thompson,616,non_oz_thompson,6.188448905944824
4,thompson,616,contested,5.107479572296143
4,thompson,617,train,4.092236220836639
4,thompson,617,baum,5.500424027442932
4,thompson,617,thompson,5.39899218082428
4,thompson,617,dickens,7.033640949814408
4,thompson,617,melville,7.551474094390869
4,thompson,617,wells,6.608471632003784
4,thompson,617,austen,6.618064800898234
4,thompson,617,fitzgerald,6.347775300343831
4,thompson,617,twain,7.3393774330616
4,thompson,617,non_oz_baum,5.913896918296814
4,thompson,617,non_oz_thompson,6.175304651260376
4,thompson,617,contested,5.09918487071991
4,thompson,618,train,4.09222686290741
4,thompson,618,baum,5.50398576259613
4,thompson,618,thompson,5.398697257041931
4,thompson,618,dickens,7.034503972088849
4,thompson,618,melville,7.5578539848327635
4,thompson,618,wells,6.601682186126709
4,thompson,618,austen,6.619325955708821
4,thompson,618,fitzgerald,6.347654740015666
4,thompson,618,twain,7.337339967489242
4,thompson,618,non_oz_baum,5.911433100700378
4,thompson,618,non_oz_thompson,6.177201986312866
4,thompson,618,contested,5.100883722305298
4,thompson,619,train,4.106027662754059
4,thompson,619,baum,5.508687734603882
4,thompson,619,thompson,5.405276536941528
4,thompson,619,dickens,7.03577023965341
4,thompson,619,melville,7.560957717895508
4,thompson,619,wells,6.610119700431824
4,thompson,619,austen,6.620521942774455
4,thompson,619,fitzgerald,6.346332629521688
4,thompson,619,twain,7.339629501104355
4,thompson,619,non_oz_baum,5.9104979038238525
4,thompson,619,non_oz_thompson,6.177015542984009
4,thompson,619,contested,5.102205157279968
4,thompson,620,train,4.097275257110596
4,thompson,620,baum,5.512272596359253
4,thompson,620,thompson,5.405382037162781
4,thompson,620,dickens,7.049626968525074
4,thompson,620,melville,7.573739719390869
4,thompson,620,wells,6.621207118034363
4,thompson,620,austen,6.641128460566203
4,thompson,620,fitzgerald,6.359555721282959
4,thompson,620,twain,7.3550905883312225
4,thompson,620,non_oz_baum,5.92198121547699
4,thompson,620,non_oz_thompson,6.189029932022095
4,thompson,620,contested,5.109430432319641
4,thompson,621,train,4.090542018413544
4,thompson,621,baum,5.512734770774841
4,thompson,621,thompson,5.400930881500244
4,thompson,621,dickens,7.05450223993372
4,thompson,621,melville,7.584848403930664
4,thompson,621,wells,6.616384506225586
4,thompson,621,austen,6.6463197072347
4,thompson,621,fitzgerald,6.36111323038737
4,thompson,621,twain,7.360058724880218
4,thompson,621,non_oz_baum,5.918354630470276
4,thompson,621,non_oz_thompson,6.191058158874512
4,thompson,621,contested,5.105765461921692
4,thompson,622,train,4.099777162075043
4,thompson,622,baum,5.510792970657349
4,thompson,622,thompson,5.402982831001282
4,thompson,622,dickens,7.058830897013347
4,thompson,622,melville,7.578247880935669
4,thompson,622,wells,6.623732447624207
4,thompson,622,austen,6.643982966740926
4,thompson,622,fitzgerald,6.35637370745341
4,thompson,622,twain,7.358120769262314
4,thompson,622,non_oz_baum,5.915857195854187
4,thompson,622,non_oz_thompson,6.19251823425293
4,thompson,622,contested,5.103675007820129
4,thompson,623,train,4.081591904163361
4,thompson,623,baum,5.505034804344177
4,thompson,623,thompson,5.399644255638123
4,thompson,623,dickens,7.027920440391258
4,thompson,623,melville,7.554125356674194
4,thompson,623,wells,6.601231217384338
4,thompson,623,austen,6.616924365361531
4,thompson,623,fitzgerald,6.351902723312378
4,thompson,623,twain,7.333257168531418
4,thompson,623,non_oz_baum,5.910649061203003
4,thompson,623,non_oz_thompson,6.179281234741211
4,thompson,623,contested,5.097278714179993
4,thompson,624,train,4.100525379180908
4,thompson,624,baum,5.50759756565094
4,thompson,624,thompson,5.398715257644653
4,thompson,624,dickens,7.046774493323432
4,thompson,624,melville,7.582265186309814
4,thompson,624,wells,6.616012096405029
4,thompson,624,austen,6.63700811068217
4,thompson,624,fitzgerald,6.357072830200195
4,thompson,624,twain,7.35512900352478
4,thompson,624,non_oz_baum,5.915807008743286
4,thompson,624,non_oz_thompson,6.185688734054565
4,thompson,624,contested,5.100846767425537
4,thompson,625,train,4.083720147609711
4,thompson,625,baum,5.505868196487427
4,thompson,625,thompson,5.401515483856201
4,thompson,625,dickens,7.042478720347087
4,thompson,625,melville,7.57261209487915
4,thompson,625,wells,6.608006358146668
4,thompson,625,austen,6.636019309361775
4,thompson,625,fitzgerald,6.3524941603342695
4,thompson,625,twain,7.346307724714279
4,thompson,625,non_oz_baum,5.914830327033997
4,thompson,625,non_oz_thompson,6.181305408477783
4,thompson,625,contested,5.100399732589722
4,thompson,626,train,4.10541296005249
4,thompson,626,baum,5.510353922843933
4,thompson,626,thompson,5.399271368980408
4,thompson,626,dickens,7.046689457363552
4,thompson,626,melville,7.566514587402343
4,thompson,626,wells,6.614173889160156
4,thompson,626,austen,6.6287204424540205
4,thompson,626,fitzgerald,6.35185440381368
4,thompson,626,twain,7.33961483836174
4,thompson,626,non_oz_baum,5.916791200637817
4,thompson,626,non_oz_thompson,6.180429220199585
4,thompson,626,contested,5.100639820098877
4,thompson,627,train,4.072413384914398
4,thompson,627,baum,5.507079601287842
4,thompson,627,thompson,5.397109150886536
4,thompson,627,dickens,7.033912340799968
4,thompson,627,melville,7.544271659851074
4,thompson,627,wells,6.600622057914734
4,thompson,627,austen,6.621760845184326
4,thompson,627,fitzgerald,6.348667621612549
4,thompson,627,twain,7.3339651226997375
4,thompson,627,non_oz_baum,5.905780673027039
4,thompson,627,non_oz_thompson,6.1804046630859375
4,thompson,627,contested,5.096797585487366
4,thompson,628,train,4.061177134513855
4,thompson,628,baum,5.518710732460022
4,thompson,628,thompson,5.405124187469482
4,thompson,628,dickens,7.071009459318938
4,thompson,628,melville,7.589779233932495
4,thompson,628,wells,6.634140133857727
4,thompson,628,austen,6.649504979451497
4,thompson,628,fitzgerald,6.372520685195923
4,thompson,628,twain,7.366019695997238
4,thompson,628,non_oz_baum,5.930849432945252
4,thompson,628,non_oz_thompson,6.1918792724609375
4,thompson,628,contested,5.108962655067444
4,thompson,629,train,4.091958999633789
4,thompson,629,baum,5.522504925727844
4,thompson,629,thompson,5.403683066368103
4,thompson,629,dickens,7.053458178484881
4,thompson,629,melville,7.574568700790405
4,thompson,629,wells,6.627923846244812
4,thompson,629,austen,6.650925079981486
4,thompson,629,fitzgerald,6.362005313237508
4,thompson,629,twain,7.361207038164139
4,thompson,629,non_oz_baum,5.927706003189087
4,thompson,629,non_oz_thompson,6.193686246871948
4,thompson,629,contested,5.107457518577576
4,thompson,630,train,4.0801302790641785
4,thompson,630,baum,5.511225342750549
4,thompson,630,thompson,5.398855924606323
4,thompson,630,dickens,7.059243113906295
4,thompson,630,melville,7.580221271514892
4,thompson,630,wells,6.626068592071533
4,thompson,630,austen,6.645608425140381
4,thompson,630,fitzgerald,6.362000226974487
4,thompson,630,twain,7.361614197492599
4,thompson,630,non_oz_baum,5.922639966011047
4,thompson,630,non_oz_thompson,6.187689542770386
4,thompson,630,contested,5.100339293479919
4,thompson,631,train,4.074593216180801
4,thompson,631,baum,5.515376806259155
4,thompson,631,thompson,5.402356505393982
4,thompson,631,dickens,7.065755649849221
4,thompson,631,melville,7.586055946350098
4,thompson,631,wells,6.628261685371399
4,thompson,631,austen,6.650763193766276
4,thompson,631,fitzgerald,6.36431868871053
4,thompson,631,twain,7.363074034452438
4,thompson,631,non_oz_baum,5.922999143600464
4,thompson,631,non_oz_thompson,6.19475531578064
4,thompson,631,contested,5.106855273246765
4,thompson,632,train,4.078760504722595
4,thompson,632,baum,5.506298899650574
4,thompson,632,thompson,5.395657181739807
4,thompson,632,dickens,7.042968573393645
4,thompson,632,melville,7.5734764575958256
4,thompson,632,wells,6.613011598587036
4,thompson,632,austen,6.633980830510457
4,thompson,632,fitzgerald,6.35642393430074
4,thompson,632,twain,7.349480032920837
4,thompson,632,non_oz_baum,5.920459508895874
4,thompson,632,non_oz_thompson,6.180779457092285
4,thompson,632,contested,5.099236607551575
4,thompson,633,train,4.077187061309815
4,thompson,633,baum,5.515015840530396
4,thompson,633,thompson,5.404398798942566
4,thompson,633,dickens,7.06992659745393
4,thompson,633,melville,7.592410945892334
4,thompson,633,wells,6.634685397148132
4,thompson,633,austen,6.655740896860759
4,thompson,633,fitzgerald,6.368952592213948
4,thompson,633,twain,7.37031415104866
4,thompson,633,non_oz_baum,5.929590225219727
4,thompson,633,non_oz_thompson,6.197206497192383
4,thompson,633,contested,5.111540079116821
4,thompson,634,train,4.07606315612793
4,thompson,634,baum,5.516876935958862
4,thompson,634,thompson,5.40366804599762
4,thompson,634,dickens,7.073976622687446
4,thompson,634,melville,7.592396879196167
4,thompson,634,wells,6.64526629447937
4,thompson,634,austen,6.657515207926433
4,thompson,634,fitzgerald,6.376559416453044
4,thompson,634,twain,7.378990888595581
4,thompson,634,non_oz_baum,5.930606484413147
4,thompson,634,non_oz_thompson,6.202974319458008
4,thompson,634,contested,5.107756614685059
4,thompson,635,train,4.091836631298065
4,thompson,635,baum,5.51900315284729
4,thompson,635,thompson,5.404757738113403
4,thompson,635,dickens,7.074283405586526
4,thompson,635,melville,7.601634168624878
4,thompson,635,wells,6.640966057777405
4,thompson,635,austen,6.659746487935384
4,thompson,635,fitzgerald,6.368620951970418
4,thompson,635,twain,7.371669054031372
4,thompson,635,non_oz_baum,5.930490851402283
4,thompson,635,non_oz_thompson,6.200275182723999
4,thompson,635,contested,5.10621178150177
4,thompson,636,train,4.055036962032318
4,thompson,636,baum,5.514716744422913
4,thompson,636,thompson,5.404306769371033
4,thompson,636,dickens,7.076975027720134
4,thompson,636,melville,7.611942386627197
4,thompson,636,wells,6.647958397865295
4,thompson,636,austen,6.664265473683675
4,thompson,636,fitzgerald,6.375843286514282
4,thompson,636,twain,7.3809287548065186
4,thompson,636,non_oz_baum,5.930776119232178
4,thompson,636,non_oz_thompson,6.20267915725708
4,thompson,636,contested,5.108851075172424
4,thompson,637,train,4.060488820075989
4,thompson,637,baum,5.5056562423706055
4,thompson,637,thompson,5.39110279083252
4,thompson,637,dickens,7.067880206637913
4,thompson,637,melville,7.593487501144409
4,thompson,637,wells,6.629260778427124
4,thompson,637,austen,6.644078095753987
4,thompson,637,fitzgerald,6.365216414133708
4,thompson,637,twain,7.364789128303528
4,thompson,637,non_oz_baum,5.924987435340881
4,thompson,637,non_oz_thompson,6.183930158615112
4,thompson,637,contested,5.099524736404419
4,thompson,638,train,4.065541088581085
4,thompson,638,baum,5.518564462661743
4,thompson,638,thompson,5.404567360877991
4,thompson,638,dickens,7.094762819784659
4,thompson,638,melville,7.631003475189209
4,thompson,638,wells,6.65470564365387
4,thompson,638,austen,6.683596769968669
4,thompson,638,fitzgerald,6.378360033035278
4,thompson,638,twain,7.40244647860527
4,thompson,638,non_oz_baum,5.931815981864929
4,thompson,638,non_oz_thompson,6.202182054519653
4,thompson,638,contested,5.109214067459106
4,thompson,639,train,4.04262587428093
4,thompson,639,baum,5.510645508766174
4,thompson,639,thompson,5.403103351593018
4,thompson,639,dickens,7.076877417387785
4,thompson,639,melville,7.603595733642578
4,thompson,639,wells,6.640254616737366
4,thompson,639,austen,6.661787907282512
4,thompson,639,fitzgerald,6.370934089024861
4,thompson,639,twain,7.380199253559112
4,thompson,639,non_oz_baum,5.927007675170898
4,thompson,639,non_oz_thompson,6.199956655502319
4,thompson,639,contested,5.104137182235718
4,thompson,640,train,4.053928822278976
4,thompson,640,baum,5.514593839645386
4,thompson,640,thompson,5.404502034187317
4,thompson,640,dickens,7.086559154369213
4,thompson,640,melville,7.616383695602417
4,thompson,640,wells,6.645063996315002
4,thompson,640,austen,6.666040579477946
4,thompson,640,fitzgerald,6.372603416442871
4,thompson,640,twain,7.395374298095703
4,thompson,640,non_oz_baum,5.928669214248657
4,thompson,640,non_oz_thompson,6.203774929046631
4,thompson,640,contested,5.107868194580078
4,thompson,641,train,4.052708059549332
4,thompson,641,baum,5.512922406196594
4,thompson,641,thompson,5.393337965011597
4,thompson,641,dickens,7.0536318178530095
4,thompson,641,melville,7.581389331817627
4,thompson,641,wells,6.619275212287903
4,thompson,641,austen,6.644596497217814
4,thompson,641,fitzgerald,6.369474728902181
4,thompson,641,twain,7.362854808568954
4,thompson,641,non_oz_baum,5.922329664230347
4,thompson,641,non_oz_thompson,6.189941644668579
4,thompson,641,contested,5.099087357521057
4,thompson,642,train,4.07248067855835
4,thompson,642,baum,5.514185905456543
4,thompson,642,thompson,5.4020363092422485
4,thompson,642,dickens,7.081699777532507
4,thompson,642,melville,7.611577558517456
4,thompson,642,wells,6.648263454437256
4,thompson,642,austen,6.663494269053142
4,thompson,642,fitzgerald,6.376517216364543
4,thompson,642,twain,7.387092441320419
4,thompson,642,non_oz_baum,5.932273745536804
4,thompson,642,non_oz_thompson,6.203006982803345
4,thompson,642,contested,5.108070015907288
4,thompson,643,train,4.037625998258591
4,thompson,643,baum,5.516886830329895
4,thompson,643,thompson,5.402536034584045
4,thompson,643,dickens,7.082783999266447
4,thompson,643,melville,7.607546949386597
4,thompson,643,wells,6.648926258087158
4,thompson,643,austen,6.660715500513713
4,thompson,643,fitzgerald,6.3759504954020185
4,thompson,643,twain,7.383653849363327
4,thompson,643,non_oz_baum,5.93205714225769
4,thompson,643,non_oz_thompson,6.203656435012817
4,thompson,643,contested,5.10986328125
4,thompson,644,train,4.043019413948059
4,thompson,644,baum,5.521037936210632
4,thompson,644,thompson,5.405410289764404
4,thompson,644,dickens,7.102811036286531
4,thompson,644,melville,7.619882297515869
4,thompson,644,wells,6.662885785102844
4,thompson,644,austen,6.675625403722127
4,thompson,644,fitzgerald,6.384517669677734
4,thompson,644,twain,7.403788864612579
4,thompson,644,non_oz_baum,5.934637784957886
4,thompson,644,non_oz_thompson,6.210503101348877
4,thompson,644,contested,5.110706329345703
4,thompson,645,train,4.059580445289612
4,thompson,645,baum,5.517905950546265
4,thompson,645,thompson,5.400387525558472
4,thompson,645,dickens,7.083495599252206
4,thompson,645,melville,7.604849100112915
4,thompson,645,wells,6.6436015367507935
4,thompson,645,austen,6.664302349090576
4,thompson,645,fitzgerald,6.374157110850017
4,thompson,645,twain,7.384540408849716
4,thompson,645,non_oz_baum,5.927541851997376
4,thompson,645,non_oz_thompson,6.201926946640015
4,thompson,645,contested,5.108478903770447
4,thompson,646,train,4.074612259864807
4,thompson,646,baum,5.528342843055725
4,thompson,646,thompson,5.409284710884094
4,thompson,646,dickens,7.110651546054417
4,thompson,646,melville,7.64398078918457
4,thompson,646,wells,6.66850483417511
4,thompson,646,austen,6.687513907750447
4,thompson,646,fitzgerald,6.3938539028167725
4,thompson,646,twain,7.412577599287033
4,thompson,646,non_oz_baum,5.943874716758728
4,thompson,646,non_oz_thompson,6.211165428161621
4,thompson,646,contested,5.116142749786377
4,thompson,647,train,4.070415556430817
4,thompson,647,baum,5.525067090988159
4,thompson,647,thompson,5.410324215888977
4,thompson,647,dickens,7.103539095984565
4,thompson,647,melville,7.64328179359436
4,thompson,647,wells,6.666936039924622
4,thompson,647,austen,6.692424694697063
4,thompson,647,fitzgerald,6.384978850682576
4,thompson,647,twain,7.413514763116835
4,thompson,647,non_oz_baum,5.943526387214661
4,thompson,647,non_oz_thompson,6.2113587856292725
4,thompson,647,contested,5.113112926483154
4,thompson,648,train,4.0363214910030365
4,thompson,648,baum,5.5236656665802
4,thompson,648,thompson,5.407820105552673
4,thompson,648,dickens,7.11364511207298
4,thompson,648,melville,7.646834230422973
4,thompson,648,wells,6.669915437698364
4,thompson,648,austen,6.687538623809815
4,thompson,648,fitzgerald,6.39901343981425
4,thompson,648,twain,7.415320575237274
4,thompson,648,non_oz_baum,5.942863821983337
4,thompson,648,non_oz_thompson,6.215456008911133
4,thompson,648,contested,5.116801023483276
4,thompson,649,train,4.034629315137863
4,thompson,649,baum,5.519029140472412
4,thompson,649,thompson,5.402343273162842
4,thompson,649,dickens,7.071233148928042
4,thompson,649,melville,7.604572010040283
4,thompson,649,wells,6.645114779472351
4,thompson,649,austen,6.66002909342448
4,thompson,649,fitzgerald,6.375986099243164
4,thompson,649,twain,7.384081453084946
4,thompson,649,non_oz_baum,5.928932547569275
4,thompson,649,non_oz_thompson,6.200396060943604
4,thompson,649,contested,5.105693101882935
4,thompson,650,train,4.044679343700409
4,thompson,650,baum,5.525166153907776
4,thompson,650,thompson,5.400738596916199
4,thompson,650,dickens,7.101226117875841
4,thompson,650,melville,7.635673236846924
4,thompson,650,wells,6.66505229473114
4,thompson,650,austen,6.686009804407756
4,thompson,650,fitzgerald,6.394050757090251
4,thompson,650,twain,7.409461319446564
4,thompson,650,non_oz_baum,5.9393311738967896
4,thompson,650,non_oz_thompson,6.212473630905151
4,thompson,650,contested,5.112360119819641
4,thompson,651,train,4.040881425142288
4,thompson,651,baum,5.530081868171692
4,thompson,651,thompson,5.406491160392761
4,thompson,651,dickens,7.099677580374259
4,thompson,651,melville,7.641217470169067
4,thompson,651,wells,6.668428301811218
4,thompson,651,austen,6.690005699793498
4,thompson,651,fitzgerald,6.393279075622559
4,thompson,651,twain,7.412797659635544
4,thompson,651,non_oz_baum,5.950008392333984
4,thompson,651,non_oz_thompson,6.220250606536865
4,thompson,651,contested,5.116968393325806
4,thompson,652,train,4.034452021121979
4,thompson,652,baum,5.528523683547974
4,thompson,652,thompson,5.405876398086548
4,thompson,652,dickens,7.11491205074169
4,thompson,652,melville,7.650671434402466
4,thompson,652,wells,6.674228549003601
4,thompson,652,austen,6.695924361546834
4,thompson,652,fitzgerald,6.392218192418416
4,thompson,652,twain,7.415937036275864
4,thompson,652,non_oz_baum,5.950283765792847
4,thompson,652,non_oz_thompson,6.21589732170105
4,thompson,652,contested,5.115528225898743
4,thompson,653,train,4.025659829378128
4,thompson,653,baum,5.5176074504852295
4,thompson,653,thompson,5.399100303649902
4,thompson,653,dickens,7.093521029860885
4,thompson,653,melville,7.63380389213562
4,thompson,653,wells,6.658785939216614
4,thompson,653,austen,6.676742951075236
4,thompson,653,fitzgerald,6.383092006047566
4,thompson,653,twain,7.398943662643433
4,thompson,653,non_oz_baum,5.9355164766311646
4,thompson,653,non_oz_thompson,6.203824996948242
4,thompson,653,contested,5.10869574546814
4,thompson,654,train,4.040083318948746
4,thompson,654,baum,5.524805665016174
4,thompson,654,thompson,5.409257650375366
4,thompson,654,dickens,7.089769610652217
4,thompson,654,melville,7.620812129974365
4,thompson,654,wells,6.656790256500244
4,thompson,654,austen,6.683625221252441
4,thompson,654,fitzgerald,6.387048562367757
4,thompson,654,twain,7.398148357868195
4,thompson,654,non_oz_baum,5.9379013776779175
4,thompson,654,non_oz_thompson,6.212260246276856
4,thompson,654,contested,5.109320282936096
4,thompson,655,train,4.031447917222977
4,thompson,655,baum,5.529689431190491
4,thompson,655,thompson,5.418547987937927
4,thompson,655,dickens,7.1342532723038286
4,thompson,655,melville,7.688194608688354
4,thompson,655,wells,6.690126299858093
4,thompson,655,austen,6.715998888015747
4,thompson,655,fitzgerald,6.405983368555705
4,thompson,655,twain,7.44751501083374
4,thompson,655,non_oz_baum,5.9508455991745
4,thompson,655,non_oz_thompson,6.232062101364136
4,thompson,655,contested,5.122650742530823
4,thompson,656,train,4.05070036649704
4,thompson,656,baum,5.532265782356262
4,thompson,656,thompson,5.410370349884033
4,thompson,656,dickens,7.123230033450657
4,thompson,656,melville,7.670935869216919
4,thompson,656,wells,6.685381650924683
4,thompson,656,austen,6.711886882781982
4,thompson,656,fitzgerald,6.40683635075887
4,thompson,656,twain,7.435887515544891
4,thompson,656,non_oz_baum,5.955117464065552
4,thompson,656,non_oz_thompson,6.221449613571167
4,thompson,656,contested,5.120380163192749
4,thompson,657,train,4.013693451881409
4,thompson,657,baum,5.529277324676514
4,thompson,657,thompson,5.399194240570068
4,thompson,657,dickens,7.090455849965413
4,thompson,657,melville,7.625177478790283
4,thompson,657,wells,6.6526089906692505
4,thompson,657,austen,6.6761875947316485
4,thompson,657,fitzgerald,6.383516391118367
4,thompson,657,twain,7.400386959314346
4,thompson,657,non_oz_baum,5.940244436264038
4,thompson,657,non_oz_thompson,6.201612710952759
4,thompson,657,contested,5.104856133460999
4,thompson,658,train,4.022337704896927
4,thompson,658,baum,5.525468111038208
4,thompson,658,thompson,5.4027793407440186
4,thompson,658,dickens,7.104638029027869
4,thompson,658,melville,7.644469976425171
4,thompson,658,wells,6.665485978126526
4,thompson,658,austen,6.690337975819905
4,thompson,658,fitzgerald,6.393755435943604
4,thompson,658,twain,7.411777496337891
4,thompson,658,non_oz_baum,5.940804600715637
4,thompson,658,non_oz_thompson,6.2164623737335205
4,thompson,658,contested,5.108970284461975
4,thompson,659,train,4.005208432674408
4,thompson,659,baum,5.529058218002319
4,thompson,659,thompson,5.411424279212952
4,thompson,659,dickens,7.11396023079201
4,thompson,659,melville,7.665532541275025
4,thompson,659,wells,6.68221652507782
4,thompson,659,austen,6.702713171641032
4,thompson,659,fitzgerald,6.398935238520305
4,thompson,659,twain,7.433661669492722
4,thompson,659,non_oz_baum,5.9457995891571045
4,thompson,659,non_oz_thompson,6.2203803062438965
4,thompson,659,contested,5.117526054382324
4,thompson,660,train,4.033608615398407
4,thompson,660,baum,5.529278993606567
4,thompson,660,thompson,5.412824869155884
4,thompson,660,dickens,7.11952163555004
4,thompson,660,melville,7.652875423431396
4,thompson,660,wells,6.681067943572998
4,thompson,660,austen,6.697239637374878
4,thompson,660,fitzgerald,6.401466051737468
4,thompson,660,twain,7.422220766544342
4,thompson,660,non_oz_baum,5.950169920921326
4,thompson,660,non_oz_thompson,6.223740577697754
4,thompson,660,contested,5.117744445800781
4,thompson,661,train,4.008582293987274
4,thompson,661,baum,5.530946850776672
4,thompson,661,thompson,5.410544276237488
4,thompson,661,dickens,7.1128758854336205
4,thompson,661,melville,7.65633373260498
4,thompson,661,wells,6.6795854568481445
4,thompson,661,austen,6.701571226119995
4,thompson,661,fitzgerald,6.399372259775798
4,thompson,661,twain,7.4199152290821075
4,thompson,661,non_oz_baum,5.947570204734802
4,thompson,661,non_oz_thompson,6.21751856803894
4,thompson,661,contested,5.115629076957703
4,thompson,662,train,4.0177392065525055
4,thompson,662,baum,5.530200481414795
4,thompson,662,thompson,5.404173851013184
4,thompson,662,dickens,7.119922849867079
4,thompson,662,melville,7.668280363082886
4,thompson,662,wells,6.679708957672119
4,thompson,662,austen,6.698776006698608
4,thompson,662,fitzgerald,6.3993239402771
4,thompson,662,twain,7.424353271722794
4,thompson,662,non_oz_baum,5.949710011482239
4,thompson,662,non_oz_thompson,6.224730014801025
4,thompson,662,contested,5.116938352584839
4,thompson,663,train,4.032189726829529
4,thompson,663,baum,5.52412748336792
4,thompson,663,thompson,5.40862774848938
4,thompson,663,dickens,7.114473625465676
4,thompson,663,melville,7.651566410064698
4,thompson,663,wells,6.680219769477844
4,thompson,663,austen,6.693486452102661
4,thompson,663,fitzgerald,6.39803687731425
4,thompson,663,twain,7.419427692890167
4,thompson,663,non_oz_baum,5.945160508155823
4,thompson,663,non_oz_thompson,6.224888324737549
4,thompson,663,contested,5.117468953132629
4,thompson,664,train,4.004784047603607
4,thompson,664,baum,5.528530240058899
4,thompson,664,thompson,5.409482836723328
4,thompson,664,dickens,7.112069571459735
4,thompson,664,melville,7.642573595046997
4,thompson,664,wells,6.672918081283569
4,thompson,664,austen,6.686427195866902
4,thompson,664,fitzgerald,6.402343114217122
4,thompson,664,twain,7.4134202897548676
4,thompson,664,non_oz_baum,5.948605418205261
4,thompson,664,non_oz_thompson,6.220595598220825
4,thompson,664,contested,5.11844789981842
4,thompson,665,train,4.022102475166321
4,thompson,665,baum,5.5235350131988525
4,thompson,665,thompson,5.402543783187866
4,thompson,665,dickens,7.098851733737522
4,thompson,665,melville,7.628045320510864
4,thompson,665,wells,6.65831196308136
4,thompson,665,austen,6.675441026687622
4,thompson,665,fitzgerald,6.384460528691609
4,thompson,665,twain,7.401009351015091
4,thompson,665,non_oz_baum,5.938204526901245
4,thompson,665,non_oz_thompson,6.211389541625977
4,thompson,665,contested,5.110846877098084
4,thompson,666,train,4.0141898691654205
4,thompson,666,baum,5.527462124824524
4,thompson,666,thompson,5.404556155204773
4,thompson,666,dickens,7.112068476500334
4,thompson,666,melville,7.651642465591431
4,thompson,666,wells,6.671203136444092
4,thompson,666,austen,6.686097701390584
4,thompson,666,fitzgerald,6.394443035125732
4,thompson,666,twain,7.415017187595367
4,thompson,666,non_oz_baum,5.948322415351868
4,thompson,666,non_oz_thompson,6.218578338623047
4,thompson,666,contested,5.111728191375732
4,thompson,667,train,4.006366193294525
4,thompson,667,baum,5.536122679710388
4,thompson,667,thompson,5.411457300186157
4,thompson,667,dickens,7.142195171780056
4,thompson,667,melville,7.676236486434936
4,thompson,667,wells,6.691534996032715
4,thompson,667,austen,6.708958466847737
4,thompson,667,fitzgerald,6.416337092717488
4,thompson,667,twain,7.438145101070404
4,thompson,667,non_oz_baum,5.956376791000366
4,thompson,667,non_oz_thompson,6.23556661605835
4,thompson,667,contested,5.125400900840759
4,thompson,668,train,4.0238387286663055
4,thompson,668,baum,5.536852955818176
4,thompson,668,thompson,5.407644152641296
4,thompson,668,dickens,7.127495430133961
4,thompson,668,melville,7.678500175476074
4,thompson,668,wells,6.681649446487427
4,thompson,668,austen,6.709128538767497
4,thompson,668,fitzgerald,6.400150060653687
4,thompson,668,twain,7.429862141609192
4,thompson,668,non_oz_baum,5.951585531234741
4,thompson,668,non_oz_thompson,6.22643518447876
4,thompson,668,contested,5.119341611862183
4,thompson,669,train,4.00530207157135
4,thompson,669,baum,5.526170015335083
4,thompson,669,thompson,5.404542207717896
4,thompson,669,dickens,7.118912467250118
4,thompson,669,melville,7.661600255966187
4,thompson,669,wells,6.68055784702301
4,thompson,669,austen,6.695184151331584
4,thompson,669,fitzgerald,6.397198438644409
4,thompson,669,twain,7.426297068595886
4,thompson,669,non_oz_baum,5.946847319602966
4,thompson,669,non_oz_thompson,6.221688747406006
4,thompson,669,contested,5.115875601768494
4,thompson,670,train,4.016016572713852
4,thompson,670,baum,5.533015966415405
4,thompson,670,thompson,5.399017691612244
4,thompson,670,dickens,7.12417314670704
4,thompson,670,melville,7.666481018066406
4,thompson,670,wells,6.681930065155029
4,thompson,670,austen,6.701543649037679
4,thompson,670,fitzgerald,6.399770498275757
4,thompson,670,twain,7.42845419049263
4,thompson,670,non_oz_baum,5.947384357452393
4,thompson,670,non_oz_thompson,6.226918697357178
4,thompson,670,contested,5.115636229515076
4,thompson,671,train,3.996688663959503
4,thompson,671,baum,5.521135449409485
4,thompson,671,thompson,5.399958252906799
4,thompson,671,dickens,7.121869281486228
4,thompson,671,melville,7.662987136840821
4,thompson,671,wells,6.6802167892456055
4,thompson,671,austen,6.693634351094564
4,thompson,671,fitzgerald,6.395603656768799
4,thompson,671,twain,7.425991117954254
4,thompson,671,non_oz_baum,5.943808913230896
4,thompson,671,non_oz_thompson,6.220468997955322
4,thompson,671,contested,5.111668467521668
4,thompson,672,train,3.997668713331223
4,thompson,672,baum,5.531251668930054
4,thompson,672,thompson,5.411181211471558
4,thompson,672,dickens,7.1399267691153065
4,thompson,672,melville,7.689258289337158
4,thompson,672,wells,6.700855016708374
4,thompson,672,austen,6.715880235036214
4,thompson,672,fitzgerald,6.410315275192261
4,thompson,672,twain,7.448492705821991
4,thompson,672,non_oz_baum,5.956963539123535
4,thompson,672,non_oz_thompson,6.231565952301025
4,thompson,672,contested,5.120621204376221
4,thompson,673,train,4.013021141290665
4,thompson,673,baum,5.533780574798584
4,thompson,673,thompson,5.412034034729004
4,thompson,673,dickens,7.140790515475803
4,thompson,673,melville,7.687263584136962
4,thompson,673,wells,6.703494429588318
4,thompson,673,austen,6.718470891316732
4,thompson,673,fitzgerald,6.413986682891846
4,thompson,673,twain,7.46011158823967
4,thompson,673,non_oz_baum,5.954682350158691
4,thompson,673,non_oz_thompson,6.232768535614014
4,thompson,673,contested,5.121226191520691
4,thompson,674,train,3.989564448595047
4,thompson,674,baum,5.53485381603241
4,thompson,674,thompson,5.406291842460632
4,thompson,674,dickens,7.125588575998942
4,thompson,674,melville,7.666729831695557
4,thompson,674,wells,6.688815236091614
4,thompson,674,austen,6.7103164990743
4,thompson,674,fitzgerald,6.404470841089885
4,thompson,674,twain,7.43962487578392
4,thompson,674,non_oz_baum,5.956050157546997
4,thompson,674,non_oz_thompson,6.230104684829712
4,thompson,674,contested,5.114645719528198
4,thompson,675,train,3.992331445217133
4,thompson,675,baum,5.527970314025879
4,thompson,675,thompson,5.39723527431488
4,thompson,675,dickens,7.115445207666467
4,thompson,675,melville,7.652874898910523
4,thompson,675,wells,6.677570343017578
4,thompson,675,austen,6.699202299118042
4,thompson,675,fitzgerald,6.399826447168986
4,thompson,675,twain,7.425651401281357
4,thompson,675,non_oz_baum,5.949500918388367
4,thompson,675,non_oz_thompson,6.218129634857178
4,thompson,675,contested,5.110466718673706
4,thompson,676,train,3.998042732477188
4,thompson,676,baum,5.527234673500061
4,thompson,676,thompson,5.400009632110596
4,thompson,676,dickens,7.129827711317274
4,thompson,676,melville,7.662796449661255
4,thompson,676,wells,6.686601877212524
4,thompson,676,austen,6.705607096354167
4,thompson,676,fitzgerald,6.404846827189128
4,thompson,676,twain,7.429575443267822
4,thompson,676,non_oz_baum,5.955588579177856
4,thompson,676,non_oz_thompson,6.228109121322632
4,thompson,676,contested,5.11491584777832
4,thompson,677,train,4.002959102392197
4,thompson,677,baum,5.535236835479736
4,thompson,677,thompson,5.407396793365479
4,thompson,677,dickens,7.134642353764287
4,thompson,677,melville,7.671116781234741
4,thompson,677,wells,6.698103904724121
4,thompson,677,austen,6.709928194681804
4,thompson,677,fitzgerald,6.413959503173828
4,thompson,677,twain,7.439150422811508
4,thompson,677,non_oz_baum,5.959572672843933
4,thompson,677,non_oz_thompson,6.230993270874023
4,thompson,677,contested,5.116467595100403
4,thompson,678,train,4.00901997089386
4,thompson,678,baum,5.542612314224243
4,thompson,678,thompson,5.410554051399231
4,thompson,678,dickens,7.161830266316732
4,thompson,678,melville,7.717622327804565
4,thompson,678,wells,6.721745848655701
4,thompson,678,austen,6.744431336720784
4,thompson,678,fitzgerald,6.426110188166301
4,thompson,678,twain,7.47580823302269
4,thompson,678,non_oz_baum,5.972170114517212
4,thompson,678,non_oz_thompson,6.239205598831177
4,thompson,678,contested,5.124102115631104
4,thompson,679,train,3.997573226690293
4,thompson,679,baum,5.526019096374512
4,thompson,679,thompson,5.401665210723877
4,thompson,679,dickens,7.122572439688224
4,thompson,679,melville,7.663220643997192
4,thompson,679,wells,6.674487471580505
4,thompson,679,austen,6.702357610066732
4,thompson,679,fitzgerald,6.401215155919393
4,thompson,679,twain,7.432140290737152
4,thompson,679,non_oz_baum,5.956971168518066
4,thompson,679,non_oz_thompson,6.222686529159546
4,thompson,679,contested,5.111640095710754
4,thompson,680,train,3.967475026845932
4,thompson,680,baum,5.540360450744629
4,thompson,680,thompson,5.413278579711914
4,thompson,680,dickens,7.164242408893727
4,thompson,680,melville,7.709864664077759
4,thompson,680,wells,6.713907361030579
4,thompson,680,austen,6.739704608917236
4,thompson,680,fitzgerald,6.42620309193929
4,thompson,680,twain,7.471782386302948
4,thompson,680,non_oz_baum,5.964918255805969
4,thompson,680,non_oz_thompson,6.244431972503662
4,thompson,680,contested,5.119774341583252
4,thompson,681,train,4.002048224210739
4,thompson,681,baum,5.526504397392273
4,thompson,681,thompson,5.399507403373718
4,thompson,681,dickens,7.113251845041911
4,thompson,681,melville,7.636140203475952
4,thompson,681,wells,6.678105354309082
4,thompson,681,austen,6.694034576416016
4,thompson,681,fitzgerald,6.399377187093099
4,thompson,681,twain,7.411353886127472
4,thompson,681,non_oz_baum,5.952886939048767
4,thompson,681,non_oz_thompson,6.220548868179321
4,thompson,681,contested,5.109444975852966
4,thompson,682,train,3.969627857208252
4,thompson,682,baum,5.536177635192871
4,thompson,682,thompson,5.401994347572327
4,thompson,682,dickens,7.134993288252089
4,thompson,682,melville,7.668465709686279
4,thompson,682,wells,6.695091605186462
4,thompson,682,austen,6.714055299758911
4,thompson,682,fitzgerald,6.416520198186238
4,thompson,682,twain,7.438078373670578
4,thompson,682,non_oz_baum,5.961867451667786
4,thompson,682,non_oz_thompson,6.233216285705566
4,thompson,682,contested,5.117637515068054
4,thompson,683,train,3.9982039630413055
4,thompson,683,baum,5.5351163148880005
4,thompson,683,thompson,5.403175473213196
4,thompson,683,dickens,7.1466077345388905
4,thompson,683,melville,7.685732793807984
4,thompson,683,wells,6.698366403579712
4,thompson,683,austen,6.721338192621867
4,thompson,683,fitzgerald,6.413689772288005
4,thompson,683,twain,7.449300467967987
4,thompson,683,non_oz_baum,5.961625099182129
4,thompson,683,non_oz_thompson,6.231396675109863
4,thompson,683,contested,5.11964476108551
4,thompson,684,train,3.9769345223903656
4,thompson,684,baum,5.539200186729431
4,thompson,684,thompson,5.399108648300171
4,thompson,684,dickens,7.15631843496252
4,thompson,684,melville,7.68658709526062
4,thompson,684,wells,6.7018959522247314
4,thompson,684,austen,6.732505003611247
4,thompson,684,fitzgerald,6.420750220616658
4,thompson,684,twain,7.456488609313965
4,thompson,684,non_oz_baum,5.960961818695068
4,thompson,684,non_oz_thompson,6.240373373031616
4,thompson,684,contested,5.117570400238037
4,thompson,685,train,3.9710813462734222
4,thompson,685,baum,5.539924144744873
4,thompson,685,thompson,5.410872459411621
4,thompson,685,dickens,7.158790270487468
4,thompson,685,melville,7.703122949600219
4,thompson,685,wells,6.714304208755493
4,thompson,685,austen,6.738236745198567
4,thompson,685,fitzgerald,6.427765925725301
4,thompson,685,twain,7.471156358718872
4,thompson,685,non_oz_baum,5.967277526855469
4,thompson,685,non_oz_thompson,6.24419379234314
4,thompson,685,contested,5.122208595275879
4,thompson,686,train,4.002419173717499
4,thompson,686,baum,5.535991311073303
4,thompson,686,thompson,5.397132873535156
4,thompson,686,dickens,7.138684643639459
4,thompson,686,melville,7.687682342529297
4,thompson,686,wells,6.697993636131287
4,thompson,686,austen,6.724065860112508
4,thompson,686,fitzgerald,6.4196516672770185
4,thompson,686,twain,7.448275029659271
4,thompson,686,non_oz_baum,5.961696267127991
4,thompson,686,non_oz_thompson,6.2379114627838135
4,thompson,686,contested,5.119420766830444
4,thompson,687,train,3.9992149472236633
4,thompson,687,baum,5.544767737388611
4,thompson,687,thompson,5.403221130371094
4,thompson,687,dickens,7.1584235827128095
4,thompson,687,melville,7.70213212966919
4,thompson,687,wells,6.712439179420471
4,thompson,687,austen,6.734432935714722
4,thompson,687,fitzgerald,6.4236072699228925
4,thompson,687,twain,7.461629271507263
4,thompson,687,non_oz_baum,5.9730716943740845
4,thompson,687,non_oz_thompson,6.241999626159668
4,thompson,687,contested,5.124300837516785
4,thompson,688,train,3.975051790475845
4,thompson,688,baum,5.535341858863831
4,thompson,688,thompson,5.400128364562988
4,thompson,688,dickens,7.150684180083098
4,thompson,688,melville,7.68892993927002
4,thompson,688,wells,6.691880464553833
4,thompson,688,austen,6.713981469472249
4,thompson,688,fitzgerald,6.414610306421916
4,thompson,688,twain,7.441638112068176
4,thompson,688,non_oz_baum,5.960114359855652
4,thompson,688,non_oz_thompson,6.2320966720581055
4,thompson,688,contested,5.117679715156555
4,thompson,689,train,3.973566919565201
4,thompson,689,baum,5.54956591129303
4,thompson,689,thompson,5.414429187774658
4,thompson,689,dickens,7.185689784862377
4,thompson,689,melville,7.733130979537964
4,thompson,689,wells,6.735886573791504
4,thompson,689,austen,6.760527451833089
4,thompson,689,fitzgerald,6.443717002868652
4,thompson,689,twain,7.492326080799103
4,thompson,689,non_oz_baum,5.979771733283997
4,thompson,689,non_oz_thompson,6.254807233810425
4,thompson,689,contested,5.131361722946167
4,thompson,690,train,3.985040813684464
4,thompson,690,baum,5.539145469665527
4,thompson,690,thompson,5.401397466659546
4,thompson,690,dickens,7.148098663047508
4,thompson,690,melville,7.695419883728027
4,thompson,690,wells,6.70149290561676
4,thompson,690,austen,6.72071894009908
4,thompson,690,fitzgerald,6.418115615844727
4,thompson,690,twain,7.450115084648132
4,thompson,690,non_oz_baum,5.962833762168884
4,thompson,690,non_oz_thompson,6.23260760307312
4,thompson,690,contested,5.120549917221069
4,thompson,691,train,3.954137325286865
4,thompson,691,baum,5.548752665519714
4,thompson,691,thompson,5.40847110748291
4,thompson,691,dickens,7.169750054677327
4,thompson,691,melville,7.719965696334839
4,thompson,691,wells,6.721977472305298
4,thompson,691,austen,6.74782148996989
4,thompson,691,fitzgerald,6.426241556803386
4,thompson,691,twain,7.467690169811249
4,thompson,691,non_oz_baum,5.973094344139099
4,thompson,691,non_oz_thompson,6.244840860366821
4,thompson,691,contested,5.125935792922974
4,thompson,692,train,3.959361523389816
4,thompson,692,baum,5.544983267784119
4,thompson,692,thompson,5.403208017349243
4,thompson,692,dickens,7.1596635182698565
4,thompson,692,melville,7.699521923065186
4,thompson,692,wells,6.714363098144531
4,thompson,692,austen,6.738571166992188
4,thompson,692,fitzgerald,6.427667220433553
4,thompson,692,twain,7.47017228603363
4,thompson,692,non_oz_baum,5.969370007514954
4,thompson,692,non_oz_thompson,6.24555230140686
4,thompson,692,contested,5.123540639877319
4,thompson,693,train,3.951804608106613
4,thompson,693,baum,5.536774754524231
4,thompson,693,thompson,5.396576881408691
4,thompson,693,dickens,7.15282463144373
4,thompson,693,melville,7.699687910079956
4,thompson,693,wells,6.700940132141113
4,thompson,693,austen,6.721824169158936
4,thompson,693,fitzgerald,6.419140259424846
4,thompson,693,twain,7.4583044946193695
4,thompson,693,non_oz_baum,5.963394284248352
4,thompson,693,non_oz_thompson,6.23614501953125
4,thompson,693,contested,5.1166465282440186
4,thompson,694,train,3.9665988981723785
4,thompson,694,baum,5.533419251441956
4,thompson,694,thompson,5.395422101020813
4,thompson,694,dickens,7.128545319592512
4,thompson,694,melville,7.664291000366211
4,thompson,694,wells,6.684991359710693
4,thompson,694,austen,6.703671058019002
4,thompson,694,fitzgerald,6.409476439158122
4,thompson,694,twain,7.432338237762451
4,thompson,694,non_oz_baum,5.95276403427124
4,thompson,694,non_oz_thompson,6.226963758468628
4,thompson,694,contested,5.113351345062256
4,thompson,695,train,3.972810208797455
4,thompson,695,baum,5.558841347694397
4,thompson,695,thompson,5.418258190155029
4,thompson,695,dickens,7.189803300080476
4,thompson,695,melville,7.737972354888916
4,thompson,695,wells,6.734421372413635
4,thompson,695,austen,6.7609489758809405
4,thompson,695,fitzgerald,6.448251962661743
4,thompson,695,twain,7.492473661899567
4,thompson,695,non_oz_baum,5.982367396354675
4,thompson,695,non_oz_thompson,6.262371063232422
4,thompson,695,contested,5.133991122245789
4,thompson,696,train,3.959334313869476
4,thompson,696,baum,5.534059524536133
4,thompson,696,thompson,5.39517068862915
4,thompson,696,dickens,7.138073638633445
4,thompson,696,melville,7.665390014648437
4,thompson,696,wells,6.687031030654907
4,thompson,696,austen,6.705175876617432
4,thompson,696,fitzgerald,6.406234900156657
4,thompson,696,twain,7.435178518295288
4,thompson,696,non_oz_baum,5.95408034324646
4,thompson,696,non_oz_thompson,6.231481075286865
4,thompson,696,contested,5.112550854682922
4,thompson,697,train,3.962829828262329
4,thompson,697,baum,5.545133471488953
4,thompson,697,thompson,5.40223228931427
4,thompson,697,dickens,7.155599417509856
4,thompson,697,melville,7.692105293273926
4,thompson,697,wells,6.710095882415772
4,thompson,697,austen,6.734974304835002
4,thompson,697,fitzgerald,6.427495876948039
4,thompson,697,twain,7.462464064359665
4,thompson,697,non_oz_baum,5.970199227333069
4,thompson,697,non_oz_thompson,6.242941617965698
4,thompson,697,contested,5.122389554977417
4,thompson,698,train,3.939533948898315
4,thompson,698,baum,5.542202949523926
4,thompson,698,thompson,5.406879544258118
4,thompson,698,dickens,7.168861106589988
4,thompson,698,melville,7.716987895965576
4,thompson,698,wells,6.724298596382141
4,thompson,698,austen,6.744334697723389
4,thompson,698,fitzgerald,6.436412572860718
4,thompson,698,twain,7.479549556970596
4,thompson,698,non_oz_baum,5.969326496124268
4,thompson,698,non_oz_thompson,6.2489235401153564
4,thompson,698,contested,5.1221301555633545
4,thompson,699,train,3.942654311656952
4,thompson,699,baum,5.545489072799683
4,thompson,699,thompson,5.400092363357544
4,thompson,699,dickens,7.157284966221562
4,thompson,699,melville,7.697373390197754
4,thompson,699,wells,6.719393491744995
4,thompson,699,austen,6.734669287999471
4,thompson,699,fitzgerald,6.430862506230672
4,thompson,699,twain,7.474015057086945
4,thompson,699,non_oz_baum,5.969377040863037
4,thompson,699,non_oz_thompson,6.242202520370483
4,thompson,699,contested,5.118659853935242
4,thompson,700,train,3.958357065916061
4,thompson,700,baum,5.55341100692749
4,thompson,700,thompson,5.4173264503479
4,thompson,700,dickens,7.210214032067193
4,thompson,700,melville,7.752168321609497
4,thompson,700,wells,6.75181770324707
4,thompson,700,austen,6.77734621365865
4,thompson,700,fitzgerald,6.45274551709493
4,thompson,700,twain,7.511382043361664
4,thompson,700,non_oz_baum,5.985831260681152
4,thompson,700,non_oz_thompson,6.25810694694519
4,thompson,700,contested,5.130786061286926
4,thompson,701,train,3.9521563053131104
4,thompson,701,baum,5.543838620185852
4,thompson,701,thompson,5.402022480964661
4,thompson,701,dickens,7.172909665990759
4,thompson,701,melville,7.704482078552246
4,thompson,701,wells,6.712381958961487
4,thompson,701,austen,6.742527008056641
4,thompson,701,fitzgerald,6.436785459518433
4,thompson,701,twain,7.47515282034874
4,thompson,701,non_oz_baum,5.971362113952637
4,thompson,701,non_oz_thompson,6.244116544723511
4,thompson,701,contested,5.1210010051727295
4,thompson,702,train,3.930001765489578
4,thompson,702,baum,5.543068170547485
4,thompson,702,thompson,5.40686571598053
4,thompson,702,dickens,7.184416082170275
4,thompson,702,melville,7.727370691299439
4,thompson,702,wells,6.725948810577393
4,thompson,702,austen,6.756560881932576
4,thompson,702,fitzgerald,6.435206890106201
4,thompson,702,twain,7.490096181631088
4,thompson,702,non_oz_baum,5.97763466835022
4,thompson,702,non_oz_thompson,6.246782541275024
4,thompson,702,contested,5.1208930015563965
4,thompson,703,train,3.930541306734085
4,thompson,703,baum,5.558539986610413
4,thompson,703,thompson,5.41199791431427
4,thompson,703,dickens,7.2053526595786765
4,thompson,703,melville,7.747876262664795
4,thompson,703,wells,6.748351693153381
4,thompson,703,austen,6.772982120513916
4,thompson,703,fitzgerald,6.455363670984904
4,thompson,703,twain,7.512246042490005
4,thompson,703,non_oz_baum,5.98496401309967
4,thompson,703,non_oz_thompson,6.26582407951355
4,thompson,703,contested,5.133130311965942
4,thompson,704,train,3.92065167427063
4,thompson,704,baum,5.542115092277527
4,thompson,704,thompson,5.401573419570923
4,thompson,704,dickens,7.175848837252016
4,thompson,704,melville,7.709447383880615
4,thompson,704,wells,6.716322064399719
4,thompson,704,austen,6.744859536488851
4,thompson,704,fitzgerald,6.4271293481191
4,thompson,704,twain,7.468973606824875
4,thompson,704,non_oz_baum,5.972286581993103
4,thompson,704,non_oz_thompson,6.243449926376343
4,thompson,704,contested,5.124999165534973
4,thompson,705,train,3.9467022716999054
4,thompson,705,baum,5.551709294319153
4,thompson,705,thompson,5.407279133796692
4,thompson,705,dickens,7.187988811069065
4,thompson,705,melville,7.732193422317505
4,thompson,705,wells,6.727712154388428
4,thompson,705,austen,6.754634857177734
4,thompson,705,fitzgerald,6.438296556472778
4,thompson,705,twain,7.4904875457286835
4,thompson,705,non_oz_baum,5.9800063371658325
4,thompson,705,non_oz_thompson,6.2506492137908936
4,thompson,705,contested,5.127811789512634
4,thompson,706,train,3.927523374557495
4,thompson,706,baum,5.5551817417144775
4,thompson,706,thompson,5.412099719047546
4,thompson,706,dickens,7.2095672995955855
4,thompson,706,melville,7.757551336288452
4,thompson,706,wells,6.747446179389954
4,thompson,706,austen,6.778316338857015
4,thompson,706,fitzgerald,6.455739100774129
4,thompson,706,twain,7.513092815876007
4,thompson,706,non_oz_baum,5.988082408905029
4,thompson,706,non_oz_thompson,6.258063554763794
4,thompson,706,contested,5.128786206245422
4,thompson,707,train,3.923686295747757
4,thompson,707,baum,5.556600451469421
4,thompson,707,thompson,5.411122441291809
4,thompson,707,dickens,7.197447370599817
4,thompson,707,melville,7.741771411895752
4,thompson,707,wells,6.740990519523621
4,thompson,707,austen,6.771501223246257
4,thompson,707,fitzgerald,6.453099330266316
4,thompson,707,twain,7.507541924715042
4,thompson,707,non_oz_baum,5.9845651388168335
4,thompson,707,non_oz_thompson,6.261172771453857
4,thompson,707,contested,5.132774710655212
4,thompson,708,train,3.91456338763237
4,thompson,708,baum,5.56230616569519
4,thompson,708,thompson,5.416102766990662
4,thompson,708,dickens,7.203513639944571
4,thompson,708,melville,7.751949739456177
4,thompson,708,wells,6.745978713035584
4,thompson,708,austen,6.770729621251424
4,thompson,708,fitzgerald,6.44958217938741
4,thompson,708,twain,7.510434031486511
4,thompson,708,non_oz_baum,5.987043857574463
4,thompson,708,non_oz_thompson,6.26383376121521
4,thompson,708,contested,5.133177638053894
4,thompson,709,train,3.940768122673034
4,thompson,709,baum,5.554989695549011
4,thompson,709,thompson,5.407870292663574
4,thompson,709,dickens,7.199002795749241
4,thompson,709,melville,7.739931344985962
4,thompson,709,wells,6.731274962425232
4,thompson,709,austen,6.7596205075581866
4,thompson,709,fitzgerald,6.440854946772258
4,thompson,709,twain,7.496833890676498
4,thompson,709,non_oz_baum,5.982446193695068
4,thompson,709,non_oz_thompson,6.260400772094727
4,thompson,709,contested,5.1305975914001465
4,thompson,710,train,3.9096870720386505
4,thompson,710,baum,5.556621313095093
4,thompson,710,thompson,5.416987180709839
4,thompson,710,dickens,7.220336260618986
4,thompson,710,melville,7.7710041999816895
4,thompson,710,wells,6.754180550575256
4,thompson,710,austen,6.783645232518514
4,thompson,710,fitzgerald,6.45686411857605
4,thompson,710,twain,7.524438172578812
4,thompson,710,non_oz_baum,5.991851568222046
4,thompson,710,non_oz_thompson,6.268832206726074
4,thompson,710,contested,5.132341265678406
4,thompson,711,train,3.9258675575256334
4,thompson,711,baum,5.55189859867096
4,thompson,711,thompson,5.407404065132141
4,thompson,711,dickens,7.184960082725242
4,thompson,711,melville,7.73999810218811
4,thompson,711,wells,6.7326340675354
4,thompson,711,austen,6.758006970087688
4,thompson,711,fitzgerald,6.444888273874919
4,thompson,711,twain,7.495504021644592
4,thompson,711,non_oz_baum,5.982459187507629
4,thompson,711,non_oz_thompson,6.250639915466309
4,thompson,711,contested,5.125148415565491
4,thompson,712,train,3.9178370535373688
4,thompson,712,baum,5.554166913032532
4,thompson,712,thompson,5.412481665611267
4,thompson,712,dickens,7.214933254100658
4,thompson,712,melville,7.759012222290039
4,thompson,712,wells,6.743534684181213
4,thompson,712,austen,6.771172285079956
4,thompson,712,fitzgerald,6.458920478820801
4,thompson,712,twain,7.512668460607529
4,thompson,712,non_oz_baum,5.984700441360474
4,thompson,712,non_oz_thompson,6.265615224838257
4,thompson,712,contested,5.134205102920532
4,thompson,713,train,3.918722778558731
4,thompson,713,baum,5.557578921318054
4,thompson,713,thompson,5.40918505191803
4,thompson,713,dickens,7.190356042650011
4,thompson,713,melville,7.741181802749634
4,thompson,713,wells,6.7364585399627686
4,thompson,713,austen,6.759948174158732
4,thompson,713,fitzgerald,6.443807204564412
4,thompson,713,twain,7.497154265642166
4,thompson,713,non_oz_baum,5.983248949050903
4,thompson,713,non_oz_thompson,6.256103038787842
4,thompson,713,contested,5.130862712860107
4,thompson,714,train,3.93170753121376
4,thompson,714,baum,5.562036156654358
4,thompson,714,thompson,5.415254592895508
4,thompson,714,dickens,7.218760031240958
4,thompson,714,melville,7.776513528823853
4,thompson,714,wells,6.758533835411072
4,thompson,714,austen,6.783428986867269
4,thompson,714,fitzgerald,6.463909546534221
4,thompson,714,twain,7.5215098559856415
4,thompson,714,non_oz_baum,5.994610786437988
4,thompson,714,non_oz_thompson,6.2673020362854
4,thompson,714,contested,5.1368643045425415
4,thompson,715,train,3.916549324989319
4,thompson,715,baum,5.561906337738037
4,thompson,715,thompson,5.408393025398254
4,thompson,715,dickens,7.216146734025743
4,thompson,715,melville,7.757133960723877
4,thompson,715,wells,6.750309109687805
4,thompson,715,austen,6.773861010869344
4,thompson,715,fitzgerald,6.459554990132649
4,thompson,715,twain,7.513658314943314
4,thompson,715,non_oz_baum,5.991677641868591
4,thompson,715,non_oz_thompson,6.2693939208984375
4,thompson,715,contested,5.135775804519653
4,thompson,716,train,3.891989052295685
4,thompson,716,baum,5.563810229301453
4,thompson,716,thompson,5.405519723892212
4,thompson,716,dickens,7.194228914048937
4,thompson,716,melville,7.7344964981079105
4,thompson,716,wells,6.734886288642883
4,thompson,716,austen,6.76235294342041
4,thompson,716,fitzgerald,6.448215166727702
4,thompson,716,twain,7.494846135377884
4,thompson,716,non_oz_baum,5.986089587211609
4,thompson,716,non_oz_thompson,6.26064658164978
4,thompson,716,contested,5.130799889564514
4,thompson,717,train,3.90459468960762
4,thompson,717,baum,5.558013200759888
4,thompson,717,thompson,5.409113645553589
4,thompson,717,dickens,7.204866992102729
4,thompson,717,melville,7.751166534423828
4,thompson,717,wells,6.742017984390259
4,thompson,717,austen,6.771850188573201
4,thompson,717,fitzgerald,6.453080256779988
4,thompson,717,twain,7.50574603676796
4,thompson,717,non_oz_baum,5.991082429885864
4,thompson,717,non_oz_thompson,6.267499685287476
4,thompson,717,contested,5.13080632686615
4,thompson,718,train,3.909992396831513
4,thompson,718,baum,5.560847997665405
4,thompson,718,thompson,5.410040020942688
4,thompson,718,dickens,7.205700008957474
4,thompson,718,melville,7.761030197143555
4,thompson,718,wells,6.755822777748108
4,thompson,718,austen,6.785468180974324
4,thompson,718,fitzgerald,6.458142518997192
4,thompson,718,twain,7.517946690320969
4,thompson,718,non_oz_baum,5.9964001178741455
4,thompson,718,non_oz_thompson,6.269697189331055
4,thompson,718,contested,5.135745286941528
4,thompson,719,train,3.9084048867225647
4,thompson,719,baum,5.554431200027466
4,thompson,719,thompson,5.405131220817566
4,thompson,719,dickens,7.185861887755217
4,thompson,719,melville,7.728929805755615
4,thompson,719,wells,6.726358294487
4,thompson,719,austen,6.761143843332927
4,thompson,719,fitzgerald,6.447578112284343
4,thompson,719,twain,7.484921425580978
4,thompson,719,non_oz_baum,5.982693910598755
4,thompson,719,non_oz_thompson,6.258556842803955
4,thompson,719,contested,5.128493905067444
4,thompson,720,train,3.920481890439987
4,thompson,720,baum,5.559337615966797
4,thompson,720,thompson,5.410686254501343
4,thompson,720,dickens,7.211469173431396
4,thompson,720,melville,7.7516748905181885
4,thompson,720,wells,6.744181156158447
4,thompson,720,austen,6.779863516489665
4,thompson,720,fitzgerald,6.464510361353557
4,thompson,720,twain,7.511793553829193
4,thompson,720,non_oz_baum,5.995121955871582
4,thompson,720,non_oz_thompson,6.265681505203247
4,thompson,720,contested,5.136191487312317
4,thompson,721,train,3.915335863828659
4,thompson,721,baum,5.565564036369324
4,thompson,721,thompson,5.416506409645081
4,thompson,721,dickens,7.2149289978875055
4,thompson,721,melville,7.75964732170105
4,thompson,721,wells,6.7582104206085205
4,thompson,721,austen,6.791730244954427
4,thompson,721,fitzgerald,6.463591416676839
4,thompson,721,twain,7.51555410027504
4,thompson,721,non_oz_baum,5.994652986526489
4,thompson,721,non_oz_thompson,6.274724960327148
4,thompson,721,contested,5.140566468238831
4,thompson,722,train,3.9075891971588135
4,thompson,722,baum,5.5626784563064575
4,thompson,722,thompson,5.412211179733276
4,thompson,722,dickens,7.218245559268528
4,thompson,722,melville,7.768030118942261
4,thompson,722,wells,6.764057874679565
4,thompson,722,austen,6.793566624323527
4,thompson,722,fitzgerald,6.464661359786987
4,thompson,722,twain,7.523816764354706
4,thompson,722,non_oz_baum,5.997909188270569
4,thompson,722,non_oz_thompson,6.27503228187561
4,thompson,722,contested,5.134821653366089
4,thompson,723,train,3.912564903497696
4,thompson,723,baum,5.566071510314941
4,thompson,723,thompson,5.406654119491577
4,thompson,723,dickens,7.21222303531788
4,thompson,723,melville,7.757176685333252
4,thompson,723,wells,6.752259850502014
4,thompson,723,austen,6.779700756072998
4,thompson,723,fitzgerald,6.461617310841878
4,thompson,723,twain,7.514256507158279
4,thompson,723,non_oz_baum,5.991682410240173
4,thompson,723,non_oz_thompson,6.267469644546509
4,thompson,723,contested,5.134678840637207
4,thompson,724,train,3.8884239494800568
4,thompson,724,baum,5.565030574798584
4,thompson,724,thompson,5.411084890365601
4,thompson,724,dickens,7.21456402319449
4,thompson,724,melville,7.751695823669434
4,thompson,724,wells,6.747997999191284
4,thompson,724,austen,6.774375041325887
4,thompson,724,fitzgerald,6.459181865056356
4,thompson,724,twain,7.503551244735718
4,thompson,724,non_oz_baum,5.990112900733948
4,thompson,724,non_oz_thompson,6.274936676025391
4,thompson,724,contested,5.137772560119629
4,thompson,725,train,3.8901466131210327
4,thompson,725,baum,5.57268226146698
4,thompson,725,thompson,5.414229989051819
4,thompson,725,dickens,7.229966940703215
4,thompson,725,melville,7.78190598487854
4,thompson,725,wells,6.764104843139648
4,thompson,725,austen,6.794176499048869
4,thompson,725,fitzgerald,6.467748165130615
4,thompson,725,twain,7.530510753393173
4,thompson,725,non_oz_baum,6.000551104545593
4,thompson,725,non_oz_thompson,6.277184009552002
4,thompson,725,contested,5.13683819770813
4,thompson,726,train,3.881106019020081
4,thompson,726,baum,5.551264405250549
4,thompson,726,thompson,5.401944994926453
4,thompson,726,dickens,7.191627078586155
4,thompson,726,melville,7.735334682464599
4,thompson,726,wells,6.739925503730774
4,thompson,726,austen,6.76585594813029
4,thompson,726,fitzgerald,6.4492301146189375
4,thompson,726,twain,7.494520843029022
4,thompson,726,non_oz_baum,5.985981702804565
4,thompson,726,non_oz_thompson,6.259525299072266
4,thompson,726,contested,5.126935124397278
4,thompson,727,train,3.901248663663864
4,thompson,727,baum,5.559676051139832
4,thompson,727,thompson,5.408330917358398
4,thompson,727,dickens,7.199767589569092
4,thompson,727,melville,7.7475905418396
4,thompson,727,wells,6.747009038925171
4,thompson,727,austen,6.7745771408081055
4,thompson,727,fitzgerald,6.456491311391194
4,thompson,727,twain,7.506655544042587
4,thompson,727,non_oz_baum,5.986849784851074
4,thompson,727,non_oz_thompson,6.267183303833008
4,thompson,727,contested,5.134507536888123
4,thompson,728,train,3.903894543647766
4,thompson,728,baum,5.5726131200790405
4,thompson,728,thompson,5.417245149612427
4,thompson,728,dickens,7.224701386910898
4,thompson,728,melville,7.771092176437378
4,thompson,728,wells,6.769967317581177
4,thompson,728,austen,6.800805409749349
4,thompson,728,fitzgerald,6.483914931615193
4,thompson,728,twain,7.537023901939392
4,thompson,728,non_oz_baum,6.00810968875885
4,thompson,728,non_oz_thompson,6.278955459594727
4,thompson,728,contested,5.142139434814453
4,thompson,729,train,3.914301216602325
4,thompson,729,baum,5.570174336433411
4,thompson,729,thompson,5.422287106513977
4,thompson,729,dickens,7.229918338634349
4,thompson,729,melville,7.77741265296936
4,thompson,729,wells,6.764352917671204
4,thompson,729,austen,6.796834707260132
4,thompson,729,fitzgerald,6.476775248845418
4,thompson,729,twain,7.53430113196373
4,thompson,729,non_oz_baum,6.006691098213196
4,thompson,729,non_oz_thompson,6.279120445251465
4,thompson,729,contested,5.139865398406982
4,thompson,730,train,3.865418881177902
4,thompson,730,baum,5.570995450019836
4,thompson,730,thompson,5.417253613471985
4,thompson,730,dickens,7.2181521345067905
4,thompson,730,melville,7.769469213485718
4,thompson,730,wells,6.7594650983810425
4,thompson,730,austen,6.792290528615316
4,thompson,730,fitzgerald,6.475012461344401
4,thompson,730,twain,7.520637810230255
4,thompson,730,non_oz_baum,6.003545641899109
4,thompson,730,non_oz_thompson,6.275961875915527
4,thompson,730,contested,5.141237854957581
4,thompson,731,train,3.906010568141937
4,thompson,731,baum,5.570594310760498
4,thompson,731,thompson,5.415182709693909
4,thompson,731,dickens,7.208881501798277
4,thompson,731,melville,7.760600757598877
4,thompson,731,wells,6.756295084953308
4,thompson,731,austen,6.787568012873332
4,thompson,731,fitzgerald,6.463781595230103
4,thompson,731,twain,7.513270854949951
4,thompson,731,non_oz_baum,6.000518083572388
4,thompson,731,non_oz_thompson,6.269596815109253
4,thompson,731,contested,5.136757016181946
4,thompson,732,train,3.913175582885742
4,thompson,732,baum,5.560328006744385
4,thompson,732,thompson,5.412181854248047
4,thompson,732,dickens,7.203848185362639
4,thompson,732,melville,7.761606216430664
4,thompson,732,wells,6.739412903785706
4,thompson,732,austen,6.7807793617248535
4,thompson,732,fitzgerald,6.463219086329143
4,thompson,732,twain,7.519178509712219
4,thompson,732,non_oz_baum,5.999719023704529
4,thompson,732,non_oz_thompson,6.270556449890137
4,thompson,732,contested,5.132431387901306
4,thompson,733,train,3.8870618045330048
4,thompson,733,baum,5.564915418624878
4,thompson,733,thompson,5.421578288078308
4,thompson,733,dickens,7.236412083661115
4,thompson,733,melville,7.789289140701294
4,thompson,733,wells,6.7621084451675415
4,thompson,733,austen,6.803696791330974
4,thompson,733,fitzgerald,6.476518710454305
4,thompson,733,twain,7.538109749555588
4,thompson,733,non_oz_baum,6.002340435981751
4,thompson,733,non_oz_thompson,6.2867653369903564
4,thompson,733,contested,5.138410806655884
4,thompson,734,train,3.890967160463333
4,thompson,734,baum,5.565493822097778
4,thompson,734,thompson,5.413432717323303
4,thompson,734,dickens,7.222420515837492
4,thompson,734,melville,7.77148175239563
4,thompson,734,wells,6.757574200630188
4,thompson,734,austen,6.79449200630188
4,thompson,734,fitzgerald,6.470427513122559
4,thompson,734,twain,7.521202743053436
4,thompson,734,non_oz_baum,6.002256274223328
4,thompson,734,non_oz_thompson,6.277125597000122
4,thompson,734,contested,5.139201760292053
4,thompson,735,train,3.88583841919899
4,thompson,735,baum,5.581928849220276
4,thompson,735,thompson,5.427071928977966
4,thompson,735,dickens,7.246329855035852
4,thompson,735,melville,7.819723224639892
4,thompson,735,wells,6.789603352546692
4,thompson,735,austen,6.817830642064412
4,thompson,735,fitzgerald,6.490284601847331
4,thompson,735,twain,7.553644865751266
4,thompson,735,non_oz_baum,6.017943859100342
4,thompson,735,non_oz_thompson,6.296092748641968
4,thompson,735,contested,5.153084874153137
4,thompson,736,train,3.896116465330124
4,thompson,736,baum,5.566774368286133
4,thompson,736,thompson,5.411060571670532
4,thompson,736,dickens,7.215820418463813
4,thompson,736,melville,7.773984336853028
4,thompson,736,wells,6.763636589050293
4,thompson,736,austen,6.799558242162068
4,thompson,736,fitzgerald,6.47866169611613
4,thompson,736,twain,7.527641654014587
4,thompson,736,non_oz_baum,6.008758783340454
4,thompson,736,non_oz_thompson,6.270435810089111
4,thompson,736,contested,5.139038324356079
4,thompson,737,train,3.898385465145111
4,thompson,737,baum,5.573653697967529
4,thompson,737,thompson,5.42229950428009
4,thompson,737,dickens,7.233334241089998
4,thompson,737,melville,7.796274566650391
4,thompson,737,wells,6.775667786598206
4,thompson,737,austen,6.80346155166626
4,thompson,737,fitzgerald,6.483891407648723
4,thompson,737,twain,7.544233202934265
4,thompson,737,non_oz_baum,6.012246131896973
4,thompson,737,non_oz_thompson,6.285011053085327
4,thompson,737,contested,5.146147847175598
4,thompson,738,train,3.872262179851532
4,thompson,738,baum,5.566784143447876
4,thompson,738,thompson,5.4208197593688965
4,thompson,738,dickens,7.247691878566036
4,thompson,738,melville,7.817222023010254
4,thompson,738,wells,6.786174297332764
4,thompson,738,austen,6.818550030390422
4,thompson,738,fitzgerald,6.482486248016357
4,thompson,738,twain,7.561924457550049
4,thompson,738,non_oz_baum,6.007215738296509
4,thompson,738,non_oz_thompson,6.2863757610321045
4,thompson,738,contested,5.141568303108215
4,thompson,739,train,3.8718590438365936
4,thompson,739,baum,5.583411693572998
4,thompson,739,thompson,5.430116415023804
4,thompson,739,dickens,7.251425513514766
4,thompson,739,melville,7.792708539962769
4,thompson,739,wells,6.791157126426697
4,thompson,739,austen,6.819325606028239
4,thompson,739,fitzgerald,6.494359016418457
4,thompson,739,twain,7.556062281131744
4,thompson,739,non_oz_baum,6.017872929573059
4,thompson,739,non_oz_thompson,6.3011510372161865
4,thompson,739,contested,5.151190280914307
4,thompson,740,train,3.8614525198936462
4,thompson,740,baum,5.57749330997467
4,thompson,740,thompson,5.428996562957764
4,thompson,740,dickens,7.245363253134268
4,thompson,740,melville,7.804187202453614
4,thompson,740,wells,6.785966038703919
4,thompson,740,austen,6.821907838185628
4,thompson,740,fitzgerald,6.492250760396321
4,thompson,740,twain,7.563679873943329
4,thompson,740,non_oz_baum,6.0220867395401
4,thompson,740,non_oz_thompson,6.295837163925171
4,thompson,740,contested,5.149732947349548
4,thompson,741,train,3.856361448764801
4,thompson,741,baum,5.573970198631287
4,thompson,741,thompson,5.423626184463501
4,thompson,741,dickens,7.254853071989836
4,thompson,741,melville,7.818020820617676
4,thompson,741,wells,6.789552807807922
4,thompson,741,austen,6.8208638827006025
4,thompson,741,fitzgerald,6.496007363001506
4,thompson,741,twain,7.572475612163544
4,thompson,741,non_oz_baum,6.016097784042358
4,thompson,741,non_oz_thompson,6.295068502426148
4,thompson,741,contested,5.143414855003357
4,thompson,742,train,3.868681252002716
4,thompson,742,baum,5.55721378326416
4,thompson,742,thompson,5.410120725631714
4,thompson,742,dickens,7.213200410207112
4,thompson,742,melville,7.754611158370972
4,thompson,742,wells,6.758163094520569
4,thompson,742,austen,6.782192230224609
4,thompson,742,fitzgerald,6.468398332595825
4,thompson,742,twain,7.515331625938415
4,thompson,742,non_oz_baum,5.9983052015304565
4,thompson,742,non_oz_thompson,6.2726335525512695
4,thompson,742,contested,5.138342618942261
4,thompson,743,train,3.870112746953964
4,thompson,743,baum,5.584312200546265
4,thompson,743,thompson,5.424197554588318
4,thompson,743,dickens,7.269793757685909
4,thompson,743,melville,7.834805202484131
4,thompson,743,wells,6.804272651672363
4,thompson,743,austen,6.828800042470296
4,thompson,743,fitzgerald,6.499563852945964
4,thompson,743,twain,7.569207191467285
4,thompson,743,non_oz_baum,6.019070148468018
4,thompson,743,non_oz_thompson,6.300320625305176
4,thompson,743,contested,5.152354836463928
4,thompson,744,train,3.846571445465088
4,thompson,744,baum,5.576039910316467
4,thompson,744,thompson,5.421682357788086
4,thompson,744,dickens,7.240856205975568
4,thompson,744,melville,7.792557954788208
4,thompson,744,wells,6.783719182014465
4,thompson,744,austen,6.807433048884074
4,thompson,744,fitzgerald,6.497381687164307
4,thompson,744,twain,7.549855828285217
4,thompson,744,non_oz_baum,6.0112065076828
4,thompson,744,non_oz_thompson,6.291516542434692
4,thompson,744,contested,5.145715355873108
4,thompson,745,train,3.877970427274704
4,thompson,745,baum,5.589412927627564
4,thompson,745,thompson,5.430236220359802
4,thompson,745,dickens,7.285299760323983
4,thompson,745,melville,7.844729852676392
4,thompson,745,wells,6.817908883094788
4,thompson,745,austen,6.848067363103231
4,thompson,745,fitzgerald,6.510819753011067
4,thompson,745,twain,7.595152705907822
4,thompson,745,non_oz_baum,6.029124975204468
4,thompson,745,non_oz_thompson,6.30214262008667
4,thompson,745,contested,5.153388142585754
4,thompson,746,train,3.856035381555557
4,thompson,746,baum,5.571242690086365
4,thompson,746,thompson,5.411727547645569
4,thompson,746,dickens,7.230065557691786
4,thompson,746,melville,7.781113910675049
4,thompson,746,wells,6.766321778297424
4,thompson,746,austen,6.798535903294881
4,thompson,746,fitzgerald,6.483688275019328
4,thompson,746,twain,7.537692576646805
4,thompson,746,non_oz_baum,6.003350377082825
4,thompson,746,non_oz_thompson,6.273441791534424
4,thompson,746,contested,5.137126922607422
4,thompson,747,train,3.8701556622982025
4,thompson,747,baum,5.584252238273621
4,thompson,747,thompson,5.422563552856445
4,thompson,747,dickens,7.277888492301658
4,thompson,747,melville,7.84827151298523
4,thompson,747,wells,6.79970121383667
4,thompson,747,austen,6.830713113149007
4,thompson,747,fitzgerald,6.501865069071452
4,thompson,747,twain,7.580002456903458
4,thompson,747,non_oz_baum,6.019666433334351
4,thompson,747,non_oz_thompson,6.301464319229126
4,thompson,747,contested,5.150123715400696
4,thompson,748,train,3.858852207660675
4,thompson,748,baum,5.57676088809967
4,thompson,748,thompson,5.417205810546875
4,thompson,748,dickens,7.235531877588342
4,thompson,748,melville,7.7975812435150145
4,thompson,748,wells,6.778901100158691
4,thompson,748,austen,6.804958581924439
4,thompson,748,fitzgerald,6.487451791763306
4,thompson,748,twain,7.54128834605217
4,thompson,748,non_oz_baum,6.011741518974304
4,thompson,748,non_oz_thompson,6.286503076553345
4,thompson,748,contested,5.143832087516785
4,thompson,749,train,3.8536552488803855
4,thompson,749,baum,5.579462051391602
4,thompson,749,thompson,5.419967174530029
4,thompson,749,dickens,7.231824733592846
4,thompson,749,melville,7.797662115097045
4,thompson,749,wells,6.7736899852752686
4,thompson,749,austen,6.809254089991252
4,thompson,749,fitzgerald,6.485514958699544
4,thompson,749,twain,7.541129350662231
4,thompson,749,non_oz_baum,6.014036417007446
4,thompson,749,non_oz_thompson,6.288381814956665
4,thompson,749,contested,5.145724534988403
4,thompson,750,train,3.8630761206150055
4,thompson,750,baum,5.586272478103638
4,thompson,750,thompson,5.427693128585815
4,thompson,750,dickens,7.254676659901936
4,thompson,750,melville,7.83370189666748
4,thompson,750,wells,6.7959223985672
4,thompson,750,austen,6.831520477930705
4,thompson,750,fitzgerald,6.499988476435344
4,thompson,750,twain,7.57444629073143
4,thompson,750,non_oz_baum,6.020366787910461
4,thompson,750,non_oz_thompson,6.298244476318359
4,thompson,750,contested,5.15506112575531
4,thompson,751,train,3.861537754535675
4,thompson,751,baum,5.5840195417404175
4,thompson,751,thompson,5.4219077825546265
4,thompson,751,dickens,7.258012665642632
4,thompson,751,melville,7.823344421386719
4,thompson,751,wells,6.7951682806015015
4,thompson,751,austen,6.828907251358032
4,thompson,751,fitzgerald,6.494145393371582
4,thompson,751,twain,7.567527174949646
4,thompson,751,non_oz_baum,6.019098162651062
4,thompson,751,non_oz_thompson,6.29129958152771
4,thompson,751,contested,5.150561332702637
4,thompson,752,train,3.8526242673397055
4,thompson,752,baum,5.574262857437134
4,thompson,752,thompson,5.419799327850342
4,thompson,752,dickens,7.227626623930754
4,thompson,752,melville,7.803970718383789
4,thompson,752,wells,6.773522734642029
4,thompson,752,austen,6.80514931678772
4,thompson,752,fitzgerald,6.480749209721883
4,thompson,752,twain,7.545789450407028
4,thompson,752,non_oz_baum,6.006781578063965
4,thompson,752,non_oz_thompson,6.277847528457642
4,thompson,752,contested,5.138268947601318
4,thompson,753,train,3.84234681725502
4,thompson,753,baum,5.57940936088562
4,thompson,753,thompson,5.4186142683029175
4,thompson,753,dickens,7.251609749264187
4,thompson,753,melville,7.824512386322022
4,thompson,753,wells,6.800732135772705
4,thompson,753,austen,6.829738219579061
4,thompson,753,fitzgerald,6.501497666041057
4,thompson,753,twain,7.578921914100647
4,thompson,753,non_oz_baum,6.017535448074341
4,thompson,753,non_oz_thompson,6.293581962585449
4,thompson,753,contested,5.149369120597839
4,thompson,754,train,3.835741490125656
4,thompson,754,baum,5.578503370285034
4,thompson,754,thompson,5.420056819915772
4,thompson,754,dickens,7.24607351091173
4,thompson,754,melville,7.822416734695435
4,thompson,754,wells,6.792914986610413
4,thompson,754,austen,6.8215071360270185
4,thompson,754,fitzgerald,6.493322054545085
4,thompson,754,twain,7.564009487628937
4,thompson,754,non_oz_baum,6.014898180961609
4,thompson,754,non_oz_thompson,6.2956223487854
4,thompson,754,contested,5.147600531578064
4,thompson,755,train,3.839395374059677
4,thompson,755,baum,5.573702931404114
4,thompson,755,thompson,5.4145976305007935
4,thompson,755,dickens,7.233666296358462
4,thompson,755,melville,7.798487329483033
4,thompson,755,wells,6.774150729179382
4,thompson,755,austen,6.8013559977213545
4,thompson,755,fitzgerald,6.480103731155396
4,thompson,755,twain,7.541795343160629
4,thompson,755,non_oz_baum,6.006019473075867
4,thompson,755,non_oz_thompson,6.284761428833008
4,thompson,755,contested,5.142420530319214
4,thompson,756,train,3.840664595365524
4,thompson,756,baum,5.590510249137878
4,thompson,756,thompson,5.423651337623596
4,thompson,756,dickens,7.253707038031684
4,thompson,756,melville,7.819764471054077
4,thompson,756,wells,6.80299711227417
4,thompson,756,austen,6.824018319447835
4,thompson,756,fitzgerald,6.49729863802592
4,thompson,756,twain,7.562999457120895
4,thompson,756,non_oz_baum,6.0213624238967896
4,thompson,756,non_oz_thompson,6.3012518882751465
4,thompson,756,contested,5.156549692153931
4,thompson,757,train,3.861928105354309
4,thompson,757,baum,5.587946057319641
4,thompson,757,thompson,5.424906849861145
4,thompson,757,dickens,7.267774846818712
4,thompson,757,melville,7.829626846313476
4,thompson,757,wells,6.803934693336487
4,thompson,757,austen,6.829468727111816
4,thompson,757,fitzgerald,6.501626094182332
4,thompson,757,twain,7.56496450304985
4,thompson,757,non_oz_baum,6.025746464729309
4,thompson,757,non_oz_thompson,6.30254864692688
4,thompson,757,contested,5.158934712409973
4,thompson,758,train,3.8330392241477966
4,thompson,758,baum,5.586423397064209
4,thompson,758,thompson,5.4194769859313965
4,thompson,758,dickens,7.261479624995479
4,thompson,758,melville,7.816222906112671
4,thompson,758,wells,6.79889988899231
4,thompson,758,austen,6.820992390314738
4,thompson,758,fitzgerald,6.498249689737956
4,thompson,758,twain,7.559957206249237
4,thompson,758,non_oz_baum,6.021930575370789
4,thompson,758,non_oz_thompson,6.298398733139038
4,thompson,758,contested,5.154793620109558
4,thompson,759,train,3.853073209524154
4,thompson,759,baum,5.595491170883179
4,thompson,759,thompson,5.430229663848877
4,thompson,759,dickens,7.293221314748128
4,thompson,759,melville,7.854912900924683
4,thompson,759,wells,6.820143461227417
4,thompson,759,austen,6.851337035497029
4,thompson,759,fitzgerald,6.522160291671753
4,thompson,759,twain,7.587572604417801
4,thompson,759,non_oz_baum,6.032651901245117
4,thompson,759,non_oz_thompson,6.3149919509887695
4,thompson,759,contested,5.162094235420227
4,thompson,760,train,3.8431257903575897
4,thompson,760,baum,5.593886137008667
4,thompson,760,thompson,5.428300261497498
4,thompson,760,dickens,7.28045129776001
4,thompson,760,melville,7.844945955276489
4,thompson,760,wells,6.818384289741516
4,thompson,760,austen,6.845885356267293
4,thompson,760,fitzgerald,6.513977289199829
4,thompson,760,twain,7.5880836844444275
4,thompson,760,non_oz_baum,6.033248662948608
4,thompson,760,non_oz_thompson,6.308790922164917
4,thompson,760,contested,5.157839298248291
4,thompson,761,train,3.834864318370819
4,thompson,761,baum,5.597244143486023
4,thompson,761,thompson,5.428118109703064
4,thompson,761,dickens,7.2649856673346624
4,thompson,761,melville,7.823294830322266
4,thompson,761,wells,6.80016016960144
4,thompson,761,austen,6.829969882965088
4,thompson,761,fitzgerald,6.509228388468425
4,thompson,761,twain,7.5671350955963135
4,thompson,761,non_oz_baum,6.029145240783691
4,thompson,761,non_oz_thompson,6.304122924804688
4,thompson,761,contested,5.158586740493774
4,thompson,762,train,3.834781765937805
4,thompson,762,baum,5.59851598739624
4,thompson,762,thompson,5.43974757194519
4,thompson,762,dickens,7.293525519194426
4,thompson,762,melville,7.867365169525146
4,thompson,762,wells,6.820529818534851
4,thompson,762,austen,6.850867509841919
4,thompson,762,fitzgerald,6.527563412984212
4,thompson,762,twain,7.598781287670135
4,thompson,762,non_oz_baum,6.042880177497864
4,thompson,762,non_oz_thompson,6.317638397216797
4,thompson,762,contested,5.159487724304199
4,thompson,763,train,3.817551463842392
4,thompson,763,baum,5.598160147666931
4,thompson,763,thompson,5.43209969997406
4,thompson,763,dickens,7.28464287298697
4,thompson,763,melville,7.839628791809082
4,thompson,763,wells,6.8069988489151
4,thompson,763,austen,6.848140796025594
4,thompson,763,fitzgerald,6.512572209040324
4,thompson,763,twain,7.576199740171432
4,thompson,763,non_oz_baum,6.035833477973938
4,thompson,763,non_oz_thompson,6.310480117797852
4,thompson,763,contested,5.1586936712265015
4,thompson,764,train,3.822564840316773
4,thompson,764,baum,5.594325423240662
4,thompson,764,thompson,5.425089240074158
4,thompson,764,dickens,7.2784435307538065
4,thompson,764,melville,7.840390396118164
4,thompson,764,wells,6.812098383903503
4,thompson,764,austen,6.833160320917766
4,thompson,764,fitzgerald,6.51616907119751
4,thompson,764,twain,7.582396179437637
4,thompson,764,non_oz_baum,6.031719446182251
4,thompson,764,non_oz_thompson,6.304205894470215
4,thompson,764,contested,5.155086517333984
4,thompson,765,train,3.828495889902115
4,thompson,765,baum,5.597496390342712
4,thompson,765,thompson,5.429828643798828
4,thompson,765,dickens,7.291522838451244
4,thompson,765,melville,7.8641081809997555
4,thompson,765,wells,6.822096824645996
4,thompson,765,austen,6.855698347091675
4,thompson,765,fitzgerald,6.52334189414978
4,thompson,765,twain,7.601751267910004
4,thompson,765,non_oz_baum,6.039183974266052
4,thompson,765,non_oz_thompson,6.317538738250732
4,thompson,765,contested,5.161670923233032
4,thompson,766,train,3.848297894001007
4,thompson,766,baum,5.583649635314941
4,thompson,766,thompson,5.415867567062378
4,thompson,766,dickens,7.26610137798168
4,thompson,766,melville,7.819326162338257
4,thompson,766,wells,6.786362290382385
4,thompson,766,austen,6.83182414372762
4,thompson,766,fitzgerald,6.503075361251831
4,thompson,766,twain,7.567286133766174
4,thompson,766,non_oz_baum,6.019002079963684
4,thompson,766,non_oz_thompson,6.2969348430633545
4,thompson,766,contested,5.149303436279297
4,thompson,767,train,3.82966423034668
4,thompson,767,baum,5.592203855514526
4,thompson,767,thompson,5.425440669059753
4,thompson,767,dickens,7.273324577896683
4,thompson,767,melville,7.841716623306274
4,thompson,767,wells,6.805967211723328
4,thompson,767,austen,6.851383050282796
4,thompson,767,fitzgerald,6.518576860427856
4,thompson,767,twain,7.587501764297485
4,thompson,767,non_oz_baum,6.0317078828811646
4,thompson,767,non_oz_thompson,6.309121608734131
4,thompson,767,contested,5.15256142616272
4,thompson,768,train,3.811259359121322
4,thompson,768,baum,5.585687875747681
4,thompson,768,thompson,5.422854065895081
4,thompson,768,dickens,7.272189387568721
4,thompson,768,melville,7.843919515609741
4,thompson,768,wells,6.809497833251953
4,thompson,768,austen,6.848588466644287
4,thompson,768,fitzgerald,6.507730642954509
4,thompson,768,twain,7.593854576349258
4,thompson,768,non_oz_baum,6.028019666671753
4,thompson,768,non_oz_thompson,6.304415225982666
4,thompson,768,contested,5.149585008621216
4,thompson,769,train,3.842545539140701
4,thompson,769,baum,5.604243397712708
4,thompson,769,thompson,5.436729788780212
4,thompson,769,dickens,7.3151172708582
4,thompson,769,melville,7.880590009689331
4,thompson,769,wells,6.8379225730896
4,thompson,769,austen,6.877730846405029
4,thompson,769,fitzgerald,6.539657672246297
4,thompson,769,twain,7.626377910375595
4,thompson,769,non_oz_baum,6.049216032028198
4,thompson,769,non_oz_thompson,6.326825857162476
4,thompson,769,contested,5.166313529014587
4,thompson,770,train,3.81635782122612
4,thompson,770,baum,5.590274214744568
4,thompson,770,thompson,5.429901838302612
4,thompson,770,dickens,7.27421380855419
4,thompson,770,melville,7.833873796463012
4,thompson,770,wells,6.802160978317261
4,thompson,770,austen,6.8409576416015625
4,thompson,770,fitzgerald,6.510352691014608
4,thompson,770,twain,7.587936580181122
4,thompson,770,non_oz_baum,6.026285529136658
4,thompson,770,non_oz_thompson,6.308854579925537
4,thompson,770,contested,5.153492569923401
4,thompson,771,train,3.8269878923892975
4,thompson,771,baum,5.593098759651184
4,thompson,771,thompson,5.425095319747925
4,thompson,771,dickens,7.283308894545944
4,thompson,771,melville,7.850321865081787
4,thompson,771,wells,6.814819812774658
4,thompson,771,austen,6.854970614115397
4,thompson,771,fitzgerald,6.5217898686726885
4,thompson,771,twain,7.599886238574982
4,thompson,771,non_oz_baum,6.035144448280335
4,thompson,771,non_oz_thompson,6.313026189804077
4,thompson,771,contested,5.158793330192566
4,thompson,772,train,3.805394321680069
4,thompson,772,baum,5.591978192329407
4,thompson,772,thompson,5.418575406074524
4,thompson,772,dickens,7.272540586966055
4,thompson,772,melville,7.847345733642578
4,thompson,772,wells,6.805789947509766
4,thompson,772,austen,6.843343178431193
4,thompson,772,fitzgerald,6.517966906229655
4,thompson,772,twain,7.587434500455856
4,thompson,772,non_oz_baum,6.031177997589111
4,thompson,772,non_oz_thompson,6.304998636245728
4,thompson,772,contested,5.153093695640564
4,thompson,773,train,3.804667532444
4,thompson,773,baum,5.606924414634705
4,thompson,773,thompson,5.430067539215088
4,thompson,773,dickens,7.302307658725315
4,thompson,773,melville,7.869386768341064
4,thompson,773,wells,6.831979393959045
4,thompson,773,austen,6.860410054524739
4,thompson,773,fitzgerald,6.531071186065674
4,thompson,773,twain,7.60743436217308
4,thompson,773,non_oz_baum,6.048944354057312
4,thompson,773,non_oz_thompson,6.319080829620361
4,thompson,773,contested,5.167634606361389
4,thompson,774,train,3.810980975627899
4,thompson,774,baum,5.598901987075806
4,thompson,774,thompson,5.426492929458618
4,thompson,774,dickens,7.2869606547885475
4,thompson,774,melville,7.862675714492798
4,thompson,774,wells,6.819573998451233
4,thompson,774,austen,6.849117914835612
4,thompson,774,fitzgerald,6.518694718678792
4,thompson,774,twain,7.594960689544678
4,thompson,774,non_oz_baum,6.038491368293762
4,thompson,774,non_oz_thompson,6.316226005554199
4,thompson,774,contested,5.161924839019775
4,thompson,775,train,3.832206130027771
4,thompson,775,baum,5.599664568901062
4,thompson,775,thompson,5.42373263835907
4,thompson,775,dickens,7.276132689581977
4,thompson,775,melville,7.845301628112793
4,thompson,775,wells,6.813077926635742
4,thompson,775,austen,6.849047183990479
4,thompson,775,fitzgerald,6.5226662158966064
4,thompson,775,twain,7.587557435035706
4,thompson,775,non_oz_baum,6.0331642627716064
4,thompson,775,non_oz_thompson,6.311084747314453
4,thompson,775,contested,5.160526752471924
4,thompson,776,train,3.819919943809509
4,thompson,776,baum,5.614170789718628
4,thompson,776,thompson,5.4328694343566895
4,thompson,776,dickens,7.325077639685737
4,thompson,776,melville,7.901193475723266
4,thompson,776,wells,6.855859041213989
4,thompson,776,austen,6.88775897026062
4,thompson,776,fitzgerald,6.561029593149821
4,thompson,776,twain,7.642590820789337
4,thompson,776,non_oz_baum,6.064098238945007
4,thompson,776,non_oz_thompson,6.329742670059204
4,thompson,776,contested,5.174412488937378
4,thompson,777,train,3.809487849473953
4,thompson,777,baum,5.600131273269653
4,thompson,777,thompson,5.430735349655151
4,thompson,777,dickens,7.296187400817871
4,thompson,777,melville,7.875230121612549
4,thompson,777,wells,6.831064462661743
4,thompson,777,austen,6.864105304082234
4,thompson,777,fitzgerald,6.528793414433797
4,thompson,777,twain,7.608629614114761
4,thompson,777,non_oz_baum,6.037494778633118
4,thompson,777,non_oz_thompson,6.310389280319214
4,thompson,777,contested,5.157879114151001
4,thompson,778,train,3.813717514276505
4,thompson,778,baum,5.601807475090027
4,thompson,778,thompson,5.425156950950623
4,thompson,778,dickens,7.29281093456127
4,thompson,778,melville,7.8489755153656
4,thompson,778,wells,6.815718650817871
4,thompson,778,austen,6.848273992538452
4,thompson,778,fitzgerald,6.529448827107747
4,thompson,778,twain,7.59459912776947
4,thompson,778,non_oz_baum,6.039192199707031
4,thompson,778,non_oz_thompson,6.318458080291748
4,thompson,778,contested,5.1614686250686646
4,thompson,779,train,3.783755302429199
4,thompson,779,baum,5.596781969070435
4,thompson,779,thompson,5.4285197257995605
4,thompson,779,dickens,7.314411110348171
4,thompson,779,melville,7.878118371963501
4,thompson,779,wells,6.834962010383606
4,thompson,779,austen,6.870463768641154
4,thompson,779,fitzgerald,6.538811445236206
4,thompson,779,twain,7.623488456010818
4,thompson,779,non_oz_baum,6.041871428489685
4,thompson,779,non_oz_thompson,6.324664354324341
4,thompson,779,contested,5.15940248966217
4,thompson,780,train,3.816653430461884
4,thompson,780,baum,5.596611022949219
4,thompson,780,thompson,5.416873574256897
4,thompson,780,dickens,7.28330640439634
4,thompson,780,melville,7.838611793518067
4,thompson,780,wells,6.8082863092422485
4,thompson,780,austen,6.846851189931233
4,thompson,780,fitzgerald,6.512216329574585
4,thompson,780,twain,7.588592112064362
4,thompson,780,non_oz_baum,6.038618564605713
4,thompson,780,non_oz_thompson,6.3100502490997314
4,thompson,780,contested,5.1520339250564575
4,thompson,781,train,3.8034949898719774
4,thompson,781,baum,5.609460353851318
4,thompson,781,thompson,5.436796545982361
4,thompson,781,dickens,7.333651242432771
4,thompson,781,melville,7.906062746047974
4,thompson,781,wells,6.850784420967102
4,thompson,781,austen,6.889305830001831
4,thompson,781,fitzgerald,6.544676860173543
4,thompson,781,twain,7.642080396413803
4,thompson,781,non_oz_baum,6.05854344367981
4,thompson,781,non_oz_thompson,6.334815979003906
4,thompson,781,contested,5.166269659996033
4,thompson,782,train,3.780822992324829
4,thompson,782,baum,5.608505964279175
4,thompson,782,thompson,5.431097388267517
4,thompson,782,dickens,7.319215580269143
4,thompson,782,melville,7.895366239547729
4,thompson,782,wells,6.851472496986389
4,thompson,782,austen,6.880160331726074
4,thompson,782,fitzgerald,6.548843860626221
4,thompson,782,twain,7.632730662822723
4,thompson,782,non_oz_baum,6.059119701385498
4,thompson,782,non_oz_thompson,6.334291219711304
4,thompson,782,contested,5.170448660850525
4,thompson,783,train,3.798437267541885
4,thompson,783,baum,5.612029314041138
4,thompson,783,thompson,5.431589365005493
4,thompson,783,dickens,7.331567428730152
4,thompson,783,melville,7.910726308822632
4,thompson,783,wells,6.858611226081848
4,thompson,783,austen,6.89850918451945
4,thompson,783,fitzgerald,6.552159150441487
4,thompson,783,twain,7.646467626094818
4,thompson,783,non_oz_baum,6.061155915260315
4,thompson,783,non_oz_thompson,6.332215070724487
4,thompson,783,contested,5.171859622001648
4,thompson,784,train,3.8067664206028
4,thompson,784,baum,5.614285945892334
4,thompson,784,thompson,5.423640966415405
4,thompson,784,dickens,7.330087961973967
4,thompson,784,melville,7.903780317306518
4,thompson,784,wells,6.85880172252655
4,thompson,784,austen,6.89813502629598
4,thompson,784,fitzgerald,6.560564041137695
4,thompson,784,twain,7.651078313589096
4,thompson,784,non_oz_baum,6.058775901794434
4,thompson,784,non_oz_thompson,6.335778713226318
4,thompson,784,contested,5.169268012046814
4,thompson,785,train,3.8000873923301697
4,thompson,785,baum,5.624113321304321
4,thompson,785,thompson,5.438533902168274
4,thompson,785,dickens,7.356965806749132
4,thompson,785,melville,7.9317809581756595
4,thompson,785,wells,6.877762317657471
4,thompson,785,austen,6.912065426508586
4,thompson,785,fitzgerald,6.565939744313558
4,thompson,785,twain,7.669388085603714
4,thompson,785,non_oz_baum,6.066483616828919
4,thompson,785,non_oz_thompson,6.341540813446045
4,thompson,785,contested,5.180986404418945
4,thompson,786,train,3.799030303955078
4,thompson,786,baum,5.606591820716858
4,thompson,786,thompson,5.42431378364563
4,thompson,786,dickens,7.305555272985388
4,thompson,786,melville,7.869169521331787
4,thompson,786,wells,6.836667776107788
4,thompson,786,austen,6.8680526415507
4,thompson,786,fitzgerald,6.54501994450887
4,thompson,786,twain,7.619422137737274
4,thompson,786,non_oz_baum,6.050097107887268
4,thompson,786,non_oz_thompson,6.323858261108398
4,thompson,786,contested,5.162085294723511
4,thompson,787,train,3.79494971036911
4,thompson,787,baum,5.613211631774902
4,thompson,787,thompson,5.429850816726685
4,thompson,787,dickens,7.321843924345793
4,thompson,787,melville,7.903738355636596
4,thompson,787,wells,6.8452208042144775
4,thompson,787,austen,6.888238430023193
4,thompson,787,fitzgerald,6.546897411346436
4,thompson,787,twain,7.641926854848862
4,thompson,787,non_oz_baum,6.055320620536804
4,thompson,787,non_oz_thompson,6.333916425704956
4,thompson,787,contested,5.168125510215759
4,thompson,788,train,3.832305461168289
4,thompson,788,baum,5.61125910282135
4,thompson,788,thompson,5.430918335914612
4,thompson,788,dickens,7.318182856948288
4,thompson,788,melville,7.888084650039673
4,thompson,788,wells,6.840258955955505
4,thompson,788,austen,6.880136569341024
4,thompson,788,fitzgerald,6.539403994878133
4,thompson,788,twain,7.621903657913208
4,thompson,788,non_oz_baum,6.05652916431427
4,thompson,788,non_oz_thompson,6.330110311508179
4,thompson,788,contested,5.170467972755432
4,thompson,789,train,3.80249696969986
4,thompson,789,baum,5.607961416244507
4,thompson,789,thompson,5.428425192832947
4,thompson,789,dickens,7.305743058522542
4,thompson,789,melville,7.882848072052002
4,thompson,789,wells,6.840614318847656
4,thompson,789,austen,6.870766878128052
4,thompson,789,fitzgerald,6.538528919219971
4,thompson,789,twain,7.622103989124298
4,thompson,789,non_oz_baum,6.050873756408691
4,thompson,789,non_oz_thompson,6.323467016220093
4,thompson,789,contested,5.162694811820984
4,thompson,790,train,3.792400538921356
4,thompson,790,baum,5.630637884140015
4,thompson,790,thompson,5.449505925178528
4,thompson,790,dickens,7.386610260716191
4,thompson,790,melville,7.9740966796875
4,thompson,790,wells,6.902772307395935
4,thompson,790,austen,6.937914133071899
4,thompson,790,fitzgerald,6.591541369756063
4,thompson,790,twain,7.702608495950699
4,thompson,790,non_oz_baum,6.090285897254944
4,thompson,790,non_oz_thompson,6.361628293991089
4,thompson,790,contested,5.187116742134094
4,thompson,791,train,3.79108726978302
4,thompson,791,baum,5.616418480873108
4,thompson,791,thompson,5.427903652191162
4,thompson,791,dickens,7.310095963654695
4,thompson,791,melville,7.880572986602783
4,thompson,791,wells,6.834321975708008
4,thompson,791,austen,6.875183502833049
4,thompson,791,fitzgerald,6.551070133845012
4,thompson,791,twain,7.615358263254166
4,thompson,791,non_oz_baum,6.059605836868286
4,thompson,791,non_oz_thompson,6.325613975524902
4,thompson,791,contested,5.17378830909729
4,thompson,792,train,3.7831311523914337
4,thompson,792,baum,5.624844789505005
4,thompson,792,thompson,5.43668532371521
4,thompson,792,dickens,7.343701115360966
4,thompson,792,melville,7.920912742614746
4,thompson,792,wells,6.861199259757996
4,thompson,792,austen,6.906356652577718
4,thompson,792,fitzgerald,6.568371931711833
4,thompson,792,twain,7.651463776826858
4,thompson,792,non_oz_baum,6.069349408149719
4,thompson,792,non_oz_thompson,6.343272924423218
4,thompson,792,contested,5.177973747253418
4,thompson,793,train,3.7755199670791626
4,thompson,793,baum,5.614664077758789
4,thompson,793,thompson,5.433084964752197
4,thompson,793,dickens,7.340978940327962
4,thompson,793,melville,7.906170511245728
4,thompson,793,wells,6.852690577507019
4,thompson,793,austen,6.893479665120442
4,thompson,793,fitzgerald,6.556231578191121
4,thompson,793,twain,7.64063361287117
4,thompson,793,non_oz_baum,6.059455394744873
4,thompson,793,non_oz_thompson,6.339692354202271
4,thompson,793,contested,5.171185851097107
4,thompson,794,train,3.761580616235733
4,thompson,794,baum,5.612391948699951
4,thompson,794,thompson,5.4279444217681885
4,thompson,794,dickens,7.314464092254639
4,thompson,794,melville,7.885086488723755
4,thompson,794,wells,6.841874122619629
4,thompson,794,austen,6.87585171063741
4,thompson,794,fitzgerald,6.545811653137207
4,thompson,794,twain,7.622495621442795
4,thompson,794,non_oz_baum,6.053427457809448
4,thompson,794,non_oz_thompson,6.334255218505859
4,thompson,794,contested,5.170606851577759
4,thompson,795,train,3.784755140542984
4,thompson,795,baum,5.613745093345642
4,thompson,795,thompson,5.428089737892151
4,thompson,795,dickens,7.314413017696804
4,thompson,795,melville,7.87658257484436
4,thompson,795,wells,6.835693597793579
4,thompson,795,austen,6.874684413274129
4,thompson,795,fitzgerald,6.542846202850342
4,thompson,795,twain,7.618583858013153
4,thompson,795,non_oz_baum,6.049952983856201
4,thompson,795,non_oz_thompson,6.331629514694214
4,thompson,795,contested,5.167687058448792
4,thompson,796,train,3.756987929344177
4,thompson,796,baum,5.624796390533447
4,thompson,796,thompson,5.437112808227539
4,thompson,796,dickens,7.354715612199572
4,thompson,796,melville,7.943991756439209
4,thompson,796,wells,6.875503778457642
4,thompson,796,austen,6.913643598556519
4,thompson,796,fitzgerald,6.567420085271199
4,thompson,796,twain,7.6704641580581665
4,thompson,796,non_oz_baum,6.066319823265076
4,thompson,796,non_oz_thompson,6.34765625
4,thompson,796,contested,5.177854299545288
4,thompson,797,train,3.7779642939567566
4,thompson,797,baum,5.611227869987488
4,thompson,797,thompson,5.433097004890442
4,thompson,797,dickens,7.343113863909686
4,thompson,797,melville,7.902733230590821
4,thompson,797,wells,6.854231476783752
4,thompson,797,austen,6.887106498082479
4,thompson,797,fitzgerald,6.556587855021159
4,thompson,797,twain,7.639135599136352
4,thompson,797,non_oz_baum,6.062085509300232
4,thompson,797,non_oz_thompson,6.34136176109314
4,thompson,797,contested,5.175435423851013
4,thompson,798,train,3.755641222000122
4,thompson,798,baum,5.63060462474823
4,thompson,798,thompson,5.436694264411926
4,thompson,798,dickens,7.3496749136182995
4,thompson,798,melville,7.927518701553344
4,thompson,798,wells,6.866743326187134
4,thompson,798,austen,6.905079921086629
4,thompson,798,fitzgerald,6.559794902801514
4,thompson,798,twain,7.656554043292999
4,thompson,798,non_oz_baum,6.071448087692261
4,thompson,798,non_oz_thompson,6.338989734649658
4,thompson,798,contested,5.1753830909729
4,thompson,799,train,3.774696111679077
4,thompson,799,baum,5.622618317604065
4,thompson,799,thompson,5.441015720367432
4,thompson,799,dickens,7.359821814077872
4,thompson,799,melville,7.943905448913574
4,thompson,799,wells,6.8793147802352905
4,thompson,799,austen,6.91185983022054
4,thompson,799,fitzgerald,6.5750783284505205
4,thompson,799,twain,7.67129722237587
4,thompson,799,non_oz_baum,6.070911526679993
4,thompson,799,non_oz_thompson,6.349574089050293
4,thompson,799,contested,5.179196834564209
4,thompson,800,train,3.7570217847824097
4,thompson,800,baum,5.632274389266968
4,thompson,800,thompson,5.446439981460571
4,thompson,800,dickens,7.383018652598063
4,thompson,800,melville,7.975899124145508
4,thompson,800,wells,6.895874500274658
4,thompson,800,austen,6.927347898483276
4,thompson,800,fitzgerald,6.584570010503133
4,thompson,800,twain,7.701226711273193
4,thompson,800,non_oz_baum,6.085019946098328
4,thompson,800,non_oz_thompson,6.357488632202148
4,thompson,800,contested,5.183749675750732
4,thompson,801,train,3.7633266746997833
4,thompson,801,baum,5.626911044120789
4,thompson,801,thompson,5.435121178627014
4,thompson,801,dickens,7.336138954869023
4,thompson,801,melville,7.930346488952637
4,thompson,801,wells,6.85578203201294
4,thompson,801,austen,6.898942708969116
4,thompson,801,fitzgerald,6.557920853296916
4,thompson,801,twain,7.656589180231094
4,thompson,801,non_oz_baum,6.066411852836609
4,thompson,801,non_oz_thompson,6.336704969406128
4,thompson,801,contested,5.173427700996399
4,thompson,802,train,3.757087141275406
4,thompson,802,baum,5.627705335617065
4,thompson,802,thompson,5.442871689796448
4,thompson,802,dickens,7.353335857391357
4,thompson,802,melville,7.928236103057861
4,thompson,802,wells,6.864696860313416
4,thompson,802,austen,6.909388065338135
4,thompson,802,fitzgerald,6.568816979726155
4,thompson,802,twain,7.661204785108566
4,thompson,802,non_oz_baum,6.071528673171997
4,thompson,802,non_oz_thompson,6.346105575561523
4,thompson,802,contested,5.17412006855011
4,thompson,803,train,3.745539218187332
4,thompson,803,baum,5.633246302604675
4,thompson,803,thompson,5.453608870506287
4,thompson,803,dickens,7.385365627430104
4,thompson,803,melville,7.983009004592896
4,thompson,803,wells,6.89559805393219
4,thompson,803,austen,6.930910348892212
4,thompson,803,fitzgerald,6.592721700668335
4,thompson,803,twain,7.698942303657532
4,thompson,803,non_oz_baum,6.084385395050049
4,thompson,803,non_oz_thompson,6.367035150527954
4,thompson,803,contested,5.186789870262146
4,thompson,804,train,3.758238196372986
4,thompson,804,baum,5.614027261734009
4,thompson,804,thompson,5.424663186073303
4,thompson,804,dickens,7.321300736180058
4,thompson,804,melville,7.886450099945068
4,thompson,804,wells,6.841618418693543
4,thompson,804,austen,6.876976331075032
4,thompson,804,fitzgerald,6.554770787556966
4,thompson,804,twain,7.624417573213577
4,thompson,804,non_oz_baum,6.055988907814026
4,thompson,804,non_oz_thompson,6.3345160484313965
4,thompson,804,contested,5.172837495803833
4,thompson,805,train,3.7611724734306335
4,thompson,805,baum,5.625623106956482
4,thompson,805,thompson,5.435657382011414
4,thompson,805,dickens,7.358174482981364
4,thompson,805,melville,7.939780473709106
4,thompson,805,wells,6.880286812782288
4,thompson,805,austen,6.913098414738973
4,thompson,805,fitzgerald,6.574258486429851
4,thompson,805,twain,7.675701349973679
4,thompson,805,non_oz_baum,6.075100660324097
4,thompson,805,non_oz_thompson,6.35339879989624
4,thompson,805,contested,5.184048533439636
4,thompson,806,train,3.749244123697281
4,thompson,806,baum,5.6352455615997314
4,thompson,806,thompson,5.446113705635071
4,thompson,806,dickens,7.356728836342141
4,thompson,806,melville,7.941744232177735
4,thompson,806,wells,6.875328183174133
4,thompson,806,austen,6.921008268992106
4,thompson,806,fitzgerald,6.583014011383057
4,thompson,806,twain,7.666312336921692
4,thompson,806,non_oz_baum,6.083375215530396
4,thompson,806,non_oz_thompson,6.358944892883301
4,thompson,806,contested,5.1872605085372925
4,thompson,807,train,3.7520866692066193
4,thompson,807,baum,5.628878474235535
4,thompson,807,thompson,5.441000819206238
4,thompson,807,dickens,7.348661405068857
4,thompson,807,melville,7.944820022583007
4,thompson,807,wells,6.867809414863586
4,thompson,807,austen,6.908033450444539
4,thompson,807,fitzgerald,6.569332679112752
4,thompson,807,twain,7.662635177373886
4,thompson,807,non_oz_baum,6.075519680976868
4,thompson,807,non_oz_thompson,6.347385883331299
4,thompson,807,contested,5.183738708496094
4,thompson,808,train,3.740118473768234
4,thompson,808,baum,5.628919839859009
4,thompson,808,thompson,5.439744591712952
4,thompson,808,dickens,7.330402692159017
4,thompson,808,melville,7.917250204086303
4,thompson,808,wells,6.854457378387451
4,thompson,808,austen,6.886751492818196
4,thompson,808,fitzgerald,6.558115243911743
4,thompson,808,twain,7.641685038805008
4,thompson,808,non_oz_baum,6.065279841423035
4,thompson,808,non_oz_thompson,6.3398277759552
4,thompson,808,contested,5.1791912317276
4,thompson,809,train,3.7517067193984985
4,thompson,809,baum,5.64107882976532
4,thompson,809,thompson,5.4542635679245
4,thompson,809,dickens,7.371392885843913
4,thompson,809,melville,7.973040962219239
4,thompson,809,wells,6.888878226280212
4,thompson,809,austen,6.931869188944499
4,thompson,809,fitzgerald,6.5876695315043134
4,thompson,809,twain,7.689922362565994
4,thompson,809,non_oz_baum,6.088759779930115
4,thompson,809,non_oz_thompson,6.367379903793335
4,thompson,809,contested,5.194712400436401
4,thompson,810,train,3.735896974802017
4,thompson,810,baum,5.635375142097473
4,thompson,810,thompson,5.446116805076599
4,thompson,810,dickens,7.373797434347647
4,thompson,810,melville,7.973805379867554
4,thompson,810,wells,6.895184516906738
4,thompson,810,austen,6.930270115534465
4,thompson,810,fitzgerald,6.59484601020813
4,thompson,810,twain,7.696585774421692
4,thompson,810,non_oz_baum,6.086342215538025
4,thompson,810,non_oz_thompson,6.361491918563843
4,thompson,810,contested,5.188289642333984
4,thompson,811,train,3.7618972957134247
4,thompson,811,baum,5.638524413108826
4,thompson,811,thompson,5.449471473693848
4,thompson,811,dickens,7.364026175604926
4,thompson,811,melville,7.966003513336181
4,thompson,811,wells,6.880413770675659
4,thompson,811,austen,6.928113142649333
4,thompson,811,fitzgerald,6.586193561553955
4,thompson,811,twain,7.68479710817337
4,thompson,811,non_oz_baum,6.0831180810928345
4,thompson,811,non_oz_thompson,6.359673261642456
4,thompson,811,contested,5.186662673950195
4,thompson,812,train,3.7279303669929504
4,thompson,812,baum,5.621691107749939
4,thompson,812,thompson,5.430080056190491
4,thompson,812,dickens,7.334430818204527
4,thompson,812,melville,7.906405782699585
4,thompson,812,wells,6.842981696128845
4,thompson,812,austen,6.8876001834869385
4,thompson,812,fitzgerald,6.560598214467366
4,thompson,812,twain,7.645107895135879
4,thompson,812,non_oz_baum,6.0634925365448
4,thompson,812,non_oz_thompson,6.341740369796753
4,thompson,812,contested,5.170940279960632
4,thompson,813,train,3.7472894191741934
4,thompson,813,baum,5.629048585891724
4,thompson,813,thompson,5.434632301330566
4,thompson,813,dickens,7.352658589680989
4,thompson,813,melville,7.940344285964966
4,thompson,813,wells,6.87818706035614
4,thompson,813,austen,6.90583348274231
4,thompson,813,fitzgerald,6.570729970932007
4,thompson,813,twain,7.669937193393707
4,thompson,813,non_oz_baum,6.073994159698486
4,thompson,813,non_oz_thompson,6.3480260372161865
4,thompson,813,contested,5.17818808555603
4,thompson,814,train,3.732027292251587
4,thompson,814,baum,5.627478361129761
4,thompson,814,thompson,5.439093232154846
4,thompson,814,dickens,7.371106377354375
4,thompson,814,melville,7.957281970977784
4,thompson,814,wells,6.880985856056213
4,thompson,814,austen,6.918710311253865
4,thompson,814,fitzgerald,6.577989498774211
4,thompson,814,twain,7.681081920862198
4,thompson,814,non_oz_baum,6.079885244369507
4,thompson,814,non_oz_thompson,6.355916976928711
4,thompson,814,contested,5.18535840511322
4,thompson,815,train,3.731386780738831
4,thompson,815,baum,5.638100743293762
4,thompson,815,thompson,5.437358975410461
4,thompson,815,dickens,7.363483905792236
4,thompson,815,melville,7.94449143409729
4,thompson,815,wells,6.877238392829895
4,thompson,815,austen,6.919163624445598
4,thompson,815,fitzgerald,6.5876022179921465
4,thompson,815,twain,7.681690752506256
4,thompson,815,non_oz_baum,6.083166241645813
4,thompson,815,non_oz_thompson,6.358811855316162
4,thompson,815,contested,5.194765686988831
4,thompson,816,train,3.758719116449356
4,thompson,816,baum,5.625604867935181
4,thompson,816,thompson,5.433629751205444
4,thompson,816,dickens,7.338675675568758
4,thompson,816,melville,7.914173364639282
4,thompson,816,wells,6.850122451782227
4,thompson,816,austen,6.894378821055095
4,thompson,816,fitzgerald,6.556985219319661
4,thompson,816,twain,7.6409710347652435
4,thompson,816,non_oz_baum,6.06764030456543
4,thompson,816,non_oz_thompson,6.351050138473511
4,thompson,816,contested,5.180700778961182
4,thompson,817,train,3.7461659610271454
4,thompson,817,baum,5.6245481967926025
4,thompson,817,thompson,5.4223244190216064
4,thompson,817,dickens,7.323489595342566
4,thompson,817,melville,7.89478554725647
4,thompson,817,wells,6.8351781368255615
4,thompson,817,austen,6.87855617205302
4,thompson,817,fitzgerald,6.553990205128987
4,thompson,817,twain,7.622167080640793
4,thompson,817,non_oz_baum,6.0589892864227295
4,thompson,817,non_oz_thompson,6.333686113357544
4,thompson,817,contested,5.172200202941895
4,thompson,818,train,3.726224958896637
4,thompson,818,baum,5.63385021686554
4,thompson,818,thompson,5.433863878250122
4,thompson,818,dickens,7.356593714820014
4,thompson,818,melville,7.945361089706421
4,thompson,818,wells,6.872452259063721
4,thompson,818,austen,6.928927818934123
4,thompson,818,fitzgerald,6.582376956939697
4,thompson,818,twain,7.672185868024826
4,thompson,818,non_oz_baum,6.08038318157196
4,thompson,818,non_oz_thompson,6.3580322265625
4,thompson,818,contested,5.183995842933655
4,thompson,819,train,3.7231444716453552
4,thompson,819,baum,5.639291882514954
4,thompson,819,thompson,5.439915537834168
4,thompson,819,dickens,7.38595708211263
4,thompson,819,melville,7.977170991897583
4,thompson,819,wells,6.896857261657715
4,thompson,819,austen,6.941126346588135
4,thompson,819,fitzgerald,6.598697741826375
4,thompson,819,twain,7.708404213190079
4,thompson,819,non_oz_baum,6.088348150253296
4,thompson,819,non_oz_thompson,6.368627309799194
4,thompson,819,contested,5.184429168701172
4,thompson,820,train,3.724329680204392
4,thompson,820,baum,5.640183925628662
4,thompson,820,thompson,5.4438170194625854
4,thompson,820,dickens,7.376545164320204
4,thompson,820,melville,7.9483050346374515
4,thompson,820,wells,6.891704201698303
4,thompson,820,austen,6.925221999486287
4,thompson,820,fitzgerald,6.58732795715332
4,thompson,820,twain,7.682946056127548
4,thompson,820,non_oz_baum,6.084962129592896
4,thompson,820,non_oz_thompson,6.359750509262085
4,thompson,820,contested,5.185459613800049
4,thompson,821,train,3.731656789779663
4,thompson,821,baum,5.633286476135254
4,thompson,821,thompson,5.432021975517273
4,thompson,821,dickens,7.361417752725107
4,thompson,821,melville,7.943507051467895
4,thompson,821,wells,6.8775506019592285
4,thompson,821,austen,6.923003355662028
4,thompson,821,fitzgerald,6.584925969441732
4,thompson,821,twain,7.679251313209534
4,thompson,821,non_oz_baum,6.08039927482605
4,thompson,821,non_oz_thompson,6.353789567947388
4,thompson,821,contested,5.184516668319702
4,thompson,822,train,3.7287415266036974
4,thompson,822,baum,5.6450018882751465
4,thompson,822,thompson,5.441390872001648
4,thompson,822,dickens,7.388375405912046
4,thompson,822,melville,7.975426149368286
4,thompson,822,wells,6.898028135299683
4,thompson,822,austen,6.94040568669637
4,thompson,822,fitzgerald,6.603452444076538
4,thompson,822,twain,7.698058485984802
4,thompson,822,non_oz_baum,6.095415711402893
4,thompson,822,non_oz_thompson,6.362520933151245
4,thompson,822,contested,5.1959148645401
4,thompson,823,train,3.727662205696106
4,thompson,823,baum,5.633432388305664
4,thompson,823,thompson,5.443078279495239
4,thompson,823,dickens,7.382157926206236
4,thompson,823,melville,7.980911111831665
4,thompson,823,wells,6.896472454071045
4,thompson,823,austen,6.931939601898193
4,thompson,823,fitzgerald,6.590985218683879
4,thompson,823,twain,7.699860692024231
4,thompson,823,non_oz_baum,6.083028078079224
4,thompson,823,non_oz_thompson,6.36035680770874
4,thompson,823,contested,5.186712861061096
4,thompson,824,train,3.728180199861528
4,thompson,824,baum,5.637295961380005
4,thompson,824,thompson,5.444163084030151
4,thompson,824,dickens,7.375274693524396
4,thompson,824,melville,7.977114343643189
4,thompson,824,wells,6.890469431877136
4,thompson,824,austen,6.9355965455373125
4,thompson,824,fitzgerald,6.587841431299846
4,thompson,824,twain,7.705063700675964
4,thompson,824,non_oz_baum,6.084749221801758
4,thompson,824,non_oz_thompson,6.361283540725708
4,thompson,824,contested,5.184898853302002
4,thompson,825,train,3.7179338335990906
4,thompson,825,baum,5.6371766328811646
4,thompson,825,thompson,5.452347993850708
4,thompson,825,dickens,7.3832619631731955
4,thompson,825,melville,7.979488134384155
4,thompson,825,wells,6.900251626968384
4,thompson,825,austen,6.948901653289795
4,thompson,825,fitzgerald,6.596715370814006
4,thompson,825,twain,7.703846573829651
4,thompson,825,non_oz_baum,6.096271634101868
4,thompson,825,non_oz_thompson,6.360201120376587
4,thompson,825,contested,5.188318729400635
4,thompson,826,train,3.722778081893921
4,thompson,826,baum,5.639824271202087
4,thompson,826,thompson,5.45148515701294
4,thompson,826,dickens,7.389332276803476
4,thompson,826,melville,7.988435649871826
4,thompson,826,wells,6.899350047111511
4,thompson,826,austen,6.948409954706828
4,thompson,826,fitzgerald,6.605225245157878
4,thompson,826,twain,7.710766971111298
4,thompson,826,non_oz_baum,6.0939600467681885
4,thompson,826,non_oz_thompson,6.371596574783325
4,thompson,826,contested,5.194685935974121
4,thompson,827,train,3.7102720141410814
4,thompson,827,baum,5.639153838157654
4,thompson,827,thompson,5.434320688247681
4,thompson,827,dickens,7.3498049135561345
4,thompson,827,melville,7.921280670166015
4,thompson,827,wells,6.857001543045044
4,thompson,827,austen,6.901756604512532
4,thompson,827,fitzgerald,6.566162824630737
4,thompson,827,twain,7.652209103107452
4,thompson,827,non_oz_baum,6.075046181678772
4,thompson,827,non_oz_thompson,6.348002910614014
4,thompson,827,contested,5.183946847915649
4,thompson,828,train,3.742223739624024
4,thompson,828,baum,5.653499484062195
4,thompson,828,thompson,5.449144124984741
4,thompson,828,dickens,7.391743624651873
4,thompson,828,melville,7.990352487564087
4,thompson,828,wells,6.9000324010849
4,thompson,828,austen,6.952394326527913
4,thompson,828,fitzgerald,6.609863996505737
4,thompson,828,twain,7.704720079898834
4,thompson,828,non_oz_baum,6.101219892501831
4,thompson,828,non_oz_thompson,6.373108625411987
4,thompson,828,contested,5.198633790016174
4,thompson,829,train,3.728703111410141
4,thompson,829,baum,5.646636486053467
4,thompson,829,thompson,5.450996160507202
4,thompson,829,dickens,7.409452297069408
4,thompson,829,melville,7.999496698379517
4,thompson,829,wells,6.9203941822052
4,thompson,829,austen,6.970870971679688
4,thompson,829,fitzgerald,6.616030851999919
4,thompson,829,twain,7.728298515081406
4,thompson,829,non_oz_baum,6.106965899467468
4,thompson,829,non_oz_thompson,6.370597362518311
4,thompson,829,contested,5.1972527503967285
4,thompson,830,train,3.6971804797649375
4,thompson,830,baum,5.652940630912781
4,thompson,830,thompson,5.453184127807617
4,thompson,830,dickens,7.397691567738851
4,thompson,830,melville,7.992497014999389
4,thompson,830,wells,6.91257917881012
4,thompson,830,austen,6.954770803451538
4,thompson,830,fitzgerald,6.605104525883992
4,thompson,830,twain,7.708415180444717
4,thompson,830,non_oz_baum,6.107202768325806
4,thompson,830,non_oz_thompson,6.370643377304077
4,thompson,830,contested,5.204045414924622
4,thompson,831,train,3.704137444496155
4,thompson,831,baum,5.648119807243347
4,thompson,831,thompson,5.445287108421326
4,thompson,831,dickens,7.387650030630606
4,thompson,831,melville,7.979607439041137
4,thompson,831,wells,6.901846885681152
4,thompson,831,austen,6.95063058535258
4,thompson,831,fitzgerald,6.6075765291849775
4,thompson,831,twain,7.70774319767952
4,thompson,831,non_oz_baum,6.1007000207901
4,thompson,831,non_oz_thompson,6.368688106536865
4,thompson,831,contested,5.197606682777405
4,thompson,832,train,3.70522004365921
4,thompson,832,baum,5.6556432247161865
4,thompson,832,thompson,5.4560757875442505
4,thompson,832,dickens,7.399757261629458
4,thompson,832,melville,7.985518503189087
4,thompson,832,wells,6.909588098526001
4,thompson,832,austen,6.96213420232137
4,thompson,832,fitzgerald,6.606361707051595
4,thompson,832,twain,7.71050426363945
4,thompson,832,non_oz_baum,6.110102653503418
4,thompson,832,non_oz_thompson,6.374093055725098
4,thompson,832,contested,5.198873400688171
4,thompson,833,train,3.719256371259689
4,thompson,833,baum,5.652462124824524
4,thompson,833,thompson,5.451161503791809
4,thompson,833,dickens,7.396502759721544
4,thompson,833,melville,7.994144010543823
4,thompson,833,wells,6.904649138450623
4,thompson,833,austen,6.961496829986572
4,thompson,833,fitzgerald,6.613272190093994
4,thompson,833,twain,7.712991267442703
4,thompson,833,non_oz_baum,6.107587695121765
4,thompson,833,non_oz_thompson,6.373184442520142
4,thompson,833,contested,5.197514533996582
4,thompson,834,train,3.713446468114853
4,thompson,834,baum,5.649208664894104
4,thompson,834,thompson,5.452723503112793
4,thompson,834,dickens,7.417922196564851
4,thompson,834,melville,8.008389377593994
4,thompson,834,wells,6.924477934837341
4,thompson,834,austen,6.975335995356242
4,thompson,834,fitzgerald,6.623538335164388
4,thompson,834,twain,7.722544580698013
4,thompson,834,non_oz_baum,6.113680601119995
4,thompson,834,non_oz_thompson,6.379696130752564
4,thompson,834,contested,5.207387685775757
4,thompson,835,train,3.709521323442459
4,thompson,835,baum,5.650864481925964
4,thompson,835,thompson,5.45423150062561
4,thompson,835,dickens,7.420354048411052
4,thompson,835,melville,8.011493587493897
4,thompson,835,wells,6.930035591125488
4,thompson,835,austen,6.971234321594238
4,thompson,835,fitzgerald,6.624289989471436
4,thompson,835,twain,7.737577706575394
4,thompson,835,non_oz_baum,6.114880561828613
4,thompson,835,non_oz_thompson,6.38287091255188
4,thompson,835,contested,5.208829402923584
4,thompson,836,train,3.704838782548904
4,thompson,836,baum,5.6655601263046265
4,thompson,836,thompson,5.454502105712891
4,thompson,836,dickens,7.413946663891828
4,thompson,836,melville,8.01084098815918
4,thompson,836,wells,6.925892472267151
4,thompson,836,austen,6.97595230738322
4,thompson,836,fitzgerald,6.627532323201497
4,thompson,836,twain,7.731231510639191
4,thompson,836,non_oz_baum,6.11513876914978
4,thompson,836,non_oz_thompson,6.389793157577515
4,thompson,836,contested,5.2141947746276855
4,thompson,837,train,3.707902848720551
4,thompson,837,baum,5.659520268440247
4,thompson,837,thompson,5.449940204620361
4,thompson,837,dickens,7.403410540686713
4,thompson,837,melville,8.004337930679322
4,thompson,837,wells,6.911435484886169
4,thompson,837,austen,6.969748258590698
4,thompson,837,fitzgerald,6.615055640538533
4,thompson,837,twain,7.718749642372131
4,thompson,837,non_oz_baum,6.111954927444458
4,thompson,837,non_oz_thompson,6.384264945983887
4,thompson,837,contested,5.205097198486328
4,thompson,838,train,3.698864638805389
4,thompson,838,baum,5.650993824005127
4,thompson,838,thompson,5.45053231716156
4,thompson,838,dickens,7.402139522411205
4,thompson,838,melville,8.004077482223511
4,thompson,838,wells,6.910122275352478
4,thompson,838,austen,6.965593258539836
4,thompson,838,fitzgerald,6.61110273996989
4,thompson,838,twain,7.707599759101868
4,thompson,838,non_oz_baum,6.113396644592285
4,thompson,838,non_oz_thompson,6.374775409698486
4,thompson,838,contested,5.199770927429199
4,thompson,839,train,3.683648616075516
4,thompson,839,baum,5.669618725776672
4,thompson,839,thompson,5.467860817909241
4,thompson,839,dickens,7.447370493853533
4,thompson,839,melville,8.055903959274293
4,thompson,839,wells,6.949471354484558
4,thompson,839,austen,6.997198979059855
4,thompson,839,fitzgerald,6.643127361933391
4,thompson,839,twain,7.765802651643753
4,thompson,839,non_oz_baum,6.131017446517944
4,thompson,839,non_oz_thompson,6.402742385864258
4,thompson,839,contested,5.217024922370911
4,thompson,840,train,3.688330113887787
4,thompson,840,baum,5.650469541549683
4,thompson,840,thompson,5.451831936836243
4,thompson,840,dickens,7.397519765076814
4,thompson,840,melville,7.982601881027222
4,thompson,840,wells,6.90316104888916
4,thompson,840,austen,6.94757358233134
4,thompson,840,fitzgerald,6.606181780497233
4,thompson,840,twain,7.699542135000229
4,thompson,840,non_oz_baum,6.096298575401306
4,thompson,840,non_oz_thompson,6.378584623336792
4,thompson,840,contested,5.201420187950134
4,thompson,841,train,3.697620987892151
4,thompson,841,baum,5.664513111114502
4,thompson,841,thompson,5.454851984977722
4,thompson,841,dickens,7.387354462235062
4,thompson,841,melville,7.991754770278931
4,thompson,841,wells,6.904114842414856
4,thompson,841,austen,6.9520370165507
4,thompson,841,fitzgerald,6.609050194422404
4,thompson,841,twain,7.703475713729858
4,thompson,841,non_oz_baum,6.11109733581543
4,thompson,841,non_oz_thompson,6.383500576019287
4,thompson,841,contested,5.20926308631897
4,thompson,842,train,3.704312533140184
4,thompson,842,baum,5.647489666938782
4,thompson,842,thompson,5.450484752655029
4,thompson,842,dickens,7.382462165973805
4,thompson,842,melville,7.978664970397949
4,thompson,842,wells,6.896332263946533
4,thompson,842,austen,6.945604642232259
4,thompson,842,fitzgerald,6.603114366531372
4,thompson,842,twain,7.704643398523331
4,thompson,842,non_oz_baum,6.097084999084473
4,thompson,842,non_oz_thompson,6.373597860336304
4,thompson,842,contested,5.192455410957336
4,thompson,843,train,3.7054793536663055
4,thompson,843,baum,5.653521656990051
4,thompson,843,thompson,5.444517850875855
4,thompson,843,dickens,7.370411113456443
4,thompson,843,melville,7.984059524536133
4,thompson,843,wells,6.898248791694641
4,thompson,843,austen,6.936288356781006
4,thompson,843,fitzgerald,6.605380376180013
4,thompson,843,twain,7.696897566318512
4,thompson,843,non_oz_baum,6.097726821899414
4,thompson,843,non_oz_thompson,6.368406295776367
4,thompson,843,contested,5.199679374694824
4,thompson,844,train,3.700882494449616
4,thompson,844,baum,5.669620752334595
4,thompson,844,thompson,5.45797872543335
4,thompson,844,dickens,7.418754083138925
4,thompson,844,melville,8.032354974746704
4,thompson,844,wells,6.934186100959778
4,thompson,844,austen,6.9868214925130205
4,thompson,844,fitzgerald,6.639621098836263
4,thompson,844,twain,7.743635922670364
4,thompson,844,non_oz_baum,6.120285749435425
4,thompson,844,non_oz_thompson,6.387717723846436
4,thompson,844,contested,5.2129621505737305
4,thompson,845,train,3.707231342792511
4,thompson,845,baum,5.648576855659485
4,thompson,845,thompson,5.449291586875916
4,thompson,845,dickens,7.403014924791124
4,thompson,845,melville,7.98831148147583
4,thompson,845,wells,6.903975248336792
4,thompson,845,austen,6.954057455062866
4,thompson,845,fitzgerald,6.609441995620728
4,thompson,845,twain,7.6997581124305725
4,thompson,845,non_oz_baum,6.1025121212005615
4,thompson,845,non_oz_thompson,6.373562574386597
4,thompson,845,contested,5.19948410987854
4,thompson,846,train,3.694194972515106
4,thompson,846,baum,5.651957035064697
4,thompson,846,thompson,5.4463629722595215
4,thompson,846,dickens,7.374592922351979
4,thompson,846,melville,7.978962850570679
4,thompson,846,wells,6.896801233291626
4,thompson,846,austen,6.9452284177144366
4,thompson,846,fitzgerald,6.602753798166911
4,thompson,846,twain,7.695740640163422
4,thompson,846,non_oz_baum,6.106469511985779
4,thompson,846,non_oz_thompson,6.371057510375977
4,thompson,846,contested,5.201304912567139
4,thompson,847,train,3.695578157901764
4,thompson,847,baum,5.67048180103302
4,thompson,847,thompson,5.480143070220947
4,thompson,847,dickens,7.460742120389585
4,thompson,847,melville,8.071830558776856
4,thompson,847,wells,6.956280589103699
4,thompson,847,austen,7.010981559753418
4,thompson,847,fitzgerald,6.646419684092204
4,thompson,847,twain,7.775484025478363
4,thompson,847,non_oz_baum,6.138233661651611
4,thompson,847,non_oz_thompson,6.3998754024505615
4,thompson,847,contested,5.224044561386108
4,thompson,848,train,3.680896431207657
4,thompson,848,baum,5.655976176261902
4,thompson,848,thompson,5.458593010902405
4,thompson,848,dickens,7.420471173745614
4,thompson,848,melville,8.039284038543702
4,thompson,848,wells,6.927708745002747
4,thompson,848,austen,6.978895664215088
4,thompson,848,fitzgerald,6.623731851577759
4,thompson,848,twain,7.743265300989151
4,thompson,848,non_oz_baum,6.114513158798218
4,thompson,848,non_oz_thompson,6.384021282196045
4,thompson,848,contested,5.206079959869385
4,thompson,849,train,3.679068177938461
4,thompson,849,baum,5.6643359661102295
4,thompson,849,thompson,5.455569744110107
4,thompson,849,dickens,7.417521512066877
4,thompson,849,melville,8.015940713882447
4,thompson,849,wells,6.923309564590454
4,thompson,849,austen,6.979472160339356
4,thompson,849,fitzgerald,6.622721036275228
4,thompson,849,twain,7.738385885953903
4,thompson,849,non_oz_baum,6.1168001890182495
4,thompson,849,non_oz_thompson,6.387126922607422
4,thompson,849,contested,5.208611845970154
4,thompson,850,train,3.680420994758606
4,thompson,850,baum,5.678321123123169
4,thompson,850,thompson,5.464321851730347
4,thompson,850,dickens,7.453444374932183
4,thompson,850,melville,8.054983711242675
4,thompson,850,wells,6.954373717308044
4,thompson,850,austen,7.004982233047485
4,thompson,850,fitzgerald,6.6457200050354
4,thompson,850,twain,7.769515037536621
4,thompson,850,non_oz_baum,6.135500192642212
4,thompson,850,non_oz_thompson,6.407746076583862
4,thompson,850,contested,5.218297839164734
4,thompson,851,train,3.699367076158524
4,thompson,851,baum,5.6655086278915405
4,thompson,851,thompson,5.460762619972229
4,thompson,851,dickens,7.422021000473587
4,thompson,851,melville,8.023743915557862
4,thompson,851,wells,6.9246906042099
4,thompson,851,austen,6.991353988647461
4,thompson,851,fitzgerald,6.622621138890584
4,thompson,851,twain,7.734865963459015
4,thompson,851,non_oz_baum,6.126147508621216
4,thompson,851,non_oz_thompson,6.388601779937744
4,thompson,851,contested,5.21195375919342
4,thompson,852,train,3.679306536912918
4,thompson,852,baum,5.668336033821106
4,thompson,852,thompson,5.466250658035278
4,thompson,852,dickens,7.406819767422146
4,thompson,852,melville,8.013347244262695
4,thompson,852,wells,6.914327383041382
4,thompson,852,austen,6.975438356399536
4,thompson,852,fitzgerald,6.625066677729289
4,thompson,852,twain,7.716388016939163
4,thompson,852,non_oz_baum,6.123983025550842
4,thompson,852,non_oz_thompson,6.39042854309082
4,thompson,852,contested,5.2155667543411255
4,thompson,853,train,3.682750940322876
4,thompson,853,baum,5.660698533058167
4,thompson,853,thompson,5.456218004226685
4,thompson,853,dickens,7.434601130308928
4,thompson,853,melville,8.038633441925048
4,thompson,853,wells,6.933565616607666
4,thompson,853,austen,6.9813938935597735
4,thompson,853,fitzgerald,6.633282820383708
4,thompson,853,twain,7.750088751316071
4,thompson,853,non_oz_baum,6.120086908340454
4,thompson,853,non_oz_thompson,6.389706134796143
4,thompson,853,contested,5.213555812835693
4,thompson,854,train,3.667816549539566
4,thompson,854,baum,5.663786053657532
4,thompson,854,thompson,5.451905846595764
4,thompson,854,dickens,7.414143350389269
4,thompson,854,melville,8.01779842376709
4,thompson,854,wells,6.916636228561401
4,thompson,854,austen,6.972040017445882
4,thompson,854,fitzgerald,6.628040075302124
4,thompson,854,twain,7.727678507566452
4,thompson,854,non_oz_baum,6.118659138679504
4,thompson,854,non_oz_thompson,6.38582706451416
4,thompson,854,contested,5.207853317260742
4,thompson,855,train,3.663364261388778
4,thompson,855,baum,5.686918616294861
4,thompson,855,thompson,5.481139540672302
4,thompson,855,dickens,7.463348830187762
4,thompson,855,melville,8.080928087234497
4,thompson,855,wells,6.969542503356934
4,thompson,855,austen,7.028350591659546
4,thompson,855,fitzgerald,6.658821105957031
4,thompson,855,twain,7.792555451393127
4,thompson,855,non_oz_baum,6.146798253059387
4,thompson,855,non_oz_thompson,6.4157373905181885
4,thompson,855,contested,5.224752306938171
4,thompson,856,train,3.669855684041977
4,thompson,856,baum,5.675742506980896
4,thompson,856,thompson,5.465922594070435
4,thompson,856,dickens,7.460548259593822
4,thompson,856,melville,8.065418767929078
4,thompson,856,wells,6.960277795791626
4,thompson,856,austen,7.0163547197977705
4,thompson,856,fitzgerald,6.64877462387085
4,thompson,856,twain,7.787094205617905
4,thompson,856,non_oz_baum,6.132192373275757
4,thompson,856,non_oz_thompson,6.409115552902222
4,thompson,856,contested,5.218724131584168
4,thompson,857,train,3.64771568775177
4,thompson,857,baum,5.679193615913391
4,thompson,857,thompson,5.465871691703796
4,thompson,857,dickens,7.4381523308930575
4,thompson,857,melville,8.046092653274536
4,thompson,857,wells,6.943104267120361
4,thompson,857,austen,7.000545501708984
4,thompson,857,fitzgerald,6.6466297308603925
4,thompson,857,twain,7.753624349832535
4,thompson,857,non_oz_baum,6.130809426307678
4,thompson,857,non_oz_thompson,6.3982532024383545
4,thompson,857,contested,5.219374656677246
4,thompson,858,train,3.6880275309085846
4,thompson,858,baum,5.676397681236267
4,thompson,858,thompson,5.474695205688477
4,thompson,858,dickens,7.450983418358697
4,thompson,858,melville,8.059201526641846
4,thompson,858,wells,6.949360609054565
4,thompson,858,austen,7.016620238622029
4,thompson,858,fitzgerald,6.646407683690389
4,thompson,858,twain,7.772594392299652
4,thompson,858,non_oz_baum,6.133630752563477
4,thompson,858,non_oz_thompson,6.408121585845947
4,thompson,858,contested,5.220580220222473
4,thompson,859,train,3.681241899728775
4,thompson,859,baum,5.6640201807022095
4,thompson,859,thompson,5.453344225883484
4,thompson,859,dickens,7.425653987460667
4,thompson,859,melville,8.03523621559143
4,thompson,859,wells,6.929001331329346
4,thompson,859,austen,6.976966778437297
4,thompson,859,fitzgerald,6.626192649205525
4,thompson,859,twain,7.747908443212509
4,thompson,859,non_oz_baum,6.115034818649292
4,thompson,859,non_oz_thompson,6.387741088867188
4,thompson,859,contested,5.208889961242676
4,thompson,860,train,3.678990125656128
4,thompson,860,baum,5.681336522102356
4,thompson,860,thompson,5.465787768363953
4,thompson,860,dickens,7.441779048354538
4,thompson,860,melville,8.070912981033326
4,thompson,860,wells,6.952958822250366
4,thompson,860,austen,7.0105429490407305
4,thompson,860,fitzgerald,6.658613046010335
4,thompson,860,twain,7.7819854617118835
4,thompson,860,non_oz_baum,6.137528538703919
4,thompson,860,non_oz_thompson,6.401294231414795
4,thompson,860,contested,5.219173669815064
4,thompson,861,train,3.6590695679187775
4,thompson,861,baum,5.676826596260071
4,thompson,861,thompson,5.46399199962616
4,thompson,861,dickens,7.441640500669126
4,thompson,861,melville,8.057637405395507
4,thompson,861,wells,6.945121645927429
4,thompson,861,austen,6.998848040898641
4,thompson,861,fitzgerald,6.641314347585042
4,thompson,861,twain,7.766261130571365
4,thompson,861,non_oz_baum,6.131470203399658
4,thompson,861,non_oz_thompson,6.403340816497803
4,thompson,861,contested,5.217839360237122
4,thompson,862,train,3.66179758310318
4,thompson,862,baum,5.696694731712341
4,thompson,862,thompson,5.480923414230347
4,thompson,862,dickens,7.460158365744132
4,thompson,862,melville,8.104838037490845
4,thompson,862,wells,6.986187815666199
4,thompson,862,austen,7.042855580647786
4,thompson,862,fitzgerald,6.682378212610881
4,thompson,862,twain,7.803475111722946
4,thompson,862,non_oz_baum,6.153493642807007
4,thompson,862,non_oz_thompson,6.425089597702026
4,thompson,862,contested,5.2366602420806885
4,thompson,863,train,3.641720354557037
4,thompson,863,baum,5.688138008117676
4,thompson,863,thompson,5.475257515907288
4,thompson,863,dickens,7.453582375137894
4,thompson,863,melville,8.086656141281129
4,thompson,863,wells,6.966668367385864
4,thompson,863,austen,7.0268135865529375
4,thompson,863,fitzgerald,6.663995742797852
4,thompson,863,twain,7.793821752071381
4,thompson,863,non_oz_baum,6.145485639572144
4,thompson,863,non_oz_thompson,6.419234275817871
4,thompson,863,contested,5.228240013122559
4,thompson,864,train,3.656105160713196
4,thompson,864,baum,5.679012060165405
4,thompson,864,thompson,5.479895830154419
4,thompson,864,dickens,7.452579215720847
4,thompson,864,melville,8.082228946685792
4,thompson,864,wells,6.964715480804443
4,thompson,864,austen,7.014412879943848
4,thompson,864,fitzgerald,6.66296370824178
4,thompson,864,twain,7.78094869852066
4,thompson,864,non_oz_baum,6.142934441566467
4,thompson,864,non_oz_thompson,6.420231103897095
4,thompson,864,contested,5.22612738609314
4,thompson,865,train,3.65970715880394
4,thompson,865,baum,5.688719153404236
4,thompson,865,thompson,5.476305603981018
4,thompson,865,dickens,7.4714605896561235
4,thompson,865,melville,8.099096012115478
4,thompson,865,wells,6.983243465423584
4,thompson,865,austen,7.031106630961101
4,thompson,865,fitzgerald,6.675450325012207
4,thompson,865,twain,7.80736443400383
4,thompson,865,non_oz_baum,6.150596499443054
4,thompson,865,non_oz_thompson,6.420371055603027
4,thompson,865,contested,5.2270859479904175
4,thompson,866,train,3.655088722705841
4,thompson,866,baum,5.695038795471191
4,thompson,866,thompson,5.482580423355103
4,thompson,866,dickens,7.491217136383057
4,thompson,866,melville,8.13572163581848
4,thompson,866,wells,7.000840902328491
4,thompson,866,austen,7.056931336720784
4,thompson,866,fitzgerald,6.683368285497029
4,thompson,866,twain,7.829585373401642
4,thompson,866,non_oz_baum,6.158797860145569
4,thompson,866,non_oz_thompson,6.427244186401367
4,thompson,866,contested,5.22985827922821
4,thompson,867,train,3.6370071470737457
4,thompson,867,baum,5.681167244911194
4,thompson,867,thompson,5.4726914167404175
4,thompson,867,dickens,7.4843068829289185
4,thompson,867,melville,8.11757493019104
4,thompson,867,wells,6.982229232788086
4,thompson,867,austen,7.039806683858235
4,thompson,867,fitzgerald,6.666421731313069
4,thompson,867,twain,7.814350813627243
4,thompson,867,non_oz_baum,6.142460942268372
4,thompson,867,non_oz_thompson,6.425124168395996
4,thompson,867,contested,5.223629474639893
4,thompson,868,train,3.651688396930695
4,thompson,868,baum,5.688697934150696
4,thompson,868,thompson,5.474863529205322
4,thompson,868,dickens,7.483022795783149
4,thompson,868,melville,8.110529041290283
4,thompson,868,wells,6.980505704879761
4,thompson,868,austen,7.050489823023479
4,thompson,868,fitzgerald,6.671379804611206
4,thompson,868,twain,7.807308882474899
4,thompson,868,non_oz_baum,6.144772171974182
4,thompson,868,non_oz_thompson,6.429114580154419
4,thompson,868,contested,5.228948593139648
4,thompson,869,train,3.662778079509735
4,thompson,869,baum,5.681996464729309
4,thompson,869,thompson,5.473238110542297
4,thompson,869,dickens,7.457556954136601
4,thompson,869,melville,8.093514966964722
4,thompson,869,wells,6.966615915298462
4,thompson,869,austen,7.029457410176595
4,thompson,869,fitzgerald,6.659470240275065
4,thompson,869,twain,7.788778305053711
4,thompson,869,non_oz_baum,6.141371130943298
4,thompson,869,non_oz_thompson,6.412023067474365
4,thompson,869,contested,5.222618699073792
4,thompson,870,train,3.646095424890518
4,thompson,870,baum,5.680671453475952
4,thompson,870,thompson,5.464839458465576
4,thompson,870,dickens,7.42899407280816
4,thompson,870,melville,8.04462571144104
4,thompson,870,wells,6.945867896080017
4,thompson,870,austen,7.001486539840698
4,thompson,870,fitzgerald,6.647953828175862
4,thompson,870,twain,7.756158888339996
4,thompson,870,non_oz_baum,6.1337738037109375
4,thompson,870,non_oz_thompson,6.405956029891968
4,thompson,870,contested,5.219537854194641
4,thompson,871,train,3.635601848363876
4,thompson,871,baum,5.690872430801392
4,thompson,871,thompson,5.475391626358032
4,thompson,871,dickens,7.462830720124422
4,thompson,871,melville,8.08439884185791
4,thompson,871,wells,6.97142481803894
4,thompson,871,austen,7.032382408777873
4,thompson,871,fitzgerald,6.673511187235515
4,thompson,871,twain,7.786762773990631
4,thompson,871,non_oz_baum,6.146075129508972
4,thompson,871,non_oz_thompson,6.424746990203857
4,thompson,871,contested,5.231207251548767
4,thompson,872,train,3.6576080918312073
4,thompson,872,baum,5.693195939064026
4,thompson,872,thompson,5.481639504432678
4,thompson,872,dickens,7.488532295933476
4,thompson,872,melville,8.11544485092163
4,thompson,872,wells,6.989159941673279
4,thompson,872,austen,7.054248968760173
4,thompson,872,fitzgerald,6.680298884709676
4,thompson,872,twain,7.811515688896179
4,thompson,872,non_oz_baum,6.153120160102844
4,thompson,872,non_oz_thompson,6.428795576095581
4,thompson,872,contested,5.234017968177795
4,thompson,873,train,3.650711089372635
4,thompson,873,baum,5.689966797828674
4,thompson,873,thompson,5.475327610969544
4,thompson,873,dickens,7.455869798307066
4,thompson,873,melville,8.080154991149902
4,thompson,873,wells,6.977266550064087
4,thompson,873,austen,7.03960124651591
4,thompson,873,fitzgerald,6.660547018051148
4,thompson,873,twain,7.787611931562424
4,thompson,873,non_oz_baum,6.148375034332275
4,thompson,873,non_oz_thompson,6.415346384048462
4,thompson,873,contested,5.2301201820373535
4,thompson,874,train,3.622756630182266
4,thompson,874,baum,5.698009371757507
4,thompson,874,thompson,5.482107639312744
4,thompson,874,dickens,7.48851763760602
4,thompson,874,melville,8.114330673217774
4,thompson,874,wells,6.996376872062683
4,thompson,874,austen,7.066274325052897
4,thompson,874,fitzgerald,6.681682189305623
4,thompson,874,twain,7.821575045585632
4,thompson,874,non_oz_baum,6.165960907936096
4,thompson,874,non_oz_thompson,6.429873704910278
4,thompson,874,contested,5.236877202987671
4,thompson,875,train,3.629536211490631
4,thompson,875,baum,5.7065300941467285
4,thompson,875,thompson,5.488945960998535
4,thompson,875,dickens,7.514385488298204
4,thompson,875,melville,8.132274627685547
4,thompson,875,wells,7.013543009757996
4,thompson,875,austen,7.079456329345703
4,thompson,875,fitzgerald,6.700101931889852
4,thompson,875,twain,7.838520377874374
4,thompson,875,non_oz_baum,6.170113205909729
4,thompson,875,non_oz_thompson,6.446084499359131
4,thompson,875,contested,5.2432861328125
4,thompson,876,train,3.625010550022125
4,thompson,876,baum,5.680770397186279
4,thompson,876,thompson,5.470256090164185
4,thompson,876,dickens,7.490216237527353
4,thompson,876,melville,8.096511459350586
4,thompson,876,wells,6.970463514328003
4,thompson,876,austen,7.029641389846802
4,thompson,876,fitzgerald,6.659813563028972
4,thompson,876,twain,7.7971696853637695
4,thompson,876,non_oz_baum,6.139849781990051
4,thompson,876,non_oz_thompson,6.421328544616699
4,thompson,876,contested,5.220020174980164
4,thompson,877,train,3.6525372564792633
4,thompson,877,baum,5.699333190917969
4,thompson,877,thompson,5.478250741958618
4,thompson,877,dickens,7.515590402815077
4,thompson,877,melville,8.14017882347107
4,thompson,877,wells,6.991764307022095
4,thompson,877,austen,7.0633225440979
4,thompson,877,fitzgerald,6.683532158533732
4,thompson,877,twain,7.834235996007919
4,thompson,877,non_oz_baum,6.160102725028992
4,thompson,877,non_oz_thompson,6.438507556915283
4,thompson,877,contested,5.234020829200745
4,thompson,878,train,3.635495275259018
4,thompson,878,baum,5.697728872299194
4,thompson,878,thompson,5.481279015541077
4,thompson,878,dickens,7.503823880796079
4,thompson,878,melville,8.134888505935669
4,thompson,878,wells,6.996473670005798
4,thompson,878,austen,7.058471202850342
4,thompson,878,fitzgerald,6.683441241582234
4,thompson,878,twain,7.834125429391861
4,thompson,878,non_oz_baum,6.157428860664368
4,thompson,878,non_oz_thompson,6.441920518875122
4,thompson,878,contested,5.234914660453796
4,thompson,879,train,3.630612313747406
4,thompson,879,baum,5.696187973022461
4,thompson,879,thompson,5.482194900512695
4,thompson,879,dickens,7.492221761632849
4,thompson,879,melville,8.128421258926391
4,thompson,879,wells,6.994556546211243
4,thompson,879,austen,7.056404113769531
4,thompson,879,fitzgerald,6.6772449016571045
4,thompson,879,twain,7.828788757324219
4,thompson,879,non_oz_baum,6.153528571128845
4,thompson,879,non_oz_thompson,6.430715322494507
4,thompson,879,contested,5.227453947067261
4,thompson,880,train,3.639251321554184
4,thompson,880,baum,5.68466329574585
4,thompson,880,thompson,5.476398944854736
4,thompson,880,dickens,7.490124508186623
4,thompson,880,melville,8.122319412231445
4,thompson,880,wells,6.98656439781189
4,thompson,880,austen,7.0472941398620605
4,thompson,880,fitzgerald,6.671021620432536
4,thompson,880,twain,7.818589061498642
4,thompson,880,non_oz_baum,6.144808530807495
4,thompson,880,non_oz_thompson,6.427541255950928
4,thompson,880,contested,5.223866581916809
4,thompson,881,train,3.632300436496735
4,thompson,881,baum,5.696750164031982
4,thompson,881,thompson,5.478768944740295
4,thompson,881,dickens,7.492869129887334
4,thompson,881,melville,8.10769305229187
4,thompson,881,wells,6.988460779190064
4,thompson,881,austen,7.047268311182658
4,thompson,881,fitzgerald,6.680598179499309
4,thompson,881,twain,7.822927683591843
4,thompson,881,non_oz_baum,6.153001546859741
4,thompson,881,non_oz_thompson,6.442819595336914
4,thompson,881,contested,5.236553072929382
4,thompson,882,train,3.610201209783554
4,thompson,882,baum,5.687865376472473
4,thompson,882,thompson,5.468220829963684
4,thompson,882,dickens,7.46798363438359
4,thompson,882,melville,8.074545669555665
4,thompson,882,wells,6.9673614501953125
4,thompson,882,austen,7.028833707173665
4,thompson,882,fitzgerald,6.664977788925171
4,thompson,882,twain,7.787088572978973
4,thompson,882,non_oz_baum,6.142534255981445
4,thompson,882,non_oz_thompson,6.420430898666382
4,thompson,882,contested,5.223593831062317
4,thompson,883,train,3.62967586517334
4,thompson,883,baum,5.705050230026245
4,thompson,883,thompson,5.495062708854675
4,thompson,883,dickens,7.51109430525038
4,thompson,883,melville,8.141739988327027
4,thompson,883,wells,7.012077450752258
4,thompson,883,austen,7.076247215270996
4,thompson,883,fitzgerald,6.693680922190349
4,thompson,883,twain,7.828287720680237
4,thompson,883,non_oz_baum,6.168575882911682
4,thompson,883,non_oz_thompson,6.447071075439453
4,thompson,883,contested,5.241801142692566
4,thompson,884,train,3.650291532278061
4,thompson,884,baum,5.6982176303863525
4,thompson,884,thompson,5.489650845527649
4,thompson,884,dickens,7.504357320291024
4,thompson,884,melville,8.13212342262268
4,thompson,884,wells,7.005126953125
4,thompson,884,austen,7.067996025085449
4,thompson,884,fitzgerald,6.705764929453532
4,thompson,884,twain,7.830623418092728
4,thompson,884,non_oz_baum,6.165004014968872
4,thompson,884,non_oz_thompson,6.445574522018433
4,thompson,884,contested,5.240717649459839
4,thompson,885,train,3.612182170152664
4,thompson,885,baum,5.69100558757782
4,thompson,885,thompson,5.479655504226685
4,thompson,885,dickens,7.459671073489719
4,thompson,885,melville,8.094154834747314
4,thompson,885,wells,6.973130345344544
4,thompson,885,austen,7.042309761047363
4,thompson,885,fitzgerald,6.677860577901204
4,thompson,885,twain,7.796985357999802
4,thompson,885,non_oz_baum,6.157357454299927
4,thompson,885,non_oz_thompson,6.42717432975769
4,thompson,885,contested,5.22828209400177
4,thompson,886,train,3.642116606235504
4,thompson,886,baum,5.701888203620911
4,thompson,886,thompson,5.481385231018066
4,thompson,886,dickens,7.497826964766891
4,thompson,886,melville,8.126573038101196
4,thompson,886,wells,7.0023353099823
4,thompson,886,austen,7.065831740697225
4,thompson,886,fitzgerald,6.705248355865479
4,thompson,886,twain,7.822389125823975
4,thompson,886,non_oz_baum,6.165554881095886
4,thompson,886,non_oz_thompson,6.44440770149231
4,thompson,886,contested,5.237703919410706
4,thompson,887,train,3.6081437468528734
4,thompson,887,baum,5.699576735496521
4,thompson,887,thompson,5.4789851903915405
4,thompson,887,dickens,7.484025902218288
4,thompson,887,melville,8.08954153060913
4,thompson,887,wells,6.978967189788818
4,thompson,887,austen,7.038951635360718
4,thompson,887,fitzgerald,6.691395839055379
4,thompson,887,twain,7.80415877699852
4,thompson,887,non_oz_baum,6.151052355766296
4,thompson,887,non_oz_thompson,6.434977293014526
4,thompson,887,contested,5.231720328330994
4,thompson,888,train,3.6200550198554993
4,thompson,888,baum,5.704176545143127
4,thompson,888,thompson,5.480311393737793
4,thompson,888,dickens,7.469460434383816
4,thompson,888,melville,8.085009717941285
4,thompson,888,wells,6.9775649309158325
4,thompson,888,austen,7.037235498428345
4,thompson,888,fitzgerald,6.681295235951741
4,thompson,888,twain,7.795483350753784
4,thompson,888,non_oz_baum,6.152101993560791
4,thompson,888,non_oz_thompson,6.421766042709351
4,thompson,888,contested,5.229599714279175
4,thompson,889,train,3.6284628808498383
4,thompson,889,baum,5.688603401184082
4,thompson,889,thompson,5.474266767501831
4,thompson,889,dickens,7.4807093584979025
4,thompson,889,melville,8.101490592956543
4,thompson,889,wells,6.964964509010315
4,thompson,889,austen,7.032428979873657
4,thompson,889,fitzgerald,6.681483666102092
4,thompson,889,twain,7.801913022994995
4,thompson,889,non_oz_baum,6.144144773483276
4,thompson,889,non_oz_thompson,6.419283866882324
4,thompson,889,contested,5.221858024597168
4,thompson,890,train,3.627158015966416
4,thompson,890,baum,5.700389623641968
4,thompson,890,thompson,5.489078402519226
4,thompson,890,dickens,7.496781667073567
4,thompson,890,melville,8.135156726837158
4,thompson,890,wells,7.004706501960754
4,thompson,890,austen,7.058595498402913
4,thompson,890,fitzgerald,6.701102256774902
4,thompson,890,twain,7.819120526313782
4,thompson,890,non_oz_baum,6.169957637786865
4,thompson,890,non_oz_thompson,6.439237117767334
4,thompson,890,contested,5.235659718513489
4,thompson,891,train,3.58980193734169
4,thompson,891,baum,5.701766014099121
4,thompson,891,thompson,5.4831507205963135
4,thompson,891,dickens,7.519192589653863
4,thompson,891,melville,8.130056858062744
4,thompson,891,wells,7.004249811172485
4,thompson,891,austen,7.0662031173706055
4,thompson,891,fitzgerald,6.699004968007405
4,thompson,891,twain,7.837249636650085
4,thompson,891,non_oz_baum,6.164901971817017
4,thompson,891,non_oz_thompson,6.445524454116821
4,thompson,891,contested,5.236685752868652
4,thompson,892,train,3.6068421602249146
4,thompson,892,baum,5.70675802230835
4,thompson,892,thompson,5.4756410121917725
4,thompson,892,dickens,7.491864610601355
4,thompson,892,melville,8.128021335601806
4,thompson,892,wells,6.992431282997131
4,thompson,892,austen,7.065963268280029
4,thompson,892,fitzgerald,6.694609085718791
4,thompson,892,twain,7.815445780754089
4,thompson,892,non_oz_baum,6.159710645675659
4,thompson,892,non_oz_thompson,6.440060615539551
4,thompson,892,contested,5.23969829082489
4,thompson,893,train,3.619282156229019
4,thompson,893,baum,5.695565223693848
4,thompson,893,thompson,5.468366265296936
4,thompson,893,dickens,7.474177784389919
4,thompson,893,melville,8.097495222091675
4,thompson,893,wells,6.96923291683197
4,thompson,893,austen,7.031715313593547
4,thompson,893,fitzgerald,6.684105237325032
4,thompson,893,twain,7.785513877868652
4,thompson,893,non_oz_baum,6.152224540710449
4,thompson,893,non_oz_thompson,6.426279544830322
4,thompson,893,contested,5.232428431510925
4,thompson,894,train,3.594409167766571
4,thompson,894,baum,5.7044830322265625
4,thompson,894,thompson,5.474526882171631
4,thompson,894,dickens,7.500753720601399
4,thompson,894,melville,8.137486982345582
4,thompson,894,wells,6.999526500701904
4,thompson,894,austen,7.070386171340942
4,thompson,894,fitzgerald,6.695480585098267
4,thompson,894,twain,7.827411144971847
4,thompson,894,non_oz_baum,6.165250182151794
4,thompson,894,non_oz_thompson,6.440778970718384
4,thompson,894,contested,5.239732384681702
4,thompson,895,train,3.5811427235603333
4,thompson,895,baum,5.719873428344727
4,thompson,895,thompson,5.494073033332825
4,thompson,895,dickens,7.535876256448251
4,thompson,895,melville,8.17889471054077
4,thompson,895,wells,7.026432633399963
4,thompson,895,austen,7.098032395044963
4,thompson,895,fitzgerald,6.724416097005208
4,thompson,895,twain,7.863803267478943
4,thompson,895,non_oz_baum,6.1884849071502686
4,thompson,895,non_oz_thompson,6.4591498374938965
4,thompson,895,contested,5.258499383926392
4,thompson,896,train,3.631022810935974
4,thompson,896,baum,5.7071415185928345
4,thompson,896,thompson,5.4730541706085205
4,thompson,896,dickens,7.504264425348352
4,thompson,896,melville,8.12321834564209
4,thompson,896,wells,6.999534606933594
4,thompson,896,austen,7.068273862202962
4,thompson,896,fitzgerald,6.701258023579915
4,thompson,896,twain,7.827198594808578
4,thompson,896,non_oz_baum,6.166550397872925
4,thompson,896,non_oz_thompson,6.44333291053772
4,thompson,896,contested,5.244581580162048
4,thompson,897,train,3.60029810667038
4,thompson,897,baum,5.709511876106262
4,thompson,897,thompson,5.475361704826355
4,thompson,897,dickens,7.5102633723506225
4,thompson,897,melville,8.143139457702636
4,thompson,897,wells,6.999437093734741
4,thompson,897,austen,7.076579014460246
4,thompson,897,fitzgerald,6.69912052154541
4,thompson,897,twain,7.840699911117554
4,thompson,897,non_oz_baum,6.167341470718384
4,thompson,897,non_oz_thompson,6.444629192352295
4,thompson,897,contested,5.239482045173645
4,thompson,898,train,3.586213082075119
4,thompson,898,baum,5.711016654968262
4,thompson,898,thompson,5.483400106430054
4,thompson,898,dickens,7.534078421416106
4,thompson,898,melville,8.175439596176147
4,thompson,898,wells,7.021931171417236
4,thompson,898,austen,7.099245071411133
4,thompson,898,fitzgerald,6.723125457763672
4,thompson,898,twain,7.867380291223526
4,thompson,898,non_oz_baum,6.182388782501221
4,thompson,898,non_oz_thompson,6.457326173782349
4,thompson,898,contested,5.244964241981506
4,thompson,899,train,3.622352302074432
4,thompson,899,baum,5.720426678657532
4,thompson,899,thompson,5.493106961250305
4,thompson,899,dickens,7.547639670195402
4,thompson,899,melville,8.19304141998291
4,thompson,899,wells,7.03108537197113
4,thompson,899,austen,7.108996709187825
4,thompson,899,fitzgerald,6.7294526894887285
4,thompson,899,twain,7.880266785621643
4,thompson,899,non_oz_baum,6.188780069351196
4,thompson,899,non_oz_thompson,6.467342376708984
4,thompson,899,contested,5.256629943847656
4,thompson,900,train,3.5943886637687683
4,thompson,900,baum,5.7429633140563965
4,thompson,900,thompson,5.5218271017074585
4,thompson,900,dickens,7.605531215667725
4,thompson,900,melville,8.274703407287598
4,thompson,900,wells,7.090003252029419
4,thompson,900,austen,7.182208220163981
4,thompson,900,fitzgerald,6.77959402402242
4,thompson,900,twain,7.953759610652924
4,thompson,900,non_oz_baum,6.220350503921509
4,thompson,900,non_oz_thompson,6.501069784164429
4,thompson,900,contested,5.276068091392517
4,thompson,901,train,3.594591587781906
4,thompson,901,baum,5.713554263114929
4,thompson,901,thompson,5.490065574645996
4,thompson,901,dickens,7.531692028045654
4,thompson,901,melville,8.1792724609375
4,thompson,901,wells,7.022356152534485
4,thompson,901,austen,7.095602909723918
4,thompson,901,fitzgerald,6.720603386561076
4,thompson,901,twain,7.861421376466751
4,thompson,901,non_oz_baum,6.180241584777832
4,thompson,901,non_oz_thompson,6.458901643753052
4,thompson,901,contested,5.2495410442352295
4,thompson,902,train,3.602369099855423
4,thompson,902,baum,5.72690737247467
4,thompson,902,thompson,5.5115392208099365
4,thompson,902,dickens,7.5773614071033615
4,thompson,902,melville,8.230780696868896
4,thompson,902,wells,7.057424545288086
4,thompson,902,austen,7.14880355199178
4,thompson,902,fitzgerald,6.7463438510894775
4,thompson,902,twain,7.911757439374924
4,thompson,902,non_oz_baum,6.20455527305603
4,thompson,902,non_oz_thompson,6.476371765136719
4,thompson,902,contested,5.2643290758132935
4,thompson,903,train,3.600376784801483
4,thompson,903,baum,5.727484822273254
4,thompson,903,thompson,5.502790331840515
4,thompson,903,dickens,7.556467833342375
4,thompson,903,melville,8.211296463012696
4,thompson,903,wells,7.058989882469177
4,thompson,903,austen,7.136883020401001
4,thompson,903,fitzgerald,6.750530958175659
4,thompson,903,twain,7.908769279718399
4,thompson,903,non_oz_baum,6.205291152000427
4,thompson,903,non_oz_thompson,6.4768126010894775
4,thompson,903,contested,5.262612700462341
4,thompson,904,train,3.603666007518768
4,thompson,904,baum,5.722203373908997
4,thompson,904,thompson,5.503092527389526
4,thompson,904,dickens,7.556398797918249
4,thompson,904,melville,8.196536540985107
4,thompson,904,wells,7.04116952419281
4,thompson,904,austen,7.117656071980794
4,thompson,904,fitzgerald,6.734480619430542
4,thompson,904,twain,7.881747931241989
4,thompson,904,non_oz_baum,6.190528392791748
4,thompson,904,non_oz_thompson,6.477373123168945
4,thompson,904,contested,5.259289264678955
4,thompson,905,train,3.584337949752808
4,thompson,905,baum,5.701095104217529
4,thompson,905,thompson,5.479141712188721
4,thompson,905,dickens,7.510434009410717
4,thompson,905,melville,8.139680576324462
4,thompson,905,wells,6.9950995445251465
4,thompson,905,austen,7.065511385599772
4,thompson,905,fitzgerald,6.692225694656372
4,thompson,905,twain,7.830927222967148
4,thompson,905,non_oz_baum,6.15973162651062
4,thompson,905,non_oz_thompson,6.438634872436523
4,thompson,905,contested,5.236954212188721
4,thompson,906,train,3.5920104682445526
4,thompson,906,baum,5.719395637512207
4,thompson,906,thompson,5.500187397003174
4,thompson,906,dickens,7.563383367326525
4,thompson,906,melville,8.212579679489135
4,thompson,906,wells,7.0342652797698975
4,thompson,906,austen,7.114056746164958
4,thompson,906,fitzgerald,6.732351462046306
4,thompson,906,twain,7.890498459339142
4,thompson,906,non_oz_baum,6.192721486091614
4,thompson,906,non_oz_thompson,6.472754240036011
4,thompson,906,contested,5.253946781158447
4,thompson,907,train,3.603921860456466
4,thompson,907,baum,5.735449314117432
4,thompson,907,thompson,5.511494278907776
4,thompson,907,dickens,7.560301180239077
4,thompson,907,melville,8.21412968635559
4,thompson,907,wells,7.046969890594482
4,thompson,907,austen,7.138834396998088
4,thompson,907,fitzgerald,6.7492696444193525
4,thompson,907,twain,7.884869456291199
4,thompson,907,non_oz_baum,6.207238793373108
4,thompson,907,non_oz_thompson,6.47763466835022
4,thompson,907,contested,5.264164447784424
4,thompson,908,train,3.590027540922165
4,thompson,908,baum,5.727184891700745
4,thompson,908,thompson,5.496995210647583
4,thompson,908,dickens,7.536077623014097
4,thompson,908,melville,8.185184717178345
4,thompson,908,wells,7.030206203460693
4,thompson,908,austen,7.107592185338338
4,thompson,908,fitzgerald,6.723781744639079
4,thompson,908,twain,7.875472158193588
4,thompson,908,non_oz_baum,6.193484425544739
4,thompson,908,non_oz_thompson,6.459547519683838
4,thompson,908,contested,5.255834221839905
4,thompson,909,train,3.571949750185013
4,thompson,909,baum,5.726385712623596
4,thompson,909,thompson,5.49686598777771
4,thompson,909,dickens,7.527348500710946
4,thompson,909,melville,8.160601091384887
4,thompson,909,wells,7.015323638916016
4,thompson,909,austen,7.099692424138387
4,thompson,909,fitzgerald,6.728886286417644
4,thompson,909,twain,7.856399834156036
4,thompson,909,non_oz_baum,6.18646776676178
4,thompson,909,non_oz_thompson,6.459601640701294
4,thompson,909,contested,5.251686692237854
4,thompson,910,train,3.590245872735977
4,thompson,910,baum,5.723346829414368
4,thompson,910,thompson,5.495631814002991
4,thompson,910,dickens,7.542829955065692
4,thompson,910,melville,8.190246963500977
4,thompson,910,wells,7.03826379776001
4,thompson,910,austen,7.116007169087728
4,thompson,910,fitzgerald,6.745978673299153
4,thompson,910,twain,7.885729670524597
4,thompson,910,non_oz_baum,6.195568084716797
4,thompson,910,non_oz_thompson,6.472062110900879
4,thompson,910,contested,5.2570860385894775
4,thompson,911,train,3.572274386882782
4,thompson,911,baum,5.735688447952271
4,thompson,911,thompson,5.5120604038238525
4,thompson,911,dickens,7.579955065691912
4,thompson,911,melville,8.228686380386353
4,thompson,911,wells,7.060031890869141
4,thompson,911,austen,7.142858902613322
4,thompson,911,fitzgerald,6.765375852584839
4,thompson,911,twain,7.912944734096527
4,thompson,911,non_oz_baum,6.2119786739349365
4,thompson,911,non_oz_thompson,6.489080667495728
4,thompson,911,contested,5.2684595584869385
4,thompson,912,train,3.567839950323105
4,thompson,912,baum,5.724687099456787
4,thompson,912,thompson,5.49070417881012
4,thompson,912,dickens,7.563065105014378
4,thompson,912,melville,8.1913592338562
4,thompson,912,wells,7.042601943016052
4,thompson,912,austen,7.116322755813599
4,thompson,912,fitzgerald,6.741124629974365
4,thompson,912,twain,7.888520121574402
4,thompson,912,non_oz_baum,6.194067478179932
4,thompson,912,non_oz_thompson,6.475583076477051
4,thompson,912,contested,5.2581707239151
4,thompson,913,train,3.571191370487213
4,thompson,913,baum,5.721235036849976
4,thompson,913,thompson,5.4962334632873535
4,thompson,913,dickens,7.5538042209766525
4,thompson,913,melville,8.187530374526977
4,thompson,913,wells,7.031272053718567
4,thompson,913,austen,7.10463039080302
4,thompson,913,fitzgerald,6.737881739934285
4,thompson,913,twain,7.878472447395325
4,thompson,913,non_oz_baum,6.190967679023743
4,thompson,913,non_oz_thompson,6.465785980224609
4,thompson,913,contested,5.255654692649841
4,thompson,914,train,3.580299586057663
4,thompson,914,baum,5.724377393722534
4,thompson,914,thompson,5.481556177139282
4,thompson,914,dickens,7.5278096375642
4,thompson,914,melville,8.148432683944701
4,thompson,914,wells,7.013660073280335
4,thompson,914,austen,7.086722612380981
4,thompson,914,fitzgerald,6.720664421717326
4,thompson,914,twain,7.848058879375458
4,thompson,914,non_oz_baum,6.179346203804016
4,thompson,914,non_oz_thompson,6.456843614578247
4,thompson,914,contested,5.251474022865295
4,thompson,915,train,3.541842967271805
4,thompson,915,baum,5.731282711029053
4,thompson,915,thompson,5.494754433631897
4,thompson,915,dickens,7.559354446552418
4,thompson,915,melville,8.198479175567627
4,thompson,915,wells,7.046019792556763
4,thompson,915,austen,7.116616646448772
4,thompson,915,fitzgerald,6.743280490239461
4,thompson,915,twain,7.8873052299022675
4,thompson,915,non_oz_baum,6.200645089149475
4,thompson,915,non_oz_thompson,6.472569465637207
4,thompson,915,contested,5.262677788734436
4,thompson,916,train,3.5880159437656403
4,thompson,916,baum,5.717638373374939
4,thompson,916,thompson,5.479553580284119
4,thompson,916,dickens,7.508434419278745
4,thompson,916,melville,8.137624502182007
4,thompson,916,wells,6.9882588386535645
4,thompson,916,austen,7.066747665405273
4,thompson,916,fitzgerald,6.708719094594319
4,thompson,916,twain,7.824497789144516
4,thompson,916,non_oz_baum,6.167644023895264
4,thompson,916,non_oz_thompson,6.447956085205078
4,thompson,916,contested,5.245271682739258
4,thompson,917,train,3.578994810581208
4,thompson,917,baum,5.738934874534607
4,thompson,917,thompson,5.501368761062622
4,thompson,917,dickens,7.563285615709093
4,thompson,917,melville,8.214673852920532
4,thompson,917,wells,7.054205894470215
4,thompson,917,austen,7.136129379272461
4,thompson,917,fitzgerald,6.748074213663737
4,thompson,917,twain,7.900446981191635
4,thompson,917,non_oz_baum,6.197126865386963
4,thompson,917,non_oz_thompson,6.481080055236816
4,thompson,917,contested,5.2631014585495
4,thompson,918,train,3.5782199800014496
4,thompson,918,baum,5.737854957580566
4,thompson,918,thompson,5.509220480918884
4,thompson,918,dickens,7.564078119066027
4,thompson,918,melville,8.197527885437012
4,thompson,918,wells,7.040395140647888
4,thompson,918,austen,7.122071107228597
4,thompson,918,fitzgerald,6.74000867207845
4,thompson,918,twain,7.88617604970932
4,thompson,918,non_oz_baum,6.205275058746338
4,thompson,918,non_oz_thompson,6.482478380203247
4,thompson,918,contested,5.269105911254883
4,thompson,919,train,3.5676389634609222
4,thompson,919,baum,5.739280104637146
4,thompson,919,thompson,5.501693964004517
4,thompson,919,dickens,7.544527565991437
4,thompson,919,melville,8.19899525642395
4,thompson,919,wells,7.032448768615723
4,thompson,919,austen,7.11372447013855
4,thompson,919,fitzgerald,6.735526959101359
4,thompson,919,twain,7.867313981056213
4,thompson,919,non_oz_baum,6.207836985588074
4,thompson,919,non_oz_thompson,6.47445011138916
4,thompson,919,contested,5.261961579322815
4,thompson,920,train,3.580932706594467
4,thompson,920,baum,5.737941145896912
4,thompson,920,thompson,5.495012521743774
4,thompson,920,dickens,7.569047574643736
4,thompson,920,melville,8.226662921905518
4,thompson,920,wells,7.057023644447327
4,thompson,920,austen,7.153650363286336
4,thompson,920,fitzgerald,6.755951404571533
4,thompson,920,twain,7.90477579832077
4,thompson,920,non_oz_baum,6.211634755134583
4,thompson,920,non_oz_thompson,6.475700855255127
4,thompson,920,contested,5.26362669467926
4,thompson,921,train,3.5557525753974915
4,thompson,921,baum,5.730101823806763
4,thompson,921,thompson,5.488332986831665
4,thompson,921,dickens,7.55292887157864
4,thompson,921,melville,8.189396476745605
4,thompson,921,wells,7.043506979942322
4,thompson,921,austen,7.11385194460551
4,thompson,921,fitzgerald,6.737804969151815
4,thompson,921,twain,7.8818919360637665
4,thompson,921,non_oz_baum,6.19345498085022
4,thompson,921,non_oz_thompson,6.472955703735352
4,thompson,921,contested,5.260292291641235
4,thompson,922,train,3.5601885318756104
4,thompson,922,baum,5.736777067184448
4,thompson,922,thompson,5.5021302700042725
4,thompson,922,dickens,7.569297207726373
4,thompson,922,melville,8.226770877838135
4,thompson,922,wells,7.06195604801178
4,thompson,922,austen,7.136005798975627
4,thompson,922,fitzgerald,6.761916399002075
4,thompson,922,twain,7.914202094078064
4,thompson,922,non_oz_baum,6.203387379646301
4,thompson,922,non_oz_thompson,6.490268707275391
4,thompson,922,contested,5.269991397857666
4,thompson,923,train,3.5540349185466766
4,thompson,923,baum,5.737375020980835
4,thompson,923,thompson,5.491202712059021
4,thompson,923,dickens,7.553250983909324
4,thompson,923,melville,8.187163591384888
4,thompson,923,wells,7.033281683921814
4,thompson,923,austen,7.113232056299846
4,thompson,923,fitzgerald,6.744742314020793
4,thompson,923,twain,7.875158846378326
4,thompson,923,non_oz_baum,6.197418570518494
4,thompson,923,non_oz_thompson,6.475891590118408
4,thompson,923,contested,5.265377402305603
4,thompson,924,train,3.566995084285736
4,thompson,924,baum,5.751514315605164
4,thompson,924,thompson,5.503677487373352
4,thompson,924,dickens,7.589005805827953
4,thompson,924,melville,8.219511270523071
4,thompson,924,wells,7.0679179430007935
4,thompson,924,austen,7.150541623433431
4,thompson,924,fitzgerald,6.770039319992065
4,thompson,924,twain,7.905839323997498
4,thompson,924,non_oz_baum,6.217717170715332
4,thompson,924,non_oz_thompson,6.488430738449097
4,thompson,924,contested,5.275104641914368
4,thompson,925,train,3.571047425270081
4,thompson,925,baum,5.747095942497253
4,thompson,925,thompson,5.501844644546509
4,thompson,925,dickens,7.585384881054914
4,thompson,925,melville,8.229861545562745
4,thompson,925,wells,7.074314475059509
4,thompson,925,austen,7.146629492441813
4,thompson,925,fitzgerald,6.761544386545817
4,thompson,925,twain,7.915621668100357
4,thompson,925,non_oz_baum,6.211960554122925
4,thompson,925,non_oz_thompson,6.4944236278533936
4,thompson,925,contested,5.276121139526367
4,thompson,926,train,3.540572613477707
4,thompson,926,baum,5.749318242073059
4,thompson,926,thompson,5.502128005027771
4,thompson,926,dickens,7.586600957093416
4,thompson,926,melville,8.227201128005982
4,thompson,926,wells,7.064498782157898
4,thompson,926,austen,7.150256395339966
4,thompson,926,fitzgerald,6.76688273747762
4,thompson,926,twain,7.918129861354828
4,thompson,926,non_oz_baum,6.217516779899597
4,thompson,926,non_oz_thompson,6.4976770877838135
4,thompson,926,contested,5.27532696723938
4,thompson,927,train,3.5546314418315887
4,thompson,927,baum,5.734071373939514
4,thompson,927,thompson,5.489487767219544
4,thompson,927,dickens,7.534432852709735
4,thompson,927,melville,8.172171640396119
4,thompson,927,wells,7.020861983299255
4,thompson,927,austen,7.104789098103841
4,thompson,927,fitzgerald,6.72995130221049
4,thompson,927,twain,7.851491779088974
4,thompson,927,non_oz_baum,6.192425489425659
4,thompson,927,non_oz_thompson,6.460308313369751
4,thompson,927,contested,5.258366107940674
4,thompson,928,train,3.5471467673778534
4,thompson,928,baum,5.747973203659058
4,thompson,928,thompson,5.515793800354004
4,thompson,928,dickens,7.578383004223859
4,thompson,928,melville,8.235461616516114
4,thompson,928,wells,7.070127844810486
4,thompson,928,austen,7.151835362116496
4,thompson,928,fitzgerald,6.765984296798706
4,thompson,928,twain,7.910528928041458
4,thompson,928,non_oz_baum,6.223657250404358
4,thompson,928,non_oz_thompson,6.4974775314331055
4,thompson,928,contested,5.280223965644836
4,thompson,929,train,3.5510057508945465
4,thompson,929,baum,5.761896371841431
4,thompson,929,thompson,5.518569469451904
4,thompson,929,dickens,7.593722308123553
4,thompson,929,melville,8.247022151947021
4,thompson,929,wells,7.077009320259094
4,thompson,929,austen,7.161219358444214
4,thompson,929,fitzgerald,6.770747264226277
4,thompson,929,twain,7.917788445949554
4,thompson,929,non_oz_baum,6.23272430896759
4,thompson,929,non_oz_thompson,6.501235485076904
4,thompson,929,contested,5.289472341537476
4,thompson,930,train,3.534314811229706
4,thompson,930,baum,5.758103132247925
4,thompson,930,thompson,5.517065763473511
4,thompson,930,dickens,7.585207268043801
4,thompson,930,melville,8.227004337310792
4,thompson,930,wells,7.061211585998535
4,thompson,930,austen,7.153796672821045
4,thompson,930,fitzgerald,6.763274987538655
4,thompson,930,twain,7.910746872425079
4,thompson,930,non_oz_baum,6.219035267829895
4,thompson,930,non_oz_thompson,6.491693496704102
4,thompson,930,contested,5.280449748039246
4,thompson,931,train,3.577412217855453
4,thompson,931,baum,5.747681498527527
4,thompson,931,thompson,5.497316479682922
4,thompson,931,dickens,7.558026490388094
4,thompson,931,melville,8.199125862121582
4,thompson,931,wells,7.035876750946045
4,thompson,931,austen,7.127275784810384
4,thompson,931,fitzgerald,6.747760931650798
4,thompson,931,twain,7.888479441404343
4,thompson,931,non_oz_baum,6.206845760345459
4,thompson,931,non_oz_thompson,6.486706256866455
4,thompson,931,contested,5.2676485776901245
4,thompson,932,train,3.5478927195072174
4,thompson,932,baum,5.756919503211975
4,thompson,932,thompson,5.51128351688385
4,thompson,932,dickens,7.592980296523483
4,thompson,932,melville,8.240274429321289
4,thompson,932,wells,7.0738526582717896
4,thompson,932,austen,7.158884922663371
4,thompson,932,fitzgerald,6.778884967168172
4,thompson,932,twain,7.931225895881653
4,thompson,932,non_oz_baum,6.219562649726868
4,thompson,932,non_oz_thompson,6.511549234390259
4,thompson,932,contested,5.278904438018799
4,thompson,933,train,3.5541226863861084
4,thompson,933,baum,5.751226425170898
4,thompson,933,thompson,5.519067406654358
4,thompson,933,dickens,7.58475183557581
4,thompson,933,melville,8.242372846603393
4,thompson,933,wells,7.067577838897705
4,thompson,933,austen,7.1556166013081866
4,thompson,933,fitzgerald,6.766425371170044
4,thompson,933,twain,7.91142413020134
4,thompson,933,non_oz_baum,6.223165512084961
4,thompson,933,non_oz_thompson,6.495001316070557
4,thompson,933,contested,5.274089455604553
4,thompson,934,train,3.547473430633545
4,thompson,934,baum,5.758080244064331
4,thompson,934,thompson,5.506706595420837
4,thompson,934,dickens,7.609480239726879
4,thompson,934,melville,8.262425136566161
4,thompson,934,wells,7.083415269851685
4,thompson,934,austen,7.173752069473267
4,thompson,934,fitzgerald,6.785242080688477
4,thompson,934,twain,7.932743817567825
4,thompson,934,non_oz_baum,6.235204339027405
4,thompson,934,non_oz_thompson,6.503955602645874
4,thompson,934,contested,5.280225038528442
4,thompson,935,train,3.525288850069046
4,thompson,935,baum,5.756149291992188
4,thompson,935,thompson,5.500027298927307
4,thompson,935,dickens,7.575931743339256
4,thompson,935,melville,8.209738302230836
4,thompson,935,wells,7.0389790534973145
4,thompson,935,austen,7.140732526779175
4,thompson,935,fitzgerald,6.762595733006795
4,thompson,935,twain,7.887525945901871
4,thompson,935,non_oz_baum,6.22136127948761
4,thompson,935,non_oz_thompson,6.491356611251831
4,thompson,935,contested,5.277828216552734
4,thompson,936,train,3.5310907065868378
4,thompson,936,baum,5.75237238407135
4,thompson,936,thompson,5.496355414390564
4,thompson,936,dickens,7.586313759839093
4,thompson,936,melville,8.23221378326416
4,thompson,936,wells,7.06322193145752
4,thompson,936,austen,7.141746203104655
4,thompson,936,fitzgerald,6.773196935653687
4,thompson,936,twain,7.899492412805557
4,thompson,936,non_oz_baum,6.225641846656799
4,thompson,936,non_oz_thompson,6.485145807266235
4,thompson,936,contested,5.278142690658569
4,thompson,937,train,3.522220104932785
4,thompson,937,baum,5.775629043579102
4,thompson,937,thompson,5.519850015640259
4,thompson,937,dickens,7.623815306910762
4,thompson,937,melville,8.28819236755371
4,thompson,937,wells,7.1115802526474
4,thompson,937,austen,7.20600167910258
4,thompson,937,fitzgerald,6.8203526337941485
4,thompson,937,twain,7.956705331802368
4,thompson,937,non_oz_baum,6.251778602600098
4,thompson,937,non_oz_thompson,6.520794630050659
4,thompson,937,contested,5.295721292495728
4,thompson,938,train,3.5438792407512665
4,thompson,938,baum,5.755985379219055
4,thompson,938,thompson,5.506392478942871
4,thompson,938,dickens,7.548709162959346
4,thompson,938,melville,8.213628435134888
4,thompson,938,wells,7.039508104324341
4,thompson,938,austen,7.136699676513672
4,thompson,938,fitzgerald,6.75299874941508
4,thompson,938,twain,7.879610329866409
4,thompson,938,non_oz_baum,6.219538569450378
4,thompson,938,non_oz_thompson,6.490341424942017
4,thompson,938,contested,5.275360703468323
4,thompson,939,train,3.541307240724564
4,thompson,939,baum,5.752250075340271
4,thompson,939,thompson,5.510168075561523
4,thompson,939,dickens,7.579522256497984
4,thompson,939,melville,8.22934069633484
4,thompson,939,wells,7.051269054412842
4,thompson,939,austen,7.143663167953491
4,thompson,939,fitzgerald,6.77106507619222
4,thompson,939,twain,7.90085831284523
4,thompson,939,non_oz_baum,6.21779215335846
4,thompson,939,non_oz_thompson,6.4919822216033936
4,thompson,939,contested,5.277735948562622
4,thompson,940,train,3.526884526014328
4,thompson,940,baum,5.74426805973053
4,thompson,940,thompson,5.4931800365448
4,thompson,940,dickens,7.531462121892859
4,thompson,940,melville,8.172590589523315
4,thompson,940,wells,7.0062016248703
4,thompson,940,austen,7.103487094243367
4,thompson,940,fitzgerald,6.7340976397196455
4,thompson,940,twain,7.84231024980545
4,thompson,940,non_oz_baum,6.200926780700684
4,thompson,940,non_oz_thompson,6.471460580825806
4,thompson,940,contested,5.268693685531616
4,thompson,941,train,3.5358425676822662
4,thompson,941,baum,5.752968907356262
4,thompson,941,thompson,5.504702806472778
4,thompson,941,dickens,7.590144386997929
4,thompson,941,melville,8.23500108718872
4,thompson,941,wells,7.070029616355896
4,thompson,941,austen,7.155837456385295
4,thompson,941,fitzgerald,6.777804533640544
4,thompson,941,twain,7.909609109163284
4,thompson,941,non_oz_baum,6.226357817649841
4,thompson,941,non_oz_thompson,6.501311779022217
4,thompson,941,contested,5.2753986120224
4,thompson,942,train,3.530095487833023
4,thompson,942,baum,5.760862350463867
4,thompson,942,thompson,5.508858919143677
4,thompson,942,dickens,7.571650346120198
4,thompson,942,melville,8.208576345443726
4,thompson,942,wells,7.0437928438186646
4,thompson,942,austen,7.138102690378825
4,thompson,942,fitzgerald,6.761995633443196
4,thompson,942,twain,7.885391920804977
4,thompson,942,non_oz_baum,6.221993803977966
4,thompson,942,non_oz_thompson,6.491271018981934
4,thompson,942,contested,5.283042311668396
4,thompson,943,train,3.5356762409210205
4,thompson,943,baum,5.7433483600616455
4,thompson,943,thompson,5.492635130882263
4,thompson,943,dickens,7.540732984189634
4,thompson,943,melville,8.190767526626587
4,thompson,943,wells,7.023059010505676
4,thompson,943,austen,7.107628504435222
4,thompson,943,fitzgerald,6.752251148223877
4,thompson,943,twain,7.865024954080582
4,thompson,943,non_oz_baum,6.205209851264954
4,thompson,943,non_oz_thompson,6.476400375366211
4,thompson,943,contested,5.267331838607788
4,thompson,944,train,3.527469038963318
4,thompson,944,baum,5.755813121795654
4,thompson,944,thompson,5.515926003456116
4,thompson,944,dickens,7.5848136831212924
4,thompson,944,melville,8.232492351531983
4,thompson,944,wells,7.059289932250977
4,thompson,944,austen,7.147721449534099
4,thompson,944,fitzgerald,6.765632470448812
4,thompson,944,twain,7.905669420957565
4,thompson,944,non_oz_baum,6.229336380958557
4,thompson,944,non_oz_thompson,6.494691371917725
4,thompson,944,contested,5.280384659767151
4,thompson,945,train,3.535635769367218
4,thompson,945,baum,5.7400606870651245
4,thompson,945,thompson,5.4960373640060425
4,thompson,945,dickens,7.5310256922686545
4,thompson,945,melville,8.16059226989746
4,thompson,945,wells,7.016726851463318
4,thompson,945,austen,7.110763072967529
4,thompson,945,fitzgerald,6.736672719319661
4,thompson,945,twain,7.85071673989296
4,thompson,945,non_oz_baum,6.206371665000916
4,thompson,945,non_oz_thompson,6.474946260452271
4,thompson,945,contested,5.263283491134644
4,thompson,946,train,3.527836173772812
4,thompson,946,baum,5.749181509017944
4,thompson,946,thompson,5.496983289718628
4,thompson,946,dickens,7.548820619229917
4,thompson,946,melville,8.188969945907592
4,thompson,946,wells,7.034937500953674
4,thompson,946,austen,7.129566828409831
4,thompson,946,fitzgerald,6.756522337595622
4,thompson,946,twain,7.874815046787262
4,thompson,946,non_oz_baum,6.219063639640808
4,thompson,946,non_oz_thompson,6.481448173522949
4,thompson,946,contested,5.2749552726745605
4,thompson,947,train,3.5271882116794586
4,thompson,947,baum,5.779645085334778
4,thompson,947,thompson,5.532052397727966
4,thompson,947,dickens,7.628055996365017
4,thompson,947,melville,8.28691349029541
4,thompson,947,wells,7.102433919906616
4,thompson,947,austen,7.211757977803548
4,thompson,947,fitzgerald,6.813812017440796
4,thompson,947,twain,7.955702543258667
4,thompson,947,non_oz_baum,6.263391613960266
4,thompson,947,non_oz_thompson,6.528020858764648
4,thompson,947,contested,5.300582766532898
4,thompson,948,train,3.5234380066394806
4,thompson,948,baum,5.76240611076355
4,thompson,948,thompson,5.507458329200745
4,thompson,948,dickens,7.609834370789705
4,thompson,948,melville,8.261748790740967
4,thompson,948,wells,7.082461833953857
4,thompson,948,austen,7.168814420700073
4,thompson,948,fitzgerald,6.790805339813232
4,thompson,948,twain,7.932564526796341
4,thompson,948,non_oz_baum,6.24290668964386
4,thompson,948,non_oz_thompson,6.510786533355713
4,thompson,948,contested,5.2900230884552
4,thompson,949,train,3.534946620464325
4,thompson,949,baum,5.787823915481567
4,thompson,949,thompson,5.525332570075989
4,thompson,949,dickens,7.628093277966535
4,thompson,949,melville,8.290680313110352
4,thompson,949,wells,7.112389087677002
4,thompson,949,austen,7.208690325419108
4,thompson,949,fitzgerald,6.819950739542644
4,thompson,949,twain,7.95798996090889
4,thompson,949,non_oz_baum,6.267881631851196
4,thompson,949,non_oz_thompson,6.530634641647339
4,thompson,949,contested,5.308524131774902
4,thompson,950,train,3.5214858949184418
4,thompson,950,baum,5.763864874839783
4,thompson,950,thompson,5.494764804840088
4,thompson,950,dickens,7.564776579538981
4,thompson,950,melville,8.204757404327392
4,thompson,950,wells,7.053662419319153
4,thompson,950,austen,7.146240949630737
4,thompson,950,fitzgerald,6.776177803675334
4,thompson,950,twain,7.8889643251895905
4,thompson,950,non_oz_baum,6.227991104125977
4,thompson,950,non_oz_thompson,6.492620706558228
4,thompson,950,contested,5.283492565155029
4,thompson,951,train,3.506924718618393
4,thompson,951,baum,5.786834478378296
4,thompson,951,thompson,5.528718829154968
4,thompson,951,dickens,7.61472060945299
4,thompson,951,melville,8.273821258544922
4,thompson,951,wells,7.099966049194336
4,thompson,951,austen,7.20326566696167
4,thompson,951,fitzgerald,6.811065514882405
4,thompson,951,twain,7.945481151342392
4,thompson,951,non_oz_baum,6.2595590353012085
4,thompson,951,non_oz_thompson,6.517695426940918
4,thompson,951,contested,5.301326394081116
4,thompson,952,train,3.482677787542343
4,thompson,952,baum,5.773294687271118
4,thompson,952,thompson,5.507869482040405
4,thompson,952,dickens,7.586713684929742
4,thompson,952,melville,8.241965627670288
4,thompson,952,wells,7.068783521652222
4,thompson,952,austen,7.163737773895264
4,thompson,952,fitzgerald,6.783092498779297
4,thompson,952,twain,7.915133655071258
4,thompson,952,non_oz_baum,6.241387724876404
4,thompson,952,non_oz_thompson,6.49889612197876
4,thompson,952,contested,5.290141224861145
4,thompson,953,train,3.5000126361846924
4,thompson,953,baum,5.771942138671875
4,thompson,953,thompson,5.508747696876526
4,thompson,953,dickens,7.571056489591245
4,thompson,953,melville,8.22809977531433
4,thompson,953,wells,7.065287232398987
4,thompson,953,austen,7.16840934753418
4,thompson,953,fitzgerald,6.781710863113403
4,thompson,953,twain,7.900722235441208
4,thompson,953,non_oz_baum,6.238868951797485
4,thompson,953,non_oz_thompson,6.498640298843384
4,thompson,953,contested,5.284047245979309
4,thompson,954,train,3.519212990999222
4,thompson,954,baum,5.768661737442017
4,thompson,954,thompson,5.512008905410767
4,thompson,954,dickens,7.596823674661142
4,thompson,954,melville,8.250542211532593
4,thompson,954,wells,7.082556962966919
4,thompson,954,austen,7.1777152220408125
4,thompson,954,fitzgerald,6.792655309041341
4,thompson,954,twain,7.926317662000656
4,thompson,954,non_oz_baum,6.239502906799316
4,thompson,954,non_oz_thompson,6.506456613540649
4,thompson,954,contested,5.292215824127197
4,thompson,955,train,3.502159148454666
4,thompson,955,baum,5.77265465259552
4,thompson,955,thompson,5.512412786483765
4,thompson,955,dickens,7.594391345977783
4,thompson,955,melville,8.235424137115478
4,thompson,955,wells,7.070270895957947
4,thompson,955,austen,7.161474386850993
4,thompson,955,fitzgerald,6.787042776743571
4,thompson,955,twain,7.921909153461456
4,thompson,955,non_oz_baum,6.241223812103272
4,thompson,955,non_oz_thompson,6.503400564193726
4,thompson,955,contested,5.290414333343506
4,thompson,956,train,3.513392627239228
4,thompson,956,baum,5.771825671195984
4,thompson,956,thompson,5.502202868461609
4,thompson,956,dickens,7.58937821564851
4,thompson,956,melville,8.222783946990967
4,thompson,956,wells,7.071341872215271
4,thompson,956,austen,7.158290942509969
4,thompson,956,fitzgerald,6.783494154612224
4,thompson,956,twain,7.909532725811005
4,thompson,956,non_oz_baum,6.237541913986206
4,thompson,956,non_oz_thompson,6.497389793395996
4,thompson,956,contested,5.292852282524109
4,thompson,957,train,3.5057177543640137
4,thompson,957,baum,5.798548817634583
4,thompson,957,thompson,5.530157089233398
4,thompson,957,dickens,7.661061039677373
4,thompson,957,melville,8.321968173980713
4,thompson,957,wells,7.132967710494995
4,thompson,957,austen,7.232636610666911
4,thompson,957,fitzgerald,6.843361139297485
4,thompson,957,twain,7.992258697748184
4,thompson,957,non_oz_baum,6.273030996322632
4,thompson,957,non_oz_thompson,6.539047718048096
4,thompson,957,contested,5.317558765411377
4,thompson,958,train,3.506986528635025
4,thompson,958,baum,5.763616681098938
4,thompson,958,thompson,5.489961385726929
4,thompson,958,dickens,7.537984865683097
4,thompson,958,melville,8.169355106353759
4,thompson,958,wells,7.0230735540390015
4,thompson,958,austen,7.108353694279988
4,thompson,958,fitzgerald,6.754320780436198
4,thompson,958,twain,7.859551548957825
4,thompson,958,non_oz_baum,6.217393040657044
4,thompson,958,non_oz_thompson,6.482203483581543
4,thompson,958,contested,5.274031281471252
4,thompson,959,train,3.510923773050308
4,thompson,959,baum,5.784529209136963
4,thompson,959,thompson,5.527907013893127
4,thompson,959,dickens,7.635855286209671
4,thompson,959,melville,8.29994764328003
4,thompson,959,wells,7.109942078590393
4,thompson,959,austen,7.198217948277791
4,thompson,959,fitzgerald,6.816143751144409
4,thompson,959,twain,7.96052885055542
4,thompson,959,non_oz_baum,6.260451436042786
4,thompson,959,non_oz_thompson,6.5343849658966064
4,thompson,959,contested,5.30433988571167
4,thompson,960,train,3.495156675577164
4,thompson,960,baum,5.7819002866745
4,thompson,960,thompson,5.515387654304504
4,thompson,960,dickens,7.632938420331037
4,thompson,960,melville,8.282578563690185
4,thompson,960,wells,7.094141364097595
4,thompson,960,austen,7.200375000635783
4,thompson,960,fitzgerald,6.801402409871419
4,thompson,960,twain,7.957319855690002
4,thompson,960,non_oz_baum,6.252687454223633
4,thompson,960,non_oz_thompson,6.52592396736145
4,thompson,960,contested,5.299216032028198
4,thompson,961,train,3.507890671491623
4,thompson,961,baum,5.78736424446106
4,thompson,961,thompson,5.529780507087708
4,thompson,961,dickens,7.638119768213342
4,thompson,961,melville,8.280883884429931
4,thompson,961,wells,7.087918758392334
4,thompson,961,austen,7.19317364692688
4,thompson,961,fitzgerald,6.798325618108113
4,thompson,961,twain,7.948020130395889
4,thompson,961,non_oz_baum,6.262343406677246
4,thompson,961,non_oz_thompson,6.52320122718811
4,thompson,961,contested,5.30728554725647
4,thompson,962,train,3.498154789209366
4,thompson,962,baum,5.779111981391907
4,thompson,962,thompson,5.514259696006775
4,thompson,962,dickens,7.608324174527769
4,thompson,962,melville,8.252434349060058
4,thompson,962,wells,7.084396600723267
4,thompson,962,austen,7.171097278594971
4,thompson,962,fitzgerald,6.801221291224162
4,thompson,962,twain,7.930945128202438
4,thompson,962,non_oz_baum,6.251999735832214
4,thompson,962,non_oz_thompson,6.514827728271484
4,thompson,962,contested,5.299565315246582
4,thompson,963,train,3.4795836806297302
4,thompson,963,baum,5.7915908098220825
4,thompson,963,thompson,5.523866176605225
4,thompson,963,dickens,7.623307492997911
4,thompson,963,melville,8.277870655059814
4,thompson,963,wells,7.092735290527344
4,thompson,963,austen,7.199646552403768
4,thompson,963,fitzgerald,6.806395928064982
4,thompson,963,twain,7.946898907423019
4,thompson,963,non_oz_baum,6.261344075202942
4,thompson,963,non_oz_thompson,6.522236347198486
4,thompson,963,contested,5.303921461105347
4,thompson,964,train,3.5081101059913635
4,thompson,964,baum,5.786128759384155
4,thompson,964,thompson,5.508561611175537
4,thompson,964,dickens,7.622209319361934
4,thompson,964,melville,8.279369258880616
4,thompson,964,wells,7.096344947814941
4,thompson,964,austen,7.204886198043823
4,thompson,964,fitzgerald,6.801807244618733
4,thompson,964,twain,7.959272861480713
4,thompson,964,non_oz_baum,6.257579207420349
4,thompson,964,non_oz_thompson,6.525058269500732
4,thompson,964,contested,5.295667409896851
4,thompson,965,train,3.476793974637985
4,thompson,965,baum,5.782142758369446
4,thompson,965,thompson,5.50977087020874
4,thompson,965,dickens,7.605396376715766
4,thompson,965,melville,8.239615058898925
4,thompson,965,wells,7.073713064193726
4,thompson,965,austen,7.175051848093669
4,thompson,965,fitzgerald,6.786851723988851
4,thompson,965,twain,7.929076910018921
4,thompson,965,non_oz_baum,6.245105147361755
4,thompson,965,non_oz_thompson,6.513898849487305
4,thompson,965,contested,5.293950319290161
4,thompson,966,train,3.499764919281006
4,thompson,966,baum,5.782124996185303
4,thompson,966,thompson,5.50411581993103
4,thompson,966,dickens,7.598875063437003
4,thompson,966,melville,8.252001285552979
4,thompson,966,wells,7.081567525863648
4,thompson,966,austen,7.179916063944499
4,thompson,966,fitzgerald,6.798418203989665
4,thompson,966,twain,7.932962387800217
4,thompson,966,non_oz_baum,6.252025961875916
4,thompson,966,non_oz_thompson,6.512858152389526
4,thompson,966,contested,5.295028209686279
4,thompson,967,train,3.494969964027405
4,thompson,967,baum,5.7929511070251465
4,thompson,967,thompson,5.52097475528717
4,thompson,967,dickens,7.646976894802517
4,thompson,967,melville,8.308773708343505
4,thompson,967,wells,7.12398898601532
4,thompson,967,austen,7.217616160710652
4,thompson,967,fitzgerald,6.814176638921102
4,thompson,967,twain,7.985606104135513
4,thompson,967,non_oz_baum,6.26759397983551
4,thompson,967,non_oz_thompson,6.538743734359741
4,thompson,967,contested,5.305749297142029
4,thompson,968,train,3.4901267886161804
4,thompson,968,baum,5.790966153144836
4,thompson,968,thompson,5.504586458206177
4,thompson,968,dickens,7.609970304701063
4,thompson,968,melville,8.26988353729248
4,thompson,968,wells,7.093005776405335
4,thompson,968,austen,7.192698876063029
4,thompson,968,fitzgerald,6.810071229934692
4,thompson,968,twain,7.949651837348938
4,thompson,968,non_oz_baum,6.256614446640015
4,thompson,968,non_oz_thompson,6.527788639068604
4,thompson,968,contested,5.295847415924072
4,thompson,969,train,3.493204355239868
4,thompson,969,baum,5.788554310798645
4,thompson,969,thompson,5.504619836807251
4,thompson,969,dickens,7.625155978732639
4,thompson,969,melville,8.27078981399536
4,thompson,969,wells,7.0968252420425415
4,thompson,969,austen,7.194969495137532
4,thompson,969,fitzgerald,6.8066011269887285
4,thompson,969,twain,7.953954488039017
4,thompson,969,non_oz_baum,6.253316760063171
4,thompson,969,non_oz_thompson,6.525319814682007
4,thompson,969,contested,5.295945644378662
4,thompson,970,train,3.4852004647254944
4,thompson,970,baum,5.803020596504211
4,thompson,970,thompson,5.521985173225403
4,thompson,970,dickens,7.653121277138039
4,thompson,970,melville,8.312117671966552
4,thompson,970,wells,7.125815510749817
4,thompson,970,austen,7.228021780649821
4,thompson,970,fitzgerald,6.83469835917155
4,thompson,970,twain,7.983714580535889
4,thompson,970,non_oz_baum,6.27189564704895
4,thompson,970,non_oz_thompson,6.542225122451782
4,thompson,970,contested,5.313493609428406
4,thompson,971,train,3.4562923312187195
4,thompson,971,baum,5.796581029891968
4,thompson,971,thompson,5.525412440299988
4,thompson,971,dickens,7.651529082545528
4,thompson,971,melville,8.310644817352294
4,thompson,971,wells,7.1192786693573
4,thompson,971,austen,7.222841660181682
4,thompson,971,fitzgerald,6.820993343989055
4,thompson,971,twain,7.984176516532898
4,thompson,971,non_oz_baum,6.268542528152466
4,thompson,971,non_oz_thompson,6.53830623626709
4,thompson,971,contested,5.308742642402649
4,thompson,972,train,3.4821104407310486
4,thompson,972,baum,5.791512846946716
4,thompson,972,thompson,5.518157362937927
4,thompson,972,dickens,7.627578788333469
4,thompson,972,melville,8.271049499511719
4,thompson,972,wells,7.095526576042175
4,thompson,972,austen,7.194520552953084
4,thompson,972,fitzgerald,6.811099608739217
4,thompson,972,twain,7.94896873831749
4,thompson,972,non_oz_baum,6.261416554450989
4,thompson,972,non_oz_thompson,6.527782440185547
4,thompson,972,contested,5.300671577453613
4,thompson,973,train,3.464365601539612
4,thompson,973,baum,5.796275496482849
4,thompson,973,thompson,5.529591083526611
4,thompson,973,dickens,7.669218840422453
4,thompson,973,melville,8.34096031188965
4,thompson,973,wells,7.145522713661194
4,thompson,973,austen,7.242708285649617
4,thompson,973,fitzgerald,6.840145031611125
4,thompson,973,twain,8.005958586931229
4,thompson,973,non_oz_baum,6.283481478691101
4,thompson,973,non_oz_thompson,6.551580429077148
4,thompson,973,contested,5.307977914810181
4,thompson,974,train,3.473428636789322
4,thompson,974,baum,5.791760087013245
4,thompson,974,thompson,5.50949764251709
4,thompson,974,dickens,7.6206245245756925
4,thompson,974,melville,8.264124393463135
4,thompson,974,wells,7.09785795211792
4,thompson,974,austen,7.189101775487264
4,thompson,974,fitzgerald,6.806018988291423
4,thompson,974,twain,7.943038791418076
4,thompson,974,non_oz_baum,6.263023853302002
4,thompson,974,non_oz_thompson,6.530495643615723
4,thompson,974,contested,5.304848790168762
4,thompson,975,train,3.469302177429199
4,thompson,975,baum,5.799079418182373
4,thompson,975,thompson,5.523118495941162
4,thompson,975,dickens,7.654073467961064
4,thompson,975,melville,8.310798931121827
4,thompson,975,wells,7.126670598983765
4,thompson,975,austen,7.211670398712158
4,thompson,975,fitzgerald,6.827686707178752
4,thompson,975,twain,7.9729123711586
4,thompson,975,non_oz_baum,6.275800704956055
4,thompson,975,non_oz_thompson,6.545951843261719
4,thompson,975,contested,5.316901922225952
4,thompson,976,train,3.461230486631393
4,thompson,976,baum,5.793362021446228
4,thompson,976,thompson,5.507850885391235
4,thompson,976,dickens,7.618035192842837
4,thompson,976,melville,8.258770751953126
4,thompson,976,wells,7.088990092277527
4,thompson,976,austen,7.193158547083537
4,thompson,976,fitzgerald,6.810018062591553
4,thompson,976,twain,7.935774266719818
4,thompson,976,non_oz_baum,6.259196758270264
4,thompson,976,non_oz_thompson,6.525565147399902
4,thompson,976,contested,5.303412675857544
4,thompson,977,train,3.479577958583832
4,thompson,977,baum,5.802492260932922
4,thompson,977,thompson,5.522143840789795
4,thompson,977,dickens,7.659819797233299
4,thompson,977,melville,8.321064949035645
4,thompson,977,wells,7.116199612617493
4,thompson,977,austen,7.224088271458943
4,thompson,977,fitzgerald,6.831811269124349
4,thompson,977,twain,7.981266617774963
4,thompson,977,non_oz_baum,6.277355432510376
4,thompson,977,non_oz_thompson,6.545296907424927
4,thompson,977,contested,5.31356406211853
4,thompson,978,train,3.4566323459148407
4,thompson,978,baum,5.799230098724365
4,thompson,978,thompson,5.527056097984314
4,thompson,978,dickens,7.64546846460413
4,thompson,978,melville,8.313100910186767
4,thompson,978,wells,7.114739179611206
4,thompson,978,austen,7.223662614822388
4,thompson,978,fitzgerald,6.826074997584025
4,thompson,978,twain,7.963784396648407
4,thompson,978,non_oz_baum,6.286098122596741
4,thompson,978,non_oz_thompson,6.542007207870483
4,thompson,978,contested,5.313412427902222
4,thompson,979,train,3.477730244398117
4,thompson,979,baum,5.80158007144928
4,thompson,979,thompson,5.521151900291443
4,thompson,979,dickens,7.668352091753924
4,thompson,979,melville,8.335945796966552
4,thompson,979,wells,7.136272788047791
4,thompson,979,austen,7.245300928751628
4,thompson,979,fitzgerald,6.84028689066569
4,thompson,979,twain,8.001654773950577
4,thompson,979,non_oz_baum,6.290629267692566
4,thompson,979,non_oz_thompson,6.550472021102905
4,thompson,979,contested,5.309613347053528
4,thompson,980,train,3.4781995117664337
4,thompson,980,baum,5.7984888553619385
4,thompson,980,thompson,5.516858577728272
4,thompson,980,dickens,7.613318302013256
4,thompson,980,melville,8.272985172271728
4,thompson,980,wells,7.088129639625549
4,thompson,980,austen,7.190498034159343
4,thompson,980,fitzgerald,6.796162923177083
4,thompson,980,twain,7.937676399946213
4,thompson,980,non_oz_baum,6.271461009979248
4,thompson,980,non_oz_thompson,6.528474807739258
4,thompson,980,contested,5.307377457618713
4,thompson,981,train,3.4694701731204987
4,thompson,981,baum,5.815670371055603
4,thompson,981,thompson,5.540520787239075
4,thompson,981,dickens,7.662039898059986
4,thompson,981,melville,8.336239528656005
4,thompson,981,wells,7.141500949859619
4,thompson,981,austen,7.234741687774658
4,thompson,981,fitzgerald,6.842457453409831
4,thompson,981,twain,7.996044605970383
4,thompson,981,non_oz_baum,6.2992024421691895
4,thompson,981,non_oz_thompson,6.556855916976929
4,thompson,981,contested,5.325398087501526
4,thompson,982,train,3.454956740140915
4,thompson,982,baum,5.815613269805908
4,thompson,982,thompson,5.5383299589157104
4,thompson,982,dickens,7.669584662825973
4,thompson,982,melville,8.351418018341064
4,thompson,982,wells,7.145406365394592
4,thompson,982,austen,7.239514748255412
4,thompson,982,fitzgerald,6.858139594395955
4,thompson,982,twain,8.013434708118439
4,thompson,982,non_oz_baum,6.303481936454773
4,thompson,982,non_oz_thompson,6.564918756484985
4,thompson,982,contested,5.332615733146668
4,thompson,983,train,3.463478833436966
4,thompson,983,baum,5.803554058074951
4,thompson,983,thompson,5.516070127487183
4,thompson,983,dickens,7.656958721302174
4,thompson,983,melville,8.305857372283935
4,thompson,983,wells,7.118660926818848
4,thompson,983,austen,7.220179478327434
4,thompson,983,fitzgerald,6.828428665796916
4,thompson,983,twain,7.981387913227081
4,thompson,983,non_oz_baum,6.278384685516357
4,thompson,983,non_oz_thompson,6.548136949539185
4,thompson,983,contested,5.311797380447388
4,thompson,984,train,3.457067757844925
4,thompson,984,baum,5.816059112548828
4,thompson,984,thompson,5.530882000923157
4,thompson,984,dickens,7.690810609746863
4,thompson,984,melville,8.36002082824707
4,thompson,984,wells,7.136508107185364
4,thompson,984,austen,7.255867004394531
4,thompson,984,fitzgerald,6.865060567855835
4,thompson,984,twain,8.006937503814697
4,thompson,984,non_oz_baum,6.302593111991882
4,thompson,984,non_oz_thompson,6.563096761703491
4,thompson,984,contested,5.326927542686462
4,thompson,985,train,3.452893555164337
4,thompson,985,baum,5.821069359779358
4,thompson,985,thompson,5.533171653747559
4,thompson,985,dickens,7.683875295850965
4,thompson,985,melville,8.349448966979981
4,thompson,985,wells,7.140246272087097
4,thompson,985,austen,7.247871319452922
4,thompson,985,fitzgerald,6.853299220403035
4,thompson,985,twain,7.992576420307159
4,thompson,985,non_oz_baum,6.306275486946106
4,thompson,985,non_oz_thompson,6.554834365844727
4,thompson,985,contested,5.335003018379211
4,thompson,986,train,3.4745738208293915
4,thompson,986,baum,5.808112859725952
4,thompson,986,thompson,5.526467323303223
4,thompson,986,dickens,7.691391626993815
4,thompson,986,melville,8.349503898620606
4,thompson,986,wells,7.136077761650085
4,thompson,986,austen,7.246010144551595
4,thompson,986,fitzgerald,6.845560948053996
4,thompson,986,twain,8.002867758274078
4,thompson,986,non_oz_baum,6.294921159744263
4,thompson,986,non_oz_thompson,6.557657957077026
4,thompson,986,contested,5.3250837326049805
4,thompson,987,train,3.445615381002426
4,thompson,987,baum,5.816656827926636
4,thompson,987,thompson,5.525561332702637
4,thompson,987,dickens,7.669862747192383
4,thompson,987,melville,8.331083202362061
4,thompson,987,wells,7.128121852874756
4,thompson,987,austen,7.233051617940267
4,thompson,987,fitzgerald,6.84238847096761
4,thompson,987,twain,7.991077929735184
4,thompson,987,non_oz_baum,6.299178242683411
4,thompson,987,non_oz_thompson,6.554154872894287
4,thompson,987,contested,5.327826738357544
4,thompson,988,train,3.457517832517624
4,thompson,988,baum,5.818859577178955
4,thompson,988,thompson,5.535070776939392
4,thompson,988,dickens,7.696722154264097
4,thompson,988,melville,8.373194694519043
4,thompson,988,wells,7.164773941040039
4,thompson,988,austen,7.271156946818034
4,thompson,988,fitzgerald,6.8672739664713545
4,thompson,988,twain,8.030843615531921
4,thompson,988,non_oz_baum,6.3095256090164185
4,thompson,988,non_oz_thompson,6.57329535484314
4,thompson,988,contested,5.331518769264221
4,thompson,989,train,3.443721383810044
4,thompson,989,baum,5.810508728027344
4,thompson,989,thompson,5.529983401298523
4,thompson,989,dickens,7.662501123216417
4,thompson,989,melville,8.337438678741455
4,thompson,989,wells,7.137521147727966
4,thompson,989,austen,7.231679360071818
4,thompson,989,fitzgerald,6.850112199783325
4,thompson,989,twain,7.989218562841415
4,thompson,989,non_oz_baum,6.30383026599884
4,thompson,989,non_oz_thompson,6.553588628768921
4,thompson,989,contested,5.329614281654358
4,thompson,990,train,3.4533118307590485
4,thompson,990,baum,5.800533771514893
4,thompson,990,thompson,5.512717366218567
4,thompson,990,dickens,7.653895801968044
4,thompson,990,melville,8.319950389862061
4,thompson,990,wells,7.122159123420715
4,thompson,990,austen,7.218929926554362
4,thompson,990,fitzgerald,6.829965353012085
4,thompson,990,twain,7.988475412130356
4,thompson,990,non_oz_baum,6.281136155128479
4,thompson,990,non_oz_thompson,6.540906667709351
4,thompson,990,contested,5.312938570976257
4,thompson,991,train,3.4597682058811188
4,thompson,991,baum,5.825623512268066
4,thompson,991,thompson,5.546477913856506
4,thompson,991,dickens,7.722783512539333
4,thompson,991,melville,8.4039870262146
4,thompson,991,wells,7.186861991882324
4,thompson,991,austen,7.298804680506389
4,thompson,991,fitzgerald,6.889239152272542
4,thompson,991,twain,8.070615321397781
4,thompson,991,non_oz_baum,6.322355151176453
4,thompson,991,non_oz_thompson,6.583541870117188
4,thompson,991,contested,5.335378408432007
4,thompson,992,train,3.42044335603714
4,thompson,992,baum,5.809468507766724
4,thompson,992,thompson,5.521336078643799
4,thompson,992,dickens,7.652736222302472
4,thompson,992,melville,8.29771614074707
4,thompson,992,wells,7.11177122592926
4,thompson,992,austen,7.217591126759847
4,thompson,992,fitzgerald,6.823605457941691
4,thompson,992,twain,7.977325916290283
4,thompson,992,non_oz_baum,6.286878347396851
4,thompson,992,non_oz_thompson,6.538680076599121
4,thompson,992,contested,5.316113829612732
4,thompson,993,train,3.4478107392787933
4,thompson,993,baum,5.825503945350647
4,thompson,993,thompson,5.543809294700623
4,thompson,993,dickens,7.685657006722909
4,thompson,993,melville,8.341623401641845
4,thompson,993,wells,7.134963512420654
4,thompson,993,austen,7.245309750239055
4,thompson,993,fitzgerald,6.850424289703369
4,thompson,993,twain,8.002868384122849
4,thompson,993,non_oz_baum,6.309136629104614
4,thompson,993,non_oz_thompson,6.566885948181152
4,thompson,993,contested,5.332985520362854
4,thompson,994,train,3.414336711168289
4,thompson,994,baum,5.818521738052368
4,thompson,994,thompson,5.5426517724990845
4,thompson,994,dickens,7.696457703908284
4,thompson,994,melville,8.362128734588623
4,thompson,994,wells,7.161941766738892
4,thompson,994,austen,7.253048340479533
4,thompson,994,fitzgerald,6.865033785502116
4,thompson,994,twain,8.023844003677368
4,thompson,994,non_oz_baum,6.307305812835693
4,thompson,994,non_oz_thompson,6.571954965591431
4,thompson,994,contested,5.329313397407532
4,thompson,995,train,3.44288232922554
4,thompson,995,baum,5.830093741416931
4,thompson,995,thompson,5.539829850196838
4,thompson,995,dickens,7.703556007809109
4,thompson,995,melville,8.35785083770752
4,thompson,995,wells,7.169215440750122
4,thompson,995,austen,7.266128857930501
4,thompson,995,fitzgerald,6.868880112965901
4,thompson,995,twain,8.03275004029274
4,thompson,995,non_oz_baum,6.310553789138794
4,thompson,995,non_oz_thompson,6.57469630241394
4,thompson,995,contested,5.327935695648193
4,thompson,996,train,3.4302130043506622
4,thompson,996,baum,5.841926097869873
4,thompson,996,thompson,5.550733804702759
4,thompson,996,dickens,7.748005814022488
4,thompson,996,melville,8.429424858093261
4,thompson,996,wells,7.206068634986877
4,thompson,996,austen,7.312256892522176
4,thompson,996,fitzgerald,6.902202049891154
4,thompson,996,twain,8.09152540564537
4,thompson,996,non_oz_baum,6.334760904312134
4,thompson,996,non_oz_thompson,6.592092275619507
4,thompson,996,contested,5.343021869659424
4,thompson,997,train,3.450940728187561
4,thompson,997,baum,5.80859911441803
4,thompson,997,thompson,5.516805529594421
4,thompson,997,dickens,7.6503049885785135
4,thompson,997,melville,8.308992290496827
4,thompson,997,wells,7.124540686607361
4,thompson,997,austen,7.226445595423381
4,thompson,997,fitzgerald,6.839549779891968
4,thompson,997,twain,7.982153803110123
4,thompson,997,non_oz_baum,6.289263844490051
4,thompson,997,non_oz_thompson,6.544145107269287
4,thompson,997,contested,5.317835807800293
4,thompson,998,train,3.44659823179245
4,thompson,998,baum,5.850813150405884
4,thompson,998,thompson,5.558735251426697
4,thompson,998,dickens,7.731380762877287
4,thompson,998,melville,8.42361068725586
4,thompson,998,wells,7.203076481819153
4,thompson,998,austen,7.325115124384562
4,thompson,998,fitzgerald,6.910783211390178
4,thompson,998,twain,8.076455414295197
4,thompson,998,non_oz_baum,6.343739867210388
4,thompson,998,non_oz_thompson,6.5991644859313965
4,thompson,998,contested,5.3571537733078
4,thompson,999,train,3.424300253391266
4,thompson,999,baum,5.830768346786499
4,thompson,999,thompson,5.528546452522278
4,thompson,999,dickens,7.675731888523808
4,thompson,999,melville,8.346654796600342
4,thompson,999,wells,7.145844459533691
4,thompson,999,austen,7.244891722997029
4,thompson,999,fitzgerald,6.863512436548869
4,thompson,999,twain,8.010931074619293
4,thompson,999,non_oz_baum,6.307189226150513
4,thompson,999,non_oz_thompson,6.56688380241394
4,thompson,999,contested,5.336041569709778
4,thompson,1000,train,3.434516280889511
4,thompson,1000,baum,5.838968873023987
4,thompson,1000,thompson,5.546331524848938
4,thompson,1000,dickens,7.703955014546712
4,thompson,1000,melville,8.367193984985352
4,thompson,1000,wells,7.164236307144165
4,thompson,1000,austen,7.278309027353923
4,thompson,1000,fitzgerald,6.877338647842407
4,thompson,1000,twain,8.027802228927612
4,thompson,1000,non_oz_baum,6.315808773040772
4,thompson,1000,non_oz_thompson,6.579004287719727
4,thompson,1000,contested,5.344237923622131
4,thompson,1001,train,3.4271245896816254
4,thompson,1001,baum,5.840914607048035
4,thompson,1001,thompson,5.543809413909912
4,thompson,1001,dickens,7.707709630330403
4,thompson,1001,melville,8.388122940063477
4,thompson,1001,wells,7.18300473690033
4,thompson,1001,austen,7.287651618321736
4,thompson,1001,fitzgerald,6.883264938990275
4,thompson,1001,twain,8.046850442886353
4,thompson,1001,non_oz_baum,6.325833320617676
4,thompson,1001,non_oz_thompson,6.583503484725952
4,thompson,1001,contested,5.342373013496399
4,thompson,1002,train,3.4203240871429443
4,thompson,1002,baum,5.856155872344971
4,thompson,1002,thompson,5.564781427383423
4,thompson,1002,dickens,7.774740431043837
4,thompson,1002,melville,8.480780410766602
4,thompson,1002,wells,7.237208724021912
4,thompson,1002,austen,7.354720989863078
4,thompson,1002,fitzgerald,6.935807625452678
4,thompson,1002,twain,8.126252114772797
4,thompson,1002,non_oz_baum,6.356038570404053
4,thompson,1002,non_oz_thompson,6.619688987731934
4,thompson,1002,contested,5.36130964756012
4,thompson,1003,train,3.446193128824234
4,thompson,1003,baum,5.841201901435852
4,thompson,1003,thompson,5.544950008392334
4,thompson,1003,dickens,7.674424595303005
4,thompson,1003,melville,8.347438049316406
4,thompson,1003,wells,7.146825432777405
4,thompson,1003,austen,7.264854669570923
4,thompson,1003,fitzgerald,6.8624850908915205
4,thompson,1003,twain,8.01094800233841
4,thompson,1003,non_oz_baum,6.32058048248291
4,thompson,1003,non_oz_thompson,6.574069261550903
4,thompson,1003,contested,5.336410164833069
4,thompson,1004,train,3.4242504239082336
4,thompson,1004,baum,5.853819131851196
4,thompson,1004,thompson,5.5553014278411865
4,thompson,1004,dickens,7.755554446467647
4,thompson,1004,melville,8.430689716339112
4,thompson,1004,wells,7.205016613006592
4,thompson,1004,austen,7.314110358556111
4,thompson,1004,fitzgerald,6.91323725382487
4,thompson,1004,twain,8.084945261478424
4,thompson,1004,non_oz_baum,6.334478735923767
4,thompson,1004,non_oz_thompson,6.614827632904053
4,thompson,1004,contested,5.360967516899109
4,thompson,1005,train,3.386677861213684
4,thompson,1005,baum,5.8305217027664185
4,thompson,1005,thompson,5.5417304039001465
4,thompson,1005,dickens,7.695701298890291
4,thompson,1005,melville,8.374934959411622
4,thompson,1005,wells,7.163763523101807
4,thompson,1005,austen,7.272321780522664
4,thompson,1005,fitzgerald,6.865286032358806
4,thompson,1005,twain,8.035661667585373
4,thompson,1005,non_oz_baum,6.320184111595154
4,thompson,1005,non_oz_thompson,6.579662322998047
4,thompson,1005,contested,5.335812091827393
4,thompson,1006,train,3.4187340140342712
4,thompson,1006,baum,5.821528196334839
4,thompson,1006,thompson,5.532570958137512
4,thompson,1006,dickens,7.708913838421857
4,thompson,1006,melville,8.402012157440186
4,thompson,1006,wells,7.1821393966674805
4,thompson,1006,austen,7.270002047220866
4,thompson,1006,fitzgerald,6.885365962982178
4,thompson,1006,twain,8.048124104738235
4,thompson,1006,non_oz_baum,6.3130799531936646
4,thompson,1006,non_oz_thompson,6.588785886764526
4,thompson,1006,contested,5.338193774223328
4,thompson,1007,train,3.4018695652484894
4,thompson,1007,baum,5.83745002746582
4,thompson,1007,thompson,5.550592303276062
4,thompson,1007,dickens,7.7416266688594115
4,thompson,1007,melville,8.417025089263916
4,thompson,1007,wells,7.1898123025894165
4,thompson,1007,austen,7.308210293451945
4,thompson,1007,fitzgerald,6.8930029074351
4,thompson,1007,twain,8.075024098157883
4,thompson,1007,non_oz_baum,6.327232718467712
4,thompson,1007,non_oz_thompson,6.597613096237183
4,thompson,1007,contested,5.344954371452332
4,thompson,1008,train,3.436371088027954
4,thompson,1008,baum,5.845189332962036
4,thompson,1008,thompson,5.5524001121521
4,thompson,1008,dickens,7.742889898794669
4,thompson,1008,melville,8.435286235809325
4,thompson,1008,wells,7.203882217407227
4,thompson,1008,austen,7.318309307098389
4,thompson,1008,fitzgerald,6.903056859970093
4,thompson,1008,twain,8.073077827692032
4,thompson,1008,non_oz_baum,6.342397212982178
4,thompson,1008,non_oz_thompson,6.604567527770996
4,thompson,1008,contested,5.357921600341797
4,thompson,1009,train,3.4381852746009827
4,thompson,1009,baum,5.848327875137329
4,thompson,1009,thompson,5.55107569694519
4,thompson,1009,dickens,7.717512872483995
4,thompson,1009,melville,8.394554710388183
4,thompson,1009,wells,7.192872881889343
4,thompson,1009,austen,7.306201219558716
4,thompson,1009,fitzgerald,6.884187380472819
4,thompson,1009,twain,8.062152981758118
4,thompson,1009,non_oz_baum,6.335523247718811
4,thompson,1009,non_oz_thompson,6.596343517303467
4,thompson,1009,contested,5.35046648979187
4,thompson,1010,train,3.4006248116493225
4,thompson,1010,baum,5.854692935943604
4,thompson,1010,thompson,5.554565668106079
4,thompson,1010,dickens,7.7787787825972945
4,thompson,1010,melville,8.462839317321777
4,thompson,1010,wells,7.227792382240295
4,thompson,1010,austen,7.344235738118489
4,thompson,1010,fitzgerald,6.929085731506348
4,thompson,1010,twain,8.110258728265762
4,thompson,1010,non_oz_baum,6.35218620300293
4,thompson,1010,non_oz_thompson,6.611649036407471
4,thompson,1010,contested,5.356955051422119
4,thompson,1011,train,3.428454667329788
4,thompson,1011,baum,5.853975057601929
4,thompson,1011,thompson,5.561190962791443
4,thompson,1011,dickens,7.758425765567356
4,thompson,1011,melville,8.43549861907959
4,thompson,1011,wells,7.203250765800476
4,thompson,1011,austen,7.327194770177205
4,thompson,1011,fitzgerald,6.9085244337717695
4,thompson,1011,twain,8.089539110660553
4,thompson,1011,non_oz_baum,6.345934629440308
4,thompson,1011,non_oz_thompson,6.605606317520142
4,thompson,1011,contested,5.351564288139343
4,thompson,1012,train,3.4083515405654907
4,thompson,1012,baum,5.855303883552551
4,thompson,1012,thompson,5.5535266399383545
4,thompson,1012,dickens,7.733398031305383
4,thompson,1012,melville,8.410319423675537
4,thompson,1012,wells,7.20259153842926
4,thompson,1012,austen,7.310031414031982
4,thompson,1012,fitzgerald,6.90338667233785
4,thompson,1012,twain,8.067369252443314
4,thompson,1012,non_oz_baum,6.344115734100342
4,thompson,1012,non_oz_thompson,6.602264404296875
4,thompson,1012,contested,5.352766275405884
4,thompson,1013,train,3.4028806686401367
4,thompson,1013,baum,5.864568114280701
4,thompson,1013,thompson,5.561025977134705
4,thompson,1013,dickens,7.752729610160545
4,thompson,1013,melville,8.436542415618897
4,thompson,1013,wells,7.227794170379639
4,thompson,1013,austen,7.332700252532959
4,thompson,1013,fitzgerald,6.924067417780559
4,thompson,1013,twain,8.093524366617203
4,thompson,1013,non_oz_baum,6.354288578033447
4,thompson,1013,non_oz_thompson,6.613532304763794
4,thompson,1013,contested,5.36445426940918
4,thompson,1014,train,3.4157149493694305
4,thompson,1014,baum,5.86921751499176
4,thompson,1014,thompson,5.567026734352112
4,thompson,1014,dickens,7.765572353645608
4,thompson,1014,melville,8.447548770904541
4,thompson,1014,wells,7.227034568786621
4,thompson,1014,austen,7.349456230799357
4,thompson,1014,fitzgerald,6.923450072606404
4,thompson,1014,twain,8.098988234996796
4,thompson,1014,non_oz_baum,6.360982060432434
4,thompson,1014,non_oz_thompson,6.617691040039063
4,thompson,1014,contested,5.365106225013733
4,thompson,1015,train,3.385888993740082
4,thompson,1015,baum,5.850025057792664
4,thompson,1015,thompson,5.556464672088623
4,thompson,1015,dickens,7.763859819482874
4,thompson,1015,melville,8.433878803253174
4,thompson,1015,wells,7.211522102355957
4,thompson,1015,austen,7.317974328994751
4,thompson,1015,fitzgerald,6.8962602615356445
4,thompson,1015,twain,8.08154246211052
4,thompson,1015,non_oz_baum,6.341081142425537
4,thompson,1015,non_oz_thompson,6.597913980484009
4,thompson,1015,contested,5.346699953079224
4,thompson,1016,train,3.3922317922115326
4,thompson,1016,baum,5.870596885681152
4,thompson,1016,thompson,5.569320559501648
4,thompson,1016,dickens,7.808977003450747
4,thompson,1016,melville,8.501176261901856
4,thompson,1016,wells,7.258994817733765
4,thompson,1016,austen,7.381089925765991
4,thompson,1016,fitzgerald,6.9591686725616455
4,thompson,1016,twain,8.135752320289612
4,thompson,1016,non_oz_baum,6.371751666069031
4,thompson,1016,non_oz_thompson,6.6427836418151855
4,thompson,1016,contested,5.376538038253784
4,thompson,1017,train,3.3977836668491364
4,thompson,1017,baum,5.849810242652893
4,thompson,1017,thompson,5.55379331111908
4,thompson,1017,dickens,7.736281624546757
4,thompson,1017,melville,8.427647304534911
4,thompson,1017,wells,7.1882535219192505
4,thompson,1017,austen,7.310404539108276
4,thompson,1017,fitzgerald,6.898913462956746
4,thompson,1017,twain,8.070374548435211
4,thompson,1017,non_oz_baum,6.342241168022156
4,thompson,1017,non_oz_thompson,6.5959389209747314
4,thompson,1017,contested,5.356156706809998
4,thompson,1018,train,3.40174213051796
4,thompson,1018,baum,5.866429209709168
4,thompson,1018,thompson,5.580925345420837
4,thompson,1018,dickens,7.751576547269468
4,thompson,1018,melville,8.443491649627685
4,thompson,1018,wells,7.212204337120056
4,thompson,1018,austen,7.339112122853597
4,thompson,1018,fitzgerald,6.917805830637614
4,thompson,1018,twain,8.084961503744125
4,thompson,1018,non_oz_baum,6.368099331855774
4,thompson,1018,non_oz_thompson,6.611847877502441
4,thompson,1018,contested,5.372003555297852
4,thompson,1019,train,3.416649281978607
4,thompson,1019,baum,5.8505470752716064
4,thompson,1019,thompson,5.55535614490509
4,thompson,1019,dickens,7.767582186946162
4,thompson,1019,melville,8.462337684631347
4,thompson,1019,wells,7.217563629150391
4,thompson,1019,austen,7.329842646916707
4,thompson,1019,fitzgerald,6.918947299321492
4,thompson,1019,twain,8.098006784915924
4,thompson,1019,non_oz_baum,6.344457983970642
4,thompson,1019,non_oz_thompson,6.613736867904663
4,thompson,1019,contested,5.358787417411804
4,thompson,1020,train,3.392486184835434
4,thompson,1020,baum,5.856448531150818
4,thompson,1020,thompson,5.550867199897766
4,thompson,1020,dickens,7.74835674851029
4,thompson,1020,melville,8.419967460632325
4,thompson,1020,wells,7.194068312644959
4,thompson,1020,austen,7.326985279719035
4,thompson,1020,fitzgerald,6.915365934371948
4,thompson,1020,twain,8.078965336084366
4,thompson,1020,non_oz_baum,6.349030613899231
4,thompson,1020,non_oz_thompson,6.606991291046143
4,thompson,1020,contested,5.353752017021179
4,thompson,1021,train,3.3924381136894226
4,thompson,1021,baum,5.853198289871216
4,thompson,1021,thompson,5.55164361000061
4,thompson,1021,dickens,7.717812838377775
4,thompson,1021,melville,8.401243305206298
4,thompson,1021,wells,7.187317132949829
4,thompson,1021,austen,7.293824752171834
4,thompson,1021,fitzgerald,6.897881428400676
4,thompson,1021,twain,8.052599668502808
4,thompson,1021,non_oz_baum,6.339257001876831
4,thompson,1021,non_oz_thompson,6.595876216888428
4,thompson,1021,contested,5.351117849349976
4,thompson,1022,train,3.394227415323257
4,thompson,1022,baum,5.88872230052948
4,thompson,1022,thompson,5.578903317451477
4,thompson,1022,dickens,7.804992463853624
4,thompson,1022,melville,8.517724704742431
4,thompson,1022,wells,7.26152491569519
4,thompson,1022,austen,7.374193429946899
4,thompson,1022,fitzgerald,6.970422983169556
4,thompson,1022,twain,8.141006767749786
4,thompson,1022,non_oz_baum,6.3884981870651245
4,thompson,1022,non_oz_thompson,6.6362621784210205
4,thompson,1022,contested,5.387925148010254
4,thompson,1023,train,3.4164871871471405
4,thompson,1023,baum,5.861584782600403
4,thompson,1023,thompson,5.552199006080627
4,thompson,1023,dickens,7.763395062199345
4,thompson,1023,melville,8.460138416290283
4,thompson,1023,wells,7.213430523872375
4,thompson,1023,austen,7.334060589472453
4,thompson,1023,fitzgerald,6.927124102910359
4,thompson,1023,twain,8.100717931985855
4,thompson,1023,non_oz_baum,6.346823811531067
4,thompson,1023,non_oz_thompson,6.605858325958252
4,thompson,1023,contested,5.364229917526245
4,thompson,1024,train,3.403363287448883
4,thompson,1024,baum,5.847311019897461
4,thompson,1024,thompson,5.549405574798584
4,thompson,1024,dickens,7.738523024099845
4,thompson,1024,melville,8.4234188079834
4,thompson,1024,wells,7.187297582626343
4,thompson,1024,austen,7.307634274164836
4,thompson,1024,fitzgerald,6.895407597223918
4,thompson,1024,twain,8.058476209640503
4,thompson,1024,non_oz_baum,6.332510471343994
4,thompson,1024,non_oz_thompson,6.595264196395874
4,thompson,1024,contested,5.350108027458191
4,thompson,1025,train,3.3952770233154297
4,thompson,1025,baum,5.872774243354797
4,thompson,1025,thompson,5.558787345886231
4,thompson,1025,dickens,7.814114482314499
4,thompson,1025,melville,8.49891710281372
4,thompson,1025,wells,7.241899609565735
4,thompson,1025,austen,7.37085747718811
4,thompson,1025,fitzgerald,6.941175063451131
4,thompson,1025,twain,8.140353292226791
4,thompson,1025,non_oz_baum,6.36549711227417
4,thompson,1025,non_oz_thompson,6.6244425773620605
4,thompson,1025,contested,5.371092081069946
4,thompson,1026,train,3.39603728055954
4,thompson,1026,baum,5.860683560371399
4,thompson,1026,thompson,5.557509779930115
4,thompson,1026,dickens,7.776964964690031
4,thompson,1026,melville,8.462071132659911
4,thompson,1026,wells,7.218073964118957
4,thompson,1026,austen,7.337997039159139
4,thompson,1026,fitzgerald,6.930767854054769
4,thompson,1026,twain,8.108062535524368
4,thompson,1026,non_oz_baum,6.351495027542114
4,thompson,1026,non_oz_thompson,6.620580434799194
4,thompson,1026,contested,5.367311239242554
4,thompson,1027,train,3.366668075323105
4,thompson,1027,baum,5.849664688110352
4,thompson,1027,thompson,5.535321950912476
4,thompson,1027,dickens,7.733653174506293
4,thompson,1027,melville,8.424788475036621
4,thompson,1027,wells,7.190381169319153
4,thompson,1027,austen,7.300725062688191
4,thompson,1027,fitzgerald,6.895798126856486
4,thompson,1027,twain,8.073100686073303
4,thompson,1027,non_oz_baum,6.337052941322327
4,thompson,1027,non_oz_thompson,6.600292205810547
4,thompson,1027,contested,5.350928068161011
4,thompson,1028,train,3.408609867095948
4,thompson,1028,baum,5.8573044538497925
4,thompson,1028,thompson,5.546343326568604
4,thompson,1028,dickens,7.735311243269178
4,thompson,1028,melville,8.40456771850586
4,thompson,1028,wells,7.188502550125122
4,thompson,1028,austen,7.304689804712932
4,thompson,1028,fitzgerald,6.900101900100708
4,thompson,1028,twain,8.064251035451889
4,thompson,1028,non_oz_baum,6.34357476234436
4,thompson,1028,non_oz_thompson,6.602789402008057
4,thompson,1028,contested,5.360065221786499
4,thompson,1029,train,3.4014829993247986
4,thompson,1029,baum,5.865835905075073
4,thompson,1029,thompson,5.561366081237793
4,thompson,1029,dickens,7.795035538850008
4,thompson,1029,melville,8.468211841583251
4,thompson,1029,wells,7.232032775878906
4,thompson,1029,austen,7.347981135050456
4,thompson,1029,fitzgerald,6.931353171666463
4,thompson,1029,twain,8.12339249253273
4,thompson,1029,non_oz_baum,6.357964873313904
4,thompson,1029,non_oz_thompson,6.619534492492676
4,thompson,1029,contested,5.370485067367554
4,thompson,1030,train,3.3932517766952515
4,thompson,1030,baum,5.860459089279175
4,thompson,1030,thompson,5.556528210639954
4,thompson,1030,dickens,7.758498703991925
4,thompson,1030,melville,8.436087322235107
4,thompson,1030,wells,7.207850337028503
4,thompson,1030,austen,7.321333885192871
4,thompson,1030,fitzgerald,6.907836198806763
4,thompson,1030,twain,8.08140280842781
4,thompson,1030,non_oz_baum,6.34791111946106
4,thompson,1030,non_oz_thompson,6.607011079788208
4,thompson,1030,contested,5.359307050704956
4,thompson,1031,train,3.3828893899917603
4,thompson,1031,baum,5.876214504241943
4,thompson,1031,thompson,5.563623547554016
4,thompson,1031,dickens,7.799853483835856
4,thompson,1031,melville,8.497536849975585
4,thompson,1031,wells,7.257272124290466
4,thompson,1031,austen,7.365967988967895
4,thompson,1031,fitzgerald,6.956369956334432
4,thompson,1031,twain,8.132441341876984
4,thompson,1031,non_oz_baum,6.378042936325073
4,thompson,1031,non_oz_thompson,6.636717081069946
4,thompson,1031,contested,5.379757761955261
4,thompson,1032,train,3.3780111372470856
4,thompson,1032,baum,5.883764743804932
4,thompson,1032,thompson,5.5653462409973145
4,thompson,1032,dickens,7.821749881461814
4,thompson,1032,melville,8.530770206451416
4,thompson,1032,wells,7.286413908004761
4,thompson,1032,austen,7.400710423787435
4,thompson,1032,fitzgerald,6.971271912256877
4,thompson,1032,twain,8.17000961303711
4,thompson,1032,non_oz_baum,6.385580658912659
4,thompson,1032,non_oz_thompson,6.646067142486572
4,thompson,1032,contested,5.382007956504822
4,thompson,1033,train,3.37814724445343
4,thompson,1033,baum,5.866008877754211
4,thompson,1033,thompson,5.557441234588623
4,thompson,1033,dickens,7.767346717693187
4,thompson,1033,melville,8.482072257995606
4,thompson,1033,wells,7.231029033660889
4,thompson,1033,austen,7.336210409800212
4,thompson,1033,fitzgerald,6.931318203608195
4,thompson,1033,twain,8.106384634971619
4,thompson,1033,non_oz_baum,6.366034269332886
4,thompson,1033,non_oz_thompson,6.619466543197632
4,thompson,1033,contested,5.368543863296509
4,thompson,1034,train,3.3708555102348328
4,thompson,1034,baum,5.880669236183167
4,thompson,1034,thompson,5.571546196937561
4,thompson,1034,dickens,7.76929290206344
4,thompson,1034,melville,8.46861753463745
4,thompson,1034,wells,7.238738298416138
4,thompson,1034,austen,7.353432655334473
4,thompson,1034,fitzgerald,6.941165606180827
4,thompson,1034,twain,8.103786677122116
4,thompson,1034,non_oz_baum,6.381078481674194
4,thompson,1034,non_oz_thompson,6.624843120574951
4,thompson,1034,contested,5.379313111305237
4,thompson,1035,train,3.3819867968559265
4,thompson,1035,baum,5.889267444610596
4,thompson,1035,thompson,5.578624367713928
4,thompson,1035,dickens,7.789918669947871
4,thompson,1035,melville,8.519597339630128
4,thompson,1035,wells,7.272830128669739
4,thompson,1035,austen,7.376235564549764
4,thompson,1035,fitzgerald,6.961729923884074
4,thompson,1035,twain,8.14638552069664
4,thompson,1035,non_oz_baum,6.397671699523926
4,thompson,1035,non_oz_thompson,6.638227224349976
4,thompson,1035,contested,5.392158150672913
4,thompson,1036,train,3.3947053253650665
4,thompson,1036,baum,5.8714683055877686
4,thompson,1036,thompson,5.556638479232788
4,thompson,1036,dickens,7.723704073164198
4,thompson,1036,melville,8.414466285705567
4,thompson,1036,wells,7.1922783851623535
4,thompson,1036,austen,7.321999152501424
4,thompson,1036,fitzgerald,6.908128182093303
4,thompson,1036,twain,8.061614394187927
4,thompson,1036,non_oz_baum,6.360470414161682
4,thompson,1036,non_oz_thompson,6.602574825286865
4,thompson,1036,contested,5.364380121231079
4,thompson,1037,train,3.3748972415924072
4,thompson,1037,baum,5.873835921287537
4,thompson,1037,thompson,5.5569669008255005
4,thompson,1037,dickens,7.764366485454418
4,thompson,1037,melville,8.45167942047119
4,thompson,1037,wells,7.216551065444946
4,thompson,1037,austen,7.3427574634552
4,thompson,1037,fitzgerald,6.9388415813446045
4,thompson,1037,twain,8.101998060941696
4,thompson,1037,non_oz_baum,6.3646169900894165
4,thompson,1037,non_oz_thompson,6.626424551010132
4,thompson,1037,contested,5.37263298034668
4,thompson,1038,train,3.386864334344864
4,thompson,1038,baum,5.882162690162659
4,thompson,1038,thompson,5.566743016242981
4,thompson,1038,dickens,7.773971486974646
4,thompson,1038,melville,8.469544219970704
4,thompson,1038,wells,7.232815504074097
4,thompson,1038,austen,7.360556205113728
4,thompson,1038,fitzgerald,6.950813213984172
4,thompson,1038,twain,8.11319038271904
4,thompson,1038,non_oz_baum,6.372697949409485
4,thompson,1038,non_oz_thompson,6.630640029907227
4,thompson,1038,contested,5.374224781990051
4,thompson,1039,train,3.381764590740204
4,thompson,1039,baum,5.880316734313965
4,thompson,1039,thompson,5.570702910423279
4,thompson,1039,dickens,7.780445434429027
4,thompson,1039,melville,8.476679611206055
4,thompson,1039,wells,7.232644438743591
4,thompson,1039,austen,7.366017977396647
4,thompson,1039,fitzgerald,6.944476127624512
4,thompson,1039,twain,8.118307620286942
4,thompson,1039,non_oz_baum,6.374027132987976
4,thompson,1039,non_oz_thompson,6.627586603164673
4,thompson,1039,contested,5.377347826957703
4,thompson,1040,train,3.3735039830207825
4,thompson,1040,baum,5.883107423782349
4,thompson,1040,thompson,5.573625445365906
4,thompson,1040,dickens,7.776708055425574
4,thompson,1040,melville,8.487454319000244
4,thompson,1040,wells,7.2317904233932495
4,thompson,1040,austen,7.357170343399048
4,thompson,1040,fitzgerald,6.938441117604573
4,thompson,1040,twain,8.11730083823204
4,thompson,1040,non_oz_baum,6.37513792514801
4,thompson,1040,non_oz_thompson,6.626358509063721
4,thompson,1040,contested,5.3809967041015625
4,thompson,1041,train,3.3438827097415924
4,thompson,1041,baum,5.891709804534912
4,thompson,1041,thompson,5.579445242881775
4,thompson,1041,dickens,7.782755622157344
4,thompson,1041,melville,8.479617309570312
4,thompson,1041,wells,7.232547879219055
4,thompson,1041,austen,7.356679439544678
4,thompson,1041,fitzgerald,6.947779496510823
4,thompson,1041,twain,8.11837437748909
4,thompson,1041,non_oz_baum,6.382545828819275
4,thompson,1041,non_oz_thompson,6.635576963424683
4,thompson,1041,contested,5.383194088935852
4,thompson,1042,train,3.3537984788417816
4,thompson,1042,baum,5.877216219902039
4,thompson,1042,thompson,5.56483006477356
4,thompson,1042,dickens,7.731663597954644
4,thompson,1042,melville,8.433772945404053
4,thompson,1042,wells,7.196452975273132
4,thompson,1042,austen,7.321784098943074
4,thompson,1042,fitzgerald,6.917474190394084
4,thompson,1042,twain,8.0788055062294
4,thompson,1042,non_oz_baum,6.366316676139832
4,thompson,1042,non_oz_thompson,6.617833614349365
4,thompson,1042,contested,5.363017320632935
4,thompson,1043,train,3.362330019474029
4,thompson,1043,baum,5.893321514129639
4,thompson,1043,thompson,5.583407998085022
4,thompson,1043,dickens,7.81661895469383
4,thompson,1043,melville,8.528869438171387
4,thompson,1043,wells,7.261956334114075
4,thompson,1043,austen,7.403334538141887
4,thompson,1043,fitzgerald,6.970015048980713
4,thompson,1043,twain,8.161371111869812
4,thompson,1043,non_oz_baum,6.399369597434998
4,thompson,1043,non_oz_thompson,6.651451110839844
4,thompson,1043,contested,5.386549592018127
4,thompson,1044,train,3.355767458677292
4,thompson,1044,baum,5.888877630233765
4,thompson,1044,thompson,5.56254780292511
4,thompson,1044,dickens,7.791711295092547
4,thompson,1044,melville,8.46533784866333
4,thompson,1044,wells,7.220235109329224
4,thompson,1044,austen,7.360758860905965
4,thompson,1044,fitzgerald,6.939566850662232
4,thompson,1044,twain,8.115080416202545
4,thompson,1044,non_oz_baum,6.377197504043579
4,thompson,1044,non_oz_thompson,6.629981994628906
4,thompson,1044,contested,5.3789660930633545
4,thompson,1045,train,3.361673384904861
4,thompson,1045,baum,5.8997732400894165
4,thompson,1045,thompson,5.580690264701843
4,thompson,1045,dickens,7.820800551661739
4,thompson,1045,melville,8.530889511108398
4,thompson,1045,wells,7.268075108528137
4,thompson,1045,austen,7.410233815511067
4,thompson,1045,fitzgerald,6.978313843409221
4,thompson,1045,twain,8.159254848957062
4,thompson,1045,non_oz_baum,6.40497088432312
4,thompson,1045,non_oz_thompson,6.645442008972168
4,thompson,1045,contested,5.394310235977173
4,thompson,1046,train,3.3787085115909576
4,thompson,1046,baum,5.921692132949829
4,thompson,1046,thompson,5.60292661190033
4,thompson,1046,dickens,7.839756612424497
4,thompson,1046,melville,8.559941291809082
4,thompson,1046,wells,7.290595889091492
4,thompson,1046,austen,7.438875118891398
4,thompson,1046,fitzgerald,7.0038613478342695
4,thompson,1046,twain,8.195859879255295
4,thompson,1046,non_oz_baum,6.429705381393433
4,thompson,1046,non_oz_thompson,6.67365837097168
4,thompson,1046,contested,5.411576151847839
4,thompson,1047,train,3.3620287477970123
4,thompson,1047,baum,5.894534349441528
4,thompson,1047,thompson,5.585359334945679
4,thompson,1047,dickens,7.800423233597367
4,thompson,1047,melville,8.501930904388427
4,thompson,1047,wells,7.244736671447754
4,thompson,1047,austen,7.373363256454468
4,thompson,1047,fitzgerald,6.9530664285024
4,thompson,1047,twain,8.129570335149765
4,thompson,1047,non_oz_baum,6.394864082336426
4,thompson,1047,non_oz_thompson,6.64586329460144
4,thompson,1047,contested,5.394549489021301
4,thompson,1048,train,3.335863649845124
4,thompson,1048,baum,5.897046208381653
4,thompson,1048,thompson,5.590065717697144
4,thompson,1048,dickens,7.810948884045636
4,thompson,1048,melville,8.50811128616333
4,thompson,1048,wells,7.255103707313538
4,thompson,1048,austen,7.386734485626221
4,thompson,1048,fitzgerald,6.960332711537679
4,thompson,1048,twain,8.140976130962372
4,thompson,1048,non_oz_baum,6.392903566360474
4,thompson,1048,non_oz_thompson,6.647559881210327
4,thompson,1048,contested,5.395610332489014
4,thompson,1049,train,3.345387458801269
4,thompson,1049,baum,5.890552639961243
4,thompson,1049,thompson,5.571882247924805
4,thompson,1049,dickens,7.7741011690210415
4,thompson,1049,melville,8.460048389434814
4,thompson,1049,wells,7.224359750747681
4,thompson,1049,austen,7.36592157681783
4,thompson,1049,fitzgerald,6.93610413869222
4,thompson,1049,twain,8.117907702922821
4,thompson,1049,non_oz_baum,6.377933382987976
4,thompson,1049,non_oz_thompson,6.638394117355347
4,thompson,1049,contested,5.383866429328919
4,thompson,1050,train,3.3618800342082977
4,thompson,1050,baum,5.900290131568909
4,thompson,1050,thompson,5.578569769859314
4,thompson,1050,dickens,7.782921296578866
4,thompson,1050,melville,8.494361400604248
4,thompson,1050,wells,7.24306333065033
4,thompson,1050,austen,7.387060483296712
4,thompson,1050,fitzgerald,6.9694333871205645
4,thompson,1050,twain,8.134880155324936
4,thompson,1050,non_oz_baum,6.3921040296554565
4,thompson,1050,non_oz_thompson,6.64652943611145
4,thompson,1050,contested,5.394304394721985
4,thompson,1051,train,3.3447505235672
4,thompson,1051,baum,5.899008274078369
4,thompson,1051,thompson,5.5845136642456055
4,thompson,1051,dickens,7.789786903946488
4,thompson,1051,melville,8.504496097564697
4,thompson,1051,wells,7.255262136459351
4,thompson,1051,austen,7.389656225840251
4,thompson,1051,fitzgerald,6.966981252034505
4,thompson,1051,twain,8.14772155880928
4,thompson,1051,non_oz_baum,6.402572274208069
4,thompson,1051,non_oz_thompson,6.650751352310181
4,thompson,1051,contested,5.393921613693237
4,thompson,1052,train,3.3502610325813293
4,thompson,1052,baum,5.890848636627197
4,thompson,1052,thompson,5.5720603466033936
4,thompson,1052,dickens,7.798764493730333
4,thompson,1052,melville,8.49787254333496
4,thompson,1052,wells,7.243672728538513
4,thompson,1052,austen,7.377060572306315
4,thompson,1052,fitzgerald,6.95136038462321
4,thompson,1052,twain,8.146863430738449
4,thompson,1052,non_oz_baum,6.376492023468018
4,thompson,1052,non_oz_thompson,6.645775318145752
4,thompson,1052,contested,5.380924701690674
4,thompson,1053,train,3.33793380856514
4,thompson,1053,baum,5.890354514122009
4,thompson,1053,thompson,5.575054049491882
4,thompson,1053,dickens,7.804728207764803
4,thompson,1053,melville,8.501425743103027
4,thompson,1053,wells,7.246103167533874
4,thompson,1053,austen,7.377237558364868
4,thompson,1053,fitzgerald,6.9536270300547285
4,thompson,1053,twain,8.13727131485939
4,thompson,1053,non_oz_baum,6.389580607414246
4,thompson,1053,non_oz_thompson,6.6421661376953125
4,thompson,1053,contested,5.3918890953063965
4,thompson,1054,train,3.340885907411576
4,thompson,1054,baum,5.899630069732666
4,thompson,1054,thompson,5.585301399230957
4,thompson,1054,dickens,7.822911545082375
4,thompson,1054,melville,8.537615013122558
4,thompson,1054,wells,7.262104511260986
4,thompson,1054,austen,7.399242242177327
4,thompson,1054,fitzgerald,6.965080579121907
4,thompson,1054,twain,8.170995324850082
4,thompson,1054,non_oz_baum,6.405219554901123
4,thompson,1054,non_oz_thompson,6.649801254272461
4,thompson,1054,contested,5.400405406951904
4,thompson,1055,train,3.3317779302597046
4,thompson,1055,baum,5.892725348472595
4,thompson,1055,thompson,5.579877018928528
4,thompson,1055,dickens,7.761036925845676
4,thompson,1055,melville,8.46513910293579
4,thompson,1055,wells,7.2130879163742065
4,thompson,1055,austen,7.348984479904175
4,thompson,1055,fitzgerald,6.929457028706868
4,thompson,1055,twain,8.093395978212357
4,thompson,1055,non_oz_baum,6.382702589035034
4,thompson,1055,non_oz_thompson,6.629778146743774
4,thompson,1055,contested,5.380415439605713
4,thompson,1056,train,3.354714035987854
4,thompson,1056,baum,5.918193340301514
4,thompson,1056,thompson,5.604245662689209
4,thompson,1056,dickens,7.831440007245099
4,thompson,1056,melville,8.545421409606934
4,thompson,1056,wells,7.272047638893127
4,thompson,1056,austen,7.42351500193278
4,thompson,1056,fitzgerald,6.994676907857259
4,thompson,1056,twain,8.169124841690063
4,thompson,1056,non_oz_baum,6.413492441177368
4,thompson,1056,non_oz_thompson,6.671145439147949
4,thompson,1056,contested,5.405424118041992
4,thompson,1057,train,3.367261528968811
4,thompson,1057,baum,5.902385115623474
4,thompson,1057,thompson,5.5852638483047485
4,thompson,1057,dickens,7.834848015396683
4,thompson,1057,melville,8.527390956878662
4,thompson,1057,wells,7.263151288032532
4,thompson,1057,austen,7.401587724685669
4,thompson,1057,fitzgerald,6.981580893198649
4,thompson,1057,twain,8.162983655929565
4,thompson,1057,non_oz_baum,6.397568941116333
4,thompson,1057,non_oz_thompson,6.666247606277466
4,thompson,1057,contested,5.396833062171936
4,thompson,1058,train,3.340335428714752
4,thompson,1058,baum,5.905804634094238
4,thompson,1058,thompson,5.586002469062805
4,thompson,1058,dickens,7.830405659145779
4,thompson,1058,melville,8.552563953399659
4,thompson,1058,wells,7.268256425857544
4,thompson,1058,austen,7.400649388631185
4,thompson,1058,fitzgerald,6.9738584359486895
4,thompson,1058,twain,8.167366534471512
4,thompson,1058,non_oz_baum,6.406373023986816
4,thompson,1058,non_oz_thompson,6.652862071990967
4,thompson,1058,contested,5.403192400932312
4,thompson,1059,train,3.3494493663311005
4,thompson,1059,baum,5.921205639839172
4,thompson,1059,thompson,5.6043301820755005
4,thompson,1059,dickens,7.879757510291205
4,thompson,1059,melville,8.59201955795288
4,thompson,1059,wells,7.307324409484863
4,thompson,1059,austen,7.451933860778809
4,thompson,1059,fitzgerald,7.009207487106323
4,thompson,1059,twain,8.216728627681732
4,thompson,1059,non_oz_baum,6.429027676582336
4,thompson,1059,non_oz_thompson,6.6825714111328125
4,thompson,1059,contested,5.41067373752594
4,thompson,1060,train,3.317526340484619
4,thompson,1060,baum,5.9196085929870605
4,thompson,1060,thompson,5.602742910385132
4,thompson,1060,dickens,7.8761972144798
4,thompson,1060,melville,8.607734203338623
4,thompson,1060,wells,7.321244359016418
4,thompson,1060,austen,7.454647858937581
4,thompson,1060,fitzgerald,7.016080141067505
4,thompson,1060,twain,8.217556804418564
4,thompson,1060,non_oz_baum,6.436859726905823
4,thompson,1060,non_oz_thompson,6.683171033859253
4,thompson,1060,contested,5.415879964828491
4,thompson,1061,train,3.3418196737766266
4,thompson,1061,baum,5.917954802513123
4,thompson,1061,thompson,5.596269845962524
4,thompson,1061,dickens,7.863531377580431
4,thompson,1061,melville,8.569000053405762
4,thompson,1061,wells,7.282670736312866
4,thompson,1061,austen,7.428638617197673
4,thompson,1061,fitzgerald,6.998121817906697
4,thompson,1061,twain,8.204088002443314
4,thompson,1061,non_oz_baum,6.4214547872543335
4,thompson,1061,non_oz_thompson,6.675175428390503
4,thompson,1061,contested,5.412193536758423
4,thompson,1062,train,3.330556124448776
4,thompson,1062,baum,5.926717281341553
4,thompson,1062,thompson,5.601089835166931
4,thompson,1062,dickens,7.864127282743101
4,thompson,1062,melville,8.585336780548095
4,thompson,1062,wells,7.304630994796753
4,thompson,1062,austen,7.437994241714477
4,thompson,1062,fitzgerald,7.019458691279094
4,thompson,1062,twain,8.201256543397903
4,thompson,1062,non_oz_baum,6.43464207649231
4,thompson,1062,non_oz_thompson,6.685806751251221
4,thompson,1062,contested,5.425154566764832
4,thompson,1063,train,3.3050825893878937
4,thompson,1063,baum,5.922542572021484
4,thompson,1063,thompson,5.600921154022217
4,thompson,1063,dickens,7.881119498500118
4,thompson,1063,melville,8.591726970672607
4,thompson,1063,wells,7.307314872741699
4,thompson,1063,austen,7.436897357304891
4,thompson,1063,fitzgerald,7.001254002253215
4,thompson,1063,twain,8.22007566690445
4,thompson,1063,non_oz_baum,6.427358984947205
4,thompson,1063,non_oz_thompson,6.683342218399048
4,thompson,1063,contested,5.411215305328369
4,thompson,1064,train,3.3302925527095795
4,thompson,1064,baum,5.906198740005493
4,thompson,1064,thompson,5.587258338928223
4,thompson,1064,dickens,7.844588809543186
4,thompson,1064,melville,8.54124412536621
4,thompson,1064,wells,7.263401031494141
4,thompson,1064,austen,7.398578723271687
4,thompson,1064,fitzgerald,6.983860572179158
4,thompson,1064,twain,8.168804407119751
4,thompson,1064,non_oz_baum,6.409282803535461
4,thompson,1064,non_oz_thompson,6.660905599594116
4,thompson,1064,contested,5.403953433036804
4,thompson,1065,train,3.334473639726639
4,thompson,1065,baum,5.934583783149719
4,thompson,1065,thompson,5.601116299629211
4,thompson,1065,dickens,7.892341437163176
4,thompson,1065,melville,8.613051700592042
4,thompson,1065,wells,7.326391577720642
4,thompson,1065,austen,7.471129258473714
4,thompson,1065,fitzgerald,7.031148195266724
4,thompson,1065,twain,8.23863434791565
4,thompson,1065,non_oz_baum,6.446911573410034
4,thompson,1065,non_oz_thompson,6.695964336395264
4,thompson,1065,contested,5.419193506240845
4,thompson,1066,train,3.3233197033405304
4,thompson,1066,baum,5.926029205322266
4,thompson,1066,thompson,5.604987382888794
4,thompson,1066,dickens,7.873700671725803
4,thompson,1066,melville,8.58962869644165
4,thompson,1066,wells,7.301823854446411
4,thompson,1066,austen,7.45468274752299
4,thompson,1066,fitzgerald,7.01054851214091
4,thompson,1066,twain,8.210768818855286
4,thompson,1066,non_oz_baum,6.435110092163086
4,thompson,1066,non_oz_thompson,6.680243968963623
4,thompson,1066,contested,5.416720986366272
4,thompson,1067,train,3.3191143572330475
4,thompson,1067,baum,5.953227519989014
4,thompson,1067,thompson,5.630609035491943
4,thompson,1067,dickens,7.925801983586064
4,thompson,1067,melville,8.661802387237548
4,thompson,1067,wells,7.358340382575989
4,thompson,1067,austen,7.519304116566976
4,thompson,1067,fitzgerald,7.0777943929036455
4,thompson,1067,twain,8.281726628541946
4,thompson,1067,non_oz_baum,6.464431524276733
4,thompson,1067,non_oz_thompson,6.72138786315918
4,thompson,1067,contested,5.438087582588196
4,thompson,1068,train,3.344718098640442
4,thompson,1068,baum,5.941868901252747
4,thompson,1068,thompson,5.61091685295105
4,thompson,1068,dickens,7.901309472543222
4,thompson,1068,melville,8.644361782073975
4,thompson,1068,wells,7.340609908103943
4,thompson,1068,austen,7.484459559122722
4,thompson,1068,fitzgerald,7.046554724375407
4,thompson,1068,twain,8.252219051122665
4,thompson,1068,non_oz_baum,6.452537894248962
4,thompson,1068,non_oz_thompson,6.701922416687012
4,thompson,1068,contested,5.434124708175659
4,thompson,1069,train,3.3242547810077667
4,thompson,1069,baum,5.947668075561523
4,thompson,1069,thompson,5.632720112800598
4,thompson,1069,dickens,7.897171762254503
4,thompson,1069,melville,8.630234622955323
4,thompson,1069,wells,7.350476145744324
4,thompson,1069,austen,7.493772109349568
4,thompson,1069,fitzgerald,7.059985160827637
4,thompson,1069,twain,8.253403782844543
4,thompson,1069,non_oz_baum,6.469219088554382
4,thompson,1069,non_oz_thompson,6.703286409378052
4,thompson,1069,contested,5.43730902671814
4,thompson,1070,train,3.3211469054222107
4,thompson,1070,baum,5.912854313850403
4,thompson,1070,thompson,5.595386028289795
4,thompson,1070,dickens,7.84018106813784
4,thompson,1070,melville,8.546552848815917
4,thompson,1070,wells,7.284637451171875
4,thompson,1070,austen,7.414043664932251
4,thompson,1070,fitzgerald,6.999239683151245
4,thompson,1070,twain,8.178458154201508
4,thompson,1070,non_oz_baum,6.424099087715149
4,thompson,1070,non_oz_thompson,6.663409948348999
4,thompson,1070,contested,5.403616666793823
4,thompson,1071,train,3.316441088914871
4,thompson,1071,baum,5.934927940368652
4,thompson,1071,thompson,5.60372805595398
4,thompson,1071,dickens,7.892724990844727
4,thompson,1071,melville,8.620989131927491
4,thompson,1071,wells,7.336505770683289
4,thompson,1071,austen,7.483206113179524
4,thompson,1071,fitzgerald,7.043004115422566
4,thompson,1071,twain,8.246582686901093
4,thompson,1071,non_oz_baum,6.4478760957717896
4,thompson,1071,non_oz_thompson,6.703755617141724
4,thompson,1071,contested,5.419519305229187
4,thompson,1072,train,3.314474284648896
4,thompson,1072,baum,5.958550214767456
4,thompson,1072,thompson,5.63179874420166
4,thompson,1072,dickens,7.929780571549027
4,thompson,1072,melville,8.670925045013428
4,thompson,1072,wells,7.364891648292541
4,thompson,1072,austen,7.524566253026326
4,thompson,1072,fitzgerald,7.069166262944539
4,thompson,1072,twain,8.280276149511337
4,thompson,1072,non_oz_baum,6.474112272262573
4,thompson,1072,non_oz_thompson,6.724720001220703
4,thompson,1072,contested,5.448395252227783
4,thompson,1073,train,3.311786353588104
4,thompson,1073,baum,5.923346638679504
4,thompson,1073,thompson,5.589800119400024
4,thompson,1073,dickens,7.847500253606726
4,thompson,1073,melville,8.55590887069702
4,thompson,1073,wells,7.293363809585571
4,thompson,1073,austen,7.43112317721049
4,thompson,1073,fitzgerald,7.005926609039307
4,thompson,1073,twain,8.186392456293106
4,thompson,1073,non_oz_baum,6.428158283233643
4,thompson,1073,non_oz_thompson,6.68065357208252
4,thompson,1073,contested,5.414632201194763
4,thompson,1074,train,3.317071557044983
4,thompson,1074,baum,5.930517077445984
4,thompson,1074,thompson,5.59773063659668
4,thompson,1074,dickens,7.86920851248282
4,thompson,1074,melville,8.576684379577637
4,thompson,1074,wells,7.296266317367554
4,thompson,1074,austen,7.435448884963989
4,thompson,1074,fitzgerald,7.0145368576049805
4,thompson,1074,twain,8.208869189023972
4,thompson,1074,non_oz_baum,6.433560490608215
4,thompson,1074,non_oz_thompson,6.6873779296875
4,thompson,1074,contested,5.417559385299683
4,thompson,1075,train,3.3130021393299103
4,thompson,1075,baum,5.956928610801697
4,thompson,1075,thompson,5.612146258354187
4,thompson,1075,dickens,7.903822704597756
4,thompson,1075,melville,8.632421875
4,thompson,1075,wells,7.33579695224762
4,thompson,1075,austen,7.502330780029297
4,thompson,1075,fitzgerald,7.046154181162517
4,thompson,1075,twain,8.253568083047867
4,thompson,1075,non_oz_baum,6.469049692153931
4,thompson,1075,non_oz_thompson,6.707812309265137
4,thompson,1075,contested,5.438273906707764
4,thompson,1076,train,3.303848326206208
4,thompson,1076,baum,5.936925292015076
4,thompson,1076,thompson,5.595574140548706
4,thompson,1076,dickens,7.892455683814155
4,thompson,1076,melville,8.608105659484863
4,thompson,1076,wells,7.330528259277344
4,thompson,1076,austen,7.4710986614227295
4,thompson,1076,fitzgerald,7.0315620104471845
4,thompson,1076,twain,8.24038952589035
4,thompson,1076,non_oz_baum,6.450315713882446
4,thompson,1076,non_oz_thompson,6.70035982131958
4,thompson,1076,contested,5.4239606857299805
4,thompson,1077,train,3.3043231070041656
4,thompson,1077,baum,5.953283429145813
4,thompson,1077,thompson,5.6132811307907104
4,thompson,1077,dickens,7.940725626768889
4,thompson,1077,melville,8.659170246124267
4,thompson,1077,wells,7.373357653617859
4,thompson,1077,austen,7.516466856002808
4,thompson,1077,fitzgerald,7.074272235234578
4,thompson,1077,twain,8.298820436000824
4,thompson,1077,non_oz_baum,6.470005631446838
4,thompson,1077,non_oz_thompson,6.724477052688599
4,thompson,1077,contested,5.438446521759033
4,thompson,1078,train,3.320975601673126
4,thompson,1078,baum,5.917563080787659
4,thompson,1078,thompson,5.579373002052307
4,thompson,1078,dickens,7.838516535582365
4,thompson,1078,melville,8.544251728057862
4,thompson,1078,wells,7.278766632080078
4,thompson,1078,austen,7.417336702346802
4,thompson,1078,fitzgerald,6.995743115743001
4,thompson,1078,twain,8.182332277297974
4,thompson,1078,non_oz_baum,6.4256017208099365
4,thompson,1078,non_oz_thompson,6.672618389129639
4,thompson,1078,contested,5.407180428504944
4,thompson,1079,train,3.296214520931244
4,thompson,1079,baum,5.960384368896484
4,thompson,1079,thompson,5.62231969833374
4,thompson,1079,dickens,7.923707043683088
4,thompson,1079,melville,8.645319366455078
4,thompson,1079,wells,7.359349846839905
4,thompson,1079,austen,7.501031716664632
4,thompson,1079,fitzgerald,7.06831161181132
4,thompson,1079,twain,8.283721536397934
4,thompson,1079,non_oz_baum,6.475089907646179
4,thompson,1079,non_oz_thompson,6.7238476276397705
4,thompson,1079,contested,5.446892619132996
4,thompson,1080,train,3.3042993247509003
4,thompson,1080,baum,5.950000047683716
4,thompson,1080,thompson,5.617466330528259
4,thompson,1080,dickens,7.93116369953862
4,thompson,1080,melville,8.662319087982178
4,thompson,1080,wells,7.368896722793579
4,thompson,1080,austen,7.505258957544963
4,thompson,1080,fitzgerald,7.070123910903931
4,thompson,1080,twain,8.29421004652977
4,thompson,1080,non_oz_baum,6.46480667591095
4,thompson,1080,non_oz_thompson,6.724386930465698
4,thompson,1080,contested,5.447136402130127
4,thompson,1081,train,3.293388158082962
4,thompson,1081,baum,5.936591625213623
4,thompson,1081,thompson,5.592557549476624
4,thompson,1081,dickens,7.845572347994204
4,thompson,1081,melville,8.56011381149292
4,thompson,1081,wells,7.301136493682861
4,thompson,1081,austen,7.432881196339925
4,thompson,1081,fitzgerald,7.014257510503133
4,thompson,1081,twain,8.2106953561306
4,thompson,1081,non_oz_baum,6.439340710639954
4,thompson,1081,non_oz_thompson,6.685997009277344
4,thompson,1081,contested,5.421168684959412
4,thompson,1082,train,3.328853368759156
4,thompson,1082,baum,5.951119899749756
4,thompson,1082,thompson,5.608943939208984
4,thompson,1082,dickens,7.889801272639522
4,thompson,1082,melville,8.629601669311523
4,thompson,1082,wells,7.336939573287964
4,thompson,1082,austen,7.490173260370891
4,thompson,1082,fitzgerald,7.046996434529622
4,thompson,1082,twain,8.256322652101517
4,thompson,1082,non_oz_baum,6.461250066757202
4,thompson,1082,non_oz_thompson,6.703018426895142
4,thompson,1082,contested,5.4354987144470215
4,thompson,1083,train,3.315988928079605
4,thompson,1083,baum,5.931190371513367
4,thompson,1083,thompson,5.58526349067688
4,thompson,1083,dickens,7.842402228602657
4,thompson,1083,melville,8.556653308868409
4,thompson,1083,wells,7.292307138442993
4,thompson,1083,austen,7.436187267303467
4,thompson,1083,fitzgerald,7.000543673833211
4,thompson,1083,twain,8.191973060369492
4,thompson,1083,non_oz_baum,6.435876965522766
4,thompson,1083,non_oz_thompson,6.6804375648498535
4,thompson,1083,contested,5.413453578948975
4,thompson,1084,train,3.292726069688797
4,thompson,1084,baum,5.9425283670425415
4,thompson,1084,thompson,5.589311003684998
4,thompson,1084,dickens,7.8664591930530685
4,thompson,1084,melville,8.579793930053711
4,thompson,1084,wells,7.293329834938049
4,thompson,1084,austen,7.446360985438029
4,thompson,1084,fitzgerald,7.019044876098633
4,thompson,1084,twain,8.195350855588913
4,thompson,1084,non_oz_baum,6.4440648555755615
4,thompson,1084,non_oz_thompson,6.682291746139526
4,thompson,1084,contested,5.425582647323608
4,thompson,1085,train,3.3077527582645416
4,thompson,1085,baum,5.943469047546387
4,thompson,1085,thompson,5.597886800765991
4,thompson,1085,dickens,7.862884203592936
4,thompson,1085,melville,8.588093662261963
4,thompson,1085,wells,7.319343686103821
4,thompson,1085,austen,7.458437204360962
4,thompson,1085,fitzgerald,7.028317133585612
4,thompson,1085,twain,8.221747487783432
4,thompson,1085,non_oz_baum,6.4448002576828
4,thompson,1085,non_oz_thompson,6.6991517543792725
4,thompson,1085,contested,5.4239422082901
4,thompson,1086,train,3.3070254027843475
4,thompson,1086,baum,5.965042352676392
4,thompson,1086,thompson,5.626621007919312
4,thompson,1086,dickens,7.909554658112703
4,thompson,1086,melville,8.637851905822753
4,thompson,1086,wells,7.363060235977173
4,thompson,1086,austen,7.506006956100464
4,thompson,1086,fitzgerald,7.064579963684082
4,thompson,1086,twain,8.268206477165222
4,thompson,1086,non_oz_baum,6.4866520166397095
4,thompson,1086,non_oz_thompson,6.717149972915649
4,thompson,1086,contested,5.450591683387756
4,thompson,1087,train,3.311093747615814
4,thompson,1087,baum,5.958792686462402
4,thompson,1087,thompson,5.619078993797302
4,thompson,1087,dickens,7.902763525644938
4,thompson,1087,melville,8.619227981567382
4,thompson,1087,wells,7.325824022293091
4,thompson,1087,austen,7.48415207862854
4,thompson,1087,fitzgerald,7.03881041208903
4,thompson,1087,twain,8.24299442768097
4,thompson,1087,non_oz_baum,6.462814211845398
4,thompson,1087,non_oz_thompson,6.716113328933716
4,thompson,1087,contested,5.439675688743591
4,thompson,1088,train,3.280708372592926
4,thompson,1088,baum,5.954054713249207
4,thompson,1088,thompson,5.606139183044434
4,thompson,1088,dickens,7.921944476940014
4,thompson,1088,melville,8.651199436187744
4,thompson,1088,wells,7.356787204742432
4,thompson,1088,austen,7.498300155003865
4,thompson,1088,fitzgerald,7.054573615392049
4,thompson,1088,twain,8.270172029733658
4,thompson,1088,non_oz_baum,6.466631054878235
4,thompson,1088,non_oz_thompson,6.709585428237915
4,thompson,1088,contested,5.435569763183594
4,thompson,1089,train,3.304026573896408
4,thompson,1089,baum,5.969359636306763
4,thompson,1089,thompson,5.620306015014648
4,thompson,1089,dickens,7.954962041642931
4,thompson,1089,melville,8.702772235870361
4,thompson,1089,wells,7.38554835319519
4,thompson,1089,austen,7.543319384256999
4,thompson,1089,fitzgerald,7.082931836446126
4,thompson,1089,twain,8.316371440887451
4,thompson,1089,non_oz_baum,6.489325404167175
4,thompson,1089,non_oz_thompson,6.734847068786621
4,thompson,1089,contested,5.452510595321655
4,thompson,1090,train,3.2860486209392548
4,thompson,1090,baum,5.947555065155029
4,thompson,1090,thompson,5.607384324073792
4,thompson,1090,dickens,7.901671727498372
4,thompson,1090,melville,8.633045482635499
4,thompson,1090,wells,7.339247822761536
4,thompson,1090,austen,7.485449234644572
4,thompson,1090,fitzgerald,7.045267105102539
4,thompson,1090,twain,8.240123510360718
4,thompson,1090,non_oz_baum,6.469810962677002
4,thompson,1090,non_oz_thompson,6.702494144439697
4,thompson,1090,contested,5.441423535346985
4,thompson,1091,train,3.291774183511734
4,thompson,1091,baum,5.9688720703125
4,thompson,1091,thompson,5.6059383153915405
4,thompson,1091,dickens,7.918430716903122
4,thompson,1091,melville,8.627835083007813
4,thompson,1091,wells,7.358578562736511
4,thompson,1091,austen,7.51233450571696
4,thompson,1091,fitzgerald,7.066555976867676
4,thompson,1091,twain,8.266630411148071
4,thompson,1091,non_oz_baum,6.475025177001953
4,thompson,1091,non_oz_thompson,6.723435640335083
4,thompson,1091,contested,5.449023008346558
4,thompson,1092,train,3.308811336755753
4,thompson,1092,baum,5.968869924545288
4,thompson,1092,thompson,5.618492960929871
4,thompson,1092,dickens,7.924671685254133
4,thompson,1092,melville,8.652862739562988
4,thompson,1092,wells,7.3504650592803955
4,thompson,1092,austen,7.509497880935669
4,thompson,1092,fitzgerald,7.065978050231934
4,thompson,1092,twain,8.266336411237717
4,thompson,1092,non_oz_baum,6.476703882217407
4,thompson,1092,non_oz_thompson,6.722810506820679
4,thompson,1092,contested,5.451040744781494
4,thompson,1093,train,3.293049544095993
4,thompson,1093,baum,5.954034924507141
4,thompson,1093,thompson,5.603254556655884
4,thompson,1093,dickens,7.87648179796007
4,thompson,1093,melville,8.612260437011718
4,thompson,1093,wells,7.327396631240845
4,thompson,1093,austen,7.468763510386149
4,thompson,1093,fitzgerald,7.034633159637451
4,thompson,1093,twain,8.232667297124863
4,thompson,1093,non_oz_baum,6.462628126144409
4,thompson,1093,non_oz_thompson,6.704375982284546
4,thompson,1093,contested,5.44182014465332
4,thompson,1094,train,3.2966289818286896
4,thompson,1094,baum,5.954232573509216
4,thompson,1094,thompson,5.607552528381348
4,thompson,1094,dickens,7.840268735532407
4,thompson,1094,melville,8.549196434020995
4,thompson,1094,wells,7.282423734664917
4,thompson,1094,austen,7.445055961608887
4,thompson,1094,fitzgerald,7.009891430536906
4,thompson,1094,twain,8.181807458400726
4,thompson,1094,non_oz_baum,6.459502696990967
4,thompson,1094,non_oz_thompson,6.695812463760376
4,thompson,1094,contested,5.435682535171509
4,thompson,1095,train,3.267650067806244
4,thompson,1095,baum,5.956904768943787
4,thompson,1095,thompson,5.60468590259552
4,thompson,1095,dickens,7.906290902031793
4,thompson,1095,melville,8.630839729309082
4,thompson,1095,wells,7.345319628715515
4,thompson,1095,austen,7.491662740707397
4,thompson,1095,fitzgerald,7.05025593439738
4,thompson,1095,twain,8.246684432029724
4,thompson,1095,non_oz_baum,6.4679059982299805
4,thompson,1095,non_oz_thompson,6.71807861328125
4,thompson,1095,contested,5.440619230270386
4,thompson,1096,train,3.276382952928543
4,thompson,1096,baum,5.958503127098084
4,thompson,1096,thompson,5.602379322052002
4,thompson,1096,dickens,7.905332971502234
4,thompson,1096,melville,8.629226016998292
4,thompson,1096,wells,7.345287084579468
4,thompson,1096,austen,7.4942307472229
4,thompson,1096,fitzgerald,7.057868798573812
4,thompson,1096,twain,8.246000081300735
4,thompson,1096,non_oz_baum,6.465819001197815
4,thompson,1096,non_oz_thompson,6.715916872024536
4,thompson,1096,contested,5.444955706596375
4,thompson,1097,train,3.2776541709899902
4,thompson,1097,baum,5.956682205200195
4,thompson,1097,thompson,5.611542701721191
4,thompson,1097,dickens,7.912501193858959
4,thompson,1097,melville,8.62902250289917
4,thompson,1097,wells,7.346043229103088
4,thompson,1097,austen,7.492249170939128
4,thompson,1097,fitzgerald,7.052783409754436
4,thompson,1097,twain,8.24567660689354
4,thompson,1097,non_oz_baum,6.477851986885071
4,thompson,1097,non_oz_thompson,6.711527824401856
4,thompson,1097,contested,5.440250992774963
4,thompson,1098,train,3.2567459046840668
4,thompson,1098,baum,5.980931878089905
4,thompson,1098,thompson,5.624375462532044
4,thompson,1098,dickens,7.96072279965436
4,thompson,1098,melville,8.69537525177002
4,thompson,1098,wells,7.389694690704346
4,thompson,1098,austen,7.546741088231404
4,thompson,1098,fitzgerald,7.101038376490275
4,thompson,1098,twain,8.302081823348999
4,thompson,1098,non_oz_baum,6.496326565742493
4,thompson,1098,non_oz_thompson,6.74121356010437
4,thompson,1098,contested,5.466127395629883
4,thompson,1099,train,3.2762387692928314
4,thompson,1099,baum,5.982373595237732
4,thompson,1099,thompson,5.628682851791382
4,thompson,1099,dickens,7.954583680188215
4,thompson,1099,melville,8.684953117370606
4,thompson,1099,wells,7.386810064315796
4,thompson,1099,austen,7.544657071431478
4,thompson,1099,fitzgerald,7.098603963851929
4,thompson,1099,twain,8.30133193731308
4,thompson,1099,non_oz_baum,6.50365149974823
4,thompson,1099,non_oz_thompson,6.743780612945557
4,thompson,1099,contested,5.464838624000549
4,thompson,1100,train,3.262713700532913
4,thompson,1100,baum,5.994117975234985
4,thompson,1100,thompson,5.629767060279846
4,thompson,1100,dickens,7.910891532897949
4,thompson,1100,melville,8.638644409179687
4,thompson,1100,wells,7.356380820274353
4,thompson,1100,austen,7.5348884264628095
4,thompson,1100,fitzgerald,7.074720859527588
4,thompson,1100,twain,8.25834396481514
4,thompson,1100,non_oz_baum,6.508986592292786
4,thompson,1100,non_oz_thompson,6.740629196166992
4,thompson,1100,contested,5.470388174057007
4,thompson,1101,train,3.2675137519836426
4,thompson,1101,baum,5.9874173402786255
4,thompson,1101,thompson,5.625622391700745
4,thompson,1101,dickens,7.939791926631221
4,thompson,1101,melville,8.682661247253417
4,thompson,1101,wells,7.397686123847961
4,thompson,1101,austen,7.550426959991455
4,thompson,1101,fitzgerald,7.089640458424886
4,thompson,1101,twain,8.30458116531372
4,thompson,1101,non_oz_baum,6.518742561340332
4,thompson,1101,non_oz_thompson,6.744416236877441
4,thompson,1101,contested,5.467927813529968
4,thompson,1102,train,3.272659659385681
4,thompson,1102,baum,5.970936179161072
4,thompson,1102,thompson,5.613758325576782
4,thompson,1102,dickens,7.887711454320837
4,thompson,1102,melville,8.632547092437743
4,thompson,1102,wells,7.351047873497009
4,thompson,1102,austen,7.4944539070129395
4,thompson,1102,fitzgerald,7.060272932052612
4,thompson,1102,twain,8.246155232191086
4,thompson,1102,non_oz_baum,6.484588384628296
4,thompson,1102,non_oz_thompson,6.721832275390625
4,thompson,1102,contested,5.456207036972046
4,thompson,1103,train,3.264339029788971
4,thompson,1103,baum,5.960920095443726
4,thompson,1103,thompson,5.599120378494263
4,thompson,1103,dickens,7.887471834818522
4,thompson,1103,melville,8.627106285095214
4,thompson,1103,wells,7.335947155952454
4,thompson,1103,austen,7.48543628056844
4,thompson,1103,fitzgerald,7.042216300964356
4,thompson,1103,twain,8.238998711109161
4,thompson,1103,non_oz_baum,6.467036128044128
4,thompson,1103,non_oz_thompson,6.712352514266968
4,thompson,1103,contested,5.446416735649109
4,thompson,1104,train,3.2862839698791504
4,thompson,1104,baum,5.987244963645935
4,thompson,1104,thompson,5.625056505203247
4,thompson,1104,dickens,7.926095238438359
4,thompson,1104,melville,8.672920417785644
4,thompson,1104,wells,7.378927826881409
4,thompson,1104,austen,7.5420981248219805
4,thompson,1104,fitzgerald,7.085264285405477
4,thompson,1104,twain,8.276781588792801
4,thompson,1104,non_oz_baum,6.502046227455139
4,thompson,1104,non_oz_thompson,6.739034175872803
4,thompson,1104,contested,5.466192245483398
4,thompson,1105,train,3.266387403011322
4,thompson,1105,baum,5.993834733963013
4,thompson,1105,thompson,5.638492107391357
4,thompson,1105,dickens,7.972503980000813
4,thompson,1105,melville,8.726212406158448
4,thompson,1105,wells,7.431551933288574
4,thompson,1105,austen,7.567320505777995
4,thompson,1105,fitzgerald,7.121017217636108
4,thompson,1105,twain,8.335202634334564
4,thompson,1105,non_oz_baum,6.5182353258132935
4,thompson,1105,non_oz_thompson,6.758532524108887
4,thompson,1105,contested,5.481265902519226
4,thompson,1106,train,3.27594792842865
4,thompson,1106,baum,5.978498458862305
4,thompson,1106,thompson,5.624186873435974
4,thompson,1106,dickens,7.952020945372404
4,thompson,1106,melville,8.697847747802735
4,thompson,1106,wells,7.390350103378296
4,thompson,1106,austen,7.555577437082927
4,thompson,1106,fitzgerald,7.092154423395793
4,thompson,1106,twain,8.296703338623047
4,thompson,1106,non_oz_baum,6.514978885650635
4,thompson,1106,non_oz_thompson,6.734570026397705
4,thompson,1106,contested,5.459219813346863
4,thompson,1107,train,3.285120993852616
4,thompson,1107,baum,5.963194251060486
4,thompson,1107,thompson,5.619070172309876
4,thompson,1107,dickens,7.939478203102395
4,thompson,1107,melville,8.684888172149659
4,thompson,1107,wells,7.3669480085372925
4,thompson,1107,austen,7.523776213328044
4,thompson,1107,fitzgerald,7.088311592737834
4,thompson,1107,twain,8.294357597827911
4,thompson,1107,non_oz_baum,6.49135422706604
4,thompson,1107,non_oz_thompson,6.7292561531066895
4,thompson,1107,contested,5.451765179634094
4,thompson,1108,train,3.260305494070053
4,thompson,1108,baum,5.970067262649536
4,thompson,1108,thompson,5.601339817047119
4,thompson,1108,dickens,7.919578834816262
4,thompson,1108,melville,8.651181602478028
4,thompson,1108,wells,7.368862628936768
4,thompson,1108,austen,7.517338037490845
4,thompson,1108,fitzgerald,7.076855897903442
4,thompson,1108,twain,8.278840571641922
4,thompson,1108,non_oz_baum,6.493488073348999
4,thompson,1108,non_oz_thompson,6.734223604202271
4,thompson,1108,contested,5.454189658164978
4,thompson,1109,train,3.270440131425857
4,thompson,1109,baum,5.980806350708008
4,thompson,1109,thompson,5.631104230880737
4,thompson,1109,dickens,7.951168378194173
4,thompson,1109,melville,8.678450298309325
4,thompson,1109,wells,7.367791414260864
4,thompson,1109,austen,7.533467610677083
4,thompson,1109,fitzgerald,7.086522738138835
4,thompson,1109,twain,8.281026422977448
4,thompson,1109,non_oz_baum,6.502151250839233
4,thompson,1109,non_oz_thompson,6.744744777679443
4,thompson,1109,contested,5.470948934555054
4,thompson,1110,train,3.241111516952514
4,thompson,1110,baum,5.991267919540405
4,thompson,1110,thompson,5.629284143447876
4,thompson,1110,dickens,7.955968274010552
4,thompson,1110,melville,8.685217952728271
4,thompson,1110,wells,7.386136889457703
4,thompson,1110,austen,7.537933270136516
4,thompson,1110,fitzgerald,7.091799974441528
4,thompson,1110,twain,8.301725208759308
4,thompson,1110,non_oz_baum,6.506076812744141
4,thompson,1110,non_oz_thompson,6.74854302406311
4,thompson,1110,contested,5.470600485801697
4,thompson,1111,train,3.269541710615158
4,thompson,1111,baum,5.963295340538025
4,thompson,1111,thompson,5.608223915100098
4,thompson,1111,dickens,7.899400675738299
4,thompson,1111,melville,8.625266456604004
4,thompson,1111,wells,7.330082058906555
4,thompson,1111,austen,7.491721868515015
4,thompson,1111,fitzgerald,7.042283296585083
4,thompson,1111,twain,8.224794447422028
4,thompson,1111,non_oz_baum,6.4763487577438354
4,thompson,1111,non_oz_thompson,6.7151734828948975
4,thompson,1111,contested,5.452594995498657
4,thompson,1112,train,3.257568627595901
4,thompson,1112,baum,5.993538022041321
4,thompson,1112,thompson,5.639693975448608
4,thompson,1112,dickens,7.987964382878056
4,thompson,1112,melville,8.736007595062256
4,thompson,1112,wells,7.410391926765442
4,thompson,1112,austen,7.579985698064168
4,thompson,1112,fitzgerald,7.104770660400391
4,thompson,1112,twain,8.33996832370758
4,thompson,1112,non_oz_baum,6.504863142967224
4,thompson,1112,non_oz_thompson,6.76405930519104
4,thompson,1112,contested,5.465095639228821
4,thompson,1113,train,3.254690408706665
4,thompson,1113,baum,6.0038546323776245
4,thompson,1113,thompson,5.64235520362854
4,thompson,1113,dickens,7.991838296254476
4,thompson,1113,melville,8.720197391510009
4,thompson,1113,wells,7.406456589698791
4,thompson,1113,austen,7.578194936116536
4,thompson,1113,fitzgerald,7.119209289550781
4,thompson,1113,twain,8.321410417556763
4,thompson,1113,non_oz_baum,6.524104595184326
4,thompson,1113,non_oz_thompson,6.766771078109741
4,thompson,1113,contested,5.48447048664093
4,thompson,1114,train,3.2369900941848755
4,thompson,1114,baum,5.990996956825256
4,thompson,1114,thompson,5.6216881275177
4,thompson,1114,dickens,7.958950342955412
4,thompson,1114,melville,8.711149883270263
4,thompson,1114,wells,7.395923972129822
4,thompson,1114,austen,7.55353045463562
4,thompson,1114,fitzgerald,7.099820534388225
4,thompson,1114,twain,8.318773329257965
4,thompson,1114,non_oz_baum,6.510012745857239
4,thompson,1114,non_oz_thompson,6.747663497924805
4,thompson,1114,contested,5.470976829528809
4,thompson,1115,train,3.273928850889206
4,thompson,1115,baum,6.025699734687805
4,thompson,1115,thompson,5.654050827026367
4,thompson,1115,dickens,8.018850732732702
4,thompson,1115,melville,8.789062881469727
4,thompson,1115,wells,7.457411170005798
4,thompson,1115,austen,7.621380567550659
4,thompson,1115,fitzgerald,7.15821894009908
4,thompson,1115,twain,8.391041934490204
4,thompson,1115,non_oz_baum,6.568440675735474
4,thompson,1115,non_oz_thompson,6.785918712615967
4,thompson,1115,contested,5.505942463874817
4,thompson,1116,train,3.253854483366013
4,thompson,1116,baum,6.02695894241333
4,thompson,1116,thompson,5.650552034378052
4,thompson,1116,dickens,7.983564164903429
4,thompson,1116,melville,8.743301963806152
4,thompson,1116,wells,7.42148494720459
4,thompson,1116,austen,7.5951924324035645
4,thompson,1116,fitzgerald,7.128978093465169
4,thompson,1116,twain,8.340230941772461
4,thompson,1116,non_oz_baum,6.552155494689941
4,thompson,1116,non_oz_thompson,6.772983312606812
4,thompson,1116,contested,5.505100846290588
4,thompson,1117,train,3.260884076356888
4,thompson,1117,baum,5.999999761581421
4,thompson,1117,thompson,5.626677513122559
4,thompson,1117,dickens,7.935795218856247
4,thompson,1117,melville,8.671319580078125
4,thompson,1117,wells,7.3709477186203
4,thompson,1117,austen,7.549777348836263
4,thompson,1117,fitzgerald,7.091134548187256
4,thompson,1117,twain,8.290402710437775
4,thompson,1117,non_oz_baum,6.517834782600403
4,thompson,1117,non_oz_thompson,6.749356746673584
4,thompson,1117,contested,5.482311964035034
4,thompson,1118,train,3.248139530420304
4,thompson,1118,baum,6.021417260169983
4,thompson,1118,thompson,5.64298951625824
4,thompson,1118,dickens,7.990233650913945
4,thompson,1118,melville,8.75008945465088
4,thompson,1118,wells,7.429426193237305
4,thompson,1118,austen,7.616248846054077
4,thompson,1118,fitzgerald,7.142024755477905
4,thompson,1118,twain,8.354636490345001
4,thompson,1118,non_oz_baum,6.542322635650635
4,thompson,1118,non_oz_thompson,6.778099060058594
4,thompson,1118,contested,5.4978073835372925
4,thompson,1119,train,3.2603741884231567
4,thompson,1119,baum,6.0119112730026245
4,thompson,1119,thompson,5.63774847984314
4,thompson,1119,dickens,7.989421402966535
4,thompson,1119,melville,8.737239646911622
4,thompson,1119,wells,7.416868448257446
4,thompson,1119,austen,7.589986403783162
4,thompson,1119,fitzgerald,7.135458628336589
4,thompson,1119,twain,8.353771924972534
4,thompson,1119,non_oz_baum,6.52982771396637
4,thompson,1119,non_oz_thompson,6.778408527374268
4,thompson,1119,contested,5.489784121513367
4,thompson,1120,train,3.2586803436279297
4,thompson,1120,baum,5.976295471191406
4,thompson,1120,thompson,5.605171203613281
4,thompson,1120,dickens,7.889064806478995
4,thompson,1120,melville,8.61568546295166
4,thompson,1120,wells,7.353936553001404
4,thompson,1120,austen,7.495354572931926
4,thompson,1120,fitzgerald,7.064855655034383
4,thompson,1120,twain,8.25528484582901
4,thompson,1120,non_oz_baum,6.493178486824036
4,thompson,1120,non_oz_thompson,6.724093675613403
4,thompson,1120,contested,5.456428050994873
4,thompson,1121,train,3.234696239233017
4,thompson,1121,baum,6.0186847448349
4,thompson,1121,thompson,5.646132230758667
4,thompson,1121,dickens,8.00791989432441
4,thompson,1121,melville,8.755719089508057
4,thompson,1121,wells,7.450739741325378
4,thompson,1121,austen,7.6110366980234785
4,thompson,1121,fitzgerald,7.157880544662476
4,thompson,1121,twain,8.374838948249817
4,thompson,1121,non_oz_baum,6.550271272659302
4,thompson,1121,non_oz_thompson,6.790893793106079
4,thompson,1121,contested,5.496318221092224
4,thompson,1122,train,3.256621718406677
4,thompson,1122,baum,6.012955904006958
4,thompson,1122,thompson,5.634400129318237
4,thompson,1122,dickens,7.965822290491174
4,thompson,1122,melville,8.699536228179932
4,thompson,1122,wells,7.395573735237122
4,thompson,1122,austen,7.575785080591838
4,thompson,1122,fitzgerald,7.119567155838013
4,thompson,1122,twain,8.323366224765778
4,thompson,1122,non_oz_baum,6.531266093254089
4,thompson,1122,non_oz_thompson,6.766474723815918
4,thompson,1122,contested,5.479344844818115
4,thompson,1123,train,3.2448647022247314
4,thompson,1123,baum,5.996496796607971
4,thompson,1123,thompson,5.618322730064392
4,thompson,1123,dickens,7.956619986781368
4,thompson,1123,melville,8.686793899536132
4,thompson,1123,wells,7.381113171577454
4,thompson,1123,austen,7.5506006081899
4,thompson,1123,fitzgerald,7.109962383906047
4,thompson,1123,twain,8.309814453125
4,thompson,1123,non_oz_baum,6.521265149116516
4,thompson,1123,non_oz_thompson,6.7509870529174805
4,thompson,1123,contested,5.474974870681763
4,thompson,1124,train,3.2447823584079742
4,thompson,1124,baum,6.004820585250855
4,thompson,1124,thompson,5.634193062782288
4,thompson,1124,dickens,7.9514348771837025
4,thompson,1124,melville,8.689391708374023
4,thompson,1124,wells,7.39029061794281
4,thompson,1124,austen,7.573219060897827
4,thompson,1124,fitzgerald,7.120905717213948
4,thompson,1124,twain,8.311324119567871
4,thompson,1124,non_oz_baum,6.528224349021912
4,thompson,1124,non_oz_thompson,6.767096042633057
4,thompson,1124,contested,5.483365178108215
4,thompson,1125,train,3.229090720415116
4,thompson,1125,baum,6.009014248847961
4,thompson,1125,thompson,5.642271518707275
4,thompson,1125,dickens,7.953627392097756
4,thompson,1125,melville,8.684299850463868
4,thompson,1125,wells,7.402065634727478
4,thompson,1125,austen,7.569390296936035
4,thompson,1125,fitzgerald,7.120294253031413
4,thompson,1125,twain,8.29901134967804
4,thompson,1125,non_oz_baum,6.535121321678162
4,thompson,1125,non_oz_thompson,6.767320156097412
4,thompson,1125,contested,5.489348292350769
4,thompson,1126,train,3.229986608028412
4,thompson,1126,baum,6.01521360874176
4,thompson,1126,thompson,5.649832010269165
4,thompson,1126,dickens,7.959747102525499
4,thompson,1126,melville,8.702731513977051
4,thompson,1126,wells,7.409812450408935
4,thompson,1126,austen,7.584048509597778
4,thompson,1126,fitzgerald,7.132355531056722
4,thompson,1126,twain,8.33400183916092
4,thompson,1126,non_oz_baum,6.544193267822266
4,thompson,1126,non_oz_thompson,6.779568195343018
4,thompson,1126,contested,5.495565295219421
4,thompson,1127,train,3.2243669629096985
4,thompson,1127,baum,5.99248993396759
4,thompson,1127,thompson,5.6378333568573
4,thompson,1127,dickens,7.9703750963564275
4,thompson,1127,melville,8.707814788818359
4,thompson,1127,wells,7.398128151893616
4,thompson,1127,austen,7.5652867158253985
4,thompson,1127,fitzgerald,7.116278409957886
4,thompson,1127,twain,8.339972138404846
4,thompson,1127,non_oz_baum,6.510547161102295
4,thompson,1127,non_oz_thompson,6.777073621749878
4,thompson,1127,contested,5.475345373153687
4,thompson,1128,train,3.236919939517975
4,thompson,1128,baum,6.002927303314209
4,thompson,1128,thompson,5.644348859786987
4,thompson,1128,dickens,7.960553858015272
4,thompson,1128,melville,8.714492511749267
4,thompson,1128,wells,7.394211173057556
4,thompson,1128,austen,7.573715448379517
4,thompson,1128,fitzgerald,7.120674212773641
4,thompson,1128,twain,8.333057522773743
4,thompson,1128,non_oz_baum,6.528168559074402
4,thompson,1128,non_oz_thompson,6.76689600944519
4,thompson,1128,contested,5.476631164550781
4,thompson,1129,train,3.2400238513946533
4,thompson,1129,baum,6.001583814620972
4,thompson,1129,thompson,5.623212933540344
4,thompson,1129,dickens,7.956884649064806
4,thompson,1129,melville,8.693594551086425
4,thompson,1129,wells,7.394115686416626
4,thompson,1129,austen,7.562129497528076
4,thompson,1129,fitzgerald,7.116808176040649
4,thompson,1129,twain,8.321878015995026
4,thompson,1129,non_oz_baum,6.534060955047607
4,thompson,1129,non_oz_thompson,6.7610764503479
4,thompson,1129,contested,5.468491196632385
4,thompson,1130,train,3.22700035572052
4,thompson,1130,baum,6.014756679534912
4,thompson,1130,thompson,5.6451256275177
4,thompson,1130,dickens,7.986253985652217
4,thompson,1130,melville,8.735970306396485
4,thompson,1130,wells,7.408056378364563
4,thompson,1130,austen,7.583477179209392
4,thompson,1130,fitzgerald,7.1365331808726
4,thompson,1130,twain,8.34993851184845
4,thompson,1130,non_oz_baum,6.539796233177185
4,thompson,1130,non_oz_thompson,6.779979228973389
4,thompson,1130,contested,5.496451020240784
4,thompson,1131,train,3.2307051718235016
4,thompson,1131,baum,6.020278215408325
4,thompson,1131,thompson,5.658618330955505
4,thompson,1131,dickens,8.003925447110776
4,thompson,1131,melville,8.76270570755005
4,thompson,1131,wells,7.453078627586365
4,thompson,1131,austen,7.624870538711548
4,thompson,1131,fitzgerald,7.150119145711263
4,thompson,1131,twain,8.376443445682526
4,thompson,1131,non_oz_baum,6.555405497550964
4,thompson,1131,non_oz_thompson,6.786311864852905
4,thompson,1131,contested,5.494734168052673
4,thompson,1132,train,3.2172285318374634
4,thompson,1132,baum,6.004301071166992
4,thompson,1132,thompson,5.626348376274109
4,thompson,1132,dickens,7.945939169989692
4,thompson,1132,melville,8.68461332321167
4,thompson,1132,wells,7.406843185424805
4,thompson,1132,austen,7.561750094095866
4,thompson,1132,fitzgerald,7.105063756306966
4,thompson,1132,twain,8.318115830421448
4,thompson,1132,non_oz_baum,6.52919602394104
4,thompson,1132,non_oz_thompson,6.767888307571411
4,thompson,1132,contested,5.47347903251648
4,thompson,1133,train,3.224617153406143
4,thompson,1133,baum,6.021702170372009
4,thompson,1133,thompson,5.645144462585449
4,thompson,1133,dickens,7.9679070225468385
4,thompson,1133,melville,8.710671710968018
4,thompson,1133,wells,7.408116340637207
4,thompson,1133,austen,7.576062758763631
4,thompson,1133,fitzgerald,7.131761391957601
4,thompson,1133,twain,8.308088541030884
4,thompson,1133,non_oz_baum,6.5464959144592285
4,thompson,1133,non_oz_thompson,6.771392107009888
4,thompson,1133,contested,5.497705221176148
4,thompson,1134,train,3.199123978614807
4,thompson,1134,baum,6.017918109893799
4,thompson,1134,thompson,5.64362895488739
4,thompson,1134,dickens,7.98504587456032
4,thompson,1134,melville,8.730085945129394
4,thompson,1134,wells,7.421329498291016
4,thompson,1134,austen,7.579854091008504
4,thompson,1134,fitzgerald,7.1345469156901045
4,thompson,1134,twain,8.346929967403412
4,thompson,1134,non_oz_baum,6.545399069786072
4,thompson,1134,non_oz_thompson,6.784802675247192
4,thompson,1134,contested,5.495065689086914
4,thompson,1135,train,3.2349025905132294
4,thompson,1135,baum,6.017217040061951
4,thompson,1135,thompson,5.641955494880676
4,thompson,1135,dickens,7.95083690572668
4,thompson,1135,melville,8.692933273315429
4,thompson,1135,wells,7.395675182342529
4,thompson,1135,austen,7.569135268529256
4,thompson,1135,fitzgerald,7.125191609064738
4,thompson,1135,twain,8.315984606742859
4,thompson,1135,non_oz_baum,6.53752338886261
4,thompson,1135,non_oz_thompson,6.771615266799927
4,thompson,1135,contested,5.492103695869446
4,thompson,1136,train,3.2184928953647614
4,thompson,1136,baum,6.010748267173767
4,thompson,1136,thompson,5.648558139801025
4,thompson,1136,dickens,7.9901407029893665
4,thompson,1136,melville,8.72287893295288
4,thompson,1136,wells,7.410818099975586
4,thompson,1136,austen,7.573647022247314
4,thompson,1136,fitzgerald,7.131114482879639
4,thompson,1136,twain,8.334348201751709
4,thompson,1136,non_oz_baum,6.538405060768127
4,thompson,1136,non_oz_thompson,6.775994777679443
4,thompson,1136,contested,5.48943567276001
4,thompson,1137,train,3.216979950666428
4,thompson,1137,baum,6.031633615493774
4,thompson,1137,thompson,5.654285907745361
4,thompson,1137,dickens,8.00239928563436
4,thompson,1137,melville,8.745241928100587
4,thompson,1137,wells,7.4416197538375854
4,thompson,1137,austen,7.59378186861674
4,thompson,1137,fitzgerald,7.148288567860921
4,thompson,1137,twain,8.35460364818573
4,thompson,1137,non_oz_baum,6.5606478452682495
4,thompson,1137,non_oz_thompson,6.803158521652222
4,thompson,1137,contested,5.518234252929688
4,thompson,1138,train,3.2431711852550507
4,thompson,1138,baum,6.029082417488098
4,thompson,1138,thompson,5.653031349182129
4,thompson,1138,dickens,7.992745788009079
4,thompson,1138,melville,8.742338752746582
4,thompson,1138,wells,7.460638642311096
4,thompson,1138,austen,7.601537466049194
4,thompson,1138,fitzgerald,7.156027475992839
4,thompson,1138,twain,8.357821345329285
4,thompson,1138,non_oz_baum,6.5718138217926025
4,thompson,1138,non_oz_thompson,6.793760538101196
4,thompson,1138,contested,5.515229463577271
4,thompson,1139,train,3.2242915630340576
4,thompson,1139,baum,6.021730303764343
4,thompson,1139,thompson,5.648117899894714
4,thompson,1139,dickens,7.978916786335133
4,thompson,1139,melville,8.729477596282958
4,thompson,1139,wells,7.432492733001709
4,thompson,1139,austen,7.585484266281128
4,thompson,1139,fitzgerald,7.146733999252319
4,thompson,1139,twain,8.344184279441833
4,thompson,1139,non_oz_baum,6.546278595924377
4,thompson,1139,non_oz_thompson,6.785491704940796
4,thompson,1139,contested,5.501701354980469
4,thompson,1140,train,3.205378234386444
4,thompson,1140,baum,6.024020671844482
4,thompson,1140,thompson,5.641420483589172
4,thompson,1140,dickens,7.945890355993201
4,thompson,1140,melville,8.69325132369995
4,thompson,1140,wells,7.403980612754822
4,thompson,1140,austen,7.564220269521077
4,thompson,1140,fitzgerald,7.107631365458171
4,thompson,1140,twain,8.306180447340012
4,thompson,1140,non_oz_baum,6.545575737953186
4,thompson,1140,non_oz_thompson,6.766875505447388
4,thompson,1140,contested,5.49777090549469
4,thompson,1141,train,3.2141053676605225
4,thompson,1141,baum,6.063756823539734
4,thompson,1141,thompson,5.69107449054718
4,thompson,1141,dickens,8.047274395271584
4,thompson,1141,melville,8.805322074890137
4,thompson,1141,wells,7.487120151519775
4,thompson,1141,austen,7.652697801589966
4,thompson,1141,fitzgerald,7.19125493367513
4,thompson,1141,twain,8.421540915966034
4,thompson,1141,non_oz_baum,6.600669741630554
4,thompson,1141,non_oz_thompson,6.825309038162232
4,thompson,1141,contested,5.5315927267074585
4,thompson,1142,train,3.23140636086464
4,thompson,1142,baum,6.022567629814148
4,thompson,1142,thompson,5.651624083518982
4,thompson,1142,dickens,7.9426834848192
4,thompson,1142,melville,8.691479969024659
4,thompson,1142,wells,7.393079280853271
4,thompson,1142,austen,7.558671236038208
4,thompson,1142,fitzgerald,7.1120091279347735
4,thompson,1142,twain,8.319011747837067
4,thompson,1142,non_oz_baum,6.550439476966858
4,thompson,1142,non_oz_thompson,6.768606185913086
4,thompson,1142,contested,5.495218515396118
4,thompson,1143,train,3.2235107421875
4,thompson,1143,baum,6.019003987312317
4,thompson,1143,thompson,5.651476621627808
4,thompson,1143,dickens,7.964051599855776
4,thompson,1143,melville,8.724548816680908
4,thompson,1143,wells,7.403951406478882
4,thompson,1143,austen,7.5744043191274
4,thompson,1143,fitzgerald,7.121152480443318
4,thompson,1143,twain,8.32938152551651
4,thompson,1143,non_oz_baum,6.544634699821472
4,thompson,1143,non_oz_thompson,6.776668548583984
4,thompson,1143,contested,5.491911888122559
4,thompson,1144,train,3.2140452563762665
4,thompson,1144,baum,6.063918471336365
4,thompson,1144,thompson,5.67435610294342
4,thompson,1144,dickens,8.062746913344771
4,thompson,1144,melville,8.835678100585938
4,thompson,1144,wells,7.49394965171814
4,thompson,1144,austen,7.662689129511516
4,thompson,1144,fitzgerald,7.193148295084636
4,thompson,1144,twain,8.436729311943054
4,thompson,1144,non_oz_baum,6.593562483787537
4,thompson,1144,non_oz_thompson,6.829952239990234
4,thompson,1144,contested,5.535016894340515
4,thompson,1145,train,3.2075531482696533
4,thompson,1145,baum,6.020076274871826
4,thompson,1145,thompson,5.654578328132629
4,thompson,1145,dickens,7.996214107230857
4,thompson,1145,melville,8.733122539520263
4,thompson,1145,wells,7.420920133590698
4,thompson,1145,austen,7.573478142420451
4,thompson,1145,fitzgerald,7.13882835706075
4,thompson,1145,twain,8.340104639530182
4,thompson,1145,non_oz_baum,6.546299576759338
4,thompson,1145,non_oz_thompson,6.787169694900513
4,thompson,1145,contested,5.506157517433167
4,thompson,1146,train,3.190635472536087
4,thompson,1146,baum,6.032543063163757
4,thompson,1146,thompson,5.655138731002808
4,thompson,1146,dickens,7.962087648886222
4,thompson,1146,melville,8.695758247375489
4,thompson,1146,wells,7.409678816795349
4,thompson,1146,austen,7.581498781840007
4,thompson,1146,fitzgerald,7.130326588948567
4,thompson,1146,twain,8.319624245166779
4,thompson,1146,non_oz_baum,6.564467072486877
4,thompson,1146,non_oz_thompson,6.780664205551148
4,thompson,1146,contested,5.510564208030701
4,thompson,1147,train,3.210918128490448
4,thompson,1147,baum,6.057273983955383
4,thompson,1147,thompson,5.677691340446472
4,thompson,1147,dickens,8.026452241120515
4,thompson,1147,melville,8.77858943939209
4,thompson,1147,wells,7.462530493736267
4,thompson,1147,austen,7.635080019632976
4,thompson,1147,fitzgerald,7.174466609954834
4,thompson,1147,twain,8.384846091270447
4,thompson,1147,non_oz_baum,6.589964747428894
4,thompson,1147,non_oz_thompson,6.809455633163452
4,thompson,1147,contested,5.530238747596741
4,thompson,1148,train,3.226254940032959
4,thompson,1148,baum,6.032015323638916
4,thompson,1148,thompson,5.651250243186951
4,thompson,1148,dickens,7.986219335485388
4,thompson,1148,melville,8.737336254119873
4,thompson,1148,wells,7.431288361549377
4,thompson,1148,austen,7.598394632339477
4,thompson,1148,fitzgerald,7.137272040049235
4,thompson,1148,twain,8.339709281921387
4,thompson,1148,non_oz_baum,6.557432532310486
4,thompson,1148,non_oz_thompson,6.783643007278442
4,thompson,1148,contested,5.507741212844849
4,thompson,1149,train,3.2070810198783875
4,thompson,1149,baum,6.034425497055054
4,thompson,1149,thompson,5.647196292877197
4,thompson,1149,dickens,7.979853117907488
4,thompson,1149,melville,8.716794872283936
4,thompson,1149,wells,7.423043251037598
4,thompson,1149,austen,7.587667067845662
4,thompson,1149,fitzgerald,7.125313599904378
4,thompson,1149,twain,8.328291714191437
4,thompson,1149,non_oz_baum,6.560519456863403
4,thompson,1149,non_oz_thompson,6.786888837814331
4,thompson,1149,contested,5.510136008262634
4,thompson,1150,train,3.2108434438705444
4,thompson,1150,baum,6.068686246871948
4,thompson,1150,thompson,5.6849400997161865
4,thompson,1150,dickens,8.061787993819625
4,thompson,1150,melville,8.821863079071045
4,thompson,1150,wells,7.504189729690552
4,thompson,1150,austen,7.6693746248881025
4,thompson,1150,fitzgerald,7.204882224400838
4,thompson,1150,twain,8.420880198478699
4,thompson,1150,non_oz_baum,6.619693040847778
4,thompson,1150,non_oz_thompson,6.827532052993774
4,thompson,1150,contested,5.542856216430664
4,thompson,1151,train,3.178560197353363
4,thompson,1151,baum,6.023499965667725
4,thompson,1151,thompson,5.652249693870544
4,thompson,1151,dickens,8.008306962472421
4,thompson,1151,melville,8.744576168060302
4,thompson,1151,wells,7.445550680160522
4,thompson,1151,austen,7.590780973434448
4,thompson,1151,fitzgerald,7.150502681732178
4,thompson,1151,twain,8.361978530883789
4,thompson,1151,non_oz_baum,6.554360032081604
4,thompson,1151,non_oz_thompson,6.796868562698364
4,thompson,1151,contested,5.503116607666016
4,thompson,1152,train,3.1978119909763336
4,thompson,1152,baum,6.013514041900635
4,thompson,1152,thompson,5.6406450271606445
4,thompson,1152,dickens,7.978449468259458
4,thompson,1152,melville,8.70009822845459
4,thompson,1152,wells,7.414307951927185
4,thompson,1152,austen,7.56615948677063
4,thompson,1152,fitzgerald,7.125258286794026
4,thompson,1152,twain,8.314862310886383
4,thompson,1152,non_oz_baum,6.53915274143219
4,thompson,1152,non_oz_thompson,6.783147573471069
4,thompson,1152,contested,5.497496128082275
4,thompson,1153,train,3.187820613384247
4,thompson,1153,baum,6.055230259895325
4,thompson,1153,thompson,5.676997900009155
4,thompson,1153,dickens,8.025995625389946
4,thompson,1153,melville,8.790968990325927
4,thompson,1153,wells,7.479292154312134
4,thompson,1153,austen,7.648880322774251
4,thompson,1153,fitzgerald,7.187975565592448
4,thompson,1153,twain,8.396392583847046
4,thompson,1153,non_oz_baum,6.596931576728821
4,thompson,1153,non_oz_thompson,6.823421239852905
4,thompson,1153,contested,5.529369235038757
4,thompson,1154,train,3.191121995449066
4,thompson,1154,baum,6.058971047401428
4,thompson,1154,thompson,5.666518449783325
4,thompson,1154,dickens,8.02768611907959
4,thompson,1154,melville,8.82142152786255
4,thompson,1154,wells,7.493301272392273
4,thompson,1154,austen,7.664763609568278
4,thompson,1154,fitzgerald,7.183815002441406
4,thompson,1154,twain,8.420295238494873
4,thompson,1154,non_oz_baum,6.606549739837647
4,thompson,1154,non_oz_thompson,6.81300687789917
4,thompson,1154,contested,5.526255488395691
4,thompson,1155,train,3.2062888741493225
4,thompson,1155,baum,6.016274690628052
4,thompson,1155,thompson,5.632471799850464
4,thompson,1155,dickens,7.969089825948079
4,thompson,1155,melville,8.723080253601074
4,thompson,1155,wells,7.428967595100403
4,thompson,1155,austen,7.583574056625366
4,thompson,1155,fitzgerald,7.1330726146698
4,thompson,1155,twain,8.335596919059753
4,thompson,1155,non_oz_baum,6.546717047691345
4,thompson,1155,non_oz_thompson,6.773871898651123
4,thompson,1155,contested,5.492563605308533
4,thompson,1156,train,3.184700131416321
4,thompson,1156,baum,6.048341393470764
4,thompson,1156,thompson,5.657484650611877
4,thompson,1156,dickens,8.043034800776729
4,thompson,1156,melville,8.798318767547608
4,thompson,1156,wells,7.4899983406066895
4,thompson,1156,austen,7.634297132492065
4,thompson,1156,fitzgerald,7.191106637318929
4,thompson,1156,twain,8.400349795818329
4,thompson,1156,non_oz_baum,6.588173031806946
4,thompson,1156,non_oz_thompson,6.814951181411743
4,thompson,1156,contested,5.523041963577271
4,thompson,1157,train,3.191513627767563
4,thompson,1157,baum,6.032869696617127
4,thompson,1157,thompson,5.651231050491333
4,thompson,1157,dickens,8.004658045592132
4,thompson,1157,melville,8.765322399139404
4,thompson,1157,wells,7.446024775505066
4,thompson,1157,austen,7.62329904238383
4,thompson,1157,fitzgerald,7.153899351755778
4,thompson,1157,twain,8.368244409561157
4,thompson,1157,non_oz_baum,6.570081353187561
4,thompson,1157,non_oz_thompson,6.792892932891846
4,thompson,1157,contested,5.513460874557495
4,thompson,1158,train,3.184838086366653
4,thompson,1158,baum,6.04129683971405
4,thompson,1158,thompson,5.64452052116394
4,thompson,1158,dickens,8.028739399380154
4,thompson,1158,melville,8.787663745880128
4,thompson,1158,wells,7.478080153465271
4,thompson,1158,austen,7.625052531560262
4,thompson,1158,fitzgerald,7.180207888285319
4,thompson,1158,twain,8.406953752040863
4,thompson,1158,non_oz_baum,6.568189024925232
4,thompson,1158,non_oz_thompson,6.808073997497559
4,thompson,1158,contested,5.521809935569763
4,thompson,1159,train,3.1931046843528748
4,thompson,1159,baum,6.052411437034607
4,thompson,1159,thompson,5.658546209335327
4,thompson,1159,dickens,7.9796430446483475
4,thompson,1159,melville,8.737566089630127
4,thompson,1159,wells,7.451255798339844
4,thompson,1159,austen,7.614981412887573
4,thompson,1159,fitzgerald,7.1635918617248535
4,thompson,1159,twain,8.350735366344452
4,thompson,1159,non_oz_baum,6.590052366256714
4,thompson,1159,non_oz_thompson,6.7914137840271
4,thompson,1159,contested,5.529939889907837
4,thompson,1160,train,3.186672627925873
4,thompson,1160,baum,6.038305759429932
4,thompson,1160,thompson,5.644157886505127
4,thompson,1160,dickens,7.973712179395887
4,thompson,1160,melville,8.73157720565796
4,thompson,1160,wells,7.439430356025696
4,thompson,1160,austen,7.584540446599324
4,thompson,1160,fitzgerald,7.148761351903279
4,thompson,1160,twain,8.354297280311584
4,thompson,1160,non_oz_baum,6.561287522315979
4,thompson,1160,non_oz_thompson,6.798272371292114
4,thompson,1160,contested,5.501402974128723
4,thompson,1161,train,3.1942924559116364
4,thompson,1161,baum,6.035920858383179
4,thompson,1161,thompson,5.650656819343567
4,thompson,1161,dickens,7.95271580307572
4,thompson,1161,melville,8.681949710845947
4,thompson,1161,wells,7.405147910118103
4,thompson,1161,austen,7.571308056513469
4,thompson,1161,fitzgerald,7.118918816248576
4,thompson,1161,twain,8.316482067108154
4,thompson,1161,non_oz_baum,6.558935523033142
4,thompson,1161,non_oz_thompson,6.788153648376465
4,thompson,1161,contested,5.507188200950623
4,thompson,1162,train,3.1845180988311768
4,thompson,1162,baum,6.051842212677002
4,thompson,1162,thompson,5.654700517654419
4,thompson,1162,dickens,8.014413427423548
4,thompson,1162,melville,8.757718467712403
4,thompson,1162,wells,7.46801233291626
4,thompson,1162,austen,7.611347436904907
4,thompson,1162,fitzgerald,7.175876935323079
4,thompson,1162,twain,8.366939783096313
4,thompson,1162,non_oz_baum,6.580180883407593
4,thompson,1162,non_oz_thompson,6.807405233383179
4,thompson,1162,contested,5.533941626548767
4,thompson,1163,train,3.1815202236175537
4,thompson,1163,baum,6.056032657623291
4,thompson,1163,thompson,5.6665358543396
4,thompson,1163,dickens,8.035572140305131
4,thompson,1163,melville,8.813567638397217
4,thompson,1163,wells,7.483162045478821
4,thompson,1163,austen,7.655316114425659
4,thompson,1163,fitzgerald,7.181605180104573
4,thompson,1163,twain,8.416376769542694
4,thompson,1163,non_oz_baum,6.598234176635742
4,thompson,1163,non_oz_thompson,6.818423271179199
4,thompson,1163,contested,5.531323194503784
4,thompson,1164,train,3.181111752986908
4,thompson,1164,baum,6.061200022697449
4,thompson,1164,thompson,5.666128754615784
4,thompson,1164,dickens,8.032714879071271
4,thompson,1164,melville,8.798903274536134
4,thompson,1164,wells,7.472963213920593
4,thompson,1164,austen,7.64985203742981
4,thompson,1164,fitzgerald,7.189638296763103
4,thompson,1164,twain,8.402392089366913
4,thompson,1164,non_oz_baum,6.591425538063049
4,thompson,1164,non_oz_thompson,6.817396402359009
4,thompson,1164,contested,5.527284502983093
4,thompson,1165,train,3.174427568912506
4,thompson,1165,baum,6.058179140090942
4,thompson,1165,thompson,5.661755323410034
4,thompson,1165,dickens,7.990440315670437
4,thompson,1165,melville,8.758935737609864
4,thompson,1165,wells,7.453540563583374
4,thompson,1165,austen,7.6307229200998945
4,thompson,1165,fitzgerald,7.169753869374593
4,thompson,1165,twain,8.381477296352386
4,thompson,1165,non_oz_baum,6.589833855628967
4,thompson,1165,non_oz_thompson,6.811380863189697
4,thompson,1165,contested,5.522112488746643
4,thompson,1166,train,3.170787900686264
4,thompson,1166,baum,6.066205382347107
4,thompson,1166,thompson,5.677810907363892
4,thompson,1166,dickens,8.073898350750959
4,thompson,1166,melville,8.840888500213623
4,thompson,1166,wells,7.528024077415466
4,thompson,1166,austen,7.686845064163208
4,thompson,1166,fitzgerald,7.23988922437032
4,thompson,1166,twain,8.456361293792725
4,thompson,1166,non_oz_baum,6.604838371276856
4,thompson,1166,non_oz_thompson,6.846906900405884
4,thompson,1166,contested,5.547254920005798
4,thompson,1167,train,3.1752160489559174
4,thompson,1167,baum,6.095279932022095
4,thompson,1167,thompson,5.696421980857849
4,thompson,1167,dickens,8.120623058742947
4,thompson,1167,melville,8.9093168258667
4,thompson,1167,wells,7.5615928173065186
4,thompson,1167,austen,7.753284851710002
4,thompson,1167,fitzgerald,7.266475677490234
4,thompson,1167,twain,8.506364941596985
4,thompson,1167,non_oz_baum,6.648363351821899
4,thompson,1167,non_oz_thompson,6.868002653121948
4,thompson,1167,contested,5.558157324790955
4,thompson,1168,train,3.1917147040367126
4,thompson,1168,baum,6.074076175689697
4,thompson,1168,thompson,5.680166244506836
4,thompson,1168,dickens,8.081210948802807
4,thompson,1168,melville,8.843849754333496
4,thompson,1168,wells,7.50380551815033
4,thompson,1168,austen,7.683609803517659
4,thompson,1168,fitzgerald,7.216926336288452
4,thompson,1168,twain,8.444607436656952
4,thompson,1168,non_oz_baum,6.611513376235962
4,thompson,1168,non_oz_thompson,6.84430193901062
4,thompson,1168,contested,5.541508436203003
4,thompson,1169,train,3.1881021857261658
4,thompson,1169,baum,6.05183482170105
4,thompson,1169,thompson,5.65663206577301
4,thompson,1169,dickens,8.000530419526276
4,thompson,1169,melville,8.757447719573975
4,thompson,1169,wells,7.457802772521973
4,thompson,1169,austen,7.618755499521892
4,thompson,1169,fitzgerald,7.169379790623983
4,thompson,1169,twain,8.371609032154083
4,thompson,1169,non_oz_baum,6.588428974151611
4,thompson,1169,non_oz_thompson,6.800400495529175
4,thompson,1169,contested,5.52795398235321
4,thompson,1170,train,3.1704826653003693
4,thompson,1170,baum,6.072077631950378
4,thompson,1170,thompson,5.663498163223267
4,thompson,1170,dickens,8.05941712414777
4,thompson,1170,melville,8.816223621368408
4,thompson,1170,wells,7.51220428943634
4,thompson,1170,austen,7.662842750549316
4,thompson,1170,fitzgerald,7.218261162439982
4,thompson,1170,twain,8.434154093265533
4,thompson,1170,non_oz_baum,6.61004900932312
4,thompson,1170,non_oz_thompson,6.84299898147583
4,thompson,1170,contested,5.543663620948792
4,thompson,1171,train,3.163551270961761
4,thompson,1171,baum,6.072700023651123
4,thompson,1171,thompson,5.676151394844055
4,thompson,1171,dickens,8.04667937314069
4,thompson,1171,melville,8.817734813690185
4,thompson,1171,wells,7.499343156814575
4,thompson,1171,austen,7.664900938669841
4,thompson,1171,fitzgerald,7.208348671595256
4,thompson,1171,twain,8.4217768907547
4,thompson,1171,non_oz_baum,6.617454290390015
4,thompson,1171,non_oz_thompson,6.829355716705322
4,thompson,1171,contested,5.539042234420776
4,thompson,1172,train,3.172548711299896
4,thompson,1172,baum,6.089964151382446
4,thompson,1172,thompson,5.686203360557556
4,thompson,1172,dickens,8.087509013988354
4,thompson,1172,melville,8.843603420257569
4,thompson,1172,wells,7.531044006347656
4,thompson,1172,austen,7.687944412231445
4,thompson,1172,fitzgerald,7.232908248901367
4,thompson,1172,twain,8.451300024986267
4,thompson,1172,non_oz_baum,6.630979895591736
4,thompson,1172,non_oz_thompson,6.857228517532349
4,thompson,1172,contested,5.557147979736328
4,thompson,1173,train,3.167386442422867
4,thompson,1173,baum,6.081820845603943
4,thompson,1173,thompson,5.671122670173645
4,thompson,1173,dickens,8.04378926312482
4,thompson,1173,melville,8.786992168426513
4,thompson,1173,wells,7.491004467010498
4,thompson,1173,austen,7.668298880259196
4,thompson,1173,fitzgerald,7.198453903198242
4,thompson,1173,twain,8.412936687469482
4,thompson,1173,non_oz_baum,6.619346857070923
4,thompson,1173,non_oz_thompson,6.834310054779053
4,thompson,1173,contested,5.550749897956848
4,thompson,1174,train,3.1749520003795624
4,thompson,1174,baum,6.056793808937073
4,thompson,1174,thompson,5.660281777381897
4,thompson,1174,dickens,8.003148043597186
4,thompson,1174,melville,8.72819414138794
4,thompson,1174,wells,7.436246514320373
4,thompson,1174,austen,7.617204745610555
4,thompson,1174,fitzgerald,7.161352316538493
4,thompson,1174,twain,8.35950118303299
4,thompson,1174,non_oz_baum,6.59250271320343
4,thompson,1174,non_oz_thompson,6.80185079574585
4,thompson,1174,contested,5.5272910594940186
4,thompson,1175,train,3.154609352350235
4,thompson,1175,baum,6.055399656295776
4,thompson,1175,thompson,5.664213538169861
4,thompson,1175,dickens,7.9869850829795555
4,thompson,1175,melville,8.735733127593994
4,thompson,1175,wells,7.447535991668701
4,thompson,1175,austen,7.607696453730266
4,thompson,1175,fitzgerald,7.165279547373454
4,thompson,1175,twain,8.36302363872528
4,thompson,1175,non_oz_baum,6.593008756637573
4,thompson,1175,non_oz_thompson,6.809951305389404
4,thompson,1175,contested,5.532042622566223
4,thompson,1176,train,3.1515097320079803
4,thompson,1176,baum,6.083489179611206
4,thompson,1176,thompson,5.664274454116821
4,thompson,1176,dickens,8.06530906535961
4,thompson,1176,melville,8.806279563903809
4,thompson,1176,wells,7.496633291244507
4,thompson,1176,austen,7.675320307413737
4,thompson,1176,fitzgerald,7.213629086812337
4,thompson,1176,twain,8.43116807937622
4,thompson,1176,non_oz_baum,6.616694688796997
4,thompson,1176,non_oz_thompson,6.845613241195679
4,thompson,1176,contested,5.550368905067444
4,thompson,1177,train,3.155714213848114
4,thompson,1177,baum,6.095751047134399
4,thompson,1177,thompson,5.6873939037323
4,thompson,1177,dickens,8.075847943623861
4,thompson,1177,melville,8.839121341705322
4,thompson,1177,wells,7.51587450504303
4,thompson,1177,austen,7.702333291371663
4,thompson,1177,fitzgerald,7.241921663284302
4,thompson,1177,twain,8.440319120883942
4,thompson,1177,non_oz_baum,6.642939686775208
4,thompson,1177,non_oz_thompson,6.843860387802124
4,thompson,1177,contested,5.561721920967102
4,thompson,1178,train,3.164493143558502
4,thompson,1178,baum,6.082664728164673
4,thompson,1178,thompson,5.687022566795349
4,thompson,1178,dickens,8.08486576433535
4,thompson,1178,melville,8.86117115020752
4,thompson,1178,wells,7.5252158641815186
4,thompson,1178,austen,7.701625903447469
4,thompson,1178,fitzgerald,7.248682578404744
4,thompson,1178,twain,8.46101450920105
4,thompson,1178,non_oz_baum,6.638948917388916
4,thompson,1178,non_oz_thompson,6.850854635238648
4,thompson,1178,contested,5.559508204460144
4,thompson,1179,train,3.1509563326835632
4,thompson,1179,baum,6.084288001060486
4,thompson,1179,thompson,5.68405020236969
4,thompson,1179,dickens,8.073747140389901
4,thompson,1179,melville,8.851006603240966
4,thompson,1179,wells,7.530243396759033
4,thompson,1179,austen,7.707865953445435
4,thompson,1179,fitzgerald,7.244890133539836
4,thompson,1179,twain,8.454093158245087
4,thompson,1179,non_oz_baum,6.640179514884949
4,thompson,1179,non_oz_thompson,6.852941036224365
4,thompson,1179,contested,5.559852600097656
4,thompson,1180,train,3.161438822746277
4,thompson,1180,baum,6.09645140171051
4,thompson,1180,thompson,5.695758581161499
4,thompson,1180,dickens,8.10372492119118
4,thompson,1180,melville,8.875453853607178
4,thompson,1180,wells,7.5414533615112305
4,thompson,1180,austen,7.72941255569458
4,thompson,1180,fitzgerald,7.259632428487142
4,thompson,1180,twain,8.482713103294373
4,thompson,1180,non_oz_baum,6.648562788963318
4,thompson,1180,non_oz_thompson,6.86079216003418
4,thompson,1180,contested,5.569575071334839
4,thompson,1181,train,3.125177413225174
4,thompson,1181,baum,6.077319383621216
4,thompson,1181,thompson,5.683775305747986
4,thompson,1181,dickens,8.05145788192749
4,thompson,1181,melville,8.814937591552734
4,thompson,1181,wells,7.505689978599548
4,thompson,1181,austen,7.678147872289021
4,thompson,1181,fitzgerald,7.230316559473674
4,thompson,1181,twain,8.426338195800781
4,thompson,1181,non_oz_baum,6.632440328598023
4,thompson,1181,non_oz_thompson,6.833613872528076
4,thompson,1181,contested,5.56166398525238
4,thompson,1182,train,3.1591416001319885
4,thompson,1182,baum,6.109632730484009
4,thompson,1182,thompson,5.723622679710388
4,thompson,1182,dickens,8.116927888658312
4,thompson,1182,melville,8.905988216400146
4,thompson,1182,wells,7.568926453590393
4,thompson,1182,austen,7.752292474110921
4,thompson,1182,fitzgerald,7.278085708618164
4,thompson,1182,twain,8.502490282058716
4,thompson,1182,non_oz_baum,6.667354226112366
4,thompson,1182,non_oz_thompson,6.88036847114563
4,thompson,1182,contested,5.577577590942383
4,thompson,1183,train,3.1511104702949524
4,thompson,1183,baum,6.101862907409668
4,thompson,1183,thompson,5.708559632301331
4,thompson,1183,dickens,8.149796415258336
4,thompson,1183,melville,8.927293395996093
4,thompson,1183,wells,7.582744002342224
4,thompson,1183,austen,7.7640321254730225
4,thompson,1183,fitzgerald,7.278195699055989
4,thompson,1183,twain,8.527679920196533
4,thompson,1183,non_oz_baum,6.655979871749878
4,thompson,1183,non_oz_thompson,6.886560916900635
4,thompson,1183,contested,5.574513912200928
4,thompson,1184,train,3.130971908569336
4,thompson,1184,baum,6.096434831619263
4,thompson,1184,thompson,5.685548543930054
4,thompson,1184,dickens,8.081346017343026
4,thompson,1184,melville,8.847869205474854
4,thompson,1184,wells,7.544855833053589
4,thompson,1184,austen,7.71730653444926
4,thompson,1184,fitzgerald,7.243038336435954
4,thompson,1184,twain,8.466453790664673
4,thompson,1184,non_oz_baum,6.649683952331543
4,thompson,1184,non_oz_thompson,6.853125095367432
4,thompson,1184,contested,5.567389130592346
4,thompson,1185,train,3.1484438478946686
4,thompson,1185,baum,6.11041533946991
4,thompson,1185,thompson,5.709657073020935
4,thompson,1185,dickens,8.148148536682129
4,thompson,1185,melville,8.911864089965821
4,thompson,1185,wells,7.586122512817383
4,thompson,1185,austen,7.747599522272746
4,thompson,1185,fitzgerald,7.294271945953369
4,thompson,1185,twain,8.527243733406067
4,thompson,1185,non_oz_baum,6.664626717567444
4,thompson,1185,non_oz_thompson,6.891300916671753
4,thompson,1185,contested,5.58185613155365
4,thompson,1186,train,3.1328159272670746
4,thompson,1186,baum,6.106625318527222
4,thompson,1186,thompson,5.694400310516357
4,thompson,1186,dickens,8.108955877798575
4,thompson,1186,melville,8.863650703430176
4,thompson,1186,wells,7.5483479499816895
4,thompson,1186,austen,7.736710945765178
4,thompson,1186,fitzgerald,7.26399564743042
4,thompson,1186,twain,8.49043494462967
4,thompson,1186,non_oz_baum,6.650186896324158
4,thompson,1186,non_oz_thompson,6.8770012855529785
4,thompson,1186,contested,5.576542019844055
4,thompson,1187,train,3.145212560892105
4,thompson,1187,baum,6.10283899307251
4,thompson,1187,thompson,5.7007551193237305
4,thompson,1187,dickens,8.0903874679848
4,thompson,1187,melville,8.855183315277099
4,thompson,1187,wells,7.53485894203186
4,thompson,1187,austen,7.713056564331055
4,thompson,1187,fitzgerald,7.240531921386719
4,thompson,1187,twain,8.472367644309998
4,thompson,1187,non_oz_baum,6.644147038459778
4,thompson,1187,non_oz_thompson,6.868762493133545
4,thompson,1187,contested,5.565882921218872
4,thompson,1188,train,3.154547154903412
4,thompson,1188,baum,6.092293858528137
4,thompson,1188,thompson,5.692881107330322
4,thompson,1188,dickens,8.08964616281015
4,thompson,1188,melville,8.862093544006347
4,thompson,1188,wells,7.531674146652222
4,thompson,1188,austen,7.721137762069702
4,thompson,1188,fitzgerald,7.23668638865153
4,thompson,1188,twain,8.472240328788757
4,thompson,1188,non_oz_baum,6.64067804813385
4,thompson,1188,non_oz_thompson,6.864450693130493
4,thompson,1188,contested,5.563206315040588
4,thompson,1189,train,3.145000755786896
4,thompson,1189,baum,6.095115661621094
4,thompson,1189,thompson,5.695485591888428
4,thompson,1189,dickens,8.079438050587973
4,thompson,1189,melville,8.8497465133667
4,thompson,1189,wells,7.531147956848144
4,thompson,1189,austen,7.716924587885539
4,thompson,1189,fitzgerald,7.247672478357951
4,thompson,1189,twain,8.460890769958496
4,thompson,1189,non_oz_baum,6.6438740491867065
4,thompson,1189,non_oz_thompson,6.860744476318359
4,thompson,1189,contested,5.570334792137146
4,thompson,1190,train,3.1629479229450226
4,thompson,1190,baum,6.111786961555481
4,thompson,1190,thompson,5.704941153526306
4,thompson,1190,dickens,8.089988266980207
4,thompson,1190,melville,8.839461612701417
4,thompson,1190,wells,7.532697677612305
4,thompson,1190,austen,7.731308778127034
4,thompson,1190,fitzgerald,7.247370799382527
4,thompson,1190,twain,8.457652390003204
4,thompson,1190,non_oz_baum,6.657214164733887
4,thompson,1190,non_oz_thompson,6.867652893066406
4,thompson,1190,contested,5.582389831542969
4,thompson,1191,train,3.144785463809967
4,thompson,1191,baum,6.0788733959198
4,thompson,1191,thompson,5.681178569793701
4,thompson,1191,dickens,8.057567649417454
4,thompson,1191,melville,8.818518733978271
4,thompson,1191,wells,7.4980309009552
4,thompson,1191,austen,7.687792539596558
4,thompson,1191,fitzgerald,7.214261770248413
4,thompson,1191,twain,8.433565020561218
4,thompson,1191,non_oz_baum,6.634609699249268
4,thompson,1191,non_oz_thompson,6.8426549434661865
4,thompson,1191,contested,5.550277948379517
4,thompson,1192,train,3.121244251728058
4,thompson,1192,baum,6.104819059371948
4,thompson,1192,thompson,5.69352662563324
4,thompson,1192,dickens,8.083866967095268
4,thompson,1192,melville,8.842943668365479
4,thompson,1192,wells,7.523030042648315
4,thompson,1192,austen,7.712065696716309
4,thompson,1192,fitzgerald,7.242048501968384
4,thompson,1192,twain,8.466076612472534
4,thompson,1192,non_oz_baum,6.648808836936951
4,thompson,1192,non_oz_thompson,6.87152910232544
4,thompson,1192,contested,5.569864869117737
4,thompson,1193,train,3.159650295972824
4,thompson,1193,baum,6.100063443183899
4,thompson,1193,thompson,5.701371788978577
4,thompson,1193,dickens,8.081784124727603
4,thompson,1193,melville,8.85690097808838
4,thompson,1193,wells,7.550176739692688
4,thompson,1193,austen,7.728065808614095
4,thompson,1193,fitzgerald,7.246308962504069
4,thompson,1193,twain,8.476089239120483
4,thompson,1193,non_oz_baum,6.667619705200195
4,thompson,1193,non_oz_thompson,6.854972362518311
4,thompson,1193,contested,5.567308664321899
4,thompson,1194,train,3.1329677999019623
4,thompson,1194,baum,6.082935929298401
4,thompson,1194,thompson,5.678743839263916
4,thompson,1194,dickens,8.051571634080675
4,thompson,1194,melville,8.806818103790283
4,thompson,1194,wells,7.498093128204346
4,thompson,1194,austen,7.669984976450602
4,thompson,1194,fitzgerald,7.2137002150217695
4,thompson,1194,twain,8.430060148239136
4,thompson,1194,non_oz_baum,6.63792896270752
4,thompson,1194,non_oz_thompson,6.843554496765137
4,thompson,1194,contested,5.553213477134705
4,thompson,1195,train,3.1371963024139404
4,thompson,1195,baum,6.09470808506012
4,thompson,1195,thompson,5.695154547691345
4,thompson,1195,dickens,8.081511903692174
4,thompson,1195,melville,8.832635974884033
4,thompson,1195,wells,7.51959228515625
4,thompson,1195,austen,7.710187514623006
4,thompson,1195,fitzgerald,7.23462454477946
4,thompson,1195,twain,8.450424671173096
4,thompson,1195,non_oz_baum,6.6454538106918335
4,thompson,1195,non_oz_thompson,6.863221645355225
4,thompson,1195,contested,5.5584704875946045
4,thompson,1196,train,3.1266015768051147
4,thompson,1196,baum,6.091036915779114
4,thompson,1196,thompson,5.70035445690155
4,thompson,1196,dickens,8.092241764068604
4,thompson,1196,melville,8.837998294830323
4,thompson,1196,wells,7.505087852478027
4,thompson,1196,austen,7.697438398996989
4,thompson,1196,fitzgerald,7.222158114115397
4,thompson,1196,twain,8.438711941242218
4,thompson,1196,non_oz_baum,6.6479398012161255
4,thompson,1196,non_oz_thompson,6.851113796234131
4,thompson,1196,contested,5.559685707092285
4,thompson,1197,train,3.1315304040908813
4,thompson,1197,baum,6.098953008651733
4,thompson,1197,thompson,5.687356948852539
4,thompson,1197,dickens,8.13546352033262
4,thompson,1197,melville,8.894720268249511
4,thompson,1197,wells,7.563360810279846
4,thompson,1197,austen,7.749545415242513
4,thompson,1197,fitzgerald,7.260544141133626
4,thompson,1197,twain,8.50258618593216
4,thompson,1197,non_oz_baum,6.672852277755737
4,thompson,1197,non_oz_thompson,6.872345924377441
4,thompson,1197,contested,5.578412771224976
4,thompson,1198,train,3.122663378715515
4,thompson,1198,baum,6.12278687953949
4,thompson,1198,thompson,5.709054589271545
4,thompson,1198,dickens,8.136135030675817
4,thompson,1198,melville,8.904710674285889
4,thompson,1198,wells,7.581827044486999
4,thompson,1198,austen,7.770182132720947
4,thompson,1198,fitzgerald,7.286020596822103
4,thompson,1198,twain,8.512165069580078
4,thompson,1198,non_oz_baum,6.680651783943176
4,thompson,1198,non_oz_thompson,6.893695592880249
4,thompson,1198,contested,5.588178992271423
4,thompson,1199,train,3.1263912320137024
4,thompson,1199,baum,6.095547795295715
4,thompson,1199,thompson,5.682321310043335
4,thompson,1199,dickens,8.066645604592782
4,thompson,1199,melville,8.826425933837891
4,thompson,1199,wells,7.515981316566467
4,thompson,1199,austen,7.706566095352173
4,thompson,1199,fitzgerald,7.222986221313477
4,thompson,1199,twain,8.437534809112549
4,thompson,1199,non_oz_baum,6.65372633934021
4,thompson,1199,non_oz_thompson,6.842239141464233
4,thompson,1199,contested,5.5656784772872925
4,thompson,1200,train,3.130977213382721
4,thompson,1200,baum,6.1239283084869385
4,thompson,1200,thompson,5.7134116888046265
4,thompson,1200,dickens,8.13095924589369
4,thompson,1200,melville,8.89949312210083
4,thompson,1200,wells,7.565417051315308
4,thompson,1200,austen,7.765555222829183
4,thompson,1200,fitzgerald,7.267495075861613
4,thompson,1200,twain,8.51162302494049
4,thompson,1200,non_oz_baum,6.6773412227630615
4,thompson,1200,non_oz_thompson,6.883780002593994
4,thompson,1200,contested,5.587827682495117
4,thompson,1201,train,3.132612109184265
4,thompson,1201,baum,6.132550358772278
4,thompson,1201,thompson,5.732625961303711
4,thompson,1201,dickens,8.146709283192953
4,thompson,1201,melville,8.935340309143067
4,thompson,1201,wells,7.583011507987976
4,thompson,1201,austen,7.791782061258952
4,thompson,1201,fitzgerald,7.297232707341512
4,thompson,1201,twain,8.527263939380646
4,thompson,1201,non_oz_baum,6.687427639961243
4,thompson,1201,non_oz_thompson,6.897008180618286
4,thompson,1201,contested,5.598155736923218
4,thompson,1202,train,3.132589668035507
4,thompson,1202,baum,6.1090861558914185
4,thompson,1202,thompson,5.689425230026245
4,thompson,1202,dickens,8.073794276626021
4,thompson,1202,melville,8.830798244476318
4,thompson,1202,wells,7.527201771736145
4,thompson,1202,austen,7.716077327728271
4,thompson,1202,fitzgerald,7.237813552220662
4,thompson,1202,twain,8.449165105819702
4,thompson,1202,non_oz_baum,6.667474389076233
4,thompson,1202,non_oz_thompson,6.858167886734009
4,thompson,1202,contested,5.576025366783142
4,thompson,1203,train,3.1124531626701355
4,thompson,1203,baum,6.1007198095321655
4,thompson,1203,thompson,5.686193108558655
4,thompson,1203,dickens,8.092428066112378
4,thompson,1203,melville,8.851062679290772
4,thompson,1203,wells,7.519978165626526
4,thompson,1203,austen,7.702199459075928
4,thompson,1203,fitzgerald,7.239515066146851
4,thompson,1203,twain,8.455523610115051
4,thompson,1203,non_oz_baum,6.647907137870789
4,thompson,1203,non_oz_thompson,6.864913463592529
4,thompson,1203,contested,5.5669697523117065
4,thompson,1204,train,3.101111501455307
4,thompson,1204,baum,6.108740568161011
4,thompson,1204,thompson,5.690765857696533
4,thompson,1204,dickens,8.05653589743155
4,thompson,1204,melville,8.804511451721192
4,thompson,1204,wells,7.496955275535583
4,thompson,1204,austen,7.69227663675944
4,thompson,1204,fitzgerald,7.219119310379028
4,thompson,1204,twain,8.410569071769714
4,thompson,1204,non_oz_baum,6.6524059772491455
4,thompson,1204,non_oz_thompson,6.854151248931885
4,thompson,1204,contested,5.582328200340271
4,thompson,1205,train,3.116040915250778
4,thompson,1205,baum,6.109463095664978
4,thompson,1205,thompson,5.712209820747376
4,thompson,1205,dickens,8.13794231414795
4,thompson,1205,melville,8.897922897338868
4,thompson,1205,wells,7.563466191291809
4,thompson,1205,austen,7.7524949709574384
4,thompson,1205,fitzgerald,7.268001317977905
4,thompson,1205,twain,8.503052473068237
4,thompson,1205,non_oz_baum,6.678695201873779
4,thompson,1205,non_oz_thompson,6.88364577293396
4,thompson,1205,contested,5.587437629699707
4,thompson,1206,train,3.1193458437919617
4,thompson,1206,baum,6.098652362823486
4,thompson,1206,thompson,5.685361981391907
4,thompson,1206,dickens,8.090187726197419
4,thompson,1206,melville,8.872201824188233
4,thompson,1206,wells,7.525066375732422
4,thompson,1206,austen,7.715831995010376
4,thompson,1206,fitzgerald,7.245699961980184
4,thompson,1206,twain,8.484289348125458
4,thompson,1206,non_oz_baum,6.652732729911804
4,thompson,1206,non_oz_thompson,6.863157272338867
4,thompson,1206,contested,5.57209038734436
4,thompson,1207,train,3.1125987768173218
4,thompson,1207,baum,6.118232011795044
4,thompson,1207,thompson,5.699156999588013
4,thompson,1207,dickens,8.135866765622739
4,thompson,1207,melville,8.942227363586426
4,thompson,1207,wells,7.597577810287476
4,thompson,1207,austen,7.779493411382039
4,thompson,1207,fitzgerald,7.286813179651896
4,thompson,1207,twain,8.557120501995087
4,thompson,1207,non_oz_baum,6.682366609573364
4,thompson,1207,non_oz_thompson,6.888031005859375
4,thompson,1207,contested,5.59497332572937
4,thompson,1208,train,3.110118329524994
4,thompson,1208,baum,6.126474022865295
4,thompson,1208,thompson,5.700488448143005
4,thompson,1208,dickens,8.109962145487467
4,thompson,1208,melville,8.916745471954346
4,thompson,1208,wells,7.576064586639404
4,thompson,1208,austen,7.7634782791137695
4,thompson,1208,fitzgerald,7.279450178146362
4,thompson,1208,twain,8.520810186862946
4,thompson,1208,non_oz_baum,6.688191533088684
4,thompson,1208,non_oz_thompson,6.880787372589111
4,thompson,1208,contested,5.589476585388184
4,thompson,1209,train,3.115690916776657
4,thompson,1209,baum,6.131956219673157
4,thompson,1209,thompson,5.730518221855164
4,thompson,1209,dickens,8.16466615818165
4,thompson,1209,melville,8.96844940185547
4,thompson,1209,wells,7.597609162330627
4,thompson,1209,austen,7.781375249226888
4,thompson,1209,fitzgerald,7.300096750259399
4,thompson,1209,twain,8.554985582828522
4,thompson,1209,non_oz_baum,6.691359519958496
4,thompson,1209,non_oz_thompson,6.904983758926392
4,thompson,1209,contested,5.594656229019165
4,thompson,1210,train,3.100577145814896
4,thompson,1210,baum,6.108523845672607
4,thompson,1210,thompson,5.679792404174805
4,thompson,1210,dickens,8.078948586075395
4,thompson,1210,melville,8.869235610961914
4,thompson,1210,wells,7.532500982284546
4,thompson,1210,austen,7.72949481010437
4,thompson,1210,fitzgerald,7.239607175191243
4,thompson,1210,twain,8.467514455318451
4,thompson,1210,non_oz_baum,6.656254529953003
4,thompson,1210,non_oz_thompson,6.8604583740234375
4,thompson,1210,contested,5.580844283103943
4,thompson,1211,train,3.099502980709076
4,thompson,1211,baum,6.137421369552612
4,thompson,1211,thompson,5.713525414466858
4,thompson,1211,dickens,8.166222466362846
4,thompson,1211,melville,8.968091201782226
4,thompson,1211,wells,7.607283473014831
4,thompson,1211,austen,7.800017913182576
4,thompson,1211,fitzgerald,7.313633759816487
4,thompson,1211,twain,8.569858610630035
4,thompson,1211,non_oz_baum,6.692839980125427
4,thompson,1211,non_oz_thompson,6.910415649414063
4,thompson,1211,contested,5.607983112335205
4,thompson,1212,train,3.1122931241989136
4,thompson,1212,baum,6.131895065307617
4,thompson,1212,thompson,5.717626571655273
4,thompson,1212,dickens,8.151014204378482
4,thompson,1212,melville,8.954334163665772
4,thompson,1212,wells,7.583040237426758
4,thompson,1212,austen,7.779902855555217
4,thompson,1212,fitzgerald,7.294436852137248
4,thompson,1212,twain,8.54073679447174
4,thompson,1212,non_oz_baum,6.690889120101929
4,thompson,1212,non_oz_thompson,6.899003267288208
4,thompson,1212,contested,5.599498748779297
4,thompson,1213,train,3.1092651784420013
4,thompson,1213,baum,6.145988583564758
4,thompson,1213,thompson,5.715736389160156
4,thompson,1213,dickens,8.173208766513401
4,thompson,1213,melville,8.967130565643311
4,thompson,1213,wells,7.607890963554382
4,thompson,1213,austen,7.805337985356648
4,thompson,1213,fitzgerald,7.316593090693156
4,thompson,1213,twain,8.571253299713135
4,thompson,1213,non_oz_baum,6.72394609451294
4,thompson,1213,non_oz_thompson,6.908215761184692
4,thompson,1213,contested,5.614397048950195
4,thompson,1214,train,3.1089350283145905
4,thompson,1214,baum,6.145746469497681
4,thompson,1214,thompson,5.725465059280396
4,thompson,1214,dickens,8.184636822453252
4,thompson,1214,melville,8.984464740753173
4,thompson,1214,wells,7.6124162673950195
4,thompson,1214,austen,7.818437814712524
4,thompson,1214,fitzgerald,7.3187149365743
4,thompson,1214,twain,8.558968901634216
4,thompson,1214,non_oz_baum,6.709876179695129
4,thompson,1214,non_oz_thompson,6.914172172546387
4,thompson,1214,contested,5.610184192657471
4,thompson,1215,train,3.1161989271640778
4,thompson,1215,baum,6.098037481307983
4,thompson,1215,thompson,5.683603286743164
4,thompson,1215,dickens,8.056174719775164
4,thompson,1215,melville,8.808171844482422
4,thompson,1215,wells,7.514820218086243
4,thompson,1215,austen,7.701291561126709
4,thompson,1215,fitzgerald,7.226643800735474
4,thompson,1215,twain,8.423819243907928
4,thompson,1215,non_oz_baum,6.649298071861267
4,thompson,1215,non_oz_thompson,6.854316234588623
4,thompson,1215,contested,5.574721097946167
4,thompson,1216,train,3.097714006900788
4,thompson,1216,baum,6.129318356513977
4,thompson,1216,thompson,5.710550785064697
4,thompson,1216,dickens,8.147488435109457
4,thompson,1216,melville,8.925204372406006
4,thompson,1216,wells,7.585760951042175
4,thompson,1216,austen,7.78028392791748
4,thompson,1216,fitzgerald,7.28969685236613
4,thompson,1216,twain,8.53770124912262
4,thompson,1216,non_oz_baum,6.692168354988098
4,thompson,1216,non_oz_thompson,6.898386240005493
4,thompson,1216,contested,5.599260330200195
4,thompson,1217,train,3.091470956802368
4,thompson,1217,baum,6.132709383964539
4,thompson,1217,thompson,5.702010869979858
4,thompson,1217,dickens,8.1123948097229
4,thompson,1217,melville,8.870482349395752
4,thompson,1217,wells,7.548334360122681
4,thompson,1217,austen,7.750144561131795
4,thompson,1217,fitzgerald,7.26459280649821
4,thompson,1217,twain,8.470160782337189
4,thompson,1217,non_oz_baum,6.6842721700668335
4,thompson,1217,non_oz_thompson,6.880023241043091
4,thompson,1217,contested,5.595840692520142
4,thompson,1218,train,3.099207788705826
4,thompson,1218,baum,6.158597588539124
4,thompson,1218,thompson,5.724927306175232
4,thompson,1218,dickens,8.19623777601454
4,thompson,1218,melville,8.95852632522583
4,thompson,1218,wells,7.609498620033264
4,thompson,1218,austen,7.826622645060222
4,thompson,1218,fitzgerald,7.322964588801066
4,thompson,1218,twain,8.571937322616577
4,thompson,1218,non_oz_baum,6.724690437316895
4,thompson,1218,non_oz_thompson,6.930374622344971
4,thompson,1218,contested,5.611203193664551
4,thompson,1219,train,3.107425808906555
4,thompson,1219,baum,6.122939944267273
4,thompson,1219,thompson,5.700585842132568
4,thompson,1219,dickens,8.106980588701036
4,thompson,1219,melville,8.86749095916748
4,thompson,1219,wells,7.54555356502533
4,thompson,1219,austen,7.747445742289226
4,thompson,1219,fitzgerald,7.260417779286702
4,thompson,1219,twain,8.479920983314514
4,thompson,1219,non_oz_baum,6.691464185714722
4,thompson,1219,non_oz_thompson,6.87810754776001
4,thompson,1219,contested,5.58366584777832
4,thompson,1220,train,3.096485435962677
4,thompson,1220,baum,6.119884490966797
4,thompson,1220,thompson,5.691290020942688
4,thompson,1220,dickens,8.12528986401028
4,thompson,1220,melville,8.893564605712891
4,thompson,1220,wells,7.561090111732483
4,thompson,1220,austen,7.740062713623047
4,thompson,1220,fitzgerald,7.278291702270508
4,thompson,1220,twain,8.506322920322418
4,thompson,1220,non_oz_baum,6.679901838302612
4,thompson,1220,non_oz_thompson,6.885991811752319
4,thompson,1220,contested,5.589251637458801
4,thompson,1221,train,3.098883807659149
4,thompson,1221,baum,6.114187836647034
4,thompson,1221,thompson,5.683344006538391
4,thompson,1221,dickens,8.09393043871279
4,thompson,1221,melville,8.86525592803955
4,thompson,1221,wells,7.528672933578491
4,thompson,1221,austen,7.719957590103149
4,thompson,1221,fitzgerald,7.246799389521281
4,thompson,1221,twain,8.46384209394455
4,thompson,1221,non_oz_baum,6.6682809591293335
4,thompson,1221,non_oz_thompson,6.868509769439697
4,thompson,1221,contested,5.582574129104614
4,thompson,1222,train,3.086180299520493
4,thompson,1222,baum,6.133426547050476
4,thompson,1222,thompson,5.703694701194763
4,thompson,1222,dickens,8.187290933397081
4,thompson,1222,melville,8.970788097381591
4,thompson,1222,wells,7.601493716239929
4,thompson,1222,austen,7.789260069529216
4,thompson,1222,fitzgerald,7.317512591679891
4,thompson,1222,twain,8.565150141716003
4,thompson,1222,non_oz_baum,6.695837020874023
4,thompson,1222,non_oz_thompson,6.915297985076904
4,thompson,1222,contested,5.6031811237335205
4,thompson,1223,train,3.101477831602097
4,thompson,1223,baum,6.125786423683167
4,thompson,1223,thompson,5.696009516716003
4,thompson,1223,dickens,8.148967954847548
4,thompson,1223,melville,8.942968082427978
4,thompson,1223,wells,7.5990971326828
4,thompson,1223,austen,7.782161315282186
4,thompson,1223,fitzgerald,7.296785116195679
4,thompson,1223,twain,8.540399968624115
4,thompson,1223,non_oz_baum,6.691352963447571
4,thompson,1223,non_oz_thompson,6.899839878082275
4,thompson,1223,contested,5.597962737083435
4,thompson,1224,train,3.089051991701126
4,thompson,1224,baum,6.1556396484375
4,thompson,1224,thompson,5.71791398525238
4,thompson,1224,dickens,8.202859525327328
4,thompson,1224,melville,9.010228252410888
4,thompson,1224,wells,7.648372650146484
4,thompson,1224,austen,7.825319687525432
4,thompson,1224,fitzgerald,7.336045026779175
4,thompson,1224,twain,8.601148426532745
4,thompson,1224,non_oz_baum,6.723694920539856
4,thompson,1224,non_oz_thompson,6.924566268920898
4,thompson,1224,contested,5.6189680099487305
4,thompson,1225,train,3.095179319381714
4,thompson,1225,baum,6.154184460639954
4,thompson,1225,thompson,5.732027530670166
4,thompson,1225,dickens,8.172284020317925
4,thompson,1225,melville,8.973042583465576
4,thompson,1225,wells,7.6283860206604
4,thompson,1225,austen,7.801685571670532
4,thompson,1225,fitzgerald,7.322544813156128
4,thompson,1225,twain,8.562390089035034
4,thompson,1225,non_oz_baum,6.718927025794983
4,thompson,1225,non_oz_thompson,6.923446893692017
4,thompson,1225,contested,5.6169410943984985
4,thompson,1226,train,3.079948455095291
4,thompson,1226,baum,6.142510294914246
4,thompson,1226,thompson,5.721625566482544
4,thompson,1226,dickens,8.14938034834685
4,thompson,1226,melville,8.962142848968506
4,thompson,1226,wells,7.626483678817749
4,thompson,1226,austen,7.798921187718709
4,thompson,1226,fitzgerald,7.312947511672974
4,thompson,1226,twain,8.551472783088684
4,thompson,1226,non_oz_baum,6.706931471824646
4,thompson,1226,non_oz_thompson,6.913079023361206
4,thompson,1226,contested,5.607035636901856
4,thompson,1227,train,3.073007375001908
4,thompson,1227,baum,6.142263054847717
4,thompson,1227,thompson,5.7065346240997314
4,thompson,1227,dickens,8.176019262384486
4,thompson,1227,melville,8.989957904815673
4,thompson,1227,wells,7.631706357002258
4,thompson,1227,austen,7.807584126790364
4,thompson,1227,fitzgerald,7.320744593938191
4,thompson,1227,twain,8.573623895645142
4,thompson,1227,non_oz_baum,6.710192680358887
4,thompson,1227,non_oz_thompson,6.913880825042725
4,thompson,1227,contested,5.6088926792144775
4,thompson,1228,train,3.082549214363098
4,thompson,1228,baum,6.148797869682312
4,thompson,1228,thompson,5.722679495811462
4,thompson,1228,dickens,8.181761141176578
4,thompson,1228,melville,8.966552352905273
4,thompson,1228,wells,7.638343334197998
4,thompson,1228,austen,7.814916769663493
4,thompson,1228,fitzgerald,7.330484549204509
4,thompson,1228,twain,8.571909189224243
4,thompson,1228,non_oz_baum,6.720231413841248
4,thompson,1228,non_oz_thompson,6.922945261001587
4,thompson,1228,contested,5.616112589836121
4,thompson,1229,train,3.0765283405780792
4,thompson,1229,baum,6.16030740737915
4,thompson,1229,thompson,5.727005481719971
4,thompson,1229,dickens,8.194786530953866
4,thompson,1229,melville,8.999870014190673
4,thompson,1229,wells,7.649919152259827
4,thompson,1229,austen,7.837337652842204
4,thompson,1229,fitzgerald,7.337163845698039
4,thompson,1229,twain,8.591827511787415
4,thompson,1229,non_oz_baum,6.7362165451049805
4,thompson,1229,non_oz_thompson,6.923833847045898
4,thompson,1229,contested,5.624290704727173
4,thompson,1230,train,3.089765042066574
4,thompson,1230,baum,6.170154094696045
4,thompson,1230,thompson,5.720297574996948
4,thompson,1230,dickens,8.214216779779505
4,thompson,1230,melville,8.991573524475097
4,thompson,1230,wells,7.650309085845947
4,thompson,1230,austen,7.847233374913533
4,thompson,1230,fitzgerald,7.354823350906372
4,thompson,1230,twain,8.605707228183746
4,thompson,1230,non_oz_baum,6.743409872055054
4,thompson,1230,non_oz_thompson,6.938768625259399
4,thompson,1230,contested,5.635456442832947
4,thompson,1231,train,3.0832319259643555
4,thompson,1231,baum,6.147305965423584
4,thompson,1231,thompson,5.708881258964539
4,thompson,1231,dickens,8.183128021381519
4,thompson,1231,melville,8.9624174118042
4,thompson,1231,wells,7.619771480560303
4,thompson,1231,austen,7.804707050323486
4,thompson,1231,fitzgerald,7.335317691167195
4,thompson,1231,twain,8.559363186359406
4,thompson,1231,non_oz_baum,6.715766191482544
4,thompson,1231,non_oz_thompson,6.9255969524383545
4,thompson,1231,contested,5.61832058429718
4,thompson,1232,train,3.084773659706116
4,thompson,1232,baum,6.154307246208191
4,thompson,1232,thompson,5.714632868766785
4,thompson,1232,dickens,8.1446410285102
4,thompson,1232,melville,8.946637058258057
4,thompson,1232,wells,7.616090536117554
4,thompson,1232,austen,7.805020332336426
4,thompson,1232,fitzgerald,7.332821687062581
4,thompson,1232,twain,8.544578552246094
4,thompson,1232,non_oz_baum,6.718833565711975
4,thompson,1232,non_oz_thompson,6.9112842082977295
4,thompson,1232,contested,5.620734453201294
4,thompson,1233,train,3.071921288967133
4,thompson,1233,baum,6.160532116889954
4,thompson,1233,thompson,5.728003263473511
4,thompson,1233,dickens,8.150315514317265
4,thompson,1233,melville,8.925016021728515
4,thompson,1233,wells,7.620469331741333
4,thompson,1233,austen,7.8076357046763105
4,thompson,1233,fitzgerald,7.324535369873047
4,thompson,1233,twain,8.542312502861023
4,thompson,1233,non_oz_baum,6.716087341308594
4,thompson,1233,non_oz_thompson,6.926546096801758
4,thompson,1233,contested,5.62188184261322
4,thompson,1234,train,3.0855846405029297
4,thompson,1234,baum,6.164515256881714
4,thompson,1234,thompson,5.718986988067627
4,thompson,1234,dickens,8.185781902737087
4,thompson,1234,melville,8.963989639282227
4,thompson,1234,wells,7.631864905357361
4,thompson,1234,austen,7.822084347407023
4,thompson,1234,fitzgerald,7.341771125793457
4,thompson,1234,twain,8.57372909784317
4,thompson,1234,non_oz_baum,6.7231141328811646
4,thompson,1234,non_oz_thompson,6.9347779750823975
4,thompson,1234,contested,5.624006032943726
4,thompson,1235,train,3.0592674016952515
4,thompson,1235,baum,6.162628889083862
4,thompson,1235,thompson,5.7316060066223145
4,thompson,1235,dickens,8.189120787161368
4,thompson,1235,melville,8.949639415740966
4,thompson,1235,wells,7.626350164413452
4,thompson,1235,austen,7.821487824122111
4,thompson,1235,fitzgerald,7.344763358434041
4,thompson,1235,twain,8.565839946269989
4,thompson,1235,non_oz_baum,6.730067014694214
4,thompson,1235,non_oz_thompson,6.940705299377441
4,thompson,1235,contested,5.631358623504639
4,thompson,1236,train,3.0573169887065887
4,thompson,1236,baum,6.173764586448669
4,thompson,1236,thompson,5.727632164955139
4,thompson,1236,dickens,8.192397205917924
4,thompson,1236,melville,8.966711044311523
4,thompson,1236,wells,7.640214204788208
4,thompson,1236,austen,7.844276189804077
4,thompson,1236,fitzgerald,7.362190405527751
4,thompson,1236,twain,8.579394280910492
4,thompson,1236,non_oz_baum,6.744259476661682
4,thompson,1236,non_oz_thompson,6.943195104598999
4,thompson,1236,contested,5.640813946723938
4,thompson,1237,train,3.081814795732498
4,thompson,1237,baum,6.153958559036255
4,thompson,1237,thompson,5.704025745391846
4,thompson,1237,dickens,8.141732180560076
4,thompson,1237,melville,8.906055545806884
4,thompson,1237,wells,7.592957615852356
4,thompson,1237,austen,7.794010003407796
4,thompson,1237,fitzgerald,7.3126265207926435
4,thompson,1237,twain,8.51538771390915
4,thompson,1237,non_oz_baum,6.709834218025208
4,thompson,1237,non_oz_thompson,6.916046380996704
4,thompson,1237,contested,5.617850065231323
4,thompson,1238,train,3.08577373623848
4,thompson,1238,baum,6.182032227516174
4,thompson,1238,thompson,5.740570783615112
4,thompson,1238,dickens,8.226472501401547
4,thompson,1238,melville,9.036154842376709
4,thompson,1238,wells,7.675476193428039
4,thompson,1238,austen,7.873446385065715
4,thompson,1238,fitzgerald,7.373845259348552
4,thompson,1238,twain,8.625442326068878
4,thompson,1238,non_oz_baum,6.746423602104187
4,thompson,1238,non_oz_thompson,6.966796636581421
4,thompson,1238,contested,5.649490475654602
4,thompson,1239,train,3.0548969507217407
4,thompson,1239,baum,6.183327913284302
4,thompson,1239,thompson,5.741753101348877
4,thompson,1239,dickens,8.230950602778682
4,thompson,1239,melville,9.043638706207275
4,thompson,1239,wells,7.668212413787842
4,thompson,1239,austen,7.877433856328328
4,thompson,1239,fitzgerald,7.374901692072551
4,thompson,1239,twain,8.631966650485992
4,thompson,1239,non_oz_baum,6.749598741531372
4,thompson,1239,non_oz_thompson,6.956900358200073
4,thompson,1239,contested,5.648627161979675
4,thompson,1240,train,3.0493875443935394
4,thompson,1240,baum,6.158916473388672
4,thompson,1240,thompson,5.728615880012512
4,thompson,1240,dickens,8.168567675131339
4,thompson,1240,melville,8.962315464019776
4,thompson,1240,wells,7.618309140205383
4,thompson,1240,austen,7.810305674870809
4,thompson,1240,fitzgerald,7.33093523979187
4,thompson,1240,twain,8.566949188709259
4,thompson,1240,non_oz_baum,6.727630496025085
4,thompson,1240,non_oz_thompson,6.93604850769043
4,thompson,1240,contested,5.6203227043151855
4,thompson,1241,train,3.0740641057491302
4,thompson,1241,baum,6.191644191741943
4,thompson,1241,thompson,5.747589588165283
4,thompson,1241,dickens,8.202082492687085
4,thompson,1241,melville,9.008299446105957
4,thompson,1241,wells,7.667784929275513
4,thompson,1241,austen,7.868406534194946
4,thompson,1241,fitzgerald,7.373073021570842
4,thompson,1241,twain,8.60495638847351
4,thompson,1241,non_oz_baum,6.767909646034241
4,thompson,1241,non_oz_thompson,6.949992895126343
4,thompson,1241,contested,5.655802488327026
4,thompson,1242,train,3.050825625658036
4,thompson,1242,baum,6.18392825126648
4,thompson,1242,thompson,5.744094729423523
4,thompson,1242,dickens,8.243603706359863
4,thompson,1242,melville,9.05071277618408
4,thompson,1242,wells,7.679157137870789
4,thompson,1242,austen,7.884124914805095
4,thompson,1242,fitzgerald,7.37913179397583
4,thompson,1242,twain,8.64326536655426
4,thompson,1242,non_oz_baum,6.747850179672241
4,thompson,1242,non_oz_thompson,6.96870756149292
4,thompson,1242,contested,5.640024542808533
4,thompson,1243,train,3.0562000572681427
4,thompson,1243,baum,6.160795450210571
4,thompson,1243,thompson,5.727132558822632
4,thompson,1243,dickens,8.164184411366781
4,thompson,1243,melville,8.943551063537598
4,thompson,1243,wells,7.624497294425964
4,thompson,1243,austen,7.793412844340007
4,thompson,1243,fitzgerald,7.328686157862346
4,thompson,1243,twain,8.553084671497345
4,thompson,1243,non_oz_baum,6.720796704292297
4,thompson,1243,non_oz_thompson,6.921342134475708
4,thompson,1243,contested,5.627249002456665
4,thompson,1244,train,3.063033729791641
4,thompson,1244,baum,6.166239976882935
4,thompson,1244,thompson,5.728548884391785
4,thompson,1244,dickens,8.187438293739602
4,thompson,1244,melville,8.976128387451173
4,thompson,1244,wells,7.623932123184204
4,thompson,1244,austen,7.820641756057739
4,thompson,1244,fitzgerald,7.339258273442586
4,thompson,1244,twain,8.58281683921814
4,thompson,1244,non_oz_baum,6.729802489280701
4,thompson,1244,non_oz_thompson,6.936375141143799
4,thompson,1244,contested,5.631799340248108
4,thompson,1245,train,3.0510718524456024
4,thompson,1245,baum,6.168759107589722
4,thompson,1245,thompson,5.731945514678955
4,thompson,1245,dickens,8.163839234246147
4,thompson,1245,melville,8.949149417877198
4,thompson,1245,wells,7.627095460891724
4,thompson,1245,austen,7.805123885472615
4,thompson,1245,fitzgerald,7.3286910851796465
4,thompson,1245,twain,8.55642718076706
4,thompson,1245,non_oz_baum,6.736243844032288
4,thompson,1245,non_oz_thompson,6.92348575592041
4,thompson,1245,contested,5.628733038902283
4,thompson,1246,train,3.059540033340454
4,thompson,1246,baum,6.154215097427368
4,thompson,1246,thompson,5.708805084228516
4,thompson,1246,dickens,8.150730892463967
4,thompson,1246,melville,8.938017654418946
4,thompson,1246,wells,7.612390875816345
4,thompson,1246,austen,7.7947483857472735
4,thompson,1246,fitzgerald,7.320620536804199
4,thompson,1246,twain,8.551884353160858
4,thompson,1246,non_oz_baum,6.718133807182312
4,thompson,1246,non_oz_thompson,6.92602014541626
4,thompson,1246,contested,5.622166752815247
4,thompson,1247,train,3.056402713060379
4,thompson,1247,baum,6.179800748825073
4,thompson,1247,thompson,5.736202001571655
4,thompson,1247,dickens,8.20749639581751
4,thompson,1247,melville,8.991239166259765
4,thompson,1247,wells,7.640199184417725
4,thompson,1247,austen,7.841297149658203
4,thompson,1247,fitzgerald,7.359776337941487
4,thompson,1247,twain,8.572043716907501
4,thompson,1247,non_oz_baum,6.756874442100525
4,thompson,1247,non_oz_thompson,6.95338773727417
4,thompson,1247,contested,5.648905515670776
4,thompson,1248,train,3.0359820127487183
4,thompson,1248,baum,6.192192792892456
4,thompson,1248,thompson,5.747930526733398
4,thompson,1248,dickens,8.218957759715893
4,thompson,1248,melville,8.995934867858887
4,thompson,1248,wells,7.671929121017456
4,thompson,1248,austen,7.852605581283569
4,thompson,1248,fitzgerald,7.380923112233479
4,thompson,1248,twain,8.5981565117836
4,thompson,1248,non_oz_baum,6.761571049690247
4,thompson,1248,non_oz_thompson,6.9654154777526855
4,thompson,1248,contested,5.657410979270935
4,thompson,1249,train,3.0364389419555664
4,thompson,1249,baum,6.162539601325989
4,thompson,1249,thompson,5.70997166633606
4,thompson,1249,dickens,8.15085670683119
4,thompson,1249,melville,8.931941795349122
4,thompson,1249,wells,7.614589214324951
4,thompson,1249,austen,7.801278591156006
4,thompson,1249,fitzgerald,7.329814990361531
4,thompson,1249,twain,8.546523094177246
4,thompson,1249,non_oz_baum,6.736385345458984
4,thompson,1249,non_oz_thompson,6.932255506515503
4,thompson,1249,contested,5.637378692626953
4,thompson,1250,train,3.0504432022571564
4,thompson,1250,baum,6.196951389312744
4,thompson,1250,thompson,5.75580644607544
4,thompson,1250,dickens,8.243348969353569
4,thompson,1250,melville,9.026109409332276
4,thompson,1250,wells,7.656598210334778
4,thompson,1250,austen,7.877922932306926
4,thompson,1250,fitzgerald,7.380987167358398
4,thompson,1250,twain,8.619381129741669
4,thompson,1250,non_oz_baum,6.762678980827332
4,thompson,1250,non_oz_thompson,6.964318752288818
4,thompson,1250,contested,5.665678143501282
4,thompson,1251,train,3.057266443967819
4,thompson,1251,baum,6.185330271720886
4,thompson,1251,thompson,5.7478461265563965
4,thompson,1251,dickens,8.201087669089988
4,thompson,1251,melville,8.990138339996339
4,thompson,1251,wells,7.656442284584045
4,thompson,1251,austen,7.846207777659099
4,thompson,1251,fitzgerald,7.361051877339681
4,thompson,1251,twain,8.591023743152618
4,thompson,1251,non_oz_baum,6.767935514450073
4,thompson,1251,non_oz_thompson,6.947738170623779
4,thompson,1251,contested,5.651302814483643
4,thompson,1252,train,3.0511105358600616
4,thompson,1252,baum,6.178311705589294
4,thompson,1252,thompson,5.749910235404968
4,thompson,1252,dickens,8.230580630125823
4,thompson,1252,melville,9.054963493347168
4,thompson,1252,wells,7.683621406555176
4,thompson,1252,austen,7.870647430419922
4,thompson,1252,fitzgerald,7.391308625539144
4,thompson,1252,twain,8.633302569389343
4,thompson,1252,non_oz_baum,6.762092232704163
4,thompson,1252,non_oz_thompson,6.966196537017822
4,thompson,1252,contested,5.649152517318726
4,thompson,1253,train,3.051414251327514
4,thompson,1253,baum,6.185207843780518
4,thompson,1253,thompson,5.744604468345642
4,thompson,1253,dickens,8.14827874854759
4,thompson,1253,melville,8.934418487548829
4,thompson,1253,wells,7.613385081291199
4,thompson,1253,austen,7.838486830393474
4,thompson,1253,fitzgerald,7.342609643936157
4,thompson,1253,twain,8.54283756017685
4,thompson,1253,non_oz_baum,6.753155827522278
4,thompson,1253,non_oz_thompson,6.943271398544312
4,thompson,1253,contested,5.644060492515564
4,thompson,1254,train,3.044136077165604
4,thompson,1254,baum,6.187140583992004
4,thompson,1254,thompson,5.749516129493713
4,thompson,1254,dickens,8.223475738807961
4,thompson,1254,melville,9.035799980163574
4,thompson,1254,wells,7.683008432388306
4,thompson,1254,austen,7.877174456914266
4,thompson,1254,fitzgerald,7.393083572387695
4,thompson,1254,twain,8.635300397872925
4,thompson,1254,non_oz_baum,6.760287404060364
4,thompson,1254,non_oz_thompson,6.970737457275391
4,thompson,1254,contested,5.6594555377960205
4,thompson,1255,train,3.0225658118724823
4,thompson,1255,baum,6.196823716163635
4,thompson,1255,thompson,5.751755952835083
4,thompson,1255,dickens,8.212893397719771
4,thompson,1255,melville,9.001653671264648
4,thompson,1255,wells,7.656846880912781
4,thompson,1255,austen,7.859738826751709
4,thompson,1255,fitzgerald,7.371368646621704
4,thompson,1255,twain,8.59987473487854
4,thompson,1255,non_oz_baum,6.771680235862732
4,thompson,1255,non_oz_thompson,6.958176851272583
4,thompson,1255,contested,5.663455605506897
4,thompson,1256,train,3.0382619500160217
4,thompson,1256,baum,6.176410913467407
4,thompson,1256,thompson,5.7374653816223145
4,thompson,1256,dickens,8.201942161277488
4,thompson,1256,melville,8.97236328125
4,thompson,1256,wells,7.646857380867004
4,thompson,1256,austen,7.847574234008789
4,thompson,1256,fitzgerald,7.367949724197388
4,thompson,1256,twain,8.592575311660767
4,thompson,1256,non_oz_baum,6.750983357429504
4,thompson,1256,non_oz_thompson,6.94766092300415
4,thompson,1256,contested,5.646212100982666
4,thompson,1257,train,3.0506538450717926
4,thompson,1257,baum,6.212165474891663
4,thompson,1257,thompson,5.766772508621216
4,thompson,1257,dickens,8.22203904611093
4,thompson,1257,melville,9.010558795928954
4,thompson,1257,wells,7.673476219177246
4,thompson,1257,austen,7.8918220202128095
4,thompson,1257,fitzgerald,7.401344537734985
4,thompson,1257,twain,8.602149546146393
4,thompson,1257,non_oz_baum,6.792459726333618
4,thompson,1257,non_oz_thompson,6.968597173690796
4,thompson,1257,contested,5.684447765350342
4,thompson,1258,train,3.026357620954513
4,thompson,1258,baum,6.210439443588257
4,thompson,1258,thompson,5.753368020057678
4,thompson,1258,dickens,8.272481423837167
4,thompson,1258,melville,9.057984352111816
4,thompson,1258,wells,7.704195261001587
4,thompson,1258,austen,7.9009599685668945
4,thompson,1258,fitzgerald,7.413018623987834
4,thompson,1258,twain,8.663132548332214
4,thompson,1258,non_oz_baum,6.7833491563797
4,thompson,1258,non_oz_thompson,6.996760129928589
4,thompson,1258,contested,5.674488544464111
4,thompson,1259,train,3.0452333986759186
4,thompson,1259,baum,6.193934321403503
4,thompson,1259,thompson,5.747891545295715
4,thompson,1259,dickens,8.231803558490894
4,thompson,1259,melville,9.023364734649656
4,thompson,1259,wells,7.659687399864197
4,thompson,1259,austen,7.854706605275472
4,thompson,1259,fitzgerald,7.383457183837891
4,thompson,1259,twain,8.609890162944794
4,thompson,1259,non_oz_baum,6.76532244682312
4,thompson,1259,non_oz_thompson,6.960204124450684
4,thompson,1259,contested,5.674466252326965
4,thompson,1260,train,3.025134265422821
4,thompson,1260,baum,6.213769316673279
4,thompson,1260,thompson,5.761725902557373
4,thompson,1260,dickens,8.277484363979763
4,thompson,1260,melville,9.093815231323244
4,thompson,1260,wells,7.716801524162292
4,thompson,1260,austen,7.918819665908813
4,thompson,1260,fitzgerald,7.414981524149577
4,thompson,1260,twain,8.672818779945374
4,thompson,1260,non_oz_baum,6.788827896118164
4,thompson,1260,non_oz_thompson,6.986521005630493
4,thompson,1260,contested,5.687535881996155
4,thompson,1261,train,3.0624578297138214
4,thompson,1261,baum,6.225086450576782
4,thompson,1261,thompson,5.7689656019210815
4,thompson,1261,dickens,8.297111617194282
4,thompson,1261,melville,9.108473777770996
4,thompson,1261,wells,7.738340258598328
4,thompson,1261,austen,7.933608293533325
4,thompson,1261,fitzgerald,7.422163248062134
4,thompson,1261,twain,8.691426932811737
4,thompson,1261,non_oz_baum,6.800099611282349
4,thompson,1261,non_oz_thompson,6.9955267906188965
4,thompson,1261,contested,5.6875797510147095
4,thompson,1262,train,3.0483999848365784
4,thompson,1262,baum,6.228124499320984
4,thompson,1262,thompson,5.756657004356384
4,thompson,1262,dickens,8.270794921451145
4,thompson,1262,melville,9.075471878051758
4,thompson,1262,wells,7.720301985740662
4,thompson,1262,austen,7.934330383936564
4,thompson,1262,fitzgerald,7.422146002451579
4,thompson,1262,twain,8.675662159919739
4,thompson,1262,non_oz_baum,6.806744575500488
4,thompson,1262,non_oz_thompson,6.993628025054932
4,thompson,1262,contested,5.684592127799988
4,thompson,1263,train,3.040158331394196
4,thompson,1263,baum,6.214673399925232
4,thompson,1263,thompson,5.745866417884827
4,thompson,1263,dickens,8.236545633386683
4,thompson,1263,melville,9.029354476928711
4,thompson,1263,wells,7.683198094367981
4,thompson,1263,austen,7.898003101348877
4,thompson,1263,fitzgerald,7.39241361618042
4,thompson,1263,twain,8.628497302532196
4,thompson,1263,non_oz_baum,6.785461068153381
4,thompson,1263,non_oz_thompson,6.969686508178711
4,thompson,1263,contested,5.668272256851196
4,thompson,1264,train,3.04973977804184
4,thompson,1264,baum,6.195036172866821
4,thompson,1264,thompson,5.740381360054016
4,thompson,1264,dickens,8.225347589563441
4,thompson,1264,melville,9.03039836883545
4,thompson,1264,wells,7.66238272190094
4,thompson,1264,austen,7.86182435353597
4,thompson,1264,fitzgerald,7.371558427810669
4,thompson,1264,twain,8.61806845664978
4,thompson,1264,non_oz_baum,6.767908453941345
4,thompson,1264,non_oz_thompson,6.95861029624939
4,thompson,1264,contested,5.6633540391922
4,thompson,1265,train,3.026384949684143
4,thompson,1265,baum,6.201775670051575
4,thompson,1265,thompson,5.738919973373413
4,thompson,1265,dickens,8.223158165260598
4,thompson,1265,melville,9.04523458480835
4,thompson,1265,wells,7.680803656578064
4,thompson,1265,austen,7.882150014241536
4,thompson,1265,fitzgerald,7.380846977233887
4,thompson,1265,twain,8.628786563873291
4,thompson,1265,non_oz_baum,6.775791525840759
4,thompson,1265,non_oz_thompson,6.961503505706787
4,thompson,1265,contested,5.664417266845703
4,thompson,1266,train,3.016842246055603
4,thompson,1266,baum,6.218246579170227
4,thompson,1266,thompson,5.75358772277832
4,thompson,1266,dickens,8.25059680585508
4,thompson,1266,melville,9.084128952026369
4,thompson,1266,wells,7.700250625610352
4,thompson,1266,austen,7.917372544606526
4,thompson,1266,fitzgerald,7.398801167805989
4,thompson,1266,twain,8.676364183425903
4,thompson,1266,non_oz_baum,6.790993571281433
4,thompson,1266,non_oz_thompson,6.9809770584106445
4,thompson,1266,contested,5.671054840087891
4,thompson,1267,train,3.016528815031052
4,thompson,1267,baum,6.2056964635849
4,thompson,1267,thompson,5.750554442405701
4,thompson,1267,dickens,8.234988035979095
4,thompson,1267,melville,9.048232078552246
4,thompson,1267,wells,7.673576593399048
4,thompson,1267,austen,7.881212631861369
4,thompson,1267,fitzgerald,7.379580020904541
4,thompson,1267,twain,8.630710482597351
4,thompson,1267,non_oz_baum,6.781719446182251
4,thompson,1267,non_oz_thompson,6.959420204162598
4,thompson,1267,contested,5.6702799797058105
4,thompson,1268,train,3.031010389328003
4,thompson,1268,baum,6.2291100025177
4,thompson,1268,thompson,5.785344243049622
4,thompson,1268,dickens,8.298703670501709
4,thompson,1268,melville,9.117778110504153
4,thompson,1268,wells,7.741459965705872
4,thompson,1268,austen,7.952868938446045
4,thompson,1268,fitzgerald,7.438553889592488
4,thompson,1268,twain,8.693538010120392
4,thompson,1268,non_oz_baum,6.818926811218262
4,thompson,1268,non_oz_thompson,6.999098062515259
4,thompson,1268,contested,5.688879489898682
4,thompson,1269,train,3.0186627209186554
4,thompson,1269,baum,6.218985319137573
4,thompson,1269,thompson,5.77465033531189
4,thompson,1269,dickens,8.266231978381121
4,thompson,1269,melville,9.083550071716308
4,thompson,1269,wells,7.705577492713928
4,thompson,1269,austen,7.929260492324829
4,thompson,1269,fitzgerald,7.412601073582967
4,thompson,1269,twain,8.66423487663269
4,thompson,1269,non_oz_baum,6.801595449447632
4,thompson,1269,non_oz_thompson,6.985421895980835
4,thompson,1269,contested,5.675273299217224
4,thompson,1270,train,3.0176007449626923
4,thompson,1270,baum,6.230469346046448
4,thompson,1270,thompson,5.768438458442688
4,thompson,1270,dickens,8.322383827633328
4,thompson,1270,melville,9.15181007385254
4,thompson,1270,wells,7.763720989227295
4,thompson,1270,austen,7.970077037811279
4,thompson,1270,fitzgerald,7.465190569559733
4,thompson,1270,twain,8.735072910785675
4,thompson,1270,non_oz_baum,6.824718594551086
4,thompson,1270,non_oz_thompson,7.016668081283569
4,thompson,1270,contested,5.685212016105652
4,thompson,1271,train,3.007369786500931
4,thompson,1271,baum,6.226506948471069
4,thompson,1271,thompson,5.764551281929016
4,thompson,1271,dickens,8.304530814841941
4,thompson,1271,melville,9.116218757629394
4,thompson,1271,wells,7.745565414428711
4,thompson,1271,austen,7.93992296854655
4,thompson,1271,fitzgerald,7.438069423039754
4,thompson,1271,twain,8.706254601478577
4,thompson,1271,non_oz_baum,6.81915009021759
4,thompson,1271,non_oz_thompson,7.008049964904785
4,thompson,1271,contested,5.689068078994751
4,thompson,1272,train,3.0270951986312866
4,thompson,1272,baum,6.217262983322144
4,thompson,1272,thompson,5.750559329986572
4,thompson,1272,dickens,8.22547001308865
4,thompson,1272,melville,9.028564071655271
4,thompson,1272,wells,7.667140364646912
4,thompson,1272,austen,7.876168171564738
4,thompson,1272,fitzgerald,7.385962168375651
4,thompson,1272,twain,8.607855439186096
4,thompson,1272,non_oz_baum,6.794331789016724
4,thompson,1272,non_oz_thompson,6.967666864395142
4,thompson,1272,contested,5.680654764175415
4,thompson,1273,train,3.0062460601329803
4,thompson,1273,baum,6.201149225234985
4,thompson,1273,thompson,5.749215364456177
4,thompson,1273,dickens,8.224454120353416
4,thompson,1273,melville,9.014994525909424
4,thompson,1273,wells,7.670523643493652
4,thompson,1273,austen,7.862190008163452
4,thompson,1273,fitzgerald,7.373075803120931
4,thompson,1273,twain,8.610997080802917
4,thompson,1273,non_oz_baum,6.773421883583069
4,thompson,1273,non_oz_thompson,6.971088886260986
4,thompson,1273,contested,5.668009281158447
4,thompson,1274,train,3.031617373228073
4,thompson,1274,baum,6.213533520698547
4,thompson,1274,thompson,5.735456109046936
4,thompson,1274,dickens,8.233225116023311
4,thompson,1274,melville,9.004489612579345
4,thompson,1274,wells,7.6717689037323
4,thompson,1274,austen,7.866358121236165
4,thompson,1274,fitzgerald,7.376285076141357
4,thompson,1274,twain,8.599794924259186
4,thompson,1274,non_oz_baum,6.7874414920806885
4,thompson,1274,non_oz_thompson,6.977780342102051
4,thompson,1274,contested,5.68239426612854
4,thompson,1275,train,3.013594388961792
4,thompson,1275,baum,6.203448176383972
4,thompson,1275,thompson,5.739359378814697
4,thompson,1275,dickens,8.222962308813024
4,thompson,1275,melville,8.989619541168214
4,thompson,1275,wells,7.661179900169373
4,thompson,1275,austen,7.854753255844116
4,thompson,1275,fitzgerald,7.367811918258667
4,thompson,1275,twain,8.598607659339905
4,thompson,1275,non_oz_baum,6.7708622217178345
4,thompson,1275,non_oz_thompson,6.962658643722534
4,thompson,1275,contested,5.655841112136841
4,thompson,1276,train,3.020462661981582
4,thompson,1276,baum,6.230539917945862
4,thompson,1276,thompson,5.750571370124817
4,thompson,1276,dickens,8.297536920618128
4,thompson,1276,melville,9.098973751068115
4,thompson,1276,wells,7.740269422531128
4,thompson,1276,austen,7.929523309071858
4,thompson,1276,fitzgerald,7.443960825602214
4,thompson,1276,twain,8.696643233299255
4,thompson,1276,non_oz_baum,6.805133104324341
4,thompson,1276,non_oz_thompson,7.016342639923096
4,thompson,1276,contested,5.695373177528381
4,thompson,1277,train,3.012481123209
4,thompson,1277,baum,6.241143465042114
4,thompson,1277,thompson,5.765479922294617
4,thompson,1277,dickens,8.261019318192094
4,thompson,1277,melville,9.039366149902344
4,thompson,1277,wells,7.722254157066345
4,thompson,1277,austen,7.912819147109985
4,thompson,1277,fitzgerald,7.420124689737956
4,thompson,1277,twain,8.6557856798172
4,thompson,1277,non_oz_baum,6.806747317314148
4,thompson,1277,non_oz_thompson,7.004739284515381
4,thompson,1277,contested,5.696432590484619
4,thompson,1278,train,3.0172051787376404
4,thompson,1278,baum,6.217995524406433
4,thompson,1278,thompson,5.749849319458008
4,thompson,1278,dickens,8.247225372879594
4,thompson,1278,melville,9.029202365875244
4,thompson,1278,wells,7.683701038360596
4,thompson,1278,austen,7.880317211151123
4,thompson,1278,fitzgerald,7.397445360819499
4,thompson,1278,twain,8.618003964424133
4,thompson,1278,non_oz_baum,6.787802219390869
4,thompson,1278,non_oz_thompson,6.971896648406982
4,thompson,1278,contested,5.677820920944214
4,thompson,1279,train,3.0105559527874
4,thompson,1279,baum,6.223832488059998
4,thompson,1279,thompson,5.759901285171509
4,thompson,1279,dickens,8.266640733789515
4,thompson,1279,melville,9.055078125
4,thompson,1279,wells,7.6943546533584595
4,thompson,1279,austen,7.908442815144856
4,thompson,1279,fitzgerald,7.411249796549479
4,thompson,1279,twain,8.64931607246399
4,thompson,1279,non_oz_baum,6.793200850486755
4,thompson,1279,non_oz_thompson,6.998745679855347
4,thompson,1279,contested,5.68565571308136
4,thompson,1280,train,3.029579520225525
4,thompson,1280,baum,6.204801321029663
4,thompson,1280,thompson,5.743863940238953
4,thompson,1280,dickens,8.22999072957922
4,thompson,1280,melville,9.030839920043944
4,thompson,1280,wells,7.682732820510864
4,thompson,1280,austen,7.873756885528564
4,thompson,1280,fitzgerald,7.388882875442505
4,thompson,1280,twain,8.621239006519318
4,thompson,1280,non_oz_baum,6.785948157310486
4,thompson,1280,non_oz_thompson,6.976667165756226
4,thompson,1280,contested,5.6724700927734375
4,thompson,1281,train,2.992529034614563
4,thompson,1281,baum,6.217597723007202
4,thompson,1281,thompson,5.744456171989441
4,thompson,1281,dickens,8.254521882092511
4,thompson,1281,melville,9.029128742218017
4,thompson,1281,wells,7.666579246520996
4,thompson,1281,austen,7.880695740381877
4,thompson,1281,fitzgerald,7.38688604036967
4,thompson,1281,twain,8.611130774021149
4,thompson,1281,non_oz_baum,6.792274355888367
4,thompson,1281,non_oz_thompson,6.977227210998535
4,thompson,1281,contested,5.687228798866272
