seed,train_author,epochs_completed,loss_dataset,loss_value
2,melville,0,baum,10.845858573913574
2,melville,0,thompson,10.833414316177368
2,melville,0,dickens,10.837429841359455
2,melville,0,melville,10.847945213317873
2,melville,0,wells,10.841429471969604
2,melville,0,austen,10.837407112121582
2,melville,0,fitzgerald,10.83336877822876
2,melville,0,twain,10.837148348490397
2,melville,1,train,10.763237380981446
2,melville,1,baum,10.681308507919312
2,melville,1,thompson,10.685932636260986
2,melville,1,dickens,10.665351470311483
2,melville,1,melville,10.661423285802206
2,melville,1,wells,10.678560654322306
2,melville,1,austen,10.684463500976562
2,melville,1,fitzgerald,10.696162700653076
2,melville,1,twain,10.67478926976522
2,melville,2,train,10.627078437805176
2,melville,2,baum,10.613133907318115
2,melville,2,thompson,10.620753526687622
2,melville,2,dickens,10.593846400578816
2,melville,2,melville,10.586479822794596
2,melville,2,wells,10.608795642852783
2,melville,2,austen,10.61598014831543
2,melville,2,fitzgerald,10.633743286132812
2,melville,2,twain,10.604451974232992
2,melville,3,train,10.561544609069824
2,melville,3,baum,10.564232587814333
2,melville,3,thompson,10.575364112854004
2,melville,3,dickens,10.54344081878662
2,melville,3,melville,10.534785509109495
2,melville,3,wells,10.560587962468466
2,melville,3,austen,10.57012701034546
2,melville,3,fitzgerald,10.58897097905477
2,melville,3,twain,10.554993788401283
2,melville,4,train,10.511192321777344
2,melville,4,baum,10.521405935287476
2,melville,4,thompson,10.534950733184814
2,melville,4,dickens,10.499651432037354
2,melville,4,melville,10.491542418797811
2,melville,4,wells,10.51938565572103
2,melville,4,austen,10.530689716339111
2,melville,4,fitzgerald,10.548340956370035
2,melville,4,twain,10.512060960133873
2,melville,5,train,10.467377090454102
2,melville,5,baum,10.480698347091677
2,melville,5,thompson,10.495014190673828
2,melville,5,dickens,10.459065198898315
2,melville,5,melville,10.450013796488443
2,melville,5,wells,10.479960123697916
2,melville,5,austen,10.492396354675291
2,melville,5,fitzgerald,10.507720629374186
2,melville,5,twain,10.470980962117514
2,melville,6,train,10.417540168762208
2,melville,6,baum,10.440199136734009
2,melville,6,thompson,10.454691886901855
2,melville,6,dickens,10.418665329615274
2,melville,6,melville,10.408035596211752
2,melville,6,wells,10.439412355422974
2,melville,6,austen,10.45216703414917
2,melville,6,fitzgerald,10.466129144032797
2,melville,6,twain,10.429671923319498
2,melville,7,train,10.374083518981934
2,melville,7,baum,10.398796796798706
2,melville,7,thompson,10.413926839828491
2,melville,7,dickens,10.37673044204712
2,melville,7,melville,10.364941279093424
2,melville,7,wells,10.397533734639486
2,melville,7,austen,10.40969705581665
2,melville,7,fitzgerald,10.423959096272789
2,melville,7,twain,10.38664404551188
2,melville,8,train,10.327391624450684
2,melville,8,baum,10.35633635520935
2,melville,8,thompson,10.372093915939333
2,melville,8,dickens,10.333046515782677
2,melville,8,melville,10.32124400138855
2,melville,8,wells,10.35466726620992
2,melville,8,austen,10.365594863891602
2,melville,8,fitzgerald,10.381151994069418
2,melville,8,twain,10.342036724090576
2,melville,9,train,10.28027286529541
2,melville,9,baum,10.313385486602783
2,melville,9,thompson,10.329636573791504
2,melville,9,dickens,10.288794040679932
2,melville,9,melville,10.276930967966717
2,melville,9,wells,10.31131378809611
2,melville,9,austen,10.32131290435791
2,melville,9,fitzgerald,10.338106950124104
2,melville,9,twain,10.297170321146648
2,melville,10,train,10.236215019226076
2,melville,10,baum,10.269295930862429
2,melville,10,thompson,10.286253452301024
2,melville,10,dickens,10.244067351023356
2,melville,10,melville,10.23102879524231
2,melville,10,wells,10.268216609954834
2,melville,10,austen,10.277894020080566
2,melville,10,fitzgerald,10.29419215520223
2,melville,10,twain,10.252140522003174
2,melville,11,train,10.17904586791992
2,melville,11,baum,10.2243914604187
2,melville,11,thompson,10.242151975631714
2,melville,11,dickens,10.198615868886312
2,melville,11,melville,10.18436066309611
2,melville,11,wells,10.224488496780396
2,melville,11,austen,10.234272956848145
2,melville,11,fitzgerald,10.249483267466228
2,melville,11,twain,10.20640261967977
2,melville,12,train,10.1308349609375
2,melville,12,baum,10.179253578186035
2,melville,12,thompson,10.198076963424684
2,melville,12,dickens,10.152413368225098
2,melville,12,melville,10.13788636525472
2,melville,12,wells,10.180427471796673
2,melville,12,austen,10.189510345458984
2,melville,12,fitzgerald,10.204774220784506
2,melville,12,twain,10.16025972366333
2,melville,13,train,10.081586456298828
2,melville,13,baum,10.134250164031982
2,melville,13,thompson,10.15351939201355
2,melville,13,dickens,10.106282790501911
2,melville,13,melville,10.091807762781778
2,melville,13,wells,10.135504166285196
2,melville,13,austen,10.143592834472656
2,melville,13,fitzgerald,10.15962298711141
2,melville,13,twain,10.11384948094686
2,melville,14,train,10.035195541381835
2,melville,14,baum,10.088648557662964
2,melville,14,thompson,10.108100175857544
2,melville,14,dickens,10.059710105260214
2,melville,14,melville,10.046148459116615
2,melville,14,wells,10.089982668558756
2,melville,14,austen,10.096290588378906
2,melville,14,fitzgerald,10.113294919331867
2,melville,14,twain,10.066803296407064
2,melville,15,train,9.98047332763672
2,melville,15,baum,10.042679786682127
2,melville,15,thompson,10.063309907913208
2,melville,15,dickens,10.012591282526651
2,melville,15,melville,9.998541196187338
2,melville,15,wells,10.04540506998698
2,melville,15,austen,10.0506272315979
2,melville,15,fitzgerald,10.067391236623129
2,melville,15,twain,10.019781112670898
2,melville,16,train,9.933070373535156
2,melville,16,baum,9.997547388076782
2,melville,16,thompson,10.019679307937622
2,melville,16,dickens,9.966301759084066
2,melville,16,melville,9.951284726460775
2,melville,16,wells,10.00199540456136
2,melville,16,austen,10.00639295578003
2,melville,16,fitzgerald,10.02344258626302
2,melville,16,twain,9.973552385965982
2,melville,17,train,9.878400993347167
2,melville,17,baum,9.951952934265137
2,melville,17,thompson,9.974731922149658
2,melville,17,dickens,9.919754107793173
2,melville,17,melville,9.904734134674072
2,melville,17,wells,9.956908146540323
2,melville,17,austen,9.960607528686523
2,melville,17,fitzgerald,9.978200117746988
2,melville,17,twain,9.926565806070965
2,melville,18,train,9.830788230895996
2,melville,18,baum,9.907068014144896
2,melville,18,thompson,9.930171251296995
2,melville,18,dickens,9.873696486155191
2,melville,18,melville,9.858288049697876
2,melville,18,wells,9.911900917689003
2,melville,18,austen,9.915375709533691
2,melville,18,fitzgerald,9.932796637217203
2,melville,18,twain,9.880791028340658
2,melville,19,train,9.781378936767576
2,melville,19,baum,9.862424612045288
2,melville,19,thompson,9.886757135391235
2,melville,19,dickens,9.827338854471842
2,melville,19,melville,9.811798890431724
2,melville,19,wells,9.868565797805786
2,melville,19,austen,9.870733737945557
2,melville,19,fitzgerald,9.888545672098797
2,melville,19,twain,9.835675875345864
2,melville,20,train,9.72731418609619
2,melville,20,baum,9.817479372024536
2,melville,20,thompson,9.843089580535889
2,melville,20,dickens,9.78100077311198
2,melville,20,melville,9.765777269999186
2,melville,20,wells,9.82436219851176
2,melville,20,austen,9.824557304382324
2,melville,20,fitzgerald,9.8439515431722
2,melville,20,twain,9.789306640625
2,melville,21,train,9.687501907348633
2,melville,21,baum,9.77336812019348
2,melville,21,thompson,9.799713611602783
2,melville,21,dickens,9.73602326711019
2,melville,21,melville,9.720110813776651
2,melville,21,wells,9.781112591425575
2,melville,21,austen,9.780879974365234
2,melville,21,fitzgerald,9.79997936884562
2,melville,21,twain,9.743955771128336
2,melville,22,train,9.630471229553224
2,melville,22,baum,9.729811668395996
2,melville,22,thompson,9.75676441192627
2,melville,22,dickens,9.691181500752768
2,melville,22,melville,9.674923737843832
2,melville,22,wells,9.737870852152506
2,melville,22,austen,9.736984729766846
2,melville,22,fitzgerald,9.756151994069418
2,melville,22,twain,9.699499130249023
2,melville,23,train,9.590800476074218
2,melville,23,baum,9.686515808105469
2,melville,23,thompson,9.71454930305481
2,melville,23,dickens,9.646621942520142
2,melville,23,melville,9.630500634511312
2,melville,23,wells,9.694658597310385
2,melville,23,austen,9.69212245941162
2,melville,23,fitzgerald,9.713231086730955
2,melville,23,twain,9.655335585276283
2,melville,24,train,9.530001449584962
2,melville,24,baum,9.643512725830078
2,melville,24,thompson,9.67296862602234
2,melville,24,dickens,9.60235627492269
2,melville,24,melville,9.585848331451416
2,melville,24,wells,9.653156836827597
2,melville,24,austen,9.649640560150146
2,melville,24,fitzgerald,9.67158587773641
2,melville,24,twain,9.611579100290934
2,melville,25,train,9.48963508605957
2,melville,25,baum,9.600205183029177
2,melville,25,thompson,9.630645275115969
2,melville,25,dickens,9.55837639172872
2,melville,25,melville,9.541716972986857
2,melville,25,wells,9.611159086227415
2,melville,25,austen,9.607369899749756
2,melville,25,fitzgerald,9.628915945688885
2,melville,25,twain,9.567418893178305
2,melville,26,train,9.445269584655762
2,melville,26,baum,9.558802604675291
2,melville,26,thompson,9.590034008026125
2,melville,26,dickens,9.515674591064451
2,melville,26,melville,9.498374859491983
2,melville,26,wells,9.569738467534384
2,melville,26,austen,9.564393520355225
2,melville,26,fitzgerald,9.58751630783081
2,melville,26,twain,9.52509864171346
2,melville,27,train,9.397847557067871
2,melville,27,baum,9.516844511032104
2,melville,27,thompson,9.549322605133057
2,melville,27,dickens,9.4730490843455
2,melville,27,melville,9.455239057540894
2,melville,27,wells,9.528175751368204
2,melville,27,austen,9.522363185882568
2,melville,27,fitzgerald,9.54619805018107
2,melville,27,twain,9.481959025065104
2,melville,28,train,9.351561737060546
2,melville,28,baum,9.47617220878601
2,melville,28,thompson,9.509825944900513
2,melville,28,dickens,9.43086043993632
2,melville,28,melville,9.412232716878256
2,melville,28,wells,9.488003571828209
2,melville,28,austen,9.481278896331789
2,melville,28,fitzgerald,9.506334145863852
2,melville,28,twain,9.440518379211426
2,melville,29,train,9.302035331726074
2,melville,29,baum,9.435581922531128
2,melville,29,thompson,9.470479488372805
2,melville,29,dickens,9.389099756876629
2,melville,29,melville,9.370373566945394
2,melville,29,wells,9.448643207550049
2,melville,29,austen,9.440818786621094
2,melville,29,fitzgerald,9.466622829437256
2,melville,29,twain,9.398903687795004
2,melville,30,train,9.263461875915528
2,melville,30,baum,9.39498519897461
2,melville,30,thompson,9.43106174468994
2,melville,30,dickens,9.347755750020346
2,melville,30,melville,9.328838189442951
2,melville,30,wells,9.40913732846578
2,melville,30,austen,9.400821208953856
2,melville,30,fitzgerald,9.42683998743693
2,melville,30,twain,9.357403437296549
2,melville,31,train,9.218225860595703
2,melville,31,baum,9.355799913406372
2,melville,31,thompson,9.392462015151978
2,melville,31,dickens,9.306836366653442
2,melville,31,melville,9.288167476654053
2,melville,31,wells,9.36981964111328
2,melville,31,austen,9.36004400253296
2,melville,31,fitzgerald,9.387413024902344
2,melville,31,twain,9.317402203877768
2,melville,32,train,9.175356101989744
2,melville,32,baum,9.315462112426758
2,melville,32,thompson,9.353431701660156
2,melville,32,dickens,9.26615071296692
2,melville,32,melville,9.247788190841677
2,melville,32,wells,9.331199328104654
2,melville,32,austen,9.321141719818115
2,melville,32,fitzgerald,9.348114808400473
2,melville,32,twain,9.276456038157145
2,melville,33,train,9.124710845947266
2,melville,33,baum,9.27594542503357
2,melville,33,thompson,9.315078258514404
2,melville,33,dickens,9.226001818974812
2,melville,33,melville,9.207820892333984
2,melville,33,wells,9.293248335520426
2,melville,33,austen,9.28261947631836
2,melville,33,fitzgerald,9.309470653533936
2,melville,33,twain,9.236318270365397
2,melville,34,train,9.085280227661134
2,melville,34,baum,9.236690759658812
2,melville,34,thompson,9.27731204032898
2,melville,34,dickens,9.185903628667196
2,melville,34,melville,9.168093840281168
2,melville,34,wells,9.25575296084086
2,melville,34,austen,9.244417667388916
2,melville,34,fitzgerald,9.27133289972941
2,melville,34,twain,9.196820576985678
2,melville,35,train,9.043156051635744
2,melville,35,baum,9.19878339767456
2,melville,35,thompson,9.240452766418455
2,melville,35,dickens,9.146859804789225
2,melville,35,melville,9.128939946492514
2,melville,35,wells,9.217585802078249
2,melville,35,austen,9.205340385437012
2,melville,35,fitzgerald,9.23365275065104
2,melville,35,twain,9.15770705540975
2,melville,36,train,9.004683685302734
2,melville,36,baum,9.161328315734863
2,melville,36,thompson,9.204208612442017
2,melville,36,dickens,9.108159065246582
2,melville,36,melville,9.090293884277344
2,melville,36,wells,9.18129062652588
2,melville,36,austen,9.168110847473145
2,melville,36,fitzgerald,9.196609814961752
2,melville,36,twain,9.119226773579916
2,melville,37,train,8.959915924072266
2,melville,37,baum,9.12384557723999
2,melville,37,thompson,9.167872190475464
2,melville,37,dickens,9.07017739613851
2,melville,37,melville,9.05176575978597
2,melville,37,wells,9.1451047261556
2,melville,37,austen,9.131513595581056
2,melville,37,fitzgerald,9.160034815470375
2,melville,37,twain,9.081213315327965
2,melville,38,train,8.916411781311036
2,melville,38,baum,9.087482690811155
2,melville,38,thompson,9.132760047912598
2,melville,38,dickens,9.032421827316284
2,melville,38,melville,9.01385505994161
2,melville,38,wells,9.10934034983317
2,melville,38,austen,9.094856262207031
2,melville,38,fitzgerald,9.124518235524496
2,melville,38,twain,9.043758551279703
2,melville,39,train,8.8835844039917
2,melville,39,baum,9.051355123519896
2,melville,39,thompson,9.09781575202942
2,melville,39,dickens,8.99565307299296
2,melville,39,melville,8.976475715637207
2,melville,39,wells,9.07363247871399
2,melville,39,austen,9.058513641357422
2,melville,39,fitzgerald,9.089151700337728
2,melville,39,twain,9.00671354929606
2,melville,40,train,8.834546661376953
2,melville,40,baum,9.015331029891968
2,melville,40,thompson,9.062976598739624
2,melville,40,dickens,8.95807433128357
2,melville,40,melville,8.939743121465048
2,melville,40,wells,9.03940463066101
2,melville,40,austen,9.02289342880249
2,melville,40,fitzgerald,9.053733507792154
2,melville,40,twain,8.97033405303955
2,melville,41,train,8.796382713317872
2,melville,41,baum,8.97921633720398
2,melville,41,thompson,9.027909755706789
2,melville,41,dickens,8.921356836954752
2,melville,41,melville,8.903426965077719
2,melville,41,wells,9.003912846247355
2,melville,41,austen,8.98720121383667
2,melville,41,fitzgerald,9.018360614776611
2,melville,41,twain,8.933469772338867
2,melville,42,train,8.766099739074708
2,melville,42,baum,8.94430947303772
2,melville,42,thompson,8.994284629821777
2,melville,42,dickens,8.885422229766846
2,melville,42,melville,8.867494026819864
2,melville,42,wells,8.969493548075357
2,melville,42,austen,8.952205181121826
2,melville,42,fitzgerald,8.984080950419107
2,melville,42,twain,8.897723038991293
2,melville,43,train,8.72140941619873
2,melville,43,baum,8.909518957138062
2,melville,43,thompson,8.961209535598755
2,melville,43,dickens,8.849841674168905
2,melville,43,melville,8.832213560740152
2,melville,43,wells,8.936531146367392
2,melville,43,austen,8.918555736541748
2,melville,43,fitzgerald,8.950432300567627
2,melville,43,twain,8.862385114034018
2,melville,44,train,8.673743629455567
2,melville,44,baum,8.874976396560669
2,melville,44,thompson,8.92778468132019
2,melville,44,dickens,8.81450621287028
2,melville,44,melville,8.798122008641561
2,melville,44,wells,8.902839581171671
2,melville,44,austen,8.883727550506592
2,melville,44,fitzgerald,8.916235129038492
2,melville,44,twain,8.827256520589193
2,melville,45,train,8.642238235473632
2,melville,45,baum,8.841277837753296
2,melville,45,thompson,8.895881175994873
2,melville,45,dickens,8.77967111269633
2,melville,45,melville,8.763445536295572
2,melville,45,wells,8.86943252881368
2,melville,45,austen,8.849820613861084
2,melville,45,fitzgerald,8.883492151896158
2,melville,45,twain,8.792892773946127
2,melville,46,train,8.609121894836425
2,melville,46,baum,8.807868003845215
2,melville,46,thompson,8.863729476928711
2,melville,46,dickens,8.7449791431427
2,melville,46,melville,8.728978474934896
2,melville,46,wells,8.836927890777588
2,melville,46,austen,8.81680965423584
2,melville,46,fitzgerald,8.850392977396647
2,melville,46,twain,8.758833090464273
2,melville,47,train,8.5790283203125
2,melville,47,baum,8.775160074234009
2,melville,47,thompson,8.832976579666138
2,melville,47,dickens,8.711257775624594
2,melville,47,melville,8.695295810699463
2,melville,47,wells,8.805573542912802
2,melville,47,austen,8.784847259521484
2,melville,47,fitzgerald,8.819242795308432
2,melville,47,twain,8.725669542948404
2,melville,48,train,8.52617530822754
2,melville,48,baum,8.74252200126648
2,melville,48,thompson,8.801682233810425
2,melville,48,dickens,8.67768398920695
2,melville,48,melville,8.662545363108316
2,melville,48,wells,8.773800055185953
2,melville,48,austen,8.751885414123535
2,melville,48,fitzgerald,8.787106355031332
2,melville,48,twain,8.69241730372111
2,melville,49,train,8.503777885437012
2,melville,49,baum,8.710990905761719
2,melville,49,thompson,8.77140760421753
2,melville,49,dickens,8.644942680994669
2,melville,49,melville,8.629671891530355
2,melville,49,wells,8.742701768875122
2,melville,49,austen,8.720855236053467
2,melville,49,fitzgerald,8.755943139394125
2,melville,49,twain,8.660055796305338
2,melville,50,train,8.465763473510743
2,melville,50,baum,8.679150581359863
2,melville,50,thompson,8.741530179977417
2,melville,50,dickens,8.612372318903605
2,melville,50,melville,8.597599029541016
2,melville,50,wells,8.712079048156738
2,melville,50,austen,8.690132141113281
2,melville,50,fitzgerald,8.72551933924357
2,melville,50,twain,8.627379735310873
2,melville,51,train,8.427043914794922
2,melville,51,baum,8.648377656936646
2,melville,51,thompson,8.711912870407104
2,melville,51,dickens,8.58010752995809
2,melville,51,melville,8.565857887268066
2,melville,51,wells,8.681389013926188
2,melville,51,austen,8.658194541931152
2,melville,51,fitzgerald,8.695159912109375
2,melville,51,twain,8.595964113871256
2,melville,52,train,8.400298690795898
2,melville,52,baum,8.61800217628479
2,melville,52,thompson,8.683298826217651
2,melville,52,dickens,8.548653999964396
2,melville,52,melville,8.534889618555704
2,melville,52,wells,8.652554114659628
2,melville,52,austen,8.628815174102783
2,melville,52,fitzgerald,8.665807406107584
2,melville,52,twain,8.564857959747314
2,melville,53,train,8.357916069030761
2,melville,53,baum,8.58816385269165
2,melville,53,thompson,8.65496563911438
2,melville,53,dickens,8.517664353052774
2,melville,53,melville,8.504291693369547
2,melville,53,wells,8.623068968454996
2,melville,53,austen,8.598981857299805
2,melville,53,fitzgerald,8.636571248372396
2,melville,53,twain,8.534186045328775
2,melville,54,train,8.317714500427247
2,melville,54,baum,8.558032512664795
2,melville,54,thompson,8.626477241516113
2,melville,54,dickens,8.486610333124796
2,melville,54,melville,8.474167346954346
2,melville,54,wells,8.593941450119019
2,melville,54,austen,8.569618701934814
2,melville,54,fitzgerald,8.607847849527994
2,melville,54,twain,8.50367816289266
2,melville,55,train,8.294811058044434
2,melville,55,baum,8.529224157333374
2,melville,55,thompson,8.598841428756714
2,melville,55,dickens,8.456996440887451
2,melville,55,melville,8.444602251052856
2,melville,55,wells,8.564123471577963
2,melville,55,austen,8.539504051208496
2,melville,55,fitzgerald,8.579614798227945
2,melville,55,twain,8.473796526590982
2,melville,56,train,8.265029144287109
2,melville,56,baum,8.50084137916565
2,melville,56,thompson,8.572044849395752
2,melville,56,dickens,8.42761492729187
2,melville,56,melville,8.414814869562784
2,melville,56,wells,8.536670128504435
2,melville,56,austen,8.511501789093018
2,melville,56,fitzgerald,8.552295843760172
2,melville,56,twain,8.444841066996256
2,melville,57,train,8.224157524108886
2,melville,57,baum,8.472340106964111
2,melville,57,thompson,8.545138835906982
2,melville,57,dickens,8.39769689242045
2,melville,57,melville,8.385747591654459
2,melville,57,wells,8.509628852208456
2,melville,57,austen,8.48392915725708
2,melville,57,fitzgerald,8.52547295888265
2,melville,57,twain,8.415798505147299
2,melville,58,train,8.202157783508301
2,melville,58,baum,8.44484281539917
2,melville,58,thompson,8.518633365631104
2,melville,58,dickens,8.368611733118692
2,melville,58,melville,8.356960535049438
2,melville,58,wells,8.482737302780151
2,melville,58,austen,8.4561767578125
2,melville,58,fitzgerald,8.498606522878012
2,melville,58,twain,8.387742042541504
2,melville,59,train,8.16924877166748
2,melville,59,baum,8.416980266571045
2,melville,59,thompson,8.492677211761475
2,melville,59,dickens,8.340551535288492
2,melville,59,melville,8.328530550003052
2,melville,59,wells,8.455372412999472
2,melville,59,austen,8.429697036743164
2,melville,59,fitzgerald,8.471970558166504
2,melville,59,twain,8.359562714894613
2,melville,60,train,8.141625213623048
2,melville,60,baum,8.389746189117432
2,melville,60,thompson,8.466657638549805
2,melville,60,dickens,8.3118949731191
2,melville,60,melville,8.30069120724996
2,melville,60,wells,8.428465445836386
2,melville,60,austen,8.40149974822998
2,melville,60,fitzgerald,8.445346037546793
2,melville,60,twain,8.331702073415121
2,melville,61,train,8.118828010559081
2,melville,61,baum,8.362877607345581
2,melville,61,thompson,8.441640138626099
2,melville,61,dickens,8.284338792165121
2,melville,61,melville,8.272733370463053
2,melville,61,wells,8.402369419733683
2,melville,61,austen,8.375706195831299
2,melville,61,fitzgerald,8.420132160186768
2,melville,61,twain,8.304804484049479
2,melville,62,train,8.09526309967041
2,melville,62,baum,8.337216138839722
2,melville,62,thompson,8.416879892349243
2,melville,62,dickens,8.257231712341309
2,melville,62,melville,8.246437788009644
2,melville,62,wells,8.377011140187582
2,melville,62,austen,8.350045680999756
2,melville,62,fitzgerald,8.395266850789389
2,melville,62,twain,8.277876694997152
2,melville,63,train,8.057294464111328
2,melville,63,baum,8.311432838439941
2,melville,63,thompson,8.392754793167114
2,melville,63,dickens,8.230528752009073
2,melville,63,melville,8.21944785118103
2,melville,63,wells,8.35089604059855
2,melville,63,austen,8.323553085327148
2,melville,63,fitzgerald,8.370543956756592
2,melville,63,twain,8.25195598602295
2,melville,64,train,8.027249908447265
2,melville,64,baum,8.285908699035645
2,melville,64,thompson,8.369147777557373
2,melville,64,dickens,8.204049825668335
2,melville,64,melville,8.193751335144043
2,melville,64,wells,8.326008319854736
2,melville,64,austen,8.29787826538086
2,melville,64,fitzgerald,8.346256573994955
2,melville,64,twain,8.2254745165507
2,melville,65,train,7.997158527374268
2,melville,65,baum,8.261500835418701
2,melville,65,thompson,8.346033811569214
2,melville,65,dickens,8.177939812342325
2,melville,65,melville,8.167937676111857
2,melville,65,wells,8.301921447118124
2,melville,65,austen,8.272777080535889
2,melville,65,fitzgerald,8.322627703348795
2,melville,65,twain,8.200189431508383
2,melville,66,train,7.973379421234131
2,melville,66,baum,8.23722243309021
2,melville,66,thompson,8.323204517364502
2,melville,66,dickens,8.152688304583231
2,melville,66,melville,8.142804304758707
2,melville,66,wells,8.277883609135946
2,melville,66,austen,8.248969078063965
2,melville,66,fitzgerald,8.299410820007324
2,melville,66,twain,8.175180753072103
2,melville,67,train,7.943308544158936
2,melville,67,baum,8.212391376495361
2,melville,67,thompson,8.30015754699707
2,melville,67,dickens,8.126959721247355
2,melville,67,melville,8.118258158365885
2,melville,67,wells,8.253739754358927
2,melville,67,austen,8.224260807037354
2,melville,67,fitzgerald,8.275514284769693
2,melville,67,twain,8.15023390452067
2,melville,68,train,7.913835239410401
2,melville,68,baum,8.188485145568848
2,melville,68,thompson,8.277716636657715
2,melville,68,dickens,8.102155685424805
2,melville,68,melville,8.093872229258219
2,melville,68,wells,8.229428688685099
2,melville,68,austen,8.19996452331543
2,melville,68,fitzgerald,8.251890341440836
2,melville,68,twain,8.125404198964437
2,melville,69,train,7.881933498382568
2,melville,69,baum,8.165024280548096
2,melville,69,thompson,8.25613021850586
2,melville,69,dickens,8.077535390853882
2,melville,69,melville,8.069585800170898
2,melville,69,wells,8.206674019495646
2,melville,69,austen,8.177063465118408
2,melville,69,fitzgerald,8.229909102121988
2,melville,69,twain,8.1016313234965
2,melville,70,train,7.870179176330566
2,melville,70,baum,8.14232885837555
2,melville,70,thompson,8.235041618347168
2,melville,70,dickens,8.05333391825358
2,melville,70,melville,8.046129067738852
2,melville,70,wells,8.184638897577921
2,melville,70,austen,8.154818058013916
2,melville,70,fitzgerald,8.20862086613973
2,melville,70,twain,8.078426837921143
2,melville,71,train,7.8291090965271
2,melville,71,baum,8.120271563529968
2,melville,71,thompson,8.214872360229492
2,melville,71,dickens,8.029959996541342
2,melville,71,melville,8.022566080093384
2,melville,71,wells,8.162678559621176
2,melville,71,austen,8.132638454437256
2,melville,71,fitzgerald,8.187628110249838
2,melville,71,twain,8.055425882339478
2,melville,72,train,7.810859107971192
2,melville,72,baum,8.097253799438477
2,melville,72,thompson,8.193569898605347
2,melville,72,dickens,8.006184498469034
2,melville,72,melville,7.99911367893219
2,melville,72,wells,8.139347513516745
2,melville,72,austen,8.108662605285645
2,melville,72,fitzgerald,8.16518497467041
2,melville,72,twain,8.032395124435425
2,melville,73,train,7.778815078735351
2,melville,73,baum,8.074277877807617
2,melville,73,thompson,8.172305345535278
2,melville,73,dickens,7.982491215070088
2,melville,73,melville,7.976351936658223
2,melville,73,wells,8.116225520769754
2,melville,73,austen,8.085448741912842
2,melville,73,fitzgerald,8.143218835194906
2,melville,73,twain,8.009516716003418
2,melville,74,train,7.776663970947266
2,melville,74,baum,8.053773760795593
2,melville,74,thompson,8.153932094573975
2,melville,74,dickens,7.960376262664795
2,melville,74,melville,7.954079866409302
2,melville,74,wells,8.09712529182434
2,melville,74,austen,8.065324306488037
2,melville,74,fitzgerald,8.124715010325113
2,melville,74,twain,7.988248904546102
2,melville,75,train,7.725065135955811
2,melville,75,baum,8.031571388244629
2,melville,75,thompson,8.132981061935425
2,melville,75,dickens,7.937081257502238
2,melville,75,melville,7.930974125862122
2,melville,75,wells,8.073808908462524
2,melville,75,austen,8.041232347488403
2,melville,75,fitzgerald,8.10228157043457
2,melville,75,twain,7.965806166330974
2,melville,76,train,7.709751987457276
2,melville,76,baum,8.01065480709076
2,melville,76,thompson,8.113919019699097
2,melville,76,dickens,7.914904395739238
2,melville,76,melville,7.90921147664388
2,melville,76,wells,8.053995609283447
2,melville,76,austen,8.020534992218018
2,melville,76,fitzgerald,8.082865476608276
2,melville,76,twain,7.944481531778972
2,melville,77,train,7.688418197631836
2,melville,77,baum,7.989793062210083
2,melville,77,thompson,8.094258546829224
2,melville,77,dickens,7.892822662989299
2,melville,77,melville,7.887939532597859
2,melville,77,wells,8.032483220100403
2,melville,77,austen,7.998637914657593
2,melville,77,fitzgerald,8.06223233540853
2,melville,77,twain,7.923226912816365
2,melville,78,train,7.666928958892822
2,melville,78,baum,7.969724893569946
2,melville,78,thompson,8.07616937160492
2,melville,78,dickens,7.871622482935588
2,melville,78,melville,7.866785208384196
2,melville,78,wells,8.01270099480947
2,melville,78,austen,7.9792327880859375
2,melville,78,fitzgerald,8.043462912241617
2,melville,78,twain,7.902595122655232
2,melville,79,train,7.636362075805664
2,melville,79,baum,7.950126886367798
2,melville,79,thompson,8.057628870010376
2,melville,79,dickens,7.850088000297546
2,melville,79,melville,7.845470468203227
2,melville,79,wells,7.992695331573486
2,melville,79,austen,7.9582200050354
2,melville,79,fitzgerald,8.023878971735636
2,melville,79,twain,7.882179578145345
2,melville,80,train,7.618978595733642
2,melville,80,baum,7.930768847465515
2,melville,80,thompson,8.040063858032227
2,melville,80,dickens,7.829993406931559
2,melville,80,melville,7.8257895310719805
2,melville,80,wells,7.973570982615153
2,melville,80,austen,7.939082622528076
2,melville,80,fitzgerald,8.005947987238565
2,melville,80,twain,7.862011512120564
2,melville,81,train,7.58116865158081
2,melville,81,baum,7.911930680274963
2,melville,81,thompson,8.022892594337463
2,melville,81,dickens,7.80939257144928
2,melville,81,melville,7.805452068646749
2,melville,81,wells,7.954605182011922
2,melville,81,austen,7.919363498687744
2,melville,81,fitzgerald,7.987851142883301
2,melville,81,twain,7.841954628626506
2,melville,82,train,7.576593112945557
2,melville,82,baum,7.894018769264221
2,melville,82,thompson,8.006277799606323
2,melville,82,dickens,7.789968729019165
2,melville,82,melville,7.785923957824707
2,melville,82,wells,7.936773022015889
2,melville,82,austen,7.901608467102051
2,melville,82,fitzgerald,7.970960776011149
2,melville,82,twain,7.822861750920613
2,melville,83,train,7.550072574615479
2,melville,83,baum,7.874940633773804
2,melville,83,thompson,7.988241672515869
2,melville,83,dickens,7.770061333974202
2,melville,83,melville,7.76609738667806
2,melville,83,wells,7.916735172271728
2,melville,83,austen,7.88198971748352
2,melville,83,fitzgerald,7.951546748479207
2,melville,83,twain,7.802957534790039
2,melville,84,train,7.529457855224609
2,melville,84,baum,7.8581459522247314
2,melville,84,thompson,7.973344802856445
2,melville,84,dickens,7.751651406288147
2,melville,84,melville,7.747443000475566
2,melville,84,wells,7.901280005772908
2,melville,84,austen,7.865143299102783
2,melville,84,fitzgerald,7.936417897542317
2,melville,84,twain,7.785056591033935
2,melville,85,train,7.514001750946045
2,melville,85,baum,7.83916425704956
2,melville,85,thompson,7.955397248268127
2,melville,85,dickens,7.731598099072774
2,melville,85,melville,7.727377732594808
2,melville,85,wells,7.881102879842122
2,melville,85,austen,7.845221996307373
2,melville,85,fitzgerald,7.916799704233806
2,melville,85,twain,7.7656300862630205
2,melville,86,train,7.508599281311035
2,melville,86,baum,7.821969032287598
2,melville,86,thompson,7.93957781791687
2,melville,86,dickens,7.713293472925822
2,melville,86,melville,7.708985527356465
2,melville,86,wells,7.864466190338135
2,melville,86,austen,7.829016923904419
2,melville,86,fitzgerald,7.900922060012817
2,melville,86,twain,7.74796986579895
2,melville,87,train,7.485238742828369
2,melville,87,baum,7.805439233779907
2,melville,87,thompson,7.924155116081238
2,melville,87,dickens,7.695139249165853
2,melville,87,melville,7.691181580225627
2,melville,87,wells,7.847755114237468
2,melville,87,austen,7.812001466751099
2,melville,87,fitzgerald,7.884934663772583
2,melville,87,twain,7.730594317118327
2,melville,88,train,7.448927688598633
2,melville,88,baum,7.788578987121582
2,melville,88,thompson,7.908693075180054
2,melville,88,dickens,7.67740269502004
2,melville,88,melville,7.673659682273865
2,melville,88,wells,7.831108570098877
2,melville,88,austen,7.795468330383301
2,melville,88,fitzgerald,7.86892302831014
2,melville,88,twain,7.713355461756389
2,melville,89,train,7.43476037979126
2,melville,89,baum,7.771588921546936
2,melville,89,thompson,7.892785549163818
2,melville,89,dickens,7.659210721651713
2,melville,89,melville,7.656672914822896
2,melville,89,wells,7.813835620880127
2,melville,89,austen,7.778337478637695
2,melville,89,fitzgerald,7.852495829264323
2,melville,89,twain,7.695829709370931
2,melville,90,train,7.427069759368896
2,melville,90,baum,7.755218505859375
2,melville,90,thompson,7.87801468372345
2,melville,90,dickens,7.641950209935506
2,melville,90,melville,7.639859358469645
2,melville,90,wells,7.798055688540141
2,melville,90,austen,7.76232099533081
2,melville,90,fitzgerald,7.836955308914185
2,melville,90,twain,7.679221550623576
2,melville,91,train,7.386116504669189
2,melville,91,baum,7.738323450088501
2,melville,91,thompson,7.862115383148193
2,melville,91,dickens,7.624356547991435
2,melville,91,melville,7.623431404431661
2,melville,91,wells,7.781345009803772
2,melville,91,austen,7.745922565460205
2,melville,91,fitzgerald,7.820244312286377
2,melville,91,twain,7.662002960840861
2,melville,92,train,7.362451553344727
2,melville,92,baum,7.723311185836792
2,melville,92,thompson,7.848848938941956
2,melville,92,dickens,7.60833215713501
2,melville,92,melville,7.607652425765991
2,melville,92,wells,7.766823410987854
2,melville,92,austen,7.731419324874878
2,melville,92,fitzgerald,7.80689001083374
2,melville,92,twain,7.646223386128743
2,melville,93,train,7.36115026473999
2,melville,93,baum,7.708518028259277
2,melville,93,thompson,7.83492374420166
2,melville,93,dickens,7.591434518496196
2,melville,93,melville,7.590975721677144
2,melville,93,wells,7.751292069753011
2,melville,93,austen,7.715268850326538
2,melville,93,fitzgerald,7.792240937550862
2,melville,93,twain,7.6306337515513105
2,melville,94,train,7.361808395385742
2,melville,94,baum,7.693084955215454
2,melville,94,thompson,7.821282148361206
2,melville,94,dickens,7.575961629549663
2,melville,94,melville,7.575678030649821
2,melville,94,wells,7.736966609954834
2,melville,94,austen,7.701488018035889
2,melville,94,fitzgerald,7.778299490610759
2,melville,94,twain,7.614906231562297
2,melville,95,train,7.323929500579834
2,melville,95,baum,7.678448438644409
2,melville,95,thompson,7.807417511940002
2,melville,95,dickens,7.560021638870239
2,melville,95,melville,7.560190876324971
2,melville,95,wells,7.721794923146565
2,melville,95,austen,7.686735153198242
2,melville,95,fitzgerald,7.763880252838135
2,melville,95,twain,7.599561770757039
2,melville,96,train,7.32276611328125
2,melville,96,baum,7.663950800895691
2,melville,96,thompson,7.7945181131362915
2,melville,96,dickens,7.54501736164093
2,melville,96,melville,7.544997294743855
2,melville,96,wells,7.707271774609883
2,melville,96,austen,7.673398494720459
2,melville,96,fitzgerald,7.750725269317627
2,melville,96,twain,7.585167328516642
2,melville,97,train,7.306139373779297
2,melville,97,baum,7.649896740913391
2,melville,97,thompson,7.781543135643005
2,melville,97,dickens,7.5294621388117475
2,melville,97,melville,7.5298393567403155
2,melville,97,wells,7.692864855130513
2,melville,97,austen,7.658547639846802
2,melville,97,fitzgerald,7.736954053243001
2,melville,97,twain,7.570613145828247
2,melville,98,train,7.281151390075683
2,melville,98,baum,7.63521409034729
2,melville,98,thompson,7.768436312675476
2,melville,98,dickens,7.514600316683452
2,melville,98,melville,7.515468279520671
2,melville,98,wells,7.678882360458374
2,melville,98,austen,7.644890785217285
2,melville,98,fitzgerald,7.723644971847534
2,melville,98,twain,7.555982271830241
2,melville,99,train,7.279700946807861
2,melville,99,baum,7.623089551925659
2,melville,99,thompson,7.757230877876282
2,melville,99,dickens,7.500820795694987
2,melville,99,melville,7.501447598139445
2,melville,99,wells,7.66714882850647
2,melville,99,austen,7.633039712905884
2,melville,99,fitzgerald,7.712650934855143
2,melville,99,twain,7.543105125427246
2,melville,100,train,7.234891605377197
2,melville,100,baum,7.608711123466492
2,melville,100,thompson,7.743782639503479
2,melville,100,dickens,7.485615889231364
2,melville,100,melville,7.487144470214844
2,melville,100,wells,7.650998989741008
2,melville,100,austen,7.617496967315674
2,melville,100,fitzgerald,7.697756449381511
2,melville,100,twain,7.528368314107259
2,melville,101,train,7.250265407562256
2,melville,101,baum,7.596558928489685
2,melville,101,thompson,7.733217239379883
2,melville,101,dickens,7.472724715868632
2,melville,101,melville,7.474540273348491
2,melville,101,wells,7.641296108563741
2,melville,101,austen,7.606231689453125
2,melville,101,fitzgerald,7.687413215637207
2,melville,101,twain,7.516010681788127
2,melville,102,train,7.218260669708252
2,melville,102,baum,7.582679867744446
2,melville,102,thompson,7.720054149627685
2,melville,102,dickens,7.457463542620341
2,melville,102,melville,7.459774454434712
2,melville,102,wells,7.625865340232849
2,melville,102,austen,7.591928243637085
2,melville,102,fitzgerald,7.673251867294311
2,melville,102,twain,7.501325766245524
2,melville,103,train,7.203486251831055
2,melville,103,baum,7.571254134178162
2,melville,103,thompson,7.709776639938354
2,melville,103,dickens,7.444784204165141
2,melville,103,melville,7.447042425473531
2,melville,103,wells,7.615567644437154
2,melville,103,austen,7.581135272979736
2,melville,103,fitzgerald,7.663127978642781
2,melville,103,twain,7.489165226618449
2,melville,104,train,7.198100948333741
2,melville,104,baum,7.558865189552307
2,melville,104,thompson,7.698135256767273
2,melville,104,dickens,7.431367556254069
2,melville,104,melville,7.434371868769328
2,melville,104,wells,7.602482597033183
2,melville,104,austen,7.56794285774231
2,melville,104,fitzgerald,7.651081085205078
2,melville,104,twain,7.475811243057251
2,melville,105,train,7.157347965240478
2,melville,105,baum,7.547453284263611
2,melville,105,thompson,7.687554717063904
2,melville,105,dickens,7.418141365051269
2,melville,105,melville,7.421342253684998
2,melville,105,wells,7.59129532178243
2,melville,105,austen,7.556430816650391
2,melville,105,fitzgerald,7.640494108200073
2,melville,105,twain,7.463432947794597
2,melville,106,train,7.146983242034912
2,melville,106,baum,7.536135911941528
2,melville,106,thompson,7.677330493927002
2,melville,106,dickens,7.406779964764913
2,melville,106,melville,7.410327792167664
2,melville,106,wells,7.580094973246257
2,melville,106,austen,7.546496629714966
2,melville,106,fitzgerald,7.630038261413574
2,melville,106,twain,7.450940847396851
2,melville,107,train,7.17968521118164
2,melville,107,baum,7.52496063709259
2,melville,107,thompson,7.667184591293335
2,melville,107,dickens,7.393694281578064
2,melville,107,melville,7.397219101587932
2,melville,107,wells,7.5686302582422895
2,melville,107,austen,7.534894704818726
2,melville,107,fitzgerald,7.61939279238383
2,melville,107,twain,7.438700119654338
2,melville,108,train,7.151224517822266
2,melville,108,baum,7.514435648918152
2,melville,108,thompson,7.657658338546753
2,melville,108,dickens,7.382527152697246
2,melville,108,melville,7.385525663693746
2,melville,108,wells,7.558235287666321
2,melville,108,austen,7.525521278381348
2,melville,108,fitzgerald,7.610032320022583
2,melville,108,twain,7.427259127298991
2,melville,109,train,7.11776123046875
2,melville,109,baum,7.50372838973999
2,melville,109,thompson,7.647738218307495
2,melville,109,dickens,7.3708077271779375
2,melville,109,melville,7.373886068662007
2,melville,109,wells,7.547059456507365
2,melville,109,austen,7.515304327011108
2,melville,109,fitzgerald,7.59973931312561
2,melville,109,twain,7.41560959815979
2,melville,110,train,7.108967781066895
2,melville,110,baum,7.494001150131226
2,melville,110,thompson,7.63905131816864
2,melville,110,dickens,7.359775980313619
2,melville,110,melville,7.362365444501241
2,melville,110,wells,7.53793466091156
2,melville,110,austen,7.50642728805542
2,melville,110,fitzgerald,7.591009298960368
2,melville,110,twain,7.404872179031372
2,melville,111,train,7.095410346984863
2,melville,111,baum,7.483129858970642
2,melville,111,thompson,7.629144668579102
2,melville,111,dickens,7.3479154507319135
2,melville,111,melville,7.350498716036479
2,melville,111,wells,7.526726007461548
2,melville,111,austen,7.495401620864868
2,melville,111,fitzgerald,7.580416440963745
2,melville,111,twain,7.393486976623535
2,melville,112,train,7.08531551361084
2,melville,112,baum,7.472842693328857
2,melville,112,thompson,7.620283246040344
2,melville,112,dickens,7.33680001894633
2,melville,112,melville,7.339164972305298
2,melville,112,wells,7.516861955324809
2,melville,112,austen,7.4850568771362305
2,melville,112,fitzgerald,7.571178674697876
2,melville,112,twain,7.382583697636922
2,melville,113,train,7.076870441436768
2,melville,113,baum,7.463345527648926
2,melville,113,thompson,7.611558794975281
2,melville,113,dickens,7.326070944468181
2,melville,113,melville,7.327812393506368
2,melville,113,wells,7.507013161977132
2,melville,113,austen,7.475509881973267
2,melville,113,fitzgerald,7.562350193659465
2,melville,113,twain,7.3725167115529375
2,melville,114,train,7.0594258308410645
2,melville,114,baum,7.453277468681335
2,melville,114,thompson,7.6026352643966675
2,melville,114,dickens,7.315190633138019
2,melville,114,melville,7.31606388092041
2,melville,114,wells,7.496915777524312
2,melville,114,austen,7.465580224990845
2,melville,114,fitzgerald,7.552855014801025
2,melville,114,twain,7.362095912297566
2,melville,115,train,7.050180816650391
2,melville,115,baum,7.443459749221802
2,melville,115,thompson,7.59355902671814
2,melville,115,dickens,7.304236014684041
2,melville,115,melville,7.305567264556885
2,melville,115,wells,7.48738972345988
2,melville,115,austen,7.455779075622559
2,melville,115,fitzgerald,7.543826182683309
2,melville,115,twain,7.351534446080525
2,melville,116,train,7.041720294952393
2,melville,116,baum,7.433157563209534
2,melville,116,thompson,7.584467887878418
2,melville,116,dickens,7.292353550593059
2,melville,116,melville,7.294499317804973
2,melville,116,wells,7.476437012354533
2,melville,116,austen,7.444741725921631
2,melville,116,fitzgerald,7.533940315246582
2,melville,116,twain,7.340917587280273
2,melville,117,train,7.012985515594482
2,melville,117,baum,7.424803614616394
2,melville,117,thompson,7.577078104019165
2,melville,117,dickens,7.283371130625407
2,melville,117,melville,7.285204966862996
2,melville,117,wells,7.468652844429016
2,melville,117,austen,7.436630249023437
2,melville,117,fitzgerald,7.526510874430339
2,melville,117,twain,7.331960121790568
2,melville,118,train,7.004165458679199
2,melville,118,baum,7.41445779800415
2,melville,118,thompson,7.568251013755798
2,melville,118,dickens,7.272350947062175
2,melville,118,melville,7.273812055587768
2,melville,118,wells,7.457478046417236
2,melville,118,austen,7.427475929260254
2,melville,118,fitzgerald,7.517052968343099
2,melville,118,twain,7.321101347605388
2,melville,119,train,7.011158657073975
2,melville,119,baum,7.406062841415405
2,melville,119,thompson,7.559942960739136
2,melville,119,dickens,7.262352863947551
2,melville,119,melville,7.263904492060344
2,melville,119,wells,7.449137965838115
2,melville,119,austen,7.419102430343628
2,melville,119,fitzgerald,7.508758544921875
2,melville,119,twain,7.31216820081075
2,melville,120,train,6.984046745300293
2,melville,120,baum,7.396540760993957
2,melville,120,thompson,7.552482724189758
2,melville,120,dickens,7.252641598383586
2,melville,120,melville,7.253735899925232
2,melville,120,wells,7.440110206604004
2,melville,120,austen,7.4110472202301025
2,melville,120,fitzgerald,7.500759442647298
2,melville,120,twain,7.302466074625651
2,melville,121,train,7.003150367736817
2,melville,121,baum,7.388219118118286
2,melville,121,thompson,7.544351816177368
2,melville,121,dickens,7.242504596710205
2,melville,121,melville,7.243131319681804
2,melville,121,wells,7.431262095769246
2,melville,121,austen,7.4008564949035645
2,melville,121,fitzgerald,7.492169777552287
2,melville,121,twain,7.292994817097981
2,melville,122,train,6.952853775024414
2,melville,122,baum,7.3796775341033936
2,melville,122,thompson,7.537174224853516
2,melville,122,dickens,7.233626166979472
2,melville,122,melville,7.233274976412455
2,melville,122,wells,7.422929644584656
2,melville,122,austen,7.394140958786011
2,melville,122,fitzgerald,7.485280036926269
2,melville,122,twain,7.284208377202352
2,melville,123,train,6.970226097106933
2,melville,123,baum,7.370842814445496
2,melville,123,thompson,7.529910564422607
2,melville,123,dickens,7.224695722262065
2,melville,123,melville,7.224572936693828
2,melville,123,wells,7.414542714754741
2,melville,123,austen,7.386608600616455
2,melville,123,fitzgerald,7.477724313735962
2,melville,123,twain,7.275355895360311
2,melville,124,train,6.945739650726319
2,melville,124,baum,7.362929344177246
2,melville,124,thompson,7.522781491279602
2,melville,124,dickens,7.215132395426433
2,melville,124,melville,7.215151747067769
2,melville,124,wells,7.405831416447957
2,melville,124,austen,7.378251314163208
2,melville,124,fitzgerald,7.469675064086914
2,melville,124,twain,7.266615708669026
2,melville,125,train,6.961140823364258
2,melville,125,baum,7.355257987976074
2,melville,125,thompson,7.515945315361023
2,melville,125,dickens,7.206771890322368
2,melville,125,melville,7.206732352574666
2,melville,125,wells,7.39922018845876
2,melville,125,austen,7.372389078140259
2,melville,125,fitzgerald,7.46363091468811
2,melville,125,twain,7.258833726247151
2,melville,126,train,6.945802307128906
2,melville,126,baum,7.3473814725875854
2,melville,126,thompson,7.509021997451782
2,melville,126,dickens,7.198292175928752
2,melville,126,melville,7.198213418324788
2,melville,126,wells,7.391393582026164
2,melville,126,austen,7.365322828292847
2,melville,126,fitzgerald,7.4567924340566
2,melville,126,twain,7.251157522201538
2,melville,127,train,6.915706634521484
2,melville,127,baum,7.339176774024963
2,melville,127,thompson,7.501809358596802
2,melville,127,dickens,7.189431111017863
2,melville,127,melville,7.189905802408855
2,melville,127,wells,7.382854143778483
2,melville,127,austen,7.356811761856079
2,melville,127,fitzgerald,7.448558568954468
2,melville,127,twain,7.2423915068308515
2,melville,128,train,6.927695465087891
2,melville,128,baum,7.331465125083923
2,melville,128,thompson,7.494740128517151
2,melville,128,dickens,7.180530230204265
2,melville,128,melville,7.180652141571045
2,melville,128,wells,7.375461498896281
2,melville,128,austen,7.350212812423706
2,melville,128,fitzgerald,7.4417946338653564
2,melville,128,twain,7.234695355097453
2,melville,129,train,6.922593402862549
2,melville,129,baum,7.324264407157898
2,melville,129,thompson,7.487968444824219
2,melville,129,dickens,7.172914822896321
2,melville,129,melville,7.171816945075989
2,melville,129,wells,7.3681018352508545
2,melville,129,austen,7.343972682952881
2,melville,129,fitzgerald,7.435335556666057
2,melville,129,twain,7.227614800135295
2,melville,130,train,6.911808395385743
2,melville,130,baum,7.316665053367615
2,melville,130,thompson,7.481091380119324
2,melville,130,dickens,7.164205590883891
2,melville,130,melville,7.162223974863688
2,melville,130,wells,7.360247373580933
2,melville,130,austen,7.336707353591919
2,melville,130,fitzgerald,7.4280628363291425
2,melville,130,twain,7.219223181406657
2,melville,131,train,6.892242908477783
2,melville,131,baum,7.309245705604553
2,melville,131,thompson,7.474003434181213
2,melville,131,dickens,7.156018455823262
2,melville,131,melville,7.153117577234904
2,melville,131,wells,7.35214642683665
2,melville,131,austen,7.329243659973144
2,melville,131,fitzgerald,7.420870860417684
2,melville,131,twain,7.211562792460124
2,melville,132,train,6.876405048370361
2,melville,132,baum,7.302301406860352
2,melville,132,thompson,7.467824459075928
2,melville,132,dickens,7.148636142412822
2,melville,132,melville,7.145527998606364
2,melville,132,wells,7.34535543123881
2,melville,132,austen,7.322223424911499
2,melville,132,fitzgerald,7.415525674819946
2,melville,132,twain,7.205172459284465
2,melville,133,train,6.860727787017822
2,melville,133,baum,7.296167969703674
2,melville,133,thompson,7.462724566459656
2,melville,133,dickens,7.140974640846252
2,melville,133,melville,7.13721239566803
2,melville,133,wells,7.338796377182007
2,melville,133,austen,7.316272020339966
2,melville,133,fitzgerald,7.409061749776204
2,melville,133,twain,7.197082916895549
2,melville,134,train,6.846716594696045
2,melville,134,baum,7.289423227310181
2,melville,134,thompson,7.456297397613525
2,melville,134,dickens,7.13296906153361
2,melville,134,melville,7.129154721895854
2,melville,134,wells,7.332127809524536
2,melville,134,austen,7.310017824172974
2,melville,134,fitzgerald,7.402881860733032
2,melville,134,twain,7.189958492914836
2,melville,135,train,6.865688991546631
2,melville,135,baum,7.282494306564331
2,melville,135,thompson,7.4499711990356445
2,melville,135,dickens,7.12579357624054
2,melville,135,melville,7.121689875920613
2,melville,135,wells,7.325219353040059
2,melville,135,austen,7.3033928871154785
2,melville,135,fitzgerald,7.3965567747751875
2,melville,135,twain,7.1832207043965655
2,melville,136,train,6.854641532897949
2,melville,136,baum,7.27587366104126
2,melville,136,thompson,7.443674564361572
2,melville,136,dickens,7.1182897090911865
2,melville,136,melville,7.114537596702576
2,melville,136,wells,7.319287776947021
2,melville,136,austen,7.298124313354492
2,melville,136,fitzgerald,7.390891313552856
2,melville,136,twain,7.176224946975708
2,melville,137,train,6.828338718414306
2,melville,137,baum,7.2699421644210815
2,melville,137,thompson,7.438627123832703
2,melville,137,dickens,7.111295421918233
2,melville,137,melville,7.107677578926086
2,melville,137,wells,7.313318610191345
2,melville,137,austen,7.292611122131348
2,melville,137,fitzgerald,7.3855992158253985
2,melville,137,twain,7.170137484868367
2,melville,138,train,6.825901222229004
2,melville,138,baum,7.262325882911682
2,melville,138,thompson,7.431980133056641
2,melville,138,dickens,7.104600548744202
2,melville,138,melville,7.100976228713989
2,melville,138,wells,7.307106773058574
2,melville,138,austen,7.287928104400635
2,melville,138,fitzgerald,7.37977663675944
2,melville,138,twain,7.163556178410848
2,melville,139,train,6.781267070770264
2,melville,139,baum,7.255931496620178
2,melville,139,thompson,7.426232814788818
2,melville,139,dickens,7.097301681836446
2,melville,139,melville,7.094070672988892
2,melville,139,wells,7.301344553629558
2,melville,139,austen,7.282027721405029
2,melville,139,fitzgerald,7.373395284016927
2,melville,139,twain,7.157075881958008
2,melville,140,train,6.822440242767334
2,melville,140,baum,7.248815894126892
2,melville,140,thompson,7.418668985366821
2,melville,140,dickens,7.090144197146098
2,melville,140,melville,7.087697188059489
2,melville,140,wells,7.294785579045613
2,melville,140,austen,7.2762770652771
2,melville,140,fitzgerald,7.367461363474528
2,melville,140,twain,7.151832898457845
2,melville,141,train,6.783022975921631
2,melville,141,baum,7.243224382400513
2,melville,141,thompson,7.415030837059021
2,melville,141,dickens,7.084497133890788
2,melville,141,melville,7.080983956654866
2,melville,141,wells,7.289623975753784
2,melville,141,austen,7.272207021713257
2,melville,141,fitzgerald,7.362749099731445
2,melville,141,twain,7.145568450291951
2,melville,142,train,6.784093189239502
2,melville,142,baum,7.236698389053345
2,melville,142,thompson,7.407677888870239
2,melville,142,dickens,7.076815565427144
2,melville,142,melville,7.074562708536784
2,melville,142,wells,7.284122943878174
2,melville,142,austen,7.265517711639404
2,melville,142,fitzgerald,7.356702884038289
2,melville,142,twain,7.139545758565267
2,melville,143,train,6.799606132507324
2,melville,143,baum,7.231695890426636
2,melville,143,thompson,7.404561519622803
2,melville,143,dickens,7.070865472157796
2,melville,143,melville,7.067680676778157
2,melville,143,wells,7.278153578440349
2,melville,143,austen,7.261295318603516
2,melville,143,fitzgerald,7.352028290430705
2,melville,143,twain,7.133981227874756
2,melville,144,train,6.784107303619384
2,melville,144,baum,7.225271463394165
2,melville,144,thompson,7.399852395057678
2,melville,144,dickens,7.064639528592427
2,melville,144,melville,7.0616181294123335
2,melville,144,wells,7.271787842114766
2,melville,144,austen,7.255772113800049
2,melville,144,fitzgerald,7.346552133560181
2,melville,144,twain,7.127364794413249
2,melville,145,train,6.790866088867188
2,melville,145,baum,7.219349980354309
2,melville,145,thompson,7.393587589263916
2,melville,145,dickens,7.057467579841614
2,melville,145,melville,7.054802775382996
2,melville,145,wells,7.26629904905955
2,melville,145,austen,7.250703573226929
2,melville,145,fitzgerald,7.340833028157552
2,melville,145,twain,7.121461709340413
2,melville,146,train,6.77105016708374
2,melville,146,baum,7.214412093162537
2,melville,146,thompson,7.389273405075073
2,melville,146,dickens,7.053004622459412
2,melville,146,melville,7.049670100212097
2,melville,146,wells,7.262633760770162
2,melville,146,austen,7.247385501861572
2,melville,146,fitzgerald,7.337098836898804
2,melville,146,twain,7.116599241892497
2,melville,147,train,6.761120223999024
2,melville,147,baum,7.20829713344574
2,melville,147,thompson,7.383287310600281
2,melville,147,dickens,7.0464697281519575
2,melville,147,melville,7.043082515398662
2,melville,147,wells,7.255888024965922
2,melville,147,austen,7.242082118988037
2,melville,147,fitzgerald,7.33174459139506
2,melville,147,twain,7.111607948939006
2,melville,148,train,6.758638477325439
2,melville,148,baum,7.204418182373047
2,melville,148,thompson,7.379998445510864
2,melville,148,dickens,7.042508165041606
2,melville,148,melville,7.03700606028239
2,melville,148,wells,7.25297733147939
2,melville,148,austen,7.239297866821289
2,melville,148,fitzgerald,7.328853209813436
2,melville,148,twain,7.107030948003133
2,melville,149,train,6.744161128997803
2,melville,149,baum,7.19786548614502
2,melville,149,thompson,7.373347043991089
2,melville,149,dickens,7.034798940022786
2,melville,149,melville,7.03048821290334
2,melville,149,wells,7.2455042997996015
2,melville,149,austen,7.2327046394348145
2,melville,149,fitzgerald,7.322590430577596
2,melville,149,twain,7.100841840108235
2,melville,150,train,6.741967964172363
2,melville,150,baum,7.194367408752441
2,melville,150,thompson,7.3714377880096436
2,melville,150,dickens,7.031055132548015
2,melville,150,melville,7.0245210727055865
2,melville,150,wells,7.24226172765096
2,melville,150,austen,7.230960369110107
2,melville,150,fitzgerald,7.320178111394246
2,melville,150,twain,7.096197446187337
2,melville,151,train,6.72718448638916
2,melville,151,baum,7.190192937850952
2,melville,151,thompson,7.367095589637756
2,melville,151,dickens,7.025031844774882
2,melville,151,melville,7.0184346834818525
2,melville,151,wells,7.237786014874776
2,melville,151,austen,7.22712254524231
2,melville,151,fitzgerald,7.315974632898967
2,melville,151,twain,7.090736150741577
2,melville,152,train,6.724780750274658
2,melville,152,baum,7.185734748840332
2,melville,152,thompson,7.36383056640625
2,melville,152,dickens,7.020490487416585
2,melville,152,melville,7.012966394424439
2,melville,152,wells,7.233741164207458
2,melville,152,austen,7.221935510635376
2,melville,152,fitzgerald,7.312299172083537
2,melville,152,twain,7.086684624354045
2,melville,153,train,6.721703624725341
2,melville,153,baum,7.178565263748169
2,melville,153,thompson,7.356881976127624
2,melville,153,dickens,7.013020277023315
2,melville,153,melville,7.0069509744644165
2,melville,153,wells,7.22662095228831
2,melville,153,austen,7.215139389038086
2,melville,153,fitzgerald,7.305805762608846
2,melville,153,twain,7.08075753847758
2,melville,154,train,6.697682094573975
2,melville,154,baum,7.174054741859436
2,melville,154,thompson,7.353364706039429
2,melville,154,dickens,7.0089307228724165
2,melville,154,melville,7.00193206469218
2,melville,154,wells,7.224086244901021
2,melville,154,austen,7.212858200073242
2,melville,154,fitzgerald,7.302735090255737
2,melville,154,twain,7.076657613118489
2,melville,155,train,6.735756206512451
2,melville,155,baum,7.169116497039795
2,melville,155,thompson,7.347328066825867
2,melville,155,dickens,7.002509991327922
2,melville,155,melville,6.996046821276347
2,melville,155,wells,7.218488216400146
2,melville,155,austen,7.207705736160278
2,melville,155,fitzgerald,7.297109921773274
2,melville,155,twain,7.07197101910909
2,melville,156,train,6.707405471801758
2,melville,156,baum,7.163343667984009
2,melville,156,thompson,7.343145728111267
2,melville,156,dickens,6.998000820477803
2,melville,156,melville,6.990812301635742
2,melville,156,wells,7.2134601672490435
2,melville,156,austen,7.203110456466675
2,melville,156,fitzgerald,7.293197790781657
2,melville,156,twain,7.066880226135254
2,melville,157,train,6.706051635742187
2,melville,157,baum,7.16023862361908
2,melville,157,thompson,7.339223861694336
2,melville,157,dickens,6.992888371149699
2,melville,157,melville,6.985560456911723
2,melville,157,wells,7.20976459980011
2,melville,157,austen,7.200053453445435
2,melville,157,fitzgerald,7.289325634638469
2,melville,157,twain,7.061925967534383
2,melville,158,train,6.682043647766113
2,melville,158,baum,7.154445171356201
2,melville,158,thompson,7.334248185157776
2,melville,158,dickens,6.987619956334432
2,melville,158,melville,6.979939858118693
2,melville,158,wells,7.205212036768596
2,melville,158,austen,7.196888208389282
2,melville,158,fitzgerald,7.284585078557332
2,melville,158,twain,7.057117303212483
2,melville,159,train,6.687711334228515
2,melville,159,baum,7.148731470108032
2,melville,159,thompson,7.329066514968872
2,melville,159,dickens,6.982885559399922
2,melville,159,melville,6.975691636403401
2,melville,159,wells,7.20101273059845
2,melville,159,austen,7.193409204483032
2,melville,159,fitzgerald,7.280482927958171
2,melville,159,twain,7.052037715911865
2,melville,160,train,6.672747421264648
2,melville,160,baum,7.144924640655518
2,melville,160,thompson,7.324466228485107
2,melville,160,dickens,6.9770534833272295
2,melville,160,melville,6.969574491182963
2,melville,160,wells,7.1964567104975385
2,melville,160,austen,7.189336538314819
2,melville,160,fitzgerald,7.275915066401164
2,melville,160,twain,7.047362009684245
2,melville,161,train,6.6663867950439455
2,melville,161,baum,7.138500690460205
2,melville,161,thompson,7.31927490234375
2,melville,161,dickens,6.972658236821492
2,melville,161,melville,6.964749018351237
2,melville,161,wells,7.192888259887695
2,melville,161,austen,7.185593605041504
2,melville,161,fitzgerald,7.271148602167766
2,melville,161,twain,7.04296628634135
2,melville,162,train,6.659039783477783
2,melville,162,baum,7.13428008556366
2,melville,162,thompson,7.315173268318176
2,melville,162,dickens,6.967479070027669
2,melville,162,melville,6.95937979221344
2,melville,162,wells,7.1879879633585615
2,melville,162,austen,7.182275772094727
2,melville,162,fitzgerald,7.267091751098633
2,melville,162,twain,7.037866433461507
2,melville,163,train,6.676878452301025
2,melville,163,baum,7.13021445274353
2,melville,163,thompson,7.312307357788086
2,melville,163,dickens,6.963350216547648
2,melville,163,melville,6.955002665519714
2,melville,163,wells,7.184674183527629
2,melville,163,austen,7.179235219955444
2,melville,163,fitzgerald,7.263991355895996
2,melville,163,twain,7.034521738688151
2,melville,164,train,6.654964733123779
2,melville,164,baum,7.126269698143005
2,melville,164,thompson,7.308447241783142
2,melville,164,dickens,6.9574259122212725
2,melville,164,melville,6.949974099795024
2,melville,164,wells,7.180700699488322
2,melville,164,austen,7.175182342529297
2,melville,164,fitzgerald,7.260288635889689
2,melville,164,twain,7.02851414680481
2,melville,165,train,6.664186191558838
2,melville,165,baum,7.12272047996521
2,melville,165,thompson,7.304806351661682
2,melville,165,dickens,6.952538092931111
2,melville,165,melville,6.945054928461711
2,melville,165,wells,7.176535725593567
2,melville,165,austen,7.170178413391113
2,melville,165,fitzgerald,7.256710608800252
2,melville,165,twain,7.024595499038696
2,melville,166,train,6.6489485740661625
2,melville,166,baum,7.121365785598755
2,melville,166,thompson,7.304809927940369
2,melville,166,dickens,6.950171788533528
2,melville,166,melville,6.941606322924296
2,melville,166,wells,7.175290822982788
2,melville,166,austen,7.169898271560669
2,melville,166,fitzgerald,7.25545064608256
2,melville,166,twain,7.021492958068848
2,melville,167,train,6.633103275299073
2,melville,167,baum,7.116353154182434
2,melville,167,thompson,7.300045609474182
2,melville,167,dickens,6.945249795913696
2,melville,167,melville,6.936354597409566
2,melville,167,wells,7.171652515729268
2,melville,167,austen,7.16698431968689
2,melville,167,fitzgerald,7.251373926798503
2,melville,167,twain,7.017099380493164
2,melville,168,train,6.634808731079102
2,melville,168,baum,7.110482811927795
2,melville,168,thompson,7.293062686920166
2,melville,168,dickens,6.93890392780304
2,melville,168,melville,6.930337866147359
2,melville,168,wells,7.166412353515625
2,melville,168,austen,7.161235094070435
2,melville,168,fitzgerald,7.245914936065674
2,melville,168,twain,7.012673377990723
2,melville,169,train,6.617574977874756
2,melville,169,baum,7.1059490442276
2,melville,169,thompson,7.289931058883667
2,melville,169,dickens,6.934226592381795
2,melville,169,melville,6.926199714342753
2,melville,169,wells,7.163038969039917
2,melville,169,austen,7.157799243927002
2,melville,169,fitzgerald,7.2419852415720625
2,melville,169,twain,7.008527199427287
2,melville,170,train,6.648626232147217
2,melville,170,baum,7.100794911384583
2,melville,170,thompson,7.284913897514343
2,melville,170,dickens,6.929405649503072
2,melville,170,melville,6.919998089472453
2,melville,170,wells,7.158055345217387
2,melville,170,austen,7.154568195343018
2,melville,170,fitzgerald,7.236965656280518
2,melville,170,twain,7.003302653630574
2,melville,171,train,6.609731006622314
2,melville,171,baum,7.097233176231384
2,melville,171,thompson,7.28240180015564
2,melville,171,dickens,6.926920294761658
2,melville,171,melville,6.915870388348897
2,melville,171,wells,7.155309081077576
2,melville,171,austen,7.152099370956421
2,melville,171,fitzgerald,7.234821081161499
2,melville,171,twain,7.000457207361857
2,melville,172,train,6.617252826690674
2,melville,172,baum,7.095164299011231
2,melville,172,thompson,7.278265714645386
2,melville,172,dickens,6.921160578727722
2,melville,172,melville,6.9107666015625
2,melville,172,wells,7.151665647824605
2,melville,172,austen,7.148858070373535
2,melville,172,fitzgerald,7.231008370717366
2,melville,172,twain,6.996387481689453
2,melville,173,train,6.596821594238281
2,melville,173,baum,7.091490864753723
2,melville,173,thompson,7.275350689888
2,melville,173,dickens,6.916929244995117
2,melville,173,melville,6.906139453252156
2,melville,173,wells,7.149044752120972
2,melville,173,austen,7.145560503005981
2,melville,173,fitzgerald,7.227869510650635
2,melville,173,twain,6.993592023849487
2,melville,174,train,6.607440853118897
2,melville,174,baum,7.085261225700378
2,melville,174,thompson,7.269896864891052
2,melville,174,dickens,6.911779920260112
2,melville,174,melville,6.901299834251404
2,melville,174,wells,7.142744064331055
2,melville,174,austen,7.140289068222046
2,melville,174,fitzgerald,7.222188711166382
2,melville,174,twain,6.988312403361003
2,melville,175,train,6.6045451164245605
2,melville,175,baum,7.082889676094055
2,melville,175,thompson,7.268729090690613
2,melville,175,dickens,6.908629179000855
2,melville,175,melville,6.896782398223877
2,melville,175,wells,7.140143394470215
2,melville,175,austen,7.138268947601318
2,melville,175,fitzgerald,7.220489740371704
2,melville,175,twain,6.985284010569255
2,melville,176,train,6.589690113067627
2,melville,176,baum,7.079760670661926
2,melville,176,thompson,7.263472437858581
2,melville,176,dickens,6.902659614880879
2,melville,176,melville,6.8909339507420855
2,melville,176,wells,7.137218634287517
2,melville,176,austen,7.133552312850952
2,melville,176,fitzgerald,7.215799887975057
2,melville,176,twain,6.9815700848897295
2,melville,177,train,6.590222644805908
2,melville,177,baum,7.075532793998718
2,melville,177,thompson,7.260160803794861
2,melville,177,dickens,6.899134556452434
2,melville,177,melville,6.886590957641602
2,melville,177,wells,7.132833639780681
2,melville,177,austen,7.130860567092896
2,melville,177,fitzgerald,7.212416489919026
2,melville,177,twain,6.977838039398193
2,melville,178,train,6.568771839141846
2,melville,178,baum,7.071977138519287
2,melville,178,thompson,7.256903290748596
2,melville,178,dickens,6.895709753036499
2,melville,178,melville,6.881579399108887
2,melville,178,wells,7.128839214642842
2,melville,178,austen,7.128485918045044
2,melville,178,fitzgerald,7.208828449249268
2,melville,178,twain,6.974433581034343
2,melville,179,train,6.570516777038574
2,melville,179,baum,7.06775438785553
2,melville,179,thompson,7.254493117332458
2,melville,179,dickens,6.892309029897054
2,melville,179,melville,6.877918362617493
2,melville,179,wells,7.126761436462402
2,melville,179,austen,7.125241041183472
2,melville,179,fitzgerald,7.206019639968872
2,melville,179,twain,6.971588611602783
2,melville,180,train,6.553415203094483
2,melville,180,baum,7.063838720321655
2,melville,180,thompson,7.251069784164429
2,melville,180,dickens,6.888345678647359
2,melville,180,melville,6.87372608979543
2,melville,180,wells,7.123069047927856
2,melville,180,austen,7.12246036529541
2,melville,180,fitzgerald,7.202475070953369
2,melville,180,twain,6.9681360721588135
2,melville,181,train,6.551025581359864
2,melville,181,baum,7.057858467102051
2,melville,181,thompson,7.243231892585754
2,melville,181,dickens,6.8801601727803545
2,melville,181,melville,6.866875847180684
2,melville,181,wells,7.11825692653656
2,melville,181,austen,7.116457462310791
2,melville,181,fitzgerald,7.195763905843099
2,melville,181,twain,6.961843013763428
2,melville,182,train,6.552898693084717
2,melville,182,baum,7.055325984954834
2,melville,182,thompson,7.239211678504944
2,melville,182,dickens,6.876558581988017
2,melville,182,melville,6.863306919733684
2,melville,182,wells,7.116432746251424
2,melville,182,austen,7.114914178848267
2,melville,182,fitzgerald,7.193702856699626
2,melville,182,twain,6.959565242131551
2,melville,183,train,6.523840141296387
2,melville,183,baum,7.051975965499878
2,melville,183,thompson,7.234727740287781
2,melville,183,dickens,6.870964328447978
2,melville,183,melville,6.857657074928284
2,melville,183,wells,7.1105860869089765
2,melville,183,austen,7.109866380691528
2,melville,183,fitzgerald,7.188079357147217
2,melville,183,twain,6.954969644546509
2,melville,184,train,6.546499538421631
2,melville,184,baum,7.0475172996521
2,melville,184,thompson,7.235148787498474
2,melville,184,dickens,6.872235933939616
2,melville,184,melville,6.85491160551707
2,melville,184,wells,7.108818888664246
2,melville,184,austen,7.110382318496704
2,melville,184,fitzgerald,7.188139359156291
2,melville,184,twain,6.952151616414388
2,melville,185,train,6.524800395965576
2,melville,185,baum,7.045219302177429
2,melville,185,thompson,7.231928825378418
2,melville,185,dickens,6.866100827852885
2,melville,185,melville,6.848820686340332
2,melville,185,wells,7.105619589487712
2,melville,185,austen,7.106626033782959
2,melville,185,fitzgerald,7.184631586074829
2,melville,185,twain,6.948287804921468
2,melville,186,train,6.526707077026368
2,melville,186,baum,7.042523384094238
2,melville,186,thompson,7.225830078125
2,melville,186,dickens,6.859806100527446
2,melville,186,melville,6.844332496325175
2,melville,186,wells,7.1023508707682295
2,melville,186,austen,7.102261543273926
2,melville,186,fitzgerald,7.179435968399048
2,melville,186,twain,6.944903930028279
2,melville,187,train,6.511688137054444
2,melville,187,baum,7.0383360385894775
2,melville,187,thompson,7.225186228752136
2,melville,187,dickens,6.858390053113301
2,melville,187,melville,6.840928872426351
2,melville,187,wells,7.09892741839091
2,melville,187,austen,7.100174427032471
2,melville,187,fitzgerald,7.17810336748759
2,melville,187,twain,6.940733591715495
2,melville,188,train,6.549662590026856
2,melville,188,baum,7.036330103874207
2,melville,188,thompson,7.224250316619873
2,melville,188,dickens,6.855680386225383
2,melville,188,melville,6.837083737055461
2,melville,188,wells,7.097522417704265
2,melville,188,austen,7.098666667938232
2,melville,188,fitzgerald,7.17697024345398
2,melville,188,twain,6.937444448471069
2,melville,189,train,6.524529647827149
2,melville,189,baum,7.030280590057373
2,melville,189,thompson,7.215706706047058
2,melville,189,dickens,6.8496562242507935
2,melville,189,melville,6.832495252291362
2,melville,189,wells,7.092123508453369
2,melville,189,austen,7.09403133392334
2,melville,189,fitzgerald,7.170443296432495
2,melville,189,twain,6.932963053385417
2,melville,190,train,6.503129577636718
2,melville,190,baum,7.027919173240662
2,melville,190,thompson,7.214507102966309
2,melville,190,dickens,6.845464150110881
2,melville,190,melville,6.827967246373494
2,melville,190,wells,7.09187912940979
2,melville,190,austen,7.090920209884644
2,melville,190,fitzgerald,7.169339736302693
2,melville,190,twain,6.930836121241252
2,melville,191,train,6.517038249969483
2,melville,191,baum,7.022742748260498
2,melville,191,thompson,7.210419297218323
2,melville,191,dickens,6.841131607691447
2,melville,191,melville,6.8241976499557495
2,melville,191,wells,7.086372494697571
2,melville,191,austen,7.087974309921265
2,melville,191,fitzgerald,7.164091030756633
2,melville,191,twain,6.925302108128865
2,melville,192,train,6.49988374710083
2,melville,192,baum,7.019680142402649
2,melville,192,thompson,7.209466576576233
2,melville,192,dickens,6.838765621185303
2,melville,192,melville,6.8208500146865845
2,melville,192,wells,7.084883650143941
2,melville,192,austen,7.086498975753784
2,melville,192,fitzgerald,7.162798404693604
2,melville,192,twain,6.9226759274800616
2,melville,193,train,6.506089401245117
2,melville,193,baum,7.015103101730347
2,melville,193,thompson,7.2041404247283936
2,melville,193,dickens,6.833030978838603
2,melville,193,melville,6.815906643867493
2,melville,193,wells,7.081144173940023
2,melville,193,austen,7.080569982528687
2,melville,193,fitzgerald,7.157296816507976
2,melville,193,twain,6.918224096298218
2,melville,194,train,6.506280994415283
2,melville,194,baum,7.010712385177612
2,melville,194,thompson,7.198600888252258
2,melville,194,dickens,6.827060580253601
2,melville,194,melville,6.811806639035543
2,melville,194,wells,7.077537218729655
2,melville,194,austen,7.074615478515625
2,melville,194,fitzgerald,7.152418931325276
2,melville,194,twain,6.9140571753184
2,melville,195,train,6.507753181457519
2,melville,195,baum,7.008113265037537
2,melville,195,thompson,7.197485566139221
2,melville,195,dickens,6.824459036191304
2,melville,195,melville,6.807826956113179
2,melville,195,wells,7.075480977694194
2,melville,195,austen,7.073790550231934
2,melville,195,fitzgerald,7.150814215342204
2,melville,195,twain,6.9108726978302
2,melville,196,train,6.4654186248779295
2,melville,196,baum,7.003085732460022
2,melville,196,thompson,7.194283127784729
2,melville,196,dickens,6.822020689646403
2,melville,196,melville,6.80418046315511
2,melville,196,wells,7.071716705958049
2,melville,196,austen,7.071420907974243
2,melville,196,fitzgerald,7.1471952597300215
2,melville,196,twain,6.907049973805745
2,melville,197,train,6.477801895141601
2,melville,197,baum,7.000054121017456
2,melville,197,thompson,7.1921093463897705
2,melville,197,dickens,6.817562619845073
2,melville,197,melville,6.800431847572327
2,melville,197,wells,7.068866451581319
2,melville,197,austen,7.067075490951538
2,melville,197,fitzgerald,7.143723885218303
2,melville,197,twain,6.903809865315755
2,melville,198,train,6.472537803649902
2,melville,198,baum,6.99514901638031
2,melville,198,thompson,7.186999917030335
2,melville,198,dickens,6.813132921854655
2,melville,198,melville,6.796324849128723
2,melville,198,wells,7.064635912577312
2,melville,198,austen,7.064266204833984
2,melville,198,fitzgerald,7.139376401901245
2,melville,198,twain,6.9001078605651855
2,melville,199,train,6.473952388763427
2,melville,199,baum,6.993798851966858
2,melville,199,thompson,7.187745451927185
2,melville,199,dickens,6.81072735786438
2,melville,199,melville,6.791687091191609
2,melville,199,wells,7.063954710960388
2,melville,199,austen,7.063278198242188
2,melville,199,fitzgerald,7.139447053273519
2,melville,199,twain,6.8974235852559405
2,melville,200,train,6.477462863922119
2,melville,200,baum,6.989791870117188
2,melville,200,thompson,7.183002591133118
2,melville,200,dickens,6.806687394777934
2,melville,200,melville,6.789120117823283
2,melville,200,wells,7.059632937113444
2,melville,200,austen,7.057913303375244
2,melville,200,fitzgerald,7.134037256240845
2,melville,200,twain,6.893539349238078
2,melville,201,train,6.469129371643066
2,melville,201,baum,6.985738396644592
2,melville,201,thompson,7.178791522979736
2,melville,201,dickens,6.803082942962647
2,melville,201,melville,6.784611185391744
2,melville,201,wells,7.05790654818217
2,melville,201,austen,7.054837226867676
2,melville,201,fitzgerald,7.131241083145142
2,melville,201,twain,6.890282869338989
2,melville,202,train,6.45529613494873
2,melville,202,baum,6.9811317920684814
2,melville,202,thompson,7.173648476600647
2,melville,202,dickens,6.79979161421458
2,melville,202,melville,6.781274755795796
2,melville,202,wells,7.053815205891927
2,melville,202,austen,7.052273511886597
2,melville,202,fitzgerald,7.126928091049194
2,melville,202,twain,6.886813640594482
2,melville,203,train,6.403214168548584
2,melville,203,baum,6.978263974189758
2,melville,203,thompson,7.171928524971008
2,melville,203,dickens,6.794776916503906
2,melville,203,melville,6.776108543078105
2,melville,203,wells,7.050182143847148
2,melville,203,austen,7.047024250030518
2,melville,203,fitzgerald,7.124289194742839
2,melville,203,twain,6.881258805592855
2,melville,204,train,6.431642246246338
2,melville,204,baum,6.975412607192993
2,melville,204,thompson,7.167259693145752
2,melville,204,dickens,6.7904759248097735
2,melville,204,melville,6.773305098215739
2,melville,204,wells,7.047936161359151
2,melville,204,austen,7.043713808059692
2,melville,204,fitzgerald,7.120341380437215
2,melville,204,twain,6.878485600153605
2,melville,205,train,6.451679134368897
2,melville,205,baum,6.974833846092224
2,melville,205,thompson,7.164848208427429
2,melville,205,dickens,6.786781827608745
2,melville,205,melville,6.768614490826924
2,melville,205,wells,7.048450867335002
2,melville,205,austen,7.041640758514404
2,melville,205,fitzgerald,7.117997248967488
2,melville,205,twain,6.876508553822835
2,melville,206,train,6.397716999053955
2,melville,206,baum,6.971514940261841
2,melville,206,thompson,7.161046028137207
2,melville,206,dickens,6.7835373878479
2,melville,206,melville,6.764645179112752
2,melville,206,wells,7.042802373568217
2,melville,206,austen,7.040752172470093
2,melville,206,fitzgerald,7.114855607350667
2,melville,206,twain,6.872628768285115
2,melville,207,train,6.3938089370727536
2,melville,207,baum,6.969460844993591
2,melville,207,thompson,7.162387251853943
2,melville,207,dickens,6.783814549446106
2,melville,207,melville,6.7621974150339765
2,melville,207,wells,7.042081316312154
2,melville,207,austen,7.040346622467041
2,melville,207,fitzgerald,7.115087111790975
2,melville,207,twain,6.870727459589641
2,melville,208,train,6.411403465270996
2,melville,208,baum,6.964877724647522
2,melville,208,thompson,7.156405925750732
2,melville,208,dickens,6.776009956995647
2,melville,208,melville,6.756861170132955
2,melville,208,wells,7.03637691338857
2,melville,208,austen,7.034231185913086
2,melville,208,fitzgerald,7.108439763387044
2,melville,208,twain,6.864670912424724
2,melville,209,train,6.3821488380432125
2,melville,209,baum,6.961045384407044
2,melville,209,thompson,7.153417348861694
2,melville,209,dickens,6.774646123250325
2,melville,209,melville,6.753121455510457
2,melville,209,wells,7.033116102218628
2,melville,209,austen,7.033132314682007
2,melville,209,fitzgerald,7.106365919113159
2,melville,209,twain,6.862536668777466
2,melville,210,train,6.380457401275635
2,melville,210,baum,6.960525870323181
2,melville,210,thompson,7.151882886886597
2,melville,210,dickens,6.769699891408284
2,melville,210,melville,6.748944799105327
2,melville,210,wells,7.033389131228129
2,melville,210,austen,7.0275421142578125
2,melville,210,fitzgerald,7.103772322336833
2,melville,210,twain,6.860885620117188
2,melville,211,train,6.3811156272888185
2,melville,211,baum,6.951244235038757
2,melville,211,thompson,7.14382016658783
2,melville,211,dickens,6.764341553052266
2,melville,211,melville,6.742471377054851
2,melville,211,wells,7.026216944058736
2,melville,211,austen,7.023260593414307
2,melville,211,fitzgerald,7.097741524378459
2,melville,211,twain,6.85508672396342
2,melville,212,train,6.366291427612305
2,melville,212,baum,6.951984882354736
2,melville,212,thompson,7.147732019424439
2,melville,212,dickens,6.76778244972229
2,melville,212,melville,6.741874774297078
2,melville,212,wells,7.026981075604756
2,melville,212,austen,7.025878190994263
2,melville,212,fitzgerald,7.100293795267741
2,melville,212,twain,6.856157859166463
2,melville,213,train,6.384965610504151
2,melville,213,baum,6.946427226066589
2,melville,213,thompson,7.139941215515137
2,melville,213,dickens,6.757843494415283
2,melville,213,melville,6.736194014549255
2,melville,213,wells,7.021851936976115
2,melville,213,austen,7.017066717147827
2,melville,213,fitzgerald,7.092464208602905
2,melville,213,twain,6.849389553070068
2,melville,214,train,6.36546049118042
2,melville,214,baum,6.942036986351013
2,melville,214,thompson,7.138419628143311
2,melville,214,dickens,6.757259249687195
2,melville,214,melville,6.73297651608785
2,melville,214,wells,7.020449837048848
2,melville,214,austen,7.017659187316895
2,melville,214,fitzgerald,7.091733614603679
2,melville,214,twain,6.847885608673096
2,melville,215,train,6.378987121582031
2,melville,215,baum,6.934839129447937
2,melville,215,thompson,7.130625605583191
2,melville,215,dickens,6.749497095743815
2,melville,215,melville,6.727509379386902
2,melville,215,wells,7.0145847002665205
2,melville,215,austen,7.009594678878784
2,melville,215,fitzgerald,7.083533366521199
2,melville,215,twain,6.841877698898315
2,melville,216,train,6.378329181671143
2,melville,216,baum,6.930155992507935
2,melville,216,thompson,7.125731945037842
2,melville,216,dickens,6.746927817662557
2,melville,216,melville,6.722720662752788
2,melville,216,wells,7.011179010073344
2,melville,216,austen,7.007785797119141
2,melville,216,fitzgerald,7.080184618631999
2,melville,216,twain,6.838534911473592
2,melville,217,train,6.352524852752685
2,melville,217,baum,6.926742076873779
2,melville,217,thompson,7.124088764190674
2,melville,217,dickens,6.744204481442769
2,melville,217,melville,6.721148729324341
2,melville,217,wells,7.0104877551396685
2,melville,217,austen,7.004232406616211
2,melville,217,fitzgerald,7.078858852386475
2,melville,217,twain,6.836805899937947
2,melville,218,train,6.352595043182373
2,melville,218,baum,6.921633720397949
2,melville,218,thompson,7.117790579795837
2,melville,218,dickens,6.736258784929912
2,melville,218,melville,6.715009530385335
2,melville,218,wells,7.005316376686096
2,melville,218,austen,6.999729156494141
2,melville,218,fitzgerald,7.072038491566976
2,melville,218,twain,6.831048329671224
2,melville,219,train,6.338738536834716
2,melville,219,baum,6.918659090995789
2,melville,219,thompson,7.113860368728638
2,melville,219,dickens,6.734195868174235
2,melville,219,melville,6.7118128935496015
2,melville,219,wells,7.00359030564626
2,melville,219,austen,6.996267080307007
2,melville,219,fitzgerald,7.069619655609131
2,melville,219,twain,6.828619956970215
2,melville,220,train,6.304422664642334
2,melville,220,baum,6.916349649429321
2,melville,220,thompson,7.111804604530335
2,melville,220,dickens,6.730955759684245
2,melville,220,melville,6.709692041079204
2,melville,220,wells,7.002382159233093
2,melville,220,austen,6.992790937423706
2,melville,220,fitzgerald,7.0666929880778
2,melville,220,twain,6.825343370437622
2,melville,221,train,6.315366649627686
2,melville,221,baum,6.910808563232422
2,melville,221,thompson,7.105831146240234
2,melville,221,dickens,6.728422562281291
2,melville,221,melville,6.704313317934672
2,melville,221,wells,6.997091293334961
2,melville,221,austen,6.991238117218018
2,melville,221,fitzgerald,7.0623799959818525
2,melville,221,twain,6.822599252065023
2,melville,222,train,6.311116790771484
2,melville,222,baum,6.910839676856995
2,melville,222,thompson,7.102038860321045
2,melville,222,dickens,6.722206672032674
2,melville,222,melville,6.701506654421489
2,melville,222,wells,6.998660882314046
2,melville,222,austen,6.985485076904297
2,melville,222,fitzgerald,7.058787186940511
2,melville,222,twain,6.8195046583811445
2,melville,223,train,6.338572502136231
2,melville,223,baum,6.909211277961731
2,melville,223,thompson,7.098244071006775
2,melville,223,dickens,6.716582377751668
2,melville,223,melville,6.697242657343547
2,melville,223,wells,6.994602958361308
2,melville,223,austen,6.981040954589844
2,melville,223,fitzgerald,7.053178230921428
2,melville,223,twain,6.815476258595784
2,melville,224,train,6.313079833984375
2,melville,224,baum,6.905478477478027
2,melville,224,thompson,7.095096945762634
2,melville,224,dickens,6.709892233212789
2,melville,224,melville,6.692763447761536
2,melville,224,wells,6.992305318514506
2,melville,224,austen,6.9762351512908936
2,melville,224,fitzgerald,7.050017674763997
2,melville,224,twain,6.810630400975545
2,melville,225,train,6.319425296783447
2,melville,225,baum,6.899935364723206
2,melville,225,thompson,7.091139078140259
2,melville,225,dickens,6.708417534828186
2,melville,225,melville,6.6886277596155805
2,melville,225,wells,6.984974424044292
2,melville,225,austen,6.973906993865967
2,melville,225,fitzgerald,7.045794725418091
2,melville,225,twain,6.807233333587647
2,melville,226,train,6.3289400100708
2,melville,226,baum,6.900863409042358
2,melville,226,thompson,7.089940905570984
2,melville,226,dickens,6.709306001663208
2,melville,226,melville,6.686024904251099
2,melville,226,wells,6.982968330383301
2,melville,226,austen,6.975258111953735
2,melville,226,fitzgerald,7.045193910598755
2,melville,226,twain,6.806168556213379
2,melville,227,train,6.272928142547608
2,melville,227,baum,6.899794340133667
2,melville,227,thompson,7.084911346435547
2,melville,227,dickens,6.701437711715698
2,melville,227,melville,6.682780146598816
2,melville,227,wells,6.983087619145711
2,melville,227,austen,6.969528913497925
2,melville,227,fitzgerald,7.041462341944377
2,melville,227,twain,6.802626927693685
2,melville,228,train,6.279074954986572
2,melville,228,baum,6.894550919532776
2,melville,228,thompson,7.079560279846191
2,melville,228,dickens,6.69838269551595
2,melville,228,melville,6.678491115570068
2,melville,228,wells,6.977040926615397
2,melville,228,austen,6.965823173522949
2,melville,228,fitzgerald,7.035496075948079
2,melville,228,twain,6.799758990605672
2,melville,229,train,6.296378135681152
2,melville,229,baum,6.889266133308411
2,melville,229,thompson,7.077481031417847
2,melville,229,dickens,6.695528229077657
2,melville,229,melville,6.673573056856792
2,melville,229,wells,6.973506450653076
2,melville,229,austen,6.961656093597412
2,melville,229,fitzgerald,7.033879121144612
2,melville,229,twain,6.796595017115275
2,melville,230,train,6.241395378112793
2,melville,230,baum,6.885942459106445
2,melville,230,thompson,7.075068950653076
2,melville,230,dickens,6.694442351659139
2,melville,230,melville,6.667963862419128
2,melville,230,wells,6.971419850985209
2,melville,230,austen,6.962030172348023
2,melville,230,fitzgerald,7.0322433312733965
2,melville,230,twain,6.79427433013916
2,melville,231,train,6.268627738952636
2,melville,231,baum,6.884009957313538
2,melville,231,thompson,7.071884870529175
2,melville,231,dickens,6.684842348098755
2,melville,231,melville,6.666797081629436
2,melville,231,wells,6.969477574030559
2,melville,231,austen,6.955894708633423
2,melville,231,fitzgerald,7.025842189788818
2,melville,231,twain,6.787772019704183
2,melville,232,train,6.254299831390381
2,melville,232,baum,6.878559827804565
2,melville,232,thompson,7.070144534111023
2,melville,232,dickens,6.682952404022217
2,melville,232,melville,6.661510547002156
2,melville,232,wells,6.96733037630717
2,melville,232,austen,6.954395532608032
2,melville,232,fitzgerald,7.025588750839233
2,melville,232,twain,6.786767800649007
2,melville,233,train,6.27508020401001
2,melville,233,baum,6.870869159698486
2,melville,233,thompson,7.067564487457275
2,melville,233,dickens,6.683372735977173
2,melville,233,melville,6.657760977745056
2,melville,233,wells,6.962276856104533
2,melville,233,austen,6.953719139099121
2,melville,233,fitzgerald,7.022566159566243
2,melville,233,twain,6.785515387852986
2,melville,234,train,6.249684238433838
2,melville,234,baum,6.866551160812378
2,melville,234,thompson,7.060171008110046
2,melville,234,dickens,6.677000482877095
2,melville,234,melville,6.653056859970093
2,melville,234,wells,6.959729035695394
2,melville,234,austen,6.946729421615601
2,melville,234,fitzgerald,7.017961184183757
2,melville,234,twain,6.780623992284139
2,melville,235,train,6.266426277160645
2,melville,235,baum,6.866048812866211
2,melville,235,thompson,7.059298634529114
2,melville,235,dickens,6.669923146565755
2,melville,235,melville,6.649229089419047
2,melville,235,wells,6.958354791005452
2,melville,235,austen,6.939865350723267
2,melville,235,fitzgerald,7.014185984929402
2,melville,235,twain,6.776410023371379
2,melville,236,train,6.244922637939453
2,melville,236,baum,6.862657070159912
2,melville,236,thompson,7.055105805397034
2,melville,236,dickens,6.661968350410461
2,melville,236,melville,6.6446205377578735
2,melville,236,wells,6.955677270889282
2,melville,236,austen,6.931864261627197
2,melville,236,fitzgerald,7.009169260660808
2,melville,236,twain,6.771412213643392
2,melville,237,train,6.218959808349609
2,melville,237,baum,6.858847737312317
2,melville,237,thompson,7.053116798400879
2,melville,237,dickens,6.663315494855245
2,melville,237,melville,6.640746871630351
2,melville,237,wells,6.95292063554128
2,melville,237,austen,6.935024738311768
2,melville,237,fitzgerald,7.009047190348308
2,melville,237,twain,6.770033677419026
2,melville,238,train,6.240084552764893
2,melville,238,baum,6.85869824886322
2,melville,238,thompson,7.049575328826904
2,melville,238,dickens,6.6600117683410645
2,melville,238,melville,6.639673074086507
2,melville,238,wells,6.950567881266276
2,melville,238,austen,6.928894996643066
2,melville,238,fitzgerald,7.005011796951294
2,melville,238,twain,6.767662366231282
2,melville,239,train,6.239745616912842
2,melville,239,baum,6.857679009437561
2,melville,239,thompson,7.050509929656982
2,melville,239,dickens,6.662664969762166
2,melville,239,melville,6.636556108792623
2,melville,239,wells,6.949772636095683
2,melville,239,austen,6.933783292770386
2,melville,239,fitzgerald,7.005263328552246
2,melville,239,twain,6.767390330632527
2,melville,240,train,6.235267257690429
2,melville,240,baum,6.853124380111694
2,melville,240,thompson,7.045700073242188
2,melville,240,dickens,6.657121737798055
2,melville,240,melville,6.630930105845134
2,melville,240,wells,6.945430556933085
2,melville,240,austen,6.926908016204834
2,melville,240,fitzgerald,7.000145117441813
2,melville,240,twain,6.7623138427734375
2,melville,241,train,6.221194839477539
2,melville,241,baum,6.856516003608704
2,melville,241,thompson,7.044531464576721
2,melville,241,dickens,6.6495254834493
2,melville,241,melville,6.627788543701172
2,melville,241,wells,6.943891604741414
2,melville,241,austen,6.923916339874268
2,melville,241,fitzgerald,6.996577024459839
2,melville,241,twain,6.7598287264506025
2,melville,242,train,6.204312992095947
2,melville,242,baum,6.85247528553009
2,melville,242,thompson,7.038879871368408
2,melville,242,dickens,6.643639485041301
2,melville,242,melville,6.623810172080994
2,melville,242,wells,6.941632310549418
2,melville,242,austen,6.919066905975342
2,melville,242,fitzgerald,6.991939385732015
2,melville,242,twain,6.755403995513916
2,melville,243,train,6.204826068878174
2,melville,243,baum,6.846171140670776
2,melville,243,thompson,7.038060784339905
2,melville,243,dickens,6.649548848470052
2,melville,243,melville,6.621357560157776
2,melville,243,wells,6.9377464056015015
2,melville,243,austen,6.922976732254028
2,melville,243,fitzgerald,6.993331034978231
2,melville,243,twain,6.757459084192912
2,melville,244,train,6.193004512786866
2,melville,244,baum,6.844936490058899
2,melville,244,thompson,7.037035465240479
2,melville,244,dickens,6.64309295018514
2,melville,244,melville,6.618182937304179
2,melville,244,wells,6.938102801640828
2,melville,244,austen,6.918140888214111
2,melville,244,fitzgerald,6.99056617418925
2,melville,244,twain,6.754199584325154
2,melville,245,train,6.168014335632324
2,melville,245,baum,6.839165687561035
2,melville,245,thompson,7.031776070594788
2,melville,245,dickens,6.639666795730591
2,melville,245,melville,6.614795247713725
2,melville,245,wells,6.931910395622253
2,melville,245,austen,6.9145283699035645
2,melville,245,fitzgerald,6.984601338704427
2,melville,245,twain,6.750202576319377
2,melville,246,train,6.172388553619385
2,melville,246,baum,6.8391172885894775
2,melville,246,thompson,7.029866933822632
2,melville,246,dickens,6.631086230278015
2,melville,246,melville,6.612695972124736
2,melville,246,wells,6.933109164237976
2,melville,246,austen,6.907526969909668
2,melville,246,fitzgerald,6.980684677759807
2,melville,246,twain,6.746658245722453
2,melville,247,train,6.169899272918701
2,melville,247,baum,6.838322401046753
2,melville,247,thompson,7.028258919715881
2,melville,247,dickens,6.629733165105184
2,melville,247,melville,6.608562191327413
2,melville,247,wells,6.932433287302653
2,melville,247,austen,6.907218456268311
2,melville,247,fitzgerald,6.979320446650188
2,melville,247,twain,6.7442686557769775
2,melville,248,train,6.191164779663086
2,melville,248,baum,6.833527207374573
2,melville,248,thompson,7.02410101890564
2,melville,248,dickens,6.632496913274129
2,melville,248,melville,6.605175852775574
2,melville,248,wells,6.92361323038737
2,melville,248,austen,6.9071433544158936
2,melville,248,fitzgerald,6.976208368937175
2,melville,248,twain,6.7423233191172285
2,melville,249,train,6.181131839752197
2,melville,249,baum,6.831787705421448
2,melville,249,thompson,7.023784756660461
2,melville,249,dickens,6.631767908732097
2,melville,249,melville,6.602742592493693
2,melville,249,wells,6.924577951431274
2,melville,249,austen,6.906747102737427
2,melville,249,fitzgerald,6.9764673709869385
2,melville,249,twain,6.742657979329427
2,melville,250,train,6.1539898872375485
2,melville,250,baum,6.827378034591675
2,melville,250,thompson,7.019004464149475
2,melville,250,dickens,6.623806357383728
2,melville,250,melville,6.595393816630046
2,melville,250,wells,6.918414314587911
2,melville,250,austen,6.902062654495239
2,melville,250,fitzgerald,6.96956483523051
2,melville,250,twain,6.737211545308431
2,melville,251,train,6.163277435302734
2,melville,251,baum,6.827143430709839
2,melville,251,thompson,7.017814159393311
2,melville,251,dickens,6.614669442176819
2,melville,251,melville,6.59287695089976
2,melville,251,wells,6.92071274916331
2,melville,251,austen,6.895859479904175
2,melville,251,fitzgerald,6.966394344965617
2,melville,251,twain,6.73166823387146
2,melville,252,train,6.144841957092285
2,melville,252,baum,6.822673559188843
2,melville,252,thompson,7.013275742530823
2,melville,252,dickens,6.612146894137065
2,melville,252,melville,6.589065869649251
2,melville,252,wells,6.916516423225403
2,melville,252,austen,6.891827344894409
2,melville,252,fitzgerald,6.961459239323934
2,melville,252,twain,6.7298877239227295
2,melville,253,train,6.139479064941407
2,melville,253,baum,6.820683836936951
2,melville,253,thompson,7.012326002120972
2,melville,253,dickens,6.613771359125773
2,melville,253,melville,6.588799277941386
2,melville,253,wells,6.914120674133301
2,melville,253,austen,6.893672466278076
2,melville,253,fitzgerald,6.961590210596721
2,melville,253,twain,6.730300267537435
2,melville,254,train,6.133642101287842
2,melville,254,baum,6.8187103271484375
2,melville,254,thompson,7.008112549781799
2,melville,254,dickens,6.613016525904338
2,melville,254,melville,6.586929162343343
2,melville,254,wells,6.908477544784546
2,melville,254,austen,6.891589879989624
2,melville,254,fitzgerald,6.957250992457072
2,melville,254,twain,6.726952473322551
2,melville,255,train,6.148554134368896
2,melville,255,baum,6.819927930831909
2,melville,255,thompson,7.007278680801392
2,melville,255,dickens,6.599697669347127
2,melville,255,melville,6.582611481348674
2,melville,255,wells,6.915800094604492
2,melville,255,austen,6.882627487182617
2,melville,255,fitzgerald,6.9546215534210205
2,melville,255,twain,6.724330345789592
2,melville,256,train,6.106753921508789
2,melville,256,baum,6.809382319450378
2,melville,256,thompson,7.0009695291519165
2,melville,256,dickens,6.598614454269409
2,melville,256,melville,6.577607234319051
2,melville,256,wells,6.905137658119202
2,melville,256,austen,6.880879640579224
2,melville,256,fitzgerald,6.9513139724731445
2,melville,256,twain,6.718962510426839
2,melville,257,train,6.141980361938477
2,melville,257,baum,6.810408115386963
2,melville,257,thompson,7.00300395488739
2,melville,257,dickens,6.602489590644836
2,melville,257,melville,6.577242533365886
2,melville,257,wells,6.906018177668254
2,melville,257,austen,6.882952451705933
2,melville,257,fitzgerald,6.952364126841228
2,melville,257,twain,6.7201621532440186
2,melville,258,train,6.096171283721924
2,melville,258,baum,6.809322357177734
2,melville,258,thompson,7.0046316385269165
2,melville,258,dickens,6.606169144312541
2,melville,258,melville,6.574421604474385
2,melville,258,wells,6.903071880340576
2,melville,258,austen,6.888924598693848
2,melville,258,fitzgerald,6.954808632532756
2,melville,258,twain,6.720673243204753
2,melville,259,train,6.118764209747314
2,melville,259,baum,6.808643937110901
2,melville,259,thompson,7.001748561859131
2,melville,259,dickens,6.601351380348206
2,melville,259,melville,6.5691806475321455
2,melville,259,wells,6.89913805325826
2,melville,259,austen,6.883439302444458
2,melville,259,fitzgerald,6.9507129192352295
2,melville,259,twain,6.717191457748413
2,melville,260,train,6.1166363716125485
2,melville,260,baum,6.806386351585388
2,melville,260,thompson,6.993754386901856
2,melville,260,dickens,6.592268904050191
2,melville,260,melville,6.564743638038635
2,melville,260,wells,6.898629347483317
2,melville,260,austen,6.8757429122924805
2,melville,260,fitzgerald,6.944108486175537
2,melville,260,twain,6.711867968241374
2,melville,261,train,6.135396957397461
2,melville,261,baum,6.8031686544418335
2,melville,261,thompson,6.997096300125122
2,melville,261,dickens,6.593378980954488
2,melville,261,melville,6.563437183698018
2,melville,261,wells,6.89614999294281
2,melville,261,austen,6.876343011856079
2,melville,261,fitzgerald,6.944173097610474
2,melville,261,twain,6.709625085194905
2,melville,262,train,6.095493125915527
2,melville,262,baum,6.795413613319397
2,melville,262,thompson,6.992174029350281
2,melville,262,dickens,6.590656121571858
2,melville,262,melville,6.559049725532532
2,melville,262,wells,6.890815854072571
2,melville,262,austen,6.871853113174439
2,melville,262,fitzgerald,6.940436045328776
2,melville,262,twain,6.705376386642456
2,melville,263,train,6.099285697937011
2,melville,263,baum,6.799042820930481
2,melville,263,thompson,6.992045760154724
2,melville,263,dickens,6.583690881729126
2,melville,263,melville,6.555925528208415
2,melville,263,wells,6.895157774289449
2,melville,263,austen,6.868726968765259
2,melville,263,fitzgerald,6.939126650492351
2,melville,263,twain,6.703480879465739
2,melville,264,train,6.112703704833985
2,melville,264,baum,6.793814897537232
2,melville,264,thompson,6.984128475189209
2,melville,264,dickens,6.584496180216472
2,melville,264,melville,6.551024715105693
2,melville,264,wells,6.886959274609883
2,melville,264,austen,6.86700963973999
2,melville,264,fitzgerald,6.934429168701172
2,melville,264,twain,6.701337973276774
2,melville,265,train,6.094663524627686
2,melville,265,baum,6.794510960578919
2,melville,265,thompson,6.985815048217773
2,melville,265,dickens,6.579906503359477
2,melville,265,melville,6.552191019058228
2,melville,265,wells,6.8899827400843305
2,melville,265,austen,6.864219427108765
2,melville,265,fitzgerald,6.933360417683919
2,melville,265,twain,6.700316826502482
2,melville,266,train,6.063129711151123
2,melville,266,baum,6.787516832351685
2,melville,266,thompson,6.98051643371582
2,melville,266,dickens,6.577101508776347
2,melville,266,melville,6.547762791315715
2,melville,266,wells,6.886039694150289
2,melville,266,austen,6.861405372619629
2,melville,266,fitzgerald,6.9294373989105225
2,melville,266,twain,6.696539402008057
2,melville,267,train,6.062905883789062
2,melville,267,baum,6.785275340080261
2,melville,267,thompson,6.978026986122131
2,melville,267,dickens,6.574166138966878
2,melville,267,melville,6.543051997820537
2,melville,267,wells,6.8859407504399615
2,melville,267,austen,6.859227418899536
2,melville,267,fitzgerald,6.928050438563029
2,melville,267,twain,6.695089499155681
2,melville,268,train,6.070947265625
2,melville,268,baum,6.783681273460388
2,melville,268,thompson,6.976666808128357
2,melville,268,dickens,6.565373619397481
2,melville,268,melville,6.541915456453959
2,melville,268,wells,6.8864262501398725
2,melville,268,austen,6.850654602050781
2,melville,268,fitzgerald,6.923959414164226
2,melville,268,twain,6.690541346867879
2,melville,269,train,6.041152095794677
2,melville,269,baum,6.783751845359802
2,melville,269,thompson,6.974916696548462
2,melville,269,dickens,6.56967572371165
2,melville,269,melville,6.54153327147166
2,melville,269,wells,6.885522723197937
2,melville,269,austen,6.85526704788208
2,melville,269,fitzgerald,6.9254150390625
2,melville,269,twain,6.69252888361613
2,melville,270,train,6.040207576751709
2,melville,270,baum,6.779924273490906
2,melville,270,thompson,6.972315430641174
2,melville,270,dickens,6.568263014157613
2,melville,270,melville,6.538211901982625
2,melville,270,wells,6.882954200108846
2,melville,270,austen,6.856346368789673
2,melville,270,fitzgerald,6.923000017801921
2,melville,270,twain,6.690960804621379
2,melville,271,train,6.043359184265137
2,melville,271,baum,6.774996042251587
2,melville,271,thompson,6.972693681716919
2,melville,271,dickens,6.563650329907735
2,melville,271,melville,6.535496910413106
2,melville,271,wells,6.879513422648112
2,melville,271,austen,6.848368167877197
2,melville,271,fitzgerald,6.920860211054484
2,melville,271,twain,6.6872936089833575
2,melville,272,train,6.034736633300781
2,melville,272,baum,6.769355654716492
2,melville,272,thompson,6.966830134391785
2,melville,272,dickens,6.563228209813436
2,melville,272,melville,6.533828814824422
2,melville,272,wells,6.877295017242432
2,melville,272,austen,6.851461410522461
2,melville,272,fitzgerald,6.917211850484212
2,melville,272,twain,6.686267693837483
2,melville,273,train,6.0555065155029295
2,melville,273,baum,6.771427512168884
2,melville,273,thompson,6.966728210449219
2,melville,273,dickens,6.558229486147563
2,melville,273,melville,6.531006574630737
2,melville,273,wells,6.87728488445282
2,melville,273,austen,6.846371173858643
2,melville,273,fitzgerald,6.91468071937561
2,melville,273,twain,6.683998187383016
2,melville,274,train,6.027797794342041
2,melville,274,baum,6.770084738731384
2,melville,274,thompson,6.964508891105652
2,melville,274,dickens,6.553556720415751
2,melville,274,melville,6.527855594952901
2,melville,274,wells,6.87478772799174
2,melville,274,austen,6.842105388641357
2,melville,274,fitzgerald,6.912390470504761
2,melville,274,twain,6.680744489034017
2,melville,275,train,6.027691078186035
2,melville,275,baum,6.76705813407898
2,melville,275,thompson,6.961597681045532
2,melville,275,dickens,6.552458763122559
2,melville,275,melville,6.523473262786865
2,melville,275,wells,6.869223793347676
2,melville,275,austen,6.840919017791748
2,melville,275,fitzgerald,6.908834139506022
2,melville,275,twain,6.676735083262126
2,melville,276,train,6.0588483810424805
2,melville,276,baum,6.7643656730651855
2,melville,276,thompson,6.956170678138733
2,melville,276,dickens,6.5450253089269
2,melville,276,melville,6.520530899365743
2,melville,276,wells,6.867237369219462
2,melville,276,austen,6.831942796707153
2,melville,276,fitzgerald,6.903561909993489
2,melville,276,twain,6.67300009727478
2,melville,277,train,6.034677505493164
2,melville,277,baum,6.7644935846328735
2,melville,277,thompson,6.958635330200195
2,melville,277,dickens,6.5454784234364825
2,melville,277,melville,6.518907944361369
2,melville,277,wells,6.872182448705037
2,melville,277,austen,6.832826375961304
2,melville,277,fitzgerald,6.906105756759644
2,melville,277,twain,6.674813191095988
2,melville,278,train,5.984455299377442
2,melville,278,baum,6.762245655059815
2,melville,278,thompson,6.955604195594788
2,melville,278,dickens,6.546608289082845
2,melville,278,melville,6.518496513366699
2,melville,278,wells,6.86423134803772
2,melville,278,austen,6.834139108657837
2,melville,278,fitzgerald,6.902296145757039
2,melville,278,twain,6.67272686958313
2,melville,279,train,6.000087642669678
2,melville,279,baum,6.75760281085968
2,melville,279,thompson,6.9513503313064575
2,melville,279,dickens,6.543701926867168
2,melville,279,melville,6.511704683303833
2,melville,279,wells,6.863592743873596
2,melville,279,austen,6.830871105194092
2,melville,279,fitzgerald,6.900629202524821
2,melville,279,twain,6.669531265894572
2,melville,280,train,5.998489475250244
2,melville,280,baum,6.758105754852295
2,melville,280,thompson,6.953984618186951
2,melville,280,dickens,6.538798292477925
2,melville,280,melville,6.5105806191762285
2,melville,280,wells,6.864402333895366
2,melville,280,austen,6.827201128005981
2,melville,280,fitzgerald,6.899280468622844
2,melville,280,twain,6.668453534444173
2,melville,281,train,5.989638423919677
2,melville,281,baum,6.750574469566345
2,melville,281,thompson,6.947162747383118
2,melville,281,dickens,6.53923773765564
2,melville,281,melville,6.507026473681132
2,melville,281,wells,6.8580349286397295
2,melville,281,austen,6.825365304946899
2,melville,281,fitzgerald,6.894601821899414
2,melville,281,twain,6.666186332702637
2,melville,282,train,6.005565357208252
2,melville,282,baum,6.749638557434082
2,melville,282,thompson,6.947741389274597
2,melville,282,dickens,6.534858147303264
2,melville,282,melville,6.50531792640686
2,melville,282,wells,6.860599915186564
2,melville,282,austen,6.821624755859375
2,melville,282,fitzgerald,6.8928929169972735
2,melville,282,twain,6.663900057474772
2,melville,283,train,5.98594388961792
2,melville,283,baum,6.746813774108887
2,melville,283,thompson,6.943356990814209
2,melville,283,dickens,6.5337391297022505
2,melville,283,melville,6.499635020891826
2,melville,283,wells,6.8553959131240845
2,melville,283,austen,6.82230281829834
2,melville,283,fitzgerald,6.8912882804870605
2,melville,283,twain,6.66039514541626
2,melville,284,train,5.972276782989502
2,melville,284,baum,6.749860286712647
2,melville,284,thompson,6.946555852890015
2,melville,284,dickens,6.535561919212341
2,melville,284,melville,6.5006446441014605
2,melville,284,wells,6.860756357510884
2,melville,284,austen,6.825582504272461
2,melville,284,fitzgerald,6.893275181452434
2,melville,284,twain,6.663965066274007
2,melville,285,train,5.9899028778076175
2,melville,285,baum,6.742770433425903
2,melville,285,thompson,6.94079315662384
2,melville,285,dickens,6.52877430121104
2,melville,285,melville,6.492941498756409
2,melville,285,wells,6.8514805634816485
2,melville,285,austen,6.81914496421814
2,melville,285,fitzgerald,6.886846939722697
2,melville,285,twain,6.655397017796834
2,melville,286,train,5.945052814483643
2,melville,286,baum,6.742413640022278
2,melville,286,thompson,6.941118955612183
2,melville,286,dickens,6.526069243748983
2,melville,286,melville,6.492302934328715
2,melville,286,wells,6.852633953094482
2,melville,286,austen,6.8155436515808105
2,melville,286,fitzgerald,6.886580387751262
2,melville,286,twain,6.654247045516968
2,melville,287,train,5.9635835647583
2,melville,287,baum,6.740059614181519
2,melville,287,thompson,6.937673449516296
2,melville,287,dickens,6.526435097058614
2,melville,287,melville,6.492046117782593
2,melville,287,wells,6.8499073187510175
2,melville,287,austen,6.815905570983887
2,melville,287,fitzgerald,6.884986480077108
2,melville,287,twain,6.65411114692688
2,melville,288,train,5.961657524108887
2,melville,288,baum,6.743111610412598
2,melville,288,thompson,6.938061356544495
2,melville,288,dickens,6.521652897198995
2,melville,288,melville,6.49004864692688
2,melville,288,wells,6.851847807566325
2,melville,288,austen,6.813561677932739
2,melville,288,fitzgerald,6.88377579053243
2,melville,288,twain,6.653348525365193
2,melville,289,train,5.958756828308106
2,melville,289,baum,6.737224578857422
2,melville,289,thompson,6.935918688774109
2,melville,289,dickens,6.521275480588277
2,melville,289,melville,6.485087076822917
2,melville,289,wells,6.846410075823466
2,melville,289,austen,6.8134925365448
2,melville,289,fitzgerald,6.88237206141154
2,melville,289,twain,6.649762868881226
2,melville,290,train,5.965740299224853
2,melville,290,baum,6.732512474060059
2,melville,290,thompson,6.937281131744385
2,melville,290,dickens,6.52719263235728
2,melville,290,melville,6.488116264343262
2,melville,290,wells,6.8470698595047
2,melville,290,austen,6.815185546875
2,melville,290,fitzgerald,6.883540868759155
2,melville,290,twain,6.6503816445668535
2,melville,291,train,5.93587007522583
2,melville,291,baum,6.73175036907196
2,melville,291,thompson,6.93161153793335
2,melville,291,dickens,6.517589449882507
2,melville,291,melville,6.48244035243988
2,melville,291,wells,6.844847400983174
2,melville,291,austen,6.804555892944336
2,melville,291,fitzgerald,6.877484957377116
2,melville,291,twain,6.646011273066203
2,melville,292,train,5.934759712219238
2,melville,292,baum,6.727294564247131
2,melville,292,thompson,6.926365256309509
2,melville,292,dickens,6.510818282763164
2,melville,292,melville,6.477833708127339
2,melville,292,wells,6.840566317240397
2,melville,292,austen,6.800140142440796
2,melville,292,fitzgerald,6.8710518678029375
2,melville,292,twain,6.640841801961263
2,melville,293,train,5.962232303619385
2,melville,293,baum,6.729227542877197
2,melville,293,thompson,6.928652882575989
2,melville,293,dickens,6.51211154460907
2,melville,293,melville,6.475614905357361
2,melville,293,wells,6.843297918637593
2,melville,293,austen,6.801969051361084
2,melville,293,fitzgerald,6.873540798823039
2,melville,293,twain,6.642900228500366
2,melville,294,train,5.914251136779785
2,melville,294,baum,6.723468780517578
2,melville,294,thompson,6.928812503814697
2,melville,294,dickens,6.5162142515182495
2,melville,294,melville,6.472790718078613
2,melville,294,wells,6.835707386334737
2,melville,294,austen,6.806203842163086
2,melville,294,fitzgerald,6.873988469441732
2,melville,294,twain,6.640584786732991
2,melville,295,train,5.90840368270874
2,melville,295,baum,6.722364783287048
2,melville,295,thompson,6.925970315933228
2,melville,295,dickens,6.508371035257976
2,melville,295,melville,6.472275813420613
2,melville,295,wells,6.837615609169006
2,melville,295,austen,6.798555374145508
2,melville,295,fitzgerald,6.870704332987468
2,melville,295,twain,6.636473576227824
2,melville,296,train,5.927048873901367
2,melville,296,baum,6.721857786178589
2,melville,296,thompson,6.9256980419158936
2,melville,296,dickens,6.508736809094747
2,melville,296,melville,6.464964667956035
2,melville,296,wells,6.833255767822266
2,melville,296,austen,6.799870014190674
2,melville,296,fitzgerald,6.870680173238118
2,melville,296,twain,6.63649050394694
2,melville,297,train,5.927892017364502
2,melville,297,baum,6.721210956573486
2,melville,297,thompson,6.9213961362838745
2,melville,297,dickens,6.507198254267375
2,melville,297,melville,6.46524437268575
2,melville,297,wells,6.832809130350749
2,melville,297,austen,6.797749757766724
2,melville,297,fitzgerald,6.866738319396973
2,melville,297,twain,6.636037667592366
2,melville,298,train,5.901225757598877
2,melville,298,baum,6.724175214767456
2,melville,298,thompson,6.919563174247742
2,melville,298,dickens,6.502116719881694
2,melville,298,melville,6.466259876887004
2,melville,298,wells,6.835681994756063
2,melville,298,austen,6.793190240859985
2,melville,298,fitzgerald,6.864797353744507
2,melville,298,twain,6.634765545527141
2,melville,299,train,5.921100902557373
2,melville,299,baum,6.717567324638367
2,melville,299,thompson,6.915417432785034
2,melville,299,dickens,6.500991225242615
2,melville,299,melville,6.462127765019734
2,melville,299,wells,6.830865701039632
2,melville,299,austen,6.792872428894043
2,melville,299,fitzgerald,6.860979874928792
2,melville,299,twain,6.632128636042277
2,melville,300,train,5.960642719268799
2,melville,300,baum,6.713143825531006
2,melville,300,thompson,6.9135730266571045
2,melville,300,dickens,6.500506798426311
2,melville,300,melville,6.459172010421753
2,melville,300,wells,6.830281098683675
2,melville,300,austen,6.786284923553467
2,melville,300,fitzgerald,6.860518455505371
2,melville,300,twain,6.631363391876221
2,melville,301,train,5.896640491485596
2,melville,301,baum,6.7185375690460205
2,melville,301,thompson,6.92039430141449
2,melville,301,dickens,6.495774467786153
2,melville,301,melville,6.457216501235962
2,melville,301,wells,6.832570195198059
2,melville,301,austen,6.78761887550354
2,melville,301,fitzgerald,6.862119277318318
2,melville,301,twain,6.629985332489014
2,melville,302,train,5.868118476867676
2,melville,302,baum,6.713539004325867
2,melville,302,thompson,6.913334369659424
2,melville,302,dickens,6.495398044586182
2,melville,302,melville,6.451484600702922
2,melville,302,wells,6.82242751121521
2,melville,302,austen,6.785276412963867
2,melville,302,fitzgerald,6.856241782506307
2,melville,302,twain,6.627072016398112
2,melville,303,train,5.8518147468566895
2,melville,303,baum,6.71856689453125
2,melville,303,thompson,6.914731740951538
2,melville,303,dickens,6.492418646812439
2,melville,303,melville,6.454134464263916
2,melville,303,wells,6.834398865699768
2,melville,303,austen,6.783322811126709
2,melville,303,fitzgerald,6.85819943745931
2,melville,303,twain,6.6297000249226885
2,melville,304,train,5.905645656585693
2,melville,304,baum,6.712920308113098
2,melville,304,thompson,6.912601232528687
2,melville,304,dickens,6.49242381254832
2,melville,304,melville,6.449833512306213
2,melville,304,wells,6.82188065846761
2,melville,304,austen,6.786142826080322
2,melville,304,fitzgerald,6.855281670888265
2,melville,304,twain,6.623349189758301
2,melville,305,train,5.854810333251953
2,melville,305,baum,6.710464835166931
2,melville,305,thompson,6.913342714309692
2,melville,305,dickens,6.494225978851318
2,melville,305,melville,6.450435956319173
2,melville,305,wells,6.825400511423747
2,melville,305,austen,6.784727096557617
2,melville,305,fitzgerald,6.856659571329753
2,melville,305,twain,6.624899705251058
2,melville,306,train,5.854504013061524
2,melville,306,baum,6.706016540527344
2,melville,306,thompson,6.907942771911621
2,melville,306,dickens,6.487087965011597
2,melville,306,melville,6.443302392959595
2,melville,306,wells,6.817878802617391
2,melville,306,austen,6.77834153175354
2,melville,306,fitzgerald,6.852050304412842
2,melville,306,twain,6.618684848149617
2,melville,307,train,5.855664539337158
2,melville,307,baum,6.709895372390747
2,melville,307,thompson,6.909637928009033
2,melville,307,dickens,6.488368352254232
2,melville,307,melville,6.444864749908447
2,melville,307,wells,6.824587146441142
2,melville,307,austen,6.7814695835113525
2,melville,307,fitzgerald,6.851819117863973
2,melville,307,twain,6.623423258463542
2,melville,308,train,5.849874782562256
2,melville,308,baum,6.712501287460327
2,melville,308,thompson,6.909575700759888
2,melville,308,dickens,6.483857313791911
2,melville,308,melville,6.446975827217102
2,melville,308,wells,6.827824711799622
2,melville,308,austen,6.776541471481323
2,melville,308,fitzgerald,6.850920597712199
2,melville,308,twain,6.622412045796712
2,melville,309,train,5.861853694915771
2,melville,309,baum,6.704111099243164
2,melville,309,thompson,6.902632832527161
2,melville,309,dickens,6.482058684031169
2,melville,309,melville,6.443196853001912
2,melville,309,wells,6.81965450445811
2,melville,309,austen,6.77410888671875
2,melville,309,fitzgerald,6.845345815022786
2,melville,309,twain,6.6182741324106855
2,melville,310,train,5.876912784576416
2,melville,310,baum,6.702888131141663
2,melville,310,thompson,6.897922873497009
2,melville,310,dickens,6.483430822690328
2,melville,310,melville,6.444098909695943
2,melville,310,wells,6.81979763507843
2,melville,310,austen,6.773332357406616
2,melville,310,fitzgerald,6.842295328776042
2,melville,310,twain,6.6185539563496905
2,melville,311,train,5.839883518218994
2,melville,311,baum,6.705148696899414
2,melville,311,thompson,6.904790282249451
2,melville,311,dickens,6.480967243512471
2,melville,311,melville,6.441888531049092
2,melville,311,wells,6.824839790662129
2,melville,311,austen,6.774956941604614
2,melville,311,fitzgerald,6.8471165498097735
2,melville,311,twain,6.6208187739054365
2,melville,312,train,5.846220970153809
2,melville,312,baum,6.6993043422698975
2,melville,312,thompson,6.900254726409912
2,melville,312,dickens,6.479827642440796
2,melville,312,melville,6.433772683143616
2,melville,312,wells,6.813156366348267
2,melville,312,austen,6.771762609481812
2,melville,312,fitzgerald,6.841212828954061
2,melville,312,twain,6.615775108337402
2,melville,313,train,5.829842472076416
2,melville,313,baum,6.697003483772278
2,melville,313,thompson,6.8991793394088745
2,melville,313,dickens,6.478638648986816
2,melville,313,melville,6.430211265881856
2,melville,313,wells,6.81395435333252
2,melville,313,austen,6.7717125415802
2,melville,313,fitzgerald,6.84119439125061
2,melville,313,twain,6.613583087921143
2,melville,314,train,5.867528438568115
2,melville,314,baum,6.697255611419678
2,melville,314,thompson,6.898615479469299
2,melville,314,dickens,6.4766530593236284
2,melville,314,melville,6.432567437489827
2,melville,314,wells,6.817957003911336
2,melville,314,austen,6.768254518508911
2,melville,314,fitzgerald,6.839728434880574
2,melville,314,twain,6.61328911781311
2,melville,315,train,5.837804031372071
2,melville,315,baum,6.692571997642517
2,melville,315,thompson,6.892483711242676
2,melville,315,dickens,6.473697264989217
2,melville,315,melville,6.42635178565979
2,melville,315,wells,6.808716932932536
2,melville,315,austen,6.764421701431274
2,melville,315,fitzgerald,6.836322784423828
2,melville,315,twain,6.609216213226318
2,melville,316,train,5.835010528564453
2,melville,316,baum,6.695782780647278
2,melville,316,thompson,6.896562218666077
2,melville,316,dickens,6.473282694816589
2,melville,316,melville,6.427883783976237
2,melville,316,wells,6.812727967898051
2,melville,316,austen,6.768162250518799
2,melville,316,fitzgerald,6.838516155878703
2,melville,316,twain,6.611371755599976
2,melville,317,train,5.823953628540039
2,melville,317,baum,6.696475028991699
2,melville,317,thompson,6.891911268234253
2,melville,317,dickens,6.464423139890035
2,melville,317,melville,6.4274206558863325
2,melville,317,wells,6.814170281092326
2,melville,317,austen,6.7579872608184814
2,melville,317,fitzgerald,6.832645734151204
2,melville,317,twain,6.605869770050049
2,melville,318,train,5.813225269317627
2,melville,318,baum,6.69398832321167
2,melville,318,thompson,6.891668796539307
2,melville,318,dickens,6.472786943117778
2,melville,318,melville,6.425059358278911
2,melville,318,wells,6.811759789784749
2,melville,318,austen,6.764159679412842
2,melville,318,fitzgerald,6.835522174835205
2,melville,318,twain,6.607515732447307
2,melville,319,train,5.84919843673706
2,melville,319,baum,6.690547108650208
2,melville,319,thompson,6.890712261199951
2,melville,319,dickens,6.465413729349772
2,melville,319,melville,6.424530982971191
2,melville,319,wells,6.811541398366292
2,melville,319,austen,6.75789737701416
2,melville,319,fitzgerald,6.832542101542155
2,melville,319,twain,6.605949481328328
2,melville,320,train,5.803681945800781
2,melville,320,baum,6.684097290039063
2,melville,320,thompson,6.882571578025818
2,melville,320,dickens,6.458885113398234
2,melville,320,melville,6.417623400688171
2,melville,320,wells,6.805275321006775
2,melville,320,austen,6.750793218612671
2,melville,320,fitzgerald,6.826944986979167
2,melville,320,twain,6.601520299911499
2,melville,321,train,5.8023707389831545
2,melville,321,baum,6.688705921173096
2,melville,321,thompson,6.892314791679382
2,melville,321,dickens,6.467659989992778
2,melville,321,melville,6.422893603642781
2,melville,321,wells,6.812276323636373
2,melville,321,austen,6.760970592498779
2,melville,321,fitzgerald,6.833464940388997
2,melville,321,twain,6.60579776763916
2,melville,322,train,5.799239253997802
2,melville,322,baum,6.681336283683777
2,melville,322,thompson,6.880849599838257
2,melville,322,dickens,6.457004070281982
2,melville,322,melville,6.414174477259318
2,melville,322,wells,6.802062670389812
2,melville,322,austen,6.7512712478637695
2,melville,322,fitzgerald,6.824976205825806
2,melville,322,twain,6.598108927408855
2,melville,323,train,5.801134204864502
2,melville,323,baum,6.686387658119202
2,melville,323,thompson,6.884642601013184
2,melville,323,dickens,6.457878311475118
2,melville,323,melville,6.4147138595581055
2,melville,323,wells,6.806248346964519
2,melville,323,austen,6.752264976501465
2,melville,323,fitzgerald,6.828143517176311
2,melville,323,twain,6.600617090861003
2,melville,324,train,5.800148963928223
2,melville,324,baum,6.684730529785156
2,melville,324,thompson,6.883389353752136
2,melville,324,dickens,6.458997329076131
2,melville,324,melville,6.412237286567688
2,melville,324,wells,6.8041837612787885
2,melville,324,austen,6.7544379234313965
2,melville,324,fitzgerald,6.8266074657440186
2,melville,324,twain,6.598191022872925
2,melville,325,train,5.777713584899902
2,melville,325,baum,6.680461645126343
2,melville,325,thompson,6.880970239639282
2,melville,325,dickens,6.455964883168538
2,melville,325,melville,6.407285888989766
2,melville,325,wells,6.799596707026164
2,melville,325,austen,6.745652914047241
2,melville,325,fitzgerald,6.822766304016113
2,melville,325,twain,6.595475594202678
2,melville,326,train,5.757685756683349
2,melville,326,baum,6.683701157569885
2,melville,326,thompson,6.882736444473267
2,melville,326,dickens,6.454268058141072
2,melville,326,melville,6.411255319913228
2,melville,326,wells,6.808274785677592
2,melville,326,austen,6.748302936553955
2,melville,326,fitzgerald,6.825589577356975
2,melville,326,twain,6.596838712692261
2,melville,327,train,5.781275463104248
2,melville,327,baum,6.677716016769409
2,melville,327,thompson,6.874042868614197
2,melville,327,dickens,6.455201069513957
2,melville,327,melville,6.4103169441223145
2,melville,327,wells,6.799355149269104
2,melville,327,austen,6.748255252838135
2,melville,327,fitzgerald,6.818430503209432
2,melville,327,twain,6.595616817474365
2,melville,328,train,5.803519630432129
2,melville,328,baum,6.6752952337265015
2,melville,328,thompson,6.875959277153015
2,melville,328,dickens,6.453557213147481
2,melville,328,melville,6.405910015106201
2,melville,328,wells,6.798348665237427
2,melville,328,austen,6.7485198974609375
2,melville,328,fitzgerald,6.819703578948975
2,melville,328,twain,6.59444538752238
2,melville,329,train,5.770522212982177
2,melville,329,baum,6.679099917411804
2,melville,329,thompson,6.877824783325195
2,melville,329,dickens,6.454269846280416
2,melville,329,melville,6.408036231994629
2,melville,329,wells,6.803273320198059
2,melville,329,austen,6.746059894561768
2,melville,329,fitzgerald,6.82150665918986
2,melville,329,twain,6.595431645711263
2,melville,330,train,5.776311588287354
2,melville,330,baum,6.676585793495178
2,melville,330,thompson,6.878696799278259
2,melville,330,dickens,6.453953981399536
2,melville,330,melville,6.405243833859761
2,melville,330,wells,6.801181594530742
2,melville,330,austen,6.748419284820557
2,melville,330,fitzgerald,6.820847034454346
2,melville,330,twain,6.594185034434001
2,melville,331,train,5.805084800720215
2,melville,331,baum,6.672620534896851
2,melville,331,thompson,6.875450253486633
2,melville,331,dickens,6.454612374305725
2,melville,331,melville,6.402769088745117
2,melville,331,wells,6.795006513595581
2,melville,331,austen,6.749399423599243
2,melville,331,fitzgerald,6.817515055338542
2,melville,331,twain,6.591723839441936
2,melville,332,train,5.805086135864258
2,melville,332,baum,6.67384672164917
2,melville,332,thompson,6.871930837631226
2,melville,332,dickens,6.444753686587016
2,melville,332,melville,6.39838445186615
2,melville,332,wells,6.7959639231363935
2,melville,332,austen,6.73924994468689
2,melville,332,fitzgerald,6.813682635625203
2,melville,332,twain,6.588572025299072
2,melville,333,train,5.737184619903564
2,melville,333,baum,6.677917242050171
2,melville,333,thompson,6.874745965003967
2,melville,333,dickens,6.444489558537801
2,melville,333,melville,6.399665117263794
2,melville,333,wells,6.796148935953776
2,melville,333,austen,6.739078044891357
2,melville,333,fitzgerald,6.815959930419922
2,melville,333,twain,6.588717460632324
2,melville,334,train,5.755492496490478
2,melville,334,baum,6.675225257873535
2,melville,334,thompson,6.872146964073181
2,melville,334,dickens,6.44856874148051
2,melville,334,melville,6.398489753405253
2,melville,334,wells,6.794745087623596
2,melville,334,austen,6.742596626281738
2,melville,334,fitzgerald,6.814399719238281
2,melville,334,twain,6.590671936670939
2,melville,335,train,5.765266704559326
2,melville,335,baum,6.675471901893616
2,melville,335,thompson,6.871363520622253
2,melville,335,dickens,6.442699948946635
2,melville,335,melville,6.397580703099568
2,melville,335,wells,6.7981040477752686
2,melville,335,austen,6.736590147018433
2,melville,335,fitzgerald,6.812335809071858
2,melville,335,twain,6.588801860809326
2,melville,336,train,5.749426460266113
2,melville,336,baum,6.674261808395386
2,melville,336,thompson,6.871987342834473
2,melville,336,dickens,6.439814368883769
2,melville,336,melville,6.3963199853897095
2,melville,336,wells,6.796327749888103
2,melville,336,austen,6.735512733459473
2,melville,336,fitzgerald,6.811057567596436
2,melville,336,twain,6.586903889973958
2,melville,337,train,5.757495880126953
2,melville,337,baum,6.67055606842041
2,melville,337,thompson,6.866532683372498
2,melville,337,dickens,6.439718127250671
2,melville,337,melville,6.39225176970164
2,melville,337,wells,6.7914027372996015
2,melville,337,austen,6.73022198677063
2,melville,337,fitzgerald,6.807418584823608
2,melville,337,twain,6.585647821426392
2,melville,338,train,5.7371213912963865
2,melville,338,baum,6.678573846817017
2,melville,338,thompson,6.87627387046814
2,melville,338,dickens,6.441673040390015
2,melville,338,melville,6.394975145657857
2,melville,338,wells,6.800019224484761
2,melville,338,austen,6.735655307769775
2,melville,338,fitzgerald,6.815558115641276
2,melville,338,twain,6.591103474299113
2,melville,339,train,5.742481708526611
2,melville,339,baum,6.673095345497131
2,melville,339,thompson,6.8663986921310425
2,melville,339,dickens,6.433669805526733
2,melville,339,melville,6.387850721677144
2,melville,339,wells,6.7896433273951216
2,melville,339,austen,6.726062059402466
2,melville,339,fitzgerald,6.8040463129679365
2,melville,339,twain,6.582774877548218
2,melville,340,train,5.706722164154053
2,melville,340,baum,6.667595982551575
2,melville,340,thompson,6.8641674518585205
2,melville,340,dickens,6.432469566663106
2,melville,340,melville,6.381917039553325
2,melville,340,wells,6.781516830126445
2,melville,340,austen,6.724752187728882
2,melville,340,fitzgerald,6.804238478342692
2,melville,340,twain,6.577964703241984
2,melville,341,train,5.738685417175293
2,melville,341,baum,6.66957700252533
2,melville,341,thompson,6.867148995399475
2,melville,341,dickens,6.433918952941895
2,melville,341,melville,6.382932980855306
2,melville,341,wells,6.788548787434896
2,melville,341,austen,6.726726055145264
2,melville,341,fitzgerald,6.8072231610616045
2,melville,341,twain,6.5806136926015215
2,melville,342,train,5.718312644958496
2,melville,342,baum,6.665592789649963
2,melville,342,thompson,6.858507513999939
2,melville,342,dickens,6.425722440083821
2,melville,342,melville,6.3807328542073565
2,melville,342,wells,6.78497846921285
2,melville,342,austen,6.719367027282715
2,melville,342,fitzgerald,6.801182349522908
2,melville,342,twain,6.576715548833211
2,melville,343,train,5.7087610244750975
2,melville,343,baum,6.660842418670654
2,melville,343,thompson,6.862313151359558
2,melville,343,dickens,6.431293805440267
2,melville,343,melville,6.377861022949219
2,melville,343,wells,6.781471848487854
2,melville,343,austen,6.723118305206299
2,melville,343,fitzgerald,6.80228066444397
2,melville,343,twain,6.579251050949097
2,melville,344,train,5.691508102416992
2,melville,344,baum,6.664723038673401
2,melville,344,thompson,6.864837527275085
2,melville,344,dickens,6.433587074279785
2,melville,344,melville,6.378797173500061
2,melville,344,wells,6.785468578338623
2,melville,344,austen,6.724228143692017
2,melville,344,fitzgerald,6.803750514984131
2,melville,344,twain,6.581289052963257
2,melville,345,train,5.6861621856689455
2,melville,345,baum,6.666779637336731
2,melville,345,thompson,6.865198373794556
2,melville,345,dickens,6.429889440536499
2,melville,345,melville,6.381766001383464
2,melville,345,wells,6.791822671890259
2,melville,345,austen,6.725320816040039
2,melville,345,fitzgerald,6.802242676417033
2,melville,345,twain,6.581614335378011
2,melville,346,train,5.687592220306397
2,melville,346,baum,6.6616291999816895
2,melville,346,thompson,6.858678221702576
2,melville,346,dickens,6.426005045572917
2,melville,346,melville,6.378013451894124
2,melville,346,wells,6.784796317418416
2,melville,346,austen,6.719420671463013
2,melville,346,fitzgerald,6.7965207894643145
2,melville,346,twain,6.577576955159505
2,melville,347,train,5.700587749481201
2,melville,347,baum,6.65828812122345
2,melville,347,thompson,6.857508301734924
2,melville,347,dickens,6.424452821413676
2,melville,347,melville,6.3744717836380005
2,melville,347,wells,6.780851244926453
2,melville,347,austen,6.718149662017822
2,melville,347,fitzgerald,6.795768181482951
2,melville,347,twain,6.575644334157308
2,melville,348,train,5.673714542388916
2,melville,348,baum,6.655120611190796
2,melville,348,thompson,6.858152866363525
2,melville,348,dickens,6.423277695973714
2,melville,348,melville,6.370798627535502
2,melville,348,wells,6.779953837394714
2,melville,348,austen,6.717573165893555
2,melville,348,fitzgerald,6.796592156092326
2,melville,348,twain,6.571558078130086
2,melville,349,train,5.690506076812744
2,melville,349,baum,6.655605673789978
2,melville,349,thompson,6.855846643447876
2,melville,349,dickens,6.424256046613057
2,melville,349,melville,6.371304273605347
2,melville,349,wells,6.783758123715718
2,melville,349,austen,6.716256856918335
2,melville,349,fitzgerald,6.795680920283
2,melville,349,twain,6.57444167137146
2,melville,350,train,5.691874980926514
2,melville,350,baum,6.6551820039749146
2,melville,350,thompson,6.856449604034424
2,melville,350,dickens,6.4270908037821455
2,melville,350,melville,6.370862921079
2,melville,350,wells,6.78032910823822
2,melville,350,austen,6.721306562423706
2,melville,350,fitzgerald,6.796013832092285
2,melville,350,twain,6.575869560241699
2,melville,351,train,5.682570075988769
2,melville,351,baum,6.651606202125549
2,melville,351,thompson,6.853321433067322
2,melville,351,dickens,6.42448075612386
2,melville,351,melville,6.372684597969055
2,melville,351,wells,6.781032840410869
2,melville,351,austen,6.71799635887146
2,melville,351,fitzgerald,6.79389484723409
2,melville,351,twain,6.575087229410808
2,melville,352,train,5.689859199523926
2,melville,352,baum,6.649342656135559
2,melville,352,thompson,6.852644801139832
2,melville,352,dickens,6.423062562942505
2,melville,352,melville,6.371176799138387
2,melville,352,wells,6.781606992085774
2,melville,352,austen,6.714278221130371
2,melville,352,fitzgerald,6.793565034866333
2,melville,352,twain,6.572512944539388
2,melville,353,train,5.661109733581543
2,melville,353,baum,6.641581058502197
2,melville,353,thompson,6.846814155578613
2,melville,353,dickens,6.412868181864421
2,melville,353,melville,6.361231843630473
2,melville,353,wells,6.771476825078328
2,melville,353,austen,6.70554256439209
2,melville,353,fitzgerald,6.78738276163737
2,melville,353,twain,6.564809640248616
2,melville,354,train,5.696004486083984
2,melville,354,baum,6.653279185295105
2,melville,354,thompson,6.854809880256653
2,melville,354,dickens,6.420029242833455
2,melville,354,melville,6.3675856192906695
2,melville,354,wells,6.780121207237244
2,melville,354,austen,6.713036060333252
2,melville,354,fitzgerald,6.792662143707275
2,melville,354,twain,6.570810238520305
2,melville,355,train,5.6656670570373535
2,melville,355,baum,6.6540045738220215
2,melville,355,thompson,6.85593569278717
2,melville,355,dickens,6.421983639399211
2,melville,355,melville,6.367981672286987
2,melville,355,wells,6.780945102373759
2,melville,355,austen,6.716235399246216
2,melville,355,fitzgerald,6.79405681292216
2,melville,355,twain,6.572318077087402
2,melville,356,train,5.673074340820312
2,melville,356,baum,6.655566096305847
2,melville,356,thompson,6.855124831199646
2,melville,356,dickens,6.420149485270183
2,melville,356,melville,6.370914896329244
2,melville,356,wells,6.786027789115906
2,melville,356,austen,6.711578845977783
2,melville,356,fitzgerald,6.79269003868103
2,melville,356,twain,6.573653936386108
2,melville,357,train,5.652467918395996
2,melville,357,baum,6.648245573043823
2,melville,357,thompson,6.849708795547485
2,melville,357,dickens,6.413181742032369
2,melville,357,melville,6.362672567367554
2,melville,357,wells,6.77323587735494
2,melville,357,austen,6.708568334579468
2,melville,357,fitzgerald,6.786170085271199
2,melville,357,twain,6.566601673762004
2,melville,358,train,5.67839298248291
2,melville,358,baum,6.646468877792358
2,melville,358,thompson,6.850279688835144
2,melville,358,dickens,6.414309620857239
2,melville,358,melville,6.360395352045695
2,melville,358,wells,6.774694403012593
2,melville,358,austen,6.707526683807373
2,melville,358,fitzgerald,6.786685307820638
2,melville,358,twain,6.566681464513143
2,melville,359,train,5.67091588973999
2,melville,359,baum,6.647288084030151
2,melville,359,thompson,6.854003429412842
2,melville,359,dickens,6.417555292447408
2,melville,359,melville,6.360377391179402
2,melville,359,wells,6.779811302820842
2,melville,359,austen,6.70889687538147
2,melville,359,fitzgerald,6.7916661103566485
2,melville,359,twain,6.568703730901082
2,melville,360,train,5.6650511741638185
2,melville,360,baum,6.6477885246276855
2,melville,360,thompson,6.850088953971863
2,melville,360,dickens,6.411493500073751
2,melville,360,melville,6.360069473584493
2,melville,360,wells,6.774549086888631
2,melville,360,austen,6.701952695846558
2,melville,360,fitzgerald,6.78331200281779
2,melville,360,twain,6.566238005956014
2,melville,361,train,5.67022008895874
2,melville,361,baum,6.648554444313049
2,melville,361,thompson,6.847920536994934
2,melville,361,dickens,6.407344738642375
2,melville,361,melville,6.35510794321696
2,melville,361,wells,6.774274428685506
2,melville,361,austen,6.7030956745147705
2,melville,361,fitzgerald,6.782818078994751
2,melville,361,twain,6.565535147984822
2,melville,362,train,5.632142353057861
2,melville,362,baum,6.649298787117004
2,melville,362,thompson,6.844987750053406
2,melville,362,dickens,6.405386567115784
2,melville,362,melville,6.356329441070557
2,melville,362,wells,6.777518590291341
2,melville,362,austen,6.697595596313477
2,melville,362,fitzgerald,6.781855583190918
2,melville,362,twain,6.564181407292684
2,melville,363,train,5.676606369018555
2,melville,363,baum,6.648156642913818
2,melville,363,thompson,6.848026156425476
2,melville,363,dickens,6.4096488157908125
2,melville,363,melville,6.355058908462524
2,melville,363,wells,6.773455619812012
2,melville,363,austen,6.702304601669312
2,melville,363,fitzgerald,6.78305705388387
2,melville,363,twain,6.563241163889567
2,melville,364,train,5.650114345550537
2,melville,364,baum,6.648092150688171
2,melville,364,thompson,6.852734208106995
2,melville,364,dickens,6.407437205314636
2,melville,364,melville,6.354210138320923
2,melville,364,wells,6.775214314460754
2,melville,364,austen,6.70103907585144
2,melville,364,fitzgerald,6.785811106363933
2,melville,364,twain,6.563939809799194
2,melville,365,train,5.63226957321167
2,melville,365,baum,6.637895822525024
2,melville,365,thompson,6.844342350959778
2,melville,365,dickens,6.404293258984883
2,melville,365,melville,6.347303549448649
2,melville,365,wells,6.768210252126058
2,melville,365,austen,6.698076009750366
2,melville,365,fitzgerald,6.778781493504842
2,melville,365,twain,6.558805704116821
2,melville,366,train,5.603169727325439
2,melville,366,baum,6.64190673828125
2,melville,366,thompson,6.847852349281311
2,melville,366,dickens,6.4047698974609375
2,melville,366,melville,6.350841244061788
2,melville,366,wells,6.772173881530762
2,melville,366,austen,6.698897361755371
2,melville,366,fitzgerald,6.782413641611735
2,melville,366,twain,6.559625069300334
2,melville,367,train,5.622673034667969
2,melville,367,baum,6.640123605728149
2,melville,367,thompson,6.841436982154846
2,melville,367,dickens,6.397519946098328
2,melville,367,melville,6.345048705736796
2,melville,367,wells,6.7687052090962725
2,melville,367,austen,6.689724206924439
2,melville,367,fitzgerald,6.777040322621663
2,melville,367,twain,6.554572343826294
2,melville,368,train,5.615531158447266
2,melville,368,baum,6.639336347579956
2,melville,368,thompson,6.841313123703003
2,melville,368,dickens,6.400793115297954
2,melville,368,melville,6.343951980272929
2,melville,368,wells,6.766000509262085
2,melville,368,austen,6.697044134140015
2,melville,368,fitzgerald,6.777162631352742
2,melville,368,twain,6.556223471959432
2,melville,369,train,5.627146911621094
2,melville,369,baum,6.642061352729797
2,melville,369,thompson,6.843113303184509
2,melville,369,dickens,6.399371862411499
2,melville,369,melville,6.346516768137614
2,melville,369,wells,6.770742217699687
2,melville,369,austen,6.692386150360107
2,melville,369,fitzgerald,6.779779593149821
2,melville,369,twain,6.55550750096639
2,melville,370,train,5.614995098114013
2,melville,370,baum,6.641315579414368
2,melville,370,thompson,6.843374848365784
2,melville,370,dickens,6.398032108942668
2,melville,370,melville,6.344311277071635
2,melville,370,wells,6.767489870389302
2,melville,370,austen,6.691677570343018
2,melville,370,fitzgerald,6.777615308761597
2,melville,370,twain,6.554760376612346
2,melville,371,train,5.613296031951904
2,melville,371,baum,6.6400943994522095
2,melville,371,thompson,6.841207623481751
2,melville,371,dickens,6.405232866605123
2,melville,371,melville,6.345515529314677
2,melville,371,wells,6.768553853034973
2,melville,371,austen,6.700175285339356
2,melville,371,fitzgerald,6.77668046951294
2,melville,371,twain,6.559972842534383
2,melville,372,train,5.614132404327393
2,melville,372,baum,6.636361837387085
2,melville,372,thompson,6.837246298789978
2,melville,372,dickens,6.396269838015239
2,melville,372,melville,6.346014897028605
2,melville,372,wells,6.768743356068929
2,melville,372,austen,6.687923192977905
2,melville,372,fitzgerald,6.773472547531128
2,melville,372,twain,6.555604298909505
2,melville,373,train,5.609465503692627
2,melville,373,baum,6.640054225921631
2,melville,373,thompson,6.839174747467041
2,melville,373,dickens,6.396913170814514
2,melville,373,melville,6.3404180606206255
2,melville,373,wells,6.765147248903911
2,melville,373,austen,6.69256067276001
2,melville,373,fitzgerald,6.771974643071492
2,melville,373,twain,6.554783503214519
2,melville,374,train,5.601211833953857
2,melville,374,baum,6.637142896652222
2,melville,374,thompson,6.831631660461426
2,melville,374,dickens,6.390054186185201
2,melville,374,melville,6.3352967500686646
2,melville,374,wells,6.7606046597162885
2,melville,374,austen,6.682075023651123
2,melville,374,fitzgerald,6.766542673110962
2,melville,374,twain,6.550896565119426
2,melville,375,train,5.602828788757324
2,melville,375,baum,6.642284512519836
2,melville,375,thompson,6.837130069732666
2,melville,375,dickens,6.394440094629924
2,melville,375,melville,6.335471351941426
2,melville,375,wells,6.765681544939677
2,melville,375,austen,6.68843674659729
2,melville,375,fitzgerald,6.77323301633199
2,melville,375,twain,6.555257320404053
2,melville,376,train,5.575200843811035
2,melville,376,baum,6.644671559333801
2,melville,376,thompson,6.842839479446411
2,melville,376,dickens,6.400518298149109
2,melville,376,melville,6.3422640562057495
2,melville,376,wells,6.771920760472615
2,melville,376,austen,6.694184541702271
2,melville,376,fitzgerald,6.776905298233032
2,melville,376,twain,6.558557987213135
2,melville,377,train,5.619354629516602
2,melville,377,baum,6.645976543426514
2,melville,377,thompson,6.841887474060059
2,melville,377,dickens,6.3992429574330645
2,melville,377,melville,6.342699448267619
2,melville,377,wells,6.772329926490784
2,melville,377,austen,6.69440221786499
2,melville,377,fitzgerald,6.778443336486816
2,melville,377,twain,6.561113913853963
2,melville,378,train,5.579269313812256
2,melville,378,baum,6.6533883810043335
2,melville,378,thompson,6.85427451133728
2,melville,378,dickens,6.40939728418986
2,melville,378,melville,6.350590904553731
2,melville,378,wells,6.783841848373413
2,melville,378,austen,6.708686590194702
2,melville,378,fitzgerald,6.785005807876587
2,melville,378,twain,6.570298274358113
2,melville,379,train,5.592437839508056
2,melville,379,baum,6.634231925010681
2,melville,379,thompson,6.833577394485474
2,melville,379,dickens,6.390380024909973
2,melville,379,melville,6.333619952201843
2,melville,379,wells,6.761370221773784
2,melville,379,austen,6.682583808898926
2,melville,379,fitzgerald,6.768250147501628
2,melville,379,twain,6.551458915074666
2,melville,380,train,5.578598976135254
2,melville,380,baum,6.635855317115784
2,melville,380,thompson,6.834338068962097
2,melville,380,dickens,6.389716108640035
2,melville,380,melville,6.330694754918416
2,melville,380,wells,6.76212477684021
2,melville,380,austen,6.684178113937378
2,melville,380,fitzgerald,6.7686231931050616
2,melville,380,twain,6.551632483800252
2,melville,381,train,5.587499523162842
2,melville,381,baum,6.638836979866028
2,melville,381,thompson,6.835679769515991
2,melville,381,dickens,6.392008860905965
2,melville,381,melville,6.3370736837387085
2,melville,381,wells,6.771770874659221
2,melville,381,austen,6.68499755859375
2,melville,381,fitzgerald,6.77009932200114
2,melville,381,twain,6.552454710006714
2,melville,382,train,5.562542819976807
2,melville,382,baum,6.640935063362122
2,melville,382,thompson,6.835981249809265
2,melville,382,dickens,6.388096253077189
2,melville,382,melville,6.336248159408569
2,melville,382,wells,6.770800868670146
2,melville,382,austen,6.680987596511841
2,melville,382,fitzgerald,6.770539124806722
2,melville,382,twain,6.553291479746501
2,melville,383,train,5.546108818054199
2,melville,383,baum,6.636452317237854
2,melville,383,thompson,6.837370157241821
2,melville,383,dickens,6.394471844037374
2,melville,383,melville,6.331190705299377
2,melville,383,wells,6.762070735295613
2,melville,383,austen,6.688381671905518
2,melville,383,fitzgerald,6.771154403686523
2,melville,383,twain,6.554586887359619
2,melville,384,train,5.579323959350586
2,melville,384,baum,6.6305766105651855
2,melville,384,thompson,6.829329490661621
2,melville,384,dickens,6.384432435035706
2,melville,384,melville,6.327737887700399
2,melville,384,wells,6.762183586756389
2,melville,384,austen,6.675701141357422
2,melville,384,fitzgerald,6.765042622884114
2,melville,384,twain,6.546907027562459
2,melville,385,train,5.565062808990478
2,melville,385,baum,6.630320310592651
2,melville,385,thompson,6.829466104507446
2,melville,385,dickens,6.385101834932963
2,melville,385,melville,6.321033477783203
2,melville,385,wells,6.756117502848308
2,melville,385,austen,6.682620763778687
2,melville,385,fitzgerald,6.762888511021932
2,melville,385,twain,6.54620345433553
2,melville,386,train,5.556471061706543
2,melville,386,baum,6.63301408290863
2,melville,386,thompson,6.83061671257019
2,melville,386,dickens,6.38496748606364
2,melville,386,melville,6.331638813018799
2,melville,386,wells,6.764385620752971
2,melville,386,austen,6.677030086517334
2,melville,386,fitzgerald,6.765383243560791
2,melville,386,twain,6.548744440078735
2,melville,387,train,5.533422470092773
2,melville,387,baum,6.631714105606079
2,melville,387,thompson,6.828807950019836
2,melville,387,dickens,6.388005057970683
2,melville,387,melville,6.318090200424194
2,melville,387,wells,6.75216555595398
2,melville,387,austen,6.684811115264893
2,melville,387,fitzgerald,6.763076146443685
2,melville,387,twain,6.547010024388631
2,melville,388,train,5.525375843048096
2,melville,388,baum,6.643530249595642
2,melville,388,thompson,6.8394317626953125
2,melville,388,dickens,6.389026006062825
2,melville,388,melville,6.333455681800842
2,melville,388,wells,6.773957331975301
2,melville,388,austen,6.681163311004639
2,melville,388,fitzgerald,6.770657221476237
2,melville,388,twain,6.552815516789754
2,melville,389,train,5.526370811462402
2,melville,389,baum,6.633382201194763
2,melville,389,thompson,6.8276917934417725
2,melville,389,dickens,6.382906953493754
2,melville,389,melville,6.31998348236084
2,melville,389,wells,6.759095708529155
2,melville,389,austen,6.678447961807251
2,melville,389,fitzgerald,6.7651121616363525
2,melville,389,twain,6.546409845352173
2,melville,390,train,5.532255840301514
2,melville,390,baum,6.63687002658844
2,melville,390,thompson,6.834478378295898
2,melville,390,dickens,6.387190302213033
2,melville,390,melville,6.325854341189067
2,melville,390,wells,6.768930117289226
2,melville,390,austen,6.682907104492188
2,melville,390,fitzgerald,6.766840775807698
2,melville,390,twain,6.550745169321696
2,melville,391,train,5.549635887145996
2,melville,391,baum,6.637041330337524
2,melville,391,thompson,6.835105657577515
2,melville,391,dickens,6.38077696164449
2,melville,391,melville,6.326012094815572
2,melville,391,wells,6.769861261049907
2,melville,391,austen,6.677164077758789
2,melville,391,fitzgerald,6.765976031621297
2,melville,391,twain,6.5487739245096845
2,melville,392,train,5.531927680969238
2,melville,392,baum,6.619699716567993
2,melville,392,thompson,6.818403601646423
2,melville,392,dickens,6.372573018074036
2,melville,392,melville,6.314830462137858
2,melville,392,wells,6.751958131790161
2,melville,392,austen,6.663596391677856
2,melville,392,fitzgerald,6.753018220265706
2,melville,392,twain,6.538147370020549
2,melville,393,train,5.511118698120117
2,melville,393,baum,6.619859457015991
2,melville,393,thompson,6.824115872383118
2,melville,393,dickens,6.373501420021057
2,melville,393,melville,6.3128981192906695
2,melville,393,wells,6.751285592714946
2,melville,393,austen,6.670154571533203
2,melville,393,fitzgerald,6.7558174928029375
2,melville,393,twain,6.541511456171672
2,melville,394,train,5.506494235992432
2,melville,394,baum,6.629276871681213
2,melville,394,thompson,6.831235408782959
2,melville,394,dickens,6.382447401682536
2,melville,394,melville,6.320440649986267
2,melville,394,wells,6.7642602523167925
2,melville,394,austen,6.677719593048096
2,melville,394,fitzgerald,6.764552275339763
2,melville,394,twain,6.549904108047485
2,melville,395,train,5.502725887298584
2,melville,395,baum,6.622134566307068
2,melville,395,thompson,6.819706082344055
2,melville,395,dickens,6.372218767801921
2,melville,395,melville,6.312166213989258
2,melville,395,wells,6.7559337218602495
2,melville,395,austen,6.669986963272095
2,melville,395,fitzgerald,6.754441340764363
2,melville,395,twain,6.541013717651367
2,melville,396,train,5.53198356628418
2,melville,396,baum,6.625044941902161
2,melville,396,thompson,6.823178291320801
2,melville,396,dickens,6.378754297892253
2,melville,396,melville,6.313875476519267
2,melville,396,wells,6.755414843559265
2,melville,396,austen,6.676568269729614
2,melville,396,fitzgerald,6.758090178171794
2,melville,396,twain,6.544910589853923
2,melville,397,train,5.502709197998047
2,melville,397,baum,6.622591495513916
2,melville,397,thompson,6.824817180633545
2,melville,397,dickens,6.378547509511312
2,melville,397,melville,6.312311251958211
2,melville,397,wells,6.752770781517029
2,melville,397,austen,6.679954051971436
2,melville,397,fitzgerald,6.76056710879008
2,melville,397,twain,6.541302124659221
2,melville,398,train,5.502905750274659
2,melville,398,baum,6.625788331031799
2,melville,398,thompson,6.82576048374176
2,melville,398,dickens,6.374048193295796
2,melville,398,melville,6.313798069953919
2,melville,398,wells,6.764102339744568
2,melville,398,austen,6.675194025039673
2,melville,398,fitzgerald,6.762521982192993
2,melville,398,twain,6.544961929321289
2,melville,399,train,5.513249492645263
2,melville,399,baum,6.621599197387695
2,melville,399,thompson,6.823246359825134
2,melville,399,dickens,6.373542547225952
2,melville,399,melville,6.309765100479126
2,melville,399,wells,6.756759126981099
2,melville,399,austen,6.673134803771973
2,melville,399,fitzgerald,6.758915424346924
2,melville,399,twain,6.542205651601155
2,melville,400,train,5.469803810119629
2,melville,400,baum,6.621316075325012
2,melville,400,thompson,6.823953032493591
2,melville,400,dickens,6.372379302978516
2,melville,400,melville,6.310797810554504
2,melville,400,wells,6.758769949277242
2,melville,400,austen,6.670392274856567
2,melville,400,fitzgerald,6.7616589069366455
2,melville,400,twain,6.541319290796916
2,melville,401,train,5.504841613769531
2,melville,401,baum,6.615692496299744
2,melville,401,thompson,6.82268226146698
2,melville,401,dickens,6.374047557512919
2,melville,401,melville,6.313383936882019
2,melville,401,wells,6.762632926305135
2,melville,401,austen,6.665725469589233
2,melville,401,fitzgerald,6.760265747706096
2,melville,401,twain,6.543214400609334
2,melville,402,train,5.483863258361817
2,melville,402,baum,6.619154095649719
2,melville,402,thompson,6.821981906890869
2,melville,402,dickens,6.377202113469441
2,melville,402,melville,6.310377637545268
2,melville,402,wells,6.756217281023662
2,melville,402,austen,6.674721956253052
2,melville,402,fitzgerald,6.759484052658081
2,melville,402,twain,6.544360717137654
2,melville,403,train,5.481056022644043
2,melville,403,baum,6.622330069541931
2,melville,403,thompson,6.823004961013794
2,melville,403,dickens,6.377181847890218
2,melville,403,melville,6.315676013628642
2,melville,403,wells,6.761911749839783
2,melville,403,austen,6.668944358825684
2,melville,403,fitzgerald,6.758100112279256
2,melville,403,twain,6.542133092880249
2,melville,404,train,5.464689826965332
2,melville,404,baum,6.6205785274505615
2,melville,404,thompson,6.820297479629517
2,melville,404,dickens,6.37023647626241
2,melville,404,melville,6.303429841995239
2,melville,404,wells,6.757699886957805
2,melville,404,austen,6.666378974914551
2,melville,404,fitzgerald,6.755068143208821
2,melville,404,twain,6.540324846903483
2,melville,405,train,5.513809299468994
2,melville,405,baum,6.62954044342041
2,melville,405,thompson,6.825765132904053
2,melville,405,dickens,6.374810020128886
2,melville,405,melville,6.306223233540853
2,melville,405,wells,6.758571585019429
2,melville,405,austen,6.670932054519653
2,melville,405,fitzgerald,6.76015059153239
2,melville,405,twain,6.544699192047119
2,melville,406,train,5.485244560241699
2,melville,406,baum,6.624362468719482
2,melville,406,thompson,6.82206916809082
2,melville,406,dickens,6.374748865763347
2,melville,406,melville,6.308160106341044
2,melville,406,wells,6.76265553633372
2,melville,406,austen,6.666244029998779
2,melville,406,fitzgerald,6.75911808013916
2,melville,406,twain,6.543832699457805
2,melville,407,train,5.511347961425781
2,melville,407,baum,6.6154574155807495
2,melville,407,thompson,6.823330640792847
2,melville,407,dickens,6.371474544207255
2,melville,407,melville,6.3024221658706665
2,melville,407,wells,6.755022048950195
2,melville,407,austen,6.668123245239258
2,melville,407,fitzgerald,6.755590995152791
2,melville,407,twain,6.542157967885335
2,melville,408,train,5.45854959487915
2,melville,408,baum,6.607750535011292
2,melville,408,thompson,6.816314578056336
2,melville,408,dickens,6.36458416779836
2,melville,408,melville,6.2977975606918335
2,melville,408,wells,6.748685320218404
2,melville,408,austen,6.660249948501587
2,melville,408,fitzgerald,6.749526898066203
2,melville,408,twain,6.534663359324138
2,melville,409,train,5.451573753356934
2,melville,409,baum,6.616632461547852
2,melville,409,thompson,6.820405721664429
2,melville,409,dickens,6.365607698758443
2,melville,409,melville,6.299324075380961
2,melville,409,wells,6.754241267840068
2,melville,409,austen,6.666040420532227
2,melville,409,fitzgerald,6.753028472264608
2,melville,409,twain,6.539316097895305
2,melville,410,train,5.476296043395996
2,melville,410,baum,6.613413095474243
2,melville,410,thompson,6.817102670669556
2,melville,410,dickens,6.367382685343425
2,melville,410,melville,6.302979389826457
2,melville,410,wells,6.756621877352397
2,melville,410,austen,6.66228175163269
2,melville,410,fitzgerald,6.752290566762288
2,melville,410,twain,6.5373562177022295
2,melville,411,train,5.461704730987549
2,melville,411,baum,6.61384654045105
2,melville,411,thompson,6.815926432609558
2,melville,411,dickens,6.36413558324178
2,melville,411,melville,6.299341003100078
2,melville,411,wells,6.751547733942668
2,melville,411,austen,6.659252405166626
2,melville,411,fitzgerald,6.750297387440999
2,melville,411,twain,6.535967032114665
2,melville,412,train,5.446648120880127
2,melville,412,baum,6.615620374679565
2,melville,412,thompson,6.813067197799683
2,melville,412,dickens,6.357077320416768
2,melville,412,melville,6.295981049537659
2,melville,412,wells,6.753458698590596
2,melville,412,austen,6.659131765365601
2,melville,412,fitzgerald,6.748741149902344
2,melville,412,twain,6.531325658162435
2,melville,413,train,5.453397178649903
2,melville,413,baum,6.621000409126282
2,melville,413,thompson,6.820858478546143
2,melville,413,dickens,6.36425522963206
2,melville,413,melville,6.304561177889506
2,melville,413,wells,6.764472126960754
2,melville,413,austen,6.661481618881226
2,melville,413,fitzgerald,6.75443975130717
2,melville,413,twain,6.538201967875163
2,melville,414,train,5.4570976257324215
2,melville,414,baum,6.613022446632385
2,melville,414,thompson,6.816310524940491
2,melville,414,dickens,6.363765557607015
2,melville,414,melville,6.29868487517039
2,melville,414,wells,6.759280641873677
2,melville,414,austen,6.661233186721802
2,melville,414,fitzgerald,6.753651777903239
2,melville,414,twain,6.536638657251994
2,melville,415,train,5.458480930328369
2,melville,415,baum,6.609338283538818
2,melville,415,thompson,6.812776207923889
2,melville,415,dickens,6.359520634015401
2,melville,415,melville,6.300817886988322
2,melville,415,wells,6.758373379707336
2,melville,415,austen,6.654219388961792
2,melville,415,fitzgerald,6.748962004979451
2,melville,415,twain,6.534305095672607
2,melville,416,train,5.431975173950195
2,melville,416,baum,6.614324688911438
2,melville,416,thompson,6.815111637115479
2,melville,416,dickens,6.362102270126343
2,melville,416,melville,6.299403786659241
2,melville,416,wells,6.759252190589905
2,melville,416,austen,6.661889553070068
2,melville,416,fitzgerald,6.74926495552063
2,melville,416,twain,6.53884220123291
2,melville,417,train,5.461810493469239
2,melville,417,baum,6.612308621406555
2,melville,417,thompson,6.812911152839661
2,melville,417,dickens,6.363150040308635
2,melville,417,melville,6.294297138849895
2,melville,417,wells,6.75437068939209
2,melville,417,austen,6.664871692657471
2,melville,417,fitzgerald,6.748646100362142
2,melville,417,twain,6.535857756932576
2,melville,418,train,5.4568931579589846
2,melville,418,baum,6.604234457015991
2,melville,418,thompson,6.8078553676605225
2,melville,418,dickens,6.355629086494446
2,melville,418,melville,6.297347704569499
2,melville,418,wells,6.754603862762451
2,melville,418,austen,6.645553350448608
2,melville,418,fitzgerald,6.7433280150095625
2,melville,418,twain,6.529625813166301
2,melville,419,train,5.434021472930908
2,melville,419,baum,6.600009322166443
2,melville,419,thompson,6.807809114456177
2,melville,419,dickens,6.359685222307841
2,melville,419,melville,6.284583568572998
2,melville,419,wells,6.740810473759969
2,melville,419,austen,6.65514874458313
2,melville,419,fitzgerald,6.742763598759969
2,melville,419,twain,6.528011401494344
2,melville,420,train,5.444210243225098
2,melville,420,baum,6.611622929573059
2,melville,420,thompson,6.812196731567383
2,melville,420,dickens,6.361291925112407
2,melville,420,melville,6.292484124501546
2,melville,420,wells,6.758659283320109
2,melville,420,austen,6.657249450683594
2,melville,420,fitzgerald,6.749277353286743
2,melville,420,twain,6.536287864049275
2,melville,421,train,5.446358013153076
2,melville,421,baum,6.617075443267822
2,melville,421,thompson,6.81694483757019
2,melville,421,dickens,6.359230200449626
2,melville,421,melville,6.29567809899648
2,melville,421,wells,6.760396242141724
2,melville,421,austen,6.658843040466309
2,melville,421,fitzgerald,6.750470956166585
2,melville,421,twain,6.53765869140625
2,melville,422,train,5.445204734802246
2,melville,422,baum,6.612063765525818
2,melville,422,thompson,6.813361763954163
2,melville,422,dickens,6.363975326220195
2,melville,422,melville,6.289934555689494
2,melville,422,wells,6.7518448034922285
2,melville,422,austen,6.657454013824463
2,melville,422,fitzgerald,6.748345931371053
2,melville,422,twain,6.536884466807048
2,melville,423,train,5.435991382598877
2,melville,423,baum,6.607643485069275
2,melville,423,thompson,6.808937311172485
2,melville,423,dickens,6.353034257888794
2,melville,423,melville,6.286070664723714
2,melville,423,wells,6.752268989880879
2,melville,423,austen,6.650912761688232
2,melville,423,fitzgerald,6.745832204818726
2,melville,423,twain,6.531292835871379
2,melville,424,train,5.40704116821289
2,melville,424,baum,6.607606410980225
2,melville,424,thompson,6.814980983734131
2,melville,424,dickens,6.358723839124044
2,melville,424,melville,6.288379391034444
2,melville,424,wells,6.759725054105123
2,melville,424,austen,6.658957004547119
2,melville,424,fitzgerald,6.750281651814778
2,melville,424,twain,6.536304076512654
2,melville,425,train,5.41970911026001
2,melville,425,baum,6.600503087043762
2,melville,425,thompson,6.808812022209168
2,melville,425,dickens,6.354519605636597
2,melville,425,melville,6.286232749621074
2,melville,425,wells,6.75274928410848
2,melville,425,austen,6.6522321701049805
2,melville,425,fitzgerald,6.746255715688069
2,melville,425,twain,6.531168778737386
2,melville,426,train,5.386497116088867
2,melville,426,baum,6.609672904014587
2,melville,426,thompson,6.814605593681336
2,melville,426,dickens,6.359113613764445
2,melville,426,melville,6.288997014363607
2,melville,426,wells,6.759092132250468
2,melville,426,austen,6.653192758560181
2,melville,426,fitzgerald,6.749877373377482
2,melville,426,twain,6.536094427108765
2,melville,427,train,5.375577735900879
2,melville,427,baum,6.614020466804504
2,melville,427,thompson,6.81729793548584
2,melville,427,dickens,6.359132091204326
2,melville,427,melville,6.290685693422954
2,melville,427,wells,6.764779130617778
2,melville,427,austen,6.659217357635498
2,melville,427,fitzgerald,6.752979834874471
2,melville,427,twain,6.538110733032227
2,melville,428,train,5.423017883300782
2,melville,428,baum,6.615255117416382
2,melville,428,thompson,6.815904021263123
2,melville,428,dickens,6.365069548288981
2,melville,428,melville,6.28895632425944
2,melville,428,wells,6.764800985654195
2,melville,428,austen,6.664295196533203
2,melville,428,fitzgerald,6.752683560053508
2,melville,428,twain,6.54269019762675
2,melville,429,train,5.41438102722168
2,melville,429,baum,6.610277414321899
2,melville,429,thompson,6.814836859703064
2,melville,429,dickens,6.357101917266846
2,melville,429,melville,6.289677182833354
2,melville,429,wells,6.759243647257487
2,melville,429,austen,6.653740406036377
2,melville,429,fitzgerald,6.747805595397949
2,melville,429,twain,6.536332766215007
2,melville,430,train,5.408184242248535
2,melville,430,baum,6.609772443771362
2,melville,430,thompson,6.809316039085388
2,melville,430,dickens,6.348189274470012
2,melville,430,melville,6.274503986040751
2,melville,430,wells,6.751967390378316
2,melville,430,austen,6.648719787597656
2,melville,430,fitzgerald,6.743610779444377
2,melville,430,twain,6.530917008717855
2,melville,431,train,5.400275039672851
2,melville,431,baum,6.607319474220276
2,melville,431,thompson,6.809385776519775
2,melville,431,dickens,6.348490158716838
2,melville,431,melville,6.27710755666097
2,melville,431,wells,6.74789313475291
2,melville,431,austen,6.64973783493042
2,melville,431,fitzgerald,6.741310755411784
2,melville,431,twain,6.527532974878947
2,melville,432,train,5.3951416015625
2,melville,432,baum,6.608213305473328
2,melville,432,thompson,6.806516408920288
2,melville,432,dickens,6.348541537920634
2,melville,432,melville,6.275756637255351
2,melville,432,wells,6.752121965090434
2,melville,432,austen,6.646111011505127
2,melville,432,fitzgerald,6.743134180704753
2,melville,432,twain,6.527918179829915
2,melville,433,train,5.393839359283447
2,melville,433,baum,6.613747239112854
2,melville,433,thompson,6.80963659286499
2,melville,433,dickens,6.355416854222615
2,melville,433,melville,6.282320499420166
2,melville,433,wells,6.757834831873576
2,melville,433,austen,6.652376413345337
2,melville,433,fitzgerald,6.745011727015178
2,melville,433,twain,6.533153533935547
2,melville,434,train,5.415703868865966
2,melville,434,baum,6.612845540046692
2,melville,434,thompson,6.811619400978088
2,melville,434,dickens,6.353055477142334
2,melville,434,melville,6.283625364303589
2,melville,434,wells,6.7567540009816485
2,melville,434,austen,6.652127265930176
2,melville,434,fitzgerald,6.743889411290486
2,melville,434,twain,6.533803780873616
2,melville,435,train,5.414941310882568
2,melville,435,baum,6.604629635810852
2,melville,435,thompson,6.806418061256409
2,melville,435,dickens,6.350791891415914
2,melville,435,melville,6.276121218999227
2,melville,435,wells,6.7503898938496905
2,melville,435,austen,6.650590658187866
2,melville,435,fitzgerald,6.740735371907552
2,melville,435,twain,6.52929965655009
2,melville,436,train,5.383123588562012
2,melville,436,baum,6.601055383682251
2,melville,436,thompson,6.811721682548523
2,melville,436,dickens,6.350117087364197
2,melville,436,melville,6.276169498761495
2,melville,436,wells,6.752663413683574
2,melville,436,austen,6.64898681640625
2,melville,436,fitzgerald,6.743764400482178
2,melville,436,twain,6.528116941452026
2,melville,437,train,5.383346652984619
2,melville,437,baum,6.602793455123901
2,melville,437,thompson,6.808982729911804
2,melville,437,dickens,6.349972645441691
2,melville,437,melville,6.276108622550964
2,melville,437,wells,6.749146342277527
2,melville,437,austen,6.650498867034912
2,melville,437,fitzgerald,6.7415759563446045
2,melville,437,twain,6.529081106185913
2,melville,438,train,5.359317016601563
2,melville,438,baum,6.603671431541443
2,melville,438,thompson,6.808013677597046
2,melville,438,dickens,6.350619316101074
2,melville,438,melville,6.278318246205648
2,melville,438,wells,6.755522092183431
2,melville,438,austen,6.64825701713562
2,melville,438,fitzgerald,6.743465026219686
2,melville,438,twain,6.530571222305298
2,melville,439,train,5.38504056930542
2,melville,439,baum,6.605887174606323
2,melville,439,thompson,6.808202028274536
2,melville,439,dickens,6.3450576066970825
2,melville,439,melville,6.275366981824239
2,melville,439,wells,6.752404570579529
2,melville,439,austen,6.649424076080322
2,melville,439,fitzgerald,6.742418686548869
2,melville,439,twain,6.527862628300984
2,melville,440,train,5.347731494903565
2,melville,440,baum,6.600885629653931
2,melville,440,thompson,6.803541779518127
2,melville,440,dickens,6.347935597101848
2,melville,440,melville,6.2703351577123
2,melville,440,wells,6.743920246760051
2,melville,440,austen,6.6520960330963135
2,melville,440,fitzgerald,6.740447441736857
2,melville,440,twain,6.528059720993042
2,melville,441,train,5.353751277923584
2,melville,441,baum,6.604205012321472
2,melville,441,thompson,6.804576992988586
2,melville,441,dickens,6.34542183081309
2,melville,441,melville,6.269359985987346
2,melville,441,wells,6.749801476796468
2,melville,441,austen,6.652430772781372
2,melville,441,fitzgerald,6.739404201507568
2,melville,441,twain,6.52872633934021
2,melville,442,train,5.386407852172852
2,melville,442,baum,6.613447308540344
2,melville,442,thompson,6.812713861465454
2,melville,442,dickens,6.34947137037913
2,melville,442,melville,6.28019905090332
2,melville,442,wells,6.76197882493337
2,melville,442,austen,6.653310537338257
2,melville,442,fitzgerald,6.744679927825928
2,melville,442,twain,6.535340229670207
2,melville,443,train,5.337992858886719
2,melville,443,baum,6.598831415176392
2,melville,443,thompson,6.8039127588272095
2,melville,443,dickens,6.350086490313212
2,melville,443,melville,6.273655931154887
2,melville,443,wells,6.748601078987122
2,melville,443,austen,6.6505115032196045
2,melville,443,fitzgerald,6.739468495051066
2,melville,443,twain,6.527726491292317
2,melville,444,train,5.330680274963379
2,melville,444,baum,6.607849359512329
2,melville,444,thompson,6.807928442955017
2,melville,444,dickens,6.343801220258077
2,melville,444,melville,6.277506510416667
2,melville,444,wells,6.757879098256429
2,melville,444,austen,6.651023387908936
2,melville,444,fitzgerald,6.742433389027913
2,melville,444,twain,6.53013277053833
2,melville,445,train,5.362057113647461
2,melville,445,baum,6.59294855594635
2,melville,445,thompson,6.796641945838928
2,melville,445,dickens,6.338672081629436
2,melville,445,melville,6.258935610453288
2,melville,445,wells,6.73668384552002
2,melville,445,austen,6.646258354187012
2,melville,445,fitzgerald,6.732669512430827
2,melville,445,twain,6.520135005315145
2,melville,446,train,5.362691116333008
2,melville,446,baum,6.601080060005188
2,melville,446,thompson,6.807678937911987
2,melville,446,dickens,6.343839883804321
2,melville,446,melville,6.27250091234843
2,melville,446,wells,6.756923198699951
2,melville,446,austen,6.646110534667969
2,melville,446,fitzgerald,6.739390929539998
2,melville,446,twain,6.5275490283966064
2,melville,447,train,5.342526626586914
2,melville,447,baum,6.604986310005188
2,melville,447,thompson,6.811665773391724
2,melville,447,dickens,6.345553398132324
2,melville,447,melville,6.2738380034764605
2,melville,447,wells,6.760540843009949
2,melville,447,austen,6.650585889816284
2,melville,447,fitzgerald,6.742127895355225
2,melville,447,twain,6.52861754099528
2,melville,448,train,5.328952980041504
2,melville,448,baum,6.595754861831665
2,melville,448,thompson,6.80048930644989
2,melville,448,dickens,6.344540913899739
2,melville,448,melville,6.263773481051127
2,melville,448,wells,6.748918255170186
2,melville,448,austen,6.646297216415405
2,melville,448,fitzgerald,6.73869522412618
2,melville,448,twain,6.525288899739583
2,melville,449,train,5.339977550506592
2,melville,449,baum,6.606627345085144
2,melville,449,thompson,6.812981963157654
2,melville,449,dickens,6.352686723073323
2,melville,449,melville,6.27644145488739
2,melville,449,wells,6.759785532951355
2,melville,449,austen,6.657149076461792
2,melville,449,fitzgerald,6.746534744898479
2,melville,449,twain,6.53243072827657
2,melville,450,train,5.339013767242432
2,melville,450,baum,6.608315706253052
2,melville,450,thompson,6.806488633155823
2,melville,450,dickens,6.348396976788838
2,melville,450,melville,6.268705248832703
2,melville,450,wells,6.7553772528966265
2,melville,450,austen,6.65384840965271
2,melville,450,fitzgerald,6.743657350540161
2,melville,450,twain,6.532759666442871
2,melville,451,train,5.328782272338867
2,melville,451,baum,6.599024295806885
2,melville,451,thompson,6.804753661155701
2,melville,451,dickens,6.344430208206177
2,melville,451,melville,6.2731285492579145
2,melville,451,wells,6.758341670036316
2,melville,451,austen,6.648791551589966
2,melville,451,fitzgerald,6.740368525187175
2,melville,451,twain,6.528501272201538
2,melville,452,train,5.351322364807129
2,melville,452,baum,6.592080593109131
2,melville,452,thompson,6.796797513961792
2,melville,452,dickens,6.337153355280559
2,melville,452,melville,6.257238547007243
2,melville,452,wells,6.743371844291687
2,melville,452,austen,6.643004417419434
2,melville,452,fitzgerald,6.732990821202596
2,melville,452,twain,6.520733674367269
2,melville,453,train,5.331687450408936
2,melville,453,baum,6.60046660900116
2,melville,453,thompson,6.806321978569031
2,melville,453,dickens,6.338707168896993
2,melville,453,melville,6.2651543617248535
2,melville,453,wells,6.752825578053792
2,melville,453,austen,6.643990516662598
2,melville,453,fitzgerald,6.738398790359497
2,melville,453,twain,6.524705012639363
2,melville,454,train,5.32841272354126
2,melville,454,baum,6.606103420257568
2,melville,454,thompson,6.8077110052108765
2,melville,454,dickens,6.349809924761455
2,melville,454,melville,6.273151199022929
2,melville,454,wells,6.757070104281108
2,melville,454,austen,6.648492336273193
2,melville,454,fitzgerald,6.743052323659261
2,melville,454,twain,6.532663822174072
2,melville,455,train,5.324619102478027
2,melville,455,baum,6.611377596855164
2,melville,455,thompson,6.814980745315552
2,melville,455,dickens,6.351655562718709
2,melville,455,melville,6.271008213361104
2,melville,455,wells,6.761550307273865
2,melville,455,austen,6.650444984436035
2,melville,455,fitzgerald,6.749842484792073
2,melville,455,twain,6.535101254781087
2,melville,456,train,5.323468589782715
2,melville,456,baum,6.594549298286438
2,melville,456,thompson,6.799070119857788
2,melville,456,dickens,6.337748924891154
2,melville,456,melville,6.25458824634552
2,melville,456,wells,6.744878490765889
2,melville,456,austen,6.638289451599121
2,melville,456,fitzgerald,6.736225843429565
2,melville,456,twain,6.52419098218282
2,melville,457,train,5.312347888946533
2,melville,457,baum,6.596532225608826
2,melville,457,thompson,6.809321641921997
2,melville,457,dickens,6.340470790863037
2,melville,457,melville,6.265397946039836
2,melville,457,wells,6.753795901934306
2,melville,457,austen,6.637651443481445
2,melville,457,fitzgerald,6.741391738255818
2,melville,457,twain,6.528189420700073
2,melville,458,train,5.304693508148193
2,melville,458,baum,6.599843859672546
2,melville,458,thompson,6.803324580192566
2,melville,458,dickens,6.335564176241557
2,melville,458,melville,6.259580651919047
2,melville,458,wells,6.752490202585856
2,melville,458,austen,6.636463165283203
2,melville,458,fitzgerald,6.7398529052734375
2,melville,458,twain,6.52404260635376
2,melville,459,train,5.32049446105957
2,melville,459,baum,6.609947204589844
2,melville,459,thompson,6.810923457145691
2,melville,459,dickens,6.341730197270711
2,melville,459,melville,6.266570687294006
2,melville,459,wells,6.761424660682678
2,melville,459,austen,6.647160768508911
2,melville,459,fitzgerald,6.742313385009766
2,melville,459,twain,6.530458291371663
2,melville,460,train,5.28231143951416
2,melville,460,baum,6.617116689682007
2,melville,460,thompson,6.814816355705261
2,melville,460,dickens,6.342465043067932
2,melville,460,melville,6.263343334197998
2,melville,460,wells,6.763560334841411
2,melville,460,austen,6.649809122085571
2,melville,460,fitzgerald,6.747082233428955
2,melville,460,twain,6.532293796539307
2,melville,461,train,5.295801258087158
2,melville,461,baum,6.606103897094727
2,melville,461,thompson,6.804520010948181
2,melville,461,dickens,6.334150473276774
2,melville,461,melville,6.259621461232503
2,melville,461,wells,6.75771693388621
2,melville,461,austen,6.6390299797058105
2,melville,461,fitzgerald,6.737626949946086
2,melville,461,twain,6.524926582972209
2,melville,462,train,5.3008952140808105
2,melville,462,baum,6.595929384231567
2,melville,462,thompson,6.802250027656555
2,melville,462,dickens,6.336643815040588
2,melville,462,melville,6.257771730422974
2,melville,462,wells,6.750890652338664
2,melville,462,austen,6.644960165023804
2,melville,462,fitzgerald,6.736770550409953
2,melville,462,twain,6.523406823476155
2,melville,463,train,5.270727443695068
2,melville,463,baum,6.599685192108154
2,melville,463,thompson,6.808683276176453
2,melville,463,dickens,6.34166153271993
2,melville,463,melville,6.265136480331421
2,melville,463,wells,6.758291999499003
2,melville,463,austen,6.64415431022644
2,melville,463,fitzgerald,6.742758909861247
2,melville,463,twain,6.527858813603719
2,melville,464,train,5.315852260589599
2,melville,464,baum,6.6041260957717896
2,melville,464,thompson,6.806952714920044
2,melville,464,dickens,6.341420769691467
2,melville,464,melville,6.264629483222961
2,melville,464,wells,6.760111927986145
2,melville,464,austen,6.64635181427002
2,melville,464,fitzgerald,6.742225170135498
2,melville,464,twain,6.532148679097493
2,melville,465,train,5.289519309997559
2,melville,465,baum,6.605782866477966
2,melville,465,thompson,6.814122557640076
2,melville,465,dickens,6.344115972518921
2,melville,465,melville,6.265696207682292
2,melville,465,wells,6.760640422503154
2,melville,465,austen,6.649130582809448
2,melville,465,fitzgerald,6.746511777242024
2,melville,465,twain,6.535415967305501
2,melville,466,train,5.286343193054199
2,melville,466,baum,6.599177598953247
2,melville,466,thompson,6.805559158325195
2,melville,466,dickens,6.34222416083018
2,melville,466,melville,6.260495185852051
2,melville,466,wells,6.756580114364624
2,melville,466,austen,6.646905183792114
2,melville,466,fitzgerald,6.743638515472412
2,melville,466,twain,6.528916438420613
2,melville,467,train,5.277864170074463
2,melville,467,baum,6.600298285484314
2,melville,467,thompson,6.807531952857971
2,melville,467,dickens,6.335172931353251
2,melville,467,melville,6.256852348645528
2,melville,467,wells,6.750820795694987
2,melville,467,austen,6.643582344055176
2,melville,467,fitzgerald,6.739756345748901
2,melville,467,twain,6.525273561477661
2,melville,468,train,5.28078784942627
2,melville,468,baum,6.598123073577881
2,melville,468,thompson,6.8040618896484375
2,melville,468,dickens,6.338338017463684
2,melville,468,melville,6.261263608932495
2,melville,468,wells,6.756403684616089
2,melville,468,austen,6.64491868019104
2,melville,468,fitzgerald,6.740143775939941
2,melville,468,twain,6.529560883839925
2,melville,469,train,5.290914249420166
2,melville,469,baum,6.593845248222351
2,melville,469,thompson,6.804261803627014
2,melville,469,dickens,6.334931333859761
2,melville,469,melville,6.256066044171651
2,melville,469,wells,6.751232902208964
2,melville,469,austen,6.640275478363037
2,melville,469,fitzgerald,6.737086772918701
2,melville,469,twain,6.5258552233378095
2,melville,470,train,5.289814186096192
2,melville,470,baum,6.5905280113220215
2,melville,470,thompson,6.799837708473206
2,melville,470,dickens,6.330613493919373
2,melville,470,melville,6.256060719490051
2,melville,470,wells,6.747490723927816
2,melville,470,austen,6.632102727890015
2,melville,470,fitzgerald,6.734026988347371
2,melville,470,twain,6.521766185760498
2,melville,471,train,5.273335266113281
2,melville,471,baum,6.603942394256592
2,melville,471,thompson,6.810420513153076
2,melville,471,dickens,6.335587779680888
2,melville,471,melville,6.263667146364848
2,melville,471,wells,6.764345367749532
2,melville,471,austen,6.641915082931519
2,melville,471,fitzgerald,6.743089119593303
2,melville,471,twain,6.529679775238037
2,melville,472,train,5.276406288146973
2,melville,472,baum,6.600203156471252
2,melville,472,thompson,6.811830520629883
2,melville,472,dickens,6.339179793993632
2,melville,472,melville,6.262889663378398
2,melville,472,wells,6.764525095621745
2,melville,472,austen,6.646421670913696
2,melville,472,fitzgerald,6.744391759236653
2,melville,472,twain,6.530330101648967
2,melville,473,train,5.270333957672119
2,melville,473,baum,6.588886857032776
2,melville,473,thompson,6.797599315643311
2,melville,473,dickens,6.331388195355733
2,melville,473,melville,6.253798166910808
2,melville,473,wells,6.745924154917399
2,melville,473,austen,6.636068344116211
2,melville,473,fitzgerald,6.736395359039307
2,melville,473,twain,6.522566556930542
2,melville,474,train,5.260442543029785
2,melville,474,baum,6.599681735038757
2,melville,474,thompson,6.812063813209534
2,melville,474,dickens,6.33886440594991
2,melville,474,melville,6.261285702387492
2,melville,474,wells,6.759857098261516
2,melville,474,austen,6.6472790241241455
2,melville,474,fitzgerald,6.744298934936523
2,melville,474,twain,6.532739559809367
2,melville,475,train,5.2378795623779295
2,melville,475,baum,6.605063319206238
2,melville,475,thompson,6.810367226600647
2,melville,475,dickens,6.338133454322815
2,melville,475,melville,6.265638788541158
2,melville,475,wells,6.7693330844243365
2,melville,475,austen,6.646535873413086
2,melville,475,fitzgerald,6.745370229085286
2,melville,475,twain,6.53373384475708
2,melville,476,train,5.289776992797852
2,melville,476,baum,6.604395031929016
2,melville,476,thompson,6.812293529510498
2,melville,476,dickens,6.33437975247701
2,melville,476,melville,6.261794209480286
2,melville,476,wells,6.763099392255147
2,melville,476,austen,6.640262126922607
2,melville,476,fitzgerald,6.74400011698405
2,melville,476,twain,6.531117598215739
2,melville,477,train,5.228317928314209
2,melville,477,baum,6.601184964179993
2,melville,477,thompson,6.805684804916382
2,melville,477,dickens,6.327337423960368
2,melville,477,melville,6.254511912663777
2,melville,477,wells,6.757182478904724
2,melville,477,austen,6.639471054077148
2,melville,477,fitzgerald,6.737210512161255
2,melville,477,twain,6.525657892227173
2,melville,478,train,5.25350980758667
2,melville,478,baum,6.598092555999756
2,melville,478,thompson,6.805357575416565
2,melville,478,dickens,6.3313513199488325
2,melville,478,melville,6.2526198625564575
2,melville,478,wells,6.754757205645244
2,melville,478,austen,6.638049602508545
2,melville,478,fitzgerald,6.739962577819824
2,melville,478,twain,6.524463256200154
2,melville,479,train,5.258717250823975
2,melville,479,baum,6.602076888084412
2,melville,479,thompson,6.809330582618713
2,melville,479,dickens,6.336236675580342
2,melville,479,melville,6.257245143254598
2,melville,479,wells,6.7602083285649615
2,melville,479,austen,6.643399715423584
2,melville,479,fitzgerald,6.74247932434082
2,melville,479,twain,6.531549135843913
2,melville,480,train,5.254351043701172
2,melville,480,baum,6.600447177886963
2,melville,480,thompson,6.806765198707581
2,melville,480,dickens,6.331838965415955
2,melville,480,melville,6.252238114674886
2,melville,480,wells,6.757721424102783
2,melville,480,austen,6.637509107589722
2,melville,480,fitzgerald,6.741608778635661
2,melville,480,twain,6.529091755549113
2,melville,481,train,5.264423179626465
2,melville,481,baum,6.592769026756287
2,melville,481,thompson,6.804073691368103
2,melville,481,dickens,6.331073482831319
2,melville,481,melville,6.249709129333496
2,melville,481,wells,6.749132513999939
2,melville,481,austen,6.635022640228272
2,melville,481,fitzgerald,6.736201842625936
2,melville,481,twain,6.525018612543742
2,melville,482,train,5.244439506530762
2,melville,482,baum,6.59954833984375
2,melville,482,thompson,6.807929754257202
2,melville,482,dickens,6.33172881603241
2,melville,482,melville,6.250411629676819
2,melville,482,wells,6.759480953216553
2,melville,482,austen,6.6409010887146
2,melville,482,fitzgerald,6.743379513422648
2,melville,482,twain,6.529563585917155
2,melville,483,train,5.235312366485596
2,melville,483,baum,6.590279221534729
2,melville,483,thompson,6.799229383468628
2,melville,483,dickens,6.329078396161397
2,melville,483,melville,6.248676578203837
2,melville,483,wells,6.752399166425069
2,melville,483,austen,6.632062196731567
2,melville,483,fitzgerald,6.734447956085205
2,melville,483,twain,6.52523136138916
2,melville,484,train,5.248224353790283
2,melville,484,baum,6.587923765182495
2,melville,484,thompson,6.798289895057678
2,melville,484,dickens,6.320771892865499
2,melville,484,melville,6.249612172444661
2,melville,484,wells,6.753455360730489
2,melville,484,austen,6.62846040725708
2,melville,484,fitzgerald,6.731084585189819
2,melville,484,twain,6.521697600682576
2,melville,485,train,5.25009765625
2,melville,485,baum,6.588034152984619
2,melville,485,thompson,6.800131320953369
2,melville,485,dickens,6.325214425722758
2,melville,485,melville,6.245829145113627
2,melville,485,wells,6.750133832295735
2,melville,485,austen,6.631449222564697
2,melville,485,fitzgerald,6.733037948608398
2,melville,485,twain,6.52359668413798
2,melville,486,train,5.225918292999268
2,melville,486,baum,6.596658110618591
2,melville,486,thompson,6.809347152709961
2,melville,486,dickens,6.33036740620931
2,melville,486,melville,6.252896745999654
2,melville,486,wells,6.7639948924382525
2,melville,486,austen,6.636269807815552
2,melville,486,fitzgerald,6.742226998011272
2,melville,486,twain,6.530827760696411
2,melville,487,train,5.230051708221436
2,melville,487,baum,6.592383027076721
2,melville,487,thompson,6.803433537483215
2,melville,487,dickens,6.323251128196716
2,melville,487,melville,6.24442728360494
2,melville,487,wells,6.753515720367432
2,melville,487,austen,6.633406162261963
2,melville,487,fitzgerald,6.736413478851318
2,melville,487,twain,6.523763338724772
2,melville,488,train,5.207428646087647
2,melville,488,baum,6.586069703102112
2,melville,488,thompson,6.804717421531677
2,melville,488,dickens,6.331933895746867
2,melville,488,melville,6.253097971280416
2,melville,488,wells,6.757279793421428
2,melville,488,austen,6.635715007781982
2,melville,488,fitzgerald,6.7376627922058105
2,melville,488,twain,6.527417739232381
2,melville,489,train,5.210749626159668
2,melville,489,baum,6.591075539588928
2,melville,489,thompson,6.810429573059082
2,melville,489,dickens,6.327468315760295
2,melville,489,melville,6.250644008318584
2,melville,489,wells,6.759323875109355
2,melville,489,austen,6.638510465621948
2,melville,489,fitzgerald,6.742602189381917
2,melville,489,twain,6.527774810791016
2,melville,490,train,5.22708387374878
2,melville,490,baum,6.593046307563782
2,melville,490,thompson,6.810932278633118
2,melville,490,dickens,6.331985235214233
2,melville,490,melville,6.255359530448914
2,melville,490,wells,6.765171845753987
2,melville,490,austen,6.635091066360474
2,melville,490,fitzgerald,6.740666627883911
2,melville,490,twain,6.531438827514648
2,melville,491,train,5.233612060546875
2,melville,491,baum,6.593210697174072
2,melville,491,thompson,6.805095434188843
2,melville,491,dickens,6.324597875277202
2,melville,491,melville,6.251910964647929
2,melville,491,wells,6.763422290484111
2,melville,491,austen,6.633464813232422
2,melville,491,fitzgerald,6.737564325332642
2,melville,491,twain,6.528210639953613
2,melville,492,train,5.238477516174316
2,melville,492,baum,6.5930540561676025
2,melville,492,thompson,6.808531045913696
2,melville,492,dickens,6.328139583269755
2,melville,492,melville,6.252243638038635
2,melville,492,wells,6.761388103167216
2,melville,492,austen,6.635756254196167
2,melville,492,fitzgerald,6.736871401468913
2,melville,492,twain,6.529866774876912
2,melville,493,train,5.203629684448242
2,melville,493,baum,6.589979290962219
2,melville,493,thompson,6.805959582328796
2,melville,493,dickens,6.325492779413859
2,melville,493,melville,6.247525254885356
2,melville,493,wells,6.761500755945842
2,melville,493,austen,6.6304099559783936
2,melville,493,fitzgerald,6.738856712977092
2,melville,493,twain,6.526514927546184
2,melville,494,train,5.213294506072998
2,melville,494,baum,6.59907865524292
2,melville,494,thompson,6.810409307479858
2,melville,494,dickens,6.323098500569661
2,melville,494,melville,6.248552640279134
2,melville,494,wells,6.766701062520345
2,melville,494,austen,6.632913112640381
2,melville,494,fitzgerald,6.738102992375691
2,melville,494,twain,6.528774897257487
2,melville,495,train,5.245582389831543
2,melville,495,baum,6.594272017478943
2,melville,495,thompson,6.802970290184021
2,melville,495,dickens,6.322121898333232
2,melville,495,melville,6.2482426563898725
2,melville,495,wells,6.762804746627808
2,melville,495,austen,6.628963470458984
2,melville,495,fitzgerald,6.733853737513225
2,melville,495,twain,6.525742610295613
2,melville,496,train,5.218638324737549
2,melville,496,baum,6.5925973653793335
2,melville,496,thompson,6.805551886558533
2,melville,496,dickens,6.326315840085347
2,melville,496,melville,6.245784123738607
2,melville,496,wells,6.759667317072551
2,melville,496,austen,6.632029294967651
2,melville,496,fitzgerald,6.736965576807658
2,melville,496,twain,6.52696967124939
2,melville,497,train,5.197127437591552
2,melville,497,baum,6.595728278160095
2,melville,497,thompson,6.805013298988342
2,melville,497,dickens,6.32257894674937
2,melville,497,melville,6.248230059941609
2,melville,497,wells,6.764916658401489
2,melville,497,austen,6.631018161773682
2,melville,497,fitzgerald,6.735927263895671
2,melville,497,twain,6.526945988337199
2,melville,498,train,5.1799187660217285
2,melville,498,baum,6.596552491188049
2,melville,498,thompson,6.810796141624451
2,melville,498,dickens,6.327793836593628
2,melville,498,melville,6.248873869578044
2,melville,498,wells,6.764627615610759
2,melville,498,austen,6.636041879653931
2,melville,498,fitzgerald,6.739415009816487
2,melville,498,twain,6.529943545659383
2,melville,499,train,5.173949241638184
2,melville,499,baum,6.596215128898621
2,melville,499,thompson,6.808536767959595
2,melville,499,dickens,6.331080635388692
2,melville,499,melville,6.250604470570882
2,melville,499,wells,6.765687266985576
2,melville,499,austen,6.637500524520874
2,melville,499,fitzgerald,6.742200533548991
2,melville,499,twain,6.533884048461914
2,melville,500,train,5.18936414718628
2,melville,500,baum,6.595215082168579
2,melville,500,thompson,6.805503487586975
2,melville,500,dickens,6.324232896169026
2,melville,500,melville,6.2426867087682085
2,melville,500,wells,6.761871814727783
2,melville,500,austen,6.635149002075195
2,melville,500,fitzgerald,6.739515542984009
2,melville,500,twain,6.529932975769043
2,melville,501,train,5.190402221679688
2,melville,501,baum,6.603429317474365
2,melville,501,thompson,6.814147591590881
2,melville,501,dickens,6.329394976298015
2,melville,501,melville,6.248150865236918
2,melville,501,wells,6.772043824195862
2,melville,501,austen,6.64116907119751
2,melville,501,fitzgerald,6.744688669840495
2,melville,501,twain,6.533737579981486
2,melville,502,train,5.1895195007324215
2,melville,502,baum,6.600947380065918
2,melville,502,thompson,6.806653499603272
2,melville,502,dickens,6.3302799463272095
2,melville,502,melville,6.250007470448812
2,melville,502,wells,6.76447872320811
2,melville,502,austen,6.639665603637695
2,melville,502,fitzgerald,6.738829612731934
2,melville,502,twain,6.533350070317586
2,melville,503,train,5.184063339233399
2,melville,503,baum,6.5898051261901855
2,melville,503,thompson,6.7980393171310425
2,melville,503,dickens,6.325318733851115
2,melville,503,melville,6.240141153335571
2,melville,503,wells,6.754231890042623
2,melville,503,austen,6.635700941085815
2,melville,503,fitzgerald,6.733606020609538
2,melville,503,twain,6.5276970863342285
2,melville,504,train,5.176900863647461
2,melville,504,baum,6.597670197486877
2,melville,504,thompson,6.8079482316970825
2,melville,504,dickens,6.3229078849156695
2,melville,504,melville,6.245332320531209
2,melville,504,wells,6.767944256464641
2,melville,504,austen,6.633233070373535
2,melville,504,fitzgerald,6.738921880722046
2,melville,504,twain,6.530652602513631
2,melville,505,train,5.171967315673828
2,melville,505,baum,6.595712304115295
2,melville,505,thompson,6.800446510314941
2,melville,505,dickens,6.320153832435608
2,melville,505,melville,6.242607156435649
2,melville,505,wells,6.75989830493927
2,melville,505,austen,6.626430511474609
2,melville,505,fitzgerald,6.737668752670288
2,melville,505,twain,6.526572227478027
2,melville,506,train,5.15778694152832
2,melville,506,baum,6.603084802627564
2,melville,506,thompson,6.806607604026794
2,melville,506,dickens,6.328275998433431
2,melville,506,melville,6.251963098843892
2,melville,506,wells,6.771397312482198
2,melville,506,austen,6.641611099243164
2,melville,506,fitzgerald,6.73977263768514
2,melville,506,twain,6.532283067703247
2,melville,507,train,5.172811985015869
2,melville,507,baum,6.601170659065247
2,melville,507,thompson,6.804245591163635
2,melville,507,dickens,6.320871551831563
2,melville,507,melville,6.243533094724019
2,melville,507,wells,6.763540943463643
2,melville,507,austen,6.631353855133057
2,melville,507,fitzgerald,6.736498117446899
2,melville,507,twain,6.528417189915975
2,melville,508,train,5.1610846519470215
2,melville,508,baum,6.589308619499207
2,melville,508,thompson,6.799422740936279
2,melville,508,dickens,6.315258224805196
2,melville,508,melville,6.235600272814433
2,melville,508,wells,6.752147277196248
2,melville,508,austen,6.621782302856445
2,melville,508,fitzgerald,6.731921672821045
2,melville,508,twain,6.521600564320882
2,melville,509,train,5.148570442199707
2,melville,509,baum,6.592060208320618
2,melville,509,thompson,6.806219577789307
2,melville,509,dickens,6.320977528889974
2,melville,509,melville,6.24440864721934
2,melville,509,wells,6.762637615203857
2,melville,509,austen,6.629446029663086
2,melville,509,fitzgerald,6.735206286112468
2,melville,509,twain,6.528304894765218
2,melville,510,train,5.153035259246826
2,melville,510,baum,6.586198806762695
2,melville,510,thompson,6.801108241081238
2,melville,510,dickens,6.32109522819519
2,melville,510,melville,6.235932469367981
2,melville,510,wells,6.753679037094116
2,melville,510,austen,6.62592077255249
2,melville,510,fitzgerald,6.7342439492543535
2,melville,510,twain,6.526214122772217
2,melville,511,train,5.168569469451905
2,melville,511,baum,6.591032266616821
2,melville,511,thompson,6.805202841758728
2,melville,511,dickens,6.326913118362427
2,melville,511,melville,6.24068558216095
2,melville,511,wells,6.761730035146077
2,melville,511,austen,6.637730836868286
2,melville,511,fitzgerald,6.738068103790283
2,melville,511,twain,6.529447078704834
2,melville,512,train,5.157330417633057
2,melville,512,baum,6.596097588539124
2,melville,512,thompson,6.810286998748779
2,melville,512,dickens,6.327397425969441
2,melville,512,melville,6.250369429588318
2,melville,512,wells,6.767738660176595
2,melville,512,austen,6.634952068328857
2,melville,512,fitzgerald,6.738005956013997
2,melville,512,twain,6.532246669133504
2,melville,513,train,5.163341999053955
2,melville,513,baum,6.590981364250183
2,melville,513,thompson,6.808362603187561
2,melville,513,dickens,6.322357853253682
2,melville,513,melville,6.24485715230306
2,melville,513,wells,6.765666723251343
2,melville,513,austen,6.631401062011719
2,melville,513,fitzgerald,6.73698075612386
2,melville,513,twain,6.527964115142822
2,melville,514,train,5.160225963592529
2,melville,514,baum,6.59703803062439
2,melville,514,thompson,6.811245918273926
2,melville,514,dickens,6.320078531901042
2,melville,514,melville,6.24347980817159
2,melville,514,wells,6.766854127248128
2,melville,514,austen,6.630844831466675
2,melville,514,fitzgerald,6.738955736160278
2,melville,514,twain,6.530608256657918
2,melville,515,train,5.157651710510254
2,melville,515,baum,6.597639203071594
2,melville,515,thompson,6.809577703475952
2,melville,515,dickens,6.325151403745015
2,melville,515,melville,6.251165707906087
2,melville,515,wells,6.776159445444743
2,melville,515,austen,6.632558822631836
2,melville,515,fitzgerald,6.74159296353658
2,melville,515,twain,6.533764759699504
2,melville,516,train,5.136131381988525
2,melville,516,baum,6.608261466026306
2,melville,516,thompson,6.819290518760681
2,melville,516,dickens,6.3325984080632525
2,melville,516,melville,6.25311021010081
2,melville,516,wells,6.782554984092712
2,melville,516,austen,6.638103008270264
2,melville,516,fitzgerald,6.747140804926555
2,melville,516,twain,6.541726191838582
2,melville,517,train,5.130389404296875
2,melville,517,baum,6.599918842315674
2,melville,517,thompson,6.813425183296204
2,melville,517,dickens,6.33087698618571
2,melville,517,melville,6.245212594668071
2,melville,517,wells,6.769887129465739
2,melville,517,austen,6.6402459144592285
2,melville,517,fitzgerald,6.743679682413737
2,melville,517,twain,6.538480679194133
2,melville,518,train,5.13115873336792
2,melville,518,baum,6.595826864242554
2,melville,518,thompson,6.810468554496765
2,melville,518,dickens,6.3223064343134565
2,melville,518,melville,6.244893987973531
2,melville,518,wells,6.768362402915955
2,melville,518,austen,6.627080917358398
2,melville,518,fitzgerald,6.740271091461182
2,melville,518,twain,6.5318591594696045
2,melville,519,train,5.157556056976318
2,melville,519,baum,6.600086569786072
2,melville,519,thompson,6.819034695625305
2,melville,519,dickens,6.327832261721293
2,melville,519,melville,6.25213086605072
2,melville,519,wells,6.780993143717448
2,melville,519,austen,6.639417409896851
2,melville,519,fitzgerald,6.74640687306722
2,melville,519,twain,6.537739117940267
2,melville,520,train,5.145615482330323
2,melville,520,baum,6.58892560005188
2,melville,520,thompson,6.805637717247009
2,melville,520,dickens,6.323448936144511
2,melville,520,melville,6.241372227668762
2,melville,520,wells,6.762856086095174
2,melville,520,austen,6.6284096240997314
2,melville,520,fitzgerald,6.737250248591105
2,melville,520,twain,6.530135711034139
2,melville,521,train,5.139692497253418
2,melville,521,baum,6.601350426673889
2,melville,521,thompson,6.817925691604614
2,melville,521,dickens,6.330851872762044
2,melville,521,melville,6.24954076608022
2,melville,521,wells,6.775600751241048
2,melville,521,austen,6.64261531829834
2,melville,521,fitzgerald,6.744676113128662
2,melville,521,twain,6.539280255635579
2,melville,522,train,5.1484064102172855
2,melville,522,baum,6.59170126914978
2,melville,522,thompson,6.806567192077637
2,melville,522,dickens,6.321077982584636
2,melville,522,melville,6.240513443946838
2,melville,522,wells,6.758875449498494
2,melville,522,austen,6.627822637557983
2,melville,522,fitzgerald,6.736049016316732
2,melville,522,twain,6.531071424484253
2,melville,523,train,5.097901248931885
2,melville,523,baum,6.594107985496521
2,melville,523,thompson,6.806771516799927
2,melville,523,dickens,6.318944772084554
2,melville,523,melville,6.242454449335734
2,melville,523,wells,6.768176873524983
2,melville,523,austen,6.629699230194092
2,melville,523,fitzgerald,6.736778179804484
2,melville,523,twain,6.5301899909973145
2,melville,524,train,5.135348701477051
2,melville,524,baum,6.598067045211792
2,melville,524,thompson,6.815500855445862
2,melville,524,dickens,6.32692042986552
2,melville,524,melville,6.245343446731567
2,melville,524,wells,6.773521343866984
2,melville,524,austen,6.636356592178345
2,melville,524,fitzgerald,6.742644627888997
2,melville,524,twain,6.5375315348307295
2,melville,525,train,5.125382328033448
2,melville,525,baum,6.597291231155396
2,melville,525,thompson,6.808493614196777
2,melville,525,dickens,6.322051843007405
2,melville,525,melville,6.247748017311096
2,melville,525,wells,6.77012852827708
2,melville,525,austen,6.630062818527222
2,melville,525,fitzgerald,6.738155921300252
2,melville,525,twain,6.536973873774211
2,melville,526,train,5.091965103149414
2,melville,526,baum,6.595348000526428
2,melville,526,thompson,6.807717442512512
2,melville,526,dickens,6.326000531514485
2,melville,526,melville,6.241103808085124
2,melville,526,wells,6.769585569699605
2,melville,526,austen,6.635725498199463
2,melville,526,fitzgerald,6.74048097928365
2,melville,526,twain,6.534322420756022
2,melville,527,train,5.123078536987305
2,melville,527,baum,6.6019052267074585
2,melville,527,thompson,6.813213467597961
2,melville,527,dickens,6.318819125493367
2,melville,527,melville,6.23993702729543
2,melville,527,wells,6.769482135772705
2,melville,527,austen,6.632431745529175
2,melville,527,fitzgerald,6.741585334142049
2,melville,527,twain,6.534918546676636
2,melville,528,train,5.120442867279053
2,melville,528,baum,6.5914067029953
2,melville,528,thompson,6.806327223777771
2,melville,528,dickens,6.32274083296458
2,melville,528,melville,6.237638672192891
2,melville,528,wells,6.762141227722168
2,melville,528,austen,6.637550354003906
2,melville,528,fitzgerald,6.738123257954915
2,melville,528,twain,6.5314555168151855
2,melville,529,train,5.125239753723145
2,melville,529,baum,6.5885703563690186
2,melville,529,thompson,6.803333878517151
2,melville,529,dickens,6.31687335173289
2,melville,529,melville,6.237209518750508
2,melville,529,wells,6.7613526582717896
2,melville,529,austen,6.629221200942993
2,melville,529,fitzgerald,6.735712846120198
2,melville,529,twain,6.528617779413859
2,melville,530,train,5.104016876220703
2,melville,530,baum,6.599884867668152
2,melville,530,thompson,6.814380049705505
2,melville,530,dickens,6.32596226533254
2,melville,530,melville,6.243673841158549
2,melville,530,wells,6.773962775866191
2,melville,530,austen,6.633826017379761
2,melville,530,fitzgerald,6.742396036783855
2,melville,530,twain,6.537576516469319
2,melville,531,train,5.111117267608643
2,melville,531,baum,6.59691858291626
2,melville,531,thompson,6.805426597595215
2,melville,531,dickens,6.315886934598287
2,melville,531,melville,6.238949616750081
2,melville,531,wells,6.764610489209493
2,melville,531,austen,6.623296737670898
2,melville,531,fitzgerald,6.736185868581136
2,melville,531,twain,6.531010071436564
2,melville,532,train,5.102675819396973
2,melville,532,baum,6.611102938652039
2,melville,532,thompson,6.820154309272766
2,melville,532,dickens,6.324026505152385
2,melville,532,melville,6.243903597195943
2,melville,532,wells,6.778322339057922
2,melville,532,austen,6.6393444538116455
2,melville,532,fitzgerald,6.745825449625651
2,melville,532,twain,6.540747086207072
2,melville,533,train,5.098185062408447
2,melville,533,baum,6.602810502052307
2,melville,533,thompson,6.809714198112488
2,melville,533,dickens,6.3224566380182905
2,melville,533,melville,6.24035648504893
2,melville,533,wells,6.767303744951884
2,melville,533,austen,6.630789518356323
2,melville,533,fitzgerald,6.738822937011719
2,melville,533,twain,6.535725593566895
2,melville,534,train,5.087994956970215
2,melville,534,baum,6.601388454437256
2,melville,534,thompson,6.808904409408569
2,melville,534,dickens,6.318931261698405
2,melville,534,melville,6.237276792526245
2,melville,534,wells,6.775944987932841
2,melville,534,austen,6.6285483837127686
2,melville,534,fitzgerald,6.740826765696208
2,melville,534,twain,6.535663366317749
2,melville,535,train,5.109893035888672
2,melville,535,baum,6.5947816371917725
2,melville,535,thompson,6.8051698207855225
2,melville,535,dickens,6.313251217206319
2,melville,535,melville,6.230464696884155
2,melville,535,wells,6.759884993235271
2,melville,535,austen,6.626756906509399
2,melville,535,fitzgerald,6.735080321629842
2,melville,535,twain,6.528331438700358
2,melville,536,train,5.123717975616455
2,melville,536,baum,6.605142116546631
2,melville,536,thompson,6.81489634513855
2,melville,536,dickens,6.318743586540222
2,melville,536,melville,6.23792564868927
2,melville,536,wells,6.778439680735271
2,melville,536,austen,6.627159118652344
2,melville,536,fitzgerald,6.74361006418864
2,melville,536,twain,6.53654686609904
2,melville,537,train,5.086915969848633
2,melville,537,baum,6.606817245483398
2,melville,537,thompson,6.815032243728638
2,melville,537,dickens,6.328526337941487
2,melville,537,melville,6.242913842201233
2,melville,537,wells,6.775596896807353
2,melville,537,austen,6.634202241897583
2,melville,537,fitzgerald,6.746318896611531
2,melville,537,twain,6.539274533589681
2,melville,538,train,5.076938629150391
2,melville,538,baum,6.60553789138794
2,melville,538,thompson,6.8169437646865845
2,melville,538,dickens,6.329846302668254
2,melville,538,melville,6.236155867576599
2,melville,538,wells,6.7700908581415815
2,melville,538,austen,6.6405348777771
2,melville,538,fitzgerald,6.7469353675842285
2,melville,538,twain,6.537400960922241
2,melville,539,train,5.112296390533447
2,melville,539,baum,6.606733083724976
2,melville,539,thompson,6.819870829582214
2,melville,539,dickens,6.327348351478577
2,melville,539,melville,6.2415852546691895
2,melville,539,wells,6.7818838357925415
2,melville,539,austen,6.636079072952271
2,melville,539,fitzgerald,6.748437643051148
2,melville,539,twain,6.53843879699707
2,melville,540,train,5.108440399169922
2,melville,540,baum,6.60376513004303
2,melville,540,thompson,6.814292311668396
2,melville,540,dickens,6.320010503133138
2,melville,540,melville,6.236379226048787
2,melville,540,wells,6.772953073183696
2,melville,540,austen,6.628965139389038
2,melville,540,fitzgerald,6.741432746251424
2,melville,540,twain,6.534292538960774
2,melville,541,train,5.106082820892334
2,melville,541,baum,6.608158111572266
2,melville,541,thompson,6.823222041130066
2,melville,541,dickens,6.328274846076965
2,melville,541,melville,6.242178678512573
2,melville,541,wells,6.780514359474182
2,melville,541,austen,6.63435697555542
2,melville,541,fitzgerald,6.7489902178446455
2,melville,541,twain,6.542630751927693
2,melville,542,train,5.0556511878967285
2,melville,542,baum,6.603726625442505
2,melville,542,thompson,6.809764623641968
2,melville,542,dickens,6.320910811424255
2,melville,542,melville,6.235172510147095
2,melville,542,wells,6.769032160441081
2,melville,542,austen,6.62558126449585
2,melville,542,fitzgerald,6.742066303888957
2,melville,542,twain,6.535493771235148
2,melville,543,train,5.088277435302734
2,melville,543,baum,6.604079484939575
2,melville,543,thompson,6.814222097396851
2,melville,543,dickens,6.323408842086792
2,melville,543,melville,6.23618761698405
2,melville,543,wells,6.773130178451538
2,melville,543,austen,6.6346986293792725
2,melville,543,fitzgerald,6.746360222498576
2,melville,543,twain,6.536519527435303
2,melville,544,train,5.056308841705322
2,melville,544,baum,6.60204017162323
2,melville,544,thompson,6.811720490455627
2,melville,544,dickens,6.3234855731328325
2,melville,544,melville,6.2389704783757525
2,melville,544,wells,6.775593598683675
2,melville,544,austen,6.634813070297241
2,melville,544,fitzgerald,6.744574785232544
2,melville,544,twain,6.537590503692627
2,melville,545,train,5.087585067749023
2,melville,545,baum,6.617000818252564
2,melville,545,thompson,6.826962828636169
2,melville,545,dickens,6.3340409596761065
2,melville,545,melville,6.244683623313904
2,melville,545,wells,6.792131265004476
2,melville,545,austen,6.640879392623901
2,melville,545,fitzgerald,6.754735628763835
2,melville,545,twain,6.55085285504659
2,melville,546,train,5.0736957550048825
2,melville,546,baum,6.600220561027527
2,melville,546,thompson,6.811939835548401
2,melville,546,dickens,6.320626576741536
2,melville,546,melville,6.237984577814738
2,melville,546,wells,6.776487588882446
2,melville,546,austen,6.629324913024902
2,melville,546,fitzgerald,6.742434978485107
2,melville,546,twain,6.537742376327515
2,melville,547,train,5.076107788085937
2,melville,547,baum,6.599847912788391
2,melville,547,thompson,6.811412930488586
2,melville,547,dickens,6.315588553746541
2,melville,547,melville,6.231165607770284
2,melville,547,wells,6.772182941436768
2,melville,547,austen,6.627711057662964
2,melville,547,fitzgerald,6.742117484410604
2,melville,547,twain,6.53702982266744
2,melville,548,train,5.032604026794433
2,melville,548,baum,6.610360622406006
2,melville,548,thompson,6.8259037733078
2,melville,548,dickens,6.329108993212382
2,melville,548,melville,6.242905100186666
2,melville,548,wells,6.793251554171245
2,melville,548,austen,6.640232086181641
2,melville,548,fitzgerald,6.755306164423625
2,melville,548,twain,6.546640157699585
2,melville,549,train,5.056623744964599
2,melville,549,baum,6.610301017761231
2,melville,549,thompson,6.825796842575073
2,melville,549,dickens,6.326879541079204
2,melville,549,melville,6.2405173778533936
2,melville,549,wells,6.785715818405151
2,melville,549,austen,6.640556573867798
2,melville,549,fitzgerald,6.753869851430257
2,melville,549,twain,6.545288880666097
2,melville,550,train,5.054824542999268
2,melville,550,baum,6.604549288749695
2,melville,550,thompson,6.81733250617981
2,melville,550,dickens,6.322956681251526
2,melville,550,melville,6.232552806536357
2,melville,550,wells,6.779309590657552
2,melville,550,austen,6.6309778690338135
2,melville,550,fitzgerald,6.748510122299194
2,melville,550,twain,6.538589557011922
2,melville,551,train,5.099162769317627
2,melville,551,baum,6.611914277076721
2,melville,551,thompson,6.825319051742554
2,melville,551,dickens,6.331195791562398
2,melville,551,melville,6.241159041722615
2,melville,551,wells,6.787127494812012
2,melville,551,austen,6.6422388553619385
2,melville,551,fitzgerald,6.752554893493652
2,melville,551,twain,6.542988856633504
2,melville,552,train,5.03582010269165
2,melville,552,baum,6.60250461101532
2,melville,552,thompson,6.81749951839447
2,melville,552,dickens,6.323155204455058
2,melville,552,melville,6.234881043434143
2,melville,552,wells,6.780417362848918
2,melville,552,austen,6.631894588470459
2,melville,552,fitzgerald,6.7509792645772295
2,melville,552,twain,6.537814299265544
2,melville,553,train,5.027087116241455
2,melville,553,baum,6.599184513092041
2,melville,553,thompson,6.812934041023254
2,melville,553,dickens,6.3188332716623945
2,melville,553,melville,6.233085910479228
2,melville,553,wells,6.77236008644104
2,melville,553,austen,6.624896287918091
2,melville,553,fitzgerald,6.74561874071757
2,melville,553,twain,6.5353368918101
2,melville,554,train,5.075917434692383
2,melville,554,baum,6.617246031761169
2,melville,554,thompson,6.82978093624115
2,melville,554,dickens,6.332328995068868
2,melville,554,melville,6.247430960337321
2,melville,554,wells,6.795908808708191
2,melville,554,austen,6.646920442581177
2,melville,554,fitzgerald,6.756486972173055
2,melville,554,twain,6.551103115081787
2,melville,555,train,5.0378625869750975
2,melville,555,baum,6.601964116096497
2,melville,555,thompson,6.815722465515137
2,melville,555,dickens,6.328800916671753
2,melville,555,melville,6.234335422515869
2,melville,555,wells,6.773403565088908
2,melville,555,austen,6.631554365158081
2,melville,555,fitzgerald,6.751197735468547
2,melville,555,twain,6.539501349131267
2,melville,556,train,5.043000316619873
2,melville,556,baum,6.614240288734436
2,melville,556,thompson,6.82531476020813
2,melville,556,dickens,6.328665614128113
2,melville,556,melville,6.241015156110128
2,melville,556,wells,6.786175608634949
2,melville,556,austen,6.641474485397339
2,melville,556,fitzgerald,6.753263552983602
2,melville,556,twain,6.545932769775391
2,melville,557,train,5.069691944122314
2,melville,557,baum,6.605903148651123
2,melville,557,thompson,6.82232666015625
2,melville,557,dickens,6.331055283546448
2,melville,557,melville,6.235167145729065
2,melville,557,wells,6.771417021751404
2,melville,557,austen,6.63836407661438
2,melville,557,fitzgerald,6.751586357752482
2,melville,557,twain,6.542866388956706
2,melville,558,train,5.05144510269165
2,melville,558,baum,6.609935164451599
2,melville,558,thompson,6.823967933654785
2,melville,558,dickens,6.3275532722473145
2,melville,558,melville,6.241470734278361
2,melville,558,wells,6.789828618367513
2,melville,558,austen,6.634302377700806
2,melville,558,fitzgerald,6.751747687657674
2,melville,558,twain,6.545870701471965
2,melville,559,train,5.02674560546875
2,melville,559,baum,6.605097055435181
2,melville,559,thompson,6.823563098907471
2,melville,559,dickens,6.325323303540547
2,melville,559,melville,6.235949357350667
2,melville,559,wells,6.780086119969686
2,melville,559,austen,6.633588790893555
2,melville,559,fitzgerald,6.749630610148112
2,melville,559,twain,6.539978504180908
2,melville,560,train,5.046410942077637
2,melville,560,baum,6.609399676322937
2,melville,560,thompson,6.8196622133255005
2,melville,560,dickens,6.327159961064656
2,melville,560,melville,6.238704959551494
2,melville,560,wells,6.785727898279826
2,melville,560,austen,6.63763952255249
2,melville,560,fitzgerald,6.750927686691284
2,melville,560,twain,6.544744888941447
2,melville,561,train,5.021002101898193
2,melville,561,baum,6.608996391296387
2,melville,561,thompson,6.819876313209534
2,melville,561,dickens,6.328747391700745
2,melville,561,melville,6.233296275138855
2,melville,561,wells,6.77951451142629
2,melville,561,austen,6.6390910148620605
2,melville,561,fitzgerald,6.753333489100139
2,melville,561,twain,6.54252012570699
2,melville,562,train,5.0744935989379885
2,melville,562,baum,6.625542044639587
2,melville,562,thompson,6.835873365402222
2,melville,562,dickens,6.3318402369817095
2,melville,562,melville,6.24487058321635
2,melville,562,wells,6.798995494842529
2,melville,562,austen,6.6485326290130615
2,melville,562,fitzgerald,6.760360399881999
2,melville,562,twain,6.5514083703358965
2,melville,563,train,5.041876125335693
2,melville,563,baum,6.609760642051697
2,melville,563,thompson,6.826332211494446
2,melville,563,dickens,6.330126881599426
2,melville,563,melville,6.237674514452617
2,melville,563,wells,6.787634650866191
2,melville,563,austen,6.6400415897369385
2,melville,563,fitzgerald,6.75357969601949
2,melville,563,twain,6.546379407246907
2,melville,564,train,5.032557201385498
2,melville,564,baum,6.6120957136154175
2,melville,564,thompson,6.82813036441803
2,melville,564,dickens,6.3330079317092896
2,melville,564,melville,6.24017870426178
2,melville,564,wells,6.787493348121643
2,melville,564,austen,6.640124320983887
2,melville,564,fitzgerald,6.756271918614705
2,melville,564,twain,6.549277861913045
2,melville,565,train,5.018661308288574
2,melville,565,baum,6.610647201538086
2,melville,565,thompson,6.822478175163269
2,melville,565,dickens,6.32453179359436
2,melville,565,melville,6.232824126879375
2,melville,565,wells,6.7824498017628985
2,melville,565,austen,6.6352643966674805
2,melville,565,fitzgerald,6.7540812492370605
2,melville,565,twain,6.542781670888265
2,melville,566,train,5.042923831939698
2,melville,566,baum,6.616356730461121
2,melville,566,thompson,6.831973075866699
2,melville,566,dickens,6.330659786860148
2,melville,566,melville,6.239304582277934
2,melville,566,wells,6.787502765655518
2,melville,566,austen,6.639876365661621
2,melville,566,fitzgerald,6.758086601893107
2,melville,566,twain,6.548894325892131
2,melville,567,train,5.011182022094727
2,melville,567,baum,6.611100673675537
2,melville,567,thompson,6.819311618804932
2,melville,567,dickens,6.325658877690633
2,melville,567,melville,6.23504896958669
2,melville,567,wells,6.784043749173482
2,melville,567,austen,6.636714696884155
2,melville,567,fitzgerald,6.75110920270284
2,melville,567,twain,6.542894840240479
2,melville,568,train,5.024165630340576
2,melville,568,baum,6.616718888282776
2,melville,568,thompson,6.831110119819641
2,melville,568,dickens,6.329765160878499
2,melville,568,melville,6.240407586097717
2,melville,568,wells,6.7948882182439165
2,melville,568,austen,6.641266107559204
2,melville,568,fitzgerald,6.756901979446411
2,melville,568,twain,6.549693822860718
2,melville,569,train,4.999349784851074
2,melville,569,baum,6.607710480690002
2,melville,569,thompson,6.819164395332336
2,melville,569,dickens,6.320296287536621
2,melville,569,melville,6.233098387718201
2,melville,569,wells,6.781313260396321
2,melville,569,austen,6.632313966751099
2,melville,569,fitzgerald,6.749497095743815
2,melville,569,twain,6.541196425755818
2,melville,570,train,4.996563816070557
2,melville,570,baum,6.615609288215637
2,melville,570,thompson,6.829867005348206
2,melville,570,dickens,6.329755465189616
2,melville,570,melville,6.23712436358134
2,melville,570,wells,6.790162007013957
2,melville,570,austen,6.642426252365112
2,melville,570,fitzgerald,6.75875727335612
2,melville,570,twain,6.548503478368123
2,melville,571,train,5.014930725097656
2,melville,571,baum,6.608044147491455
2,melville,571,thompson,6.8250380754470825
2,melville,571,dickens,6.327063242594401
2,melville,571,melville,6.237271825472514
2,melville,571,wells,6.786319772402446
2,melville,571,austen,6.63852334022522
2,melville,571,fitzgerald,6.750955820083618
2,melville,571,twain,6.545233964920044
2,melville,572,train,5.010414123535156
2,melville,572,baum,6.610470175743103
2,melville,572,thompson,6.831868767738342
2,melville,572,dickens,6.323115547498067
2,melville,572,melville,6.234065572420756
2,melville,572,wells,6.791637221972148
2,melville,572,austen,6.637381553649902
2,melville,572,fitzgerald,6.756598552068074
2,melville,572,twain,6.540867805480957
2,melville,573,train,4.99973955154419
2,melville,573,baum,6.619866609573364
2,melville,573,thompson,6.833403587341309
2,melville,573,dickens,6.331997315088908
2,melville,573,melville,6.245971878369649
2,melville,573,wells,6.7978179057439165
2,melville,573,austen,6.642348051071167
2,melville,573,fitzgerald,6.75843620300293
2,melville,573,twain,6.550915002822876
2,melville,574,train,5.0151571273803714
2,melville,574,baum,6.613016605377197
2,melville,574,thompson,6.832581877708435
2,melville,574,dickens,6.334110816319783
2,melville,574,melville,6.235019723574321
2,melville,574,wells,6.786787192026774
2,melville,574,austen,6.6490209102630615
2,melville,574,fitzgerald,6.7592988808949785
2,melville,574,twain,6.548650979995728
2,melville,575,train,4.987579727172852
2,melville,575,baum,6.616498589515686
2,melville,575,thompson,6.832901358604431
2,melville,575,dickens,6.331591566403707
2,melville,575,melville,6.24338436126709
2,melville,575,wells,6.79813826084137
2,melville,575,austen,6.642150402069092
2,melville,575,fitzgerald,6.759790102640788
2,melville,575,twain,6.55072808265686
2,melville,576,train,4.99792251586914
2,melville,576,baum,6.606201171875
2,melville,576,thompson,6.821178555488586
2,melville,576,dickens,6.323467254638672
2,melville,576,melville,6.240357796351115
2,melville,576,wells,6.790631254514058
2,melville,576,austen,6.635496377944946
2,melville,576,fitzgerald,6.748129606246948
2,melville,576,twain,6.545223474502564
2,melville,577,train,4.9917786598205565
2,melville,577,baum,6.617725372314453
2,melville,577,thompson,6.829404711723328
2,melville,577,dickens,6.323692321777344
2,melville,577,melville,6.239857236544292
2,melville,577,wells,6.800961335500081
2,melville,577,austen,6.635218620300293
2,melville,577,fitzgerald,6.755443890889485
2,melville,577,twain,6.5493846734364825
2,melville,578,train,4.9760771751403805
2,melville,578,baum,6.619007706642151
2,melville,578,thompson,6.837151527404785
2,melville,578,dickens,6.325501124064128
2,melville,578,melville,6.24040162563324
2,melville,578,wells,6.797851006189982
2,melville,578,austen,6.639230966567993
2,melville,578,fitzgerald,6.758330901463826
2,melville,578,twain,6.547558069229126
2,melville,579,train,4.993978118896484
2,melville,579,baum,6.623157501220703
2,melville,579,thompson,6.827182531356812
2,melville,579,dickens,6.329231182734172
2,melville,579,melville,6.243720094362895
2,melville,579,wells,6.794372002283732
2,melville,579,austen,6.6386590003967285
2,melville,579,fitzgerald,6.754393498102824
2,melville,579,twain,6.551861683527629
2,melville,580,train,5.00506010055542
2,melville,580,baum,6.628161907196045
2,melville,580,thompson,6.8382728099823
2,melville,580,dickens,6.33282458782196
2,melville,580,melville,6.2492702802022295
2,melville,580,wells,6.807014425595601
2,melville,580,austen,6.646387815475464
2,melville,580,fitzgerald,6.763001521428426
2,melville,580,twain,6.557256619135539
2,melville,581,train,5.017881774902344
2,melville,581,baum,6.613800525665283
2,melville,581,thompson,6.831516146659851
2,melville,581,dickens,6.323981444040935
2,melville,581,melville,6.232432842254639
2,melville,581,wells,6.792031367619832
2,melville,581,austen,6.636372804641724
2,melville,581,fitzgerald,6.75637952486674
2,melville,581,twain,6.548343817392985
2,melville,582,train,4.962883377075196
2,melville,582,baum,6.614856958389282
2,melville,582,thompson,6.833880424499512
2,melville,582,dickens,6.3252430359522505
2,melville,582,melville,6.242849826812744
2,melville,582,wells,6.799106081326802
2,melville,582,austen,6.637436389923096
2,melville,582,fitzgerald,6.759814898173015
2,melville,582,twain,6.553437391916911
2,melville,583,train,4.96056547164917
2,melville,583,baum,6.609989285469055
2,melville,583,thompson,6.8329808712005615
2,melville,583,dickens,6.326996127764384
2,melville,583,melville,6.239994684855144
2,melville,583,wells,6.795683582623799
2,melville,583,austen,6.639129638671875
2,melville,583,fitzgerald,6.758848190307617
2,melville,583,twain,6.549260059992473
2,melville,584,train,4.97883529663086
2,melville,584,baum,6.617227435112
2,melville,584,thompson,6.826222658157349
2,melville,584,dickens,6.322020570437114
2,melville,584,melville,6.231455008188884
2,melville,584,wells,6.790396809577942
2,melville,584,austen,6.629983186721802
2,melville,584,fitzgerald,6.757226308186849
2,melville,584,twain,6.546439409255981
2,melville,585,train,4.987906455993652
2,melville,585,baum,6.61529552936554
2,melville,585,thompson,6.834065437316895
2,melville,585,dickens,6.32976492245992
2,melville,585,melville,6.243657787640889
2,melville,585,wells,6.802055954933167
2,melville,585,austen,6.64777398109436
2,melville,585,fitzgerald,6.758630832036336
2,melville,585,twain,6.552621761957805
2,melville,586,train,4.9617609024047855
2,melville,586,baum,6.6182438135147095
2,melville,586,thompson,6.83159339427948
2,melville,586,dickens,6.328051845232646
2,melville,586,melville,6.236637592315674
2,melville,586,wells,6.799790104230245
2,melville,586,austen,6.638653039932251
2,melville,586,fitzgerald,6.76214583714803
2,melville,586,twain,6.550759236017863
2,melville,587,train,4.960139465332031
2,melville,587,baum,6.611552357673645
2,melville,587,thompson,6.829751968383789
2,melville,587,dickens,6.324757695198059
2,melville,587,melville,6.232969403266907
2,melville,587,wells,6.7905023495356245
2,melville,587,austen,6.638810157775879
2,melville,587,fitzgerald,6.758327881495158
2,melville,587,twain,6.5469544728597
2,melville,588,train,4.976359081268311
2,melville,588,baum,6.613790273666382
2,melville,588,thompson,6.830820560455322
2,melville,588,dickens,6.33356527487437
2,melville,588,melville,6.236602266629537
2,melville,588,wells,6.796958247820537
2,melville,588,austen,6.6427178382873535
2,melville,588,fitzgerald,6.76283065478007
2,melville,588,twain,6.55587641398112
2,melville,589,train,4.937762832641601
2,melville,589,baum,6.6128140687942505
2,melville,589,thompson,6.830364942550659
2,melville,589,dickens,6.326931635538737
2,melville,589,melville,6.236914356549581
2,melville,589,wells,6.800923069318135
2,melville,589,austen,6.638410329818726
2,melville,589,fitzgerald,6.7618461449941
2,melville,589,twain,6.550692558288574
2,melville,590,train,4.96722822189331
2,melville,590,baum,6.615234017372131
2,melville,590,thompson,6.829736828804016
2,melville,590,dickens,6.333268245061238
2,melville,590,melville,6.237702369689941
2,melville,590,wells,6.800580263137817
2,melville,590,austen,6.648207902908325
2,melville,590,fitzgerald,6.762950499852498
2,melville,590,twain,6.556655486424764
2,melville,591,train,5.001154518127441
2,melville,591,baum,6.621731162071228
2,melville,591,thompson,6.838013887405396
2,melville,591,dickens,6.335826992988586
2,melville,591,melville,6.24045745531718
2,melville,591,wells,6.802542805671692
2,melville,591,austen,6.644204139709473
2,melville,591,fitzgerald,6.765304247538249
2,melville,591,twain,6.558944543202718
2,melville,592,train,4.9606678009033205
2,melville,592,baum,6.611055850982666
2,melville,592,thompson,6.829420566558838
2,melville,592,dickens,6.330601255098979
2,melville,592,melville,6.234736879666646
2,melville,592,wells,6.793047984441121
2,melville,592,austen,6.644229888916016
2,melville,592,fitzgerald,6.759794553120931
2,melville,592,twain,6.550869703292847
2,melville,593,train,4.930424690246582
2,melville,593,baum,6.620023846626282
2,melville,593,thompson,6.8390432596206665
2,melville,593,dickens,6.333884318669637
2,melville,593,melville,6.238045175870259
2,melville,593,wells,6.807537873586019
2,melville,593,austen,6.646106719970703
2,melville,593,fitzgerald,6.770878712336223
2,melville,593,twain,6.558801094690959
2,melville,594,train,4.954486083984375
2,melville,594,baum,6.6202778816223145
2,melville,594,thompson,6.84017026424408
2,melville,594,dickens,6.336767951647441
2,melville,594,melville,6.240677833557129
2,melville,594,wells,6.803948998451233
2,melville,594,austen,6.649227380752564
2,melville,594,fitzgerald,6.7696787516276045
2,melville,594,twain,6.55707327524821
2,melville,595,train,4.958632564544677
2,melville,595,baum,6.623914241790772
2,melville,595,thompson,6.848497986793518
2,melville,595,dickens,6.340716918309529
2,melville,595,melville,6.243245124816895
2,melville,595,wells,6.804447134335836
2,melville,595,austen,6.656087160110474
2,melville,595,fitzgerald,6.773719946543376
2,melville,595,twain,6.560954332351685
2,melville,596,train,4.947524070739746
2,melville,596,baum,6.626720547676086
2,melville,596,thompson,6.842560768127441
2,melville,596,dickens,6.334675272305806
2,melville,596,melville,6.241344412167867
2,melville,596,wells,6.810484886169434
2,melville,596,austen,6.646247386932373
2,melville,596,fitzgerald,6.771045366923015
2,melville,596,twain,6.559830983479817
2,melville,597,train,4.928840255737304
2,melville,597,baum,6.621393322944641
2,melville,597,thompson,6.839281678199768
2,melville,597,dickens,6.333372314771016
2,melville,597,melville,6.236755172411601
2,melville,597,wells,6.803064028422038
2,melville,597,austen,6.650590419769287
2,melville,597,fitzgerald,6.769524733225505
2,melville,597,twain,6.554583311080933
2,melville,598,train,4.943897914886475
2,melville,598,baum,6.616715312004089
2,melville,598,thompson,6.834053635597229
2,melville,598,dickens,6.329495588938396
2,melville,598,melville,6.230310122172038
2,melville,598,wells,6.800127307573955
2,melville,598,austen,6.649267911911011
2,melville,598,fitzgerald,6.767809629440308
2,melville,598,twain,6.554361502329509
2,melville,599,train,4.920384693145752
2,melville,599,baum,6.633708834648132
2,melville,599,thompson,6.852084755897522
2,melville,599,dickens,6.3397148450215655
2,melville,599,melville,6.2496327956517534
2,melville,599,wells,6.820974032084147
2,melville,599,austen,6.652050733566284
2,melville,599,fitzgerald,6.7750327587127686
2,melville,599,twain,6.566508531570435
2,melville,600,train,4.9372552871704105
2,melville,600,baum,6.6190104484558105
2,melville,600,thompson,6.83708381652832
2,melville,600,dickens,6.330237666765849
2,melville,600,melville,6.237793525060018
2,melville,600,wells,6.805130044619243
2,melville,600,austen,6.642308235168457
2,melville,600,fitzgerald,6.766796032587688
2,melville,600,twain,6.555629253387451
2,melville,601,train,4.925075435638428
2,melville,601,baum,6.621378421783447
2,melville,601,thompson,6.8397297859191895
2,melville,601,dickens,6.329780260721843
2,melville,601,melville,6.233836929003398
2,melville,601,wells,6.802148262659709
2,melville,601,austen,6.648341417312622
2,melville,601,fitzgerald,6.766444285710652
2,melville,601,twain,6.556255499521892
2,melville,602,train,4.927515697479248
2,melville,602,baum,6.632034420967102
2,melville,602,thompson,6.850199699401856
2,melville,602,dickens,6.333374818166097
2,melville,602,melville,6.239810546239217
2,melville,602,wells,6.814393242200215
2,melville,602,austen,6.645189046859741
2,melville,602,fitzgerald,6.773182551066081
2,melville,602,twain,6.562235116958618
2,melville,603,train,4.926964282989502
2,melville,603,baum,6.629690289497376
2,melville,603,thompson,6.844035744667053
2,melville,603,dickens,6.33315893014272
2,melville,603,melville,6.236704707145691
2,melville,603,wells,6.8152391115824384
2,melville,603,austen,6.647626876831055
2,melville,603,fitzgerald,6.773813565572103
2,melville,603,twain,6.561167001724243
2,melville,604,train,4.93981351852417
2,melville,604,baum,6.627761483192444
2,melville,604,thompson,6.840137243270874
2,melville,604,dickens,6.330140709877014
2,melville,604,melville,6.235351999600728
2,melville,604,wells,6.814827005068461
2,melville,604,austen,6.645115375518799
2,melville,604,fitzgerald,6.7687602043151855
2,melville,604,twain,6.559518814086914
2,melville,605,train,4.931672477722168
2,melville,605,baum,6.641946792602539
2,melville,605,thompson,6.858779788017273
2,melville,605,dickens,6.34277339776357
2,melville,605,melville,6.249650319417317
2,melville,605,wells,6.831668734550476
2,melville,605,austen,6.65189266204834
2,melville,605,fitzgerald,6.778311808904012
2,melville,605,twain,6.571695168813069
2,melville,606,train,4.92455472946167
2,melville,606,baum,6.631246566772461
2,melville,606,thompson,6.846285581588745
2,melville,606,dickens,6.334259430567424
2,melville,606,melville,6.239570577939351
2,melville,606,wells,6.821201801300049
2,melville,606,austen,6.6460840702056885
2,melville,606,fitzgerald,6.775567213694255
2,melville,606,twain,6.565457344055176
2,melville,607,train,4.938973903656006
2,melville,607,baum,6.624029517173767
2,melville,607,thompson,6.840320229530335
2,melville,607,dickens,6.32997190952301
2,melville,607,melville,6.229992588361104
2,melville,607,wells,6.8060489098231
2,melville,607,austen,6.642673015594482
2,melville,607,fitzgerald,6.770697593688965
2,melville,607,twain,6.558466037114461
2,melville,608,train,4.921922111511231
2,melville,608,baum,6.640015482902527
2,melville,608,thompson,6.854733467102051
2,melville,608,dickens,6.341923991839091
2,melville,608,melville,6.247005065282186
2,melville,608,wells,6.825394789377849
2,melville,608,austen,6.652117013931274
2,melville,608,fitzgerald,6.778620560963948
2,melville,608,twain,6.571421146392822
2,melville,609,train,4.922651958465576
2,melville,609,baum,6.624166965484619
2,melville,609,thompson,6.8450987339019775
2,melville,609,dickens,6.338762839635213
2,melville,609,melville,6.235164483388265
2,melville,609,wells,6.814895073572795
2,melville,609,austen,6.651618957519531
2,melville,609,fitzgerald,6.773229360580444
2,melville,609,twain,6.564977725346883
2,melville,610,train,4.934206962585449
2,melville,610,baum,6.627522826194763
2,melville,610,thompson,6.841930150985718
2,melville,610,dickens,6.334350188573201
2,melville,610,melville,6.237084786097209
2,melville,610,wells,6.813212951024373
2,melville,610,austen,6.64968729019165
2,melville,610,fitzgerald,6.771433512369792
2,melville,610,twain,6.561146418253581
2,melville,611,train,4.875127792358398
2,melville,611,baum,6.62949800491333
2,melville,611,thompson,6.843847274780273
2,melville,611,dickens,6.337597171465556
2,melville,611,melville,6.233814239501953
2,melville,611,wells,6.816094199816386
2,melville,611,austen,6.652318477630615
2,melville,611,fitzgerald,6.778241713841756
2,melville,611,twain,6.564834435780843
2,melville,612,train,4.900290966033936
2,melville,612,baum,6.62092399597168
2,melville,612,thompson,6.848626255989075
2,melville,612,dickens,6.343245943387349
2,melville,612,melville,6.239118218421936
2,melville,612,wells,6.816551685333252
2,melville,612,austen,6.654378175735474
2,melville,612,fitzgerald,6.776633103688558
2,melville,612,twain,6.566450993220012
2,melville,613,train,4.888258266448974
2,melville,613,baum,6.631671667098999
2,melville,613,thompson,6.852064251899719
2,melville,613,dickens,6.345711191495259
2,melville,613,melville,6.242016196250916
2,melville,613,wells,6.822952429453532
2,melville,613,austen,6.653576374053955
2,melville,613,fitzgerald,6.78131365776062
2,melville,613,twain,6.569195191065471
2,melville,614,train,4.897566795349121
2,melville,614,baum,6.631796598434448
2,melville,614,thompson,6.851747751235962
2,melville,614,dickens,6.3416528304417925
2,melville,614,melville,6.241605997085571
2,melville,614,wells,6.827802101771037
2,melville,614,austen,6.662590026855469
2,melville,614,fitzgerald,6.7786649862925215
2,melville,614,twain,6.569100618362427
2,melville,615,train,4.899878597259521
2,melville,615,baum,6.626150727272034
2,melville,615,thompson,6.84574830532074
2,melville,615,dickens,6.331352829933167
2,melville,615,melville,6.231392939885457
2,melville,615,wells,6.812483906745911
2,melville,615,austen,6.650555849075317
2,melville,615,fitzgerald,6.774330218633016
2,melville,615,twain,6.562196969985962
2,melville,616,train,4.907516860961914
2,melville,616,baum,6.6348090171813965
2,melville,616,thompson,6.847086429595947
2,melville,616,dickens,6.340467135111491
2,melville,616,melville,6.23966372013092
2,melville,616,wells,6.826536456743876
2,melville,616,austen,6.655141353607178
2,melville,616,fitzgerald,6.778472344080607
2,melville,616,twain,6.567981243133545
2,melville,617,train,4.886411094665528
2,melville,617,baum,6.628667593002319
2,melville,617,thompson,6.8483582735061646
2,melville,617,dickens,6.339002013206482
2,melville,617,melville,6.236617048581441
2,melville,617,wells,6.8185414870580034
2,melville,617,austen,6.65630030632019
2,melville,617,fitzgerald,6.77695099512736
2,melville,617,twain,6.563325961430867
2,melville,618,train,4.874378967285156
2,melville,618,baum,6.646070241928101
2,melville,618,thompson,6.864469408988953
2,melville,618,dickens,6.343170444170634
2,melville,618,melville,6.241470734278361
2,melville,618,wells,6.838942964871724
2,melville,618,austen,6.663183927536011
2,melville,618,fitzgerald,6.790170749028524
2,melville,618,twain,6.576106945673625
2,melville,619,train,4.886786270141601
2,melville,619,baum,6.631015539169312
2,melville,619,thompson,6.851805210113525
2,melville,619,dickens,6.336531559626262
2,melville,619,melville,6.234780351320903
2,melville,619,wells,6.820520639419556
2,melville,619,austen,6.651416301727295
2,melville,619,fitzgerald,6.778735796610515
2,melville,619,twain,6.567046403884888
2,melville,620,train,4.891332244873047
2,melville,620,baum,6.629586219787598
2,melville,620,thompson,6.850785732269287
2,melville,620,dickens,6.338407635688782
2,melville,620,melville,6.235405961672465
2,melville,620,wells,6.814284523328145
2,melville,620,austen,6.655356168746948
2,melville,620,fitzgerald,6.777979294459025
2,melville,620,twain,6.568145513534546
2,melville,621,train,4.911770153045654
2,melville,621,baum,6.63775908946991
2,melville,621,thompson,6.858306050300598
2,melville,621,dickens,6.342538595199585
2,melville,621,melville,6.239696304003398
2,melville,621,wells,6.825057586034139
2,melville,621,austen,6.6589179039001465
2,melville,621,fitzgerald,6.783199151357015
2,melville,621,twain,6.572620948155721
2,melville,622,train,4.871684074401856
2,melville,622,baum,6.634923458099365
2,melville,622,thompson,6.853471755981445
2,melville,622,dickens,6.338928500811259
2,melville,622,melville,6.2279166380564375
2,melville,622,wells,6.813007235527039
2,melville,622,austen,6.652493000030518
2,melville,622,fitzgerald,6.779668251673381
2,melville,622,twain,6.566840171813965
2,melville,623,train,4.880493068695069
2,melville,623,baum,6.640792369842529
2,melville,623,thompson,6.855636954307556
2,melville,623,dickens,6.342927098274231
2,melville,623,melville,6.24106748898824
2,melville,623,wells,6.827669580777486
2,melville,623,austen,6.656626462936401
2,melville,623,fitzgerald,6.78465215365092
2,melville,623,twain,6.573607285817464
2,melville,624,train,4.885204124450683
2,melville,624,baum,6.638869524002075
2,melville,624,thompson,6.85715389251709
2,melville,624,dickens,6.348666111628215
2,melville,624,melville,6.245502233505249
2,melville,624,wells,6.829687317212422
2,melville,624,austen,6.654786109924316
2,melville,624,fitzgerald,6.789048274358113
2,melville,624,twain,6.577142874399821
2,melville,625,train,4.8664100646972654
2,melville,625,baum,6.64172625541687
2,melville,625,thompson,6.863376975059509
2,melville,625,dickens,6.3460772434870405
2,melville,625,melville,6.244341651598613
2,melville,625,wells,6.834678729375203
2,melville,625,austen,6.6585729122161865
2,melville,625,fitzgerald,6.789395809173584
2,melville,625,twain,6.576721906661987
2,melville,626,train,4.863009262084961
2,melville,626,baum,6.635624647140503
2,melville,626,thompson,6.858160018920898
2,melville,626,dickens,6.346133430798848
2,melville,626,melville,6.2356810967127485
2,melville,626,wells,6.823758999506633
2,melville,626,austen,6.661559820175171
2,melville,626,fitzgerald,6.788789669672648
2,melville,626,twain,6.569972435633342
2,melville,627,train,4.888444328308106
2,melville,627,baum,6.64844012260437
2,melville,627,thompson,6.863825678825378
2,melville,627,dickens,6.349932074546814
2,melville,627,melville,6.240925192832947
2,melville,627,wells,6.827120582262675
2,melville,627,austen,6.662418365478516
2,melville,627,fitzgerald,6.788638909657796
2,melville,627,twain,6.579991102218628
2,melville,628,train,4.870713996887207
2,melville,628,baum,6.63360071182251
2,melville,628,thompson,6.858014225959778
2,melville,628,dickens,6.34852933883667
2,melville,628,melville,6.239880839983623
2,melville,628,wells,6.8220653136571245
2,melville,628,austen,6.655532360076904
2,melville,628,fitzgerald,6.784976323445638
2,melville,628,twain,6.574588616689046
2,melville,629,train,4.884698677062988
2,melville,629,baum,6.633308291435242
2,melville,629,thompson,6.861737489700317
2,melville,629,dickens,6.343803962071736
2,melville,629,melville,6.238840778668721
2,melville,629,wells,6.826219201087952
2,melville,629,austen,6.657444000244141
2,melville,629,fitzgerald,6.786019245783488
2,melville,629,twain,6.575310468673706
2,melville,630,train,4.878863716125489
2,melville,630,baum,6.642637014389038
2,melville,630,thompson,6.866865634918213
2,melville,630,dickens,6.346887429555257
2,melville,630,melville,6.2382601499557495
2,melville,630,wells,6.831497033437093
2,melville,630,austen,6.665266275405884
2,melville,630,fitzgerald,6.791194279988607
2,melville,630,twain,6.578462521235148
2,melville,631,train,4.889299583435059
2,melville,631,baum,6.640859484672546
2,melville,631,thompson,6.86502480506897
2,melville,631,dickens,6.350007096926372
2,melville,631,melville,6.246922016143799
2,melville,631,wells,6.832202037175496
2,melville,631,austen,6.664170503616333
2,melville,631,fitzgerald,6.791355768839519
2,melville,631,twain,6.578552881876628
2,melville,632,train,4.860490703582764
2,melville,632,baum,6.647563219070435
2,melville,632,thompson,6.870193600654602
2,melville,632,dickens,6.349817554155986
2,melville,632,melville,6.2423015832901
2,melville,632,wells,6.834819793701172
2,melville,632,austen,6.66334342956543
2,melville,632,fitzgerald,6.793039639790853
2,melville,632,twain,6.581268469492595
2,melville,633,train,4.854042434692383
2,melville,633,baum,6.633637666702271
2,melville,633,thompson,6.854063868522644
2,melville,633,dickens,6.338170528411865
2,melville,633,melville,6.2352854410807295
2,melville,633,wells,6.822056333223979
2,melville,633,austen,6.654290437698364
2,melville,633,fitzgerald,6.782917817433675
2,melville,633,twain,6.5706907113393145
2,melville,634,train,4.860857772827148
2,melville,634,baum,6.651413917541504
2,melville,634,thompson,6.872196435928345
2,melville,634,dickens,6.3517881234486895
2,melville,634,melville,6.246396382649739
2,melville,634,wells,6.843418717384338
2,melville,634,austen,6.663631916046143
2,melville,634,fitzgerald,6.797118584314982
2,melville,634,twain,6.584789752960205
2,melville,635,train,4.858305835723877
2,melville,635,baum,6.647233366966248
2,melville,635,thompson,6.871934771537781
2,melville,635,dickens,6.347767631212871
2,melville,635,melville,6.24440856774648
2,melville,635,wells,6.838125308354695
2,melville,635,austen,6.656997919082642
2,melville,635,fitzgerald,6.795307397842407
2,melville,635,twain,6.583602110544841
2,melville,636,train,4.901163673400879
2,melville,636,baum,6.638553023338318
2,melville,636,thompson,6.85888397693634
2,melville,636,dickens,6.344106753667195
2,melville,636,melville,6.231012225151062
2,melville,636,wells,6.819973826408386
2,melville,636,austen,6.661644220352173
2,melville,636,fitzgerald,6.7896142800649
2,melville,636,twain,6.574776570002238
2,melville,637,train,4.846849060058593
2,melville,637,baum,6.651820302009583
2,melville,637,thompson,6.872180461883545
2,melville,637,dickens,6.348368843396504
2,melville,637,melville,6.245266874631246
2,melville,637,wells,6.839733918507894
2,melville,637,austen,6.666279077529907
2,melville,637,fitzgerald,6.794834454854329
2,melville,637,twain,6.582276900609334
2,melville,638,train,4.877704048156739
2,melville,638,baum,6.642494797706604
2,melville,638,thompson,6.858100175857544
2,melville,638,dickens,6.342458009719849
2,melville,638,melville,6.231410582860311
2,melville,638,wells,6.822226683298747
2,melville,638,austen,6.659858703613281
2,melville,638,fitzgerald,6.784085273742676
2,melville,638,twain,6.573681990305583
2,melville,639,train,4.816189956665039
2,melville,639,baum,6.654321074485779
2,melville,639,thompson,6.874553561210632
2,melville,639,dickens,6.34684697786967
2,melville,639,melville,6.24309245745341
2,melville,639,wells,6.844108780225118
2,melville,639,austen,6.669555902481079
2,melville,639,fitzgerald,6.797754367192586
2,melville,639,twain,6.584242026011149
2,melville,640,train,4.850355625152588
2,melville,640,baum,6.646638870239258
2,melville,640,thompson,6.86003851890564
2,melville,640,dickens,6.34432331720988
2,melville,640,melville,6.242225607236226
2,melville,640,wells,6.834533333778381
2,melville,640,austen,6.656268358230591
2,melville,640,fitzgerald,6.789780378341675
2,melville,640,twain,6.577585458755493
2,melville,641,train,4.853122806549072
2,melville,641,baum,6.663201451301575
2,melville,641,thompson,6.8748939037323
2,melville,641,dickens,6.358429590861003
2,melville,641,melville,6.255028923352559
2,melville,641,wells,6.851287484169006
2,melville,641,austen,6.6662070751190186
2,melville,641,fitzgerald,6.798749208450317
2,melville,641,twain,6.591686407725017
2,melville,642,train,4.830424022674561
2,melville,642,baum,6.645212650299072
2,melville,642,thompson,6.86351752281189
2,melville,642,dickens,6.347396691640218
2,melville,642,melville,6.236840526262919
2,melville,642,wells,6.831492066383362
2,melville,642,austen,6.664320945739746
2,melville,642,fitzgerald,6.790607770284017
2,melville,642,twain,6.579628388086955
2,melville,643,train,4.833253574371338
2,melville,643,baum,6.659912347793579
2,melville,643,thompson,6.881089806556702
2,melville,643,dickens,6.354436715443929
2,melville,643,melville,6.246640205383301
2,melville,643,wells,6.845298528671265
2,melville,643,austen,6.667719125747681
2,melville,643,fitzgerald,6.802027622858684
2,melville,643,twain,6.587064822514852
2,melville,644,train,4.857001686096192
2,melville,644,baum,6.6599472761154175
2,melville,644,thompson,6.872376322746277
2,melville,644,dickens,6.357138713200887
2,melville,644,melville,6.248539527257283
2,melville,644,wells,6.84850025177002
2,melville,644,austen,6.673577785491943
2,melville,644,fitzgerald,6.798996448516846
2,melville,644,twain,6.589789708455403
2,melville,645,train,4.83039665222168
2,melville,645,baum,6.656232118606567
2,melville,645,thompson,6.874333262443543
2,melville,645,dickens,6.354749957720439
2,melville,645,melville,6.245449423789978
2,melville,645,wells,6.840182344118754
2,melville,645,austen,6.669850826263428
2,melville,645,fitzgerald,6.796965916951497
2,melville,645,twain,6.583982308705648
2,melville,646,train,4.849427795410156
2,melville,646,baum,6.662767648696899
2,melville,646,thompson,6.882057547569275
2,melville,646,dickens,6.356793324152629
2,melville,646,melville,6.2538758516311646
2,melville,646,wells,6.855426748593648
2,melville,646,austen,6.673992872238159
2,melville,646,fitzgerald,6.798703034718831
2,melville,646,twain,6.589097897211711
2,melville,647,train,4.831210994720459
2,melville,647,baum,6.651056528091431
2,melville,647,thompson,6.87161386013031
2,melville,647,dickens,6.349817276000977
2,melville,647,melville,6.245573361714681
2,melville,647,wells,6.8435218334198
2,melville,647,austen,6.662027835845947
2,melville,647,fitzgerald,6.795379161834717
2,melville,647,twain,6.585600852966309
2,melville,648,train,4.838081645965576
2,melville,648,baum,6.651578187942505
2,melville,648,thompson,6.874602556228638
2,melville,648,dickens,6.350044926007588
2,melville,648,melville,6.246378779411316
2,melville,648,wells,6.839723467826843
2,melville,648,austen,6.669282197952271
2,melville,648,fitzgerald,6.795390685399373
2,melville,648,twain,6.58352255821228
2,melville,649,train,4.833947086334229
2,melville,649,baum,6.674388766288757
2,melville,649,thompson,6.890160441398621
2,melville,649,dickens,6.362377127011617
2,melville,649,melville,6.259626905123393
2,melville,649,wells,6.861055056254069
2,melville,649,austen,6.678812980651856
2,melville,649,fitzgerald,6.805516481399536
2,melville,649,twain,6.597650051116943
2,melville,650,train,4.856009292602539
2,melville,650,baum,6.666872262954712
2,melville,650,thompson,6.886025547981262
2,melville,650,dickens,6.363589723904927
2,melville,650,melville,6.259079496065776
2,melville,650,wells,6.858047167460124
2,melville,650,austen,6.67534065246582
2,melville,650,fitzgerald,6.805712620417277
2,melville,650,twain,6.597824891408284
2,melville,651,train,4.809965801239014
2,melville,651,baum,6.656736373901367
2,melville,651,thompson,6.87269139289856
2,melville,651,dickens,6.352057258288066
2,melville,651,melville,6.244355877240499
2,melville,651,wells,6.843805313110352
2,melville,651,austen,6.665261030197144
2,melville,651,fitzgerald,6.795473098754883
2,melville,651,twain,6.583980639775594
2,melville,652,train,4.842836666107178
2,melville,652,baum,6.657513499259949
2,melville,652,thompson,6.880730152130127
2,melville,652,dickens,6.356630961100261
2,melville,652,melville,6.25499967734019
2,melville,652,wells,6.848843097686768
2,melville,652,austen,6.669574022293091
2,melville,652,fitzgerald,6.797901074091594
2,melville,652,twain,6.588343699773152
2,melville,653,train,4.799368858337402
2,melville,653,baum,6.656482100486755
2,melville,653,thompson,6.875738978385925
2,melville,653,dickens,6.354368289311727
2,melville,653,melville,6.240909814834595
2,melville,653,wells,6.841675043106079
2,melville,653,austen,6.668682813644409
2,melville,653,fitzgerald,6.800336917241414
2,melville,653,twain,6.584357738494873
2,melville,654,train,4.805313587188721
2,melville,654,baum,6.670121788978577
2,melville,654,thompson,6.888442277908325
2,melville,654,dickens,6.364211996396382
2,melville,654,melville,6.260011633237203
2,melville,654,wells,6.8636288245519
2,melville,654,austen,6.677971839904785
2,melville,654,fitzgerald,6.80672812461853
2,melville,654,twain,6.600458304087321
2,melville,655,train,4.82550106048584
2,melville,655,baum,6.658148646354675
2,melville,655,thompson,6.875999093055725
2,melville,655,dickens,6.356842239697774
2,melville,655,melville,6.245565931002299
2,melville,655,wells,6.849390864372253
2,melville,655,austen,6.671919822692871
2,melville,655,fitzgerald,6.801639954249064
2,melville,655,twain,6.590022325515747
2,melville,656,train,4.803442287445068
2,melville,656,baum,6.663540601730347
2,melville,656,thompson,6.880204081535339
2,melville,656,dickens,6.360246380170186
2,melville,656,melville,6.253964225451152
2,melville,656,wells,6.8539531628290815
2,melville,656,austen,6.671356678009033
2,melville,656,fitzgerald,6.802160422007243
2,melville,656,twain,6.593772649765015
2,melville,657,train,4.79714879989624
2,melville,657,baum,6.661852121353149
2,melville,657,thompson,6.878385066986084
2,melville,657,dickens,6.35383661588033
2,melville,657,melville,6.240268230438232
2,melville,657,wells,6.844762921333313
2,melville,657,austen,6.673664569854736
2,melville,657,fitzgerald,6.80431588490804
2,melville,657,twain,6.587783416112264
2,melville,658,train,4.822225856781006
2,melville,658,baum,6.669313907623291
2,melville,658,thompson,6.888599395751953
2,melville,658,dickens,6.359132369359334
2,melville,658,melville,6.248240152994792
2,melville,658,wells,6.85796332359314
2,melville,658,austen,6.674302101135254
2,melville,658,fitzgerald,6.808355728785197
2,melville,658,twain,6.5940351486206055
2,melville,659,train,4.793869400024414
2,melville,659,baum,6.677096128463745
2,melville,659,thompson,6.898076295852661
2,melville,659,dickens,6.36974573135376
2,melville,659,melville,6.261242906252543
2,melville,659,wells,6.87174395720164
2,melville,659,austen,6.683912038803101
2,melville,659,fitzgerald,6.817907412846883
2,melville,659,twain,6.606992244720459
2,melville,660,train,4.813202667236328
2,melville,660,baum,6.670096397399902
2,melville,660,thompson,6.886925339698792
2,melville,660,dickens,6.361786842346191
2,melville,660,melville,6.249910831451416
2,melville,660,wells,6.859514872233073
2,melville,660,austen,6.685600757598877
2,melville,660,fitzgerald,6.809477965037028
2,melville,660,twain,6.593938032786052
2,melville,661,train,4.7845064163208
2,melville,661,baum,6.678061127662659
2,melville,661,thompson,6.8930439949035645
2,melville,661,dickens,6.365795135498047
2,melville,661,melville,6.255906462669373
2,melville,661,wells,6.866467515627543
2,melville,661,austen,6.687761306762695
2,melville,661,fitzgerald,6.816325823465983
2,melville,661,twain,6.600797653198242
2,melville,662,train,4.778172779083252
2,melville,662,baum,6.672139286994934
2,melville,662,thompson,6.893984794616699
2,melville,662,dickens,6.364421288172404
2,melville,662,melville,6.256576855977376
2,melville,662,wells,6.868571758270264
2,melville,662,austen,6.679495334625244
2,melville,662,fitzgerald,6.81358790397644
2,melville,662,twain,6.600709438323975
2,melville,663,train,4.805137729644775
2,melville,663,baum,6.676801919937134
2,melville,663,thompson,6.891675353050232
2,melville,663,dickens,6.3624318440755205
2,melville,663,melville,6.256114681561788
2,melville,663,wells,6.869987646738688
2,melville,663,austen,6.682551145553589
2,melville,663,fitzgerald,6.810786962509155
2,melville,663,twain,6.599318424860637
2,melville,664,train,4.785233402252198
2,melville,664,baum,6.679168462753296
2,melville,664,thompson,6.898159861564636
2,melville,664,dickens,6.363027890523274
2,melville,664,melville,6.255143801371257
2,melville,664,wells,6.869041522343953
2,melville,664,austen,6.681721210479736
2,melville,664,fitzgerald,6.816048224767049
2,melville,664,twain,6.597836971282959
2,melville,665,train,4.7743432998657225
2,melville,665,baum,6.673774242401123
2,melville,665,thompson,6.881884574890137
2,melville,665,dickens,6.3552350997924805
2,melville,665,melville,6.247508088747661
2,melville,665,wells,6.855530738830566
2,melville,665,austen,6.671077966690064
2,melville,665,fitzgerald,6.805482467015584
2,melville,665,twain,6.592404683430989
2,melville,666,train,4.8108752250671385
2,melville,666,baum,6.683406472206116
2,melville,666,thompson,6.899471163749695
2,melville,666,dickens,6.369247992833455
2,melville,666,melville,6.260222832361857
2,melville,666,wells,6.8738822142283125
2,melville,666,austen,6.687247276306152
2,melville,666,fitzgerald,6.814255317052205
2,melville,666,twain,6.604265769322713
2,melville,667,train,4.807743644714355
2,melville,667,baum,6.670069575309753
2,melville,667,thompson,6.886626124382019
2,melville,667,dickens,6.364477753639221
2,melville,667,melville,6.256112734476726
2,melville,667,wells,6.86140517393748
2,melville,667,austen,6.680889129638672
2,melville,667,fitzgerald,6.806914885838826
2,melville,667,twain,6.597018718719482
2,melville,668,train,4.748810958862305
2,melville,668,baum,6.658552765846252
2,melville,668,thompson,6.879191875457764
2,melville,668,dickens,6.354300896326701
2,melville,668,melville,6.243785897890727
2,melville,668,wells,6.852843801180522
2,melville,668,austen,6.673277854919434
2,melville,668,fitzgerald,6.804214318593343
2,melville,668,twain,6.587320486704509
2,melville,669,train,4.775183486938476
2,melville,669,baum,6.678592801094055
2,melville,669,thompson,6.897155046463013
2,melville,669,dickens,6.366428375244141
2,melville,669,melville,6.257769584655762
2,melville,669,wells,6.873098929723104
2,melville,669,austen,6.691464185714722
2,melville,669,fitzgerald,6.8159769376118975
2,melville,669,twain,6.6009180545806885
2,melville,670,train,4.813176822662354
2,melville,670,baum,6.680037379264832
2,melville,670,thompson,6.901816725730896
2,melville,670,dickens,6.370639046033223
2,melville,670,melville,6.260809501012166
2,melville,670,wells,6.877904733022054
2,melville,670,austen,6.6851420402526855
2,melville,670,fitzgerald,6.822165250778198
2,melville,670,twain,6.603776295979817
2,melville,671,train,4.7808503150939945
2,melville,671,baum,6.669289946556091
2,melville,671,thompson,6.891725778579712
2,melville,671,dickens,6.364861090977986
2,melville,671,melville,6.2509355545043945
2,melville,671,wells,6.865355292956035
2,melville,671,austen,6.684521913528442
2,melville,671,fitzgerald,6.814446608225505
2,melville,671,twain,6.596637566884358
2,melville,672,train,4.775950241088867
2,melville,672,baum,6.664765119552612
2,melville,672,thompson,6.892759084701538
2,melville,672,dickens,6.364650845527649
2,melville,672,melville,6.25264557202657
2,melville,672,wells,6.865884105364482
2,melville,672,austen,6.681698560714722
2,melville,672,fitzgerald,6.813488324483235
2,melville,672,twain,6.598169326782227
2,melville,673,train,4.762251853942871
2,melville,673,baum,6.671864867210388
2,melville,673,thompson,6.898589730262756
2,melville,673,dickens,6.367812395095825
2,melville,673,melville,6.254989186922709
2,melville,673,wells,6.868152499198914
2,melville,673,austen,6.688985347747803
2,melville,673,fitzgerald,6.8149495124816895
2,melville,673,twain,6.601855834325154
2,melville,674,train,4.741872501373291
2,melville,674,baum,6.686643600463867
2,melville,674,thompson,6.901684165000916
2,melville,674,dickens,6.37480107943217
2,melville,674,melville,6.261695583661397
2,melville,674,wells,6.8771897951761884
2,melville,674,austen,6.698462247848511
2,melville,674,fitzgerald,6.822192112604777
2,melville,674,twain,6.610301733016968
2,melville,675,train,4.768154430389404
2,melville,675,baum,6.677398562431336
2,melville,675,thompson,6.897553563117981
2,melville,675,dickens,6.369723002115886
2,melville,675,melville,6.260382056236267
2,melville,675,wells,6.87664000193278
2,melville,675,austen,6.686342477798462
2,melville,675,fitzgerald,6.817565202713013
2,melville,675,twain,6.606516281763713
2,melville,676,train,4.738515090942383
2,melville,676,baum,6.674143552780151
2,melville,676,thompson,6.893763542175293
2,melville,676,dickens,6.371175130208333
2,melville,676,melville,6.252905289332072
2,melville,676,wells,6.862919727961223
2,melville,676,austen,6.69113302230835
2,melville,676,fitzgerald,6.813729445139567
2,melville,676,twain,6.603001991907756
2,melville,677,train,4.782779121398926
2,melville,677,baum,6.676876902580261
2,melville,677,thompson,6.906813740730286
2,melville,677,dickens,6.374582409858704
2,melville,677,melville,6.262066562970479
2,melville,677,wells,6.876386682192485
2,melville,677,austen,6.692785263061523
2,melville,677,fitzgerald,6.825038115183513
2,melville,677,twain,6.608932336171468
2,melville,678,train,4.768015956878662
2,melville,678,baum,6.670556306838989
2,melville,678,thompson,6.891968369483948
2,melville,678,dickens,6.360168655713399
2,melville,678,melville,6.246466040611267
2,melville,678,wells,6.86135458946228
2,melville,678,austen,6.680239200592041
2,melville,678,fitzgerald,6.812049627304077
2,melville,678,twain,6.596589724222819
2,melville,679,train,4.754765129089355
2,melville,679,baum,6.681110143661499
2,melville,679,thompson,6.902580976486206
2,melville,679,dickens,6.372673749923706
2,melville,679,melville,6.258961757024129
2,melville,679,wells,6.875309308369954
2,melville,679,austen,6.693588972091675
2,melville,679,fitzgerald,6.8204345703125
2,melville,679,twain,6.606778462727864
2,melville,680,train,4.775342178344727
2,melville,680,baum,6.674268007278442
2,melville,680,thompson,6.898759841918945
2,melville,680,dickens,6.37078869342804
2,melville,680,melville,6.259210308392842
2,melville,680,wells,6.872932076454163
2,melville,680,austen,6.6918041706085205
2,melville,680,fitzgerald,6.816595633824666
2,melville,680,twain,6.603352705637614
2,melville,681,train,4.774449634552002
2,melville,681,baum,6.666164755821228
2,melville,681,thompson,6.892083406448364
2,melville,681,dickens,6.356768846511841
2,melville,681,melville,6.247557640075684
2,melville,681,wells,6.864102403322856
2,melville,681,austen,6.676912546157837
2,melville,681,fitzgerald,6.811283747355144
2,melville,681,twain,6.5932793617248535
2,melville,682,train,4.796983623504639
2,melville,682,baum,6.671383261680603
2,melville,682,thompson,6.897166967391968
2,melville,682,dickens,6.368375500043233
2,melville,682,melville,6.254015922546387
2,melville,682,wells,6.86376690864563
2,melville,682,austen,6.68436598777771
2,melville,682,fitzgerald,6.813730875651042
2,melville,682,twain,6.604141394297282
2,melville,683,train,4.727876663208008
2,melville,683,baum,6.668991565704346
2,melville,683,thompson,6.892066836357117
2,melville,683,dickens,6.364331881205241
2,melville,683,melville,6.253256599108378
2,melville,683,wells,6.867943008740743
2,melville,683,austen,6.681347608566284
2,melville,683,fitzgerald,6.812629699707031
2,melville,683,twain,6.59866468111674
2,melville,684,train,4.734289264678955
2,melville,684,baum,6.683945417404175
2,melville,684,thompson,6.901193618774414
2,melville,684,dickens,6.36957311630249
2,melville,684,melville,6.254045883814494
2,melville,684,wells,6.875229318936666
2,melville,684,austen,6.693676471710205
2,melville,684,fitzgerald,6.822083393732707
2,melville,684,twain,6.608706792195638
2,melville,685,train,4.748362350463867
2,melville,685,baum,6.671055912971497
2,melville,685,thompson,6.890547752380371
2,melville,685,dickens,6.36690878868103
2,melville,685,melville,6.250665704409282
2,melville,685,wells,6.8663223584493
2,melville,685,austen,6.692244529724121
2,melville,685,fitzgerald,6.814695914586385
2,melville,685,twain,6.6000715891520185
2,melville,686,train,4.729758644104004
2,melville,686,baum,6.678901314735413
2,melville,686,thompson,6.901579260826111
2,melville,686,dickens,6.371639410654704
2,melville,686,melville,6.258013844490051
2,melville,686,wells,6.874089519182841
2,melville,686,austen,6.6922595500946045
2,melville,686,fitzgerald,6.820573806762695
2,melville,686,twain,6.608470996220906
2,melville,687,train,4.73057861328125
2,melville,687,baum,6.6876513957977295
2,melville,687,thompson,6.900399804115295
2,melville,687,dickens,6.370379249254863
2,melville,687,melville,6.254421989123027
2,melville,687,wells,6.875974575678508
2,melville,687,austen,6.691822052001953
2,melville,687,fitzgerald,6.821894725163777
2,melville,687,twain,6.60538403193156
2,melville,688,train,4.753484916687012
2,melville,688,baum,6.6803271770477295
2,melville,688,thompson,6.9007532596588135
2,melville,688,dickens,6.37141486008962
2,melville,688,melville,6.258256951967876
2,melville,688,wells,6.875402251879375
2,melville,688,austen,6.691074848175049
2,melville,688,fitzgerald,6.822780927022298
2,melville,688,twain,6.606653213500977
2,melville,689,train,4.7245580673217775
2,melville,689,baum,6.678743004798889
2,melville,689,thompson,6.899375915527344
2,melville,689,dickens,6.367837349573772
2,melville,689,melville,6.251388589541118
2,melville,689,wells,6.868954261144002
2,melville,689,austen,6.693230628967285
2,melville,689,fitzgerald,6.819681962331136
2,melville,689,twain,6.6041579246521
2,melville,690,train,4.750874996185303
2,melville,690,baum,6.685490250587463
2,melville,690,thompson,6.908629775047302
2,melville,690,dickens,6.366849422454834
2,melville,690,melville,6.256954113642375
2,melville,690,wells,6.882298350334168
2,melville,690,austen,6.6898815631866455
2,melville,690,fitzgerald,6.8246034781138105
2,melville,690,twain,6.603697697321574
2,melville,691,train,4.729631614685059
2,melville,691,baum,6.696058988571167
2,melville,691,thompson,6.920083284378052
2,melville,691,dickens,6.383145451545715
2,melville,691,melville,6.265600204467773
2,melville,691,wells,6.895085255304973
2,melville,691,austen,6.706161260604858
2,melville,691,fitzgerald,6.83477783203125
2,melville,691,twain,6.617051839828491
2,melville,692,train,4.716011333465576
2,melville,692,baum,6.683738827705383
2,melville,692,thompson,6.905704021453857
2,melville,692,dickens,6.376694560050964
2,melville,692,melville,6.260619163513184
2,melville,692,wells,6.881560842196147
2,melville,692,austen,6.695035934448242
2,melville,692,fitzgerald,6.827513535817464
2,melville,692,twain,6.610522826512654
2,melville,693,train,4.7430445671081545
2,melville,693,baum,6.688963532447815
2,melville,693,thompson,6.916643857955933
2,melville,693,dickens,6.385662833849589
2,melville,693,melville,6.269768873850505
2,melville,693,wells,6.892929434776306
2,melville,693,austen,6.70632791519165
2,melville,693,fitzgerald,6.834750413894653
2,melville,693,twain,6.6193794409434
2,melville,694,train,4.736290740966797
2,melville,694,baum,6.688326954841614
2,melville,694,thompson,6.902940511703491
2,melville,694,dickens,6.375067949295044
2,melville,694,melville,6.25471560160319
2,melville,694,wells,6.877629995346069
2,melville,694,austen,6.696819305419922
2,melville,694,fitzgerald,6.825995445251465
2,melville,694,twain,6.61224627494812
2,melville,695,train,4.698637962341309
2,melville,695,baum,6.688813805580139
2,melville,695,thompson,6.909060001373291
2,melville,695,dickens,6.376983165740967
2,melville,695,melville,6.264249483744304
2,melville,695,wells,6.886305809020996
2,melville,695,austen,6.696747541427612
2,melville,695,fitzgerald,6.829618771870931
2,melville,695,twain,6.6135573387146
2,melville,696,train,4.716305541992187
2,melville,696,baum,6.718430876731873
2,melville,696,thompson,6.932513236999512
2,melville,696,dickens,6.3887339035669966
2,melville,696,melville,6.273454745610555
2,melville,696,wells,6.909296989440918
2,melville,696,austen,6.7110435962677
2,melville,696,fitzgerald,6.845015525817871
2,melville,696,twain,6.63016144434611
2,melville,697,train,4.723474502563477
2,melville,697,baum,6.686244368553162
2,melville,697,thompson,6.903274655342102
2,melville,697,dickens,6.375380078951518
2,melville,697,melville,6.255507628122966
2,melville,697,wells,6.874167084693909
2,melville,697,austen,6.69738245010376
2,melville,697,fitzgerald,6.825989484786987
2,melville,697,twain,6.60855762163798
2,melville,698,train,4.715413856506348
2,melville,698,baum,6.699179530143738
2,melville,698,thompson,6.911513328552246
2,melville,698,dickens,6.376702308654785
2,melville,698,melville,6.269604682922363
2,melville,698,wells,6.896504839261373
2,melville,698,austen,6.698063135147095
2,melville,698,fitzgerald,6.8285462856292725
2,melville,698,twain,6.619553009668986
2,melville,699,train,4.718036937713623
2,melville,699,baum,6.686675906181336
2,melville,699,thompson,6.903615713119507
2,melville,699,dickens,6.371547977129619
2,melville,699,melville,6.258194406827291
2,melville,699,wells,6.88678793112437
2,melville,699,austen,6.69731879234314
2,melville,699,fitzgerald,6.822423617045085
2,melville,699,twain,6.611674706141154
2,melville,700,train,4.688002014160157
2,melville,700,baum,6.700447201728821
2,melville,700,thompson,6.9136481285095215
2,melville,700,dickens,6.376121203104655
2,melville,700,melville,6.264169494311015
2,melville,700,wells,6.89509920279185
2,melville,700,austen,6.6971211433410645
2,melville,700,fitzgerald,6.8296403884887695
2,melville,700,twain,6.618075132369995
2,melville,701,train,4.6864463806152346
2,melville,701,baum,6.700600624084473
2,melville,701,thompson,6.920356392860413
2,melville,701,dickens,6.383980949719747
2,melville,701,melville,6.264689683914185
2,melville,701,wells,6.89974315961202
2,melville,701,austen,6.706604480743408
2,melville,701,fitzgerald,6.83879558245341
2,melville,701,twain,6.622829914093018
2,melville,702,train,4.705548667907715
2,melville,702,baum,6.704608201980591
2,melville,702,thompson,6.918516635894775
2,melville,702,dickens,6.383260329564412
2,melville,702,melville,6.261217951774597
2,melville,702,wells,6.893915772438049
2,melville,702,austen,6.706609487533569
2,melville,702,fitzgerald,6.83371917406718
2,melville,702,twain,6.6201737721761065
2,melville,703,train,4.686306095123291
2,melville,703,baum,6.704253554344177
2,melville,703,thompson,6.916162252426148
2,melville,703,dickens,6.381026943524678
2,melville,703,melville,6.264231125513713
2,melville,703,wells,6.901433269182841
2,melville,703,austen,6.701176643371582
2,melville,703,fitzgerald,6.835102160771688
2,melville,703,twain,6.621593554814656
2,melville,704,train,4.70781774520874
2,melville,704,baum,6.712952256202698
2,melville,704,thompson,6.9347840547561646
2,melville,704,dickens,6.390026688575745
2,melville,704,melville,6.270123799641927
2,melville,704,wells,6.907364845275879
2,melville,704,austen,6.7157251834869385
2,melville,704,fitzgerald,6.847690343856812
2,melville,704,twain,6.631883462270101
2,melville,705,train,4.687175655364991
2,melville,705,baum,6.703440427780151
2,melville,705,thompson,6.925209999084473
2,melville,705,dickens,6.383581121762593
2,melville,705,melville,6.266697605450948
2,melville,705,wells,6.902611970901489
2,melville,705,austen,6.705692291259766
2,melville,705,fitzgerald,6.841655810674031
2,melville,705,twain,6.623447259267171
2,melville,706,train,4.7215752601623535
2,melville,706,baum,6.700955867767334
2,melville,706,thompson,6.921274781227112
2,melville,706,dickens,6.384601751963298
2,melville,706,melville,6.263392408688863
2,melville,706,wells,6.894405802090962
2,melville,706,austen,6.707865953445435
2,melville,706,fitzgerald,6.838167905807495
2,melville,706,twain,6.624643405278524
2,melville,707,train,4.683410358428955
2,melville,707,baum,6.7025306224823
2,melville,707,thompson,6.920735359191895
2,melville,707,dickens,6.3794955015182495
2,melville,707,melville,6.259379426638286
2,melville,707,wells,6.893729090690613
2,melville,707,austen,6.701313257217407
2,melville,707,fitzgerald,6.838183085123698
2,melville,707,twain,6.620306253433228
2,melville,708,train,4.692671489715576
2,melville,708,baum,6.704519391059876
2,melville,708,thompson,6.9283682107925415
2,melville,708,dickens,6.387897332509358
2,melville,708,melville,6.265789866447449
2,melville,708,wells,6.903281728426616
2,melville,708,austen,6.712068319320679
2,melville,708,fitzgerald,6.845041751861572
2,melville,708,twain,6.627728780110677
2,melville,709,train,4.684306716918945
2,melville,709,baum,6.701855778694153
2,melville,709,thompson,6.92137598991394
2,melville,709,dickens,6.385175824165344
2,melville,709,melville,6.262332757314046
2,melville,709,wells,6.89618452390035
2,melville,709,austen,6.710432052612305
2,melville,709,fitzgerald,6.837823549906413
2,melville,709,twain,6.625402847925822
2,melville,710,train,4.683308792114258
2,melville,710,baum,6.6936328411102295
2,melville,710,thompson,6.920264959335327
2,melville,710,dickens,6.382510622342427
2,melville,710,melville,6.267341613769531
2,melville,710,wells,6.903205593427022
2,melville,710,austen,6.709350109100342
2,melville,710,fitzgerald,6.837602774302165
2,melville,710,twain,6.624954700469971
2,melville,711,train,4.678585815429687
2,melville,711,baum,6.69927442073822
2,melville,711,thompson,6.919389724731445
2,melville,711,dickens,6.380804379781087
2,melville,711,melville,6.256208380063375
2,melville,711,wells,6.888025999069214
2,melville,711,austen,6.705623149871826
2,melville,711,fitzgerald,6.839346965154012
2,melville,711,twain,6.620410760243733
2,melville,712,train,4.680248546600342
2,melville,712,baum,6.705390572547913
2,melville,712,thompson,6.925498723983765
2,melville,712,dickens,6.387291471163432
2,melville,712,melville,6.2658616701761884
2,melville,712,wells,6.9044690529505415
2,melville,712,austen,6.713336944580078
2,melville,712,fitzgerald,6.8443630536397295
2,melville,712,twain,6.626128196716309
2,melville,713,train,4.698172664642334
2,melville,713,baum,6.690231919288635
2,melville,713,thompson,6.908132553100586
2,melville,713,dickens,6.380708416302999
2,melville,713,melville,6.253653844197591
2,melville,713,wells,6.888399640719096
2,melville,713,austen,6.70157790184021
2,melville,713,fitzgerald,6.833539406458537
2,melville,713,twain,6.619347254435222
2,melville,714,train,4.699392032623291
2,melville,714,baum,6.708112001419067
2,melville,714,thompson,6.931766986846924
2,melville,714,dickens,6.387070059776306
2,melville,714,melville,6.26206103960673
2,melville,714,wells,6.90168829758962
2,melville,714,austen,6.707259654998779
2,melville,714,fitzgerald,6.847149133682251
2,melville,714,twain,6.628087202707927
2,melville,715,train,4.683779621124268
2,melville,715,baum,6.69221293926239
2,melville,715,thompson,6.916894316673279
2,melville,715,dickens,6.381362477938334
2,melville,715,melville,6.256165663401286
2,melville,715,wells,6.889551599820455
2,melville,715,austen,6.702405214309692
2,melville,715,fitzgerald,6.836262861887614
2,melville,715,twain,6.618513186772664
2,melville,716,train,4.657262992858887
2,melville,716,baum,6.716018080711365
2,melville,716,thompson,6.938379764556885
2,melville,716,dickens,6.393654465675354
2,melville,716,melville,6.272035876909892
2,melville,716,wells,6.9180580377578735
2,melville,716,austen,6.718639850616455
2,melville,716,fitzgerald,6.854378620783488
2,melville,716,twain,6.633884986241658
2,melville,717,train,4.676655006408692
2,melville,717,baum,6.70236873626709
2,melville,717,thompson,6.9303120374679565
2,melville,717,dickens,6.388191024462382
2,melville,717,melville,6.263345122337341
2,melville,717,wells,6.900203347206116
2,melville,717,austen,6.707671403884888
2,melville,717,fitzgerald,6.842991352081299
2,melville,717,twain,6.629367192586263
2,melville,718,train,4.6389923095703125
2,melville,718,baum,6.704156160354614
2,melville,718,thompson,6.9295583963394165
2,melville,718,dickens,6.3871000210444135
2,melville,718,melville,6.262213826179504
2,melville,718,wells,6.897314667701721
2,melville,718,austen,6.712178945541382
2,melville,718,fitzgerald,6.846876859664917
2,melville,718,twain,6.625980456670125
2,melville,719,train,4.65127592086792
2,melville,719,baum,6.709934115409851
2,melville,719,thompson,6.92431902885437
2,melville,719,dickens,6.38365912437439
2,melville,719,melville,6.265222350756328
2,melville,719,wells,6.905227899551392
2,melville,719,austen,6.707209825515747
2,melville,719,fitzgerald,6.844238917032878
2,melville,719,twain,6.626516580581665
2,melville,720,train,4.66926212310791
2,melville,720,baum,6.713227987289429
2,melville,720,thompson,6.93292248249054
2,melville,720,dickens,6.388554692268372
2,melville,720,melville,6.262236873308818
2,melville,720,wells,6.904882748921712
2,melville,720,austen,6.713711500167847
2,melville,720,fitzgerald,6.850145737330119
2,melville,720,twain,6.63195784886678
2,melville,721,train,4.675048446655273
2,melville,721,baum,6.725770711898804
2,melville,721,thompson,6.941907525062561
2,melville,721,dickens,6.395942409833272
2,melville,721,melville,6.271375894546509
2,melville,721,wells,6.912076314290364
2,melville,721,austen,6.717582941055298
2,melville,721,fitzgerald,6.854824701944987
2,melville,721,twain,6.636887311935425
2,melville,722,train,4.67870683670044
2,melville,722,baum,6.722870945930481
2,melville,722,thompson,6.945502281188965
2,melville,722,dickens,6.404281298319499
2,melville,722,melville,6.279166022936503
2,melville,722,wells,6.923415740331014
2,melville,722,austen,6.724708080291748
2,melville,722,fitzgerald,6.859792947769165
2,melville,722,twain,6.644615729649861
2,melville,723,train,4.652370834350586
2,melville,723,baum,6.7312012910842896
2,melville,723,thompson,6.949868679046631
2,melville,723,dickens,6.399065216382344
2,melville,723,melville,6.274349610010783
2,melville,723,wells,6.923038045565288
2,melville,723,austen,6.721218824386597
2,melville,723,fitzgerald,6.860969622929891
2,melville,723,twain,6.641306559244792
2,melville,724,train,4.64783878326416
2,melville,724,baum,6.723692178726196
2,melville,724,thompson,6.945069074630737
2,melville,724,dickens,6.398568034172058
2,melville,724,melville,6.274854342142741
2,melville,724,wells,6.918017824490865
2,melville,724,austen,6.715920448303223
2,melville,724,fitzgerald,6.85979421933492
2,melville,724,twain,6.638234615325928
2,melville,725,train,4.6630219459533695
2,melville,725,baum,6.734516263008118
2,melville,725,thompson,6.95264196395874
2,melville,725,dickens,6.400675495465596
2,melville,725,melville,6.270999391873677
2,melville,725,wells,6.918683648109436
2,melville,725,austen,6.726032972335815
2,melville,725,fitzgerald,6.8631430466969805
2,melville,725,twain,6.640712817509969
2,melville,726,train,4.665215301513672
2,melville,726,baum,6.7271482944488525
2,melville,726,thompson,6.947623014450073
2,melville,726,dickens,6.4073236385981245
2,melville,726,melville,6.276903788248698
2,melville,726,wells,6.922994931538899
2,melville,726,austen,6.734184980392456
2,melville,726,fitzgerald,6.859013795852661
2,melville,726,twain,6.644230047861735
2,melville,727,train,4.673396396636963
2,melville,727,baum,6.72317373752594
2,melville,727,thompson,6.940699815750122
2,melville,727,dickens,6.396681229273479
2,melville,727,melville,6.2706025044123335
2,melville,727,wells,6.917622725168864
2,melville,727,austen,6.718216180801392
2,melville,727,fitzgerald,6.852690776189168
2,melville,727,twain,6.6382811069488525
2,melville,728,train,4.647907257080078
2,melville,728,baum,6.728033542633057
2,melville,728,thompson,6.947413921356201
2,melville,728,dickens,6.40221647421519
2,melville,728,melville,6.269209941228231
2,melville,728,wells,6.917688846588135
2,melville,728,austen,6.727157831192017
2,melville,728,fitzgerald,6.863161166508992
2,melville,728,twain,6.642759720484416
2,melville,729,train,4.629593086242676
2,melville,729,baum,6.728135108947754
2,melville,729,thompson,6.944098114967346
2,melville,729,dickens,6.405930598576863
2,melville,729,melville,6.277435461680095
2,melville,729,wells,6.924204270044963
2,melville,729,austen,6.729355096817017
2,melville,729,fitzgerald,6.862550814946492
2,melville,729,twain,6.64684271812439
2,melville,730,train,4.654612636566162
2,melville,730,baum,6.726693272590637
2,melville,730,thompson,6.942355751991272
2,melville,730,dickens,6.397994478543599
2,melville,730,melville,6.273668209711711
2,melville,730,wells,6.917227427164714
2,melville,730,austen,6.726747512817383
2,melville,730,fitzgerald,6.856915394465129
2,melville,730,twain,6.638954639434815
2,melville,731,train,4.622319221496582
2,melville,731,baum,6.716212749481201
2,melville,731,thompson,6.938118815422058
2,melville,731,dickens,6.392064213752747
2,melville,731,melville,6.267469485600789
2,melville,731,wells,6.9139392375946045
2,melville,731,austen,6.714770793914795
2,melville,731,fitzgerald,6.855454444885254
2,melville,731,twain,6.635417461395264
2,melville,732,train,4.634879112243652
2,melville,732,baum,6.717851877212524
2,melville,732,thompson,6.940642237663269
2,melville,732,dickens,6.395782907803853
2,melville,732,melville,6.271038254102071
2,melville,732,wells,6.919317921002706
2,melville,732,austen,6.724439382553101
2,melville,732,fitzgerald,6.85530686378479
2,melville,732,twain,6.636050780614217
2,melville,733,train,4.62621660232544
2,melville,733,baum,6.729820370674133
2,melville,733,thompson,6.951984286308289
2,melville,733,dickens,6.403814196586609
2,melville,733,melville,6.281089623769124
2,melville,733,wells,6.930999795595805
2,melville,733,austen,6.732460021972656
2,melville,733,fitzgerald,6.866664091746013
2,melville,733,twain,6.64910101890564
2,melville,734,train,4.6514664649963375
2,melville,734,baum,6.708462834358215
2,melville,734,thompson,6.935279488563538
2,melville,734,dickens,6.392168084780376
2,melville,734,melville,6.264026482899983
2,melville,734,wells,6.909341216087341
2,melville,734,austen,6.72082781791687
2,melville,734,fitzgerald,6.851903279622396
2,melville,734,twain,6.634175697962443
2,melville,735,train,4.64231653213501
2,melville,735,baum,6.729630947113037
2,melville,735,thompson,6.953530192375183
2,melville,735,dickens,6.409889419873555
2,melville,735,melville,6.279711802800496
2,melville,735,wells,6.930974046389262
2,melville,735,austen,6.733777523040772
2,melville,735,fitzgerald,6.867448329925537
2,melville,735,twain,6.649987856547038
2,melville,736,train,4.6249922752380375
2,melville,736,baum,6.737882733345032
2,melville,736,thompson,6.953374028205872
2,melville,736,dickens,6.4062204758326216
2,melville,736,melville,6.27591077486674
2,melville,736,wells,6.927043199539185
2,melville,736,austen,6.73302149772644
2,melville,736,fitzgerald,6.868200858434041
2,melville,736,twain,6.64704179763794
2,melville,737,train,4.646867084503174
2,melville,737,baum,6.726436376571655
2,melville,737,thompson,6.948950409889221
2,melville,737,dickens,6.400452136993408
2,melville,737,melville,6.269772887229919
2,melville,737,wells,6.922909180323283
2,melville,737,austen,6.726680517196655
2,melville,737,fitzgerald,6.8670376141866045
2,melville,737,twain,6.64399528503418
2,melville,738,train,4.6299309730529785
2,melville,738,baum,6.738471865653992
2,melville,738,thompson,6.959288120269775
2,melville,738,dickens,6.416172385215759
2,melville,738,melville,6.285074790318807
2,melville,738,wells,6.938363432884216
2,melville,738,austen,6.741549015045166
2,melville,738,fitzgerald,6.870993534723918
2,melville,738,twain,6.656149387359619
2,melville,739,train,4.6633659362792965
2,melville,739,baum,6.731809020042419
2,melville,739,thompson,6.944502353668213
2,melville,739,dickens,6.401978890101115
2,melville,739,melville,6.26976219813029
2,melville,739,wells,6.924895962079366
2,melville,739,austen,6.73359489440918
2,melville,739,fitzgerald,6.857584238052368
2,melville,739,twain,6.644650936126709
2,melville,740,train,4.618097591400146
2,melville,740,baum,6.72696852684021
2,melville,740,thompson,6.948784232139587
2,melville,740,dickens,6.397446274757385
2,melville,740,melville,6.2693255345026655
2,melville,740,wells,6.92179548740387
2,melville,740,austen,6.729454040527344
2,melville,740,fitzgerald,6.863911231358846
2,melville,740,twain,6.642185211181641
2,melville,741,train,4.62651834487915
2,melville,741,baum,6.750160455703735
2,melville,741,thompson,6.966932892799377
2,melville,741,dickens,6.420510927836101
2,melville,741,melville,6.288463672002156
2,melville,741,wells,6.947311758995056
2,melville,741,austen,6.748236894607544
2,melville,741,fitzgerald,6.878490924835205
2,melville,741,twain,6.661811510721843
2,melville,742,train,4.607882308959961
2,melville,742,baum,6.7248862981796265
2,melville,742,thompson,6.948850154876709
2,melville,742,dickens,6.405853788057963
2,melville,742,melville,6.271840174992879
2,melville,742,wells,6.917965849240621
2,melville,742,austen,6.734753847122192
2,melville,742,fitzgerald,6.864454587300618
2,melville,742,twain,6.648716688156128
2,melville,743,train,4.630300998687744
2,melville,743,baum,6.739238739013672
2,melville,743,thompson,6.954084277153015
2,melville,743,dickens,6.406574726104736
2,melville,743,melville,6.275696357091268
2,melville,743,wells,6.932542244593303
2,melville,743,austen,6.734337568283081
2,melville,743,fitzgerald,6.869654655456543
2,melville,743,twain,6.649988571802775
2,melville,744,train,4.639481163024902
2,melville,744,baum,6.7354501485824585
2,melville,744,thompson,6.954214572906494
2,melville,744,dickens,6.410000562667847
2,melville,744,melville,6.272385915120442
2,melville,744,wells,6.926950375239055
2,melville,744,austen,6.734991073608398
2,melville,744,fitzgerald,6.872130314509074
2,melville,744,twain,6.651565392812093
2,melville,745,train,4.613882923126221
2,melville,745,baum,6.728845715522766
2,melville,745,thompson,6.952547788619995
2,melville,745,dickens,6.406333287556966
2,melville,745,melville,6.277897755304973
2,melville,745,wells,6.927337646484375
2,melville,745,austen,6.731457710266113
2,melville,745,fitzgerald,6.864425738652547
2,melville,745,twain,6.648599465688069
2,melville,746,train,4.647313785552979
2,melville,746,baum,6.736451506614685
2,melville,746,thompson,6.956414461135864
2,melville,746,dickens,6.400375008583069
2,melville,746,melville,6.268503030141194
2,melville,746,wells,6.925406138102214
2,melville,746,austen,6.731642723083496
2,melville,746,fitzgerald,6.867927710215251
2,melville,746,twain,6.644776900609334
2,melville,747,train,4.624264812469482
2,melville,747,baum,6.738502025604248
2,melville,747,thompson,6.960960865020752
2,melville,747,dickens,6.408862630526225
2,melville,747,melville,6.275474508603414
2,melville,747,wells,6.932741641998291
2,melville,747,austen,6.736132383346558
2,melville,747,fitzgerald,6.871018171310425
2,melville,747,twain,6.652794361114502
2,melville,748,train,4.621899795532227
2,melville,748,baum,6.734586596488953
2,melville,748,thompson,6.9556965827941895
2,melville,748,dickens,6.409950137138367
2,melville,748,melville,6.279183109601338
2,melville,748,wells,6.932562390963237
2,melville,748,austen,6.733299970626831
2,melville,748,fitzgerald,6.868104616800944
2,melville,748,twain,6.65148941675822
2,melville,749,train,4.598287200927734
2,melville,749,baum,6.731923460960388
2,melville,749,thompson,6.954835891723633
2,melville,749,dickens,6.402228951454163
2,melville,749,melville,6.266400138537089
2,melville,749,wells,6.922288576761882
2,melville,749,austen,6.73537278175354
2,melville,749,fitzgerald,6.86795989672343
2,melville,749,twain,6.645728508631389
2,melville,750,train,4.604739379882813
2,melville,750,baum,6.738064408302307
2,melville,750,thompson,6.961749315261841
2,melville,750,dickens,6.414376854896545
2,melville,750,melville,6.280019720395406
2,melville,750,wells,6.932740410168965
2,melville,750,austen,6.732292175292969
2,melville,750,fitzgerald,6.870028098424275
2,melville,750,twain,6.654207626978557
2,melville,751,train,4.601983737945557
2,melville,751,baum,6.752914071083069
2,melville,751,thompson,6.972626328468323
2,melville,751,dickens,6.418488184611003
2,melville,751,melville,6.28381884098053
2,melville,751,wells,6.945260206858317
2,melville,751,austen,6.746867895126343
2,melville,751,fitzgerald,6.87957747777303
2,melville,751,twain,6.659833510716756
2,melville,752,train,4.625857925415039
2,melville,752,baum,6.745323777198792
2,melville,752,thompson,6.967288732528687
2,melville,752,dickens,6.416609446207683
2,melville,752,melville,6.279218991597493
2,melville,752,wells,6.936137835184733
2,melville,752,austen,6.738542318344116
2,melville,752,fitzgerald,6.875880479812622
2,melville,752,twain,6.656713565190633
2,melville,753,train,4.609335994720459
2,melville,753,baum,6.742023944854736
2,melville,753,thompson,6.958426117897034
2,melville,753,dickens,6.403680920600891
2,melville,753,melville,6.270109534263611
2,melville,753,wells,6.934366544087728
2,melville,753,austen,6.741512298583984
2,melville,753,fitzgerald,6.872553745905559
2,melville,753,twain,6.650799830754598
2,melville,754,train,4.572390365600586
2,melville,754,baum,6.748579740524292
2,melville,754,thompson,6.966499090194702
2,melville,754,dickens,6.412480433781941
2,melville,754,melville,6.28037170569102
2,melville,754,wells,6.939522504806519
2,melville,754,austen,6.740703582763672
2,melville,754,fitzgerald,6.875128746032715
2,melville,754,twain,6.65605886777242
2,melville,755,train,4.623455619812011
2,melville,755,baum,6.755700945854187
2,melville,755,thompson,6.975424885749817
2,melville,755,dickens,6.421909689903259
2,melville,755,melville,6.282237847646077
2,melville,755,wells,6.948838353157044
2,melville,755,austen,6.7506420612335205
2,melville,755,fitzgerald,6.886528015136719
2,melville,755,twain,6.664533217748006
2,melville,756,train,4.596144676208496
2,melville,756,baum,6.741454243659973
2,melville,756,thompson,6.962842106819153
2,melville,756,dickens,6.409048954645793
2,melville,756,melville,6.276109417279561
2,melville,756,wells,6.935942649841309
2,melville,756,austen,6.734897136688232
2,melville,756,fitzgerald,6.874507109324138
2,melville,756,twain,6.6546783447265625
2,melville,757,train,4.597971439361572
2,melville,757,baum,6.755262970924377
2,melville,757,thompson,6.970010757446289
2,melville,757,dickens,6.422716577847798
2,melville,757,melville,6.285619576772054
2,melville,757,wells,6.9511187473932905
2,melville,757,austen,6.749006509780884
2,melville,757,fitzgerald,6.884405136108398
2,melville,757,twain,6.663076718648274
2,melville,758,train,4.613543605804443
2,melville,758,baum,6.75264573097229
2,melville,758,thompson,6.978278756141663
2,melville,758,dickens,6.427016894022624
2,melville,758,melville,6.291195352872212
2,melville,758,wells,6.953503449757894
2,melville,758,austen,6.751444101333618
2,melville,758,fitzgerald,6.885026454925537
2,melville,758,twain,6.669530550638835
2,melville,759,train,4.607149982452393
2,melville,759,baum,6.7540305852890015
2,melville,759,thompson,6.970183849334717
2,melville,759,dickens,6.415524840354919
2,melville,759,melville,6.276618838310242
2,melville,759,wells,6.941648364067078
2,melville,759,austen,6.747297048568726
2,melville,759,fitzgerald,6.882936477661133
2,melville,759,twain,6.662161270777385
2,melville,760,train,4.599136543273926
2,melville,760,baum,6.76708447933197
2,melville,760,thompson,6.99074113368988
2,melville,760,dickens,6.42968241373698
2,melville,760,melville,6.294293642044067
2,melville,760,wells,6.9687784512837725
2,melville,760,austen,6.762915372848511
2,melville,760,fitzgerald,6.899087190628052
2,melville,760,twain,6.678739786148071
2,melville,761,train,4.57415828704834
2,melville,761,baum,6.75263524055481
2,melville,761,thompson,6.9804617166519165
2,melville,761,dickens,6.425944447517395
2,melville,761,melville,6.289562026659648
2,melville,761,wells,6.950398763020833
2,melville,761,austen,6.75221061706543
2,melville,761,fitzgerald,6.885703086853027
2,melville,761,twain,6.669332345326741
2,melville,762,train,4.593998718261719
2,melville,762,baum,6.754568099975586
2,melville,762,thompson,6.969113111495972
2,melville,762,dickens,6.413388729095459
2,melville,762,melville,6.279873530069987
2,melville,762,wells,6.945208271344503
2,melville,762,austen,6.743892669677734
2,melville,762,fitzgerald,6.88398003578186
2,melville,762,twain,6.659629901250203
2,melville,763,train,4.577275371551513
2,melville,763,baum,6.752047896385193
2,melville,763,thompson,6.977092504501343
2,melville,763,dickens,6.426472306251526
2,melville,763,melville,6.288403590520223
2,melville,763,wells,6.955951849619548
2,melville,763,austen,6.755619049072266
2,melville,763,fitzgerald,6.890834410985311
2,melville,763,twain,6.670974890391032
2,melville,764,train,4.5993650436401365
2,melville,764,baum,6.759595274925232
2,melville,764,thompson,6.980304956436157
2,melville,764,dickens,6.425565878550212
2,melville,764,melville,6.2850896914800005
2,melville,764,wells,6.9508077303568525
2,melville,764,austen,6.746371269226074
2,melville,764,fitzgerald,6.886966228485107
2,melville,764,twain,6.670641183853149
2,melville,765,train,4.574249267578125
2,melville,765,baum,6.745822906494141
2,melville,765,thompson,6.976322531700134
2,melville,765,dickens,6.419232249259949
2,melville,765,melville,6.277914961179097
2,melville,765,wells,6.946192781130473
2,melville,765,austen,6.743035078048706
2,melville,765,fitzgerald,6.894022226333618
2,melville,765,twain,6.664888938268025
2,melville,766,train,4.574706172943115
2,melville,766,baum,6.745891451835632
2,melville,766,thompson,6.969639182090759
2,melville,766,dickens,6.416204969088237
2,melville,766,melville,6.273145874341329
2,melville,766,wells,6.942093690236409
2,melville,766,austen,6.745476722717285
2,melville,766,fitzgerald,6.881572723388672
2,melville,766,twain,6.660931428273519
2,melville,767,train,4.602944946289062
2,melville,767,baum,6.739182710647583
2,melville,767,thompson,6.971322059631348
2,melville,767,dickens,6.413703799247742
2,melville,767,melville,6.274004300435384
2,melville,767,wells,6.938204685846965
2,melville,767,austen,6.743023872375488
2,melville,767,fitzgerald,6.879150311152141
2,melville,767,twain,6.658032655715942
2,melville,768,train,4.588587760925293
2,melville,768,baum,6.7528910636901855
2,melville,768,thompson,6.972028493881226
2,melville,768,dickens,6.416061838467916
2,melville,768,melville,6.274955789248149
2,melville,768,wells,6.9462976058324175
2,melville,768,austen,6.746058464050293
2,melville,768,fitzgerald,6.883376757303874
2,melville,768,twain,6.661128203074138
2,melville,769,train,4.574657154083252
2,melville,769,baum,6.759944438934326
2,melville,769,thompson,6.98112940788269
2,melville,769,dickens,6.418781201044719
2,melville,769,melville,6.279899716377258
2,melville,769,wells,6.95315953095754
2,melville,769,austen,6.74711537361145
2,melville,769,fitzgerald,6.890164931615193
2,melville,769,twain,6.665005763371785
2,melville,770,train,4.543544483184815
2,melville,770,baum,6.758177757263184
2,melville,770,thompson,6.982628226280212
2,melville,770,dickens,6.42587689558665
2,melville,770,melville,6.279567797978719
2,melville,770,wells,6.955127636591594
2,melville,770,austen,6.755835056304932
2,melville,770,fitzgerald,6.891959110895793
2,melville,770,twain,6.6707431475321455
2,melville,771,train,4.563309669494629
2,melville,771,baum,6.7557642459869385
2,melville,771,thompson,6.984137296676636
2,melville,771,dickens,6.426990429560344
2,melville,771,melville,6.29017988840739
2,melville,771,wells,6.963942885398865
2,melville,771,austen,6.756875038146973
2,melville,771,fitzgerald,6.895197868347168
2,melville,771,twain,6.672380367914836
2,melville,772,train,4.551043128967285
2,melville,772,baum,6.769472479820252
2,melville,772,thompson,6.994135737419128
2,melville,772,dickens,6.438557346661885
2,melville,772,melville,6.294706026713054
2,melville,772,wells,6.964308102925618
2,melville,772,austen,6.769288778305054
2,melville,772,fitzgerald,6.901520013809204
2,melville,772,twain,6.682831843694051
2,melville,773,train,4.553353404998779
2,melville,773,baum,6.754251718521118
2,melville,773,thompson,6.979059338569641
2,melville,773,dickens,6.41923451423645
2,melville,773,melville,6.2748920520146685
2,melville,773,wells,6.952909032503764
2,melville,773,austen,6.754936456680298
2,melville,773,fitzgerald,6.890282154083252
2,melville,773,twain,6.666920026143392
2,melville,774,train,4.5700126647949215
2,melville,774,baum,6.774698495864868
2,melville,774,thompson,6.994395732879639
2,melville,774,dickens,6.432108640670776
2,melville,774,melville,6.285936276117961
2,melville,774,wells,6.967726151148479
2,melville,774,austen,6.764687538146973
2,melville,774,fitzgerald,6.901390949885051
2,melville,774,twain,6.681858777999878
2,melville,775,train,4.555435371398926
2,melville,775,baum,6.765678405761719
2,melville,775,thompson,6.996515870094299
2,melville,775,dickens,6.4363667567571
2,melville,775,melville,6.296238462130229
2,melville,775,wells,6.9729364315668745
2,melville,775,austen,6.772470235824585
2,melville,775,fitzgerald,6.899165153503418
2,melville,775,twain,6.681668599446614
2,melville,776,train,4.571566200256347
2,melville,776,baum,6.758439540863037
2,melville,776,thompson,6.981916189193726
2,melville,776,dickens,6.422707676887512
2,melville,776,melville,6.276559313138326
2,melville,776,wells,6.953140179316203
2,melville,776,austen,6.764930248260498
2,melville,776,fitzgerald,6.893431981404622
2,melville,776,twain,6.670185248057048
2,melville,777,train,4.54839448928833
2,melville,777,baum,6.756705164909363
2,melville,777,thompson,6.98175048828125
2,melville,777,dickens,6.422218084335327
2,melville,777,melville,6.2743730545043945
2,melville,777,wells,6.951315681139628
2,melville,777,austen,6.758817434310913
2,melville,777,fitzgerald,6.895175854365031
2,melville,777,twain,6.670216798782349
2,melville,778,train,4.571795082092285
2,melville,778,baum,6.770441293716431
2,melville,778,thompson,6.9906394481658936
2,melville,778,dickens,6.431586345036824
2,melville,778,melville,6.290153344472249
2,melville,778,wells,6.970384915669759
2,melville,778,austen,6.7630133628845215
2,melville,778,fitzgerald,6.901082356770833
2,melville,778,twain,6.67901627222697
2,melville,779,train,4.5569781303405765
2,melville,779,baum,6.75613808631897
2,melville,779,thompson,6.978479981422424
2,melville,779,dickens,6.422563791275024
2,melville,779,melville,6.275013486544292
2,melville,779,wells,6.95410430431366
2,melville,779,austen,6.756294012069702
2,melville,779,fitzgerald,6.893316030502319
2,melville,779,twain,6.668709993362427
2,melville,780,train,4.536953449249268
2,melville,780,baum,6.752108693122864
2,melville,780,thompson,6.979215025901794
2,melville,780,dickens,6.419700860977173
2,melville,780,melville,6.277500708897908
2,melville,780,wells,6.954522371292114
2,melville,780,austen,6.751415014266968
2,melville,780,fitzgerald,6.8920512199401855
2,melville,780,twain,6.669577678044637
2,melville,781,train,4.533972835540771
2,melville,781,baum,6.768255472183228
2,melville,781,thompson,6.993671417236328
2,melville,781,dickens,6.437060793240865
2,melville,781,melville,6.295841217041016
2,melville,781,wells,6.97694452603658
2,melville,781,austen,6.772781610488892
2,melville,781,fitzgerald,6.903492609659831
2,melville,781,twain,6.682486216227214
2,melville,782,train,4.557773399353027
2,melville,782,baum,6.754464864730835
2,melville,782,thompson,6.98407793045044
2,melville,782,dickens,6.430138945579529
2,melville,782,melville,6.282311201095581
2,melville,782,wells,6.958832144737244
2,melville,782,austen,6.765951871871948
2,melville,782,fitzgerald,6.898152828216553
2,melville,782,twain,6.671497662862142
2,melville,783,train,4.533794212341308
2,melville,783,baum,6.758245825767517
2,melville,783,thompson,6.985100746154785
2,melville,783,dickens,6.428022503852844
2,melville,783,melville,6.276609341303508
2,melville,783,wells,6.954287528991699
2,melville,783,austen,6.759007453918457
2,melville,783,fitzgerald,6.893795331319173
2,melville,783,twain,6.669037342071533
2,melville,784,train,4.540827369689941
2,melville,784,baum,6.764471769332886
2,melville,784,thompson,6.994293212890625
2,melville,784,dickens,6.433033188184102
2,melville,784,melville,6.289712071418762
2,melville,784,wells,6.967169404029846
2,melville,784,austen,6.766226530075073
2,melville,784,fitzgerald,6.898647308349609
2,melville,784,twain,6.679759820302327
2,melville,785,train,4.540714454650879
2,melville,785,baum,6.766850709915161
2,melville,785,thompson,6.991203546524048
2,melville,785,dickens,6.42830761273702
2,melville,785,melville,6.284851868947347
2,melville,785,wells,6.964535593986511
2,melville,785,austen,6.765476942062378
2,melville,785,fitzgerald,6.901864369710286
2,melville,785,twain,6.678481101989746
2,melville,786,train,4.538479900360107
2,melville,786,baum,6.766114234924316
2,melville,786,thompson,6.989559650421143
2,melville,786,dickens,6.429986198743184
2,melville,786,melville,6.284404873847961
2,melville,786,wells,6.959402163823445
2,melville,786,austen,6.760211706161499
2,melville,786,fitzgerald,6.896607160568237
2,melville,786,twain,6.677088658014934
2,melville,787,train,4.553886032104492
2,melville,787,baum,6.763620495796204
2,melville,787,thompson,6.998793005943298
2,melville,787,dickens,6.432307402292888
2,melville,787,melville,6.286234855651856
2,melville,787,wells,6.964626471201579
2,melville,787,austen,6.769351482391357
2,melville,787,fitzgerald,6.903875350952148
2,melville,787,twain,6.679449876149495
2,melville,788,train,4.539978408813477
2,melville,788,baum,6.762206196784973
2,melville,788,thompson,6.985664248466492
2,melville,788,dickens,6.428576270739238
2,melville,788,melville,6.279882748921712
2,melville,788,wells,6.956143776575725
2,melville,788,austen,6.7680580615997314
2,melville,788,fitzgerald,6.900713205337524
2,melville,788,twain,6.674885034561157
2,melville,789,train,4.50513334274292
2,melville,789,baum,6.76935076713562
2,melville,789,thompson,7.003935217857361
2,melville,789,dickens,6.4372338851292925
2,melville,789,melville,6.296244502067566
2,melville,789,wells,6.979287783304851
2,melville,789,austen,6.772597312927246
2,melville,789,fitzgerald,6.906963427861531
2,melville,789,twain,6.684633572896321
2,melville,790,train,4.549704360961914
2,melville,790,baum,6.761007308959961
2,melville,790,thompson,6.990676999092102
2,melville,790,dickens,6.428623874982198
2,melville,790,melville,6.284515817960103
2,melville,790,wells,6.967395186424255
2,melville,790,austen,6.768557071685791
2,melville,790,fitzgerald,6.896843830744426
2,melville,790,twain,6.67641560236613
2,melville,791,train,4.50519323348999
2,melville,791,baum,6.778627157211304
2,melville,791,thompson,7.0047447681427
2,melville,791,dickens,6.439253648122151
2,melville,791,melville,6.295897086461385
2,melville,791,wells,6.988725225130717
2,melville,791,austen,6.779778718948364
2,melville,791,fitzgerald,6.912952979405721
2,melville,791,twain,6.687625726064046
2,melville,792,train,4.519452381134033
2,melville,792,baum,6.76633358001709
2,melville,792,thompson,7.000386357307434
2,melville,792,dickens,6.436647534370422
2,melville,792,melville,6.2904700835545855
2,melville,792,wells,6.9708333015441895
2,melville,792,austen,6.770336627960205
2,melville,792,fitzgerald,6.905529737472534
2,melville,792,twain,6.684652249018352
2,melville,793,train,4.549635028839111
2,melville,793,baum,6.780190467834473
2,melville,793,thompson,7.011492609977722
2,melville,793,dickens,6.436356862386067
2,melville,793,melville,6.290473580360413
2,melville,793,wells,6.983300805091858
2,melville,793,austen,6.768903970718384
2,melville,793,fitzgerald,6.909922122955322
2,melville,793,twain,6.688481489817302
2,melville,794,train,4.530889225006104
2,melville,794,baum,6.779908299446106
2,melville,794,thompson,7.012070775032044
2,melville,794,dickens,6.446651577949524
2,melville,794,melville,6.300119320551555
2,melville,794,wells,6.98715603351593
2,melville,794,austen,6.782898902893066
2,melville,794,fitzgerald,6.916001081466675
2,melville,794,twain,6.6940990289052325
2,melville,795,train,4.518422508239746
2,melville,795,baum,6.7750808000564575
2,melville,795,thompson,7.002665281295776
2,melville,795,dickens,6.437925537427266
2,melville,795,melville,6.282883842786153
2,melville,795,wells,6.966416358947754
2,melville,795,austen,6.773452997207642
2,melville,795,fitzgerald,6.904987732569377
2,melville,795,twain,6.682384649912517
2,melville,796,train,4.482200717926025
2,melville,796,baum,6.782487511634827
2,melville,796,thompson,7.0138736963272095
2,melville,796,dickens,6.4478399356206255
2,melville,796,melville,6.299043536186218
2,melville,796,wells,6.988214214642842
2,melville,796,austen,6.782421350479126
2,melville,796,fitzgerald,6.916064023971558
2,melville,796,twain,6.693997542063396
2,melville,797,train,4.523318481445313
2,melville,797,baum,6.784870862960815
2,melville,797,thompson,7.008604407310486
2,melville,797,dickens,6.445268472035726
2,melville,797,melville,6.29405419031779
2,melville,797,wells,6.983601331710815
2,melville,797,austen,6.782833099365234
2,melville,797,fitzgerald,6.917022546132405
2,melville,797,twain,6.690080086390178
2,melville,798,train,4.510478401184082
2,melville,798,baum,6.779642462730408
2,melville,798,thompson,7.005823135375977
2,melville,798,dickens,6.445428888003032
2,melville,798,melville,6.294769287109375
2,melville,798,wells,6.974279006322225
2,melville,798,austen,6.775287628173828
2,melville,798,fitzgerald,6.910114049911499
2,melville,798,twain,6.688526074091594
2,melville,799,train,4.520661067962647
2,melville,799,baum,6.773770689964294
2,melville,799,thompson,7.005576491355896
2,melville,799,dickens,6.4454697370529175
2,melville,799,melville,6.291732708613078
2,melville,799,wells,6.977577646573384
2,melville,799,austen,6.777746915817261
2,melville,799,fitzgerald,6.914389530817668
2,melville,799,twain,6.687995274861653
2,melville,800,train,4.525446987152099
2,melville,800,baum,6.784423232078552
2,melville,800,thompson,7.008036255836487
2,melville,800,dickens,6.449892322222392
2,melville,800,melville,6.289894541104634
2,melville,800,wells,6.978712479273479
2,melville,800,austen,6.781814336776733
2,melville,800,fitzgerald,6.917978286743164
2,melville,800,twain,6.692649443944295
2,melville,801,train,4.5365550994873045
2,melville,801,baum,6.793172240257263
2,melville,801,thompson,7.019828796386719
2,melville,801,dickens,6.458335995674133
2,melville,801,melville,6.308344920476277
2,melville,801,wells,6.998552441596985
2,melville,801,austen,6.791551828384399
2,melville,801,fitzgerald,6.923206488291423
2,melville,801,twain,6.6995781262715655
2,melville,802,train,4.500431632995605
2,melville,802,baum,6.795130610466003
2,melville,802,thompson,7.027027130126953
2,melville,802,dickens,6.45595908164978
2,melville,802,melville,6.300410866737366
2,melville,802,wells,7.001138170560201
2,melville,802,austen,6.794205188751221
2,melville,802,fitzgerald,6.930116256078084
2,melville,802,twain,6.7021424770355225
2,melville,803,train,4.497141551971436
2,melville,803,baum,6.784758567810059
2,melville,803,thompson,7.018791675567627
2,melville,803,dickens,6.450237989425659
2,melville,803,melville,6.295902729034424
2,melville,803,wells,6.990945219993591
2,melville,803,austen,6.7865309715271
2,melville,803,fitzgerald,6.920186201731364
2,melville,803,twain,6.695402304331462
2,melville,804,train,4.46473388671875
2,melville,804,baum,6.7778767347335815
2,melville,804,thompson,7.015087127685547
2,melville,804,dickens,6.44461190700531
2,melville,804,melville,6.29623544216156
2,melville,804,wells,6.98573911190033
2,melville,804,austen,6.776472330093384
2,melville,804,fitzgerald,6.9188759326934814
2,melville,804,twain,6.6904613971710205
2,melville,805,train,4.499472332000733
2,melville,805,baum,6.781695246696472
2,melville,805,thompson,7.0169291496276855
2,melville,805,dickens,6.454226454099019
2,melville,805,melville,6.302151759465535
2,melville,805,wells,6.990393082300822
2,melville,805,austen,6.7828638553619385
2,melville,805,fitzgerald,6.922924677530925
2,melville,805,twain,6.700643459955852
2,melville,806,train,4.52140245437622
2,melville,806,baum,6.78203022480011
2,melville,806,thompson,7.012639880180359
2,melville,806,dickens,6.445122202237447
2,melville,806,melville,6.293631871541341
2,melville,806,wells,6.985547582308452
2,melville,806,austen,6.777088165283203
2,melville,806,fitzgerald,6.917278528213501
2,melville,806,twain,6.692216078440349
2,melville,807,train,4.515113449096679
2,melville,807,baum,6.782978057861328
2,melville,807,thompson,7.009232878684998
2,melville,807,dickens,6.447561502456665
2,melville,807,melville,6.296213865280151
2,melville,807,wells,6.987031698226929
2,melville,807,austen,6.784445762634277
2,melville,807,fitzgerald,6.921337763468425
2,melville,807,twain,6.694078842798869
2,melville,808,train,4.506201934814453
2,melville,808,baum,6.790321707725525
2,melville,808,thompson,7.014957785606384
2,melville,808,dickens,6.449345707893372
2,melville,808,melville,6.296086271603902
2,melville,808,wells,6.985246340433757
2,melville,808,austen,6.78583574295044
2,melville,808,fitzgerald,6.921796719233195
2,melville,808,twain,6.69524884223938
2,melville,809,train,4.49705753326416
2,melville,809,baum,6.788996338844299
2,melville,809,thompson,7.016469717025757
2,melville,809,dickens,6.451949795087178
2,melville,809,melville,6.299025297164917
2,melville,809,wells,6.992795745531718
2,melville,809,austen,6.784299373626709
2,melville,809,fitzgerald,6.920786142349243
2,melville,809,twain,6.698483149210612
2,melville,810,train,4.487781620025634
2,melville,810,baum,6.7910990715026855
2,melville,810,thompson,7.020784616470337
2,melville,810,dickens,6.45668896039327
2,melville,810,melville,6.3048774401346845
2,melville,810,wells,6.997749924659729
2,melville,810,austen,6.793658494949341
2,melville,810,fitzgerald,6.926247358322144
2,melville,810,twain,6.703540563583374
2,melville,811,train,4.480067920684815
2,melville,811,baum,6.778886437416077
2,melville,811,thompson,7.012288331985474
2,melville,811,dickens,6.449455380439758
2,melville,811,melville,6.2960706154505415
2,melville,811,wells,6.985281149546306
2,melville,811,austen,6.775908708572388
2,melville,811,fitzgerald,6.919874986012776
2,melville,811,twain,6.694973309834798
2,melville,812,train,4.4907347679138185
2,melville,812,baum,6.795855760574341
2,melville,812,thompson,7.025116205215454
2,melville,812,dickens,6.456170399983724
2,melville,812,melville,6.30363655090332
2,melville,812,wells,6.999514023462932
2,melville,812,austen,6.7917563915252686
2,melville,812,fitzgerald,6.931488911310832
2,melville,812,twain,6.704164425532023
2,melville,813,train,4.5038291931152346
2,melville,813,baum,6.804083347320557
2,melville,813,thompson,7.044138908386231
2,melville,813,dickens,6.463580846786499
2,melville,813,melville,6.315618753433228
2,melville,813,wells,7.013776024182637
2,melville,813,austen,6.796980381011963
2,melville,813,fitzgerald,6.9422667026519775
2,melville,813,twain,6.706478357315064
2,melville,814,train,4.475489521026612
2,melville,814,baum,6.784958004951477
2,melville,814,thompson,7.022603273391724
2,melville,814,dickens,6.455068985621135
2,melville,814,melville,6.298394521077474
2,melville,814,wells,6.99152946472168
2,melville,814,austen,6.78840970993042
2,melville,814,fitzgerald,6.930686155954997
2,melville,814,twain,6.701001246770223
2,melville,815,train,4.494685077667237
2,melville,815,baum,6.79346227645874
2,melville,815,thompson,7.026010036468506
2,melville,815,dickens,6.4570878346761065
2,melville,815,melville,6.302395304044087
2,melville,815,wells,7.001454472541809
2,melville,815,austen,6.79244875907898
2,melville,815,fitzgerald,6.931364933649699
2,melville,815,twain,6.702913761138916
2,melville,816,train,4.500034999847412
2,melville,816,baum,6.788673758506775
2,melville,816,thompson,7.014355301856995
2,melville,816,dickens,6.450057943662007
2,melville,816,melville,6.297804872194926
2,melville,816,wells,6.995973269144694
2,melville,816,austen,6.7854437828063965
2,melville,816,fitzgerald,6.924749374389648
2,melville,816,twain,6.6951117515563965
2,melville,817,train,4.451189041137695
2,melville,817,baum,6.792543292045593
2,melville,817,thompson,7.028006553649902
2,melville,817,dickens,6.462095340092977
2,melville,817,melville,6.305257717768352
2,melville,817,wells,7.001824100812276
2,melville,817,austen,6.798087120056152
2,melville,817,fitzgerald,6.934034665425618
2,melville,817,twain,6.707825342814128
2,melville,818,train,4.466372871398926
2,melville,818,baum,6.790515422821045
2,melville,818,thompson,7.020885467529297
2,melville,818,dickens,6.4538014729817705
2,melville,818,melville,6.303351084391276
2,melville,818,wells,6.9951181809107466
2,melville,818,austen,6.78956413269043
2,melville,818,fitzgerald,6.925468285878499
2,melville,818,twain,6.703184207280477
2,melville,819,train,4.445828151702881
2,melville,819,baum,6.80716609954834
2,melville,819,thompson,7.0431342124938965
2,melville,819,dickens,6.470372796058655
2,melville,819,melville,6.315323670705159
2,melville,819,wells,7.016571203867595
2,melville,819,austen,6.80830192565918
2,melville,819,fitzgerald,6.944789409637451
2,melville,819,twain,6.717283328374227
2,melville,820,train,4.458032608032227
2,melville,820,baum,6.806490182876587
2,melville,820,thompson,7.034785270690918
2,melville,820,dickens,6.466866850852966
2,melville,820,melville,6.310559709866841
2,melville,820,wells,7.0131508111953735
2,melville,820,austen,6.801775932312012
2,melville,820,fitzgerald,6.944270292917888
2,melville,820,twain,6.718235095342
2,melville,821,train,4.516514587402344
2,melville,821,baum,6.7911165952682495
2,melville,821,thompson,7.029464721679688
2,melville,821,dickens,6.464821736017863
2,melville,821,melville,6.310721357663472
2,melville,821,wells,7.004857420921326
2,melville,821,austen,6.799667835235596
2,melville,821,fitzgerald,6.935651143391927
2,melville,821,twain,6.710424184799194
2,melville,822,train,4.450918197631836
2,melville,822,baum,6.798315167427063
2,melville,822,thompson,7.032785534858704
2,melville,822,dickens,6.460546215375264
2,melville,822,melville,6.302950421969096
2,melville,822,wells,7.002510150273641
2,melville,822,austen,6.801974058151245
2,melville,822,fitzgerald,6.93936014175415
2,melville,822,twain,6.706424236297607
2,melville,823,train,4.476210594177246
2,melville,823,baum,6.804808139801025
2,melville,823,thompson,7.037982821464539
2,melville,823,dickens,6.473978320757548
2,melville,823,melville,6.318901896476746
2,melville,823,wells,7.017004291216533
2,melville,823,austen,6.813049793243408
2,melville,823,fitzgerald,6.943164984385173
2,melville,823,twain,6.7177698612213135
2,melville,824,train,4.454476547241211
2,melville,824,baum,6.803654909133911
2,melville,824,thompson,7.0376269817352295
2,melville,824,dickens,6.471237301826477
2,melville,824,melville,6.314602931340535
2,melville,824,wells,7.014925559361775
2,melville,824,austen,6.80893087387085
2,melville,824,fitzgerald,6.943911631902059
2,melville,824,twain,6.715797424316406
2,melville,825,train,4.469249725341797
2,melville,825,baum,6.79581093788147
2,melville,825,thompson,7.031379699707031
2,melville,825,dickens,6.462509671847026
2,melville,825,melville,6.308140675226848
2,melville,825,wells,7.00170640150706
2,melville,825,austen,6.800851583480835
2,melville,825,fitzgerald,6.935914595921834
2,melville,825,twain,6.7095794677734375
2,melville,826,train,4.469421291351319
2,melville,826,baum,6.7985981702804565
2,melville,826,thompson,7.037290334701538
2,melville,826,dickens,6.467824697494507
2,melville,826,melville,6.31196928024292
2,melville,826,wells,7.014015714327495
2,melville,826,austen,6.807776689529419
2,melville,826,fitzgerald,6.942139784495036
2,melville,826,twain,6.714949289957683
2,melville,827,train,4.452832126617432
2,melville,827,baum,6.806803464889526
2,melville,827,thompson,7.045596241950989
2,melville,827,dickens,6.469456911087036
2,melville,827,melville,6.31337583065033
2,melville,827,wells,7.01474650700887
2,melville,827,austen,6.815189361572266
2,melville,827,fitzgerald,6.948033968607585
2,melville,827,twain,6.715550820032756
2,melville,828,train,4.4511748313903805
2,melville,828,baum,6.795817971229553
2,melville,828,thompson,7.039761185646057
2,melville,828,dickens,6.471470832824707
2,melville,828,melville,6.314252257347107
2,melville,828,wells,7.010963280995687
2,melville,828,austen,6.812963962554932
2,melville,828,fitzgerald,6.941347757975261
2,melville,828,twain,6.71440331141154
2,melville,829,train,4.452538204193115
2,melville,829,baum,6.805351614952087
2,melville,829,thompson,7.039825439453125
2,melville,829,dickens,6.473008751869202
2,melville,829,melville,6.314179301261902
2,melville,829,wells,7.011365214983623
2,melville,829,austen,6.815020322799683
2,melville,829,fitzgerald,6.944491147994995
2,melville,829,twain,6.717821915944417
2,melville,830,train,4.441927528381347
2,melville,830,baum,6.809204339981079
2,melville,830,thompson,7.043626427650452
2,melville,830,dickens,6.47159469127655
2,melville,830,melville,6.312930782636006
2,melville,830,wells,7.015019257863362
2,melville,830,austen,6.811371326446533
2,melville,830,fitzgerald,6.948662360509236
2,melville,830,twain,6.718525250752767
2,melville,831,train,4.427322864532471
2,melville,831,baum,6.79878032207489
2,melville,831,thompson,7.038591742515564
2,melville,831,dickens,6.468310515085856
2,melville,831,melville,6.313270052274068
2,melville,831,wells,7.01415479183197
2,melville,831,austen,6.805177688598633
2,melville,831,fitzgerald,6.94452436765035
2,melville,831,twain,6.716286420822144
2,melville,832,train,4.432104873657226
2,melville,832,baum,6.807924032211304
2,melville,832,thompson,7.045226335525513
2,melville,832,dickens,6.472236752510071
2,melville,832,melville,6.315603494644165
2,melville,832,wells,7.023344278335571
2,melville,832,austen,6.817550659179688
2,melville,832,fitzgerald,6.954493761062622
2,melville,832,twain,6.72167706489563
2,melville,833,train,4.445671367645264
2,melville,833,baum,6.790721654891968
2,melville,833,thompson,7.037797808647156
2,melville,833,dickens,6.472445646921794
2,melville,833,melville,6.312389691670735
2,melville,833,wells,7.012098828951518
2,melville,833,austen,6.80711817741394
2,melville,833,fitzgerald,6.943814754486084
2,melville,833,twain,6.718831141789754
2,melville,834,train,4.4349517822265625
2,melville,834,baum,6.806041479110718
2,melville,834,thompson,7.039865851402283
2,melville,834,dickens,6.464519739151001
2,melville,834,melville,6.30696439743042
2,melville,834,wells,7.014941175778707
2,melville,834,austen,6.811903953552246
2,melville,834,fitzgerald,6.944140990575154
2,melville,834,twain,6.715152899424235
2,melville,835,train,4.455425548553467
2,melville,835,baum,6.815693736076355
2,melville,835,thompson,7.051407694816589
2,melville,835,dickens,6.476267059644063
2,melville,835,melville,6.319493214289348
2,melville,835,wells,7.027867118517558
2,melville,835,austen,6.82503867149353
2,melville,835,fitzgerald,6.954756577809651
2,melville,835,twain,6.726398070653279
2,melville,836,train,4.411198520660401
2,melville,836,baum,6.803975701332092
2,melville,836,thompson,7.044413685798645
2,melville,836,dickens,6.470645904541016
2,melville,836,melville,6.314153552055359
2,melville,836,wells,7.019895792007446
2,melville,836,austen,6.818064689636231
2,melville,836,fitzgerald,6.949751774470012
2,melville,836,twain,6.71953550974528
2,melville,837,train,4.4118959426879885
2,melville,837,baum,6.816490054130554
2,melville,837,thompson,7.055107235908508
2,melville,837,dickens,6.477276921272278
2,melville,837,melville,6.315847317377727
2,melville,837,wells,7.029810905456543
2,melville,837,austen,6.822868585586548
2,melville,837,fitzgerald,6.960356950759888
2,melville,837,twain,6.727722644805908
2,melville,838,train,4.445455932617188
2,melville,838,baum,6.818698287010193
2,melville,838,thompson,7.049028158187866
2,melville,838,dickens,6.4726130565007525
2,melville,838,melville,6.312078952789307
2,melville,838,wells,7.024021029472351
2,melville,838,austen,6.821388959884644
2,melville,838,fitzgerald,6.949619770050049
2,melville,838,twain,6.723198970158895
2,melville,839,train,4.458566761016845
2,melville,839,baum,6.82253623008728
2,melville,839,thompson,7.054017663002014
2,melville,839,dickens,6.481959780057271
2,melville,839,melville,6.3198392788569135
2,melville,839,wells,7.027644912401835
2,melville,839,austen,6.829972982406616
2,melville,839,fitzgerald,6.954063574473064
2,melville,839,twain,6.727092027664185
2,melville,840,train,4.398372077941895
2,melville,840,baum,6.818077087402344
2,melville,840,thompson,7.060111880302429
2,melville,840,dickens,6.478732784589131
2,melville,840,melville,6.321801980336507
2,melville,840,wells,7.035275896390279
2,melville,840,austen,6.826274871826172
2,melville,840,fitzgerald,6.961243708928426
2,melville,840,twain,6.7271809577941895
2,melville,841,train,4.434940242767334
2,melville,841,baum,6.829937815666199
2,melville,841,thompson,7.068406105041504
2,melville,841,dickens,6.488537073135376
2,melville,841,melville,6.329767783482869
2,melville,841,wells,7.0456751982371015
2,melville,841,austen,6.831614017486572
2,melville,841,fitzgerald,6.96687928835551
2,melville,841,twain,6.737831354141235
2,melville,842,train,4.421542739868164
2,melville,842,baum,6.820976972579956
2,melville,842,thompson,7.065168499946594
2,melville,842,dickens,6.484633843104045
2,melville,842,melville,6.328617533047994
2,melville,842,wells,7.044265309969584
2,melville,842,austen,6.824971914291382
2,melville,842,fitzgerald,6.966999530792236
2,melville,842,twain,6.732519785563151
2,melville,843,train,4.431610774993897
2,melville,843,baum,6.823562145233154
2,melville,843,thompson,7.063796281814575
2,melville,843,dickens,6.481012264887492
2,melville,843,melville,6.324776132901509
2,melville,843,wells,7.038775324821472
2,melville,843,austen,6.821131944656372
2,melville,843,fitzgerald,6.962037245432536
2,melville,843,twain,6.734723091125488
2,melville,844,train,4.445439910888672
2,melville,844,baum,6.8110352754592896
2,melville,844,thompson,7.056165814399719
2,melville,844,dickens,6.47925861676534
2,melville,844,melville,6.3209779262542725
2,melville,844,wells,7.02850612004598
2,melville,844,austen,6.81638765335083
2,melville,844,fitzgerald,6.955939213434855
2,melville,844,twain,6.732754151026408
2,melville,845,train,4.42798957824707
2,melville,845,baum,6.832502126693726
2,melville,845,thompson,7.071683883666992
2,melville,845,dickens,6.484941164652507
2,melville,845,melville,6.327853322029114
2,melville,845,wells,7.05504051844279
2,melville,845,austen,6.837704181671143
2,melville,845,fitzgerald,6.9748789469401045
2,melville,845,twain,6.739230394363403
2,melville,846,train,4.392709064483642
2,melville,846,baum,6.816259860992432
2,melville,846,thompson,7.05498206615448
2,melville,846,dickens,6.48313037554423
2,melville,846,melville,6.325327436129252
2,melville,846,wells,7.036040385564168
2,melville,846,austen,6.823482036590576
2,melville,846,fitzgerald,6.9592545827229815
2,melville,846,twain,6.733544667561849
2,melville,847,train,4.384082126617432
2,melville,847,baum,6.840376377105713
2,melville,847,thompson,7.075446248054504
2,melville,847,dickens,6.489948868751526
2,melville,847,melville,6.329956531524658
2,melville,847,wells,7.053552865982056
2,melville,847,austen,6.837406158447266
2,melville,847,fitzgerald,6.977895021438599
2,melville,847,twain,6.742072582244873
2,melville,848,train,4.393147087097168
2,melville,848,baum,6.819765567779541
2,melville,848,thompson,7.058543086051941
2,melville,848,dickens,6.487469991048177
2,melville,848,melville,6.3262457847595215
2,melville,848,wells,7.0304669936498
2,melville,848,austen,6.820620775222778
2,melville,848,fitzgerald,6.963127215703328
2,melville,848,twain,6.7351962725321455
2,melville,849,train,4.395322704315186
2,melville,849,baum,6.832289338111877
2,melville,849,thompson,7.064587950706482
2,melville,849,dickens,6.485052744547526
2,melville,849,melville,6.325224280357361
2,melville,849,wells,7.04068120320638
2,melville,849,austen,6.828042984008789
2,melville,849,fitzgerald,6.967268149058024
2,melville,849,twain,6.736401398976644
2,melville,850,train,4.401889705657959
2,melville,850,baum,6.82529890537262
2,melville,850,thompson,7.063236713409424
2,melville,850,dickens,6.482709606488545
2,melville,850,melville,6.327544649442037
2,melville,850,wells,7.043842196464539
2,melville,850,austen,6.828457355499268
2,melville,850,fitzgerald,6.965454022089641
2,melville,850,twain,6.734949827194214
2,melville,851,train,4.4181476593017575
2,melville,851,baum,6.8236459493637085
2,melville,851,thompson,7.066529154777527
2,melville,851,dickens,6.487807393074036
2,melville,851,melville,6.316733797391255
2,melville,851,wells,7.033735473950704
2,melville,851,austen,6.830492258071899
2,melville,851,fitzgerald,6.967004140218099
2,melville,851,twain,6.735700766245524
2,melville,852,train,4.384922313690185
2,melville,852,baum,6.837975144386292
2,melville,852,thompson,7.076513886451721
2,melville,852,dickens,6.495573719342549
2,melville,852,melville,6.3322276671727495
2,melville,852,wells,7.056213657061259
2,melville,852,austen,6.844728469848633
2,melville,852,fitzgerald,6.976076205571492
2,melville,852,twain,6.745629946390788
2,melville,853,train,4.415211200714111
2,melville,853,baum,6.8392122983932495
2,melville,853,thompson,7.073454856872559
2,melville,853,dickens,6.490898688634236
2,melville,853,melville,6.326415816942851
2,melville,853,wells,7.052201986312866
2,melville,853,austen,6.83944582939148
2,melville,853,fitzgerald,6.976865688959758
2,melville,853,twain,6.74003275235494
2,melville,854,train,4.396033859252929
2,melville,854,baum,6.836089611053467
2,melville,854,thompson,7.070123076438904
2,melville,854,dickens,6.490646282831828
2,melville,854,melville,6.32289210955302
2,melville,854,wells,7.05158273379008
2,melville,854,austen,6.843303918838501
2,melville,854,fitzgerald,6.976879835128784
2,melville,854,twain,6.744911750157674
2,melville,855,train,4.366921424865723
2,melville,855,baum,6.839377045631409
2,melville,855,thompson,7.073611855506897
2,melville,855,dickens,6.49526317914327
2,melville,855,melville,6.329335808753967
2,melville,855,wells,7.051238735516866
2,melville,855,austen,6.840160608291626
2,melville,855,fitzgerald,6.977112293243408
2,melville,855,twain,6.74747633934021
2,melville,856,train,4.375222206115723
2,melville,856,baum,6.8417898416519165
2,melville,856,thompson,7.080020308494568
2,melville,856,dickens,6.501408497492473
2,melville,856,melville,6.335652788480123
2,melville,856,wells,7.057963371276856
2,melville,856,austen,6.845163583755493
2,melville,856,fitzgerald,6.980099598566691
2,melville,856,twain,6.7507766882578535
2,melville,857,train,4.427857303619385
2,melville,857,baum,6.839588522911072
2,melville,857,thompson,7.083245396614075
2,melville,857,dickens,6.4975801308949785
2,melville,857,melville,6.334026217460632
2,melville,857,wells,7.061701416969299
2,melville,857,austen,6.837659120559692
2,melville,857,fitzgerald,6.982609510421753
2,melville,857,twain,6.746057510375977
2,melville,858,train,4.374453544616699
2,melville,858,baum,6.831451416015625
2,melville,858,thompson,7.0704134702682495
2,melville,858,dickens,6.48610798517863
2,melville,858,melville,6.326128641764323
2,melville,858,wells,7.043646772702535
2,melville,858,austen,6.8310089111328125
2,melville,858,fitzgerald,6.976859887440999
2,melville,858,twain,6.736249923706055
2,melville,859,train,4.36162223815918
2,melville,859,baum,6.834771275520325
2,melville,859,thompson,7.07756245136261
2,melville,859,dickens,6.49475085735321
2,melville,859,melville,6.329602440198262
2,melville,859,wells,7.048556884129842
2,melville,859,austen,6.840505838394165
2,melville,859,fitzgerald,6.972199360529582
2,melville,859,twain,6.746464252471924
2,melville,860,train,4.382673168182373
2,melville,860,baum,6.838027715682983
2,melville,860,thompson,7.083152770996094
2,melville,860,dickens,6.498482426007588
2,melville,860,melville,6.328541159629822
2,melville,860,wells,7.054577271143596
2,melville,860,austen,6.840331554412842
2,melville,860,fitzgerald,6.9841775099436445
2,melville,860,twain,6.746800661087036
2,melville,861,train,4.395525741577148
2,melville,861,baum,6.838314533233643
2,melville,861,thompson,7.07928466796875
2,melville,861,dickens,6.496086120605469
2,melville,861,melville,6.333408236503601
2,melville,861,wells,7.061558961868286
2,melville,861,austen,6.841951131820679
2,melville,861,fitzgerald,6.983068068822225
2,melville,861,twain,6.748115301132202
2,melville,862,train,4.399519634246826
2,melville,862,baum,6.838340640068054
2,melville,862,thompson,7.0775909423828125
2,melville,862,dickens,6.4963565270106
2,melville,862,melville,6.325872500737508
2,melville,862,wells,7.054371118545532
2,melville,862,austen,6.850145101547241
2,melville,862,fitzgerald,6.978920618693034
2,melville,862,twain,6.743668715159099
2,melville,863,train,4.374070835113526
2,melville,863,baum,6.830455541610718
2,melville,863,thompson,7.083256244659424
2,melville,863,dickens,6.503703316052754
2,melville,863,melville,6.339424689610799
2,melville,863,wells,7.058215459187825
2,melville,863,austen,6.84385871887207
2,melville,863,fitzgerald,6.98399003346761
2,melville,863,twain,6.7531412442525225
2,melville,864,train,4.396544933319092
2,melville,864,baum,6.829306364059448
2,melville,864,thompson,7.079441428184509
2,melville,864,dickens,6.496073246002197
2,melville,864,melville,6.327268004417419
2,melville,864,wells,7.051707267761231
2,melville,864,austen,6.846291303634644
2,melville,864,fitzgerald,6.980009158452352
2,melville,864,twain,6.744632085164388
2,melville,865,train,4.3634284973144535
2,melville,865,baum,6.835447788238525
2,melville,865,thompson,7.08611524105072
2,melville,865,dickens,6.500682910283406
2,melville,865,melville,6.33433202902476
2,melville,865,wells,7.057061870892842
2,melville,865,austen,6.843417167663574
2,melville,865,fitzgerald,6.985868612925212
2,melville,865,twain,6.751269022623698
2,melville,866,train,4.35859375
2,melville,866,baum,6.837560772895813
2,melville,866,thompson,7.089746236801148
2,melville,866,dickens,6.501391092936198
2,melville,866,melville,6.330638925234477
2,melville,866,wells,7.054697036743164
2,melville,866,austen,6.845547676086426
2,melville,866,fitzgerald,6.984753926595052
2,melville,866,twain,6.747975031534831
2,melville,867,train,4.380743503570557
2,melville,867,baum,6.841406583786011
2,melville,867,thompson,7.090183734893799
2,melville,867,dickens,6.504514495531718
2,melville,867,melville,6.334473371505737
2,melville,867,wells,7.059379696846008
2,melville,867,austen,6.84269380569458
2,melville,867,fitzgerald,6.986266056696574
2,melville,867,twain,6.751574516296387
2,melville,868,train,4.384534740447998
2,melville,868,baum,6.825701713562012
2,melville,868,thompson,7.073196887969971
2,melville,868,dickens,6.494394977887471
2,melville,868,melville,6.3241344292958575
2,melville,868,wells,7.039926767349243
2,melville,868,austen,6.841452360153198
2,melville,868,fitzgerald,6.975365161895752
2,melville,868,twain,6.742171049118042
2,melville,869,train,4.379920768737793
2,melville,869,baum,6.84455680847168
2,melville,869,thompson,7.091092944145203
2,melville,869,dickens,6.503355820973714
2,melville,869,melville,6.332306226094564
2,melville,869,wells,7.061205983161926
2,melville,869,austen,6.855252504348755
2,melville,869,fitzgerald,6.98862091700236
2,melville,869,twain,6.753069559733073
2,melville,870,train,4.377738666534424
2,melville,870,baum,6.841078758239746
2,melville,870,thompson,7.077139735221863
2,melville,870,dickens,6.4970942735672
2,melville,870,melville,6.323434511820476
2,melville,870,wells,7.048910657564799
2,melville,870,austen,6.847102403640747
2,melville,870,fitzgerald,6.980627377827962
2,melville,870,twain,6.747012297312419
2,melville,871,train,4.364973449707032
2,melville,871,baum,6.852344274520874
2,melville,871,thompson,7.092157959938049
2,melville,871,dickens,6.51477313041687
2,melville,871,melville,6.340522885322571
2,melville,871,wells,7.063315828641255
2,melville,871,austen,6.865185499191284
2,melville,871,fitzgerald,6.992639064788818
2,melville,871,twain,6.761736551920573
2,melville,872,train,4.3770833015441895
2,melville,872,baum,6.864673495292664
2,melville,872,thompson,7.109883427619934
2,melville,872,dickens,6.518124183019002
2,melville,872,melville,6.345850745836894
2,melville,872,wells,7.08421516418457
2,melville,872,austen,6.869049072265625
2,melville,872,fitzgerald,7.003483374913533
2,melville,872,twain,6.763369957605998
2,melville,873,train,4.350907039642334
2,melville,873,baum,6.838639497756958
2,melville,873,thompson,7.0837379693984985
2,melville,873,dickens,6.500952402750651
2,melville,873,melville,6.329101284344991
2,melville,873,wells,7.052394866943359
2,melville,873,austen,6.846710205078125
2,melville,873,fitzgerald,6.98866073290507
2,melville,873,twain,6.75016975402832
2,melville,874,train,4.340668773651123
2,melville,874,baum,6.853433728218079
2,melville,874,thompson,7.096909284591675
2,melville,874,dickens,6.510543425877889
2,melville,874,melville,6.33984378973643
2,melville,874,wells,7.070020914077759
2,melville,874,austen,6.85629415512085
2,melville,874,fitzgerald,6.995847304662068
2,melville,874,twain,6.759614785512288
2,melville,875,train,4.351079368591309
2,melville,875,baum,6.853779911994934
2,melville,875,thompson,7.099999904632568
2,melville,875,dickens,6.512494723002116
2,melville,875,melville,6.340676148732503
2,melville,875,wells,7.076590339342753
2,melville,875,austen,6.857923984527588
2,melville,875,fitzgerald,7.001294453938802
2,melville,875,twain,6.763721863428752
2,melville,876,train,4.34776554107666
2,melville,876,baum,6.8583173751831055
2,melville,876,thompson,7.09935986995697
2,melville,876,dickens,6.516476790110271
2,melville,876,melville,6.344486435254415
2,melville,876,wells,7.078792214393616
2,melville,876,austen,6.867479562759399
2,melville,876,fitzgerald,7.002219518025716
2,melville,876,twain,6.769137620925903
2,melville,877,train,4.3686573028564455
2,melville,877,baum,6.855821132659912
2,melville,877,thompson,7.102835059165955
2,melville,877,dickens,6.516738335291545
2,melville,877,melville,6.346469203631084
2,melville,877,wells,7.076531728108724
2,melville,877,austen,6.863915920257568
2,melville,877,fitzgerald,7.004743734995524
2,melville,877,twain,6.769692500432332
2,melville,878,train,4.332302379608154
2,melville,878,baum,6.857956051826477
2,melville,878,thompson,7.103775501251221
2,melville,878,dickens,6.508496483167012
2,melville,878,melville,6.339775959650676
2,melville,878,wells,7.071460286776225
2,melville,878,austen,6.858742475509644
2,melville,878,fitzgerald,7.002261559168498
2,melville,878,twain,6.763940254847209
2,melville,879,train,4.348682498931884
2,melville,879,baum,6.853819131851196
2,melville,879,thompson,7.0980154275894165
2,melville,879,dickens,6.511436343193054
2,melville,879,melville,6.34002161026001
2,melville,879,wells,7.070640603701274
2,melville,879,austen,6.864879131317139
2,melville,879,fitzgerald,6.997630596160889
2,melville,879,twain,6.757307847340901
2,melville,880,train,4.326324844360352
2,melville,880,baum,6.870698571205139
2,melville,880,thompson,7.10564124584198
2,melville,880,dickens,6.514546831448873
2,melville,880,melville,6.342425584793091
2,melville,880,wells,7.082955201466878
2,melville,880,austen,6.864729404449463
2,melville,880,fitzgerald,7.006900469462077
2,melville,880,twain,6.767501990000407
2,melville,881,train,4.345929431915283
2,melville,881,baum,6.858963847160339
2,melville,881,thompson,7.099318146705627
2,melville,881,dickens,6.512844920158386
2,melville,881,melville,6.341939369837443
2,melville,881,wells,7.071964701016744
2,melville,881,austen,6.862043619155884
2,melville,881,fitzgerald,7.004079262415568
2,melville,881,twain,6.764257192611694
2,melville,882,train,4.344728946685791
2,melville,882,baum,6.866225481033325
2,melville,882,thompson,7.106997132301331
2,melville,882,dickens,6.521130045255025
2,melville,882,melville,6.348152836163838
2,melville,882,wells,7.087941487630208
2,melville,882,austen,6.871270418167114
2,melville,882,fitzgerald,7.01060954729716
2,melville,882,twain,6.7741490205128985
2,melville,883,train,4.365886116027832
2,melville,883,baum,6.856592416763306
2,melville,883,thompson,7.095836281776428
2,melville,883,dickens,6.510396361351013
2,melville,883,melville,6.33739976088206
2,melville,883,wells,7.072563250859578
2,melville,883,austen,6.860612392425537
2,melville,883,fitzgerald,7.001600583394368
2,melville,883,twain,6.764501492182414
2,melville,884,train,4.332753276824951
2,melville,884,baum,6.845105051994324
2,melville,884,thompson,7.092027425765991
2,melville,884,dickens,6.513920029004415
2,melville,884,melville,6.340338309605916
2,melville,884,wells,7.058531999588013
2,melville,884,austen,6.8589513301849365
2,melville,884,fitzgerald,6.996454000473023
2,melville,884,twain,6.762341737747192
2,melville,885,train,4.357558631896973
2,melville,885,baum,6.857940196990967
2,melville,885,thompson,7.108486294746399
2,melville,885,dickens,6.5149755875269575
2,melville,885,melville,6.340258200963338
2,melville,885,wells,7.071499307950337
2,melville,885,austen,6.866742372512817
2,melville,885,fitzgerald,7.004360834757487
2,melville,885,twain,6.7661458651224775
2,melville,886,train,4.34798641204834
2,melville,886,baum,6.866915225982666
2,melville,886,thompson,7.117725133895874
2,melville,886,dickens,6.5229092836380005
2,melville,886,melville,6.351074139277141
2,melville,886,wells,7.091115554173787
2,melville,886,austen,6.881176710128784
2,melville,886,fitzgerald,7.011881113052368
2,melville,886,twain,6.776748339335124
2,melville,887,train,4.3326984405517575
2,melville,887,baum,6.860607862472534
2,melville,887,thompson,7.1066296100616455
2,melville,887,dickens,6.518738349278768
2,melville,887,melville,6.344719409942627
2,melville,887,wells,7.079670786857605
2,melville,887,austen,6.8703038692474365
2,melville,887,fitzgerald,7.003415028254191
2,melville,887,twain,6.775303681691487
2,melville,888,train,4.307611179351807
2,melville,888,baum,6.861330032348633
2,melville,888,thompson,7.105918645858765
2,melville,888,dickens,6.509035706520081
2,melville,888,melville,6.335572759310405
2,melville,888,wells,7.079919099807739
2,melville,888,austen,6.872966289520264
2,melville,888,fitzgerald,7.008076826731364
2,melville,888,twain,6.768206755320231
2,melville,889,train,4.318751811981201
2,melville,889,baum,6.867772459983826
2,melville,889,thompson,7.111275315284729
2,melville,889,dickens,6.524319132169087
2,melville,889,melville,6.347844123840332
2,melville,889,wells,7.08527918656667
2,melville,889,austen,6.873804330825806
2,melville,889,fitzgerald,7.017396052678426
2,melville,889,twain,6.777809699376424
2,melville,890,train,4.31929578781128
2,melville,890,baum,6.854216933250427
2,melville,890,thompson,7.092674016952515
2,melville,890,dickens,6.514887849489848
2,melville,890,melville,6.335791826248169
2,melville,890,wells,7.067448576291402
2,melville,890,austen,6.867351293563843
2,melville,890,fitzgerald,6.994522492090861
2,melville,890,twain,6.7627700964609785
2,melville,891,train,4.317025661468506
2,melville,891,baum,6.8740257024765015
2,melville,891,thompson,7.113779902458191
2,melville,891,dickens,6.527116616566976
2,melville,891,melville,6.350550850232442
2,melville,891,wells,7.090783516565959
2,melville,891,austen,6.879582643508911
2,melville,891,fitzgerald,7.011995951334636
2,melville,891,twain,6.777036746342977
2,melville,892,train,4.318117427825928
2,melville,892,baum,6.878987073898315
2,melville,892,thompson,7.111693382263184
2,melville,892,dickens,6.527985850969951
2,melville,892,melville,6.346296350161235
2,melville,892,wells,7.088152329126994
2,melville,892,austen,6.882861137390137
2,melville,892,fitzgerald,7.015191952387492
2,melville,892,twain,6.777184963226318
2,melville,893,train,4.334488391876221
2,melville,893,baum,6.869782567024231
2,melville,893,thompson,7.101463437080383
2,melville,893,dickens,6.525956948598226
2,melville,893,melville,6.340520580609639
2,melville,893,wells,7.082278927167256
2,melville,893,austen,6.87960147857666
2,melville,893,fitzgerald,7.011168718338013
2,melville,893,twain,6.776779492696126
2,melville,894,train,4.2986678123474125
2,melville,894,baum,6.873208999633789
2,melville,894,thompson,7.11200749874115
2,melville,894,dickens,6.530982772509257
2,melville,894,melville,6.352367877960205
2,melville,894,wells,7.089426517486572
2,melville,894,austen,6.889336824417114
2,melville,894,fitzgerald,7.011990070343018
2,melville,894,twain,6.776520013809204
2,melville,895,train,4.324917793273926
2,melville,895,baum,6.886628150939941
2,melville,895,thompson,7.123772978782654
2,melville,895,dickens,6.533492803573608
2,melville,895,melville,6.345661958058675
2,melville,895,wells,7.097429831822713
2,melville,895,austen,6.8915839195251465
2,melville,895,fitzgerald,7.024108489354451
2,melville,895,twain,6.783018986384074
2,melville,896,train,4.27607946395874
2,melville,896,baum,6.876763224601746
2,melville,896,thompson,7.122000575065613
2,melville,896,dickens,6.52975579102834
2,melville,896,melville,6.3489512999852495
2,melville,896,wells,7.09037200609843
2,melville,896,austen,6.884145021438599
2,melville,896,fitzgerald,7.017058451970418
2,melville,896,twain,6.778446038564046
2,melville,897,train,4.321999835968017
2,melville,897,baum,6.879161953926086
2,melville,897,thompson,7.1202497482299805
2,melville,897,dickens,6.527060786883037
2,melville,897,melville,6.349423209826152
2,melville,897,wells,7.095610936482747
2,melville,897,austen,6.88336181640625
2,melville,897,fitzgerald,7.020222902297974
2,melville,897,twain,6.779960076014201
2,melville,898,train,4.314430809020996
2,melville,898,baum,6.864526391029358
2,melville,898,thompson,7.111699342727661
2,melville,898,dickens,6.52061144510905
2,melville,898,melville,6.342579642931621
2,melville,898,wells,7.075852870941162
2,melville,898,austen,6.870978116989136
2,melville,898,fitzgerald,7.006550709406535
2,melville,898,twain,6.773263136545817
2,melville,899,train,4.317560195922852
2,melville,899,baum,6.86840283870697
2,melville,899,thompson,7.112426400184631
2,melville,899,dickens,6.525866508483887
2,melville,899,melville,6.351281762123108
2,melville,899,wells,7.08343780040741
2,melville,899,austen,6.878642797470093
2,melville,899,fitzgerald,7.013141870498657
2,melville,899,twain,6.7777778307596845
2,melville,900,train,4.336869812011718
2,melville,900,baum,6.885088324546814
2,melville,900,thompson,7.127947926521301
2,melville,900,dickens,6.539664586385091
2,melville,900,melville,6.36082124710083
2,melville,900,wells,7.110951940218608
2,melville,900,austen,6.88890528678894
2,melville,900,fitzgerald,7.02475889523824
2,melville,900,twain,6.792217969894409
2,melville,901,train,4.298223304748535
2,melville,901,baum,6.875026226043701
2,melville,901,thompson,7.122173547744751
2,melville,901,dickens,6.52885111172994
2,melville,901,melville,6.35529899597168
2,melville,901,wells,7.094817638397217
2,melville,901,austen,6.8807759284973145
2,melville,901,fitzgerald,7.017564694086711
2,melville,901,twain,6.7833036581675215
2,melville,902,train,4.286138534545898
2,melville,902,baum,6.856919646263123
2,melville,902,thompson,7.108821272850037
2,melville,902,dickens,6.520068645477295
2,melville,902,melville,6.342113614082336
2,melville,902,wells,7.081516663233439
2,melville,902,austen,6.87211275100708
2,melville,902,fitzgerald,7.012953281402588
2,melville,902,twain,6.772773504257202
2,melville,903,train,4.312793159484864
2,melville,903,baum,6.882981777191162
2,melville,903,thompson,7.128322720527649
2,melville,903,dickens,6.531461636225383
2,melville,903,melville,6.353666067123413
2,melville,903,wells,7.102639198303223
2,melville,903,austen,6.891524791717529
2,melville,903,fitzgerald,7.025693893432617
2,melville,903,twain,6.789633989334106
2,melville,904,train,4.30014705657959
2,melville,904,baum,6.871653437614441
2,melville,904,thompson,7.118524312973023
2,melville,904,dickens,6.530774235725403
2,melville,904,melville,6.351887067159017
2,melville,904,wells,7.098164399464925
2,melville,904,austen,6.884677886962891
2,melville,904,fitzgerald,7.016086101531982
2,melville,904,twain,6.786097526550293
2,melville,905,train,4.327296447753906
2,melville,905,baum,6.88022518157959
2,melville,905,thompson,7.124860763549805
2,melville,905,dickens,6.52994704246521
2,melville,905,melville,6.355595986048381
2,melville,905,wells,7.107423424720764
2,melville,905,austen,6.881678581237793
2,melville,905,fitzgerald,7.028091669082642
2,melville,905,twain,6.790701707204183
2,melville,906,train,4.26957483291626
2,melville,906,baum,6.885658621788025
2,melville,906,thompson,7.1326212882995605
2,melville,906,dickens,6.537474314371745
2,melville,906,melville,6.360310713450114
2,melville,906,wells,7.113184014956157
2,melville,906,austen,6.896924018859863
2,melville,906,fitzgerald,7.027895609537761
2,melville,906,twain,6.7908399899800616
2,melville,907,train,4.293668270111084
2,melville,907,baum,6.867645859718323
2,melville,907,thompson,7.114112019538879
2,melville,907,dickens,6.524417559305827
2,melville,907,melville,6.348474303881328
2,melville,907,wells,7.08420201142629
2,melville,907,austen,6.875560998916626
2,melville,907,fitzgerald,7.014202276865642
2,melville,907,twain,6.779359420140584
2,melville,908,train,4.298867511749267
2,melville,908,baum,6.88080096244812
2,melville,908,thompson,7.129076361656189
2,melville,908,dickens,6.532668312390645
2,melville,908,melville,6.347710092862447
2,melville,908,wells,7.098667184511821
2,melville,908,austen,6.891577243804932
2,melville,908,fitzgerald,7.021342754364014
2,melville,908,twain,6.787756681442261
2,melville,909,train,4.3167722702026365
2,melville,909,baum,6.869518280029297
2,melville,909,thompson,7.120440006256104
2,melville,909,dickens,6.5319143533706665
2,melville,909,melville,6.351568301518758
2,melville,909,wells,7.094636599222819
2,melville,909,austen,6.8845295906066895
2,melville,909,fitzgerald,7.020926554997762
2,melville,909,twain,6.782710631688436
2,melville,910,train,4.2961828231811525
2,melville,910,baum,6.874536752700806
2,melville,910,thompson,7.125990986824036
2,melville,910,dickens,6.530080874760945
2,melville,910,melville,6.350526452064514
2,melville,910,wells,7.1030027866363525
2,melville,910,austen,6.886798858642578
2,melville,910,fitzgerald,7.023249387741089
2,melville,910,twain,6.782829284667969
2,melville,911,train,4.273616790771484
2,melville,911,baum,6.86476469039917
2,melville,911,thompson,7.116325497627258
2,melville,911,dickens,6.531180222829183
2,melville,911,melville,6.346373955408732
2,melville,911,wells,7.087402542432149
2,melville,911,austen,6.878600597381592
2,melville,911,fitzgerald,7.016014258066813
2,melville,911,twain,6.782779057820638
2,melville,912,train,4.297399234771729
2,melville,912,baum,6.887186527252197
2,melville,912,thompson,7.139459729194641
2,melville,912,dickens,6.542391697565715
2,melville,912,melville,6.357666850090027
2,melville,912,wells,7.116069992383321
2,melville,912,austen,6.902630805969238
2,melville,912,fitzgerald,7.041020631790161
2,melville,912,twain,6.792239904403687
2,melville,913,train,4.281954383850097
2,melville,913,baum,6.877809286117554
2,melville,913,thompson,7.127495169639587
2,melville,913,dickens,6.534358263015747
2,melville,913,melville,6.352172215779622
2,melville,913,wells,7.097891489664714
2,melville,913,austen,6.893324851989746
2,melville,913,fitzgerald,7.025968472162883
2,melville,913,twain,6.786673466364543
2,melville,914,train,4.285459327697754
2,melville,914,baum,6.873004198074341
2,melville,914,thompson,7.125793814659119
2,melville,914,dickens,6.527029871940613
2,melville,914,melville,6.348493655522664
2,melville,914,wells,7.100832939147949
2,melville,914,austen,6.884184122085571
2,melville,914,fitzgerald,7.027517716089885
2,melville,914,twain,6.78596027692159
2,melville,915,train,4.277551555633545
2,melville,915,baum,6.8751009702682495
2,melville,915,thompson,7.125768184661865
2,melville,915,dickens,6.532434781392415
2,melville,915,melville,6.3518385887146
2,melville,915,wells,7.1035386721293134
2,melville,915,austen,6.892215013504028
2,melville,915,fitzgerald,7.025993665059407
2,melville,915,twain,6.785291989644368
2,melville,916,train,4.274842739105225
2,melville,916,baum,6.875032901763916
2,melville,916,thompson,7.127587676048279
2,melville,916,dickens,6.539211392402649
2,melville,916,melville,6.359310825665792
2,melville,916,wells,7.1081351439158125
2,melville,916,austen,6.894593954086304
2,melville,916,fitzgerald,7.02474308013916
2,melville,916,twain,6.796207269032796
2,melville,917,train,4.269207382202149
2,melville,917,baum,6.873751640319824
2,melville,917,thompson,7.132676482200623
2,melville,917,dickens,6.5338241259257
2,melville,917,melville,6.357720454533895
2,melville,917,wells,7.1111602783203125
2,melville,917,austen,6.897671699523926
2,melville,917,fitzgerald,7.037335634231567
2,melville,917,twain,6.792220274607341
2,melville,918,train,4.290512466430664
2,melville,918,baum,6.890497803688049
2,melville,918,thompson,7.13992702960968
2,melville,918,dickens,6.550242145856221
2,melville,918,melville,6.367392738660176
2,melville,918,wells,7.125476916631063
2,melville,918,austen,6.905036449432373
2,melville,918,fitzgerald,7.038132826487224
2,melville,918,twain,6.804295539855957
2,melville,919,train,4.278660774230957
2,melville,919,baum,6.876508593559265
2,melville,919,thompson,7.129156589508057
2,melville,919,dickens,6.535771012306213
2,melville,919,melville,6.348141034444173
2,melville,919,wells,7.095473130544026
2,melville,919,austen,6.8854148387908936
2,melville,919,fitzgerald,7.029271682103475
2,melville,919,twain,6.785364071528117
2,melville,920,train,4.277410984039307
2,melville,920,baum,6.885816812515259
2,melville,920,thompson,7.135022282600403
2,melville,920,dickens,6.545162081718445
2,melville,920,melville,6.362446149190267
2,melville,920,wells,7.11338730653127
2,melville,920,austen,6.898649454116821
2,melville,920,fitzgerald,7.03156836827596
2,melville,920,twain,6.799234390258789
2,melville,921,train,4.280848979949951
2,melville,921,baum,6.899964094161987
2,melville,921,thompson,7.1416095495224
2,melville,921,dickens,6.544404149055481
2,melville,921,melville,6.356560587882996
2,melville,921,wells,7.120896220207214
2,melville,921,austen,6.910321235656738
2,melville,921,fitzgerald,7.0410103003184
2,melville,921,twain,6.80023717880249
2,melville,922,train,4.273389625549316
2,melville,922,baum,6.899682760238648
2,melville,922,thompson,7.148359656333923
2,melville,922,dickens,6.548730651537578
2,melville,922,melville,6.367229183514913
2,melville,922,wells,7.127922018369039
2,melville,922,austen,6.901893615722656
2,melville,922,fitzgerald,7.046445767084758
2,melville,922,twain,6.805722077687581
2,melville,923,train,4.341188430786133
2,melville,923,baum,6.880532145500183
2,melville,923,thompson,7.125434637069702
2,melville,923,dickens,6.534060637156169
2,melville,923,melville,6.350657224655151
2,melville,923,wells,7.101335883140564
2,melville,923,austen,6.886514186859131
2,melville,923,fitzgerald,7.026892264684041
2,melville,923,twain,6.7919981479644775
2,melville,924,train,4.274952793121338
2,melville,924,baum,6.892955899238586
2,melville,924,thompson,7.140951871871948
2,melville,924,dickens,6.544324954350789
2,melville,924,melville,6.3567997217178345
2,melville,924,wells,7.114821195602417
2,melville,924,austen,6.896965503692627
2,melville,924,fitzgerald,7.044658899307251
2,melville,924,twain,6.799869060516357
2,melville,925,train,4.285303688049316
2,melville,925,baum,6.896966576576233
2,melville,925,thompson,7.147154569625855
2,melville,925,dickens,6.546727657318115
2,melville,925,melville,6.361639738082886
2,melville,925,wells,7.114211122194926
2,melville,925,austen,6.893805027008057
2,melville,925,fitzgerald,7.039008855819702
2,melville,925,twain,6.805753231048584
2,melville,926,train,4.283214378356933
2,melville,926,baum,6.8803640604019165
2,melville,926,thompson,7.13731586933136
2,melville,926,dickens,6.542962630589803
2,melville,926,melville,6.352752168973287
2,melville,926,wells,7.105090896288554
2,melville,926,austen,6.8961992263793945
2,melville,926,fitzgerald,7.034400939941406
2,melville,926,twain,6.79440188407898
2,melville,927,train,4.258158874511719
2,melville,927,baum,6.902902007102966
2,melville,927,thompson,7.15684700012207
2,melville,927,dickens,6.55093514919281
2,melville,927,melville,6.365035216013591
2,melville,927,wells,7.1256446441014605
2,melville,927,austen,6.911326169967651
2,melville,927,fitzgerald,7.047683795293172
2,melville,927,twain,6.807502905527751
2,melville,928,train,4.257579326629639
2,melville,928,baum,6.8933610916137695
2,melville,928,thompson,7.151025891304016
2,melville,928,dickens,6.54662561416626
2,melville,928,melville,6.357865532239278
2,melville,928,wells,7.116969664891561
2,melville,928,austen,6.904746055603027
2,melville,928,fitzgerald,7.047053337097168
2,melville,928,twain,6.804323275883992
2,melville,929,train,4.232193851470948
2,melville,929,baum,6.897849798202515
2,melville,929,thompson,7.155524611473084
2,melville,929,dickens,6.557911316553752
2,melville,929,melville,6.3673088153203325
2,melville,929,wells,7.126604278882344
2,melville,929,austen,6.913434267044067
2,melville,929,fitzgerald,7.055144468943278
2,melville,929,twain,6.814894358317058
2,melville,930,train,4.244898509979248
2,melville,930,baum,6.895998477935791
2,melville,930,thompson,7.14911413192749
2,melville,930,dickens,6.551609436670939
2,melville,930,melville,6.366593599319458
2,melville,930,wells,7.129178444544475
2,melville,930,austen,6.912920475006104
2,melville,930,fitzgerald,7.05223552385966
2,melville,930,twain,6.809768756230672
2,melville,931,train,4.240185165405274
2,melville,931,baum,6.890019178390503
2,melville,931,thompson,7.14537250995636
2,melville,931,dickens,6.556032101313273
2,melville,931,melville,6.36211625734965
2,melville,931,wells,7.120439370473226
2,melville,931,austen,6.915161848068237
2,melville,931,fitzgerald,7.046478668848674
2,melville,931,twain,6.807186762491862
2,melville,932,train,4.230110454559326
2,melville,932,baum,6.901149988174439
2,melville,932,thompson,7.15815544128418
2,melville,932,dickens,6.555648525555928
2,melville,932,melville,6.366038997968038
2,melville,932,wells,7.130431254704793
2,melville,932,austen,6.915121555328369
2,melville,932,fitzgerald,7.05404003461202
2,melville,932,twain,6.814471165339152
2,melville,933,train,4.2262428283691404
2,melville,933,baum,6.885179996490479
2,melville,933,thompson,7.147049069404602
2,melville,933,dickens,6.551167925198873
2,melville,933,melville,6.359413782755534
2,melville,933,wells,7.115750114123027
2,melville,933,austen,6.9054274559021
2,melville,933,fitzgerald,7.045647303263347
2,melville,933,twain,6.805363416671753
2,melville,934,train,4.2379192352294925
2,melville,934,baum,6.905085206031799
2,melville,934,thompson,7.1508729457855225
2,melville,934,dickens,6.557982524236043
2,melville,934,melville,6.359288851420085
2,melville,934,wells,7.121674776077271
2,melville,934,austen,6.921473979949951
2,melville,934,fitzgerald,7.05365006128947
2,melville,934,twain,6.811110178629558
2,melville,935,train,4.257878112792969
2,melville,935,baum,6.921307921409607
2,melville,935,thompson,7.169130444526672
2,melville,935,dickens,6.570664286613464
2,melville,935,melville,6.371755560239156
2,melville,935,wells,7.147902687390645
2,melville,935,austen,6.926628828048706
2,melville,935,fitzgerald,7.068177700042725
2,melville,935,twain,6.827330112457275
2,melville,936,train,4.233437156677246
2,melville,936,baum,6.909101128578186
2,melville,936,thompson,7.169935703277588
2,melville,936,dickens,6.570428530375163
2,melville,936,melville,6.374975760777791
2,melville,936,wells,7.143772800763448
2,melville,936,austen,6.921926736831665
2,melville,936,fitzgerald,7.064255078633626
2,melville,936,twain,6.826399485270183
2,melville,937,train,4.209352588653564
2,melville,937,baum,6.915555119514465
2,melville,937,thompson,7.168479323387146
2,melville,937,dickens,6.566595117251079
2,melville,937,melville,6.368442535400391
2,melville,937,wells,7.147258162498474
2,melville,937,austen,6.930016756057739
2,melville,937,fitzgerald,7.06825049718221
2,melville,937,twain,6.820164044698079
2,melville,938,train,4.225757503509522
2,melville,938,baum,6.902333855628967
2,melville,938,thompson,7.148305058479309
2,melville,938,dickens,6.557619333267212
2,melville,938,melville,6.362003803253174
2,melville,938,wells,7.126743992169698
2,melville,938,austen,6.91486120223999
2,melville,938,fitzgerald,7.051393191019694
2,melville,938,twain,6.810953776041667
2,melville,939,train,4.260984325408936
2,melville,939,baum,6.922980189323425
2,melville,939,thompson,7.168813347816467
2,melville,939,dickens,6.565862933794658
2,melville,939,melville,6.367932637532552
2,melville,939,wells,7.140983025232951
2,melville,939,austen,6.923392057418823
2,melville,939,fitzgerald,7.065851291020711
2,melville,939,twain,6.818369229634603
2,melville,940,train,4.255505275726319
2,melville,940,baum,6.904093623161316
2,melville,940,thompson,7.142541527748108
2,melville,940,dickens,6.555073499679565
2,melville,940,melville,6.355146090189616
2,melville,940,wells,7.11851179599762
2,melville,940,austen,6.916918039321899
2,melville,940,fitzgerald,7.048227548599243
2,melville,940,twain,6.805799643198649
2,melville,941,train,4.2344025611877445
2,melville,941,baum,6.91388463973999
2,melville,941,thompson,7.162127375602722
2,melville,941,dickens,6.569021185239156
2,melville,941,melville,6.372960209846497
2,melville,941,wells,7.1449984312057495
2,melville,941,austen,6.926455974578857
2,melville,941,fitzgerald,7.061803102493286
2,melville,941,twain,6.825563907623291
2,melville,942,train,4.216555500030518
2,melville,942,baum,6.916553735733032
2,melville,942,thompson,7.163798093795776
2,melville,942,dickens,6.568146546681722
2,melville,942,melville,6.373376766840617
2,melville,942,wells,7.143867015838623
2,melville,942,austen,6.9352734088897705
2,melville,942,fitzgerald,7.062761704126994
2,melville,942,twain,6.817620754241943
2,melville,943,train,4.219536399841308
2,melville,943,baum,6.913938164710999
2,melville,943,thompson,7.166626572608948
2,melville,943,dickens,6.566886742909749
2,melville,943,melville,6.369827310244243
2,melville,943,wells,7.138431628545125
2,melville,943,austen,6.925787448883057
2,melville,943,fitzgerald,7.0630717277526855
2,melville,943,twain,6.823190927505493
2,melville,944,train,4.174199867248535
2,melville,944,baum,6.91562032699585
2,melville,944,thompson,7.167811989784241
2,melville,944,dickens,6.566353877385457
2,melville,944,melville,6.377129117647807
2,melville,944,wells,7.149264971415202
2,melville,944,austen,6.930164098739624
2,melville,944,fitzgerald,7.067729155222575
2,melville,944,twain,6.825982968012492
2,melville,945,train,4.223161697387695
2,melville,945,baum,6.925465106964111
2,melville,945,thompson,7.176920294761658
2,melville,945,dickens,6.570834517478943
2,melville,945,melville,6.375990668932597
2,melville,945,wells,7.147010445594788
2,melville,945,austen,6.9362852573394775
2,melville,945,fitzgerald,7.072214762369792
2,melville,945,twain,6.828856070836385
2,melville,946,train,4.187187957763672
2,melville,946,baum,6.911769270896912
2,melville,946,thompson,7.169715881347656
2,melville,946,dickens,6.567553122838338
2,melville,946,melville,6.37166957060496
2,melville,946,wells,7.14124349753062
2,melville,946,austen,6.928000450134277
2,melville,946,fitzgerald,7.06354816754659
2,melville,946,twain,6.823297341664632
2,melville,947,train,4.233624458312988
2,melville,947,baum,6.926214933395386
2,melville,947,thompson,7.182073354721069
2,melville,947,dickens,6.579103390375773
2,melville,947,melville,6.378729899724324
2,melville,947,wells,7.153080860773723
2,melville,947,austen,6.940140008926392
2,melville,947,fitzgerald,7.071956555048625
2,melville,947,twain,6.83744462331136
2,melville,948,train,4.17335729598999
2,melville,948,baum,6.922998428344727
2,melville,948,thompson,7.181981682777405
2,melville,948,dickens,6.571414788564046
2,melville,948,melville,6.380170067151387
2,melville,948,wells,7.158067067464192
2,melville,948,austen,6.942288637161255
2,melville,948,fitzgerald,7.073887904485066
2,melville,948,twain,6.830913305282593
2,melville,949,train,4.199119281768799
2,melville,949,baum,6.925496339797974
2,melville,949,thompson,7.170226812362671
2,melville,949,dickens,6.571874181429545
2,melville,949,melville,6.3758240938186646
2,melville,949,wells,7.150167425473531
2,melville,949,austen,6.939619064331055
2,melville,949,fitzgerald,7.066271702448527
2,melville,949,twain,6.829404592514038
2,melville,950,train,4.191841316223145
2,melville,950,baum,6.908954501152039
2,melville,950,thompson,7.161311030387878
2,melville,950,dickens,6.561723947525024
2,melville,950,melville,6.369818528493245
2,melville,950,wells,7.137672464052836
2,melville,950,austen,6.9206483364105225
2,melville,950,fitzgerald,7.057832717895508
2,melville,950,twain,6.822092692057292
2,melville,951,train,4.21108226776123
2,melville,951,baum,6.910288214683533
2,melville,951,thompson,7.170299768447876
2,melville,951,dickens,6.571283260981242
2,melville,951,melville,6.3765601714452105
2,melville,951,wells,7.146004478136699
2,melville,951,austen,6.9322669506073
2,melville,951,fitzgerald,7.0658970673878985
2,melville,951,twain,6.827952782313029
2,melville,952,train,4.202254867553711
2,melville,952,baum,6.92752742767334
2,melville,952,thompson,7.185558557510376
2,melville,952,dickens,6.581118067105611
2,melville,952,melville,6.386431177457173
2,melville,952,wells,7.1525983810424805
2,melville,952,austen,6.939244508743286
2,melville,952,fitzgerald,7.077570915222168
2,melville,952,twain,6.83699385325114
2,melville,953,train,4.197006893157959
2,melville,953,baum,6.919727087020874
2,melville,953,thompson,7.180234313011169
2,melville,953,dickens,6.570875366528829
2,melville,953,melville,6.376827875773112
2,melville,953,wells,7.155047059059143
2,melville,953,austen,6.939138650894165
2,melville,953,fitzgerald,7.076993227005005
2,melville,953,twain,6.83115029335022
2,melville,954,train,4.215179824829102
2,melville,954,baum,6.9254326820373535
2,melville,954,thompson,7.180495858192444
2,melville,954,dickens,6.580144961675008
2,melville,954,melville,6.381664633750916
2,melville,954,wells,7.153446316719055
2,melville,954,austen,6.934167385101318
2,melville,954,fitzgerald,7.075446367263794
2,melville,954,twain,6.8387451171875
2,melville,955,train,4.211828517913818
2,melville,955,baum,6.91132664680481
2,melville,955,thompson,7.172109603881836
2,melville,955,dickens,6.578176061312358
2,melville,955,melville,6.374382575352986
2,melville,955,wells,7.145286599795024
2,melville,955,austen,6.9401631355285645
2,melville,955,fitzgerald,7.075610160827637
2,melville,955,twain,6.83061146736145
2,melville,956,train,4.163917255401612
2,melville,956,baum,6.931849956512451
2,melville,956,thompson,7.181090474128723
2,melville,956,dickens,6.582830150922139
2,melville,956,melville,6.378904263178508
2,melville,956,wells,7.154033462206523
2,melville,956,austen,6.943392515182495
2,melville,956,fitzgerald,7.08253288269043
2,melville,956,twain,6.840087334314982
2,melville,957,train,4.203364562988281
2,melville,957,baum,6.916428446769714
2,melville,957,thompson,7.176751375198364
2,melville,957,dickens,6.5733784437179565
2,melville,957,melville,6.3756254116694135
2,melville,957,wells,7.148066560427348
2,melville,957,austen,6.93593168258667
2,melville,957,fitzgerald,7.070146401723226
2,melville,957,twain,6.828314701716105
2,melville,958,train,4.187293338775635
2,melville,958,baum,6.926109433174133
2,melville,958,thompson,7.177034616470337
2,melville,958,dickens,6.578072269757588
2,melville,958,melville,6.376363277435303
2,melville,958,wells,7.15540075302124
2,melville,958,austen,6.943213701248169
2,melville,958,fitzgerald,7.082784175872803
2,melville,958,twain,6.837988535563151
2,melville,959,train,4.194660377502442
2,melville,959,baum,6.924196839332581
2,melville,959,thompson,7.179441452026367
2,melville,959,dickens,6.576398412386577
2,melville,959,melville,6.379975597063701
2,melville,959,wells,7.160143097241719
2,melville,959,austen,6.943040132522583
2,melville,959,fitzgerald,7.0773084958394366
2,melville,959,twain,6.836696147918701
2,melville,960,train,4.174144840240478
2,melville,960,baum,6.926925420761108
2,melville,960,thompson,7.187296152114868
2,melville,960,dickens,6.581038594245911
2,melville,960,melville,6.381064494450887
2,melville,960,wells,7.160802642504375
2,melville,960,austen,6.947066307067871
2,melville,960,fitzgerald,7.084228754043579
2,melville,960,twain,6.841268698374431
2,melville,961,train,4.217416667938233
2,melville,961,baum,6.917171955108643
2,melville,961,thompson,7.173900485038757
2,melville,961,dickens,6.574498454729716
2,melville,961,melville,6.376025160153707
2,melville,961,wells,7.151331186294556
2,melville,961,austen,6.93682861328125
2,melville,961,fitzgerald,7.075482765833537
2,melville,961,twain,6.829453309377034
2,melville,962,train,4.2066093444824215
2,melville,962,baum,6.934839606285095
2,melville,962,thompson,7.1947585344314575
2,melville,962,dickens,6.586494008700053
2,melville,962,melville,6.380276322364807
2,melville,962,wells,7.167239586512248
2,melville,962,austen,6.952359914779663
2,melville,962,fitzgerald,7.085699558258057
2,melville,962,twain,6.839278221130371
2,melville,963,train,4.19923963546753
2,melville,963,baum,6.9227694272995
2,melville,963,thompson,7.179488301277161
2,melville,963,dickens,6.5805608828862505
2,melville,963,melville,6.3757414023081465
2,melville,963,wells,7.151626785596212
2,melville,963,austen,6.947467565536499
2,melville,963,fitzgerald,7.077082236607869
2,melville,963,twain,6.832122246424357
2,melville,964,train,4.180938816070556
2,melville,964,baum,6.931467413902283
2,melville,964,thompson,7.184033513069153
2,melville,964,dickens,6.582077542940776
2,melville,964,melville,6.375266273816426
2,melville,964,wells,7.156089584032695
2,melville,964,austen,6.958665132522583
2,melville,964,fitzgerald,7.084141731262207
2,melville,964,twain,6.835064093271892
2,melville,965,train,4.175151729583741
2,melville,965,baum,6.928533792495728
2,melville,965,thompson,7.183322191238403
2,melville,965,dickens,6.577451427777608
2,melville,965,melville,6.378296176592509
2,melville,965,wells,7.150750756263733
2,melville,965,austen,6.950467348098755
2,melville,965,fitzgerald,7.077296336491902
2,melville,965,twain,6.834416309992473
2,melville,966,train,4.162249660491943
2,melville,966,baum,6.922575950622559
2,melville,966,thompson,7.1731555461883545
2,melville,966,dickens,6.583563446998596
2,melville,966,melville,6.385457515716553
2,melville,966,wells,7.155411799748738
2,melville,966,austen,6.947444677352905
2,melville,966,fitzgerald,7.076085011164348
2,melville,966,twain,6.838326533635457
2,melville,967,train,4.177376747131348
2,melville,967,baum,6.936665654182434
2,melville,967,thompson,7.191835403442383
2,melville,967,dickens,6.585841457049052
2,melville,967,melville,6.380048155784607
2,melville,967,wells,7.158271908760071
2,melville,967,austen,6.949876546859741
2,melville,967,fitzgerald,7.087182362874349
2,melville,967,twain,6.841685056686401
2,melville,968,train,4.1826732635498045
2,melville,968,baum,6.942469120025635
2,melville,968,thompson,7.189799785614014
2,melville,968,dickens,6.588771899541219
2,melville,968,melville,6.382619539896647
2,melville,968,wells,7.163355986277263
2,melville,968,austen,6.952469348907471
2,melville,968,fitzgerald,7.092417160669963
2,melville,968,twain,6.842398325602214
2,melville,969,train,4.174296569824219
2,melville,969,baum,6.964754223823547
2,melville,969,thompson,7.218450546264648
2,melville,969,dickens,6.608006040255229
2,melville,969,melville,6.408961375554402
2,melville,969,wells,7.199284513791402
2,melville,969,austen,6.9724204540252686
2,melville,969,fitzgerald,7.112963517506917
2,melville,969,twain,6.867311159769694
2,melville,970,train,4.1913176536560055
2,melville,970,baum,6.931112885475159
2,melville,970,thompson,7.186678647994995
2,melville,970,dickens,6.585863153139751
2,melville,970,melville,6.38340409596761
2,melville,970,wells,7.160019636154175
2,melville,970,austen,6.954786062240601
2,melville,970,fitzgerald,7.084659179051717
2,melville,970,twain,6.838637749354045
2,melville,971,train,4.144430637359619
2,melville,971,baum,6.947566986083984
2,melville,971,thompson,7.203479886054993
2,melville,971,dickens,6.593570431073506
2,melville,971,melville,6.38713804880778
2,melville,971,wells,7.180569012959798
2,melville,971,austen,6.964152574539185
2,melville,971,fitzgerald,7.103205760320027
2,melville,971,twain,6.852590799331665
2,melville,972,train,4.192028522491455
2,melville,972,baum,6.939059019088745
2,melville,972,thompson,7.191715478897095
2,melville,972,dickens,6.586392879486084
2,melville,972,melville,6.378906567891439
2,melville,972,wells,7.160669644673665
2,melville,972,austen,6.95024299621582
2,melville,972,fitzgerald,7.0881814161936445
2,melville,972,twain,6.846130053202312
2,melville,973,train,4.174546241760254
2,melville,973,baum,6.943063020706177
2,melville,973,thompson,7.194171667098999
2,melville,973,dickens,6.5875024398167925
2,melville,973,melville,6.382232824961345
2,melville,973,wells,7.15980851650238
2,melville,973,austen,6.952307462692261
2,melville,973,fitzgerald,7.0901477336883545
2,melville,973,twain,6.8456887404123945
2,melville,974,train,4.147705841064453
2,melville,974,baum,6.956348419189453
2,melville,974,thompson,7.202077269554138
2,melville,974,dickens,6.5977933804194135
2,melville,974,melville,6.391986926396688
2,melville,974,wells,7.17759370803833
2,melville,974,austen,6.970005035400391
2,melville,974,fitzgerald,7.100479602813721
2,melville,974,twain,6.853616396586101
2,melville,975,train,4.16572380065918
2,melville,975,baum,6.968024849891663
2,melville,975,thompson,7.221700072288513
2,melville,975,dickens,6.61499559879303
2,melville,975,melville,6.404080907503764
2,melville,975,wells,7.195660432179769
2,melville,975,austen,6.986069202423096
2,melville,975,fitzgerald,7.115575631459554
2,melville,975,twain,6.87259300549825
2,melville,976,train,4.140019321441651
2,melville,976,baum,6.941830277442932
2,melville,976,thompson,7.198903322219849
2,melville,976,dickens,6.59029479821523
2,melville,976,melville,6.381299336751302
2,melville,976,wells,7.162572065989177
2,melville,976,austen,6.9553515911102295
2,melville,976,fitzgerald,7.096559047698975
2,melville,976,twain,6.852495034535726
2,melville,977,train,4.177531051635742
2,melville,977,baum,6.948413252830505
2,melville,977,thompson,7.199068188667297
2,melville,977,dickens,6.597115317980449
2,melville,977,melville,6.389308571815491
2,melville,977,wells,7.171905120213826
2,melville,977,austen,6.964208126068115
2,melville,977,fitzgerald,7.098800579706828
2,melville,977,twain,6.851461887359619
2,melville,978,train,4.187235927581787
2,melville,978,baum,6.969635248184204
2,melville,978,thompson,7.223750352859497
2,melville,978,dickens,6.60596239566803
2,melville,978,melville,6.399764498074849
2,melville,978,wells,7.184872031211853
2,melville,978,austen,6.967533826828003
2,melville,978,fitzgerald,7.111127456029256
2,melville,978,twain,6.861878951390584
2,melville,979,train,4.133335876464844
2,melville,979,baum,6.96221387386322
2,melville,979,thompson,7.210610866546631
2,melville,979,dickens,6.602568944295247
2,melville,979,melville,6.39339538415273
2,melville,979,wells,7.182557821273804
2,melville,979,austen,6.974773406982422
2,melville,979,fitzgerald,7.105276743570964
2,melville,979,twain,6.85751748085022
2,melville,980,train,4.133447170257568
2,melville,980,baum,6.961238980293274
2,melville,980,thompson,7.208208918571472
2,melville,980,dickens,6.601255098978679
2,melville,980,melville,6.396606246630351
2,melville,980,wells,7.179845134417216
2,melville,980,austen,6.968472957611084
2,melville,980,fitzgerald,7.101170539855957
2,melville,980,twain,6.857154528299968
2,melville,981,train,4.153494262695313
2,melville,981,baum,6.966034650802612
2,melville,981,thompson,7.217318296432495
2,melville,981,dickens,6.601390798886617
2,melville,981,melville,6.394012093544006
2,melville,981,wells,7.185054421424866
2,melville,981,austen,6.97463583946228
2,melville,981,fitzgerald,7.106402238210042
2,melville,981,twain,6.857364336649577
2,melville,982,train,4.153946399688721
2,melville,982,baum,6.965932369232178
2,melville,982,thompson,7.213413834571838
2,melville,982,dickens,6.606027563412984
2,melville,982,melville,6.396052082379659
2,melville,982,wells,7.182252883911133
2,melville,982,austen,6.97563099861145
2,melville,982,fitzgerald,7.107388893763225
2,melville,982,twain,6.8669313589731855
2,melville,983,train,4.147470474243164
2,melville,983,baum,6.952587604522705
2,melville,983,thompson,7.20095682144165
2,melville,983,dickens,6.595675150553386
2,melville,983,melville,6.392062624295552
2,melville,983,wells,7.175941824913025
2,melville,983,austen,6.966484785079956
2,melville,983,fitzgerald,7.102683385213216
2,melville,983,twain,6.854298830032349
2,melville,984,train,4.153288269042969
2,melville,984,baum,6.975022554397583
2,melville,984,thompson,7.213883638381958
2,melville,984,dickens,6.607239603996277
2,melville,984,melville,6.399062752723694
2,melville,984,wells,7.192776997884114
2,melville,984,austen,6.986427307128906
2,melville,984,fitzgerald,7.113209088643392
2,melville,984,twain,6.863276402155559
2,melville,985,train,4.138423919677734
2,melville,985,baum,6.972336053848267
2,melville,985,thompson,7.217985033988953
2,melville,985,dickens,6.613784948984782
2,melville,985,melville,6.40678075949351
2,melville,985,wells,7.205267548561096
2,melville,985,austen,6.984933614730835
2,melville,985,fitzgerald,7.11551570892334
2,melville,985,twain,6.8723461627960205
2,melville,986,train,4.144316577911377
2,melville,986,baum,6.965761661529541
2,melville,986,thompson,7.2126145362854
2,melville,986,dickens,6.601159532864888
2,melville,986,melville,6.397488713264465
2,melville,986,wells,7.188658515612285
2,melville,986,austen,6.972442626953125
2,melville,986,fitzgerald,7.114586273829143
2,melville,986,twain,6.858956336975098
2,melville,987,train,4.113043594360351
2,melville,987,baum,6.98419201374054
2,melville,987,thompson,7.226481556892395
2,melville,987,dickens,6.616919636726379
2,melville,987,melville,6.418361743291219
2,melville,987,wells,7.219739437103271
2,melville,987,austen,6.994890451431274
2,melville,987,fitzgerald,7.128990173339844
2,melville,987,twain,6.880016485850017
2,melville,988,train,4.1244730949401855
2,melville,988,baum,6.967126131057739
2,melville,988,thompson,7.217555284500122
2,melville,988,dickens,6.610843102137248
2,melville,988,melville,6.401283184687297
2,melville,988,wells,7.200907707214356
2,melville,988,austen,6.9844725131988525
2,melville,988,fitzgerald,7.114199320475261
2,melville,988,twain,6.87261946996053
2,melville,989,train,4.14294137954712
2,melville,989,baum,6.969062089920044
2,melville,989,thompson,7.213396787643433
2,melville,989,dickens,6.606934110323588
2,melville,989,melville,6.402698516845703
2,melville,989,wells,7.193541606267293
2,melville,989,austen,6.980581998825073
2,melville,989,fitzgerald,7.1106962362925215
2,melville,989,twain,6.86339529355367
2,melville,990,train,4.116009998321533
2,melville,990,baum,6.967506527900696
2,melville,990,thompson,7.210072636604309
2,melville,990,dickens,6.605997681617737
2,melville,990,melville,6.399832288424174
2,melville,990,wells,7.199967702229817
2,melville,990,austen,6.978680849075317
2,melville,990,fitzgerald,7.108095486958821
2,melville,990,twain,6.865813732147217
2,melville,991,train,4.126408863067627
2,melville,991,baum,6.969050765037537
2,melville,991,thompson,7.221347451210022
2,melville,991,dickens,6.618832906087239
2,melville,991,melville,6.416463772455852
2,melville,991,wells,7.1989889939626055
2,melville,991,austen,6.9837806224823
2,melville,991,fitzgerald,7.116135835647583
2,melville,991,twain,6.877082506815593
2,melville,992,train,4.129368114471435
2,melville,992,baum,6.964132070541382
2,melville,992,thompson,7.215497493743896
2,melville,992,dickens,6.603135466575623
2,melville,992,melville,6.396787881851196
2,melville,992,wells,7.189154068628947
2,melville,992,austen,6.98242974281311
2,melville,992,fitzgerald,7.113099892934163
2,melville,992,twain,6.861100991566976
2,melville,993,train,4.143255519866943
2,melville,993,baum,6.962668538093567
2,melville,993,thompson,7.204396963119507
2,melville,993,dickens,6.612337112426758
2,melville,993,melville,6.406628807385762
2,melville,993,wells,7.187376340230306
2,melville,993,austen,6.977931976318359
2,melville,993,fitzgerald,7.106438875198364
2,melville,993,twain,6.867797374725342
2,melville,994,train,4.14182939529419
2,melville,994,baum,6.973420143127441
2,melville,994,thompson,7.22302770614624
2,melville,994,dickens,6.613708178202312
2,melville,994,melville,6.397493282953898
2,melville,994,wells,7.198382139205933
2,melville,994,austen,6.9833314418792725
2,melville,994,fitzgerald,7.117364962895711
2,melville,994,twain,6.868643919626872
2,melville,995,train,4.147855949401856
2,melville,995,baum,6.964966416358948
2,melville,995,thompson,7.217599511146545
2,melville,995,dickens,6.612215797106425
2,melville,995,melville,6.403506676355998
2,melville,995,wells,7.190079689025879
2,melville,995,austen,6.970030307769775
2,melville,995,fitzgerald,7.114875078201294
2,melville,995,twain,6.864625215530396
2,melville,996,train,4.113260936737061
2,melville,996,baum,6.97223174571991
2,melville,996,thompson,7.218679070472717
2,melville,996,dickens,6.620225111643474
2,melville,996,melville,6.407588799794515
2,melville,996,wells,7.2051883935928345
2,melville,996,austen,6.991598606109619
2,melville,996,fitzgerald,7.112901528676351
2,melville,996,twain,6.874260346094768
2,melville,997,train,4.140596580505371
2,melville,997,baum,6.979974150657654
2,melville,997,thompson,7.234108686447143
2,melville,997,dickens,6.630892356236775
2,melville,997,melville,6.420295357704163
2,melville,997,wells,7.219739556312561
2,melville,997,austen,7.003398656845093
2,melville,997,fitzgerald,7.130810976028442
2,melville,997,twain,6.885750452677409
2,melville,998,train,4.117513751983642
2,melville,998,baum,6.972880959510803
2,melville,998,thompson,7.225176930427551
2,melville,998,dickens,6.620895067850749
2,melville,998,melville,6.4084731340408325
2,melville,998,wells,7.200067162513733
2,melville,998,austen,6.9921040534973145
2,melville,998,fitzgerald,7.124813318252564
2,melville,998,twain,6.875457922617595
2,melville,999,train,4.130365371704102
2,melville,999,baum,6.971779227256775
2,melville,999,thompson,7.22555685043335
2,melville,999,dickens,6.620087464650472
2,melville,999,melville,6.407944281895955
2,melville,999,wells,7.201475342114766
2,melville,999,austen,6.989901304244995
2,melville,999,fitzgerald,7.119259834289551
2,melville,999,twain,6.878423770268758
2,melville,1000,train,4.126024055480957
2,melville,1000,baum,6.972721695899963
2,melville,1000,thompson,7.228916883468628
2,melville,1000,dickens,6.621019919713338
2,melville,1000,melville,6.408853689829509
2,melville,1000,wells,7.208933432896932
2,melville,1000,austen,6.990192651748657
2,melville,1000,fitzgerald,7.124740282694499
2,melville,1000,twain,6.878833770751953
2,melville,1001,train,4.096671867370605
2,melville,1001,baum,6.977110266685486
2,melville,1001,thompson,7.235671520233154
2,melville,1001,dickens,6.619642615318298
2,melville,1001,melville,6.406914631525676
2,melville,1001,wells,7.2119578917821245
2,melville,1001,austen,6.992038726806641
2,melville,1001,fitzgerald,7.129699945449829
2,melville,1001,twain,6.881286223729451
2,melville,1002,train,4.087439060211182
2,melville,1002,baum,6.964333295822144
2,melville,1002,thompson,7.22226881980896
2,melville,1002,dickens,6.619977355003357
2,melville,1002,melville,6.4059849580128985
2,melville,1002,wells,7.201596061388652
2,melville,1002,austen,6.995512008666992
2,melville,1002,fitzgerald,7.123355706532796
2,melville,1002,twain,6.877970536549886
2,melville,1003,train,4.1260480880737305
2,melville,1003,baum,6.972304940223694
2,melville,1003,thompson,7.229116797447205
2,melville,1003,dickens,6.620822707811992
2,melville,1003,melville,6.40496039390564
2,melville,1003,wells,7.202634374300639
2,melville,1003,austen,6.994902610778809
2,melville,1003,fitzgerald,7.1276140213012695
2,melville,1003,twain,6.877486069997151
2,melville,1004,train,4.091930103302002
2,melville,1004,baum,6.964840650558472
2,melville,1004,thompson,7.22032880783081
2,melville,1004,dickens,6.617445786794026
2,melville,1004,melville,6.400588432947795
2,melville,1004,wells,7.197280446688334
2,melville,1004,austen,6.985422849655151
2,melville,1004,fitzgerald,7.116758823394775
2,melville,1004,twain,6.872548421223958
2,melville,1005,train,4.125842666625976
2,melville,1005,baum,6.980045557022095
2,melville,1005,thompson,7.226328134536743
2,melville,1005,dickens,6.6289292971293134
2,melville,1005,melville,6.408209005991618
2,melville,1005,wells,7.197797536849976
2,melville,1005,austen,6.998258829116821
2,melville,1005,fitzgerald,7.1250795523325605
2,melville,1005,twain,6.884020725886027
2,melville,1006,train,4.102726650238037
2,melville,1006,baum,6.967106938362122
2,melville,1006,thompson,7.220714449882507
2,melville,1006,dickens,6.621131618817647
2,melville,1006,melville,6.4074147542317705
2,melville,1006,wells,7.200955867767334
2,melville,1006,austen,6.993389844894409
2,melville,1006,fitzgerald,7.121355692545573
2,melville,1006,twain,6.879666884740193
2,melville,1007,train,4.100743293762207
2,melville,1007,baum,6.976792454719544
2,melville,1007,thompson,7.231401562690735
2,melville,1007,dickens,6.6267432769139605
2,melville,1007,melville,6.407849550247192
2,melville,1007,wells,7.207519451777141
2,melville,1007,austen,6.99433159828186
2,melville,1007,fitzgerald,7.128579139709473
2,melville,1007,twain,6.881844520568848
2,melville,1008,train,4.091979503631592
2,melville,1008,baum,6.972679615020752
2,melville,1008,thompson,7.227486491203308
2,melville,1008,dickens,6.623609304428101
2,melville,1008,melville,6.408515612284343
2,melville,1008,wells,7.205855170885722
2,melville,1008,austen,6.996317625045776
2,melville,1008,fitzgerald,7.131802082061768
2,melville,1008,twain,6.876888751983643
2,melville,1009,train,4.111370086669922
2,melville,1009,baum,6.993051052093506
2,melville,1009,thompson,7.2478262186050415
2,melville,1009,dickens,6.641063729921977
2,melville,1009,melville,6.420408884684245
2,melville,1009,wells,7.22383729616801
2,melville,1009,austen,7.01440167427063
2,melville,1009,fitzgerald,7.145641088485718
2,melville,1009,twain,6.893249909083049
2,melville,1010,train,4.099051475524902
2,melville,1010,baum,6.962967395782471
2,melville,1010,thompson,7.223289728164673
2,melville,1010,dickens,6.626181721687317
2,melville,1010,melville,6.40902837117513
2,melville,1010,wells,7.199880520502727
2,melville,1010,austen,6.994366884231567
2,melville,1010,fitzgerald,7.121496041615804
2,melville,1010,twain,6.882831017176311
2,melville,1011,train,4.100580883026123
2,melville,1011,baum,6.972419738769531
2,melville,1011,thompson,7.229397177696228
2,melville,1011,dickens,6.622949520746867
2,melville,1011,melville,6.405133565266927
2,melville,1011,wells,7.210330923398335
2,melville,1011,austen,7.000678539276123
2,melville,1011,fitzgerald,7.129090706507365
2,melville,1011,twain,6.8815352121988935
2,melville,1012,train,4.114035511016846
2,melville,1012,baum,6.981481075286865
2,melville,1012,thompson,7.241743206977844
2,melville,1012,dickens,6.631977200508118
2,melville,1012,melville,6.417956312497457
2,melville,1012,wells,7.217453082402547
2,melville,1012,austen,7.012252807617188
2,melville,1012,fitzgerald,7.13931671778361
2,melville,1012,twain,6.886709610621135
2,melville,1013,train,4.094808197021484
2,melville,1013,baum,6.972244739532471
2,melville,1013,thompson,7.228952407836914
2,melville,1013,dickens,6.629364172617595
2,melville,1013,melville,6.41273311773936
2,melville,1013,wells,7.212913831075032
2,melville,1013,austen,6.9992592334747314
2,melville,1013,fitzgerald,7.129681428273519
2,melville,1013,twain,6.884107271830241
2,melville,1014,train,4.087676239013672
2,melville,1014,baum,6.9852412939071655
2,melville,1014,thompson,7.244125247001648
2,melville,1014,dickens,6.63437032699585
2,melville,1014,melville,6.4131598472595215
2,melville,1014,wells,7.221642851829529
2,melville,1014,austen,7.007977485656738
2,melville,1014,fitzgerald,7.141396760940552
2,melville,1014,twain,6.89085594813029
2,melville,1015,train,4.08526496887207
2,melville,1015,baum,6.975376725196838
2,melville,1015,thompson,7.2348363399505615
2,melville,1015,dickens,6.627471725145976
2,melville,1015,melville,6.416147391001384
2,melville,1015,wells,7.214337269465129
2,melville,1015,austen,6.994093179702759
2,melville,1015,fitzgerald,7.131303230921428
2,melville,1015,twain,6.885637362798055
2,melville,1016,train,4.086946105957031
2,melville,1016,baum,6.993852257728577
2,melville,1016,thompson,7.252533674240112
2,melville,1016,dickens,6.639226198196411
2,melville,1016,melville,6.416495323181152
2,melville,1016,wells,7.222207109133403
2,melville,1016,austen,7.015835762023926
2,melville,1016,fitzgerald,7.14524261156718
2,melville,1016,twain,6.894297281901042
2,melville,1017,train,4.0753944396972654
2,melville,1017,baum,6.986564517021179
2,melville,1017,thompson,7.240934610366821
2,melville,1017,dickens,6.6319897174835205
2,melville,1017,melville,6.41873300075531
2,melville,1017,wells,7.215113759040832
2,melville,1017,austen,7.004339933395386
2,melville,1017,fitzgerald,7.137278397878011
2,melville,1017,twain,6.889777104059855
2,melville,1018,train,4.098594284057617
2,melville,1018,baum,6.998036861419678
2,melville,1018,thompson,7.258305430412292
2,melville,1018,dickens,6.6390382051467896
2,melville,1018,melville,6.42445707321167
2,melville,1018,wells,7.23624587059021
2,melville,1018,austen,7.020469427108765
2,melville,1018,fitzgerald,7.15430227915446
2,melville,1018,twain,6.903228521347046
2,melville,1019,train,4.064539241790771
2,melville,1019,baum,7.005182862281799
2,melville,1019,thompson,7.256356120109558
2,melville,1019,dickens,6.641414205233256
2,melville,1019,melville,6.421626011530559
2,melville,1019,wells,7.234205683072408
2,melville,1019,austen,7.0215699672698975
2,melville,1019,fitzgerald,7.154862960179647
2,melville,1019,twain,6.899320681889852
2,melville,1020,train,4.123233699798584
2,melville,1020,baum,6.981266379356384
2,melville,1020,thompson,7.234277248382568
2,melville,1020,dickens,6.629987915356954
2,melville,1020,melville,6.409162084261577
2,melville,1020,wells,7.211002071698506
2,melville,1020,austen,7.010159254074097
2,melville,1020,fitzgerald,7.138597011566162
2,melville,1020,twain,6.882706085840861
2,melville,1021,train,4.080277919769287
2,melville,1021,baum,6.998953223228455
2,melville,1021,thompson,7.252703905105591
2,melville,1021,dickens,6.643576820691426
2,melville,1021,melville,6.423023184140523
2,melville,1021,wells,7.231839815775554
2,melville,1021,austen,7.033684492111206
2,melville,1021,fitzgerald,7.154416879018148
2,melville,1021,twain,6.898705164591472
2,melville,1022,train,4.059838104248047
2,melville,1022,baum,6.994850158691406
2,melville,1022,thompson,7.247899174690247
2,melville,1022,dickens,6.641524950663249
2,melville,1022,melville,6.423311630884807
2,melville,1022,wells,7.226949373881022
2,melville,1022,austen,7.021715879440308
2,melville,1022,fitzgerald,7.147538820902507
2,melville,1022,twain,6.89473295211792
2,melville,1023,train,4.08325080871582
2,melville,1023,baum,6.9867182970047
2,melville,1023,thompson,7.245384335517883
2,melville,1023,dickens,6.636880914370219
2,melville,1023,melville,6.415946880976359
2,melville,1023,wells,7.222702503204346
2,melville,1023,austen,7.022407531738281
2,melville,1023,fitzgerald,7.144723494847615
2,melville,1023,twain,6.895864168802897
2,melville,1024,train,4.073826885223388
2,melville,1024,baum,6.989848971366882
2,melville,1024,thompson,7.255215525627136
2,melville,1024,dickens,6.6361996332804365
2,melville,1024,melville,6.415730079015096
2,melville,1024,wells,7.221057891845703
2,melville,1024,austen,7.016029357910156
2,melville,1024,fitzgerald,7.149172226587932
2,melville,1024,twain,6.897009213765462
2,melville,1025,train,4.073140430450439
2,melville,1025,baum,6.995275616645813
2,melville,1025,thompson,7.2630438804626465
2,melville,1025,dickens,6.642114877700806
2,melville,1025,melville,6.422268788019816
2,melville,1025,wells,7.23149847984314
2,melville,1025,austen,7.024433851242065
2,melville,1025,fitzgerald,7.151991764704387
2,melville,1025,twain,6.902896483739217
2,melville,1026,train,4.062183570861817
2,melville,1026,baum,6.994679927825928
2,melville,1026,thompson,7.256115078926086
2,melville,1026,dickens,6.638944586118062
2,melville,1026,melville,6.418497602144877
2,melville,1026,wells,7.232195734977722
2,melville,1026,austen,7.028557777404785
2,melville,1026,fitzgerald,7.15191388130188
2,melville,1026,twain,6.90300178527832
2,melville,1027,train,4.077729415893555
2,melville,1027,baum,7.003273844718933
2,melville,1027,thompson,7.257534503936768
2,melville,1027,dickens,6.646487633387248
2,melville,1027,melville,6.425787289937337
2,melville,1027,wells,7.241944789886475
2,melville,1027,austen,7.029581069946289
2,melville,1027,fitzgerald,7.153354406356812
2,melville,1027,twain,6.905528545379639
2,melville,1028,train,4.052443122863769
2,melville,1028,baum,7.005170941352844
2,melville,1028,thompson,7.263388752937317
2,melville,1028,dickens,6.645081718762715
2,melville,1028,melville,6.4260618686676025
2,melville,1028,wells,7.242071111996968
2,melville,1028,austen,7.031012773513794
2,melville,1028,fitzgerald,7.15520183245341
2,melville,1028,twain,6.904428243637085
2,melville,1029,train,4.0572083473205565
2,melville,1029,baum,7.010103225708008
2,melville,1029,thompson,7.269525408744812
2,melville,1029,dickens,6.655478318532308
2,melville,1029,melville,6.431530396143596
2,melville,1029,wells,7.250863830248515
2,melville,1029,austen,7.038119316101074
2,melville,1029,fitzgerald,7.165647745132446
2,melville,1029,twain,6.916203260421753
2,melville,1030,train,4.079087638854981
2,melville,1030,baum,7.003496885299683
2,melville,1030,thompson,7.263882994651794
2,melville,1030,dickens,6.652628382047017
2,melville,1030,melville,6.431513071060181
2,melville,1030,wells,7.245637694994609
2,melville,1030,austen,7.032781362533569
2,melville,1030,fitzgerald,7.160067558288574
2,melville,1030,twain,6.915733893712361
2,melville,1031,train,4.066543483734131
2,melville,1031,baum,7.008299946784973
2,melville,1031,thompson,7.272272229194641
2,melville,1031,dickens,6.655547936757405
2,melville,1031,melville,6.434278130531311
2,melville,1031,wells,7.259528636932373
2,melville,1031,austen,7.050179719924927
2,melville,1031,fitzgerald,7.167530616124471
2,melville,1031,twain,6.917485475540161
2,melville,1032,train,4.05427474975586
2,melville,1032,baum,6.993083119392395
2,melville,1032,thompson,7.2570260763168335
2,melville,1032,dickens,6.642682552337647
2,melville,1032,melville,6.418608069419861
2,melville,1032,wells,7.233530243237813
2,melville,1032,austen,7.021504163742065
2,melville,1032,fitzgerald,7.156159003575643
2,melville,1032,twain,6.90463399887085
2,melville,1033,train,4.069601058959961
2,melville,1033,baum,6.999295115470886
2,melville,1033,thompson,7.260136485099792
2,melville,1033,dickens,6.643288373947144
2,melville,1033,melville,6.420456290245056
2,melville,1033,wells,7.23685069878896
2,melville,1033,austen,7.024441003799439
2,melville,1033,fitzgerald,7.156215190887451
2,melville,1033,twain,6.905693372090657
2,melville,1034,train,4.038211822509766
2,melville,1034,baum,6.995669484138489
2,melville,1034,thompson,7.2500540018081665
2,melville,1034,dickens,6.645455837249756
2,melville,1034,melville,6.417630791664124
2,melville,1034,wells,7.227765202522278
2,melville,1034,austen,7.026888370513916
2,melville,1034,fitzgerald,7.154044151306152
2,melville,1034,twain,6.902906497319539
2,melville,1035,train,4.042106914520264
2,melville,1035,baum,7.007448196411133
2,melville,1035,thompson,7.26129686832428
2,melville,1035,dickens,6.653765797615051
2,melville,1035,melville,6.432261824607849
2,melville,1035,wells,7.249234557151794
2,melville,1035,austen,7.032310724258423
2,melville,1035,fitzgerald,7.1633297602335615
2,melville,1035,twain,6.914853096008301
2,melville,1036,train,4.069155693054199
2,melville,1036,baum,7.006119728088379
2,melville,1036,thompson,7.266820311546326
2,melville,1036,dickens,6.653047680854797
2,melville,1036,melville,6.4272003173828125
2,melville,1036,wells,7.23816978931427
2,melville,1036,austen,7.02346134185791
2,melville,1036,fitzgerald,7.158815304438273
2,melville,1036,twain,6.912870566050212
2,melville,1037,train,4.027171516418457
2,melville,1037,baum,7.012768626213074
2,melville,1037,thompson,7.268604874610901
2,melville,1037,dickens,6.664334853490193
2,melville,1037,melville,6.437973459561666
2,melville,1037,wells,7.251406192779541
2,melville,1037,austen,7.040482759475708
2,melville,1037,fitzgerald,7.165647427241008
2,melville,1037,twain,6.921749830245972
2,melville,1038,train,4.070171451568603
2,melville,1038,baum,7.008852243423462
2,melville,1038,thompson,7.268866062164307
2,melville,1038,dickens,6.657465219497681
2,melville,1038,melville,6.431964675585429
2,melville,1038,wells,7.252140839894612
2,melville,1038,austen,7.040700197219849
2,melville,1038,fitzgerald,7.164710919062297
2,melville,1038,twain,6.915841579437256
2,melville,1039,train,4.04091362953186
2,melville,1039,baum,7.005042910575867
2,melville,1039,thompson,7.263992071151733
2,melville,1039,dickens,6.647130727767944
2,melville,1039,melville,6.422694722811381
2,melville,1039,wells,7.241757710774739
2,melville,1039,austen,7.035109758377075
2,melville,1039,fitzgerald,7.160861015319824
2,melville,1039,twain,6.9110260009765625
2,melville,1040,train,4.0348350524902346
2,melville,1040,baum,7.006703853607178
2,melville,1040,thompson,7.274097561836243
2,melville,1040,dickens,6.653717557589213
2,melville,1040,melville,6.426924745241801
2,melville,1040,wells,7.254547874132792
2,melville,1040,austen,7.038273572921753
2,melville,1040,fitzgerald,7.167513211568196
2,melville,1040,twain,6.918793121973674
2,melville,1041,train,4.068665981292725
2,melville,1041,baum,7.005376696586609
2,melville,1041,thompson,7.269268989562988
2,melville,1041,dickens,6.649662574132283
2,melville,1041,melville,6.426227966944377
2,melville,1041,wells,7.243254979451497
2,melville,1041,austen,7.030485153198242
2,melville,1041,fitzgerald,7.164957443873088
2,melville,1041,twain,6.913658142089844
2,melville,1042,train,4.027964925765991
2,melville,1042,baum,7.012015342712402
2,melville,1042,thompson,7.277010917663574
2,melville,1042,dickens,6.664617816607158
2,melville,1042,melville,6.430802981058757
2,melville,1042,wells,7.249955018361409
2,melville,1042,austen,7.045544862747192
2,melville,1042,fitzgerald,7.170699675877889
2,melville,1042,twain,6.925354719161987
2,melville,1043,train,4.050050449371338
2,melville,1043,baum,7.024564266204834
2,melville,1043,thompson,7.291976690292358
2,melville,1043,dickens,6.668905258178711
2,melville,1043,melville,6.439197182655335
2,melville,1043,wells,7.267135858535767
2,melville,1043,austen,7.051843643188477
2,melville,1043,fitzgerald,7.187037706375122
2,melville,1043,twain,6.931466738382976
2,melville,1044,train,4.034965991973877
2,melville,1044,baum,7.031386613845825
2,melville,1044,thompson,7.29151177406311
2,melville,1044,dickens,6.669639190038045
2,melville,1044,melville,6.442543148994446
2,melville,1044,wells,7.269487619400024
2,melville,1044,austen,7.041516542434692
2,melville,1044,fitzgerald,7.181097428003947
2,melville,1044,twain,6.932417154312134
2,melville,1045,train,4.047111845016479
2,melville,1045,baum,7.0059897899627686
2,melville,1045,thompson,7.270789623260498
2,melville,1045,dickens,6.658895532290141
2,melville,1045,melville,6.423984050750732
2,melville,1045,wells,7.240597526232402
2,melville,1045,austen,7.037976026535034
2,melville,1045,fitzgerald,7.169035355250041
2,melville,1045,twain,6.914700269699097
2,melville,1046,train,4.014031219482422
2,melville,1046,baum,7.024481415748596
2,melville,1046,thompson,7.2934921979904175
2,melville,1046,dickens,6.669640342394511
2,melville,1046,melville,6.441783666610718
2,melville,1046,wells,7.263494292894999
2,melville,1046,austen,7.048808097839356
2,melville,1046,fitzgerald,7.1869856516520185
2,melville,1046,twain,6.931920846303304
2,melville,1047,train,4.061054229736328
2,melville,1047,baum,7.020678997039795
2,melville,1047,thompson,7.289964556694031
2,melville,1047,dickens,6.667045156160991
2,melville,1047,melville,6.438996911048889
2,melville,1047,wells,7.264220396677653
2,melville,1047,austen,7.050823211669922
2,melville,1047,fitzgerald,7.181852340698242
2,melville,1047,twain,6.929297049840291
2,melville,1048,train,4.051563405990601
2,melville,1048,baum,7.035097360610962
2,melville,1048,thompson,7.3009055852890015
2,melville,1048,dickens,6.675559083620708
2,melville,1048,melville,6.453226923942566
2,melville,1048,wells,7.28025468190511
2,melville,1048,austen,7.055647850036621
2,melville,1048,fitzgerald,7.187959909439087
2,melville,1048,twain,6.939500013987224
2,melville,1049,train,4.042314195632935
2,melville,1049,baum,7.039047360420227
2,melville,1049,thompson,7.303995370864868
2,melville,1049,dickens,6.668762445449829
2,melville,1049,melville,6.439894636472066
2,melville,1049,wells,7.276218930880229
2,melville,1049,austen,7.05218243598938
2,melville,1049,fitzgerald,7.191269397735596
2,melville,1049,twain,6.934126774470012
2,melville,1050,train,4.034803009033203
2,melville,1050,baum,7.028903841972351
2,melville,1050,thompson,7.293594121932983
2,melville,1050,dickens,6.670106927553813
2,melville,1050,melville,6.44197690486908
2,melville,1050,wells,7.266069014867146
2,melville,1050,austen,7.049979209899902
2,melville,1050,fitzgerald,7.18480920791626
2,melville,1050,twain,6.927121162414551
2,melville,1051,train,4.02744688987732
2,melville,1051,baum,7.031373620033264
2,melville,1051,thompson,7.300087213516235
2,melville,1051,dickens,6.672219038009644
2,melville,1051,melville,6.445309281349182
2,melville,1051,wells,7.275004704793294
2,melville,1051,austen,7.056772470474243
2,melville,1051,fitzgerald,7.191140095392863
2,melville,1051,twain,6.940541346867879
2,melville,1052,train,4.024739074707031
2,melville,1052,baum,7.019672989845276
2,melville,1052,thompson,7.286605358123779
2,melville,1052,dickens,6.6614270607630415
2,melville,1052,melville,6.434145212173462
2,melville,1052,wells,7.257037838300069
2,melville,1052,austen,7.0425333976745605
2,melville,1052,fitzgerald,7.174400091171265
2,melville,1052,twain,6.928425868352254
2,melville,1053,train,4.00020694732666
2,melville,1053,baum,7.028984069824219
2,melville,1053,thompson,7.294442892074585
2,melville,1053,dickens,6.670198202133179
2,melville,1053,melville,6.440335392951965
2,melville,1053,wells,7.267080187797546
2,melville,1053,austen,7.054126977920532
2,melville,1053,fitzgerald,7.187848250071208
2,melville,1053,twain,6.9310680230458575
2,melville,1054,train,4.004166793823242
2,melville,1054,baum,7.041730046272278
2,melville,1054,thompson,7.300747871398926
2,melville,1054,dickens,6.674339811007182
2,melville,1054,melville,6.44952666759491
2,melville,1054,wells,7.279289166132609
2,melville,1054,austen,7.05845046043396
2,melville,1054,fitzgerald,7.192176739374797
2,melville,1054,twain,6.939947923024495
2,melville,1055,train,4.020473957061768
2,melville,1055,baum,7.02324366569519
2,melville,1055,thompson,7.298908591270447
2,melville,1055,dickens,6.668428182601929
2,melville,1055,melville,6.4484498500823975
2,melville,1055,wells,7.27378253142039
2,melville,1055,austen,7.053662061691284
2,melville,1055,fitzgerald,7.187273820241292
2,melville,1055,twain,6.937924226125081
2,melville,1056,train,4.025819253921509
2,melville,1056,baum,7.052978157997131
2,melville,1056,thompson,7.314206123352051
2,melville,1056,dickens,6.684067527453105
2,melville,1056,melville,6.453142762184143
2,melville,1056,wells,7.28721038500468
2,melville,1056,austen,7.0765540599823
2,melville,1056,fitzgerald,7.202988147735596
2,melville,1056,twain,6.947717348734538
2,melville,1057,train,4.017157936096192
2,melville,1057,baum,7.025982737541199
2,melville,1057,thompson,7.294320821762085
2,melville,1057,dickens,6.666880806287129
2,melville,1057,melville,6.437879920005798
2,melville,1057,wells,7.262332638104756
2,melville,1057,austen,7.046776294708252
2,melville,1057,fitzgerald,7.182533184687297
2,melville,1057,twain,6.926947514216105
2,melville,1058,train,4.03384313583374
2,melville,1058,baum,7.039747714996338
2,melville,1058,thompson,7.297730922698975
2,melville,1058,dickens,6.678997437159221
2,melville,1058,melville,6.444648901621501
2,melville,1058,wells,7.272429466247559
2,melville,1058,austen,7.067744255065918
2,melville,1058,fitzgerald,7.188977479934692
2,melville,1058,twain,6.939105272293091
2,melville,1059,train,4.0027941226959225
2,melville,1059,baum,7.021166205406189
2,melville,1059,thompson,7.28311288356781
2,melville,1059,dickens,6.673587560653687
2,melville,1059,melville,6.439256429672241
2,melville,1059,wells,7.263538519541423
2,melville,1059,austen,7.057493686676025
2,melville,1059,fitzgerald,7.182298421859741
2,melville,1059,twain,6.935889323552449
2,melville,1060,train,4.005497312545776
2,melville,1060,baum,7.044766783714294
2,melville,1060,thompson,7.304391622543335
2,melville,1060,dickens,6.679057677586873
2,melville,1060,melville,6.448022127151489
2,melville,1060,wells,7.285092790921529
2,melville,1060,austen,7.056070327758789
2,melville,1060,fitzgerald,7.197335720062256
2,melville,1060,twain,6.944378137588501
2,melville,1061,train,4.0151848793029785
2,melville,1061,baum,7.051688551902771
2,melville,1061,thompson,7.31104564666748
2,melville,1061,dickens,6.687553644180298
2,melville,1061,melville,6.457450032234192
2,melville,1061,wells,7.285928289095561
2,melville,1061,austen,7.069553375244141
2,melville,1061,fitzgerald,7.204780658086141
2,melville,1061,twain,6.9487026532491045
2,melville,1062,train,3.9930113792419433
2,melville,1062,baum,7.030686020851135
2,melville,1062,thompson,7.29463803768158
2,melville,1062,dickens,6.676988323529561
2,melville,1062,melville,6.450039426485698
2,melville,1062,wells,7.275900046030681
2,melville,1062,austen,7.0648229122161865
2,melville,1062,fitzgerald,7.191682656606038
2,melville,1062,twain,6.936967372894287
2,melville,1063,train,4.013205480575562
2,melville,1063,baum,7.031308531761169
2,melville,1063,thompson,7.302764654159546
2,melville,1063,dickens,6.679760853449504
2,melville,1063,melville,6.449114640553792
2,melville,1063,wells,7.274067441622416
2,melville,1063,austen,7.061128616333008
2,melville,1063,fitzgerald,7.195496082305908
2,melville,1063,twain,6.944457213083903
2,melville,1064,train,4.02305850982666
2,melville,1064,baum,7.032995581626892
2,melville,1064,thompson,7.294171214103699
2,melville,1064,dickens,6.6728207270304365
2,melville,1064,melville,6.440866827964783
2,melville,1064,wells,7.269151488939921
2,melville,1064,austen,7.063905954360962
2,melville,1064,fitzgerald,7.189010540644328
2,melville,1064,twain,6.936232725779216
2,melville,1065,train,4.027453851699829
2,melville,1065,baum,7.043179988861084
2,melville,1065,thompson,7.306991219520569
2,melville,1065,dickens,6.692716081937154
2,melville,1065,melville,6.462840119997661
2,melville,1065,wells,7.283074259757996
2,melville,1065,austen,7.062847375869751
2,melville,1065,fitzgerald,7.200860420862834
2,melville,1065,twain,6.953948338826497
2,melville,1066,train,3.995703840255737
2,melville,1066,baum,7.0375412702560425
2,melville,1066,thompson,7.30666983127594
2,melville,1066,dickens,6.682780106862386
2,melville,1066,melville,6.446608940760295
2,melville,1066,wells,7.283979177474976
2,melville,1066,austen,7.074809551239014
2,melville,1066,fitzgerald,7.199352423350017
2,melville,1066,twain,6.9442458152771
2,melville,1067,train,4.002084684371948
2,melville,1067,baum,7.0369778871536255
2,melville,1067,thompson,7.312918663024902
2,melville,1067,dickens,6.68920636177063
2,melville,1067,melville,6.456358512242635
2,melville,1067,wells,7.28397524356842
2,melville,1067,austen,7.061169862747192
2,melville,1067,fitzgerald,7.205922285715739
2,melville,1067,twain,6.950960795084636
2,melville,1068,train,3.9868226051330566
2,melville,1068,baum,7.030829429626465
2,melville,1068,thompson,7.300122380256653
2,melville,1068,dickens,6.680777708689372
2,melville,1068,melville,6.44148313999176
2,melville,1068,wells,7.267914613087972
2,melville,1068,austen,7.060930490493774
2,melville,1068,fitzgerald,7.198184013366699
2,melville,1068,twain,6.941476345062256
2,melville,1069,train,3.991036224365234
2,melville,1069,baum,7.052479028701782
2,melville,1069,thompson,7.319323778152466
2,melville,1069,dickens,6.692908883094788
2,melville,1069,melville,6.458496769269307
2,melville,1069,wells,7.29404354095459
2,melville,1069,austen,7.076174974441528
2,melville,1069,fitzgerald,7.211169163386027
2,melville,1069,twain,6.959100246429443
2,melville,1070,train,3.9993020057678224
2,melville,1070,baum,7.033525109291077
2,melville,1070,thompson,7.303003191947937
2,melville,1070,dickens,6.685386776924133
2,melville,1070,melville,6.445559064547221
2,melville,1070,wells,7.276692271232605
2,melville,1070,austen,7.069351673126221
2,melville,1070,fitzgerald,7.1983536084493
2,melville,1070,twain,6.946033875147502
2,melville,1071,train,4.021305274963379
2,melville,1071,baum,7.0382102727890015
2,melville,1071,thompson,7.306999921798706
2,melville,1071,dickens,6.68818195660909
2,melville,1071,melville,6.456275979677836
2,melville,1071,wells,7.285622159639995
2,melville,1071,austen,7.069913387298584
2,melville,1071,fitzgerald,7.199506839116414
2,melville,1071,twain,6.958017905553182
2,melville,1072,train,4.007917737960815
2,melville,1072,baum,7.02692461013794
2,melville,1072,thompson,7.306679964065552
2,melville,1072,dickens,6.6888508796691895
2,melville,1072,melville,6.451800147692363
2,melville,1072,wells,7.283478021621704
2,melville,1072,austen,7.063530445098877
2,melville,1072,fitzgerald,7.2013232707977295
2,melville,1072,twain,6.954017559687297
2,melville,1073,train,3.9651565074920656
2,melville,1073,baum,7.041031002998352
2,melville,1073,thompson,7.312971591949463
2,melville,1073,dickens,6.695003231366475
2,melville,1073,melville,6.458780646324158
2,melville,1073,wells,7.291442950566609
2,melville,1073,austen,7.075476169586182
2,melville,1073,fitzgerald,7.205661296844482
2,melville,1073,twain,6.95873498916626
2,melville,1074,train,3.970039796829224
2,melville,1074,baum,7.039080858230591
2,melville,1074,thompson,7.307314991950989
2,melville,1074,dickens,6.687374194463094
2,melville,1074,melville,6.449023683865865
2,melville,1074,wells,7.279695630073547
2,melville,1074,austen,7.0740602016448975
2,melville,1074,fitzgerald,7.201698223749797
2,melville,1074,twain,6.950063467025757
2,melville,1075,train,3.966303586959839
2,melville,1075,baum,7.046781897544861
2,melville,1075,thompson,7.310828685760498
2,melville,1075,dickens,6.689320802688599
2,melville,1075,melville,6.450685024261475
2,melville,1075,wells,7.284938295682271
2,melville,1075,austen,7.078524827957153
2,melville,1075,fitzgerald,7.207945028940837
2,melville,1075,twain,6.957356452941895
2,melville,1076,train,3.972992753982544
2,melville,1076,baum,7.046068787574768
2,melville,1076,thompson,7.315616011619568
2,melville,1076,dickens,6.699541052182515
2,melville,1076,melville,6.463507254918416
2,melville,1076,wells,7.295084675153096
2,melville,1076,austen,7.081984758377075
2,melville,1076,fitzgerald,7.208892901738484
2,melville,1076,twain,6.965120792388916
2,melville,1077,train,3.997452402114868
2,melville,1077,baum,7.063510656356812
2,melville,1077,thompson,7.330064296722412
2,melville,1077,dickens,6.698612213134766
2,melville,1077,melville,6.457943042119344
2,melville,1077,wells,7.301475008328755
2,melville,1077,austen,7.080577611923218
2,melville,1077,fitzgerald,7.218709230422974
2,melville,1077,twain,6.96517284711202
2,melville,1078,train,3.9462185859680177
2,melville,1078,baum,7.074150085449219
2,melville,1078,thompson,7.3415364027023315
2,melville,1078,dickens,6.705400427182515
2,melville,1078,melville,6.468918800354004
2,melville,1078,wells,7.316804726918538
2,melville,1078,austen,7.090472936630249
2,melville,1078,fitzgerald,7.233175913492839
2,melville,1078,twain,6.973767201105754
2,melville,1079,train,3.9751235485076895
2,melville,1079,baum,7.04993999004364
2,melville,1079,thompson,7.321889400482178
2,melville,1079,dickens,6.694655617078145
2,melville,1079,melville,6.45933202902476
2,melville,1079,wells,7.301088690757751
2,melville,1079,austen,7.085108995437622
2,melville,1079,fitzgerald,7.218369563420613
2,melville,1079,twain,6.960931221644084
2,melville,1080,train,3.994511079788208
2,melville,1080,baum,7.0708653926849365
2,melville,1080,thompson,7.340622305870056
2,melville,1080,dickens,6.706890145937602
2,melville,1080,melville,6.462408900260925
2,melville,1080,wells,7.3194553454717
2,melville,1080,austen,7.102589845657349
2,melville,1080,fitzgerald,7.23179833094279
2,melville,1080,twain,6.9728585084279375
2,melville,1081,train,3.954334115982056
2,melville,1081,baum,7.049822568893433
2,melville,1081,thompson,7.3243385553359985
2,melville,1081,dickens,6.698796470959981
2,melville,1081,melville,6.457224011421204
2,melville,1081,wells,7.301150282224019
2,melville,1081,austen,7.087143421173096
2,melville,1081,fitzgerald,7.21063232421875
2,melville,1081,twain,6.9647417068481445
2,melville,1082,train,3.967244100570679
2,melville,1082,baum,7.052448987960815
2,melville,1082,thompson,7.328624725341797
2,melville,1082,dickens,6.699445207913716
2,melville,1082,melville,6.454187949498494
2,melville,1082,wells,7.299781799316406
2,melville,1082,austen,7.084323883056641
2,melville,1082,fitzgerald,7.215803305308024
2,melville,1082,twain,6.963203191757202
2,melville,1083,train,3.972226095199585
2,melville,1083,baum,7.067021369934082
2,melville,1083,thompson,7.347387552261352
2,melville,1083,dickens,6.705990831057231
2,melville,1083,melville,6.470748464266459
2,melville,1083,wells,7.316707571347554
2,melville,1083,austen,7.093970775604248
2,melville,1083,fitzgerald,7.235800107320149
2,melville,1083,twain,6.971564213434855
2,melville,1084,train,3.963544797897339
2,melville,1084,baum,7.058874607086182
2,melville,1084,thompson,7.332775354385376
2,melville,1084,dickens,6.710223873456319
2,melville,1084,melville,6.46627676486969
2,melville,1084,wells,7.311970790227254
2,melville,1084,austen,7.094922304153442
2,melville,1084,fitzgerald,7.218007246653239
2,melville,1084,twain,6.971988916397095
2,melville,1085,train,3.9578279495239257
2,melville,1085,baum,7.062592506408691
2,melville,1085,thompson,7.338426232337952
2,melville,1085,dickens,6.705546617507935
2,melville,1085,melville,6.465457042058309
2,melville,1085,wells,7.315626700719197
2,melville,1085,austen,7.087102651596069
2,melville,1085,fitzgerald,7.232025146484375
2,melville,1085,twain,6.97119418780009
2,melville,1086,train,3.975220966339111
2,melville,1086,baum,7.06196665763855
2,melville,1086,thompson,7.336988925933838
2,melville,1086,dickens,6.7070034344991045
2,melville,1086,melville,6.464430650075276
2,melville,1086,wells,7.308545072873433
2,melville,1086,austen,7.089173793792725
2,melville,1086,fitzgerald,7.223636706670125
2,melville,1086,twain,6.9700859387715655
2,melville,1087,train,3.951791477203369
2,melville,1087,baum,7.043661832809448
2,melville,1087,thompson,7.324783086776733
2,melville,1087,dickens,6.700463215510051
2,melville,1087,melville,6.459440509478251
2,melville,1087,wells,7.300788323084514
2,melville,1087,austen,7.083264112472534
2,melville,1087,fitzgerald,7.217775821685791
2,melville,1087,twain,6.962339401245117
2,melville,1088,train,3.9510886669158936
2,melville,1088,baum,7.06912624835968
2,melville,1088,thompson,7.346870541572571
2,melville,1088,dickens,6.710951487223308
2,melville,1088,melville,6.469031453132629
2,melville,1088,wells,7.32083789507548
2,melville,1088,austen,7.09987211227417
2,melville,1088,fitzgerald,7.23816704750061
2,melville,1088,twain,6.9785927931467695
2,melville,1089,train,3.9190492153167726
2,melville,1089,baum,7.073115348815918
2,melville,1089,thompson,7.348250865936279
2,melville,1089,dickens,6.718227783838908
2,melville,1089,melville,6.470880508422852
2,melville,1089,wells,7.327013254165649
2,melville,1089,austen,7.100690126419067
2,melville,1089,fitzgerald,7.239539623260498
2,melville,1089,twain,6.985582590103149
2,melville,1090,train,3.9307343482971193
2,melville,1090,baum,7.0686012506484985
2,melville,1090,thompson,7.347732424736023
2,melville,1090,dickens,6.7143343687057495
2,melville,1090,melville,6.473767677942912
2,melville,1090,wells,7.326029976209004
2,melville,1090,austen,7.103007078170776
2,melville,1090,fitzgerald,7.235501050949097
2,melville,1090,twain,6.977855443954468
2,melville,1091,train,3.938684892654419
2,melville,1091,baum,7.0722761154174805
2,melville,1091,thompson,7.347364544868469
2,melville,1091,dickens,6.721364498138428
2,melville,1091,melville,6.469222744305928
2,melville,1091,wells,7.320358991622925
2,melville,1091,austen,7.117480993270874
2,melville,1091,fitzgerald,7.235884110132853
2,melville,1091,twain,6.98013965288798
2,melville,1092,train,3.959250688552856
2,melville,1092,baum,7.052518486976624
2,melville,1092,thompson,7.329280853271484
2,melville,1092,dickens,6.711270292599996
2,melville,1092,melville,6.466872572898865
2,melville,1092,wells,7.310386260350545
2,melville,1092,austen,7.091129779815674
2,melville,1092,fitzgerald,7.223702748616536
2,melville,1092,twain,6.978340705235799
2,melville,1093,train,4.000750207901001
2,melville,1093,baum,7.061267375946045
2,melville,1093,thompson,7.339243650436401
2,melville,1093,dickens,6.705855091412862
2,melville,1093,melville,6.467430671056111
2,melville,1093,wells,7.303872307141622
2,melville,1093,austen,7.088876008987427
2,melville,1093,fitzgerald,7.2225341796875
2,melville,1093,twain,6.970332304636638
2,melville,1094,train,3.945244693756104
2,melville,1094,baum,7.07599151134491
2,melville,1094,thompson,7.351179480552673
2,melville,1094,dickens,6.72914997736613
2,melville,1094,melville,6.47879958152771
2,melville,1094,wells,7.325654466946919
2,melville,1094,austen,7.1136016845703125
2,melville,1094,fitzgerald,7.241269667943318
2,melville,1094,twain,6.986338456471761
2,melville,1095,train,3.937725400924682
2,melville,1095,baum,7.062305450439453
2,melville,1095,thompson,7.338244915008545
2,melville,1095,dickens,6.712360739707947
2,melville,1095,melville,6.467831015586853
2,melville,1095,wells,7.310137947400411
2,melville,1095,austen,7.102407932281494
2,melville,1095,fitzgerald,7.231203873952229
2,melville,1095,twain,6.973966121673584
2,melville,1096,train,3.9381562232971192
2,melville,1096,baum,7.057472825050354
2,melville,1096,thompson,7.332542061805725
2,melville,1096,dickens,6.716715137163798
2,melville,1096,melville,6.473246177037557
2,melville,1096,wells,7.306353608767192
2,melville,1096,austen,7.104815721511841
2,melville,1096,fitzgerald,7.223967870076497
2,melville,1096,twain,6.9763818581899
2,melville,1097,train,3.966617298126221
2,melville,1097,baum,7.0786274671554565
2,melville,1097,thompson,7.348985552787781
2,melville,1097,dickens,6.71734082698822
2,melville,1097,melville,6.477592984835307
2,melville,1097,wells,7.325797438621521
2,melville,1097,austen,7.110904932022095
2,melville,1097,fitzgerald,7.234237591425578
2,melville,1097,twain,6.984332799911499
2,melville,1098,train,3.9457630157470702
2,melville,1098,baum,7.073432922363281
2,melville,1098,thompson,7.343375086784363
2,melville,1098,dickens,6.715420365333557
2,melville,1098,melville,6.4699850877126055
2,melville,1098,wells,7.312246958414714
2,melville,1098,austen,7.111029386520386
2,melville,1098,fitzgerald,7.232738097508748
2,melville,1098,twain,6.980083465576172
2,melville,1099,train,3.935027265548706
2,melville,1099,baum,7.070531129837036
2,melville,1099,thompson,7.338892817497253
2,melville,1099,dickens,6.713809887568156
2,melville,1099,melville,6.473006288210551
2,melville,1099,wells,7.317128260930379
2,melville,1099,austen,7.106330633163452
2,melville,1099,fitzgerald,7.228001594543457
2,melville,1099,twain,6.975499709447225
2,melville,1100,train,3.90805253982544
2,melville,1100,baum,7.070622324943543
2,melville,1100,thompson,7.34178102016449
2,melville,1100,dickens,6.718058546384175
2,melville,1100,melville,6.472038149833679
2,melville,1100,wells,7.318227608998616
2,melville,1100,austen,7.108666181564331
2,melville,1100,fitzgerald,7.235774517059326
2,melville,1100,twain,6.981608152389526
2,melville,1101,train,3.964773845672608
2,melville,1101,baum,7.088916897773743
2,melville,1101,thompson,7.366303205490112
2,melville,1101,dickens,6.726485927899678
2,melville,1101,melville,6.487019022305806
2,melville,1101,wells,7.353121598561604
2,melville,1101,austen,7.119938373565674
2,melville,1101,fitzgerald,7.251101016998291
2,melville,1101,twain,6.993576367696126
2,melville,1102,train,3.943854236602783
2,melville,1102,baum,7.075901985168457
2,melville,1102,thompson,7.348128080368042
2,melville,1102,dickens,6.71779469648997
2,melville,1102,melville,6.474866310755412
2,melville,1102,wells,7.316657265027364
2,melville,1102,austen,7.107993841171265
2,melville,1102,fitzgerald,7.236820379892985
2,melville,1102,twain,6.98415994644165
2,melville,1103,train,3.9664063930511473
2,melville,1103,baum,7.066754221916199
2,melville,1103,thompson,7.338115572929382
2,melville,1103,dickens,6.714420477549235
2,melville,1103,melville,6.471977988878886
2,melville,1103,wells,7.312593062718709
2,melville,1103,austen,7.104671716690064
2,melville,1103,fitzgerald,7.232151667277018
2,melville,1103,twain,6.97627592086792
2,melville,1104,train,3.916250228881836
2,melville,1104,baum,7.076400876045227
2,melville,1104,thompson,7.346858501434326
2,melville,1104,dickens,6.7123929262161255
2,melville,1104,melville,6.478320956230164
2,melville,1104,wells,7.333613991737366
2,melville,1104,austen,7.1056294441223145
2,melville,1104,fitzgerald,7.239313920338948
2,melville,1104,twain,6.986646334330241
2,melville,1105,train,3.923529624938965
2,melville,1105,baum,7.083110332489014
2,melville,1105,thompson,7.350258588790893
2,melville,1105,dickens,6.727391560872396
2,melville,1105,melville,6.480540156364441
2,melville,1105,wells,7.337126811345418
2,melville,1105,austen,7.121981382369995
2,melville,1105,fitzgerald,7.244731585184733
2,melville,1105,twain,6.990915854771932
2,melville,1106,train,3.9085918426513673
2,melville,1106,baum,7.08402955532074
2,melville,1106,thompson,7.346433401107788
2,melville,1106,dickens,6.720543424288432
2,melville,1106,melville,6.473027070363362
2,melville,1106,wells,7.32839047908783
2,melville,1106,austen,7.121258735656738
2,melville,1106,fitzgerald,7.2386767864227295
2,melville,1106,twain,6.984126011530559
2,melville,1107,train,3.9305094718933113
2,melville,1107,baum,7.097818851470947
2,melville,1107,thompson,7.363321661949158
2,melville,1107,dickens,6.731556256612142
2,melville,1107,melville,6.480788071950276
2,melville,1107,wells,7.337798953056335
2,melville,1107,austen,7.121229887008667
2,melville,1107,fitzgerald,7.250091552734375
2,melville,1107,twain,6.997027556101481
2,melville,1108,train,3.9075674533844
2,melville,1108,baum,7.088682770729065
2,melville,1108,thompson,7.361097693443298
2,melville,1108,dickens,6.730870087941487
2,melville,1108,melville,6.489017049471538
2,melville,1108,wells,7.344528277715047
2,melville,1108,austen,7.121734619140625
2,melville,1108,fitzgerald,7.256113608678182
2,melville,1108,twain,7.001331567764282
2,melville,1109,train,3.930659055709839
2,melville,1109,baum,7.079803943634033
2,melville,1109,thompson,7.351115107536316
2,melville,1109,dickens,6.727882146835327
2,melville,1109,melville,6.480179349581401
2,melville,1109,wells,7.321685194969177
2,melville,1109,austen,7.115749359130859
2,melville,1109,fitzgerald,7.247836907704671
2,melville,1109,twain,6.990912119547526
2,melville,1110,train,3.893767404556274
2,melville,1110,baum,7.094341993331909
2,melville,1110,thompson,7.363672494888306
2,melville,1110,dickens,6.735837459564209
2,melville,1110,melville,6.478768269220988
2,melville,1110,wells,7.329508463541667
2,melville,1110,austen,7.125081777572632
2,melville,1110,fitzgerald,7.261142333348592
2,melville,1110,twain,6.997047980626424
2,melville,1111,train,3.9257019996643066
2,melville,1111,baum,7.081963658332825
2,melville,1111,thompson,7.348256230354309
2,melville,1111,dickens,6.728915214538574
2,melville,1111,melville,6.482817967732747
2,melville,1111,wells,7.329103748003642
2,melville,1111,austen,7.128961563110352
2,melville,1111,fitzgerald,7.249235391616821
2,melville,1111,twain,6.991548776626587
2,melville,1112,train,3.8774230003356935
2,melville,1112,baum,7.071379661560059
2,melville,1112,thompson,7.350090503692627
2,melville,1112,dickens,6.72775669892629
2,melville,1112,melville,6.482397556304932
2,melville,1112,wells,7.321429292360942
2,melville,1112,austen,7.110780715942383
2,melville,1112,fitzgerald,7.24685017267863
2,melville,1112,twain,6.990021228790283
2,melville,1113,train,3.935351467132568
2,melville,1113,baum,7.091083765029907
2,melville,1113,thompson,7.362202525138855
2,melville,1113,dickens,6.740628679593404
2,melville,1113,melville,6.488791902860005
2,melville,1113,wells,7.340696732203166
2,melville,1113,austen,7.121428966522217
2,melville,1113,fitzgerald,7.257341305414836
2,melville,1113,twain,7.003021240234375
2,melville,1114,train,3.917214822769165
2,melville,1114,baum,7.091589689254761
2,melville,1114,thompson,7.361596345901489
2,melville,1114,dickens,6.733309745788574
2,melville,1114,melville,6.480302850405376
2,melville,1114,wells,7.336691856384277
2,melville,1114,austen,7.122315406799316
2,melville,1114,fitzgerald,7.2585991223653155
2,melville,1114,twain,6.99912675221761
2,melville,1115,train,3.9374041080474855
2,melville,1115,baum,7.086448669433594
2,melville,1115,thompson,7.36025083065033
2,melville,1115,dickens,6.729286193847656
2,melville,1115,melville,6.480841875076294
2,melville,1115,wells,7.3326282898585
2,melville,1115,austen,7.127070665359497
2,melville,1115,fitzgerald,7.250382582346599
2,melville,1115,twain,6.999295711517334
2,melville,1116,train,3.882587385177613
2,melville,1116,baum,7.0918145179748535
2,melville,1116,thompson,7.363556265830994
2,melville,1116,dickens,6.736571907997131
2,melville,1116,melville,6.484701593716939
2,melville,1116,wells,7.342077493667602
2,melville,1116,austen,7.130784511566162
2,melville,1116,fitzgerald,7.259904861450195
2,melville,1116,twain,7.0053737958272295
2,melville,1117,train,3.891925668716431
2,melville,1117,baum,7.098694086074829
2,melville,1117,thompson,7.370379090309143
2,melville,1117,dickens,6.736059904098511
2,melville,1117,melville,6.485899448394775
2,melville,1117,wells,7.338878353436788
2,melville,1117,austen,7.132377862930298
2,melville,1117,fitzgerald,7.260243654251099
2,melville,1117,twain,7.00607180595398
2,melville,1118,train,3.9234328269958496
2,melville,1118,baum,7.099791526794434
2,melville,1118,thompson,7.370119690895081
2,melville,1118,dickens,6.741180260976155
2,melville,1118,melville,6.488996307055156
2,melville,1118,wells,7.348800142606099
2,melville,1118,austen,7.137078762054443
2,melville,1118,fitzgerald,7.261688709259033
2,melville,1118,twain,7.006631215413411
2,melville,1119,train,3.922192907333374
2,melville,1119,baum,7.108176708221436
2,melville,1119,thompson,7.378213167190552
2,melville,1119,dickens,6.740553855895996
2,melville,1119,melville,6.495638171831767
2,melville,1119,wells,7.356023748715718
2,melville,1119,austen,7.13346791267395
2,melville,1119,fitzgerald,7.265819549560547
2,melville,1119,twain,7.008152723312378
2,melville,1120,train,3.889538621902466
2,melville,1120,baum,7.111388444900513
2,melville,1120,thompson,7.374698519706726
2,melville,1120,dickens,6.7454328139623
2,melville,1120,melville,6.491626461346944
2,melville,1120,wells,7.352852622667949
2,melville,1120,austen,7.144481658935547
2,melville,1120,fitzgerald,7.271479686101277
2,melville,1120,twain,7.011288563410441
2,melville,1121,train,3.9154422283172607
2,melville,1121,baum,7.119864940643311
2,melville,1121,thompson,7.396320581436157
2,melville,1121,dickens,6.749229868253072
2,melville,1121,melville,6.500090916951497
2,melville,1121,wells,7.369789878527324
2,melville,1121,austen,7.143631458282471
2,melville,1121,fitzgerald,7.283018350601196
2,melville,1121,twain,7.018129428227742
2,melville,1122,train,3.914840745925903
2,melville,1122,baum,7.109785676002502
2,melville,1122,thompson,7.384050726890564
2,melville,1122,dickens,6.749075015385945
2,melville,1122,melville,6.500273982683818
2,melville,1122,wells,7.359216411908467
2,melville,1122,austen,7.139909982681274
2,melville,1122,fitzgerald,7.2738566398620605
2,melville,1122,twain,7.015923102696736
2,melville,1123,train,3.879213047027588
2,melville,1123,baum,7.102566123008728
2,melville,1123,thompson,7.376622557640076
2,melville,1123,dickens,6.736486434936523
2,melville,1123,melville,6.485079367955525
2,melville,1123,wells,7.345402677853902
2,melville,1123,austen,7.138663291931152
2,melville,1123,fitzgerald,7.268429358800252
2,melville,1123,twain,7.00502610206604
2,melville,1124,train,3.8976437568664553
2,melville,1124,baum,7.097188234329224
2,melville,1124,thompson,7.367745399475098
2,melville,1124,dickens,6.735304832458496
2,melville,1124,melville,6.485287984212239
2,melville,1124,wells,7.341685891151428
2,melville,1124,austen,7.130498647689819
2,melville,1124,fitzgerald,7.261502106984456
2,melville,1124,twain,7.0065821806589765
2,melville,1125,train,3.8603370666503904
2,melville,1125,baum,7.089133739471436
2,melville,1125,thompson,7.360604882240295
2,melville,1125,dickens,6.734814723332723
2,melville,1125,melville,6.48479700088501
2,melville,1125,wells,7.334377566973369
2,melville,1125,austen,7.121769666671753
2,melville,1125,fitzgerald,7.2561620871226
2,melville,1125,twain,7.000364939371745
2,melville,1126,train,3.902214527130127
2,melville,1126,baum,7.1116790771484375
2,melville,1126,thompson,7.3854660987854
2,melville,1126,dickens,6.748586614926656
2,melville,1126,melville,6.497873703638713
2,melville,1126,wells,7.364137729008992
2,melville,1126,austen,7.139914512634277
2,melville,1126,fitzgerald,7.279368877410889
2,melville,1126,twain,7.017952998479207
2,melville,1127,train,3.8693356990814207
2,melville,1127,baum,7.096234321594238
2,melville,1127,thompson,7.368884563446045
2,melville,1127,dickens,6.7380755345026655
2,melville,1127,melville,6.4888516664505005
2,melville,1127,wells,7.337245384852092
2,melville,1127,austen,7.129960775375366
2,melville,1127,fitzgerald,7.263550599416097
2,melville,1127,twain,7.005546490351359
2,melville,1128,train,3.898766040802002
2,melville,1128,baum,7.114494562149048
2,melville,1128,thompson,7.390421748161316
2,melville,1128,dickens,6.754194299379985
2,melville,1128,melville,6.501983642578125
2,melville,1128,wells,7.365629990895589
2,melville,1128,austen,7.154897928237915
2,melville,1128,fitzgerald,7.283368190129598
2,melville,1128,twain,7.019042412439982
2,melville,1129,train,3.892145156860352
2,melville,1129,baum,7.112377285957336
2,melville,1129,thompson,7.378939032554626
2,melville,1129,dickens,6.752355694770813
2,melville,1129,melville,6.50076691309611
2,melville,1129,wells,7.36004622777303
2,melville,1129,austen,7.140935897827148
2,melville,1129,fitzgerald,7.2717827161153155
2,melville,1129,twain,7.021673043568929
2,melville,1130,train,3.866962337493896
2,melville,1130,baum,7.112257957458496
2,melville,1130,thompson,7.383290886878967
2,melville,1130,dickens,6.743957320849101
2,melville,1130,melville,6.498486161231995
2,melville,1130,wells,7.353779355684916
2,melville,1130,austen,7.142454385757446
2,melville,1130,fitzgerald,7.265216747919719
2,melville,1130,twain,7.013529777526856
2,melville,1131,train,3.859506511688232
2,melville,1131,baum,7.117854118347168
2,melville,1131,thompson,7.38764488697052
2,melville,1131,dickens,6.7475526332855225
2,melville,1131,melville,6.49984606107076
2,melville,1131,wells,7.359643737475078
2,melville,1131,austen,7.147303342819214
2,melville,1131,fitzgerald,7.2788238525390625
2,melville,1131,twain,7.01968789100647
2,melville,1132,train,3.85151162147522
2,melville,1132,baum,7.132221221923828
2,melville,1132,thompson,7.394185543060303
2,melville,1132,dickens,6.76737654209137
2,melville,1132,melville,6.513773043950399
2,melville,1132,wells,7.375370860099792
2,melville,1132,austen,7.160284519195557
2,melville,1132,fitzgerald,7.288710832595825
2,melville,1132,twain,7.034133831659953
2,melville,1133,train,3.866786670684815
2,melville,1133,baum,7.12558376789093
2,melville,1133,thompson,7.391481637954712
2,melville,1133,dickens,6.755316178003947
2,melville,1133,melville,6.502727746963501
2,melville,1133,wells,7.3623636563618975
2,melville,1133,austen,7.150928735733032
2,melville,1133,fitzgerald,7.28376317024231
2,melville,1133,twain,7.024267514546712
2,melville,1134,train,3.881763887405396
2,melville,1134,baum,7.115761756896973
2,melville,1134,thompson,7.384710788726807
2,melville,1134,dickens,6.755698839823405
2,melville,1134,melville,6.496284286181132
2,melville,1134,wells,7.349686185518901
2,melville,1134,austen,7.144197940826416
2,melville,1134,fitzgerald,7.275138060251872
2,melville,1134,twain,7.019201596577962
2,melville,1135,train,3.86049075126648
2,melville,1135,baum,7.118285179138184
2,melville,1135,thompson,7.389074921607971
2,melville,1135,dickens,6.7571094036102295
2,melville,1135,melville,6.50590721766154
2,melville,1135,wells,7.3645420869191485
2,melville,1135,austen,7.152099370956421
2,melville,1135,fitzgerald,7.2791876792907715
2,melville,1135,twain,7.022840261459351
2,melville,1136,train,3.858683300018311
2,melville,1136,baum,7.119024872779846
2,melville,1136,thompson,7.393164753913879
2,melville,1136,dickens,6.755157550175984
2,melville,1136,melville,6.500192244847615
2,melville,1136,wells,7.368605732917786
2,melville,1136,austen,7.150555372238159
2,melville,1136,fitzgerald,7.283843517303467
2,melville,1136,twain,7.023243983586629
2,melville,1137,train,3.875160455703736
2,melville,1137,baum,7.124802470207214
2,melville,1137,thompson,7.400046586990356
2,melville,1137,dickens,6.758921424547832
2,melville,1137,melville,6.507513642311096
2,melville,1137,wells,7.371270815531413
2,melville,1137,austen,7.151490926742554
2,melville,1137,fitzgerald,7.292280753453572
2,melville,1137,twain,7.029807647069295
2,melville,1138,train,3.8753646850585937
2,melville,1138,baum,7.128336548805237
2,melville,1138,thompson,7.403938174247742
2,melville,1138,dickens,6.765405654907227
2,melville,1138,melville,6.5147349039713545
2,melville,1138,wells,7.378001888593038
2,melville,1138,austen,7.157064199447632
2,melville,1138,fitzgerald,7.294885953267415
2,melville,1138,twain,7.033702294031779
2,melville,1139,train,3.8610090255737295
2,melville,1139,baum,7.1311081647872925
2,melville,1139,thompson,7.397776246070862
2,melville,1139,dickens,6.760341127713521
2,melville,1139,melville,6.507307489713033
2,melville,1139,wells,7.380649964014689
2,melville,1139,austen,7.163740396499634
2,melville,1139,fitzgerald,7.289303779602051
2,melville,1139,twain,7.032588958740234
2,melville,1140,train,3.8583542346954345
2,melville,1140,baum,7.144886016845703
2,melville,1140,thompson,7.411572933197021
2,melville,1140,dickens,6.770381212234497
2,melville,1140,melville,6.520851810773213
2,melville,1140,wells,7.395375331242879
2,melville,1140,austen,7.166570663452148
2,melville,1140,fitzgerald,7.302151123682658
2,melville,1140,twain,7.0430677731831866
2,melville,1141,train,3.855841207504272
2,melville,1141,baum,7.144238352775574
2,melville,1141,thompson,7.413279414176941
2,melville,1141,dickens,6.773814837137858
2,melville,1141,melville,6.517342766125997
2,melville,1141,wells,7.392366250356038
2,melville,1141,austen,7.161302328109741
2,melville,1141,fitzgerald,7.300402402877808
2,melville,1141,twain,7.047305186589559
2,melville,1142,train,3.8621381759643554
2,melville,1142,baum,7.124358296394348
2,melville,1142,thompson,7.390724420547485
2,melville,1142,dickens,6.75775162378947
2,melville,1142,melville,6.508463462193807
2,melville,1142,wells,7.364574670791626
2,melville,1142,austen,7.137729406356812
2,melville,1142,fitzgerald,7.279836098353068
2,melville,1142,twain,7.03101380666097
2,melville,1143,train,3.854396677017212
2,melville,1143,baum,7.144821763038635
2,melville,1143,thompson,7.407854676246643
2,melville,1143,dickens,6.772384603818257
2,melville,1143,melville,6.516643206278483
2,melville,1143,wells,7.386773347854614
2,melville,1143,austen,7.165855169296265
2,melville,1143,fitzgerald,7.298360268274943
2,melville,1143,twain,7.040997743606567
2,melville,1144,train,3.837151908874512
2,melville,1144,baum,7.135036587715149
2,melville,1144,thompson,7.40156364440918
2,melville,1144,dickens,6.770825107892354
2,melville,1144,melville,6.51505450407664
2,melville,1144,wells,7.3832457065582275
2,melville,1144,austen,7.160742521286011
2,melville,1144,fitzgerald,7.295398076375325
2,melville,1144,twain,7.041142463684082
2,melville,1145,train,3.873241472244264
2,melville,1145,baum,7.139242053031921
2,melville,1145,thompson,7.404487729072571
2,melville,1145,dickens,6.76789116859436
2,melville,1145,melville,6.508545676867168
2,melville,1145,wells,7.379121541976929
2,melville,1145,austen,7.163509607315064
2,melville,1145,fitzgerald,7.295335292816162
2,melville,1145,twain,7.0402616659800215
2,melville,1146,train,3.8547251224517822
2,melville,1146,baum,7.110047817230225
2,melville,1146,thompson,7.375658988952637
2,melville,1146,dickens,6.750888744990031
2,melville,1146,melville,6.4943041404088335
2,melville,1146,wells,7.350252230962117
2,melville,1146,austen,7.145175933837891
2,melville,1146,fitzgerald,7.2693406740824384
2,melville,1146,twain,7.022592385609944
2,melville,1147,train,3.875780963897705
2,melville,1147,baum,7.154897570610046
2,melville,1147,thompson,7.422482490539551
2,melville,1147,dickens,6.7822171449661255
2,melville,1147,melville,6.528338313102722
2,melville,1147,wells,7.401104251543681
2,melville,1147,austen,7.180241584777832
2,melville,1147,fitzgerald,7.311828056971232
2,melville,1147,twain,7.055769920349121
2,melville,1148,train,3.868001127243042
2,melville,1148,baum,7.131479144096375
2,melville,1148,thompson,7.403214693069458
2,melville,1148,dickens,6.764973163604736
2,melville,1148,melville,6.50922433535258
2,melville,1148,wells,7.375296711921692
2,melville,1148,austen,7.153998374938965
2,melville,1148,fitzgerald,7.290424426396687
2,melville,1148,twain,7.038285255432129
2,melville,1149,train,3.853604984283448
2,melville,1149,baum,7.13476836681366
2,melville,1149,thompson,7.408342719078064
2,melville,1149,dickens,6.770267446835836
2,melville,1149,melville,6.511285026868184
2,melville,1149,wells,7.381415883700053
2,melville,1149,austen,7.163127660751343
2,melville,1149,fitzgerald,7.297562042872111
2,melville,1149,twain,7.039764165878296
2,melville,1150,train,3.834473657608032
2,melville,1150,baum,7.118080258369446
2,melville,1150,thompson,7.393386483192444
2,melville,1150,dickens,6.75933575630188
2,melville,1150,melville,6.504126151402791
2,melville,1150,wells,7.366984128952026
2,melville,1150,austen,7.154417514801025
2,melville,1150,fitzgerald,7.282953500747681
2,melville,1150,twain,7.027757883071899
2,melville,1151,train,3.844008016586304
2,melville,1151,baum,7.150798082351685
2,melville,1151,thompson,7.420639157295227
2,melville,1151,dickens,6.780095219612122
2,melville,1151,melville,6.526664654413859
2,melville,1151,wells,7.397048473358154
2,melville,1151,austen,7.173514366149902
2,melville,1151,fitzgerald,7.305883566538493
2,melville,1151,twain,7.050347487131755
2,melville,1152,train,3.841853713989258
2,melville,1152,baum,7.126775860786438
2,melville,1152,thompson,7.390359878540039
2,melville,1152,dickens,6.759573459625244
2,melville,1152,melville,6.502541144688924
2,melville,1152,wells,7.366508603096008
2,melville,1152,austen,7.161214351654053
2,melville,1152,fitzgerald,7.287928660710652
2,melville,1152,twain,7.026533126831055
2,melville,1153,train,3.8481634140014647
2,melville,1153,baum,7.132852435112
2,melville,1153,thompson,7.410970687866211
2,melville,1153,dickens,6.772604982058208
2,melville,1153,melville,6.519631028175354
2,melville,1153,wells,7.384784658749898
2,melville,1153,austen,7.171159982681274
2,melville,1153,fitzgerald,7.297549645105998
2,melville,1153,twain,7.04118808110555
2,melville,1154,train,3.815430164337158
2,melville,1154,baum,7.140786409378052
2,melville,1154,thompson,7.412239789962768
2,melville,1154,dickens,6.780505140622457
2,melville,1154,melville,6.5213682651519775
2,melville,1154,wells,7.391128420829773
2,melville,1154,austen,7.176640510559082
2,melville,1154,fitzgerald,7.306159257888794
2,melville,1154,twain,7.048112392425537
2,melville,1155,train,3.830640363693237
2,melville,1155,baum,7.142032623291016
2,melville,1155,thompson,7.417950987815857
2,melville,1155,dickens,6.774796446164449
2,melville,1155,melville,6.523060758908589
2,melville,1155,wells,7.3898037274678545
2,melville,1155,austen,7.181028366088867
2,melville,1155,fitzgerald,7.304295619328816
2,melville,1155,twain,7.045165220896403
2,melville,1156,train,3.829554033279419
2,melville,1156,baum,7.128047585487366
2,melville,1156,thompson,7.403164148330688
2,melville,1156,dickens,6.776423176129659
2,melville,1156,melville,6.518350283304851
2,melville,1156,wells,7.385551929473877
2,melville,1156,austen,7.177315473556519
2,melville,1156,fitzgerald,7.298451582590739
2,melville,1156,twain,7.046731472015381
2,melville,1157,train,3.812772417068482
2,melville,1157,baum,7.133882164955139
2,melville,1157,thompson,7.411365628242493
2,melville,1157,dickens,6.773858507474263
2,melville,1157,melville,6.517639756202698
2,melville,1157,wells,7.379172404607137
2,melville,1157,austen,7.15962028503418
2,melville,1157,fitzgerald,7.303038279215495
2,melville,1157,twain,7.046077171961467
2,melville,1158,train,3.846693420410156
2,melville,1158,baum,7.147091507911682
2,melville,1158,thompson,7.430563926696777
2,melville,1158,dickens,6.7813723882039385
2,melville,1158,melville,6.525357087453206
2,melville,1158,wells,7.4036539395650225
2,melville,1158,austen,7.182423114776611
2,melville,1158,fitzgerald,7.313108603159587
2,melville,1158,twain,7.052854220072429
2,melville,1159,train,3.790386295318604
2,melville,1159,baum,7.127992153167725
2,melville,1159,thompson,7.407050132751465
2,melville,1159,dickens,6.7701172431310015
2,melville,1159,melville,6.522595206896464
2,melville,1159,wells,7.385499874750773
2,melville,1159,austen,7.169017314910889
2,melville,1159,fitzgerald,7.298364003499349
2,melville,1159,twain,7.043810447057088
2,melville,1160,train,3.816445302963257
2,melville,1160,baum,7.144698977470398
2,melville,1160,thompson,7.421496629714966
2,melville,1160,dickens,6.7776945034662885
2,melville,1160,melville,6.523845911026001
2,melville,1160,wells,7.4001617431640625
2,melville,1160,austen,7.1785523891448975
2,melville,1160,fitzgerald,7.308884779612224
2,melville,1160,twain,7.048615376154582
2,melville,1161,train,3.805713796615601
2,melville,1161,baum,7.151282548904419
2,melville,1161,thompson,7.435290098190308
2,melville,1161,dickens,6.785796324412028
2,melville,1161,melville,6.525403459866841
2,melville,1161,wells,7.4041759967803955
2,melville,1161,austen,7.177798509597778
2,melville,1161,fitzgerald,7.31738527615865
2,melville,1161,twain,7.05757196744283
2,melville,1162,train,3.853475570678711
2,melville,1162,baum,7.133755803108215
2,melville,1162,thompson,7.419730424880981
2,melville,1162,dickens,6.778469363848369
2,melville,1162,melville,6.520224293073018
2,melville,1162,wells,7.393381873766581
2,melville,1162,austen,7.174047470092773
2,melville,1162,fitzgerald,7.3098381360371905
2,melville,1162,twain,7.050317684809367
2,melville,1163,train,3.804390478134155
2,melville,1163,baum,7.1493226289749146
2,melville,1163,thompson,7.439634799957275
2,melville,1163,dickens,6.787430047988892
2,melville,1163,melville,6.531398057937622
2,melville,1163,wells,7.404787500699361
2,melville,1163,austen,7.185939073562622
2,melville,1163,fitzgerald,7.323057730992635
2,melville,1163,twain,7.056880474090576
2,melville,1164,train,3.832528495788574
2,melville,1164,baum,7.144150614738464
2,melville,1164,thompson,7.425413489341736
2,melville,1164,dickens,6.782887856165568
2,melville,1164,melville,6.517716646194458
2,melville,1164,wells,7.392887353897095
2,melville,1164,austen,7.176580190658569
2,melville,1164,fitzgerald,7.308053811391194
2,melville,1164,twain,7.051377216974895
2,melville,1165,train,3.818946647644043
2,melville,1165,baum,7.168965101242065
2,melville,1165,thompson,7.451467752456665
2,melville,1165,dickens,6.800983905792236
2,melville,1165,melville,6.543034712473552
2,melville,1165,wells,7.421473185221354
2,melville,1165,austen,7.195758581161499
2,melville,1165,fitzgerald,7.33315110206604
2,melville,1165,twain,7.067618529001872
2,melville,1166,train,3.8255558013916016
2,melville,1166,baum,7.160301089286804
2,melville,1166,thompson,7.440029859542847
2,melville,1166,dickens,6.796923279762268
2,melville,1166,melville,6.532520413398743
2,melville,1166,wells,7.411555806795756
2,melville,1166,austen,7.198015213012695
2,melville,1166,fitzgerald,7.326300144195557
2,melville,1166,twain,7.065781593322754
2,melville,1167,train,3.816095113754273
2,melville,1167,baum,7.162007570266724
2,melville,1167,thompson,7.440696477890015
2,melville,1167,dickens,6.795209010442098
2,melville,1167,melville,6.535533348719279
2,melville,1167,wells,7.407934824625651
2,melville,1167,austen,7.194560766220093
2,melville,1167,fitzgerald,7.321326335271199
2,melville,1167,twain,7.063005526860555
2,melville,1168,train,3.83437032699585
2,melville,1168,baum,7.161938667297363
2,melville,1168,thompson,7.440245270729065
2,melville,1168,dickens,6.794771631558736
2,melville,1168,melville,6.53407351175944
2,melville,1168,wells,7.410926779111226
2,melville,1168,austen,7.190626859664917
2,melville,1168,fitzgerald,7.330209096272786
2,melville,1168,twain,7.062393347422282
2,melville,1169,train,3.796516990661621
2,melville,1169,baum,7.157063961029053
2,melville,1169,thompson,7.4348384141922
2,melville,1169,dickens,6.7967493534088135
2,melville,1169,melville,6.526341199874878
2,melville,1169,wells,7.403096000353496
2,melville,1169,austen,7.187185764312744
2,melville,1169,fitzgerald,7.321048657099406
2,melville,1169,twain,7.062251170476277
2,melville,1170,train,3.8171382904052735
2,melville,1170,baum,7.158606767654419
2,melville,1170,thompson,7.440191745758057
2,melville,1170,dickens,6.794238646825154
2,melville,1170,melville,6.530878146489461
2,melville,1170,wells,7.407040516535441
2,melville,1170,austen,7.193411111831665
2,melville,1170,fitzgerald,7.322356144587199
2,melville,1170,twain,7.065823952356975
2,melville,1171,train,3.814008092880249
2,melville,1171,baum,7.149341344833374
2,melville,1171,thompson,7.428534746170044
2,melville,1171,dickens,6.791252414385478
2,melville,1171,melville,6.526926438013713
2,melville,1171,wells,7.399921615918477
2,melville,1171,austen,7.185269117355347
2,melville,1171,fitzgerald,7.321607351303101
2,melville,1171,twain,7.062990188598633
2,melville,1172,train,3.784741830825806
2,melville,1172,baum,7.163285493850708
2,melville,1172,thompson,7.451202154159546
2,melville,1172,dickens,6.80152149995168
2,melville,1172,melville,6.535160938898723
2,melville,1172,wells,7.410265763600667
2,melville,1172,austen,7.197540998458862
2,melville,1172,fitzgerald,7.333975712458293
2,melville,1172,twain,7.065389076868693
2,melville,1173,train,3.800362539291382
2,melville,1173,baum,7.169074296951294
2,melville,1173,thompson,7.44995391368866
2,melville,1173,dickens,6.804354866345723
2,melville,1173,melville,6.544427831967671
2,melville,1173,wells,7.420067071914673
2,melville,1173,austen,7.192473649978638
2,melville,1173,fitzgerald,7.336702982584636
2,melville,1173,twain,7.076987028121948
2,melville,1174,train,3.8178926944732665
2,melville,1174,baum,7.154078245162964
2,melville,1174,thompson,7.44244122505188
2,melville,1174,dickens,6.79639486471812
2,melville,1174,melville,6.53920304775238
2,melville,1174,wells,7.412967165311177
2,melville,1174,austen,7.192660331726074
2,melville,1174,fitzgerald,7.328649123509725
2,melville,1174,twain,7.0645419756571455
2,melville,1175,train,3.837822151184082
2,melville,1175,baum,7.17756986618042
2,melville,1175,thompson,7.469223260879517
2,melville,1175,dickens,6.817840774854024
2,melville,1175,melville,6.558932940165202
2,melville,1175,wells,7.44570517539978
2,melville,1175,austen,7.213573217391968
2,melville,1175,fitzgerald,7.349603573481242
2,melville,1175,twain,7.092983245849609
2,melville,1176,train,3.765346765518189
2,melville,1176,baum,7.151462197303772
2,melville,1176,thompson,7.444296360015869
2,melville,1176,dickens,6.798764149347941
2,melville,1176,melville,6.5362935066223145
2,melville,1176,wells,7.414603471755981
2,melville,1176,austen,7.191355466842651
2,melville,1176,fitzgerald,7.325959761937459
2,melville,1176,twain,7.071713447570801
2,melville,1177,train,3.802259683609009
2,melville,1177,baum,7.170687437057495
2,melville,1177,thompson,7.4582825899124146
2,melville,1177,dickens,6.807130932807922
2,melville,1177,melville,6.543537576993306
2,melville,1177,wells,7.4308643738428755
2,melville,1177,austen,7.207864046096802
2,melville,1177,fitzgerald,7.345779418945312
2,melville,1177,twain,7.079787890116374
2,melville,1178,train,3.780290699005127
2,melville,1178,baum,7.159305095672607
2,melville,1178,thompson,7.448901176452637
2,melville,1178,dickens,6.80091659228007
2,melville,1178,melville,6.538448611895244
2,melville,1178,wells,7.424920876820882
2,melville,1178,austen,7.197162866592407
2,melville,1178,fitzgerald,7.335339387257894
2,melville,1178,twain,7.072601477305095
2,melville,1179,train,3.8313342094421374
2,melville,1179,baum,7.171617865562439
2,melville,1179,thompson,7.452110528945923
2,melville,1179,dickens,6.803027629852295
2,melville,1179,melville,6.5421611070632935
2,melville,1179,wells,7.416918953259786
2,melville,1179,austen,7.19382905960083
2,melville,1179,fitzgerald,7.334701140721639
2,melville,1179,twain,7.0787129402160645
2,melville,1180,train,3.795252990722656
2,melville,1180,baum,7.159975647926331
2,melville,1180,thompson,7.44064724445343
2,melville,1180,dickens,6.799633661905925
2,melville,1180,melville,6.540286024411519
2,melville,1180,wells,7.410963654518127
2,melville,1180,austen,7.199204683303833
2,melville,1180,fitzgerald,7.329533179601033
2,melville,1180,twain,7.069737593332927
2,melville,1181,train,3.79357533454895
2,melville,1181,baum,7.175427317619324
2,melville,1181,thompson,7.446312427520752
2,melville,1181,dickens,6.814036289850871
2,melville,1181,melville,6.544813712437947
2,melville,1181,wells,7.426750302314758
2,melville,1181,austen,7.205803632736206
2,melville,1181,fitzgerald,7.336209456125895
2,melville,1181,twain,7.083933830261231
2,melville,1182,train,3.786086416244507
2,melville,1182,baum,7.179166078567505
2,melville,1182,thompson,7.465427041053772
2,melville,1182,dickens,6.82057519753774
2,melville,1182,melville,6.554115295410156
2,melville,1182,wells,7.438748995463054
2,melville,1182,austen,7.2122802734375
2,melville,1182,fitzgerald,7.348351796468099
2,melville,1182,twain,7.088692426681519
2,melville,1183,train,3.804540061950684
2,melville,1183,baum,7.151904225349426
2,melville,1183,thompson,7.4403910636901855
2,melville,1183,dickens,6.800428509712219
2,melville,1183,melville,6.534236311912537
2,melville,1183,wells,7.405009110768636
2,melville,1183,austen,7.184773683547974
2,melville,1183,fitzgerald,7.327727635701497
2,melville,1183,twain,7.070133368174235
2,melville,1184,train,3.776189422607422
2,melville,1184,baum,7.175572872161865
2,melville,1184,thompson,7.459357261657715
2,melville,1184,dickens,6.808724919954936
2,melville,1184,melville,6.54110602537791
2,melville,1184,wells,7.433090845743815
2,melville,1184,austen,7.215381383895874
2,melville,1184,fitzgerald,7.345225254694621
2,melville,1184,twain,7.080780267715454
2,melville,1185,train,3.802116870880127
2,melville,1185,baum,7.164921522140503
2,melville,1185,thompson,7.450623393058777
2,melville,1185,dickens,6.806952357292175
2,melville,1185,melville,6.533681074778239
2,melville,1185,wells,7.41542108853658
2,melville,1185,austen,7.200709104537964
2,melville,1185,fitzgerald,7.335133632024129
2,melville,1185,twain,7.07527510325114
2,melville,1186,train,3.767527008056641
2,melville,1186,baum,7.188852071762085
2,melville,1186,thompson,7.483661890029907
2,melville,1186,dickens,6.825949152310689
2,melville,1186,melville,6.554288744926453
2,melville,1186,wells,7.449166019757588
2,melville,1186,austen,7.2255778312683105
2,melville,1186,fitzgerald,7.360475381215413
2,melville,1186,twain,7.099272092183431
2,melville,1187,train,3.802612543106079
2,melville,1187,baum,7.157917380332947
2,melville,1187,thompson,7.444054841995239
2,melville,1187,dickens,6.80182671546936
2,melville,1187,melville,6.537194569905599
2,melville,1187,wells,7.4243892431259155
2,melville,1187,austen,7.19385027885437
2,melville,1187,fitzgerald,7.339731613794963
2,melville,1187,twain,7.075904607772827
2,melville,1188,train,3.804048395156861
2,melville,1188,baum,7.173589825630188
2,melville,1188,thompson,7.454975247383118
2,melville,1188,dickens,6.814438104629517
2,melville,1188,melville,6.544741312662761
2,melville,1188,wells,7.428537170092265
2,melville,1188,austen,7.208858251571655
2,melville,1188,fitzgerald,7.351425250371297
2,melville,1188,twain,7.082828124364217
2,melville,1189,train,3.775286769866944
2,melville,1189,baum,7.1706719398498535
2,melville,1189,thompson,7.458882570266724
2,melville,1189,dickens,6.814677000045776
2,melville,1189,melville,6.542572021484375
2,melville,1189,wells,7.430573185284932
2,melville,1189,austen,7.210627794265747
2,melville,1189,fitzgerald,7.350815455118815
2,melville,1189,twain,7.083858172098796
2,melville,1190,train,3.756900119781494
2,melville,1190,baum,7.167781949043274
2,melville,1190,thompson,7.448864340782165
2,melville,1190,dickens,6.809247255325317
2,melville,1190,melville,6.544371048609416
2,melville,1190,wells,7.421387751897176
2,melville,1190,austen,7.212084770202637
2,melville,1190,fitzgerald,7.344359715779622
2,melville,1190,twain,7.0810173352559405
2,melville,1191,train,3.770190525054932
2,melville,1191,baum,7.194315195083618
2,melville,1191,thompson,7.469131231307983
2,melville,1191,dickens,6.828864177068074
2,melville,1191,melville,6.55177919069926
2,melville,1191,wells,7.447217106819153
2,melville,1191,austen,7.234418153762817
2,melville,1191,fitzgerald,7.35618503888448
2,melville,1191,twain,7.09911831219991
2,melville,1192,train,3.7498382568359374
2,melville,1192,baum,7.185340046882629
2,melville,1192,thompson,7.465632796287537
2,melville,1192,dickens,6.815130194028218
2,melville,1192,melville,6.55140233039856
2,melville,1192,wells,7.437054077784221
2,melville,1192,austen,7.214482545852661
2,melville,1192,fitzgerald,7.348441441853841
2,melville,1192,twain,7.090782006581624
2,melville,1193,train,3.751664352416992
2,melville,1193,baum,7.187743902206421
2,melville,1193,thompson,7.471630930900574
2,melville,1193,dickens,6.82140330473582
2,melville,1193,melville,6.555636763572693
2,melville,1193,wells,7.444961587587993
2,melville,1193,austen,7.220901727676392
2,melville,1193,fitzgerald,7.356274525324504
2,melville,1193,twain,7.094605843226115
2,melville,1194,train,3.7874516010284425
2,melville,1194,baum,7.19327986240387
2,melville,1194,thompson,7.473519802093506
2,melville,1194,dickens,6.826909025510152
2,melville,1194,melville,6.554561535517375
2,melville,1194,wells,7.44324517250061
2,melville,1194,austen,7.222019910812378
2,melville,1194,fitzgerald,7.360629002253215
2,melville,1194,twain,7.100016037623088
2,melville,1195,train,3.773886442184448
2,melville,1195,baum,7.1723175048828125
2,melville,1195,thompson,7.451243996620178
2,melville,1195,dickens,6.813192844390869
2,melville,1195,melville,6.54151713848114
2,melville,1195,wells,7.425310889879863
2,melville,1195,austen,7.221712589263916
2,melville,1195,fitzgerald,7.341778198877971
2,melville,1195,twain,7.0815376440684
2,melville,1196,train,3.765392208099365
2,melville,1196,baum,7.188539266586304
2,melville,1196,thompson,7.471003293991089
2,melville,1196,dickens,6.823334614435832
2,melville,1196,melville,6.553902745246887
2,melville,1196,wells,7.445574124654134
2,melville,1196,austen,7.23075008392334
2,melville,1196,fitzgerald,7.362580219904582
2,melville,1196,twain,7.0949281851450605
2,melville,1197,train,3.773710203170777
2,melville,1197,baum,7.192077040672302
2,melville,1197,thompson,7.477732419967651
2,melville,1197,dickens,6.825532118479411
2,melville,1197,melville,6.552114884058635
2,melville,1197,wells,7.448572039604187
2,melville,1197,austen,7.227039575576782
2,melville,1197,fitzgerald,7.362666209538777
2,melville,1197,twain,7.100527207056682
2,melville,1198,train,3.750173330307007
2,melville,1198,baum,7.198714017868042
2,melville,1198,thompson,7.482044458389282
2,melville,1198,dickens,6.8341124057769775
2,melville,1198,melville,6.552031834920247
2,melville,1198,wells,7.455055793126424
2,melville,1198,austen,7.232040643692017
2,melville,1198,fitzgerald,7.3666408856709795
2,melville,1198,twain,7.105673313140869
2,melville,1199,train,3.767256164550781
2,melville,1199,baum,7.201112270355225
2,melville,1199,thompson,7.485937118530273
2,melville,1199,dickens,6.8292728662490845
2,melville,1199,melville,6.555773973464966
2,melville,1199,wells,7.451329072316487
2,melville,1199,austen,7.2232301235198975
2,melville,1199,fitzgerald,7.369922002156575
2,melville,1199,twain,7.1003444989522295
2,melville,1200,train,3.759524202346802
2,melville,1200,baum,7.190134406089783
2,melville,1200,thompson,7.472850441932678
2,melville,1200,dickens,6.826235453287761
2,melville,1200,melville,6.55090328057607
2,melville,1200,wells,7.449514985084534
2,melville,1200,austen,7.219883680343628
2,melville,1200,fitzgerald,7.357433795928955
2,melville,1200,twain,7.099501212437947
2,melville,1201,train,3.740493154525757
2,melville,1201,baum,7.200962662696838
2,melville,1201,thompson,7.479126811027527
2,melville,1201,dickens,6.825733780860901
2,melville,1201,melville,6.553367853164673
2,melville,1201,wells,7.449906945228577
2,melville,1201,austen,7.224842309951782
2,melville,1201,fitzgerald,7.364564418792725
2,melville,1201,twain,7.1012757619222
2,melville,1202,train,3.742626810073853
2,melville,1202,baum,7.214356780052185
2,melville,1202,thompson,7.493076801300049
2,melville,1202,dickens,6.835493087768555
2,melville,1202,melville,6.563921133677165
2,melville,1202,wells,7.463990052541097
2,melville,1202,austen,7.230063915252685
2,melville,1202,fitzgerald,7.37213659286499
2,melville,1202,twain,7.108698685963948
2,melville,1203,train,3.772857856750489
2,melville,1203,baum,7.20545768737793
2,melville,1203,thompson,7.4821436405181885
2,melville,1203,dickens,6.837504227956136
2,melville,1203,melville,6.557957410812378
2,melville,1203,wells,7.467160582542419
2,melville,1203,austen,7.239219427108765
2,melville,1203,fitzgerald,7.368844985961914
2,melville,1203,twain,7.107320070266724
2,melville,1204,train,3.761342287063599
2,melville,1204,baum,7.202828645706177
2,melville,1204,thompson,7.483700752258301
2,melville,1204,dickens,6.836045384407044
2,melville,1204,melville,6.553654472033183
2,melville,1204,wells,7.445421854654948
2,melville,1204,austen,7.228969097137451
2,melville,1204,fitzgerald,7.363080422083537
2,melville,1204,twain,7.104350248972575
2,melville,1205,train,3.737501859664917
2,melville,1205,baum,7.202489376068115
2,melville,1205,thompson,7.493817090988159
2,melville,1205,dickens,6.835473418235779
2,melville,1205,melville,6.559579451878865
2,melville,1205,wells,7.458885669708252
2,melville,1205,austen,7.237477302551269
2,melville,1205,fitzgerald,7.371543725331624
2,melville,1205,twain,7.110371987024943
2,melville,1206,train,3.774806070327759
2,melville,1206,baum,7.219458222389221
2,melville,1206,thompson,7.503723859786987
2,melville,1206,dickens,6.850889444351196
2,melville,1206,melville,6.571596264839172
2,melville,1206,wells,7.480070312817891
2,melville,1206,austen,7.269577503204346
2,melville,1206,fitzgerald,7.385955254236857
2,melville,1206,twain,7.126408100128174
2,melville,1207,train,3.736858987808228
2,melville,1207,baum,7.197794079780579
2,melville,1207,thompson,7.477057099342346
2,melville,1207,dickens,6.830267508824666
2,melville,1207,melville,6.550429622332255
2,melville,1207,wells,7.448284427324931
2,melville,1207,austen,7.230717897415161
2,melville,1207,fitzgerald,7.361187855402629
2,melville,1207,twain,7.104307492574056
2,melville,1208,train,3.7470998764038086
2,melville,1208,baum,7.197525382041931
2,melville,1208,thompson,7.482673406600952
2,melville,1208,dickens,6.835079987843831
2,melville,1208,melville,6.558020194371541
2,melville,1208,wells,7.460919737815857
2,melville,1208,austen,7.242857217788696
2,melville,1208,fitzgerald,7.369407018025716
2,melville,1208,twain,7.107375303904216
2,melville,1209,train,3.746782779693604
2,melville,1209,baum,7.210496425628662
2,melville,1209,thompson,7.500249028205872
2,melville,1209,dickens,6.846101641654968
2,melville,1209,melville,6.569840391476949
2,melville,1209,wells,7.473702470461528
2,melville,1209,austen,7.245672941207886
2,melville,1209,fitzgerald,7.384624560674031
2,melville,1209,twain,7.118197043736775
2,melville,1210,train,3.758025074005127
2,melville,1210,baum,7.205324649810791
2,melville,1210,thompson,7.492639660835266
2,melville,1210,dickens,6.846360882123311
2,melville,1210,melville,6.565666556358337
2,melville,1210,wells,7.474729895591736
2,melville,1210,austen,7.246564149856567
2,melville,1210,fitzgerald,7.383902867635091
2,melville,1210,twain,7.117860714594523
2,melville,1211,train,3.7347203731536864
2,melville,1211,baum,7.2022693157196045
2,melville,1211,thompson,7.481030344963074
2,melville,1211,dickens,6.83144748210907
2,melville,1211,melville,6.548951824506124
2,melville,1211,wells,7.445570747057597
2,melville,1211,austen,7.231204986572266
2,melville,1211,fitzgerald,7.371444304784139
2,melville,1211,twain,7.1063337326049805
2,melville,1212,train,3.742850208282471
2,melville,1212,baum,7.183902144432068
2,melville,1212,thompson,7.467735648155212
2,melville,1212,dickens,6.822667241096497
2,melville,1212,melville,6.546211242675781
2,melville,1212,wells,7.441077828407288
2,melville,1212,austen,7.222928524017334
2,melville,1212,fitzgerald,7.36259929339091
2,melville,1212,twain,7.09675947825114
2,melville,1213,train,3.720906591415405
2,melville,1213,baum,7.201781392097473
2,melville,1213,thompson,7.488925099372864
2,melville,1213,dickens,6.838803609212239
2,melville,1213,melville,6.57298481464386
2,melville,1213,wells,7.467320362726848
2,melville,1213,austen,7.232601404190063
2,melville,1213,fitzgerald,7.374727884928386
2,melville,1213,twain,7.113861322402954
2,melville,1214,train,3.726181125640869
2,melville,1214,baum,7.207383155822754
2,melville,1214,thompson,7.494379997253418
2,melville,1214,dickens,6.840865174929301
2,melville,1214,melville,6.564585566520691
2,melville,1214,wells,7.462364792823791
2,melville,1214,austen,7.241328716278076
2,melville,1214,fitzgerald,7.376059055328369
2,melville,1214,twain,7.11449400583903
2,melville,1215,train,3.765421152114868
2,melville,1215,baum,7.217097997665405
2,melville,1215,thompson,7.497044682502747
2,melville,1215,dickens,6.844402988751729
2,melville,1215,melville,6.567786931991577
2,melville,1215,wells,7.473250269889831
2,melville,1215,austen,7.248395681381226
2,melville,1215,fitzgerald,7.381403207778931
2,melville,1215,twain,7.121256907780965
2,melville,1216,train,3.726096868515015
2,melville,1216,baum,7.207490682601929
2,melville,1216,thompson,7.496924877166748
2,melville,1216,dickens,6.851111690203349
2,melville,1216,melville,6.578272740046184
2,melville,1216,wells,7.47294016679128
2,melville,1216,austen,7.258909225463867
2,melville,1216,fitzgerald,7.378369410832723
2,melville,1216,twain,7.117833852767944
2,melville,1217,train,3.7503635406494142
2,melville,1217,baum,7.219441652297974
2,melville,1217,thompson,7.501959204673767
2,melville,1217,dickens,6.851927042007446
2,melville,1217,melville,6.572277585665385
2,melville,1217,wells,7.478594541549683
2,melville,1217,austen,7.248529434204102
2,melville,1217,fitzgerald,7.386319160461426
2,melville,1217,twain,7.127752701441447
2,melville,1218,train,3.738381195068359
2,melville,1218,baum,7.207196712493896
2,melville,1218,thompson,7.490382075309753
2,melville,1218,dickens,6.841587742169698
2,melville,1218,melville,6.565091133117676
2,melville,1218,wells,7.468179821968079
2,melville,1218,austen,7.246817111968994
2,melville,1218,fitzgerald,7.377219518025716
2,melville,1218,twain,7.114254077275594
2,melville,1219,train,3.735097169876098
2,melville,1219,baum,7.222563624382019
2,melville,1219,thompson,7.508008003234863
2,melville,1219,dickens,6.853268504142761
2,melville,1219,melville,6.5761449337005615
2,melville,1219,wells,7.4839723110198975
2,melville,1219,austen,7.260426998138428
2,melville,1219,fitzgerald,7.392353773117065
2,melville,1219,twain,7.126102447509766
2,melville,1220,train,3.735995864868164
2,melville,1220,baum,7.214387655258179
2,melville,1220,thompson,7.498531937599182
2,melville,1220,dickens,6.852535208066304
2,melville,1220,melville,6.570264101028442
2,melville,1220,wells,7.475407759348552
2,melville,1220,austen,7.254985332489014
2,melville,1220,fitzgerald,7.385607639948527
2,melville,1220,twain,7.124173323313396
2,melville,1221,train,3.699854612350464
2,melville,1221,baum,7.218251466751099
2,melville,1221,thompson,7.498106360435486
2,melville,1221,dickens,6.851898233095805
2,melville,1221,melville,6.579400857289632
2,melville,1221,wells,7.474867939949036
2,melville,1221,austen,7.259424924850464
2,melville,1221,fitzgerald,7.385722875595093
2,melville,1221,twain,7.123571713765462
2,melville,1222,train,3.733956098556519
2,melville,1222,baum,7.2305461168289185
2,melville,1222,thompson,7.510521769523621
2,melville,1222,dickens,6.864977995554606
2,melville,1222,melville,6.577430923779805
2,melville,1222,wells,7.478768785794576
2,melville,1222,austen,7.2614476680755615
2,melville,1222,fitzgerald,7.38887079556783
2,melville,1222,twain,7.134095509847005
2,melville,1223,train,3.7235321044921874
2,melville,1223,baum,7.215225338935852
2,melville,1223,thompson,7.508061647415161
2,melville,1223,dickens,6.846577366193135
2,melville,1223,melville,6.5690789222717285
2,melville,1223,wells,7.47290575504303
2,melville,1223,austen,7.248674392700195
2,melville,1223,fitzgerald,7.388005018234253
2,melville,1223,twain,7.121583620707194
2,melville,1224,train,3.719188022613525
2,melville,1224,baum,7.1985102891922
2,melville,1224,thompson,7.488494873046875
2,melville,1224,dickens,6.851053794225057
2,melville,1224,melville,6.566996415456136
2,melville,1224,wells,7.462407151858012
2,melville,1224,austen,7.252503395080566
2,melville,1224,fitzgerald,7.374089479446411
2,melville,1224,twain,7.117710908253987
2,melville,1225,train,3.720781660079956
2,melville,1225,baum,7.235352277755737
2,melville,1225,thompson,7.523283362388611
2,melville,1225,dickens,6.8680137395858765
2,melville,1225,melville,6.582616806030273
2,melville,1225,wells,7.493759234746297
2,melville,1225,austen,7.269019365310669
2,melville,1225,fitzgerald,7.411337534586589
2,melville,1225,twain,7.138325373331706
2,melville,1226,train,3.667702150344849
2,melville,1226,baum,7.226073384284973
2,melville,1226,thompson,7.506697654724121
2,melville,1226,dickens,6.85833998521169
2,melville,1226,melville,6.572220842043559
2,melville,1226,wells,7.488451719284058
2,melville,1226,austen,7.280420303344727
2,melville,1226,fitzgerald,7.394813299179077
2,melville,1226,twain,7.127623955408732
2,melville,1227,train,3.7082684993743897
2,melville,1227,baum,7.2233545780181885
2,melville,1227,thompson,7.51121985912323
2,melville,1227,dickens,6.859550952911377
2,melville,1227,melville,6.578911821047465
2,melville,1227,wells,7.482900977134705
2,melville,1227,austen,7.26118540763855
2,melville,1227,fitzgerald,7.397106091181437
2,melville,1227,twain,7.135744094848633
2,melville,1228,train,3.693304538726807
2,melville,1228,baum,7.228814721107483
2,melville,1228,thompson,7.518446445465088
2,melville,1228,dickens,6.859702348709106
2,melville,1228,melville,6.573939005533855
2,melville,1228,wells,7.482790231704712
2,melville,1228,austen,7.254884719848633
2,melville,1228,fitzgerald,7.403453191121419
2,melville,1228,twain,7.137476205825806
2,melville,1229,train,3.708758306503296
2,melville,1229,baum,7.230295658111572
2,melville,1229,thompson,7.517276883125305
2,melville,1229,dickens,6.860398054122925
2,melville,1229,melville,6.572508692741394
2,melville,1229,wells,7.483840306599935
2,melville,1229,austen,7.270533561706543
2,melville,1229,fitzgerald,7.399767160415649
2,melville,1229,twain,7.133069117863973
2,melville,1230,train,3.6972610473632814
2,melville,1230,baum,7.252181649208069
2,melville,1230,thompson,7.532790899276733
2,melville,1230,dickens,6.868961135546367
2,melville,1230,melville,6.583420832951863
2,melville,1230,wells,7.499467293421428
2,melville,1230,austen,7.271570682525635
2,melville,1230,fitzgerald,7.409934043884277
2,melville,1230,twain,7.139491319656372
2,melville,1231,train,3.717320013046265
2,melville,1231,baum,7.224110722541809
2,melville,1231,thompson,7.506637930870056
2,melville,1231,dickens,6.859873056411743
2,melville,1231,melville,6.572767814000447
2,melville,1231,wells,7.475758989651998
2,melville,1231,austen,7.261325836181641
2,melville,1231,fitzgerald,7.394912004470825
2,melville,1231,twain,7.129210074742635
2,melville,1232,train,3.693451929092407
2,melville,1232,baum,7.231665849685669
2,melville,1232,thompson,7.518487572669983
2,melville,1232,dickens,6.863782644271851
2,melville,1232,melville,6.582668304443359
2,melville,1232,wells,7.481891512870789
2,melville,1232,austen,7.262183666229248
2,melville,1232,fitzgerald,7.401004632314046
2,melville,1232,twain,7.13740873336792
2,melville,1233,train,3.700985193252564
2,melville,1233,baum,7.224361896514893
2,melville,1233,thompson,7.513723015785217
2,melville,1233,dickens,6.859873612721761
2,melville,1233,melville,6.576241652170817
2,melville,1233,wells,7.4791784683863325
2,melville,1233,austen,7.2596845626831055
2,melville,1233,fitzgerald,7.396379709243774
2,melville,1233,twain,7.134041388829549
2,melville,1234,train,3.714473152160645
2,melville,1234,baum,7.231334447860718
2,melville,1234,thompson,7.517258524894714
2,melville,1234,dickens,6.864324291547139
2,melville,1234,melville,6.583477139472961
2,melville,1234,wells,7.48708434899648
2,melville,1234,austen,7.26116943359375
2,melville,1234,fitzgerald,7.397171099980672
2,melville,1234,twain,7.137735525767009
2,melville,1235,train,3.6943108081817626
2,melville,1235,baum,7.2379045486450195
2,melville,1235,thompson,7.523338913917541
2,melville,1235,dickens,6.866961161295573
2,melville,1235,melville,6.5792016585667925
2,melville,1235,wells,7.490413904190063
2,melville,1235,austen,7.274173974990845
2,melville,1235,fitzgerald,7.401840766270955
2,melville,1235,twain,7.142113924026489
2,melville,1236,train,3.710828399658203
2,melville,1236,baum,7.221885442733765
2,melville,1236,thompson,7.50870156288147
2,melville,1236,dickens,6.852621833483378
2,melville,1236,melville,6.5754096905390425
2,melville,1236,wells,7.477401455243428
2,melville,1236,austen,7.25273847579956
2,melville,1236,fitzgerald,7.393428564071655
2,melville,1236,twain,7.130497058232625
2,melville,1237,train,3.6940809726715087
2,melville,1237,baum,7.242713093757629
2,melville,1237,thompson,7.518762588500977
2,melville,1237,dickens,6.86912735303243
2,melville,1237,melville,6.582450707753499
2,melville,1237,wells,7.492812712987264
2,melville,1237,austen,7.277322769165039
2,melville,1237,fitzgerald,7.405397335688273
2,melville,1237,twain,7.144274870554606
2,melville,1238,train,3.6906171798706056
2,melville,1238,baum,7.242367267608643
2,melville,1238,thompson,7.526811599731445
2,melville,1238,dickens,6.870859980583191
2,melville,1238,melville,6.592820485432942
2,melville,1238,wells,7.501065095265706
2,melville,1238,austen,7.2673563957214355
2,melville,1238,fitzgerald,7.407082160313924
2,melville,1238,twain,7.147518952687581
2,melville,1239,train,3.693361949920656
2,melville,1239,baum,7.24932050704956
2,melville,1239,thompson,7.532914996147156
2,melville,1239,dickens,6.8780490954717
2,melville,1239,melville,6.594911297162374
2,melville,1239,wells,7.512767473856608
2,melville,1239,austen,7.286594390869141
2,melville,1239,fitzgerald,7.414321819941203
2,melville,1239,twain,7.15093207359314
2,melville,1240,train,3.669011068344117
2,melville,1240,baum,7.2371814250946045
2,melville,1240,thompson,7.527518153190613
2,melville,1240,dickens,6.878172556559245
2,melville,1240,melville,6.590047160784404
2,melville,1240,wells,7.496615489323934
2,melville,1240,austen,7.271367073059082
2,melville,1240,fitzgerald,7.414987325668335
2,melville,1240,twain,7.147769292195638
2,melville,1241,train,3.697126722335816
2,melville,1241,baum,7.250269293785095
2,melville,1241,thompson,7.539221167564392
2,melville,1241,dickens,6.879508256912232
2,melville,1241,melville,6.588421622912089
2,melville,1241,wells,7.501678109169006
2,melville,1241,austen,7.282083034515381
2,melville,1241,fitzgerald,7.411867062250773
2,melville,1241,twain,7.153386433919271
2,melville,1242,train,3.685691499710083
2,melville,1242,baum,7.22982656955719
2,melville,1242,thompson,7.521933197975159
2,melville,1242,dickens,6.862248539924622
2,melville,1242,melville,6.584925651550293
2,melville,1242,wells,7.495658715565999
2,melville,1242,austen,7.270266056060791
2,melville,1242,fitzgerald,7.401408036549886
2,melville,1242,twain,7.135693629582723
2,melville,1243,train,3.711589813232422
2,melville,1243,baum,7.24185585975647
2,melville,1243,thompson,7.53092622756958
2,melville,1243,dickens,6.878242174784343
2,melville,1243,melville,6.59014105796814
2,melville,1243,wells,7.501012961069743
2,melville,1243,austen,7.2818474769592285
2,melville,1243,fitzgerald,7.417518536249797
2,melville,1243,twain,7.147797584533691
2,melville,1244,train,3.6604918479919433
2,melville,1244,baum,7.228895664215088
2,melville,1244,thompson,7.52269971370697
2,melville,1244,dickens,6.866265773773193
2,melville,1244,melville,6.581990043322246
2,melville,1244,wells,7.483692487080892
2,melville,1244,austen,7.272559404373169
2,melville,1244,fitzgerald,7.404031991958618
2,melville,1244,twain,7.134749333063762
2,melville,1245,train,3.690992593765259
2,melville,1245,baum,7.24235737323761
2,melville,1245,thompson,7.527847051620483
2,melville,1245,dickens,6.878207286198934
2,melville,1245,melville,6.591841459274292
2,melville,1245,wells,7.501556913057963
2,melville,1245,austen,7.284845113754272
2,melville,1245,fitzgerald,7.411311944325765
2,melville,1245,twain,7.145918925603231
2,melville,1246,train,3.6635090351104735
2,melville,1246,baum,7.246373414993286
2,melville,1246,thompson,7.536267638206482
2,melville,1246,dickens,6.88020118077596
2,melville,1246,melville,6.588805317878723
2,melville,1246,wells,7.510753870010376
2,melville,1246,austen,7.294697999954224
2,melville,1246,fitzgerald,7.420106172561645
2,melville,1246,twain,7.154040575027466
2,melville,1247,train,3.698608446121216
2,melville,1247,baum,7.23686158657074
2,melville,1247,thompson,7.526591062545776
2,melville,1247,dickens,6.873143394788106
2,melville,1247,melville,6.590516885121663
2,melville,1247,wells,7.500741759936015
2,melville,1247,austen,7.279569149017334
2,melville,1247,fitzgerald,7.409958600997925
2,melville,1247,twain,7.1494081020355225
2,melville,1248,train,3.662245273590088
2,melville,1248,baum,7.24357259273529
2,melville,1248,thompson,7.532957196235657
2,melville,1248,dickens,6.881529927253723
2,melville,1248,melville,6.592475771903992
2,melville,1248,wells,7.496586640675862
2,melville,1248,austen,7.293603897094727
2,melville,1248,fitzgerald,7.414373636245727
2,melville,1248,twain,7.151227474212647
2,melville,1249,train,3.7147178649902335
2,melville,1249,baum,7.251649260520935
2,melville,1249,thompson,7.539134621620178
2,melville,1249,dickens,6.883694092432658
2,melville,1249,melville,6.597316185633342
2,melville,1249,wells,7.513637979825337
2,melville,1249,austen,7.28463077545166
2,melville,1249,fitzgerald,7.420393864313762
2,melville,1249,twain,7.160736481348674
2,melville,1250,train,3.698556280136109
2,melville,1250,baum,7.238870620727539
2,melville,1250,thompson,7.525895833969116
2,melville,1250,dickens,6.878619432449341
2,melville,1250,melville,6.587659517923991
2,melville,1250,wells,7.497531811396281
2,melville,1250,austen,7.279526948928833
2,melville,1250,fitzgerald,7.409837325414021
2,melville,1250,twain,7.150696436564128
2,melville,1251,train,3.6794875144958494
2,melville,1251,baum,7.25531280040741
2,melville,1251,thompson,7.544992923736572
2,melville,1251,dickens,6.892418265342712
2,melville,1251,melville,6.607007344563802
2,melville,1251,wells,7.518337845802307
2,melville,1251,austen,7.294772148132324
2,melville,1251,fitzgerald,7.426906188329061
2,melville,1251,twain,7.164520263671875
2,melville,1252,train,3.6709670543670656
2,melville,1252,baum,7.264541387557983
2,melville,1252,thompson,7.549806118011475
2,melville,1252,dickens,6.891024867693584
2,melville,1252,melville,6.6052887837092085
2,melville,1252,wells,7.5160021384557085
2,melville,1252,austen,7.298739910125732
2,melville,1252,fitzgerald,7.4294501940409345
2,melville,1252,twain,7.161720355351766
2,melville,1253,train,3.6544078826904296
2,melville,1253,baum,7.255976557731628
2,melville,1253,thompson,7.550773620605469
2,melville,1253,dickens,6.890922546386719
2,melville,1253,melville,6.597293774286906
2,melville,1253,wells,7.515104413032532
2,melville,1253,austen,7.287719249725342
2,melville,1253,fitzgerald,7.430320501327515
2,melville,1253,twain,7.163748343785604
2,melville,1254,train,3.666971921920776
2,melville,1254,baum,7.2683175802230835
2,melville,1254,thompson,7.552287578582764
2,melville,1254,dickens,6.895615061124166
2,melville,1254,melville,6.610183874766032
2,melville,1254,wells,7.531439622243245
2,melville,1254,austen,7.298645973205566
2,melville,1254,fitzgerald,7.431632200876872
2,melville,1254,twain,7.172643105189006
2,melville,1255,train,3.667563486099243
2,melville,1255,baum,7.267440319061279
2,melville,1255,thompson,7.562487602233887
2,melville,1255,dickens,6.900393883387248
2,melville,1255,melville,6.613627394040425
2,melville,1255,wells,7.535207351048787
2,melville,1255,austen,7.3064165115356445
2,melville,1255,fitzgerald,7.439629634221395
2,melville,1255,twain,7.17572824160258
2,melville,1256,train,3.684273099899292
2,melville,1256,baum,7.267340183258057
2,melville,1256,thompson,7.560822486877441
2,melville,1256,dickens,6.893243074417114
2,melville,1256,melville,6.6136272350947065
2,melville,1256,wells,7.531952261924744
2,melville,1256,austen,7.298274040222168
2,melville,1256,fitzgerald,7.446779568990071
2,melville,1256,twain,7.176285982131958
2,melville,1257,train,3.6631619453430178
2,melville,1257,baum,7.274061918258667
2,melville,1257,thompson,7.560680747032165
2,melville,1257,dickens,6.900622487068176
2,melville,1257,melville,6.616410255432129
2,melville,1257,wells,7.543658971786499
2,melville,1257,austen,7.314857244491577
2,melville,1257,fitzgerald,7.444549957911174
2,melville,1257,twain,7.17880129814148
2,melville,1258,train,3.6636549949646
2,melville,1258,baum,7.282982587814331
2,melville,1258,thompson,7.566567540168762
2,melville,1258,dickens,6.905050237973531
2,melville,1258,melville,6.618609229723613
2,melville,1258,wells,7.54076333840688
2,melville,1258,austen,7.31168532371521
2,melville,1258,fitzgerald,7.447144349416097
2,melville,1258,twain,7.184731642405192
2,melville,1259,train,3.6642319202423095
2,melville,1259,baum,7.253236770629883
2,melville,1259,thompson,7.544231057167053
2,melville,1259,dickens,6.884495814641316
2,melville,1259,melville,6.598370631535848
2,melville,1259,wells,7.516636212666829
2,melville,1259,austen,7.290019989013672
2,melville,1259,fitzgerald,7.426219383875529
2,melville,1259,twain,7.167841116587321
2,melville,1260,train,3.66829686164856
2,melville,1260,baum,7.273202538490295
2,melville,1260,thompson,7.565530896186829
2,melville,1260,dickens,6.901130318641663
2,melville,1260,melville,6.6090675592422485
2,melville,1260,wells,7.533980170885722
2,melville,1260,austen,7.303762912750244
2,melville,1260,fitzgerald,7.4480282465616865
2,melville,1260,twain,7.182092348734538
2,melville,1261,train,3.643147897720337
2,melville,1261,baum,7.2664501667022705
2,melville,1261,thompson,7.555701971054077
2,melville,1261,dickens,6.897575259208679
2,melville,1261,melville,6.610309878985087
2,melville,1261,wells,7.531314373016357
2,melville,1261,austen,7.299867391586304
2,melville,1261,fitzgerald,7.437419891357422
2,melville,1261,twain,7.1727375984191895
2,melville,1262,train,3.665307521820069
2,melville,1262,baum,7.272015571594238
2,melville,1262,thompson,7.559687256813049
2,melville,1262,dickens,6.899604916572571
2,melville,1262,melville,6.609536687533061
2,melville,1262,wells,7.52638026078542
2,melville,1262,austen,7.306340456008911
2,melville,1262,fitzgerald,7.44066842397054
2,melville,1262,twain,7.176682313283284
2,melville,1263,train,3.6342492580413817
2,melville,1263,baum,7.264773607254028
2,melville,1263,thompson,7.553663611412048
2,melville,1263,dickens,6.896731654802959
2,melville,1263,melville,6.603330492973328
2,melville,1263,wells,7.515315612157186
2,melville,1263,austen,7.298140048980713
2,melville,1263,fitzgerald,7.43168568611145
2,melville,1263,twain,7.177115122477214
2,melville,1264,train,3.65339150428772
2,melville,1264,baum,7.270819544792175
2,melville,1264,thompson,7.553637981414795
2,melville,1264,dickens,6.898678620656331
2,melville,1264,melville,6.6108481884002686
2,melville,1264,wells,7.531484087308248
2,melville,1264,austen,7.315792798995972
2,melville,1264,fitzgerald,7.436534245808919
2,melville,1264,twain,7.174673477808635
2,melville,1265,train,3.629393148422241
2,melville,1265,baum,7.274923205375671
2,melville,1265,thompson,7.5537848472595215
2,melville,1265,dickens,6.897515416145325
2,melville,1265,melville,6.605267763137817
2,melville,1265,wells,7.5292143026987715
2,melville,1265,austen,7.301715135574341
2,melville,1265,fitzgerald,7.438679218292236
2,melville,1265,twain,7.174898386001587
2,melville,1266,train,3.648892879486084
2,melville,1266,baum,7.271687507629394
2,melville,1266,thompson,7.552921652793884
2,melville,1266,dickens,6.8953549067179365
2,melville,1266,melville,6.605051755905151
2,melville,1266,wells,7.523365259170532
2,melville,1266,austen,7.306899070739746
2,melville,1266,fitzgerald,7.43738055229187
2,melville,1266,twain,7.174367666244507
2,melville,1267,train,3.623350238800049
2,melville,1267,baum,7.273715972900391
2,melville,1267,thompson,7.559010863304138
2,melville,1267,dickens,6.900598128636678
2,melville,1267,melville,6.6075865427653
2,melville,1267,wells,7.533095518747966
2,melville,1267,austen,7.313777923583984
2,melville,1267,fitzgerald,7.439086119333903
2,melville,1267,twain,7.17854372660319
2,melville,1268,train,3.6323021411895753
2,melville,1268,baum,7.271623611450195
2,melville,1268,thompson,7.558756589889526
2,melville,1268,dickens,6.905703186988831
2,melville,1268,melville,6.614733457565308
2,melville,1268,wells,7.537811756134033
2,melville,1268,austen,7.311045408248901
2,melville,1268,fitzgerald,7.439832051595052
2,melville,1268,twain,7.182519356409709
2,melville,1269,train,3.626331233978272
2,melville,1269,baum,7.267662048339844
2,melville,1269,thompson,7.561420440673828
2,melville,1269,dickens,6.902790466944377
2,melville,1269,melville,6.6103096803029375
2,melville,1269,wells,7.532236099243164
2,melville,1269,austen,7.305137634277344
2,melville,1269,fitzgerald,7.443642457326253
2,melville,1269,twain,7.181628465652466
2,melville,1270,train,3.610155487060547
2,melville,1270,baum,7.278806328773498
2,melville,1270,thompson,7.569417357444763
2,melville,1270,dickens,6.9063141743342085
2,melville,1270,melville,6.614747047424316
2,melville,1270,wells,7.546098828315735
2,melville,1270,austen,7.322495222091675
2,melville,1270,fitzgerald,7.451420545578003
2,melville,1270,twain,7.185168266296387
2,melville,1271,train,3.6137173175811768
2,melville,1271,baum,7.275388360023498
2,melville,1271,thompson,7.5687150955200195
2,melville,1271,dickens,6.90531595547994
2,melville,1271,melville,6.620712121327718
2,melville,1271,wells,7.540082136789958
2,melville,1271,austen,7.308683395385742
2,melville,1271,fitzgerald,7.447359561920166
2,melville,1271,twain,7.18358302116394
2,melville,1272,train,3.63921914100647
2,melville,1272,baum,7.282153129577637
2,melville,1272,thompson,7.58001983165741
2,melville,1272,dickens,6.917103568712871
2,melville,1272,melville,6.607509016990662
2,melville,1272,wells,7.537607669830322
2,melville,1272,austen,7.323578596115112
2,melville,1272,fitzgerald,7.453081210454305
2,melville,1272,twain,7.18760069211324
2,melville,1273,train,3.647781848907471
2,melville,1273,baum,7.306586980819702
2,melville,1273,thompson,7.598731160163879
2,melville,1273,dickens,6.92970339457194
2,melville,1273,melville,6.632779876391093
2,melville,1273,wells,7.5701984167099
2,melville,1273,austen,7.334315538406372
2,melville,1273,fitzgerald,7.468568722407023
2,melville,1273,twain,7.20398743947347
2,melville,1274,train,3.69575777053833
2,melville,1274,baum,7.274709105491638
2,melville,1274,thompson,7.563844442367554
2,melville,1274,dickens,6.9075471957524615
2,melville,1274,melville,6.608648578325908
2,melville,1274,wells,7.537319223086039
2,melville,1274,austen,7.313350677490234
2,melville,1274,fitzgerald,7.444370746612549
2,melville,1274,twain,7.181474208831787
2,melville,1275,train,3.61879940032959
2,melville,1275,baum,7.287322044372559
2,melville,1275,thompson,7.577013969421387
2,melville,1275,dickens,6.910823424657186
2,melville,1275,melville,6.617383440335591
2,melville,1275,wells,7.545208930969238
2,melville,1275,austen,7.319576740264893
2,melville,1275,fitzgerald,7.457056522369385
2,melville,1275,twain,7.192655722300212
2,melville,1276,train,3.631214809417725
2,melville,1276,baum,7.3136667013168335
2,melville,1276,thompson,7.6045496463775635
2,melville,1276,dickens,6.927704254786174
2,melville,1276,melville,6.633902549743652
2,melville,1276,wells,7.570226589838664
2,melville,1276,austen,7.347517013549805
2,melville,1276,fitzgerald,7.4790940284729
2,melville,1276,twain,7.206848065058391
2,melville,1277,train,3.6322431564331055
2,melville,1277,baum,7.282994747161865
2,melville,1277,thompson,7.5794997215271
2,melville,1277,dickens,6.913824836413066
2,melville,1277,melville,6.616916139920552
2,melville,1277,wells,7.540983597437541
2,melville,1277,austen,7.313874006271362
2,melville,1277,fitzgerald,7.454709768295288
2,melville,1277,twain,7.194490830103557
2,melville,1278,train,3.643789625167847
2,melville,1278,baum,7.292269349098206
2,melville,1278,thompson,7.587675929069519
2,melville,1278,dickens,6.9164624611536665
2,melville,1278,melville,6.617672920227051
2,melville,1278,wells,7.554980516433716
2,melville,1278,austen,7.336230278015137
2,melville,1278,fitzgerald,7.462683916091919
2,melville,1278,twain,7.195153713226318
2,melville,1279,train,3.635379838943481
2,melville,1279,baum,7.279907464981079
2,melville,1279,thompson,7.575834155082703
2,melville,1279,dickens,6.918377200762431
2,melville,1279,melville,6.619283437728882
2,melville,1279,wells,7.5443750222524
2,melville,1279,austen,7.331589460372925
2,melville,1279,fitzgerald,7.448820352554321
2,melville,1279,twain,7.194125254948934
2,melville,1280,train,3.6073042869567873
2,melville,1280,baum,7.297609806060791
2,melville,1280,thompson,7.592045307159424
2,melville,1280,dickens,6.921275178591411
2,melville,1280,melville,6.62480890750885
2,melville,1280,wells,7.56086540222168
2,melville,1280,austen,7.335865259170532
2,melville,1280,fitzgerald,7.463837385177612
2,melville,1280,twain,7.19970719019572
2,melville,1281,train,3.642870140075684
2,melville,1281,baum,7.285799503326416
2,melville,1281,thompson,7.581253528594971
2,melville,1281,dickens,6.915706356366475
2,melville,1281,melville,6.618542869885762
2,melville,1281,wells,7.552802960077922
2,melville,1281,austen,7.330172538757324
2,melville,1281,fitzgerald,7.458972533543904
2,melville,1281,twain,7.195047775904338
2,melville,1282,train,3.6323170185089113
2,melville,1282,baum,7.286810755729675
2,melville,1282,thompson,7.582834720611572
2,melville,1282,dickens,6.92356816927592
2,melville,1282,melville,6.621654589970906
2,melville,1282,wells,7.548906644185384
2,melville,1282,austen,7.328571319580078
2,melville,1282,fitzgerald,7.463420470555623
2,melville,1282,twain,7.201192378997803
2,melville,1283,train,3.627180814743042
2,melville,1283,baum,7.315273523330688
2,melville,1283,thompson,7.608311653137207
2,melville,1283,dickens,6.933317502339681
2,melville,1283,melville,6.635665575663249
2,melville,1283,wells,7.57680344581604
2,melville,1283,austen,7.358487129211426
2,melville,1283,fitzgerald,7.483555634816487
2,melville,1283,twain,7.209182659784953
2,melville,1284,train,3.609162425994873
2,melville,1284,baum,7.289310693740845
2,melville,1284,thompson,7.578387498855591
2,melville,1284,dickens,6.91446578502655
2,melville,1284,melville,6.616717139879863
2,melville,1284,wells,7.541708548863728
2,melville,1284,austen,7.324507236480713
2,melville,1284,fitzgerald,7.455937385559082
2,melville,1284,twain,7.192564328511556
2,melville,1285,train,3.607227325439453
2,melville,1285,baum,7.302727580070496
2,melville,1285,thompson,7.59275496006012
2,melville,1285,dickens,6.930400649706523
2,melville,1285,melville,6.624808549880981
2,melville,1285,wells,7.556669354438782
2,melville,1285,austen,7.341068983078003
2,melville,1285,fitzgerald,7.467741807301839
2,melville,1285,twain,7.206119139989217
2,melville,1286,train,3.609401988983154
2,melville,1286,baum,7.313194036483765
2,melville,1286,thompson,7.609579801559448
2,melville,1286,dickens,6.938101649284363
2,melville,1286,melville,6.639109492301941
2,melville,1286,wells,7.583957115809123
2,melville,1286,austen,7.353849411010742
2,melville,1286,fitzgerald,7.481594085693359
2,melville,1286,twain,7.218431790669759
2,melville,1287,train,3.5994314193725585
2,melville,1287,baum,7.292847633361816
2,melville,1287,thompson,7.583766102790832
2,melville,1287,dickens,6.923135240872701
2,melville,1287,melville,6.626337170600891
2,melville,1287,wells,7.562418142954509
2,melville,1287,austen,7.338579416275024
2,melville,1287,fitzgerald,7.463537931442261
2,melville,1287,twain,7.203688383102417
2,melville,1288,train,3.5827392578125
2,melville,1288,baum,7.3096359968185425
2,melville,1288,thompson,7.59479022026062
2,melville,1288,dickens,6.940400918324788
2,melville,1288,melville,6.625928322474162
2,melville,1288,wells,7.566820661226909
2,melville,1288,austen,7.366359949111938
2,melville,1288,fitzgerald,7.474907636642456
2,melville,1288,twain,7.214397668838501
2,melville,1289,train,3.601486825942993
2,melville,1289,baum,7.287521839141846
2,melville,1289,thompson,7.582126379013061
2,melville,1289,dickens,6.923309961954753
2,melville,1289,melville,6.624706983566284
2,melville,1289,wells,7.555401563644409
2,melville,1289,austen,7.336300373077393
2,melville,1289,fitzgerald,7.462770382563273
2,melville,1289,twain,7.199997107187907
2,melville,1290,train,3.6238699913024894
2,melville,1290,baum,7.311117768287659
2,melville,1290,thompson,7.597521662712097
2,melville,1290,dickens,6.94044828414917
2,melville,1290,melville,6.631169040997823
2,melville,1290,wells,7.5717666943868
2,melville,1290,austen,7.352893590927124
2,melville,1290,fitzgerald,7.478791952133179
2,melville,1290,twain,7.212974866231282
2,melville,1291,train,3.598296880722046
2,melville,1291,baum,7.313986301422119
2,melville,1291,thompson,7.607672810554504
2,melville,1291,dickens,6.942865053812663
2,melville,1291,melville,6.647055308024089
2,melville,1291,wells,7.578857779502869
2,melville,1291,austen,7.35036826133728
2,melville,1291,fitzgerald,7.488197088241577
2,melville,1291,twain,7.219290177027385
2,melville,1292,train,3.5939537525177
2,melville,1292,baum,7.304348468780518
2,melville,1292,thompson,7.592369794845581
2,melville,1292,dickens,6.937606414159139
2,melville,1292,melville,6.63359276453654
2,melville,1292,wells,7.567117849985759
2,melville,1292,austen,7.352679967880249
2,melville,1292,fitzgerald,7.482305606206258
2,melville,1292,twain,7.209469397862752
2,melville,1293,train,3.55940637588501
2,melville,1293,baum,7.31667685508728
2,melville,1293,thompson,7.608624935150146
2,melville,1293,dickens,6.9471195936203
2,melville,1293,melville,6.640101273854573
2,melville,1293,wells,7.583046476046245
2,melville,1293,austen,7.359630584716797
2,melville,1293,fitzgerald,7.484792947769165
2,melville,1293,twain,7.2241785526275635
2,melville,1294,train,3.5976194858551027
2,melville,1294,baum,7.319241642951965
2,melville,1294,thompson,7.609328031539917
2,melville,1294,dickens,6.942919015884399
2,melville,1294,melville,6.635974009831746
2,melville,1294,wells,7.573851863543193
2,melville,1294,austen,7.349506139755249
2,melville,1294,fitzgerald,7.477765162785848
2,melville,1294,twain,7.219321807225545
2,melville,1295,train,3.591717767715454
2,melville,1295,baum,7.302076935768127
2,melville,1295,thompson,7.590341448783874
2,melville,1295,dickens,6.9338100751241045
2,melville,1295,melville,6.631115913391113
2,melville,1295,wells,7.565885186195373
2,melville,1295,austen,7.3485400676727295
2,melville,1295,fitzgerald,7.472778558731079
2,melville,1295,twain,7.210162242253621
2,melville,1296,train,3.5860666751861574
2,melville,1296,baum,7.315503478050232
2,melville,1296,thompson,7.600310802459717
2,melville,1296,dickens,6.938770492871602
2,melville,1296,melville,6.629847844441732
2,melville,1296,wells,7.5705734093983965
2,melville,1296,austen,7.3568127155303955
2,melville,1296,fitzgerald,7.486974398295085
2,melville,1296,twain,7.214377403259277
2,melville,1297,train,3.604862546920777
2,melville,1297,baum,7.294828653335571
2,melville,1297,thompson,7.594571113586426
2,melville,1297,dickens,6.932600180308024
2,melville,1297,melville,6.626047690709432
2,melville,1297,wells,7.561376611391704
2,melville,1297,austen,7.342512607574463
2,melville,1297,fitzgerald,7.475730498631795
2,melville,1297,twain,7.208532253901164
2,melville,1298,train,3.584492063522339
2,melville,1298,baum,7.306941151618957
2,melville,1298,thompson,7.597494006156921
2,melville,1298,dickens,6.939945181210836
2,melville,1298,melville,6.630360166231792
2,melville,1298,wells,7.565340280532837
2,melville,1298,austen,7.351275682449341
2,melville,1298,fitzgerald,7.476878007253011
2,melville,1298,twain,7.212629556655884
2,melville,1299,train,3.6019261837005616
2,melville,1299,baum,7.315682291984558
2,melville,1299,thompson,7.61217188835144
2,melville,1299,dickens,6.941829244295756
2,melville,1299,melville,6.637302279472351
2,melville,1299,wells,7.582240660985311
2,melville,1299,austen,7.349299907684326
2,melville,1299,fitzgerald,7.488950888315837
2,melville,1299,twain,7.222671429316203
2,melville,1300,train,3.60524787902832
2,melville,1300,baum,7.313437461853027
2,melville,1300,thompson,7.607447981834412
2,melville,1300,dickens,6.943650523821513
2,melville,1300,melville,6.636514941851298
2,melville,1300,wells,7.578859607378642
2,melville,1300,austen,7.353710889816284
2,melville,1300,fitzgerald,7.48354419072469
2,melville,1300,twain,7.222377220789592
2,melville,1301,train,3.5910070896148683
2,melville,1301,baum,7.312637805938721
2,melville,1301,thompson,7.612900018692017
2,melville,1301,dickens,6.942902326583862
2,melville,1301,melville,6.639695485432942
2,melville,1301,wells,7.578869700431824
2,melville,1301,austen,7.352924346923828
2,melville,1301,fitzgerald,7.493226687113444
2,melville,1301,twain,7.222931464513143
2,melville,1302,train,3.594064140319824
2,melville,1302,baum,7.321892619132996
2,melville,1302,thompson,7.617078065872192
2,melville,1302,dickens,6.950765570004781
2,melville,1302,melville,6.637672702471416
2,melville,1302,wells,7.578034559885661
2,melville,1302,austen,7.356242179870605
2,melville,1302,fitzgerald,7.490960439046224
2,melville,1302,twain,7.229164918263753
2,melville,1303,train,3.619930744171143
2,melville,1303,baum,7.325957655906677
2,melville,1303,thompson,7.627040028572082
2,melville,1303,dickens,6.950957894325256
2,melville,1303,melville,6.641626516977946
2,melville,1303,wells,7.585340062777202
2,melville,1303,austen,7.351338148117065
2,melville,1303,fitzgerald,7.497494379679362
2,melville,1303,twain,7.234158436457316
2,melville,1304,train,3.566719627380371
2,melville,1304,baum,7.331135511398315
2,melville,1304,thompson,7.617320418357849
2,melville,1304,dickens,6.948529124259949
2,melville,1304,melville,6.637099464734395
2,melville,1304,wells,7.58231516679128
2,melville,1304,austen,7.352011680603027
2,melville,1304,fitzgerald,7.492189725240071
2,melville,1304,twain,7.229583899180095
2,melville,1305,train,3.57116928100586
2,melville,1305,baum,7.327351093292236
2,melville,1305,thompson,7.610470414161682
2,melville,1305,dickens,6.9514568249384565
2,melville,1305,melville,6.636019786198934
2,melville,1305,wells,7.578534205754598
2,melville,1305,austen,7.366366863250732
2,melville,1305,fitzgerald,7.487727006276448
2,melville,1305,twain,7.223705848058064
2,melville,1306,train,3.5881862163543703
2,melville,1306,baum,7.318585395812988
2,melville,1306,thompson,7.617379426956177
2,melville,1306,dickens,6.953021009763082
2,melville,1306,melville,6.640798727671306
2,melville,1306,wells,7.580676317214966
2,melville,1306,austen,7.361941814422607
2,melville,1306,fitzgerald,7.495742559432983
2,melville,1306,twain,7.226773977279663
2,melville,1307,train,3.5625513076782225
2,melville,1307,baum,7.30554461479187
2,melville,1307,thompson,7.609942317008972
2,melville,1307,dickens,6.95176347096761
2,melville,1307,melville,6.642326474189758
2,melville,1307,wells,7.57902991771698
2,melville,1307,austen,7.3569254875183105
2,melville,1307,fitzgerald,7.487709045410156
2,melville,1307,twain,7.228977521260579
2,melville,1308,train,3.616580390930176
2,melville,1308,baum,7.30367636680603
2,melville,1308,thompson,7.60473358631134
2,melville,1308,dickens,6.943625728289287
2,melville,1308,melville,6.632180015246074
2,melville,1308,wells,7.571080207824707
2,melville,1308,austen,7.351406335830688
2,melville,1308,fitzgerald,7.485857804616292
2,melville,1308,twain,7.218952496846517
2,melville,1309,train,3.5537076950073243
2,melville,1309,baum,7.31249475479126
2,melville,1309,thompson,7.615310907363892
2,melville,1309,dickens,6.951682686805725
2,melville,1309,melville,6.637625177701314
2,melville,1309,wells,7.580663124720256
2,melville,1309,austen,7.358011722564697
2,melville,1309,fitzgerald,7.489100853602092
2,melville,1309,twain,7.227007706960042
2,melville,1310,train,3.5703268527984617
2,melville,1310,baum,7.345744252204895
2,melville,1310,thompson,7.637929916381836
2,melville,1310,dickens,6.971230347951253
2,melville,1310,melville,6.650879144668579
2,melville,1310,wells,7.602257013320923
2,melville,1310,austen,7.376128673553467
2,melville,1310,fitzgerald,7.509466568628947
2,melville,1310,twain,7.249707698822021
2,melville,1311,train,3.576589155197144
2,melville,1311,baum,7.327226400375366
2,melville,1311,thompson,7.628729343414307
2,melville,1311,dickens,6.960538665453593
2,melville,1311,melville,6.653155287106832
2,melville,1311,wells,7.593378861745198
2,melville,1311,austen,7.370698690414429
2,melville,1311,fitzgerald,7.503612756729126
2,melville,1311,twain,7.243143955866496
2,melville,1312,train,3.556178522109985
2,melville,1312,baum,7.32818865776062
2,melville,1312,thompson,7.628663182258606
2,melville,1312,dickens,6.9608060121536255
2,melville,1312,melville,6.652786374092102
2,melville,1312,wells,7.590845624605815
2,melville,1312,austen,7.370460271835327
2,melville,1312,fitzgerald,7.499525149663289
2,melville,1312,twain,7.241418997446696
2,melville,1313,train,3.5564359188079835
2,melville,1313,baum,7.321365833282471
2,melville,1313,thompson,7.628148436546326
2,melville,1313,dickens,6.954333861668904
2,melville,1313,melville,6.646380583445231
2,melville,1313,wells,7.590879042943318
2,melville,1313,austen,7.367465257644653
2,melville,1313,fitzgerald,7.5027650197347
2,melville,1313,twain,7.230103810628255
2,melville,1314,train,3.5709056854248047
2,melville,1314,baum,7.330102443695068
2,melville,1314,thompson,7.634492039680481
2,melville,1314,dickens,6.960211435953776
2,melville,1314,melville,6.653084675470988
2,melville,1314,wells,7.596245924631755
2,melville,1314,austen,7.37006402015686
2,melville,1314,fitzgerald,7.503727753957112
2,melville,1314,twain,7.241239150365193
2,melville,1315,train,3.5593913555145265
2,melville,1315,baum,7.320170402526855
2,melville,1315,thompson,7.624464154243469
2,melville,1315,dickens,6.950434843699138
2,melville,1315,melville,6.644992788632711
2,melville,1315,wells,7.593517978986104
2,melville,1315,austen,7.370138645172119
2,melville,1315,fitzgerald,7.497958978017171
2,melville,1315,twain,7.231057643890381
2,melville,1316,train,3.5442445278167725
2,melville,1316,baum,7.32181179523468
2,melville,1316,thompson,7.616486191749573
2,melville,1316,dickens,6.953832785288493
2,melville,1316,melville,6.643699328104655
2,melville,1316,wells,7.580587943394978
2,melville,1316,austen,7.369404077529907
2,melville,1316,fitzgerald,7.493791739145915
2,melville,1316,twain,7.234318653742473
2,melville,1317,train,3.565012884140015
2,melville,1317,baum,7.332708716392517
2,melville,1317,thompson,7.621760845184326
2,melville,1317,dickens,6.958373785018921
2,melville,1317,melville,6.651321371396382
2,melville,1317,wells,7.594442963600159
2,melville,1317,austen,7.385308027267456
2,melville,1317,fitzgerald,7.49464480082194
2,melville,1317,twain,7.23951244354248
2,melville,1318,train,3.5716838359832765
2,melville,1318,baum,7.340870141983032
2,melville,1318,thompson,7.644681811332703
2,melville,1318,dickens,6.961138685544332
2,melville,1318,melville,6.655865907669067
2,melville,1318,wells,7.609183271725972
2,melville,1318,austen,7.373937606811523
2,melville,1318,fitzgerald,7.517724275588989
2,melville,1318,twain,7.24545415242513
2,melville,1319,train,3.513907098770141
2,melville,1319,baum,7.336268305778503
2,melville,1319,thompson,7.641598463058472
2,melville,1319,dickens,6.961463610331218
2,melville,1319,melville,6.65207040309906
2,melville,1319,wells,7.610355019569397
2,melville,1319,austen,7.378412485122681
2,melville,1319,fitzgerald,7.516762653986613
2,melville,1319,twain,7.244130214055379
2,melville,1320,train,3.545738458633423
2,melville,1320,baum,7.3260825872421265
2,melville,1320,thompson,7.6350908279418945
2,melville,1320,dickens,6.956266283988953
2,melville,1320,melville,6.65596874554952
2,melville,1320,wells,7.599951386451721
2,melville,1320,austen,7.366023063659668
2,melville,1320,fitzgerald,7.504000107447307
2,melville,1320,twain,7.239624738693237
2,melville,1321,train,3.5625399589538573
2,melville,1321,baum,7.333157658576965
2,melville,1321,thompson,7.633283019065857
2,melville,1321,dickens,6.956339279810588
2,melville,1321,melville,6.649401505788167
2,melville,1321,wells,7.595911105473836
2,melville,1321,austen,7.3700244426727295
2,melville,1321,fitzgerald,7.5071258544921875
2,melville,1321,twain,7.23354450861613
2,melville,1322,train,3.564104080200196
2,melville,1322,baum,7.339621305465698
2,melville,1322,thompson,7.637624979019165
2,melville,1322,dickens,6.967760960261027
2,melville,1322,melville,6.656863172849019
2,melville,1322,wells,7.59838608900706
2,melville,1322,austen,7.383329629898071
2,melville,1322,fitzgerald,7.513840436935425
2,melville,1322,twain,7.246339082717895
2,melville,1323,train,3.564928579330444
2,melville,1323,baum,7.316874146461487
2,melville,1323,thompson,7.624613165855408
2,melville,1323,dickens,6.956309874852498
2,melville,1323,melville,6.647552371025085
2,melville,1323,wells,7.5861579577128095
2,melville,1323,austen,7.367633819580078
2,melville,1323,fitzgerald,7.495993534723918
2,melville,1323,twain,7.236385027567546
2,melville,1324,train,3.551778697967529
2,melville,1324,baum,7.358384132385254
2,melville,1324,thompson,7.651244521141052
2,melville,1324,dickens,6.982699513435364
2,melville,1324,melville,6.665301442146301
2,melville,1324,wells,7.619491616884868
2,melville,1324,austen,7.400859117507935
2,melville,1324,fitzgerald,7.528038899103801
2,melville,1324,twain,7.256286700566609
2,melville,1325,train,3.5492458820343016
2,melville,1325,baum,7.341635465621948
2,melville,1325,thompson,7.637702941894531
2,melville,1325,dickens,6.9710151354471845
2,melville,1325,melville,6.656275788942973
2,melville,1325,wells,7.599613706270854
2,melville,1325,austen,7.365368127822876
2,melville,1325,fitzgerald,7.511766831080119
2,melville,1325,twain,7.244792620340983
2,melville,1326,train,3.5864566802978515
2,melville,1326,baum,7.336544275283813
2,melville,1326,thompson,7.639277100563049
2,melville,1326,dickens,6.965484420458476
2,melville,1326,melville,6.65400505065918
2,melville,1326,wells,7.605909148852031
2,melville,1326,austen,7.392513751983643
2,melville,1326,fitzgerald,7.51133116086324
2,melville,1326,twain,7.244633674621582
2,melville,1327,train,3.5571325778961183
2,melville,1327,baum,7.346003532409668
2,melville,1327,thompson,7.6476229429244995
2,melville,1327,dickens,6.967697143554688
2,melville,1327,melville,6.65891698996226
2,melville,1327,wells,7.61499297618866
2,melville,1327,austen,7.382461786270142
2,melville,1327,fitzgerald,7.522972742716472
2,melville,1327,twain,7.248300790786743
2,melville,1328,train,3.585477542877197
2,melville,1328,baum,7.354280710220337
2,melville,1328,thompson,7.651250839233398
2,melville,1328,dickens,6.985691666603088
2,melville,1328,melville,6.668635845184326
2,melville,1328,wells,7.631452798843384
2,melville,1328,austen,7.402199268341064
2,melville,1328,fitzgerald,7.523509979248047
2,melville,1328,twain,7.2617151737213135
2,melville,1329,train,3.5625211238861083
2,melville,1329,baum,7.336171269416809
2,melville,1329,thompson,7.633384466171265
2,melville,1329,dickens,6.964731574058533
2,melville,1329,melville,6.663067698478699
2,melville,1329,wells,7.607436895370483
2,melville,1329,austen,7.373816251754761
2,melville,1329,fitzgerald,7.510592857996623
2,melville,1329,twain,7.247979164123535
2,melville,1330,train,3.560553216934204
2,melville,1330,baum,7.357081055641174
2,melville,1330,thompson,7.649904608726501
2,melville,1330,dickens,6.984347661336263
2,melville,1330,melville,6.668742259343465
2,melville,1330,wells,7.625331481297811
2,melville,1330,austen,7.40240478515625
2,melville,1330,fitzgerald,7.529938777287801
2,melville,1330,twain,7.264157772064209
2,melville,1331,train,3.5412236213684083
2,melville,1331,baum,7.334928512573242
2,melville,1331,thompson,7.641631722450256
2,melville,1331,dickens,6.971012036005656
2,melville,1331,melville,6.663107792536418
2,melville,1331,wells,7.605836669603984
2,melville,1331,austen,7.377119779586792
2,melville,1331,fitzgerald,7.5114195346832275
2,melville,1331,twain,7.252288818359375
2,melville,1332,train,3.549159860610962
2,melville,1332,baum,7.355311274528503
2,melville,1332,thompson,7.655666708946228
2,melville,1332,dickens,6.977060397466024
2,melville,1332,melville,6.669843276341756
2,melville,1332,wells,7.62263564268748
2,melville,1332,austen,7.391114473342895
2,melville,1332,fitzgerald,7.5251038869222
2,melville,1332,twain,7.258472363154094
2,melville,1333,train,3.528639793395996
2,melville,1333,baum,7.356553673744202
2,melville,1333,thompson,7.658799052238464
2,melville,1333,dickens,6.985125819842021
2,melville,1333,melville,6.669045130411784
2,melville,1333,wells,7.620749473571777
2,melville,1333,austen,7.386512041091919
2,melville,1333,fitzgerald,7.533676226933797
2,melville,1333,twain,7.262535572052002
2,melville,1334,train,3.5451255321502684
2,melville,1334,baum,7.359779715538025
2,melville,1334,thompson,7.649842739105225
2,melville,1334,dickens,6.9864141543706255
2,melville,1334,melville,6.668002406756084
2,melville,1334,wells,7.617053151130676
2,melville,1334,austen,7.389704942703247
2,melville,1334,fitzgerald,7.528348128000895
2,melville,1334,twain,7.264777978261311
2,melville,1335,train,3.5201735496521
2,melville,1335,baum,7.346911549568176
2,melville,1335,thompson,7.638672709465027
2,melville,1335,dickens,6.980372071266174
2,melville,1335,melville,6.662179112434387
2,melville,1335,wells,7.610888600349426
2,melville,1335,austen,7.392595529556274
2,melville,1335,fitzgerald,7.5188041528066
2,melville,1335,twain,7.256301641464233
2,melville,1336,train,3.525901937484741
2,melville,1336,baum,7.355555653572082
2,melville,1336,thompson,7.664382815361023
2,melville,1336,dickens,6.985772689183553
2,melville,1336,melville,6.669037540753682
2,melville,1336,wells,7.624474962552388
2,melville,1336,austen,7.392802000045776
2,melville,1336,fitzgerald,7.532152096430461
2,melville,1336,twain,7.270178556442261
2,melville,1337,train,3.5399123668670653
2,melville,1337,baum,7.358073830604553
2,melville,1337,thompson,7.668537378311157
2,melville,1337,dickens,6.9874089161554975
2,melville,1337,melville,6.675610065460205
2,melville,1337,wells,7.624567667643229
2,melville,1337,austen,7.397991895675659
2,melville,1337,fitzgerald,7.534820954004924
2,melville,1337,twain,7.272877136866252
2,melville,1338,train,3.516426181793213
2,melville,1338,baum,7.371920704841614
2,melville,1338,thompson,7.66861355304718
2,melville,1338,dickens,6.993600527445476
2,melville,1338,melville,6.670608599980672
2,melville,1338,wells,7.62774654229482
2,melville,1338,austen,7.410339117050171
2,melville,1338,fitzgerald,7.5398727258046465
2,melville,1338,twain,7.275921821594238
2,melville,1339,train,3.497760343551636
2,melville,1339,baum,7.364448428153992
2,melville,1339,thompson,7.664678454399109
2,melville,1339,dickens,6.999157150586446
2,melville,1339,melville,6.6786869764328
2,melville,1339,wells,7.628566861152649
2,melville,1339,austen,7.409444808959961
2,melville,1339,fitzgerald,7.536962906519572
2,melville,1339,twain,7.279293934504191
2,melville,1340,train,3.5502860069274904
2,melville,1340,baum,7.370926856994629
2,melville,1340,thompson,7.674817681312561
2,melville,1340,dickens,7.000056823094686
2,melville,1340,melville,6.683087547620137
2,melville,1340,wells,7.639593680699666
2,melville,1340,austen,7.425293684005737
2,melville,1340,fitzgerald,7.54483962059021
2,melville,1340,twain,7.278998374938965
2,melville,1341,train,3.543113327026368
2,melville,1341,baum,7.365302324295044
2,melville,1341,thompson,7.67105770111084
2,melville,1341,dickens,6.997835556666057
2,melville,1341,melville,6.676879445711772
2,melville,1341,wells,7.635397553443909
2,melville,1341,austen,7.405624151229858
2,melville,1341,fitzgerald,7.539832909901936
2,melville,1341,twain,7.279972314834595
2,melville,1342,train,3.505970668792725
2,melville,1342,baum,7.366357326507568
2,melville,1342,thompson,7.663445234298706
2,melville,1342,dickens,6.995805819829305
2,melville,1342,melville,6.671156883239746
2,melville,1342,wells,7.629834254582723
2,melville,1342,austen,7.403982639312744
2,melville,1342,fitzgerald,7.538808107376099
2,melville,1342,twain,7.27827517191569
2,melville,1343,train,3.552593183517456
2,melville,1343,baum,7.360709309577942
2,melville,1343,thompson,7.661595582962036
2,melville,1343,dickens,6.989326437314351
2,melville,1343,melville,6.674071907997131
2,melville,1343,wells,7.618354757626851
2,melville,1343,austen,7.3979332447052
2,melville,1343,fitzgerald,7.533303737640381
2,melville,1343,twain,7.269394874572754
2,melville,1344,train,3.514316892623901
2,melville,1344,baum,7.381804823875427
2,melville,1344,thompson,7.68589448928833
2,melville,1344,dickens,7.002434293429057
2,melville,1344,melville,6.68281094233195
2,melville,1344,wells,7.647516210873921
2,melville,1344,austen,7.416255950927734
2,melville,1344,fitzgerald,7.549760580062866
2,melville,1344,twain,7.282824436823527
2,melville,1345,train,3.521418046951294
2,melville,1345,baum,7.38366436958313
2,melville,1345,thompson,7.683812499046326
2,melville,1345,dickens,7.010219136873881
2,melville,1345,melville,6.686418453852336
2,melville,1345,wells,7.656621932983398
2,melville,1345,austen,7.435099601745605
2,melville,1345,fitzgerald,7.555956681569417
2,melville,1345,twain,7.292866071065267
2,melville,1346,train,3.512906217575073
2,melville,1346,baum,7.378270983695984
2,melville,1346,thompson,7.679702877998352
2,melville,1346,dickens,7.004979093869527
2,melville,1346,melville,6.689019600550334
2,melville,1346,wells,7.637033939361572
2,melville,1346,austen,7.422734022140503
2,melville,1346,fitzgerald,7.550477822621663
2,melville,1346,twain,7.288945595423381
2,melville,1347,train,3.5386818408966065
2,melville,1347,baum,7.391922473907471
2,melville,1347,thompson,7.690295696258545
2,melville,1347,dickens,7.013641357421875
2,melville,1347,melville,6.687485774358113
2,melville,1347,wells,7.651973009109497
2,melville,1347,austen,7.427967548370361
2,melville,1347,fitzgerald,7.561892986297607
2,melville,1347,twain,7.299956162770589
2,melville,1348,train,3.492641305923462
2,melville,1348,baum,7.376909971237183
2,melville,1348,thompson,7.672266602516174
2,melville,1348,dickens,6.999042789141337
2,melville,1348,melville,6.675281723340352
2,melville,1348,wells,7.637039224306743
2,melville,1348,austen,7.411534309387207
2,melville,1348,fitzgerald,7.54732624689738
2,melville,1348,twain,7.282094399134318
2,melville,1349,train,3.4846919536590577
2,melville,1349,baum,7.394947648048401
2,melville,1349,thompson,7.687940835952759
2,melville,1349,dickens,7.009563644727071
2,melville,1349,melville,6.69237744808197
2,melville,1349,wells,7.665278156598409
2,melville,1349,austen,7.431166410446167
2,melville,1349,fitzgerald,7.565740029017131
2,melville,1349,twain,7.295691569646199
2,melville,1350,train,3.5412978172302245
2,melville,1350,baum,7.383740067481995
2,melville,1350,thompson,7.689784288406372
2,melville,1350,dickens,7.0073162317276
2,melville,1350,melville,6.689194560050964
2,melville,1350,wells,7.649046818415324
2,melville,1350,austen,7.412708759307861
2,melville,1350,fitzgerald,7.559018055597941
2,melville,1350,twain,7.290515184402466
2,melville,1351,train,3.499725580215454
2,melville,1351,baum,7.383248567581177
2,melville,1351,thompson,7.678006768226623
2,melville,1351,dickens,6.999587019284566
2,melville,1351,melville,6.679022471110026
2,melville,1351,wells,7.646023273468018
2,melville,1351,austen,7.416367053985596
2,melville,1351,fitzgerald,7.553596417109172
2,melville,1351,twain,7.281336069107056
2,melville,1352,train,3.499901914596557
2,melville,1352,baum,7.388455867767334
2,melville,1352,thompson,7.680825591087341
2,melville,1352,dickens,7.006767948468526
2,melville,1352,melville,6.693285425504048
2,melville,1352,wells,7.656431118647258
2,melville,1352,austen,7.416690349578857
2,melville,1352,fitzgerald,7.556770006815593
2,melville,1352,twain,7.294252713521321
2,melville,1353,train,3.509970569610596
2,melville,1353,baum,7.384325265884399
2,melville,1353,thompson,7.680314540863037
2,melville,1353,dickens,7.004040718078613
2,melville,1353,melville,6.691431641578674
2,melville,1353,wells,7.651089191436768
2,melville,1353,austen,7.425761938095093
2,melville,1353,fitzgerald,7.558611551920573
2,melville,1353,twain,7.287241220474243
2,melville,1354,train,3.4993476390838625
2,melville,1354,baum,7.371141076087952
2,melville,1354,thompson,7.669435739517212
2,melville,1354,dickens,6.9942699273427325
2,melville,1354,melville,6.684187014897664
2,melville,1354,wells,7.641986608505249
2,melville,1354,austen,7.408390760421753
2,melville,1354,fitzgerald,7.544604778289795
2,melville,1354,twain,7.28143843015035
2,melville,1355,train,3.489947509765625
2,melville,1355,baum,7.394452452659607
2,melville,1355,thompson,7.692001819610596
2,melville,1355,dickens,7.0184166431427
2,melville,1355,melville,6.693442503611247
2,melville,1355,wells,7.662142316500346
2,melville,1355,austen,7.432841777801514
2,melville,1355,fitzgerald,7.560554663340251
2,melville,1355,twain,7.297311226526896
2,melville,1356,train,3.493070316314697
2,melville,1356,baum,7.375975966453552
2,melville,1356,thompson,7.678407430648804
2,melville,1356,dickens,7.003414432207744
2,melville,1356,melville,6.685389955838521
2,melville,1356,wells,7.649255593617757
2,melville,1356,austen,7.405390739440918
2,melville,1356,fitzgerald,7.558315912882487
2,melville,1356,twain,7.289208730061849
2,melville,1357,train,3.5050532817840576
2,melville,1357,baum,7.384415745735168
2,melville,1357,thompson,7.679477572441101
2,melville,1357,dickens,7.005871494611104
2,melville,1357,melville,6.679097811381022
2,melville,1357,wells,7.651950359344482
2,melville,1357,austen,7.422214984893799
2,melville,1357,fitzgerald,7.554410696029663
2,melville,1357,twain,7.292017459869385
2,melville,1358,train,3.5083854675292967
2,melville,1358,baum,7.395429968833923
2,melville,1358,thompson,7.698808789253235
2,melville,1358,dickens,7.012365261713664
2,melville,1358,melville,6.68997863928477
2,melville,1358,wells,7.664054910341899
2,melville,1358,austen,7.425109624862671
2,melville,1358,fitzgerald,7.5673134326934814
2,melville,1358,twain,7.297629197438558
2,melville,1359,train,3.4791632175445555
2,melville,1359,baum,7.404366612434387
2,melville,1359,thompson,7.699477076530456
2,melville,1359,dickens,7.018241087595622
2,melville,1359,melville,6.693623940149943
2,melville,1359,wells,7.659515460332234
2,melville,1359,austen,7.417418956756592
2,melville,1359,fitzgerald,7.566144943237305
2,melville,1359,twain,7.300174554189046
2,melville,1360,train,3.503632211685181
2,melville,1360,baum,7.398947238922119
2,melville,1360,thompson,7.700750589370727
2,melville,1360,dickens,7.023593544960022
2,melville,1360,melville,6.689012249310811
2,melville,1360,wells,7.663875659306844
2,melville,1360,austen,7.432595729827881
2,melville,1360,fitzgerald,7.573263645172119
2,melville,1360,twain,7.300594647725423
2,melville,1361,train,3.493892192840576
2,melville,1361,baum,7.428576707839966
2,melville,1361,thompson,7.727169871330261
2,melville,1361,dickens,7.039689461390178
2,melville,1361,melville,6.713164726893107
2,melville,1361,wells,7.691263159116109
2,melville,1361,austen,7.44477915763855
2,melville,1361,fitzgerald,7.589583317438762
2,melville,1361,twain,7.324942350387573
2,melville,1362,train,3.452286434173584
2,melville,1362,baum,7.410810589790344
2,melville,1362,thompson,7.711933493614197
2,melville,1362,dickens,7.023274461428325
2,melville,1362,melville,6.691885908444722
2,melville,1362,wells,7.677961826324463
2,melville,1362,austen,7.436762809753418
2,melville,1362,fitzgerald,7.582508484522502
2,melville,1362,twain,7.309091409047444
2,melville,1363,train,3.47124047279358
2,melville,1363,baum,7.397058725357056
2,melville,1363,thompson,7.700681328773498
2,melville,1363,dickens,7.015596866607666
2,melville,1363,melville,6.691929578781128
2,melville,1363,wells,7.656315962473552
2,melville,1363,austen,7.430952548980713
2,melville,1363,fitzgerald,7.564182996749878
2,melville,1363,twain,7.304465452829997
2,melville,1364,train,3.492533254623413
2,melville,1364,baum,7.417106509208679
2,melville,1364,thompson,7.722618341445923
2,melville,1364,dickens,7.029532949129741
2,melville,1364,melville,6.70599893728892
2,melville,1364,wells,7.693873047828674
2,melville,1364,austen,7.445966005325317
2,melville,1364,fitzgerald,7.589941342671712
2,melville,1364,twain,7.312736511230469
2,melville,1365,train,3.495224714279175
2,melville,1365,baum,7.407904267311096
2,melville,1365,thompson,7.706478238105774
2,melville,1365,dickens,7.021333456039429
2,melville,1365,melville,6.699212392171224
2,melville,1365,wells,7.666604161262512
2,melville,1365,austen,7.427342176437378
2,melville,1365,fitzgerald,7.572113752365112
2,melville,1365,twain,7.304393927256267
2,melville,1366,train,3.4572496891021727
2,melville,1366,baum,7.414285778999329
2,melville,1366,thompson,7.711916327476501
2,melville,1366,dickens,7.020812312761943
2,melville,1366,melville,6.701947808265686
2,melville,1366,wells,7.679387887318929
2,melville,1366,austen,7.436697483062744
2,melville,1366,fitzgerald,7.584446907043457
2,melville,1366,twain,7.309358914693196
2,melville,1367,train,3.456532335281372
2,melville,1367,baum,7.407297492027283
2,melville,1367,thompson,7.700028300285339
2,melville,1367,dickens,7.026252905527751
2,melville,1367,melville,6.69693919022878
2,melville,1367,wells,7.671064297358195
2,melville,1367,austen,7.441350221633911
2,melville,1367,fitzgerald,7.5783084233601885
2,melville,1367,twain,7.308188517888387
2,melville,1368,train,3.4825879096984864
2,melville,1368,baum,7.417692303657532
2,melville,1368,thompson,7.710510015487671
2,melville,1368,dickens,7.028294682502747
2,melville,1368,melville,6.705421209335327
2,melville,1368,wells,7.677661617596944
2,melville,1368,austen,7.438256025314331
2,melville,1368,fitzgerald,7.580059846242269
2,melville,1368,twain,7.315193176269531
2,melville,1369,train,3.4866894245147706
2,melville,1369,baum,7.397573828697205
2,melville,1369,thompson,7.697993755340576
2,melville,1369,dickens,7.01526923974355
2,melville,1369,melville,6.698609550793965
2,melville,1369,wells,7.6550910870234175
2,melville,1369,austen,7.432276487350464
2,melville,1369,fitzgerald,7.564831256866455
2,melville,1369,twain,7.299121141433716
2,melville,1370,train,3.481673192977905
2,melville,1370,baum,7.417598962783813
2,melville,1370,thompson,7.718225598335266
2,melville,1370,dickens,7.036004145940145
2,melville,1370,melville,6.701073050498962
2,melville,1370,wells,7.670323133468628
2,melville,1370,austen,7.445829391479492
2,melville,1370,fitzgerald,7.580110947291057
2,melville,1370,twain,7.315301895141602
2,melville,1371,train,3.494753837585449
2,melville,1371,baum,7.41075873374939
2,melville,1371,thompson,7.715775728225708
2,melville,1371,dickens,7.026324828465779
2,melville,1371,melville,6.699347694714864
2,melville,1371,wells,7.675295114517212
2,melville,1371,austen,7.4393486976623535
2,melville,1371,fitzgerald,7.583564201990764
2,melville,1371,twain,7.308773994445801
2,melville,1372,train,3.4620237350463867
2,melville,1372,baum,7.401230573654175
2,melville,1372,thompson,7.695675015449524
2,melville,1372,dickens,7.025206963221232
2,melville,1372,melville,6.692994316418965
2,melville,1372,wells,7.663631240526835
2,melville,1372,austen,7.441779136657715
2,melville,1372,fitzgerald,7.565931558609009
2,melville,1372,twain,7.305325984954834
2,melville,1373,train,3.4851707935333254
2,melville,1373,baum,7.4061518907547
2,melville,1373,thompson,7.707722067832947
2,melville,1373,dickens,7.033062696456909
2,melville,1373,melville,6.701241374015808
2,melville,1373,wells,7.667161186536153
2,melville,1373,austen,7.443376064300537
2,melville,1373,fitzgerald,7.5766176382700605
2,melville,1373,twain,7.311102231343587
2,melville,1374,train,3.496794414520264
2,melville,1374,baum,7.401079177856445
2,melville,1374,thompson,7.6990727186203
2,melville,1374,dickens,7.028000712394714
2,melville,1374,melville,6.703581889470418
2,melville,1374,wells,7.670353690783183
2,melville,1374,austen,7.441256046295166
2,melville,1374,fitzgerald,7.57101837793986
2,melville,1374,twain,7.310082197189331
2,melville,1375,train,3.4372570514678955
2,melville,1375,baum,7.412972211837768
2,melville,1375,thompson,7.716001987457275
2,melville,1375,dickens,7.037671804428101
2,melville,1375,melville,6.708045999209086
2,melville,1375,wells,7.685099045435588
2,melville,1375,austen,7.462263345718384
2,melville,1375,fitzgerald,7.586081663767497
2,melville,1375,twain,7.3180530071258545
2,melville,1376,train,3.4775611400604247
2,melville,1376,baum,7.432350993156433
2,melville,1376,thompson,7.739831805229187
2,melville,1376,dickens,7.053004463513692
2,melville,1376,melville,6.723335901896159
2,melville,1376,wells,7.702573299407959
2,melville,1376,austen,7.468559980392456
2,melville,1376,fitzgerald,7.603914022445679
2,melville,1376,twain,7.338206688563029
2,melville,1377,train,3.469666242599488
2,melville,1377,baum,7.4068320989608765
2,melville,1377,thompson,7.712538003921509
2,melville,1377,dickens,7.032805919647217
2,melville,1377,melville,6.705545385678609
2,melville,1377,wells,7.676840265591939
2,melville,1377,austen,7.440710544586182
2,melville,1377,fitzgerald,7.58126441637675
2,melville,1377,twain,7.3164786497751875
2,melville,1378,train,3.469299077987671
2,melville,1378,baum,7.401236891746521
2,melville,1378,thompson,7.710882544517517
2,melville,1378,dickens,7.030348936716716
2,melville,1378,melville,6.7023385763168335
2,melville,1378,wells,7.675037741661072
2,melville,1378,austen,7.441112756729126
2,melville,1378,fitzgerald,7.581808567047119
2,melville,1378,twain,7.314754009246826
2,melville,1379,train,3.476293659210205
2,melville,1379,baum,7.399505853652954
2,melville,1379,thompson,7.707492113113403
2,melville,1379,dickens,7.034898678461711
2,melville,1379,melville,6.701837062835693
2,melville,1379,wells,7.672896901766459
2,melville,1379,austen,7.446588754653931
2,melville,1379,fitzgerald,7.577537457148234
2,melville,1379,twain,7.319098393122355
2,melville,1380,train,3.451540803909302
2,melville,1380,baum,7.401827931404114
2,melville,1380,thompson,7.70512592792511
2,melville,1380,dickens,7.03087043762207
2,melville,1380,melville,6.702357848485311
2,melville,1380,wells,7.664974689483643
2,melville,1380,austen,7.434375762939453
2,melville,1380,fitzgerald,7.577290852864583
2,melville,1380,twain,7.31730580329895
2,melville,1381,train,3.462292051315308
2,melville,1381,baum,7.437453627586365
2,melville,1381,thompson,7.7378623485565186
2,melville,1381,dickens,7.046946128209432
2,melville,1381,melville,6.712754964828491
2,melville,1381,wells,7.698198835055034
2,melville,1381,austen,7.471195459365845
2,melville,1381,fitzgerald,7.601805130640666
2,melville,1381,twain,7.330466190973918
2,melville,1382,train,3.469740152359009
2,melville,1382,baum,7.408303737640381
2,melville,1382,thompson,7.710103750228882
2,melville,1382,dickens,7.038939118385315
2,melville,1382,melville,6.711238980293274
2,melville,1382,wells,7.673209468523662
2,melville,1382,austen,7.451528549194336
2,melville,1382,fitzgerald,7.578539133071899
2,melville,1382,twain,7.322500228881836
2,melville,1383,train,3.448063421249389
2,melville,1383,baum,7.4131680727005
2,melville,1383,thompson,7.714280009269714
2,melville,1383,dickens,7.043095548947652
2,melville,1383,melville,6.707174102465312
2,melville,1383,wells,7.681264479955037
2,melville,1383,austen,7.460643529891968
2,melville,1383,fitzgerald,7.588506619135539
2,melville,1383,twain,7.326110442479451
2,melville,1384,train,3.458673667907715
2,melville,1384,baum,7.415114998817444
2,melville,1384,thompson,7.719979643821716
2,melville,1384,dickens,7.042482495307922
2,melville,1384,melville,6.708603620529175
2,melville,1384,wells,7.686539848645528
2,melville,1384,austen,7.4559996128082275
2,melville,1384,fitzgerald,7.589771827061971
2,melville,1384,twain,7.326773643493652
2,melville,1385,train,3.461944818496704
2,melville,1385,baum,7.430497407913208
2,melville,1385,thompson,7.725511312484741
2,melville,1385,dickens,7.045428236325582
2,melville,1385,melville,6.715484937032064
2,melville,1385,wells,7.700275778770447
2,melville,1385,austen,7.47125506401062
2,melville,1385,fitzgerald,7.597869157791138
2,melville,1385,twain,7.335278193155925
2,melville,1386,train,3.439174270629883
2,melville,1386,baum,7.416221499443054
2,melville,1386,thompson,7.721614360809326
2,melville,1386,dickens,7.043461998303731
2,melville,1386,melville,6.711490551630656
2,melville,1386,wells,7.689245581626892
2,melville,1386,austen,7.463501214981079
2,melville,1386,fitzgerald,7.590329090754191
2,melville,1386,twain,7.330810785293579
2,melville,1387,train,3.475826549530029
2,melville,1387,baum,7.421112060546875
2,melville,1387,thompson,7.721333503723144
2,melville,1387,dickens,7.042919437090556
2,melville,1387,melville,6.713176170984904
2,melville,1387,wells,7.681981046994527
2,melville,1387,austen,7.453169822692871
2,melville,1387,fitzgerald,7.590028285980225
2,melville,1387,twain,7.330083847045898
2,melville,1388,train,3.4620461463928223
2,melville,1388,baum,7.422157406806946
2,melville,1388,thompson,7.7241290807724
2,melville,1388,dickens,7.045685410499573
2,melville,1388,melville,6.722039620081584
2,melville,1388,wells,7.702031056086223
2,melville,1388,austen,7.464772701263428
2,melville,1388,fitzgerald,7.594951788584392
2,melville,1388,twain,7.334012508392334
2,melville,1389,train,3.432608699798584
2,melville,1389,baum,7.419942736625671
2,melville,1389,thompson,7.717677235603332
2,melville,1389,dickens,7.048610925674439
2,melville,1389,melville,6.7225260734558105
2,melville,1389,wells,7.693855444590251
2,melville,1389,austen,7.458593368530273
2,melville,1389,fitzgerald,7.592608451843262
2,melville,1389,twain,7.333588361740112
2,melville,1390,train,3.4241599559783937
2,melville,1390,baum,7.415312767028809
2,melville,1390,thompson,7.71245813369751
2,melville,1390,dickens,7.041489084561666
2,melville,1390,melville,6.710944573084514
2,melville,1390,wells,7.684567809104919
2,melville,1390,austen,7.452307462692261
2,melville,1390,fitzgerald,7.589185476303101
2,melville,1390,twain,7.328156471252441
2,melville,1391,train,3.461512327194214
2,melville,1391,baum,7.439026474952698
2,melville,1391,thompson,7.737160086631775
2,melville,1391,dickens,7.056371728579204
2,melville,1391,melville,6.724081039428711
2,melville,1391,wells,7.704245726267497
2,melville,1391,austen,7.472893714904785
2,melville,1391,fitzgerald,7.60105029741923
2,melville,1391,twain,7.342721144358317
2,melville,1392,train,3.43267560005188
2,melville,1392,baum,7.444547772407532
2,melville,1392,thompson,7.742430448532104
2,melville,1392,dickens,7.0569164752960205
2,melville,1392,melville,6.731009284655253
2,melville,1392,wells,7.719291806221008
2,melville,1392,austen,7.480464220046997
2,melville,1392,fitzgerald,7.611421585083008
2,melville,1392,twain,7.341696421305339
2,melville,1393,train,3.410499382019043
2,melville,1393,baum,7.430006146430969
2,melville,1393,thompson,7.737021446228027
2,melville,1393,dickens,7.054271618525188
2,melville,1393,melville,6.724266131718953
2,melville,1393,wells,7.699283440907796
2,melville,1393,austen,7.465571403503418
2,melville,1393,fitzgerald,7.605931679407756
2,melville,1393,twain,7.335965315500895
2,melville,1394,train,3.4236365795135497
2,melville,1394,baum,7.430286407470703
2,melville,1394,thompson,7.73439621925354
2,melville,1394,dickens,7.0560196240743
2,melville,1394,melville,6.734112739562988
2,melville,1394,wells,7.703407605489095
2,melville,1394,austen,7.472243547439575
2,melville,1394,fitzgerald,7.603555917739868
2,melville,1394,twain,7.341145674387614
2,melville,1395,train,3.409165096282959
2,melville,1395,baum,7.424398422241211
2,melville,1395,thompson,7.730058193206787
2,melville,1395,dickens,7.053797761599223
2,melville,1395,melville,6.714583834012349
2,melville,1395,wells,7.692270437876384
2,melville,1395,austen,7.475239038467407
2,melville,1395,fitzgerald,7.600543896357219
2,melville,1395,twain,7.336500883102417
2,melville,1396,train,3.4321791172027587
2,melville,1396,baum,7.423134922981262
2,melville,1396,thompson,7.725573182106018
2,melville,1396,dickens,7.048886617024739
2,melville,1396,melville,6.716281890869141
2,melville,1396,wells,7.687037348747253
2,melville,1396,austen,7.46004319190979
2,melville,1396,fitzgerald,7.598933060963948
2,melville,1396,twain,7.335941950480143
2,melville,1397,train,3.4575310707092286
2,melville,1397,baum,7.442657232284546
2,melville,1397,thompson,7.741631865501404
2,melville,1397,dickens,7.063796520233154
2,melville,1397,melville,6.728951255480449
2,melville,1397,wells,7.714630564053853
2,melville,1397,austen,7.489405155181885
2,melville,1397,fitzgerald,7.616974512736003
2,melville,1397,twain,7.3501667976379395
2,melville,1398,train,3.423323583602905
2,melville,1398,baum,7.431231379508972
2,melville,1398,thompson,7.731328248977661
2,melville,1398,dickens,7.055929938952128
2,melville,1398,melville,6.7168848514556885
2,melville,1398,wells,7.6959526141484575
2,melville,1398,austen,7.465242147445679
2,melville,1398,fitzgerald,7.601561625798543
2,melville,1398,twain,7.336784203847249
2,melville,1399,train,3.463423061370849
2,melville,1399,baum,7.433002114295959
2,melville,1399,thompson,7.738864302635193
2,melville,1399,dickens,7.061884522438049
2,melville,1399,melville,6.721448342005412
2,melville,1399,wells,7.700286865234375
2,melville,1399,austen,7.482730150222778
2,melville,1399,fitzgerald,7.61027177174886
2,melville,1399,twain,7.3451911608378095
2,melville,1400,train,3.4307588577270507
2,melville,1400,baum,7.442986845970154
2,melville,1400,thompson,7.750160336494446
2,melville,1400,dickens,7.068602085113525
2,melville,1400,melville,6.729137221972148
2,melville,1400,wells,7.716895818710327
2,melville,1400,austen,7.482828855514526
2,melville,1400,fitzgerald,7.61915397644043
2,melville,1400,twain,7.357072989145915
2,melville,1401,train,3.4297220706939697
2,melville,1401,baum,7.440035581588745
2,melville,1401,thompson,7.739279270172119
2,melville,1401,dickens,7.055928389231364
2,melville,1401,melville,6.72324784596761
2,melville,1401,wells,7.709196408589681
2,melville,1401,austen,7.469752788543701
2,melville,1401,fitzgerald,7.610213915506999
2,melville,1401,twain,7.343980153401692
2,melville,1402,train,3.436805725097656
2,melville,1402,baum,7.43475067615509
2,melville,1402,thompson,7.737716794013977
2,melville,1402,dickens,7.059728264808655
2,melville,1402,melville,6.727928797403972
2,melville,1402,wells,7.719460248947143
2,melville,1402,austen,7.477390766143799
2,melville,1402,fitzgerald,7.610163768132527
2,melville,1402,twain,7.345704078674316
2,melville,1403,train,3.419905185699463
2,melville,1403,baum,7.453511714935303
2,melville,1403,thompson,7.757627844810486
2,melville,1403,dickens,7.076885064442952
2,melville,1403,melville,6.747125585873921
2,melville,1403,wells,7.735615809758504
2,melville,1403,austen,7.5092384815216064
2,melville,1403,fitzgerald,7.625180721282959
2,melville,1403,twain,7.362767219543457
2,melville,1404,train,3.453910779953003
2,melville,1404,baum,7.427048087120056
2,melville,1404,thompson,7.740581035614014
2,melville,1404,dickens,7.060534993807475
2,melville,1404,melville,6.72214408715566
2,melville,1404,wells,7.7095112800598145
2,melville,1404,austen,7.481208324432373
2,melville,1404,fitzgerald,7.610405286153157
2,melville,1404,twain,7.347412347793579
2,melville,1405,train,3.4397427558898928
2,melville,1405,baum,7.444850087165832
2,melville,1405,thompson,7.75993013381958
2,melville,1405,dickens,7.06566854317983
2,melville,1405,melville,6.740430474281311
2,melville,1405,wells,7.72776730855306
2,melville,1405,austen,7.484742164611816
2,melville,1405,fitzgerald,7.618435462315877
2,melville,1405,twain,7.355600198109944
2,melville,1406,train,3.41945333480835
2,melville,1406,baum,7.446001768112183
2,melville,1406,thompson,7.745450139045715
2,melville,1406,dickens,7.065705378850301
2,melville,1406,melville,6.739254514376323
2,melville,1406,wells,7.729739308357239
2,melville,1406,austen,7.488690614700317
2,melville,1406,fitzgerald,7.618356068929036
2,melville,1406,twain,7.355663855870564
2,melville,1407,train,3.456535243988037
2,melville,1407,baum,7.450117468833923
2,melville,1407,thompson,7.754728674888611
2,melville,1407,dickens,7.069560050964356
2,melville,1407,melville,6.743488788604736
2,melville,1407,wells,7.733555436134338
2,melville,1407,austen,7.491230487823486
2,melville,1407,fitzgerald,7.6261632442474365
2,melville,1407,twain,7.361427783966064
2,melville,1408,train,3.419742202758789
2,melville,1408,baum,7.44735324382782
2,melville,1408,thompson,7.754802942276001
2,melville,1408,dickens,7.067524989446004
2,melville,1408,melville,6.735247254371643
2,melville,1408,wells,7.718181570370992
2,melville,1408,austen,7.4802751541137695
2,melville,1408,fitzgerald,7.618607997894287
2,melville,1408,twain,7.354587078094482
2,melville,1409,train,3.4067831516265867
2,melville,1409,baum,7.451669454574585
2,melville,1409,thompson,7.761900186538696
2,melville,1409,dickens,7.082132339477539
2,melville,1409,melville,6.7543892065684
2,melville,1409,wells,7.743098656336467
2,melville,1409,austen,7.504935264587402
2,melville,1409,fitzgerald,7.629215399424235
2,melville,1409,twain,7.368331829706828
2,melville,1410,train,3.41829833984375
2,melville,1410,baum,7.457638382911682
2,melville,1410,thompson,7.763211607933044
2,melville,1410,dickens,7.0759620269139605
2,melville,1410,melville,6.743894616762797
2,melville,1410,wells,7.731471379597981
2,melville,1410,austen,7.485750913619995
2,melville,1410,fitzgerald,7.621322154998779
2,melville,1410,twain,7.367335796356201
2,melville,1411,train,3.4238802433013915
2,melville,1411,baum,7.43610405921936
2,melville,1411,thompson,7.738736748695373
2,melville,1411,dickens,7.056140700976054
2,melville,1411,melville,6.719943404197693
2,melville,1411,wells,7.703110416730245
2,melville,1411,austen,7.475980997085571
2,melville,1411,fitzgerald,7.602684259414673
2,melville,1411,twain,7.342664400736491
2,melville,1412,train,3.421145868301392
2,melville,1412,baum,7.459272742271423
2,melville,1412,thompson,7.762022972106934
2,melville,1412,dickens,7.0766648054122925
2,melville,1412,melville,6.739016652107239
2,melville,1412,wells,7.733132441838582
2,melville,1412,austen,7.490706443786621
2,melville,1412,fitzgerald,7.623164812723796
2,melville,1412,twain,7.364200115203857
2,melville,1413,train,3.4107272148132326
2,melville,1413,baum,7.442710638046265
2,melville,1413,thompson,7.74593985080719
2,melville,1413,dickens,7.062194188435872
2,melville,1413,melville,6.733291665712993
2,melville,1413,wells,7.707540273666382
2,melville,1413,austen,7.475821018218994
2,melville,1413,fitzgerald,7.611919323603312
2,melville,1413,twain,7.345667362213135
2,melville,1414,train,3.4025017738342287
2,melville,1414,baum,7.464113593101501
2,melville,1414,thompson,7.761717557907104
2,melville,1414,dickens,7.077098290125529
2,melville,1414,melville,6.737031141916911
2,melville,1414,wells,7.727856715520223
2,melville,1414,austen,7.495599031448364
2,melville,1414,fitzgerald,7.626385768254598
2,melville,1414,twain,7.3684188524882
2,melville,1415,train,3.403323459625244
2,melville,1415,baum,7.449784755706787
2,melville,1415,thompson,7.754682898521423
2,melville,1415,dickens,7.074802716573079
2,melville,1415,melville,6.746075789133708
2,melville,1415,wells,7.72875448067983
2,melville,1415,austen,7.488354921340942
2,melville,1415,fitzgerald,7.621169249216716
2,melville,1415,twain,7.3679689566294355
2,melville,1416,train,3.3695633888244627
2,melville,1416,baum,7.498088240623474
2,melville,1416,thompson,7.793604850769043
2,melville,1416,dickens,7.107991973559062
2,melville,1416,melville,6.775418599446614
2,melville,1416,wells,7.779252012570699
2,melville,1416,austen,7.533549070358276
2,melville,1416,fitzgerald,7.66086745262146
2,melville,1416,twain,7.405028661092122
2,melville,1417,train,3.40268030166626
2,melville,1417,baum,7.476182699203491
2,melville,1417,thompson,7.766961216926575
2,melville,1417,dickens,7.090556303660075
2,melville,1417,melville,6.747739473978679
2,melville,1417,wells,7.738301157951355
2,melville,1417,austen,7.499565124511719
2,melville,1417,fitzgerald,7.636422634124756
2,melville,1417,twain,7.381197690963745
2,melville,1418,train,3.3924909114837645
2,melville,1418,baum,7.46729052066803
2,melville,1418,thompson,7.765241384506226
2,melville,1418,dickens,7.0834799607594805
2,melville,1418,melville,6.745120882987976
2,melville,1418,wells,7.732486486434936
2,melville,1418,austen,7.496630430221558
2,melville,1418,fitzgerald,7.630336284637451
2,melville,1418,twain,7.374802192052205
2,melville,1419,train,3.4024231910705565
2,melville,1419,baum,7.484586715698242
2,melville,1419,thompson,7.790629506111145
2,melville,1419,dickens,7.095595518747966
2,melville,1419,melville,6.7608643770217896
2,melville,1419,wells,7.756311972935994
2,melville,1419,austen,7.503246545791626
2,melville,1419,fitzgerald,7.6532126267751055
2,melville,1419,twain,7.38591472307841
2,melville,1420,train,3.3882678031921385
2,melville,1420,baum,7.453976035118103
2,melville,1420,thompson,7.76596462726593
2,melville,1420,dickens,7.074325482050578
2,melville,1420,melville,6.75007426738739
2,melville,1420,wells,7.721626957257588
2,melville,1420,austen,7.493352890014648
2,melville,1420,fitzgerald,7.627317984898885
2,melville,1420,twain,7.358931223551433
2,melville,1421,train,3.390177059173584
2,melville,1421,baum,7.475884437561035
2,melville,1421,thompson,7.782833576202393
2,melville,1421,dickens,7.095728596051534
2,melville,1421,melville,6.748189369837443
2,melville,1421,wells,7.745261112848918
2,melville,1421,austen,7.509779930114746
2,melville,1421,fitzgerald,7.643824179967244
2,melville,1421,twain,7.381392240524292
2,melville,1422,train,3.375303554534912
2,melville,1422,baum,7.481775283813477
2,melville,1422,thompson,7.789803504943848
2,melville,1422,dickens,7.094701886177063
2,melville,1422,melville,6.759065548578898
2,melville,1422,wells,7.753987749417623
2,melville,1422,austen,7.505801200866699
2,melville,1422,fitzgerald,7.649865070978801
2,melville,1422,twain,7.387664477030436
2,melville,1423,train,3.417752933502197
2,melville,1423,baum,7.472454905509949
2,melville,1423,thompson,7.781510710716248
2,melville,1423,dickens,7.08536163965861
2,melville,1423,melville,6.749965826670329
2,melville,1423,wells,7.750813166300456
2,melville,1423,austen,7.528974533081055
2,melville,1423,fitzgerald,7.647376696268718
2,melville,1423,twain,7.3755544026692705
2,melville,1424,train,3.4227163314819338
2,melville,1424,baum,7.484976053237915
2,melville,1424,thompson,7.7961812019348145
2,melville,1424,dickens,7.09970219930013
2,melville,1424,melville,6.756857633590698
2,melville,1424,wells,7.761224786440532
2,melville,1424,austen,7.531784534454346
2,melville,1424,fitzgerald,7.65838082631429
2,melville,1424,twain,7.386820952097575
2,melville,1425,train,3.3644609451293945
2,melville,1425,baum,7.473137617111206
2,melville,1425,thompson,7.788306832313538
2,melville,1425,dickens,7.094831148783366
2,melville,1425,melville,6.751600861549377
2,melville,1425,wells,7.74778167406718
2,melville,1425,austen,7.523518800735474
2,melville,1425,fitzgerald,7.654066324234009
2,melville,1425,twain,7.374710480372111
2,melville,1426,train,3.3697644233703614
2,melville,1426,baum,7.469464540481567
2,melville,1426,thompson,7.774558186531067
2,melville,1426,dickens,7.09473701318105
2,melville,1426,melville,6.745781381924947
2,melville,1426,wells,7.738545854886373
2,melville,1426,austen,7.527580499649048
2,melville,1426,fitzgerald,7.641722917556763
2,melville,1426,twain,7.372657696406047
2,melville,1427,train,3.368023109436036
2,melville,1427,baum,7.496495366096497
2,melville,1427,thompson,7.803339600563049
2,melville,1427,dickens,7.112829645474752
2,melville,1427,melville,6.775839328765869
2,melville,1427,wells,7.774614453315735
2,melville,1427,austen,7.54367995262146
2,melville,1427,fitzgerald,7.6646351019541425
2,melville,1427,twain,7.39897346496582
2,melville,1428,train,3.3833119869232178
2,melville,1428,baum,7.492584705352783
2,melville,1428,thompson,7.799763679504394
2,melville,1428,dickens,7.111739834149678
2,melville,1428,melville,6.767800768216451
2,melville,1428,wells,7.76762580871582
2,melville,1428,austen,7.544086456298828
2,melville,1428,fitzgerald,7.66361665725708
2,melville,1428,twain,7.398173491160075
2,melville,1429,train,3.342872714996338
2,melville,1429,baum,7.469118356704712
2,melville,1429,thompson,7.778366804122925
2,melville,1429,dickens,7.09375786781311
2,melville,1429,melville,6.752162496248881
2,melville,1429,wells,7.748519937197368
2,melville,1429,austen,7.518112659454346
2,melville,1429,fitzgerald,7.647849639256795
2,melville,1429,twain,7.384377479553223
2,melville,1430,train,3.384550857543945
2,melville,1430,baum,7.487243413925171
2,melville,1430,thompson,7.790181875228882
2,melville,1430,dickens,7.101736386617024
2,melville,1430,melville,6.757970492045085
2,melville,1430,wells,7.7608935832977295
2,melville,1430,austen,7.530373573303223
2,melville,1430,fitzgerald,7.652438640594482
2,melville,1430,twain,7.39089822769165
2,melville,1431,train,3.3549672603607177
2,melville,1431,baum,7.475016474723816
2,melville,1431,thompson,7.777047872543335
2,melville,1431,dickens,7.094420591990153
2,melville,1431,melville,6.751932263374329
2,melville,1431,wells,7.745543281237285
2,melville,1431,austen,7.522260427474976
2,melville,1431,fitzgerald,7.641686121622722
2,melville,1431,twain,7.384745041529338
2,melville,1432,train,3.3848383903503416
2,melville,1432,baum,7.479798913002014
2,melville,1432,thompson,7.786625981330872
2,melville,1432,dickens,7.095607757568359
2,melville,1432,melville,6.7614675760269165
2,melville,1432,wells,7.761168837547302
2,melville,1432,austen,7.529002666473389
2,melville,1432,fitzgerald,7.657380024592082
2,melville,1432,twain,7.388826767603557
2,melville,1433,train,3.3790016174316406
2,melville,1433,baum,7.489696860313415
2,melville,1433,thompson,7.792561292648315
2,melville,1433,dickens,7.0990376472473145
2,melville,1433,melville,6.761860926946004
2,melville,1433,wells,7.763854781786601
2,melville,1433,austen,7.530606031417847
2,melville,1433,fitzgerald,7.65797233581543
2,melville,1433,twain,7.389095147450765
2,melville,1434,train,3.3904094219207765
2,melville,1434,baum,7.510868191719055
2,melville,1434,thompson,7.811823844909668
2,melville,1434,dickens,7.1146373351415
2,melville,1434,melville,6.772721886634827
2,melville,1434,wells,7.787356774012248
2,melville,1434,austen,7.541393756866455
2,melville,1434,fitzgerald,7.681704680124919
2,melville,1434,twain,7.4037361939748125
2,melville,1435,train,3.3340059757232665
2,melville,1435,baum,7.480000972747803
2,melville,1435,thompson,7.781952261924744
2,melville,1435,dickens,7.101815700531006
2,melville,1435,melville,6.758249402046204
2,melville,1435,wells,7.753360549608867
2,melville,1435,austen,7.527979373931885
2,melville,1435,fitzgerald,7.652537902196248
2,melville,1435,twain,7.391397873560588
2,melville,1436,train,3.37459192276001
2,melville,1436,baum,7.483797073364258
2,melville,1436,thompson,7.79015588760376
2,melville,1436,dickens,7.100037336349487
2,melville,1436,melville,6.7634371519088745
2,melville,1436,wells,7.765483101209004
2,melville,1436,austen,7.537803888320923
2,melville,1436,fitzgerald,7.660830974578857
2,melville,1436,twain,7.392235676447551
2,melville,1437,train,3.3778063297271728
2,melville,1437,baum,7.492168068885803
2,melville,1437,thompson,7.805509805679321
2,melville,1437,dickens,7.116211771965027
2,melville,1437,melville,6.770848512649536
2,melville,1437,wells,7.777331153551738
2,melville,1437,austen,7.54559850692749
2,melville,1437,fitzgerald,7.674072504043579
2,melville,1437,twain,7.401789903640747
2,melville,1438,train,3.35748872756958
2,melville,1438,baum,7.480301141738892
2,melville,1438,thompson,7.789461255073547
2,melville,1438,dickens,7.105300347010295
2,melville,1438,melville,6.757175842920939
2,melville,1438,wells,7.753395875295003
2,melville,1438,austen,7.526961326599121
2,melville,1438,fitzgerald,7.65966812769572
2,melville,1438,twain,7.392433166503906
2,melville,1439,train,3.3352773666381834
2,melville,1439,baum,7.481807827949524
2,melville,1439,thompson,7.784271121025085
2,melville,1439,dickens,7.1054701407750445
2,melville,1439,melville,6.757894078890483
2,melville,1439,wells,7.753937125205994
2,melville,1439,austen,7.526224851608276
2,melville,1439,fitzgerald,7.656879345575969
2,melville,1439,twain,7.394804000854492
2,melville,1440,train,3.3787911415100096
2,melville,1440,baum,7.481312990188599
2,melville,1440,thompson,7.789322137832642
2,melville,1440,dickens,7.110221703847249
2,melville,1440,melville,6.759886542956035
2,melville,1440,wells,7.757289369901021
2,melville,1440,austen,7.52393913269043
2,melville,1440,fitzgerald,7.654409170150757
2,melville,1440,twain,7.397525946299235
2,melville,1441,train,3.3644129753112795
2,melville,1441,baum,7.495984315872192
2,melville,1441,thompson,7.799416422843933
2,melville,1441,dickens,7.108049233754476
2,melville,1441,melville,6.76180899143219
2,melville,1441,wells,7.766642530759175
2,melville,1441,austen,7.533945322036743
2,melville,1441,fitzgerald,7.661938905715942
2,melville,1441,twain,7.402051448822021
2,melville,1442,train,3.3605849742889404
2,melville,1442,baum,7.498809814453125
2,melville,1442,thompson,7.805611491203308
2,melville,1442,dickens,7.110429326693217
2,melville,1442,melville,6.772854129473369
2,melville,1442,wells,7.772358377774556
2,melville,1442,austen,7.535717248916626
2,melville,1442,fitzgerald,7.664093653361003
2,melville,1442,twain,7.401634693145752
2,melville,1443,train,3.354736423492432
2,melville,1443,baum,7.503202319145203
2,melville,1443,thompson,7.812362670898437
2,melville,1443,dickens,7.124229311943054
2,melville,1443,melville,6.782069762547811
2,melville,1443,wells,7.788063247998555
2,melville,1443,austen,7.555198431015015
2,melville,1443,fitzgerald,7.6793999671936035
2,melville,1443,twain,7.409693638483684
2,melville,1444,train,3.331017780303955
2,melville,1444,baum,7.503846049308777
2,melville,1444,thompson,7.82071053981781
2,melville,1444,dickens,7.119818766911824
2,melville,1444,melville,6.777331590652466
2,melville,1444,wells,7.791213274002075
2,melville,1444,austen,7.551597833633423
2,melville,1444,fitzgerald,7.6882007122039795
2,melville,1444,twain,7.415086428324382
2,melville,1445,train,3.3416768074035645
2,melville,1445,baum,7.492961525917053
2,melville,1445,thompson,7.803254723548889
2,melville,1445,dickens,7.114880204200745
2,melville,1445,melville,6.767151316006978
2,melville,1445,wells,7.768009225527446
2,melville,1445,austen,7.54356837272644
2,melville,1445,fitzgerald,7.669126033782959
2,melville,1445,twain,7.40063492457072
2,melville,1446,train,3.386726999282837
2,melville,1446,baum,7.504209399223328
2,melville,1446,thompson,7.82019579410553
2,melville,1446,dickens,7.119264165560405
2,melville,1446,melville,6.778329690297444
2,melville,1446,wells,7.785831173261006
2,melville,1446,austen,7.549097299575806
2,melville,1446,fitzgerald,7.681467692057292
2,melville,1446,twain,7.415159225463867
2,melville,1447,train,3.365326738357544
2,melville,1447,baum,7.491319894790649
2,melville,1447,thompson,7.799320459365845
2,melville,1447,dickens,7.107441782951355
2,melville,1447,melville,6.7663058042526245
2,melville,1447,wells,7.760433475176494
2,melville,1447,austen,7.53068470954895
2,melville,1447,fitzgerald,7.65934173266093
2,melville,1447,twain,7.40032688776652
2,melville,1448,train,3.35
2,melville,1448,baum,7.516465067863464
2,melville,1448,thompson,7.830017805099487
2,melville,1448,dickens,7.127961317698161
2,melville,1448,melville,6.784235795338948
2,melville,1448,wells,7.799254775047302
2,melville,1448,austen,7.561072587966919
2,melville,1448,fitzgerald,7.686712106068929
2,melville,1448,twain,7.424133777618408
2,melville,1449,train,3.3475499153137207
2,melville,1449,baum,7.517193555831909
2,melville,1449,thompson,7.834964036941528
2,melville,1449,dickens,7.129721800486247
2,melville,1449,melville,6.786034107208252
2,melville,1449,wells,7.791273872057597
2,melville,1449,austen,7.551712274551392
2,melville,1449,fitzgerald,7.692088047663371
2,melville,1449,twain,7.422616879145305
2,melville,1450,train,3.3724822998046875
2,melville,1450,baum,7.493698835372925
2,melville,1450,thompson,7.808683753013611
2,melville,1450,dickens,7.121567209561666
2,melville,1450,melville,6.774152795473735
2,melville,1450,wells,7.77078906695048
2,melville,1450,austen,7.555418491363525
2,melville,1450,fitzgerald,7.670477151870727
2,melville,1450,twain,7.40612268447876
2,melville,1451,train,3.370610570907593
2,melville,1451,baum,7.502499461174011
2,melville,1451,thompson,7.816048741340637
2,melville,1451,dickens,7.122465411822001
2,melville,1451,melville,6.771560470263164
2,melville,1451,wells,7.780455112457275
2,melville,1451,austen,7.548321723937988
2,melville,1451,fitzgerald,7.684045076370239
2,melville,1451,twain,7.414398034413655
2,melville,1452,train,3.334523677825928
2,melville,1452,baum,7.497753024101257
2,melville,1452,thompson,7.809144496917725
2,melville,1452,dickens,7.12453309694926
2,melville,1452,melville,6.774152557055156
2,melville,1452,wells,7.772412220637004
2,melville,1452,austen,7.5388453006744385
2,melville,1452,fitzgerald,7.673415422439575
2,melville,1452,twain,7.410791317621867
2,melville,1453,train,3.36432089805603
2,melville,1453,baum,7.499026298522949
2,melville,1453,thompson,7.81808614730835
2,melville,1453,dickens,7.122299154599507
2,melville,1453,melville,6.775059541066487
2,melville,1453,wells,7.786286314328511
2,melville,1453,austen,7.553297281265259
2,melville,1453,fitzgerald,7.681267817815145
2,melville,1453,twain,7.409580548604329
2,melville,1454,train,3.3514214992523192
2,melville,1454,baum,7.50976288318634
2,melville,1454,thompson,7.830370187759399
2,melville,1454,dickens,7.129978617032369
2,melville,1454,melville,6.786134322484334
2,melville,1454,wells,7.787076195081075
2,melville,1454,austen,7.548802614212036
2,melville,1454,fitzgerald,7.690251429875691
2,melville,1454,twain,7.420293569564819
2,melville,1455,train,3.315393447875977
2,melville,1455,baum,7.506111860275267
2,melville,1455,thompson,7.822059392929077
2,melville,1455,dickens,7.127197901407878
2,melville,1455,melville,6.781411290168762
2,melville,1455,wells,7.791396141052246
2,melville,1455,austen,7.556464910507202
2,melville,1455,fitzgerald,7.683622360229492
2,melville,1455,twain,7.416025876998901
2,melville,1456,train,3.3372285842895506
2,melville,1456,baum,7.527893424034119
2,melville,1456,thompson,7.841989278793335
2,melville,1456,dickens,7.140662670135498
2,melville,1456,melville,6.790355443954468
2,melville,1456,wells,7.806699832280477
2,melville,1456,austen,7.571460485458374
2,melville,1456,fitzgerald,7.694438298543294
2,melville,1456,twain,7.431699434916179
2,melville,1457,train,3.33720440864563
2,melville,1457,baum,7.517936944961548
2,melville,1457,thompson,7.837006449699402
2,melville,1457,dickens,7.133927345275879
2,melville,1457,melville,6.785962343215942
2,melville,1457,wells,7.797610799471538
2,melville,1457,austen,7.559888124465942
2,melville,1457,fitzgerald,7.693209409713745
2,melville,1457,twain,7.423823118209839
2,melville,1458,train,3.3081468105316163
2,melville,1458,baum,7.532394647598267
2,melville,1458,thompson,7.8422300815582275
2,melville,1458,dickens,7.1407114664713545
2,melville,1458,melville,6.793229142824809
2,melville,1458,wells,7.80673885345459
2,melville,1458,austen,7.578007221221924
2,melville,1458,fitzgerald,7.704432408014934
2,melville,1458,twain,7.433428287506103
2,melville,1459,train,3.3296745300292967
2,melville,1459,baum,7.486533045768738
2,melville,1459,thompson,7.803643584251404
2,melville,1459,dickens,7.1125461657842
2,melville,1459,melville,6.773187279701233
2,melville,1459,wells,7.773670633633931
2,melville,1459,austen,7.545308589935303
2,melville,1459,fitzgerald,7.668003559112549
2,melville,1459,twain,7.405943234761556
2,melville,1460,train,3.397414970397949
2,melville,1460,baum,7.504912972450256
2,melville,1460,thompson,7.827066898345947
2,melville,1460,dickens,7.121218323707581
2,melville,1460,melville,6.775448560714722
2,melville,1460,wells,7.782391866048177
2,melville,1460,austen,7.5496814250946045
2,melville,1460,fitzgerald,7.684610843658447
2,melville,1460,twain,7.423821210861206
2,melville,1461,train,3.296504211425781
2,melville,1461,baum,7.513580799102783
2,melville,1461,thompson,7.833786368370056
2,melville,1461,dickens,7.13325838247935
2,melville,1461,melville,6.784451166788737
2,melville,1461,wells,7.792481303215027
2,melville,1461,austen,7.5629189014434814
2,melville,1461,fitzgerald,7.695495128631592
2,melville,1461,twain,7.433545192082723
2,melville,1462,train,3.33328914642334
2,melville,1462,baum,7.514936089515686
2,melville,1462,thompson,7.829517960548401
2,melville,1462,dickens,7.132913827896118
2,melville,1462,melville,6.785671830177307
2,melville,1462,wells,7.794981122016907
2,melville,1462,austen,7.552622079849243
2,melville,1462,fitzgerald,7.689332087834676
2,melville,1462,twain,7.432519753774007
2,melville,1463,train,3.3319998741149903
2,melville,1463,baum,7.51108193397522
2,melville,1463,thompson,7.824894428253174
2,melville,1463,dickens,7.128629644711812
2,melville,1463,melville,6.779937545458476
2,melville,1463,wells,7.788752158482869
2,melville,1463,austen,7.550770044326782
2,melville,1463,fitzgerald,7.6886773109436035
2,melville,1463,twain,7.4282229741414385
2,melville,1464,train,3.3322824478149413
2,melville,1464,baum,7.524995446205139
2,melville,1464,thompson,7.829050898551941
2,melville,1464,dickens,7.138627330462138
2,melville,1464,melville,6.787919441858928
2,melville,1464,wells,7.795793374379476
2,melville,1464,austen,7.565523147583008
2,melville,1464,fitzgerald,7.693007310231526
2,melville,1464,twain,7.431959867477417
2,melville,1465,train,3.331207799911499
2,melville,1465,baum,7.520806074142456
2,melville,1465,thompson,7.830207228660583
2,melville,1465,dickens,7.13761846224467
2,melville,1465,melville,6.784270445505778
2,melville,1465,wells,7.78838833173116
2,melville,1465,austen,7.555491924285889
2,melville,1465,fitzgerald,7.691222667694092
2,melville,1465,twain,7.424937884012858
2,melville,1466,train,3.320511102676392
2,melville,1466,baum,7.518206238746643
2,melville,1466,thompson,7.825618743896484
2,melville,1466,dickens,7.136831601460774
2,melville,1466,melville,6.789369662602742
2,melville,1466,wells,7.791371623675029
2,melville,1466,austen,7.56698203086853
2,melville,1466,fitzgerald,7.684621095657349
2,melville,1466,twain,7.42847728729248
2,melville,1467,train,3.3422595024108888
2,melville,1467,baum,7.53518271446228
2,melville,1467,thompson,7.849392533302307
2,melville,1467,dickens,7.145931998888652
2,melville,1467,melville,6.793654878934224
2,melville,1467,wells,7.810043613115947
2,melville,1467,austen,7.570868730545044
2,melville,1467,fitzgerald,7.7020946343739825
2,melville,1467,twain,7.44541351000468
2,melville,1468,train,3.32614483833313
2,melville,1468,baum,7.516350984573364
2,melville,1468,thompson,7.839731335639954
2,melville,1468,dickens,7.133756518363953
2,melville,1468,melville,6.787689248720805
2,melville,1468,wells,7.795814871788025
2,melville,1468,austen,7.55706000328064
2,melville,1468,fitzgerald,7.692826430002849
2,melville,1468,twain,7.430410782496135
2,melville,1469,train,3.277573823928833
2,melville,1469,baum,7.52892255783081
2,melville,1469,thompson,7.847748756408691
2,melville,1469,dickens,7.1453999280929565
2,melville,1469,melville,6.789284507433574
2,melville,1469,wells,7.799474875132243
2,melville,1469,austen,7.553163528442383
2,melville,1469,fitzgerald,7.698657830556233
2,melville,1469,twain,7.436666647593181
2,melville,1470,train,3.3292150497436523
2,melville,1470,baum,7.532192945480347
2,melville,1470,thompson,7.848125338554382
2,melville,1470,dickens,7.144623875617981
2,melville,1470,melville,6.793310364087422
2,melville,1470,wells,7.805928150812785
2,melville,1470,austen,7.564727783203125
2,melville,1470,fitzgerald,7.698305368423462
2,melville,1470,twain,7.436013539632161
2,melville,1471,train,3.315625286102295
2,melville,1471,baum,7.54909348487854
2,melville,1471,thompson,7.860423564910889
2,melville,1471,dickens,7.163652976353963
2,melville,1471,melville,6.807777961095174
2,melville,1471,wells,7.826566934585571
2,melville,1471,austen,7.588735342025757
2,melville,1471,fitzgerald,7.709268411000569
2,melville,1471,twain,7.453208605448405
2,melville,1472,train,3.330051040649414
2,melville,1472,baum,7.54781699180603
2,melville,1472,thompson,7.864521503448486
2,melville,1472,dickens,7.161767721176148
2,melville,1472,melville,6.816584984461467
2,melville,1472,wells,7.835072120030721
2,melville,1472,austen,7.588993310928345
2,melville,1472,fitzgerald,7.71363107363383
2,melville,1472,twain,7.457139253616333
2,melville,1473,train,3.287839078903198
2,melville,1473,baum,7.543428897857666
2,melville,1473,thompson,7.866042017936706
2,melville,1473,dickens,7.159670869509379
2,melville,1473,melville,6.810994823773702
2,melville,1473,wells,7.826977769533793
2,melville,1473,austen,7.578145027160644
2,melville,1473,fitzgerald,7.714328130086263
2,melville,1473,twain,7.455417950948079
2,melville,1474,train,3.315524291992188
2,melville,1474,baum,7.537642955780029
2,melville,1474,thompson,7.859863996505737
2,melville,1474,dickens,7.155914266904195
2,melville,1474,melville,6.801408489545186
2,melville,1474,wells,7.814615885416667
2,melville,1474,austen,7.579125165939331
2,melville,1474,fitzgerald,7.709812084833781
2,melville,1474,twain,7.4456056753794355
2,melville,1475,train,3.32274980545044
2,melville,1475,baum,7.5422362089157104
2,melville,1475,thompson,7.8579254150390625
2,melville,1475,dickens,7.158567388852437
2,melville,1475,melville,6.802601496378581
2,melville,1475,wells,7.824642817179362
2,melville,1475,austen,7.575132846832275
2,melville,1475,fitzgerald,7.716354846954346
2,melville,1475,twain,7.447608232498169
2,melville,1476,train,3.329293727874756
2,melville,1476,baum,7.535833358764648
2,melville,1476,thompson,7.854974746704102
2,melville,1476,dickens,7.162368297576904
2,melville,1476,melville,6.8020191589991255
2,melville,1476,wells,7.824175079663594
2,melville,1476,austen,7.578044414520264
2,melville,1476,fitzgerald,7.707892179489136
2,melville,1476,twain,7.45034654935201
2,melville,1477,train,3.3442827701568603
2,melville,1477,baum,7.550467133522034
2,melville,1477,thompson,7.87009060382843
2,melville,1477,dickens,7.159322182337443
2,melville,1477,melville,6.808381239573161
2,melville,1477,wells,7.826471090316772
2,melville,1477,austen,7.583223819732666
2,melville,1477,fitzgerald,7.717295090357463
2,melville,1477,twain,7.453090906143188
2,melville,1478,train,3.281251382827759
2,melville,1478,baum,7.538173913955688
2,melville,1478,thompson,7.850848436355591
2,melville,1478,dickens,7.1515869696935015
2,melville,1478,melville,6.805297454198201
2,melville,1478,wells,7.82130750020345
2,melville,1478,austen,7.570599317550659
2,melville,1478,fitzgerald,7.705970128377278
2,melville,1478,twain,7.443366527557373
2,melville,1479,train,3.282773876190185
2,melville,1479,baum,7.554304122924805
2,melville,1479,thompson,7.866230487823486
2,melville,1479,dickens,7.161663929621379
2,melville,1479,melville,6.811635176340739
2,melville,1479,wells,7.830050031344096
2,melville,1479,austen,7.580348491668701
2,melville,1479,fitzgerald,7.727320750554402
2,melville,1479,twain,7.457034111022949
2,melville,1480,train,3.3240891456604005
2,melville,1480,baum,7.5501145124435425
2,melville,1480,thompson,7.86905825138092
2,melville,1480,dickens,7.169379472732544
2,melville,1480,melville,6.819305181503296
2,melville,1480,wells,7.8350149393081665
2,melville,1480,austen,7.584713459014893
2,melville,1480,fitzgerald,7.723999420801799
2,melville,1480,twain,7.462750355402629
2,melville,1481,train,3.282936716079712
2,melville,1481,baum,7.540929913520813
2,melville,1481,thompson,7.86279821395874
2,melville,1481,dickens,7.156315445899963
2,melville,1481,melville,6.804789821306865
2,melville,1481,wells,7.823625564575195
2,melville,1481,austen,7.591722011566162
2,melville,1481,fitzgerald,7.717748085657756
2,melville,1481,twain,7.449075380961101
2,melville,1482,train,3.297644567489624
2,melville,1482,baum,7.547271609306335
2,melville,1482,thompson,7.868085861206055
2,melville,1482,dickens,7.168134768803914
2,melville,1482,melville,6.825117746988933
2,melville,1482,wells,7.841301480929057
2,melville,1482,austen,7.578712463378906
2,melville,1482,fitzgerald,7.722042401631673
2,melville,1482,twain,7.459260145823161
2,melville,1483,train,3.301391124725342
2,melville,1483,baum,7.568838477134705
2,melville,1483,thompson,7.886986017227173
2,melville,1483,dickens,7.1809966166814165
2,melville,1483,melville,6.816325267155965
2,melville,1483,wells,7.845094879468282
2,melville,1483,austen,7.60187029838562
2,melville,1483,fitzgerald,7.740062793095906
2,melville,1483,twain,7.471537669499715
2,melville,1484,train,3.305571603775024
2,melville,1484,baum,7.560041546821594
2,melville,1484,thompson,7.8783979415893555
2,melville,1484,dickens,7.177973389625549
2,melville,1484,melville,6.820340315500896
2,melville,1484,wells,7.839484135309855
2,melville,1484,austen,7.5859644412994385
2,melville,1484,fitzgerald,7.737617174784343
2,melville,1484,twain,7.466577927271525
2,melville,1485,train,3.2817385673522947
2,melville,1485,baum,7.559189319610596
2,melville,1485,thompson,7.880921483039856
2,melville,1485,dickens,7.175355037053426
2,melville,1485,melville,6.817824165026347
2,melville,1485,wells,7.844226519266765
2,melville,1485,austen,7.603350639343262
2,melville,1485,fitzgerald,7.739964326222737
2,melville,1485,twain,7.4694238503774
2,melville,1486,train,3.2764873027801515
2,melville,1486,baum,7.575445413589477
2,melville,1486,thompson,7.895974278450012
2,melville,1486,dickens,7.187053203582764
2,melville,1486,melville,6.829885204633077
2,melville,1486,wells,7.865845004717509
2,melville,1486,austen,7.615867137908935
2,melville,1486,fitzgerald,7.754013299942017
2,melville,1486,twain,7.480132420857747
2,melville,1487,train,3.305109071731567
2,melville,1487,baum,7.562887907028198
2,melville,1487,thompson,7.886209011077881
2,melville,1487,dickens,7.16996697584788
2,melville,1487,melville,6.816137154897054
2,melville,1487,wells,7.842515468597412
2,melville,1487,austen,7.589958906173706
2,melville,1487,fitzgerald,7.740490277608235
2,melville,1487,twain,7.464810053507487
2,melville,1488,train,3.2758954524993897
2,melville,1488,baum,7.550513386726379
2,melville,1488,thompson,7.874947786331177
2,melville,1488,dickens,7.164507309595744
2,melville,1488,melville,6.804774165153503
2,melville,1488,wells,7.837287028630574
2,melville,1488,austen,7.602036714553833
2,melville,1488,fitzgerald,7.726611773173015
2,melville,1488,twain,7.456599473953247
2,melville,1489,train,3.272264242172241
2,melville,1489,baum,7.591751575469971
2,melville,1489,thompson,7.91091525554657
2,melville,1489,dickens,7.195769031842549
2,melville,1489,melville,6.841628273328145
2,melville,1489,wells,7.879994352658589
2,melville,1489,austen,7.625752687454224
2,melville,1489,fitzgerald,7.766340812047322
2,melville,1489,twain,7.4900680383046465
2,melville,1490,train,3.276805543899536
2,melville,1490,baum,7.564443230628967
2,melville,1490,thompson,7.881677508354187
2,melville,1490,dickens,7.184106588363648
2,melville,1490,melville,6.81879723072052
2,melville,1490,wells,7.847106218338013
2,melville,1490,austen,7.601003885269165
2,melville,1490,fitzgerald,7.737604300181071
2,melville,1490,twain,7.471930980682373
2,melville,1491,train,3.2798250198364256
2,melville,1491,baum,7.576299428939819
2,melville,1491,thompson,7.899302124977112
2,melville,1491,dickens,7.186596234639485
2,melville,1491,melville,6.824569463729858
2,melville,1491,wells,7.856473565101623
2,melville,1491,austen,7.619043588638306
2,melville,1491,fitzgerald,7.745205402374268
2,melville,1491,twain,7.474835316340129
2,melville,1492,train,3.292822790145874
2,melville,1492,baum,7.556786894798279
2,melville,1492,thompson,7.877276659011841
2,melville,1492,dickens,7.172733147939046
2,melville,1492,melville,6.81533678372701
2,melville,1492,wells,7.836926023165385
2,melville,1492,austen,7.5952417850494385
2,melville,1492,fitzgerald,7.73158597946167
2,melville,1492,twain,7.464804649353027
2,melville,1493,train,3.2828548431396483
2,melville,1493,baum,7.580676794052124
2,melville,1493,thompson,7.89389431476593
2,melville,1493,dickens,7.189985990524292
2,melville,1493,melville,6.823218067487081
2,melville,1493,wells,7.851516803105672
2,melville,1493,austen,7.61339259147644
2,melville,1493,fitzgerald,7.742647012074788
2,melville,1493,twain,7.47574241956075
2,melville,1494,train,3.312247657775879
2,melville,1494,baum,7.577371001243591
2,melville,1494,thompson,7.896375298500061
2,melville,1494,dickens,7.182218233744304
2,melville,1494,melville,6.824139674504598
2,melville,1494,wells,7.858605623245239
2,melville,1494,austen,7.621546983718872
2,melville,1494,fitzgerald,7.749035120010376
2,melville,1494,twain,7.469181776046753
2,melville,1495,train,3.272612428665161
2,melville,1495,baum,7.547848582267761
2,melville,1495,thompson,7.863946318626404
2,melville,1495,dickens,7.166509985923767
2,melville,1495,melville,6.810873746871948
2,melville,1495,wells,7.835587739944458
2,melville,1495,austen,7.594705820083618
2,melville,1495,fitzgerald,7.725311438242595
2,melville,1495,twain,7.456693649291992
2,melville,1496,train,3.2871843814849853
2,melville,1496,baum,7.561316728591919
2,melville,1496,thompson,7.880407691001892
2,melville,1496,dickens,7.177041133244832
2,melville,1496,melville,6.821198225021362
2,melville,1496,wells,7.852641503016154
2,melville,1496,austen,7.601634979248047
2,melville,1496,fitzgerald,7.740097602208455
2,melville,1496,twain,7.469670295715332
2,melville,1497,train,3.277469062805176
2,melville,1497,baum,7.565060257911682
2,melville,1497,thompson,7.889082431793213
2,melville,1497,dickens,7.1819852987925215
2,melville,1497,melville,6.82907772064209
2,melville,1497,wells,7.861863931020101
2,melville,1497,austen,7.603870868682861
2,melville,1497,fitzgerald,7.738792022069295
2,melville,1497,twain,7.477418979008992
2,melville,1498,train,3.269348382949829
2,melville,1498,baum,7.594262480735779
2,melville,1498,thompson,7.905044198036194
2,melville,1498,dickens,7.192358136177063
2,melville,1498,melville,6.831955631573995
2,melville,1498,wells,7.872599442799886
2,melville,1498,austen,7.631179332733154
2,melville,1498,fitzgerald,7.761992216110229
2,melville,1498,twain,7.487724622090657
2,melville,1499,train,3.303103303909302
2,melville,1499,baum,7.598889946937561
2,melville,1499,thompson,7.91503119468689
2,melville,1499,dickens,7.203973770141602
2,melville,1499,melville,6.855181654294332
2,melville,1499,wells,7.891704797744751
2,melville,1499,austen,7.635172605514526
2,melville,1499,fitzgerald,7.768901745478312
2,melville,1499,twain,7.501792510350545
2,melville,1500,train,3.288510656356812
2,melville,1500,baum,7.572182655334473
2,melville,1500,thompson,7.894691348075867
2,melville,1500,dickens,7.179794987042745
2,melville,1500,melville,6.824710845947266
2,melville,1500,wells,7.850487391153972
2,melville,1500,austen,7.611485242843628
2,melville,1500,fitzgerald,7.741943438847859
2,melville,1500,twain,7.473834117253621
2,melville,1501,train,3.2680796146392823
2,melville,1501,baum,7.571935772895813
2,melville,1501,thompson,7.897611618041992
2,melville,1501,dickens,7.182963331540425
2,melville,1501,melville,6.823124965031941
2,melville,1501,wells,7.853156963984172
2,melville,1501,austen,7.610349416732788
2,melville,1501,fitzgerald,7.754117012023926
2,melville,1501,twain,7.47621472676595
2,melville,1502,train,3.262682819366455
2,melville,1502,baum,7.587696313858032
2,melville,1502,thompson,7.9118146896362305
2,melville,1502,dickens,7.197738289833069
2,melville,1502,melville,6.83471663792928
2,melville,1502,wells,7.862084269523621
2,melville,1502,austen,7.628282070159912
2,melville,1502,fitzgerald,7.75739860534668
2,melville,1502,twain,7.488326946894328
2,melville,1503,train,3.262394714355469
2,melville,1503,baum,7.562286734580994
2,melville,1503,thompson,7.886842370033264
2,melville,1503,dickens,7.180172880490621
2,melville,1503,melville,6.825595219930013
2,melville,1503,wells,7.846254626909892
2,melville,1503,austen,7.615209341049194
2,melville,1503,fitzgerald,7.741587003072103
2,melville,1503,twain,7.47394323348999
2,melville,1504,train,3.278759717941284
2,melville,1504,baum,7.593779563903809
2,melville,1504,thompson,7.912348389625549
2,melville,1504,dickens,7.2047278881073
2,melville,1504,melville,6.838782429695129
2,melville,1504,wells,7.874094605445862
2,melville,1504,austen,7.646425724029541
2,melville,1504,fitzgerald,7.761019706726074
2,melville,1504,twain,7.492059151331584
2,melville,1505,train,3.273740530014038
2,melville,1505,baum,7.588841676712036
2,melville,1505,thompson,7.916233062744141
2,melville,1505,dickens,7.199178258577983
2,melville,1505,melville,6.83546515305837
2,melville,1505,wells,7.873869895935059
2,melville,1505,austen,7.624557733535767
2,melville,1505,fitzgerald,7.763654549916585
2,melville,1505,twain,7.495090325673421
2,melville,1506,train,3.2923206329345702
2,melville,1506,baum,7.601623773574829
2,melville,1506,thompson,7.923121452331543
2,melville,1506,dickens,7.2132248878479
2,melville,1506,melville,6.842516938845317
2,melville,1506,wells,7.880155046780904
2,melville,1506,austen,7.627752065658569
2,melville,1506,fitzgerald,7.769971211751302
2,melville,1506,twain,7.500976641972859
2,melville,1507,train,3.255893898010254
2,melville,1507,baum,7.593226909637451
2,melville,1507,thompson,7.925586462020874
2,melville,1507,dickens,7.198365052541097
2,melville,1507,melville,6.835205515225728
2,melville,1507,wells,7.875706513722737
2,melville,1507,austen,7.627737760543823
2,melville,1507,fitzgerald,7.769826968510945
2,melville,1507,twain,7.496378103892009
2,melville,1508,train,3.261993074417114
2,melville,1508,baum,7.597045183181763
2,melville,1508,thompson,7.913974642753601
2,melville,1508,dickens,7.200798233350118
2,melville,1508,melville,6.82337220509847
2,melville,1508,wells,7.860722541809082
2,melville,1508,austen,7.632794141769409
2,melville,1508,fitzgerald,7.759214242299397
2,melville,1508,twain,7.493346055348714
2,melville,1509,train,3.286166763305664
2,melville,1509,baum,7.580742359161377
2,melville,1509,thompson,7.905209898948669
2,melville,1509,dickens,7.192611296971639
2,melville,1509,melville,6.8310844500859575
2,melville,1509,wells,7.863805294036865
2,melville,1509,austen,7.623090982437134
2,melville,1509,fitzgerald,7.751679182052612
2,melville,1509,twain,7.490733067194621
2,melville,1510,train,3.2809118747711183
2,melville,1510,baum,7.593047857284546
2,melville,1510,thompson,7.913215398788452
2,melville,1510,dickens,7.200280110041301
2,melville,1510,melville,6.837303042411804
2,melville,1510,wells,7.879249533017476
2,melville,1510,austen,7.63616681098938
2,melville,1510,fitzgerald,7.767043034235637
2,melville,1510,twain,7.50013001759847
2,melville,1511,train,3.26857328414917
2,melville,1511,baum,7.600652933120727
2,melville,1511,thompson,7.917361259460449
2,melville,1511,dickens,7.204738736152649
2,melville,1511,melville,6.841154456138611
2,melville,1511,wells,7.887251734733581
2,melville,1511,austen,7.634896039962768
2,melville,1511,fitzgerald,7.769729057947795
2,melville,1511,twain,7.50124208132426
2,melville,1512,train,3.2497304916381835
2,melville,1512,baum,7.590044260025024
2,melville,1512,thompson,7.9106831550598145
2,melville,1512,dickens,7.1998584270477295
2,melville,1512,melville,6.839630683263143
2,melville,1512,wells,7.877309083938599
2,melville,1512,austen,7.619814157485962
2,melville,1512,fitzgerald,7.76391585667928
2,melville,1512,twain,7.4973955154418945
2,melville,1513,train,3.290487003326416
2,melville,1513,baum,7.59043276309967
2,melville,1513,thompson,7.911814332008362
2,melville,1513,dickens,7.195998430252075
2,melville,1513,melville,6.83782156308492
2,melville,1513,wells,7.870025515556335
2,melville,1513,austen,7.629378080368042
2,melville,1513,fitzgerald,7.761358976364136
2,melville,1513,twain,7.491585810979207
2,melville,1514,train,3.2548470973968504
2,melville,1514,baum,7.599373579025267
2,melville,1514,thompson,7.916348814964294
2,melville,1514,dickens,7.204640030860901
2,melville,1514,melville,6.8346807559331255
2,melville,1514,wells,7.881610115369161
2,melville,1514,austen,7.636529445648193
2,melville,1514,fitzgerald,7.7660783131917315
2,melville,1514,twain,7.504453261693318
2,melville,1515,train,3.239070701599121
2,melville,1515,baum,7.604031920433044
2,melville,1515,thompson,7.923946976661682
2,melville,1515,dickens,7.215076009432475
2,melville,1515,melville,6.850059429804484
2,melville,1515,wells,7.898058573404948
2,melville,1515,austen,7.66063117980957
2,melville,1515,fitzgerald,7.77641232808431
2,melville,1515,twain,7.508877436319987
2,melville,1516,train,3.2609510898590086
2,melville,1516,baum,7.590357661247253
2,melville,1516,thompson,7.913638949394226
2,melville,1516,dickens,7.204886754353841
2,melville,1516,melville,6.838695645332336
2,melville,1516,wells,7.873478213946025
2,melville,1516,austen,7.631231307983398
2,melville,1516,fitzgerald,7.76343560218811
2,melville,1516,twain,7.496304512023926
2,melville,1517,train,3.25632963180542
2,melville,1517,baum,7.619436979293823
2,melville,1517,thompson,7.9397430419921875
2,melville,1517,dickens,7.22402036190033
2,melville,1517,melville,6.858624895413716
2,melville,1517,wells,7.9101797342300415
2,melville,1517,austen,7.660794258117676
2,melville,1517,fitzgerald,7.786352157592773
2,melville,1517,twain,7.517341216405232
2,melville,1518,train,3.245761585235596
2,melville,1518,baum,7.600776672363281
2,melville,1518,thompson,7.9211461544036865
2,melville,1518,dickens,7.212104161580403
2,melville,1518,melville,6.849654197692871
2,melville,1518,wells,7.881308992703755
2,melville,1518,austen,7.636467456817627
2,melville,1518,fitzgerald,7.767919381459554
2,melville,1518,twain,7.504726489384969
2,melville,1519,train,3.250914478302002
2,melville,1519,baum,7.613793969154358
2,melville,1519,thompson,7.933470368385315
2,melville,1519,dickens,7.21117893854777
2,melville,1519,melville,6.847233851750691
2,melville,1519,wells,7.899514476458232
2,melville,1519,austen,7.64311933517456
2,melville,1519,fitzgerald,7.78451665242513
2,melville,1519,twain,7.514221588770549
2,melville,1520,train,3.2358675956726075
2,melville,1520,baum,7.609596848487854
2,melville,1520,thompson,7.923546314239502
2,melville,1520,dickens,7.214678208033244
2,melville,1520,melville,6.846730788548787
2,melville,1520,wells,7.8889228502909345
2,melville,1520,austen,7.62961220741272
2,melville,1520,fitzgerald,7.777660131454468
2,melville,1520,twain,7.5115102132161455
2,melville,1521,train,3.2369800567626954
2,melville,1521,baum,7.605234861373901
2,melville,1521,thompson,7.926429033279419
2,melville,1521,dickens,7.211820681889852
2,melville,1521,melville,6.839111725489299
2,melville,1521,wells,7.881698846817017
2,melville,1521,austen,7.632896423339844
2,melville,1521,fitzgerald,7.782827377319336
2,melville,1521,twain,7.510412136713664
2,melville,1522,train,3.215892505645752
2,melville,1522,baum,7.608741760253906
2,melville,1522,thompson,7.921686172485352
2,melville,1522,dickens,7.214092055956523
2,melville,1522,melville,6.84810733795166
2,melville,1522,wells,7.8946283260981245
2,melville,1522,austen,7.645656824111938
2,melville,1522,fitzgerald,7.779231786727905
2,melville,1522,twain,7.512840986251831
2,melville,1523,train,3.2351380348205567
2,melville,1523,baum,7.613703489303589
2,melville,1523,thompson,7.937181115150452
2,melville,1523,dickens,7.220121900240579
2,melville,1523,melville,6.853317856788635
2,melville,1523,wells,7.90257465839386
2,melville,1523,austen,7.653668403625488
2,melville,1523,fitzgerald,7.78553581237793
2,melville,1523,twain,7.513001839319865
2,melville,1524,train,3.253924036026001
2,melville,1524,baum,7.59386134147644
2,melville,1524,thompson,7.927345037460327
2,melville,1524,dickens,7.208845416704814
2,melville,1524,melville,6.838617364565532
2,melville,1524,wells,7.884575565656026
2,melville,1524,austen,7.649373531341553
2,melville,1524,fitzgerald,7.769433339436849
2,melville,1524,twain,7.493746280670166
2,melville,1525,train,3.258995294570923
2,melville,1525,baum,7.610079407691956
2,melville,1525,thompson,7.932148575782776
2,melville,1525,dickens,7.2147899468739825
2,melville,1525,melville,6.853415489196777
2,melville,1525,wells,7.8953062693278
2,melville,1525,austen,7.640049457550049
2,melville,1525,fitzgerald,7.782162586847941
2,melville,1525,twain,7.511245807011922
2,melville,1526,train,3.2093598365783693
2,melville,1526,baum,7.631387710571289
2,melville,1526,thompson,7.955660104751587
2,melville,1526,dickens,7.232880075772603
2,melville,1526,melville,6.871260404586792
2,melville,1526,wells,7.92752742767334
2,melville,1526,austen,7.669432163238525
2,melville,1526,fitzgerald,7.801377296447754
2,melville,1526,twain,7.528447230656941
2,melville,1527,train,3.2287736415863035
2,melville,1527,baum,7.626108646392822
2,melville,1527,thompson,7.948961853981018
2,melville,1527,dickens,7.228634754816691
2,melville,1527,melville,6.869141658147176
2,melville,1527,wells,7.929387887318929
2,melville,1527,austen,7.67390513420105
2,melville,1527,fitzgerald,7.802548726399739
2,melville,1527,twain,7.53009565671285
2,melville,1528,train,3.23675389289856
2,melville,1528,baum,7.609202265739441
2,melville,1528,thompson,7.934861183166504
2,melville,1528,dickens,7.219210147857666
2,melville,1528,melville,6.857993086179097
2,melville,1528,wells,7.892617861429851
2,melville,1528,austen,7.638064384460449
2,melville,1528,fitzgerald,7.785115003585815
2,melville,1528,twain,7.515519698460896
2,melville,1529,train,3.241225385665893
2,melville,1529,baum,7.627825617790222
2,melville,1529,thompson,7.94528865814209
2,melville,1529,dickens,7.229950348536174
2,melville,1529,melville,6.860340714454651
2,melville,1529,wells,7.916423956553142
2,melville,1529,austen,7.661075592041016
2,melville,1529,fitzgerald,7.799088795979817
2,melville,1529,twain,7.52223817507426
2,melville,1530,train,3.1993295669555666
2,melville,1530,baum,7.609476566314697
2,melville,1530,thompson,7.924264550209045
2,melville,1530,dickens,7.217271486918132
2,melville,1530,melville,6.857780337333679
2,melville,1530,wells,7.903982957204183
2,melville,1530,austen,7.647612571716309
2,melville,1530,fitzgerald,7.776330788930257
2,melville,1530,twain,7.512796799341838
2,melville,1531,train,3.2198867321014406
2,melville,1531,baum,7.636355876922607
2,melville,1531,thompson,7.964639782905579
2,melville,1531,dickens,7.235161503156026
2,melville,1531,melville,6.872657656669617
2,melville,1531,wells,7.928493420283
2,melville,1531,austen,7.662363529205322
2,melville,1531,fitzgerald,7.808197975158691
2,melville,1531,twain,7.537374019622803
2,melville,1532,train,3.226880073547364
2,melville,1532,baum,7.627278923988342
2,melville,1532,thompson,7.950208306312561
2,melville,1532,dickens,7.232448498408
2,melville,1532,melville,6.858975013097127
2,melville,1532,wells,7.903550386428833
2,melville,1532,austen,7.654892683029175
2,melville,1532,fitzgerald,7.792433659235637
2,melville,1532,twain,7.525212685267131
2,melville,1533,train,3.230266237258911
2,melville,1533,baum,7.602369546890259
2,melville,1533,thompson,7.92995822429657
2,melville,1533,dickens,7.208661516507466
2,melville,1533,melville,6.8491406838099165
2,melville,1533,wells,7.888081789016724
2,melville,1533,austen,7.645050764083862
2,melville,1533,fitzgerald,7.78212841351827
2,melville,1533,twain,7.511400143305461
2,melville,1534,train,3.2433023929595945
2,melville,1534,baum,7.61894154548645
2,melville,1534,thompson,7.943790793418884
2,melville,1534,dickens,7.234604040781657
2,melville,1534,melville,6.860566020011902
2,melville,1534,wells,7.905297716458638
2,melville,1534,austen,7.663873195648193
2,melville,1534,fitzgerald,7.78663690884908
2,melville,1534,twain,7.526148478190104
2,melville,1535,train,3.236270523071289
2,melville,1535,baum,7.62214195728302
2,melville,1535,thompson,7.948370933532715
2,melville,1535,dickens,7.229735771814982
2,melville,1535,melville,6.860485951105754
2,melville,1535,wells,7.910345077514648
2,melville,1535,austen,7.660224437713623
2,melville,1535,fitzgerald,7.792560418446858
2,melville,1535,twain,7.527010520299275
2,melville,1536,train,3.210587930679321
2,melville,1536,baum,7.633892893791199
2,melville,1536,thompson,7.9519277811050415
2,melville,1536,dickens,7.235739231109619
2,melville,1536,melville,6.86497696240743
2,melville,1536,wells,7.909937580426534
2,melville,1536,austen,7.662671804428101
2,melville,1536,fitzgerald,7.794540961583455
2,melville,1536,twain,7.527543465296428
2,melville,1537,train,3.221675968170166
2,melville,1537,baum,7.619184970855713
2,melville,1537,thompson,7.942072033882141
2,melville,1537,dickens,7.226594607035319
2,melville,1537,melville,6.853463808695476
2,melville,1537,wells,7.900216221809387
2,melville,1537,austen,7.651051521301269
2,melville,1537,fitzgerald,7.793779691060384
2,melville,1537,twain,7.521853526433309
2,melville,1538,train,3.214373111724853
2,melville,1538,baum,7.645272016525267
2,melville,1538,thompson,7.963156700134277
2,melville,1538,dickens,7.237412929534912
2,melville,1538,melville,6.868633985519409
2,melville,1538,wells,7.923971056938171
2,melville,1538,austen,7.669069528579712
2,melville,1538,fitzgerald,7.813245058059692
2,melville,1538,twain,7.538302103678386
2,melville,1539,train,3.214665079116821
2,melville,1539,baum,7.667051672935486
2,melville,1539,thompson,7.98613703250885
2,melville,1539,dickens,7.26622740427653
2,melville,1539,melville,6.889053781827291
2,melville,1539,wells,7.957874099413554
2,melville,1539,austen,7.685969591140747
2,melville,1539,fitzgerald,7.833088556925456
2,melville,1539,twain,7.557854572931926
2,melville,1540,train,3.228294324874878
2,melville,1540,baum,7.646100997924805
2,melville,1540,thompson,7.962435007095337
2,melville,1540,dickens,7.240853031476338
2,melville,1540,melville,6.8742490609486895
2,melville,1540,wells,7.9269483884175616
2,melville,1540,austen,7.663790464401245
2,melville,1540,fitzgerald,7.818495591481526
2,melville,1540,twain,7.538159608840942
2,melville,1541,train,3.204847240447998
2,melville,1541,baum,7.640271544456482
2,melville,1541,thompson,7.958207726478577
2,melville,1541,dickens,7.243955890337626
2,melville,1541,melville,6.872572859128316
2,melville,1541,wells,7.928774038950602
2,melville,1541,austen,7.67021918296814
2,melville,1541,fitzgerald,7.812657435735066
2,melville,1541,twain,7.538943449656169
2,melville,1542,train,3.207614278793335
2,melville,1542,baum,7.649100661277771
2,melville,1542,thompson,7.964862704277039
2,melville,1542,dickens,7.251369714736938
2,melville,1542,melville,6.8757409652074175
2,melville,1542,wells,7.93359112739563
2,melville,1542,austen,7.676262617111206
2,melville,1542,fitzgerald,7.81847604115804
2,melville,1542,twain,7.551233291625977
2,melville,1543,train,3.1943329334259034
2,melville,1543,baum,7.646463274955749
2,melville,1543,thompson,7.973610043525696
2,melville,1543,dickens,7.248982707659404
2,melville,1543,melville,6.884419679641724
2,melville,1543,wells,7.945515751838684
2,melville,1543,austen,7.692100763320923
2,melville,1543,fitzgerald,7.82789929707845
2,melville,1543,twain,7.548484643300374
2,melville,1544,train,3.2328748226165773
2,melville,1544,baum,7.6342456340789795
2,melville,1544,thompson,7.966037034988403
2,melville,1544,dickens,7.249315102895101
2,melville,1544,melville,6.882377664248149
2,melville,1544,wells,7.933385650316874
2,melville,1544,austen,7.667666673660278
2,melville,1544,fitzgerald,7.817572514216105
2,melville,1544,twain,7.546208381652832
2,melville,1545,train,3.199913501739502
2,melville,1545,baum,7.630375266075134
2,melville,1545,thompson,7.956459045410156
2,melville,1545,dickens,7.243156353632609
2,melville,1545,melville,6.864840825398763
2,melville,1545,wells,7.928163528442383
2,melville,1545,austen,7.68242597579956
2,melville,1545,fitzgerald,7.815995057423909
2,melville,1545,twain,7.534927527109782
2,melville,1546,train,3.189149856567383
2,melville,1546,baum,7.63895583152771
2,melville,1546,thompson,7.968166708946228
2,melville,1546,dickens,7.244648416837056
2,melville,1546,melville,6.879470864931743
2,melville,1546,wells,7.931650718053182
2,melville,1546,austen,7.669715404510498
2,melville,1546,fitzgerald,7.814552942911784
2,melville,1546,twain,7.540110190709432
2,melville,1547,train,3.23970160484314
2,melville,1547,baum,7.6715008020401
2,melville,1547,thompson,7.994781494140625
2,melville,1547,dickens,7.261723597844441
2,melville,1547,melville,6.8802099625269575
2,melville,1547,wells,7.960380117098491
2,melville,1547,austen,7.6987104415893555
2,melville,1547,fitzgerald,7.84519100189209
2,melville,1547,twain,7.559231281280518
2,melville,1548,train,3.2052815437316893
2,melville,1548,baum,7.651433229446411
2,melville,1548,thompson,7.973227143287659
2,melville,1548,dickens,7.253730614980061
2,melville,1548,melville,6.892671187718709
2,melville,1548,wells,7.951693058013916
2,melville,1548,austen,7.690908193588257
2,melville,1548,fitzgerald,7.819017012914021
2,melville,1548,twain,7.54944634437561
2,melville,1549,train,3.1864134788513185
2,melville,1549,baum,7.65979528427124
2,melville,1549,thompson,7.98310112953186
2,melville,1549,dickens,7.258137186368306
2,melville,1549,melville,6.887300332387288
2,melville,1549,wells,7.96248189608256
2,melville,1549,austen,7.6915442943573
2,melville,1549,fitzgerald,7.8338243166605634
2,melville,1549,twain,7.561266342798869
2,melville,1550,train,3.195951747894287
2,melville,1550,baum,7.642133474349976
2,melville,1550,thompson,7.965501546859741
2,melville,1550,dickens,7.247318863868713
2,melville,1550,melville,6.882387757301331
2,melville,1550,wells,7.923798084259033
2,melville,1550,austen,7.666206836700439
2,melville,1550,fitzgerald,7.807889302571614
2,melville,1550,twain,7.539528767267863
2,melville,1551,train,3.1944735050201416
2,melville,1551,baum,7.658553004264831
2,melville,1551,thompson,7.977783918380737
2,melville,1551,dickens,7.256916046142578
2,melville,1551,melville,6.886351267496745
2,melville,1551,wells,7.949860453605652
2,melville,1551,austen,7.696025371551514
2,melville,1551,fitzgerald,7.832993348439534
2,melville,1551,twain,7.551048517227173
2,melville,1552,train,3.2117093086242674
2,melville,1552,baum,7.661048054695129
2,melville,1552,thompson,7.975811243057251
2,melville,1552,dickens,7.258058071136475
2,melville,1552,melville,6.882922132809957
2,melville,1552,wells,7.94654913743337
2,melville,1552,austen,7.696234226226807
2,melville,1552,fitzgerald,7.829243501027425
2,melville,1552,twain,7.553862889607747
2,melville,1553,train,3.1602173328399656
2,melville,1553,baum,7.648657083511352
2,melville,1553,thompson,7.966999530792236
2,melville,1553,dickens,7.247145613034566
2,melville,1553,melville,6.872519135475159
2,melville,1553,wells,7.923696120580037
2,melville,1553,austen,7.6780290603637695
2,melville,1553,fitzgerald,7.814202864964803
2,melville,1553,twain,7.543802261352539
2,melville,1554,train,3.174562120437622
2,melville,1554,baum,7.661311507225037
2,melville,1554,thompson,7.981895565986633
2,melville,1554,dickens,7.259643157323201
2,melville,1554,melville,6.883904139200847
2,melville,1554,wells,7.941779096921285
2,melville,1554,austen,7.680135011672974
2,melville,1554,fitzgerald,7.8234663009643555
2,melville,1554,twain,7.555986404418945
2,melville,1555,train,3.193539810180664
2,melville,1555,baum,7.6716578006744385
2,melville,1555,thompson,7.990868091583252
2,melville,1555,dickens,7.268221656481425
2,melville,1555,melville,6.893120567003886
2,melville,1555,wells,7.957117001215617
2,melville,1555,austen,7.69190502166748
2,melville,1555,fitzgerald,7.837891181310018
2,melville,1555,twain,7.565041700998942
2,melville,1556,train,3.174427938461304
2,melville,1556,baum,7.657975196838379
2,melville,1556,thompson,7.981399059295654
2,melville,1556,dickens,7.260002374649048
2,melville,1556,melville,6.888205409049988
2,melville,1556,wells,7.95052154858907
2,melville,1556,austen,7.684278964996338
2,melville,1556,fitzgerald,7.829661925633748
2,melville,1556,twain,7.562086264292399
2,melville,1557,train,3.1748687744140627
2,melville,1557,baum,7.681012153625488
2,melville,1557,thompson,7.99914276599884
2,melville,1557,dickens,7.275491555531819
2,melville,1557,melville,6.906147241592407
2,melville,1557,wells,7.97083842754364
2,melville,1557,austen,7.711232900619507
2,melville,1557,fitzgerald,7.843270301818848
2,melville,1557,twain,7.577799399693807
2,melville,1558,train,3.1812877655029297
2,melville,1558,baum,7.665731072425842
2,melville,1558,thompson,7.992767572402954
2,melville,1558,dickens,7.2697551647822065
2,melville,1558,melville,6.894242127736409
2,melville,1558,wells,7.956489642461141
2,melville,1558,austen,7.686330795288086
2,melville,1558,fitzgerald,7.836232662200928
2,melville,1558,twain,7.571393569310506
2,melville,1559,train,3.1944979190826417
2,melville,1559,baum,7.684076189994812
2,melville,1559,thompson,8.006377577781677
2,melville,1559,dickens,7.279383738835652
2,melville,1559,melville,6.900603810946147
2,melville,1559,wells,7.975523074467977
2,melville,1559,austen,7.715194940567017
2,melville,1559,fitzgerald,7.854840358098348
2,melville,1559,twain,7.580752849578857
2,melville,1560,train,3.1844506740570067
2,melville,1560,baum,7.668052554130554
2,melville,1560,thompson,7.988147139549255
2,melville,1560,dickens,7.274139761924744
2,melville,1560,melville,6.894026041030884
2,melville,1560,wells,7.95711874961853
2,melville,1560,austen,7.694883584976196
2,melville,1560,fitzgerald,7.839374860127767
2,melville,1560,twain,7.574124336242676
2,melville,1561,train,3.188874864578247
2,melville,1561,baum,7.681443095207214
2,melville,1561,thompson,8.00591504573822
2,melville,1561,dickens,7.276779572168986
2,melville,1561,melville,6.897146145502727
2,melville,1561,wells,7.961138049761455
2,melville,1561,austen,7.706489562988281
2,melville,1561,fitzgerald,7.853652795155843
2,melville,1561,twain,7.577158848444621
2,melville,1562,train,3.18615460395813
2,melville,1562,baum,7.6635695695877075
2,melville,1562,thompson,7.9864821434021
2,melville,1562,dickens,7.270233869552612
2,melville,1562,melville,6.8913324276606245
2,melville,1562,wells,7.952615181605021
2,melville,1562,austen,7.700588941574097
2,melville,1562,fitzgerald,7.831191619237264
2,melville,1562,twain,7.566140651702881
2,melville,1563,train,3.1801177978515627
2,melville,1563,baum,7.683549523353577
2,melville,1563,thompson,8.0052330493927
2,melville,1563,dickens,7.282779137293498
2,melville,1563,melville,6.901997009913127
2,melville,1563,wells,7.96802004178365
2,melville,1563,austen,7.696833848953247
2,melville,1563,fitzgerald,7.850451469421387
2,melville,1563,twain,7.580312331517537
2,melville,1564,train,3.171028661727905
2,melville,1564,baum,7.680567502975464
2,melville,1564,thompson,8.000762104988098
2,melville,1564,dickens,7.283502459526062
2,melville,1564,melville,6.903257330258687
2,melville,1564,wells,7.96975839138031
2,melville,1564,austen,7.717041254043579
2,melville,1564,fitzgerald,7.843637625376384
2,melville,1564,twain,7.572402954101562
2,melville,1565,train,3.16589469909668
2,melville,1565,baum,7.694393634796143
2,melville,1565,thompson,8.01349663734436
2,melville,1565,dickens,7.288528521855672
2,melville,1565,melville,6.917399883270264
2,melville,1565,wells,7.984668850898743
2,melville,1565,austen,7.723129034042358
2,melville,1565,fitzgerald,7.85889991124471
2,melville,1565,twain,7.587948481241862
2,melville,1566,train,3.1920097351074217
2,melville,1566,baum,7.677661538124084
2,melville,1566,thompson,7.997110724449158
2,melville,1566,dickens,7.279099265734355
2,melville,1566,melville,6.899456103642781
2,melville,1566,wells,7.966115752855937
2,melville,1566,austen,7.717722415924072
2,melville,1566,fitzgerald,7.843780358632405
2,melville,1566,twain,7.57181978225708
2,melville,1567,train,3.160397481918335
2,melville,1567,baum,7.667123198509216
2,melville,1567,thompson,7.981698155403137
2,melville,1567,dickens,7.268540978431702
2,melville,1567,melville,6.8947083950042725
2,melville,1567,wells,7.958731929461162
2,melville,1567,austen,7.700373888015747
2,melville,1567,fitzgerald,7.835404713948567
2,melville,1567,twain,7.566034952799479
2,melville,1568,train,3.172000789642334
2,melville,1568,baum,7.669257760047913
2,melville,1568,thompson,7.985388159751892
2,melville,1568,dickens,7.267625331878662
2,melville,1568,melville,6.891865889231364
2,melville,1568,wells,7.945699214935303
2,melville,1568,austen,7.701171398162842
2,melville,1568,fitzgerald,7.835125128428142
2,melville,1568,twain,7.570989449818929
2,melville,1569,train,3.190151405334473
2,melville,1569,baum,7.658795952796936
2,melville,1569,thompson,7.978010654449463
2,melville,1569,dickens,7.27001674969991
2,melville,1569,melville,6.892987608909607
2,melville,1569,wells,7.944250822067261
2,melville,1569,austen,7.702495098114014
2,melville,1569,fitzgerald,7.826984484990437
2,melville,1569,twain,7.565309286117554
2,melville,1570,train,3.177608919143677
2,melville,1570,baum,7.673706173896789
2,melville,1570,thompson,7.99832558631897
2,melville,1570,dickens,7.280179937680562
2,melville,1570,melville,6.9073324998219805
2,melville,1570,wells,7.967601617177327
2,melville,1570,austen,7.714014768600464
2,melville,1570,fitzgerald,7.843086004257202
2,melville,1570,twain,7.576361417770386
2,melville,1571,train,3.174648809432983
2,melville,1571,baum,7.663588285446167
2,melville,1571,thompson,7.984000086784363
2,melville,1571,dickens,7.268304586410522
2,melville,1571,melville,6.88677974541982
2,melville,1571,wells,7.954366127649943
2,melville,1571,austen,7.705822944641113
2,melville,1571,fitzgerald,7.839048147201538
2,melville,1571,twain,7.562060594558716
2,melville,1572,train,3.165084457397461
2,melville,1572,baum,7.6948206424713135
2,melville,1572,thompson,8.0070321559906
2,melville,1572,dickens,7.286849935849507
2,melville,1572,melville,6.911966284116109
2,melville,1572,wells,7.987948417663574
2,melville,1572,austen,7.726393222808838
2,melville,1572,fitzgerald,7.860539674758911
2,melville,1572,twain,7.584204276402791
2,melville,1573,train,3.1516652584075926
2,melville,1573,baum,7.690962433815002
2,melville,1573,thompson,8.013986587524414
2,melville,1573,dickens,7.291164954503377
2,melville,1573,melville,6.917943437894185
2,melville,1573,wells,7.979178587595622
2,melville,1573,austen,7.708789110183716
2,melville,1573,fitzgerald,7.859419743220012
2,melville,1573,twain,7.59197457631429
2,melville,1574,train,3.1423316955566407
2,melville,1574,baum,7.702949047088623
2,melville,1574,thompson,8.023053526878357
2,melville,1574,dickens,7.2911901871363325
2,melville,1574,melville,6.910399556159973
2,melville,1574,wells,7.988681594530742
2,melville,1574,austen,7.73051643371582
2,melville,1574,fitzgerald,7.866074323654175
2,melville,1574,twain,7.595842281977336
2,melville,1575,train,3.186584806442261
2,melville,1575,baum,7.689926028251648
2,melville,1575,thompson,8.013920187950134
2,melville,1575,dickens,7.289251049359639
2,melville,1575,melville,6.913842399915059
2,melville,1575,wells,7.9768602053324384
2,melville,1575,austen,7.725351810455322
2,melville,1575,fitzgerald,7.860272566477458
2,melville,1575,twain,7.584981918334961
2,melville,1576,train,3.162774419784546
2,melville,1576,baum,7.680021643638611
2,melville,1576,thompson,8.005656957626343
2,melville,1576,dickens,7.286988417307536
2,melville,1576,melville,6.904024640719096
2,melville,1576,wells,7.974795460700989
2,melville,1576,austen,7.723734140396118
2,melville,1576,fitzgerald,7.857067584991455
2,melville,1576,twain,7.583321491877238
2,melville,1577,train,3.1759520530700684
2,melville,1577,baum,7.6839576959609985
2,melville,1577,thompson,8.008474588394165
2,melville,1577,dickens,7.28835407892863
2,melville,1577,melville,6.909989635149638
2,melville,1577,wells,7.972449620564778
2,melville,1577,austen,7.724775075912476
2,melville,1577,fitzgerald,7.852323452631633
2,melville,1577,twain,7.5872712930043535
2,melville,1578,train,3.18388147354126
2,melville,1578,baum,7.660075306892395
2,melville,1578,thompson,7.988400101661682
2,melville,1578,dickens,7.27205502986908
2,melville,1578,melville,6.893647154172261
2,melville,1578,wells,7.953636209170024
2,melville,1578,austen,7.714975357055664
2,melville,1578,fitzgerald,7.841053644816081
2,melville,1578,twain,7.571558872858684
2,melville,1579,train,3.132117986679077
2,melville,1579,baum,7.6905540227890015
2,melville,1579,thompson,8.016078233718872
2,melville,1579,dickens,7.292545159657796
2,melville,1579,melville,6.914223035176595
2,melville,1579,wells,7.981616814931233
2,melville,1579,austen,7.719570875167847
2,melville,1579,fitzgerald,7.854618549346924
2,melville,1579,twain,7.595825751622518
2,melville,1580,train,3.149067211151123
2,melville,1580,baum,7.703042030334473
2,melville,1580,thompson,8.028015375137329
2,melville,1580,dickens,7.301580945650737
2,melville,1580,melville,6.927651484807332
2,melville,1580,wells,8.001110792160034
2,melville,1580,austen,7.737762451171875
2,melville,1580,fitzgerald,7.873557170232137
2,melville,1580,twain,7.604217052459717
2,melville,1581,train,3.182438039779663
2,melville,1581,baum,7.706067085266113
2,melville,1581,thompson,8.025099039077759
2,melville,1581,dickens,7.297574162483215
2,melville,1581,melville,6.926528612772624
2,melville,1581,wells,8.004939158757528
2,melville,1581,austen,7.741179704666138
2,melville,1581,fitzgerald,7.874059756596883
2,melville,1581,twain,7.601565361022949
2,melville,1582,train,3.1372116088867186
2,melville,1582,baum,7.6875550746917725
2,melville,1582,thompson,8.007946848869324
2,melville,1582,dickens,7.285708546638489
2,melville,1582,melville,6.910194317499797
2,melville,1582,wells,7.970248262087504
2,melville,1582,austen,7.727396249771118
2,melville,1582,fitzgerald,7.8507399559021
2,melville,1582,twain,7.580570697784424
2,melville,1583,train,3.1434125900268555
2,melville,1583,baum,7.702544569969177
2,melville,1583,thompson,8.028964400291443
2,melville,1583,dickens,7.300970077514648
2,melville,1583,melville,6.925576051076253
2,melville,1583,wells,8.001529653867086
2,melville,1583,austen,7.736436367034912
2,melville,1583,fitzgerald,7.869027694066365
2,melville,1583,twain,7.60289454460144
2,melville,1584,train,3.141712999343872
2,melville,1584,baum,7.671515107154846
2,melville,1584,thompson,8.002628803253174
2,melville,1584,dickens,7.27706507841746
2,melville,1584,melville,6.891852815945943
2,melville,1584,wells,7.953811526298523
2,melville,1584,austen,7.700697898864746
2,melville,1584,fitzgerald,7.839244683583577
2,melville,1584,twain,7.575254122416179
2,melville,1585,train,3.1531908988952635
2,melville,1585,baum,7.696609020233154
2,melville,1585,thompson,8.021993041038513
2,melville,1585,dickens,7.293586452802022
2,melville,1585,melville,6.913101156552632
2,melville,1585,wells,7.986198147137959
2,melville,1585,austen,7.727806091308594
2,melville,1585,fitzgerald,7.870767275492351
2,melville,1585,twain,7.591539859771728
2,melville,1586,train,3.1598556995391847
2,melville,1586,baum,7.671153545379639
2,melville,1586,thompson,8.001745581626892
2,melville,1586,dickens,7.286518096923828
2,melville,1586,melville,6.896791577339172
2,melville,1586,wells,7.966513315836589
2,melville,1586,austen,7.710201025009155
2,melville,1586,fitzgerald,7.85233489672343
2,melville,1586,twain,7.580113490422566
2,melville,1587,train,3.1467342376708984
2,melville,1587,baum,7.688342332839966
2,melville,1587,thompson,8.018860101699829
2,melville,1587,dickens,7.2999394337336225
2,melville,1587,melville,6.910259008407593
2,melville,1587,wells,7.9806738297144575
2,melville,1587,austen,7.71449613571167
2,melville,1587,fitzgerald,7.867894252141316
2,melville,1587,twain,7.592855135599772
2,melville,1588,train,3.1468035697937013
2,melville,1588,baum,7.674331903457642
2,melville,1588,thompson,7.999514698982239
2,melville,1588,dickens,7.289004365603129
2,melville,1588,melville,6.903550942738851
2,melville,1588,wells,7.972347140312195
2,melville,1588,austen,7.71897029876709
2,melville,1588,fitzgerald,7.853124062220256
2,melville,1588,twain,7.585601806640625
2,melville,1589,train,3.140620946884156
2,melville,1589,baum,7.69212806224823
2,melville,1589,thompson,8.014137387275696
2,melville,1589,dickens,7.292712291081746
2,melville,1589,melville,6.90949296951294
2,melville,1589,wells,7.979619701703389
2,melville,1589,austen,7.729366779327393
2,melville,1589,fitzgerald,7.86382246017456
2,melville,1589,twain,7.5921897093455
2,melville,1590,train,3.1438762187957763
2,melville,1590,baum,7.682775497436523
2,melville,1590,thompson,8.01239264011383
2,melville,1590,dickens,7.287118752797444
2,melville,1590,melville,6.907762368520101
2,melville,1590,wells,7.967535734176636
2,melville,1590,austen,7.717203378677368
2,melville,1590,fitzgerald,7.856437524159749
2,melville,1590,twain,7.582403977711995
2,melville,1591,train,3.125962781906128
2,melville,1591,baum,7.693436980247498
2,melville,1591,thompson,8.017745852470398
2,melville,1591,dickens,7.296881755193074
2,melville,1591,melville,6.912375092506409
2,melville,1591,wells,7.989387194315593
2,melville,1591,austen,7.738749027252197
2,melville,1591,fitzgerald,7.869619210561116
2,melville,1591,twain,7.591965436935425
2,melville,1592,train,3.1433741569519045
2,melville,1592,baum,7.70079755783081
2,melville,1592,thompson,8.026028871536255
2,melville,1592,dickens,7.294835289319356
2,melville,1592,melville,6.922673622767131
2,melville,1592,wells,7.998919049898784
2,melville,1592,austen,7.733139276504517
2,melville,1592,fitzgerald,7.876681327819824
2,melville,1592,twain,7.598595301310222
2,melville,1593,train,3.1284299373626707
2,melville,1593,baum,7.693450331687927
2,melville,1593,thompson,8.02153480052948
2,melville,1593,dickens,7.297185699144999
2,melville,1593,melville,6.918017148971558
2,melville,1593,wells,7.991032759348552
2,melville,1593,austen,7.729593515396118
2,melville,1593,fitzgerald,7.866984526316325
2,melville,1593,twain,7.601983785629272
2,melville,1594,train,3.1283111572265625
2,melville,1594,baum,7.708868384361267
2,melville,1594,thompson,8.037999272346497
2,melville,1594,dickens,7.309818307558696
2,melville,1594,melville,6.937433282534282
2,melville,1594,wells,8.008560180664062
2,melville,1594,austen,7.751455783843994
2,melville,1594,fitzgerald,7.879592100779216
2,melville,1594,twain,7.608388264973958
2,melville,1595,train,3.1489315032958984
2,melville,1595,baum,7.68287467956543
2,melville,1595,thompson,8.00968861579895
2,melville,1595,dickens,7.287868976593018
2,melville,1595,melville,6.9104864199956255
2,melville,1595,wells,7.975275834401448
2,melville,1595,austen,7.729011058807373
2,melville,1595,fitzgerald,7.862846930821736
2,melville,1595,twain,7.59218414624532
2,melville,1596,train,3.1117127418518065
2,melville,1596,baum,7.6801289319992065
2,melville,1596,thompson,8.010877251625061
2,melville,1596,dickens,7.291659235954285
2,melville,1596,melville,6.9087086121241255
2,melville,1596,wells,7.968910217285156
2,melville,1596,austen,7.720110177993774
2,melville,1596,fitzgerald,7.860547463099162
2,melville,1596,twain,7.588175376256307
2,melville,1597,train,3.1062477111816404
2,melville,1597,baum,7.686029076576233
2,melville,1597,thompson,8.007739543914795
2,melville,1597,dickens,7.29722249507904
2,melville,1597,melville,6.907835006713867
2,melville,1597,wells,7.974910815556844
2,melville,1597,austen,7.741446495056152
2,melville,1597,fitzgerald,7.852142254511516
2,melville,1597,twain,7.588093121846517
2,melville,1598,train,3.114571046829224
2,melville,1598,baum,7.684684872627258
2,melville,1598,thompson,8.007737159729004
2,melville,1598,dickens,7.2899409532547
2,melville,1598,melville,6.9086923996607466
2,melville,1598,wells,7.977580308914185
2,melville,1598,austen,7.7190868854522705
2,melville,1598,fitzgerald,7.85741925239563
2,melville,1598,twain,7.594262599945068
2,melville,1599,train,3.106396150588989
2,melville,1599,baum,7.698596715927124
2,melville,1599,thompson,8.018035769462585
2,melville,1599,dickens,7.300639470418294
2,melville,1599,melville,6.910686612129211
2,melville,1599,wells,7.984578529993693
2,melville,1599,austen,7.733905792236328
2,melville,1599,fitzgerald,7.865407069524129
2,melville,1599,twain,7.5987288157145185
2,melville,1600,train,3.143638753890991
2,melville,1600,baum,7.713218212127685
2,melville,1600,thompson,8.038043022155762
2,melville,1600,dickens,7.310972253481547
2,melville,1600,melville,6.933073043823242
2,melville,1600,wells,8.006698608398438
2,melville,1600,austen,7.745542287826538
2,melville,1600,fitzgerald,7.880560477574666
2,melville,1600,twain,7.608752568562825
2,melville,1601,train,3.1315169811248778
2,melville,1601,baum,7.706518888473511
2,melville,1601,thompson,8.025637149810791
2,melville,1601,dickens,7.304174065589905
2,melville,1601,melville,6.914350152015686
2,melville,1601,wells,7.98853858311971
2,melville,1601,austen,7.733151435852051
2,melville,1601,fitzgerald,7.869303782780965
2,melville,1601,twain,7.600922664006551
2,melville,1602,train,3.125137376785278
2,melville,1602,baum,7.686669945716858
2,melville,1602,thompson,8.004237651824951
2,melville,1602,dickens,7.290874600410461
2,melville,1602,melville,6.9084126551946
2,melville,1602,wells,7.966475009918213
2,melville,1602,austen,7.731493473052978
2,melville,1602,fitzgerald,7.852834781010945
2,melville,1602,twain,7.588766098022461
2,melville,1603,train,3.139759349822998
2,melville,1603,baum,7.696828484535217
2,melville,1603,thompson,8.018425941467285
2,melville,1603,dickens,7.302758614222209
2,melville,1603,melville,6.914818247159322
2,melville,1603,wells,7.986563404401143
2,melville,1603,austen,7.755057334899902
2,melville,1603,fitzgerald,7.86958893140157
2,melville,1603,twain,7.602103233337402
2,melville,1604,train,3.1494288444519043
2,melville,1604,baum,7.70030665397644
2,melville,1604,thompson,8.024518609046936
2,melville,1604,dickens,7.304514527320862
2,melville,1604,melville,6.92095160484314
2,melville,1604,wells,7.993297974268596
2,melville,1604,austen,7.749425649642944
2,melville,1604,fitzgerald,7.869791189829509
2,melville,1604,twain,7.603126684824626
2,melville,1605,train,3.120915651321411
2,melville,1605,baum,7.700779557228088
2,melville,1605,thompson,8.019244194030762
2,melville,1605,dickens,7.304900884628296
2,melville,1605,melville,6.913563211758931
2,melville,1605,wells,7.986344536145528
2,melville,1605,austen,7.747025489807129
2,melville,1605,fitzgerald,7.870156367619832
2,melville,1605,twain,7.601583480834961
2,melville,1606,train,3.133442497253418
2,melville,1606,baum,7.711295127868652
2,melville,1606,thompson,8.03043806552887
2,melville,1606,dickens,7.3143736521403
2,melville,1606,melville,6.926043192545573
2,melville,1606,wells,8.004240910212198
2,melville,1606,austen,7.76320743560791
2,melville,1606,fitzgerald,7.879838228225708
2,melville,1606,twain,7.613654613494873
2,melville,1607,train,3.139844369888306
2,melville,1607,baum,7.73424506187439
2,melville,1607,thompson,8.056005835533142
2,melville,1607,dickens,7.326169451077779
2,melville,1607,melville,6.951898455619812
2,melville,1607,wells,8.02575679620107
2,melville,1607,austen,7.768234014511108
2,melville,1607,fitzgerald,7.89223837852478
2,melville,1607,twain,7.630893389383952
2,melville,1608,train,3.0995326042175293
2,melville,1608,baum,7.721651911735535
2,melville,1608,thompson,8.044456362724304
2,melville,1608,dickens,7.313509027163188
2,melville,1608,melville,6.925021529197693
2,melville,1608,wells,8.010966459910074
2,melville,1608,austen,7.761822938919067
2,melville,1608,fitzgerald,7.888755877812703
2,melville,1608,twain,7.614721059799194
2,melville,1609,train,3.0929931163787843
2,melville,1609,baum,7.7365453243255615
2,melville,1609,thompson,8.054787874221802
2,melville,1609,dickens,7.331872622172038
2,melville,1609,melville,6.936591903368632
2,melville,1609,wells,8.021113514900208
2,melville,1609,austen,7.762712717056274
2,melville,1609,fitzgerald,7.899113178253174
2,melville,1609,twain,7.630301554997762
2,melville,1610,train,3.128339433670044
2,melville,1610,baum,7.734377384185791
2,melville,1610,thompson,8.063894033432007
2,melville,1610,dickens,7.324079950650533
2,melville,1610,melville,6.947596351305644
2,melville,1610,wells,8.03354517618815
2,melville,1610,austen,7.775501489639282
2,melville,1610,fitzgerald,7.907193422317505
2,melville,1610,twain,7.627632061640422
2,melville,1611,train,3.124383020401001
2,melville,1611,baum,7.735106945037842
2,melville,1611,thompson,8.055269122123718
2,melville,1611,dickens,7.331245104471843
2,melville,1611,melville,6.929509997367859
2,melville,1611,wells,8.01201343536377
2,melville,1611,austen,7.756500482559204
2,melville,1611,fitzgerald,7.894020398457845
2,melville,1611,twain,7.627088785171509
2,melville,1612,train,3.1159671783447265
2,melville,1612,baum,7.751702547073364
2,melville,1612,thompson,8.068213820457458
2,melville,1612,dickens,7.3399027188618975
2,melville,1612,melville,6.949368476867676
2,melville,1612,wells,8.03645102183024
2,melville,1612,austen,7.789037227630615
2,melville,1612,fitzgerald,7.913001457850139
2,melville,1612,twain,7.639533996582031
2,melville,1613,train,3.126546049118042
2,melville,1613,baum,7.7267005443573
2,melville,1613,thompson,8.041637778282166
2,melville,1613,dickens,7.322060505549113
2,melville,1613,melville,6.922039230664571
2,melville,1613,wells,7.999439239501953
2,melville,1613,austen,7.754901647567749
2,melville,1613,fitzgerald,7.884332021077474
2,melville,1613,twain,7.62309177716573
2,melville,1614,train,3.095908784866333
2,melville,1614,baum,7.740188956260681
2,melville,1614,thompson,8.05635404586792
2,melville,1614,dickens,7.322132706642151
2,melville,1614,melville,6.932477394739787
2,melville,1614,wells,8.017296950022379
2,melville,1614,austen,7.764582633972168
2,melville,1614,fitzgerald,7.901930570602417
2,melville,1614,twain,7.628099759419759
2,melville,1615,train,3.097318172454834
2,melville,1615,baum,7.727261900901794
2,melville,1615,thompson,8.043326497077942
2,melville,1615,dickens,7.3259042501449585
2,melville,1615,melville,6.935203512509664
2,melville,1615,wells,8.017033497492472
2,melville,1615,austen,7.7782042026519775
2,melville,1615,fitzgerald,7.898316144943237
2,melville,1615,twain,7.632349332173665
2,melville,1616,train,3.133445358276368
2,melville,1616,baum,7.7347002029418945
2,melville,1616,thompson,8.05213713645935
2,melville,1616,dickens,7.333261529604594
2,melville,1616,melville,6.936859329541524
2,melville,1616,wells,8.025656342506409
2,melville,1616,austen,7.787061452865601
2,melville,1616,fitzgerald,7.900316635767619
2,melville,1616,twain,7.636880238850911
2,melville,1617,train,3.134951448440552
2,melville,1617,baum,7.751355171203613
2,melville,1617,thompson,8.08184278011322
2,melville,1617,dickens,7.339250644048055
2,melville,1617,melville,6.949077765146892
2,melville,1617,wells,8.037926157315573
2,melville,1617,austen,7.77653694152832
2,melville,1617,fitzgerald,7.916865189870198
2,melville,1617,twain,7.641147057215373
2,melville,1618,train,3.089233732223511
2,melville,1618,baum,7.724684119224548
2,melville,1618,thompson,8.048116564750671
2,melville,1618,dickens,7.328838467597961
2,melville,1618,melville,6.93837587038676
2,melville,1618,wells,8.016255935033163
2,melville,1618,austen,7.768746614456177
2,melville,1618,fitzgerald,7.89675251642863
2,melville,1618,twain,7.629724820454915
2,melville,1619,train,3.105050802230835
2,melville,1619,baum,7.755274891853332
2,melville,1619,thompson,8.075908303260803
2,melville,1619,dickens,7.346575101216634
2,melville,1619,melville,6.954494595527649
2,melville,1619,wells,8.046960751215616
2,melville,1619,austen,7.790657043457031
2,melville,1619,fitzgerald,7.923399607340495
2,melville,1619,twain,7.6471967697143555
2,melville,1620,train,3.121973657608032
2,melville,1620,baum,7.737225532531738
2,melville,1620,thompson,8.060016751289368
2,melville,1620,dickens,7.334341923395793
2,melville,1620,melville,6.942584753036499
2,melville,1620,wells,8.027919888496399
2,melville,1620,austen,7.774572134017944
2,melville,1620,fitzgerald,7.901557445526123
2,melville,1620,twain,7.635240316390991
2,melville,1621,train,3.09969425201416
2,melville,1621,baum,7.746682524681091
2,melville,1621,thompson,8.069812297821045
2,melville,1621,dickens,7.342885533968608
2,melville,1621,melville,6.953133781750997
2,melville,1621,wells,8.037232041358948
2,melville,1621,austen,7.78436279296875
2,melville,1621,fitzgerald,7.915516932805379
2,melville,1621,twain,7.6503636837005615
2,melville,1622,train,3.086060094833374
2,melville,1622,baum,7.743605017662048
2,melville,1622,thompson,8.06336784362793
2,melville,1622,dickens,7.338484764099121
2,melville,1622,melville,6.947081287701924
2,melville,1622,wells,8.036012530326843
2,melville,1622,austen,7.7785797119140625
2,melville,1622,fitzgerald,7.911240418752034
2,melville,1622,twain,7.643500089645386
2,melville,1623,train,3.084665584564209
2,melville,1623,baum,7.7694772481918335
2,melville,1623,thompson,8.090220332145691
2,melville,1623,dickens,7.349395155906677
2,melville,1623,melville,6.960971275965373
2,melville,1623,wells,8.059070388476053
2,melville,1623,austen,7.78674054145813
2,melville,1623,fitzgerald,7.932961543401082
2,melville,1623,twain,7.657317956288655
2,melville,1624,train,3.0884652137756348
2,melville,1624,baum,7.74112856388092
2,melville,1624,thompson,8.062931299209595
2,melville,1624,dickens,7.334828694661458
2,melville,1624,melville,6.943911989529927
2,melville,1624,wells,8.028868118921915
2,melville,1624,austen,7.772984743118286
2,melville,1624,fitzgerald,7.902631600697835
2,melville,1624,twain,7.635597229003906
2,melville,1625,train,3.090219497680664
2,melville,1625,baum,7.7366623878479
2,melville,1625,thompson,8.058632731437683
2,melville,1625,dickens,7.330493211746216
2,melville,1625,melville,6.933714906374614
2,melville,1625,wells,8.02204179763794
2,melville,1625,austen,7.766978740692139
2,melville,1625,fitzgerald,7.905634641647339
2,melville,1625,twain,7.626699924468994
2,melville,1626,train,3.084875965118408
2,melville,1626,baum,7.765262842178345
2,melville,1626,thompson,8.088472247123718
2,melville,1626,dickens,7.353771487871806
2,melville,1626,melville,6.967691580454509
2,melville,1626,wells,8.061970233917236
2,melville,1626,austen,7.782174110412598
2,melville,1626,fitzgerald,7.935666720072429
2,melville,1626,twain,7.659408807754517
2,melville,1627,train,3.0807730674743654
2,melville,1627,baum,7.766293883323669
2,melville,1627,thompson,8.089201092720032
2,melville,1627,dickens,7.357237219810486
2,melville,1627,melville,6.957910140355428
2,melville,1627,wells,8.055999716122946
2,melville,1627,austen,7.804306983947754
2,melville,1627,fitzgerald,7.94060484568278
2,melville,1627,twain,7.657354831695557
2,melville,1628,train,3.088523244857788
2,melville,1628,baum,7.7583818435668945
2,melville,1628,thompson,8.081294298171997
2,melville,1628,dickens,7.349340240160624
2,melville,1628,melville,6.947631637255351
2,melville,1628,wells,8.044650634129843
2,melville,1628,austen,7.787677049636841
2,melville,1628,fitzgerald,7.927973667780559
2,melville,1628,twain,7.651179075241089
2,melville,1629,train,3.0777864933013914
2,melville,1629,baum,7.748324871063232
2,melville,1629,thompson,8.076072335243225
2,melville,1629,dickens,7.342905561129252
2,melville,1629,melville,6.951106309890747
2,melville,1629,wells,8.038102984428406
2,melville,1629,austen,7.770722389221191
2,melville,1629,fitzgerald,7.916353384653727
2,melville,1629,twain,7.648420174916585
2,melville,1630,train,3.0856436252593995
2,melville,1630,baum,7.758020401000977
2,melville,1630,thompson,8.085410833358765
2,melville,1630,dickens,7.35327152411143
2,melville,1630,melville,6.962232669194539
2,melville,1630,wells,8.053101181983948
2,melville,1630,austen,7.794004678726196
2,melville,1630,fitzgerald,7.919308026631673
2,melville,1630,twain,7.657185157140096
2,melville,1631,train,3.123834228515625
2,melville,1631,baum,7.754826426506042
2,melville,1631,thompson,8.078840374946594
2,melville,1631,dickens,7.359019200007121
2,melville,1631,melville,6.952893654505412
2,melville,1631,wells,8.038139661153158
2,melville,1631,austen,7.791115045547485
2,melville,1631,fitzgerald,7.92050035794576
2,melville,1631,twain,7.653724193572998
2,melville,1632,train,3.094752025604248
2,melville,1632,baum,7.743575572967529
2,melville,1632,thompson,8.081488609313965
2,melville,1632,dickens,7.344910105069478
2,melville,1632,melville,6.953370014826457
2,melville,1632,wells,8.043637355168661
2,melville,1632,austen,7.787977695465088
2,melville,1632,fitzgerald,7.925809542338054
2,melville,1632,twain,7.645814100901286
2,melville,1633,train,3.10205192565918
2,melville,1633,baum,7.766240119934082
2,melville,1633,thompson,8.09800410270691
2,melville,1633,dickens,7.368243495623271
2,melville,1633,melville,6.968913674354553
2,melville,1633,wells,8.070605397224426
2,melville,1633,austen,7.800520181655884
2,melville,1633,fitzgerald,7.937058528264363
2,melville,1633,twain,7.667903820673625
2,melville,1634,train,3.0648277759552003
2,melville,1634,baum,7.77492880821228
2,melville,1634,thompson,8.104105710983276
2,melville,1634,dickens,7.371612310409546
2,melville,1634,melville,6.98314893245697
2,melville,1634,wells,8.070266524950663
2,melville,1634,austen,7.8065361976623535
2,melville,1634,fitzgerald,7.94765551884969
2,melville,1634,twain,7.67344872156779
2,melville,1635,train,3.0722460746765137
2,melville,1635,baum,7.745926141738892
2,melville,1635,thompson,8.072826981544495
2,melville,1635,dickens,7.346184333165486
2,melville,1635,melville,6.942084987958272
2,melville,1635,wells,8.02676522731781
2,melville,1635,austen,7.7773356437683105
2,melville,1635,fitzgerald,7.913837353388469
2,melville,1635,twain,7.648559014002482
2,melville,1636,train,3.078975582122802
2,melville,1636,baum,7.778207182884216
2,melville,1636,thompson,8.111177682876587
2,melville,1636,dickens,7.364323337872823
2,melville,1636,melville,6.966293096542358
2,melville,1636,wells,8.068379958470663
2,melville,1636,austen,7.817440032958984
2,melville,1636,fitzgerald,7.944742361704509
2,melville,1636,twain,7.665752092997233
2,melville,1637,train,3.070711040496826
2,melville,1637,baum,7.767865180969238
2,melville,1637,thompson,8.102993369102478
2,melville,1637,dickens,7.36625599861145
2,melville,1637,melville,6.967970728874207
2,melville,1637,wells,8.075249473253885
2,melville,1637,austen,7.809657096862793
2,melville,1637,fitzgerald,7.949339548746745
2,melville,1637,twain,7.667733589808146
2,melville,1638,train,3.0732608795166017
2,melville,1638,baum,7.754281163215637
2,melville,1638,thompson,8.080873012542725
2,melville,1638,dickens,7.351956446965535
2,melville,1638,melville,6.962603211402893
2,melville,1638,wells,8.052120963732401
2,melville,1638,austen,7.7970263957977295
2,melville,1638,fitzgerald,7.931052923202515
2,melville,1638,twain,7.655622561772664
2,melville,1639,train,3.0616321563720703
2,melville,1639,baum,7.753094911575317
2,melville,1639,thompson,8.078053712844849
2,melville,1639,dickens,7.359684507052104
2,melville,1639,melville,6.949083646138509
2,melville,1639,wells,8.02955687046051
2,melville,1639,austen,7.789973020553589
2,melville,1639,fitzgerald,7.924833615620931
2,melville,1639,twain,7.650707483291626
2,melville,1640,train,3.090300178527832
2,melville,1640,baum,7.767143487930298
2,melville,1640,thompson,8.095913290977478
2,melville,1640,dickens,7.36873475710551
2,melville,1640,melville,6.966834465662639
2,melville,1640,wells,8.058112661043802
2,melville,1640,austen,7.802351236343384
2,melville,1640,fitzgerald,7.944669644037883
2,melville,1640,twain,7.670073827107747
2,melville,1641,train,3.0609814643859865
2,melville,1641,baum,7.7583619356155396
2,melville,1641,thompson,8.08535385131836
2,melville,1641,dickens,7.352181871732076
2,melville,1641,melville,6.953120509783427
2,melville,1641,wells,8.036808292071024
2,melville,1641,austen,7.788678884506226
2,melville,1641,fitzgerald,7.9333720207214355
2,melville,1641,twain,7.650820970535278
2,melville,1642,train,3.053147554397583
2,melville,1642,baum,7.814599275588989
2,melville,1642,thompson,8.139988422393799
2,melville,1642,dickens,7.390161911646525
2,melville,1642,melville,6.989327232042949
2,melville,1642,wells,8.105766137441
2,melville,1642,austen,7.836979866027832
2,melville,1642,fitzgerald,7.982371966044108
2,melville,1642,twain,7.697347164154053
2,melville,1643,train,3.077249622344971
2,melville,1643,baum,7.773528575897217
2,melville,1643,thompson,8.097872972488403
2,melville,1643,dickens,7.369881788889567
2,melville,1643,melville,6.961344877878825
2,melville,1643,wells,8.061386028925577
2,melville,1643,austen,7.799565553665161
2,melville,1643,fitzgerald,7.942148923873901
2,melville,1643,twain,7.672841707865397
2,melville,1644,train,3.078384590148926
2,melville,1644,baum,7.764254212379456
2,melville,1644,thompson,8.091705441474915
2,melville,1644,dickens,7.36926547686259
2,melville,1644,melville,6.969668706258138
2,melville,1644,wells,8.062169949213663
2,melville,1644,austen,7.8117995262146
2,melville,1644,fitzgerald,7.942124684651692
2,melville,1644,twain,7.677802006403605
2,melville,1645,train,3.058566045761109
2,melville,1645,baum,7.788103461265564
2,melville,1645,thompson,8.115229725837708
2,melville,1645,dickens,7.38798201084137
2,melville,1645,melville,6.985022147496541
2,melville,1645,wells,8.086047291755676
2,melville,1645,austen,7.820212125778198
2,melville,1645,fitzgerald,7.961217641830444
2,melville,1645,twain,7.690918842951457
2,melville,1646,train,3.062059497833252
2,melville,1646,baum,7.785904049873352
2,melville,1646,thompson,8.1136554479599
2,melville,1646,dickens,7.370951215426127
2,melville,1646,melville,6.968557198842366
2,melville,1646,wells,8.076836744944254
2,melville,1646,austen,7.804960489273071
2,melville,1646,fitzgerald,7.956092437108357
2,melville,1646,twain,7.676345507303874
2,melville,1647,train,3.0456821441650392
2,melville,1647,baum,7.79439103603363
2,melville,1647,thompson,8.127769589424133
2,melville,1647,dickens,7.385514140129089
2,melville,1647,melville,6.97812028725942
2,melville,1647,wells,8.088199297587076
2,melville,1647,austen,7.825942277908325
2,melville,1647,fitzgerald,7.966203927993774
2,melville,1647,twain,7.689538240432739
2,melville,1648,train,3.0639970779418944
2,melville,1648,baum,7.785948872566223
2,melville,1648,thompson,8.116715431213379
2,melville,1648,dickens,7.378952145576477
2,melville,1648,melville,6.976513902346293
2,melville,1648,wells,8.083300034205118
2,melville,1648,austen,7.824649572372436
2,melville,1648,fitzgerald,7.957105318705241
2,melville,1648,twain,7.687894741694133
2,melville,1649,train,3.0853036880493163
2,melville,1649,baum,7.78319525718689
2,melville,1649,thompson,8.10022246837616
2,melville,1649,dickens,7.372921228408813
2,melville,1649,melville,6.967284758885701
2,melville,1649,wells,8.070490598678589
2,melville,1649,austen,7.818190097808838
2,melville,1649,fitzgerald,7.946215550104777
2,melville,1649,twain,7.680044333140056
2,melville,1650,train,3.063588380813598
2,melville,1650,baum,7.799527287483215
2,melville,1650,thompson,8.133514165878296
2,melville,1650,dickens,7.39131760597229
2,melville,1650,melville,6.990119357903798
2,melville,1650,wells,8.110499660174051
2,melville,1650,austen,7.852583646774292
2,melville,1650,fitzgerald,7.978961229324341
2,melville,1650,twain,7.699025630950928
2,melville,1651,train,3.060851526260376
2,melville,1651,baum,7.773441791534424
2,melville,1651,thompson,8.09881842136383
2,melville,1651,dickens,7.379067142804463
2,melville,1651,melville,6.970181783040364
2,melville,1651,wells,8.06607174873352
2,melville,1651,austen,7.810669183731079
2,melville,1651,fitzgerald,7.946797450383504
2,melville,1651,twain,7.675082286198934
2,melville,1652,train,3.0441726207733155
2,melville,1652,baum,7.796846508979797
2,melville,1652,thompson,8.112162232398987
2,melville,1652,dickens,7.386869351069133
2,melville,1652,melville,6.97184693813324
2,melville,1652,wells,8.083560585975647
2,melville,1652,austen,7.830212593078613
2,melville,1652,fitzgerald,7.964982112248738
2,melville,1652,twain,7.689282496770223
2,melville,1653,train,3.0691208839416504
2,melville,1653,baum,7.775879383087158
2,melville,1653,thompson,8.10673451423645
2,melville,1653,dickens,7.369922518730164
2,melville,1653,melville,6.97110786040624
2,melville,1653,wells,8.070021867752075
2,melville,1653,austen,7.812135934829712
2,melville,1653,fitzgerald,7.9503975709279375
2,melville,1653,twain,7.67762565612793
2,melville,1654,train,3.0577777862548827
2,melville,1654,baum,7.799679160118103
2,melville,1654,thompson,8.135138750076294
2,melville,1654,dickens,7.389813224474589
2,melville,1654,melville,6.990836938222249
2,melville,1654,wells,8.101986567179361
2,melville,1654,austen,7.830895185470581
2,melville,1654,fitzgerald,7.977646509806315
2,melville,1654,twain,7.702013969421387
2,melville,1655,train,3.0559394359588623
2,melville,1655,baum,7.809678435325623
2,melville,1655,thompson,8.1355459690094
2,melville,1655,dickens,7.392269293467204
2,melville,1655,melville,6.987701714038849
2,melville,1655,wells,8.099188288052877
2,melville,1655,austen,7.829197883605957
2,melville,1655,fitzgerald,7.977123339970906
2,melville,1655,twain,7.69990340868632
2,melville,1656,train,3.028463888168335
2,melville,1656,baum,7.801892518997192
2,melville,1656,thompson,8.13009762763977
2,melville,1656,dickens,7.384643793106079
2,melville,1656,melville,6.987990240255992
2,melville,1656,wells,8.09915566444397
2,melville,1656,austen,7.832044124603271
2,melville,1656,fitzgerald,7.979534864425659
2,melville,1656,twain,7.694377501805623
2,melville,1657,train,3.095236825942993
2,melville,1657,baum,7.785649418830872
2,melville,1657,thompson,8.104884386062622
2,melville,1657,dickens,7.37952983379364
2,melville,1657,melville,6.9716752370198565
2,melville,1657,wells,8.068786064783732
2,melville,1657,austen,7.810417652130127
2,melville,1657,fitzgerald,7.954766829808553
2,melville,1657,twain,7.681947708129883
2,melville,1658,train,3.0580090522766112
2,melville,1658,baum,7.77367901802063
2,melville,1658,thompson,8.097631573677063
2,melville,1658,dickens,7.362975756327311
2,melville,1658,melville,6.962639570236206
2,melville,1658,wells,8.053125103314718
2,melville,1658,austen,7.795833826065063
2,melville,1658,fitzgerald,7.95054833094279
2,melville,1658,twain,7.674355904261271
2,melville,1659,train,3.0346666812896728
2,melville,1659,baum,7.78225314617157
2,melville,1659,thompson,8.116892099380493
2,melville,1659,dickens,7.373967846234639
2,melville,1659,melville,6.973443984985352
2,melville,1659,wells,8.074225306510925
2,melville,1659,austen,7.814974784851074
2,melville,1659,fitzgerald,7.962270021438599
2,melville,1659,twain,7.6852437655131025
2,melville,1660,train,3.0277688026428224
2,melville,1660,baum,7.787769198417664
2,melville,1660,thompson,8.121337056159973
2,melville,1660,dickens,7.381046692530314
2,melville,1660,melville,6.968656698862712
2,melville,1660,wells,8.084126671155294
2,melville,1660,austen,7.823452472686768
2,melville,1660,fitzgerald,7.968830029169719
2,melville,1660,twain,7.686619202295939
2,melville,1661,train,3.03297815322876
2,melville,1661,baum,7.809211611747742
2,melville,1661,thompson,8.131808042526245
2,melville,1661,dickens,7.393655816713969
2,melville,1661,melville,6.995897809664409
2,melville,1661,wells,8.111144622166952
2,melville,1661,austen,7.8390052318573
2,melville,1661,fitzgerald,7.981331586837768
2,melville,1661,twain,7.700571457544963
2,melville,1662,train,3.036736869812012
2,melville,1662,baum,7.8176504373550415
2,melville,1662,thompson,8.146619081497192
2,melville,1662,dickens,7.404316067695618
2,melville,1662,melville,6.999529182910919
2,melville,1662,wells,8.118656635284424
2,melville,1662,austen,7.847064256668091
2,melville,1662,fitzgerald,7.9891079266866045
2,melville,1662,twain,7.709782838821411
2,melville,1663,train,3.0462135791778566
2,melville,1663,baum,7.802091002464294
2,melville,1663,thompson,8.128519535064697
2,melville,1663,dickens,7.390935103098552
2,melville,1663,melville,6.979015111923218
2,melville,1663,wells,8.099597573280334
2,melville,1663,austen,7.830203294754028
2,melville,1663,fitzgerald,7.979376157124837
2,melville,1663,twain,7.697870175043742
2,melville,1664,train,3.009010887145996
2,melville,1664,baum,7.793493628501892
2,melville,1664,thompson,8.118665337562561
2,melville,1664,dickens,7.382681369781494
2,melville,1664,melville,6.982345700263977
2,melville,1664,wells,8.09363877773285
2,melville,1664,austen,7.835350275039673
2,melville,1664,fitzgerald,7.972270568211873
2,melville,1664,twain,7.691844940185547
2,melville,1665,train,3.0421448707580567
2,melville,1665,baum,7.801007270812988
2,melville,1665,thompson,8.135567665100098
2,melville,1665,dickens,7.398193120956421
2,melville,1665,melville,6.987801174322764
2,melville,1665,wells,8.105982979138693
2,melville,1665,austen,7.841299533843994
2,melville,1665,fitzgerald,7.976514180501302
2,melville,1665,twain,7.7011485894521075
2,melville,1666,train,3.05469651222229
2,melville,1666,baum,7.796585559844971
2,melville,1666,thompson,8.116188764572144
2,melville,1666,dickens,7.385498841603597
2,melville,1666,melville,6.977536996205648
2,melville,1666,wells,8.088827768961588
2,melville,1666,austen,7.822837829589844
2,melville,1666,fitzgerald,7.965342919031779
2,melville,1666,twain,7.691519657770793
2,melville,1667,train,2.9998437404632567
2,melville,1667,baum,7.812168598175049
2,melville,1667,thompson,8.136678695678711
2,melville,1667,dickens,7.394044677416484
2,melville,1667,melville,6.989957431952159
2,melville,1667,wells,8.107555270195007
2,melville,1667,austen,7.839599609375
2,melville,1667,fitzgerald,7.983927726745605
2,melville,1667,twain,7.699192047119141
