seed,train_author,epochs_completed,loss_dataset,loss_value
4,melville,0,baum,10.842944860458374
4,melville,0,thompson,10.84738826751709
4,melville,0,dickens,10.85984272427029
4,melville,0,melville,10.852771377563476
4,melville,0,wells,10.84219455718994
4,melville,0,austen,10.841504096984863
4,melville,0,fitzgerald,10.844188849131266
4,melville,0,twain,10.827001452445984
4,melville,1,train,10.723827362060549
4,melville,1,baum,10.621361494064333
4,melville,1,thompson,10.63373351097107
4,melville,1,dickens,10.616099463568794
4,melville,1,melville,10.61881685256958
4,melville,1,wells,10.609638929367064
4,melville,1,austen,10.626697699228922
4,melville,1,fitzgerald,10.641916275024414
4,melville,1,twain,10.61704045534134
4,melville,2,train,10.569703578948976
4,melville,2,baum,10.530155658721924
4,melville,2,thompson,10.546162843704224
4,melville,2,dickens,10.525935879460087
4,melville,2,melville,10.527870559692383
4,melville,2,wells,10.51760983467102
4,melville,2,austen,10.536089420318604
4,melville,2,fitzgerald,10.55525541305542
4,melville,2,twain,10.530109167099
4,melville,3,train,10.483476161956789
4,melville,3,baum,10.459937572479248
4,melville,3,thompson,10.479448556900024
4,melville,3,dickens,10.45719630629928
4,melville,3,melville,10.457304573059082
4,melville,3,wells,10.447202444076538
4,melville,3,austen,10.463249524434408
4,melville,3,fitzgerald,10.488605658213295
4,melville,3,twain,10.463696837425232
4,melville,4,train,10.409428000450134
4,melville,4,baum,10.39382004737854
4,melville,4,thompson,10.41371774673462
4,melville,4,dickens,10.387427577265989
4,melville,4,melville,10.388055801391602
4,melville,4,wells,10.377841711044312
4,melville,4,austen,10.391775290171305
4,melville,4,fitzgerald,10.422037124633787
4,melville,4,twain,10.398338675498962
4,melville,5,train,10.334439158439636
4,melville,5,baum,10.32483172416687
4,melville,5,thompson,10.345219373703005
4,melville,5,dickens,10.316639758922436
4,melville,5,melville,10.31610107421875
4,melville,5,wells,10.306056022644045
4,melville,5,austen,10.31862703959147
4,melville,5,fitzgerald,10.352997620900473
4,melville,5,twain,10.331645488739014
4,melville,6,train,10.260435700416563
4,melville,6,baum,10.25410223007202
4,melville,6,thompson,10.274715423583984
4,melville,6,dickens,10.245165012500904
4,melville,6,melville,10.244064712524414
4,melville,6,wells,10.231693983078005
4,melville,6,austen,10.243214766184488
4,melville,6,fitzgerald,10.281879583994549
4,melville,6,twain,10.261743903160095
4,melville,7,train,10.180142521858215
4,melville,7,baum,10.180427551269531
4,melville,7,thompson,10.203474760055542
4,melville,7,dickens,10.170517638877586
4,melville,7,melville,10.16995449066162
4,melville,7,wells,10.156559228897097
4,melville,7,austen,10.16664950052897
4,melville,7,fitzgerald,10.208540598551432
4,melville,7,twain,10.191987693309784
4,melville,8,train,10.104848980903624
4,melville,8,baum,10.106483221054075
4,melville,8,thompson,10.131479024887083
4,melville,8,dickens,10.096276848404496
4,melville,8,melville,10.09604549407959
4,melville,8,wells,10.079842329025269
4,melville,8,austen,10.089974085489908
4,melville,8,fitzgerald,10.135284423828123
4,melville,8,twain,10.12019258737564
4,melville,9,train,10.027769327163696
4,melville,9,baum,10.03217339515686
4,melville,9,thompson,10.059708833694458
4,melville,9,dickens,10.021418465508354
4,melville,9,melville,10.021014308929445
4,melville,9,wells,10.004767179489136
4,melville,9,austen,10.01326290766398
4,melville,9,fitzgerald,10.061500708262123
4,melville,9,twain,10.049445569515228
4,melville,10,train,9.945401430130005
4,melville,10,baum,9.95849108695984
4,melville,10,thompson,9.98826026916504
4,melville,10,dickens,9.946731602704084
4,melville,10,melville,9.946110439300536
4,melville,10,wells,9.929208993911743
4,melville,10,austen,9.936566988627115
4,melville,10,fitzgerald,9.988525867462158
4,melville,10,twain,9.979754149913788
4,melville,11,train,9.86763060092926
4,melville,11,baum,9.8857102394104
4,melville,11,thompson,9.919137477874756
4,melville,11,dickens,9.873351556283456
4,melville,11,melville,9.87156801223755
4,melville,11,wells,9.855708599090576
4,melville,11,austen,9.860410849253336
4,melville,11,fitzgerald,9.916988849639893
4,melville,11,twain,9.911101162433624
4,melville,12,train,9.795626640319824
4,melville,12,baum,9.810269594192505
4,melville,12,thompson,9.846906900405884
4,melville,12,dickens,9.79986282631203
4,melville,12,melville,9.797415351867675
4,melville,12,wells,9.779099702835085
4,melville,12,austen,9.784754435221354
4,melville,12,fitzgerald,9.842361609141031
4,melville,12,twain,9.840458452701569
4,melville,13,train,9.716742873191832
4,melville,13,baum,9.739863634109495
4,melville,13,thompson,9.77895975112915
4,melville,13,dickens,9.72888081162064
4,melville,13,melville,9.723342609405517
4,melville,13,wells,9.708945512771606
4,melville,13,austen,9.710344155629477
4,melville,13,fitzgerald,9.773598512013754
4,melville,13,twain,9.773742258548737
4,melville,14,train,9.638519287109377
4,melville,14,baum,9.66995334625244
4,melville,14,thompson,9.710610151290894
4,melville,14,dickens,9.657954110039604
4,melville,14,melville,9.651270198822022
4,melville,14,wells,9.63630723953247
4,melville,14,austen,9.636970202128092
4,melville,14,fitzgerald,9.70314359664917
4,melville,14,twain,9.70650714635849
4,melville,15,train,9.564040422439575
4,melville,15,baum,9.59949827194214
4,melville,15,thompson,9.642337799072266
4,melville,15,dickens,9.58825393959328
4,melville,15,melville,9.58036241531372
4,melville,15,wells,9.56538438796997
4,melville,15,austen,9.563957850138346
4,melville,15,fitzgerald,9.634074529012045
4,melville,15,twain,9.639703810214996
4,melville,16,train,9.491591095924376
4,melville,16,baum,9.531296014785768
4,melville,16,thompson,9.575912475585938
4,melville,16,dickens,9.519955458464446
4,melville,16,melville,9.51036033630371
4,melville,16,wells,9.495399951934814
4,melville,16,austen,9.492249011993408
4,melville,16,fitzgerald,9.56640593210856
4,melville,16,twain,9.574347019195557
4,melville,17,train,9.419172883033752
4,melville,17,baum,9.464359283447266
4,melville,17,thompson,9.511023998260498
4,melville,17,dickens,9.453260139182762
4,melville,17,melville,9.441759967803955
4,melville,17,wells,9.427682161331177
4,melville,17,austen,9.422544638315836
4,melville,17,fitzgerald,9.500367959340414
4,melville,17,twain,9.511238992214205
4,melville,18,train,9.347925424575806
4,melville,18,baum,9.399471998214722
4,melville,18,thompson,9.447296619415283
4,melville,18,dickens,9.388714719701696
4,melville,18,melville,9.373912143707276
4,melville,18,wells,9.360672235488892
4,melville,18,austen,9.353182951609291
4,melville,18,fitzgerald,9.435606320699057
4,melville,18,twain,9.448305308818815
4,melville,19,train,9.270946145057678
4,melville,19,baum,9.333844184875488
4,melville,19,thompson,9.384167909622192
4,melville,19,dickens,9.32321438965974
4,melville,19,melville,9.307598114013672
4,melville,19,wells,9.293494939804075
4,melville,19,austen,9.28417460123698
4,melville,19,fitzgerald,9.369672298431396
4,melville,19,twain,9.386372685432434
4,melville,20,train,9.212823867797852
4,melville,20,baum,9.2679181098938
4,melville,20,thompson,9.32112979888916
4,melville,20,dickens,9.260065891124585
4,melville,20,melville,9.242064094543457
4,melville,20,wells,9.228060007095335
4,melville,20,austen,9.216537793477375
4,melville,20,fitzgerald,9.30574623743693
4,melville,20,twain,9.325317442417145
4,melville,21,train,9.139408230781555
4,melville,21,baum,9.205044746398926
4,melville,21,thompson,9.259730577468872
4,melville,21,dickens,9.197896639506022
4,melville,21,melville,9.178960514068605
4,melville,21,wells,9.162594079971312
4,melville,21,austen,9.149784247080484
4,melville,21,fitzgerald,9.24268086751302
4,melville,21,twain,9.264226198196411
4,melville,22,train,9.07702624797821
4,melville,22,baum,9.143262147903442
4,melville,22,thompson,9.200634002685549
4,melville,22,dickens,9.136466238233778
4,melville,22,melville,9.115829753875731
4,melville,22,wells,9.10056209564209
4,melville,22,austen,9.085074583689371
4,melville,22,fitzgerald,9.181976636250814
4,melville,22,twain,9.206585943698885
4,melville,23,train,9.007266521453856
4,melville,23,baum,9.081743717193604
4,melville,23,thompson,9.141808986663818
4,melville,23,dickens,9.076474790219908
4,melville,23,melville,9.053735160827635
4,melville,23,wells,9.039052724838257
4,melville,23,austen,9.021360079447428
4,melville,23,fitzgerald,9.121439456939695
4,melville,23,twain,9.149309813976288
4,melville,24,train,8.934255242347717
4,melville,24,baum,9.022350549697876
4,melville,24,thompson,9.083410024642944
4,melville,24,dickens,9.016519475866248
4,melville,24,melville,8.993301963806152
4,melville,24,wells,8.976782083511353
4,melville,24,austen,8.957447052001953
4,melville,24,fitzgerald,9.061022917429606
4,melville,24,twain,9.091641902923584
4,melville,25,train,8.87899649143219
4,melville,25,baum,8.964218854904175
4,melville,25,thompson,9.0276198387146
4,melville,25,dickens,8.957695572464555
4,melville,25,melville,8.934085369110107
4,melville,25,wells,8.91698956489563
4,melville,25,austen,8.894595305124918
4,melville,25,fitzgerald,9.00287119547526
4,melville,25,twain,9.03628295660019
4,melville,26,train,8.819332599639893
4,melville,26,baum,8.906004428863525
4,melville,26,thompson,8.972013235092163
4,melville,26,dickens,8.90001395896629
4,melville,26,melville,8.875902271270752
4,melville,26,wells,8.857610940933228
4,melville,26,austen,8.833274046579996
4,melville,26,fitzgerald,8.945369879404703
4,melville,26,twain,8.98205441236496
4,melville,27,train,8.74830937385559
4,melville,27,baum,8.847537517547607
4,melville,27,thompson,8.916992425918579
4,melville,27,dickens,8.843276447719997
4,melville,27,melville,8.81883430480957
4,melville,27,wells,8.7998788356781
4,melville,27,austen,8.772981643676758
4,melville,27,fitzgerald,8.888134797414144
4,melville,27,twain,8.929371416568756
4,melville,28,train,8.703136801719666
4,melville,28,baum,8.792984008789062
4,melville,28,thompson,8.863861083984375
4,melville,28,dickens,8.78761390403465
4,melville,28,melville,8.763907432556152
4,melville,28,wells,8.741608619689941
4,melville,28,austen,8.713892777760824
4,melville,28,fitzgerald,8.832787036895752
4,melville,28,twain,8.87604135274887
4,melville,29,train,8.634131073951721
4,melville,29,baum,8.738434553146362
4,melville,29,thompson,8.812325477600098
4,melville,29,dickens,8.734363238016764
4,melville,29,melville,8.709381008148194
4,melville,29,wells,8.68663501739502
4,melville,29,austen,8.656484921773275
4,melville,29,fitzgerald,8.77957264582316
4,melville,29,twain,8.825698852539062
4,melville,30,train,8.57613205909729
4,melville,30,baum,8.686256408691406
4,melville,30,thompson,8.761020421981812
4,melville,30,dickens,8.681584888034397
4,melville,30,melville,8.655664348602295
4,melville,30,wells,8.63083028793335
4,melville,30,austen,8.599814573923746
4,melville,30,fitzgerald,8.726062774658203
4,melville,30,twain,8.774968981742859
4,melville,31,train,8.533589005470276
4,melville,31,baum,8.633379697799683
4,melville,31,thompson,8.710780620574951
4,melville,31,dickens,8.629928800794813
4,melville,31,melville,8.602841567993163
4,melville,31,wells,8.577634572982788
4,melville,31,austen,8.545325120290121
4,melville,31,fitzgerald,8.674633502960205
4,melville,31,twain,8.72642207145691
4,melville,32,train,8.474335432052612
4,melville,32,baum,8.581953763961792
4,melville,32,thompson,8.661548852920532
4,melville,32,dickens,8.579312607094094
4,melville,32,melville,8.550806713104247
4,melville,32,wells,8.524461030960083
4,melville,32,austen,8.49183718363444
4,melville,32,fitzgerald,8.623635450998941
4,melville,32,twain,8.67831552028656
4,melville,33,train,8.41410756111145
4,melville,33,baum,8.534629821777344
4,melville,33,thompson,8.615050315856934
4,melville,33,dickens,8.52949047088623
4,melville,33,melville,8.500897407531738
4,melville,33,wells,8.473574161529541
4,melville,33,austen,8.439801375071207
4,melville,33,fitzgerald,8.575645764668783
4,melville,33,twain,8.630959570407867
4,melville,34,train,8.359871745109558
4,melville,34,baum,8.48623776435852
4,melville,34,thompson,8.569350242614746
4,melville,34,dickens,8.48173459370931
4,melville,34,melville,8.451202392578125
4,melville,34,wells,8.42471694946289
4,melville,34,austen,8.388825257619223
4,melville,34,fitzgerald,8.528820355733236
4,melville,34,twain,8.585751593112946
4,melville,35,train,8.312195777893066
4,melville,35,baum,8.438116788864136
4,melville,35,thompson,8.523831605911255
4,melville,35,dickens,8.434559928046333
4,melville,35,melville,8.402734375
4,melville,35,wells,8.37520432472229
4,melville,35,austen,8.337938944498697
4,melville,35,fitzgerald,8.480478127797445
4,melville,35,twain,8.54136598110199
4,melville,36,train,8.274318933486938
4,melville,36,baum,8.391977787017822
4,melville,36,thompson,8.480276584625244
4,melville,36,dickens,8.389032222606518
4,melville,36,melville,8.356063747406006
4,melville,36,wells,8.327702283859253
4,melville,36,austen,8.289057413736979
4,melville,36,fitzgerald,8.435384432474772
4,melville,36,twain,8.497499346733093
4,melville,37,train,8.21426773071289
4,melville,37,baum,8.347541093826294
4,melville,37,thompson,8.437293767929077
4,melville,37,dickens,8.343550010963723
4,melville,37,melville,8.310804557800292
4,melville,37,wells,8.280531406402588
4,melville,37,austen,8.240535100301107
4,melville,37,fitzgerald,8.390212376912435
4,melville,37,twain,8.454094409942627
4,melville,38,train,8.1659574508667
4,melville,38,baum,8.303323745727539
4,melville,38,thompson,8.39621877670288
4,melville,38,dickens,8.300320695947718
4,melville,38,melville,8.265635967254639
4,melville,38,wells,8.235899686813354
4,melville,38,austen,8.193568070729574
4,melville,38,fitzgerald,8.347682158152262
4,melville,38,twain,8.413760721683502
4,melville,39,train,8.134607672691345
4,melville,39,baum,8.26003885269165
4,melville,39,thompson,8.355074644088745
4,melville,39,dickens,8.257420363249603
4,melville,39,melville,8.22264461517334
4,melville,39,wells,8.1906156539917
4,melville,39,austen,8.147489388783773
4,melville,39,fitzgerald,8.304998079935709
4,melville,39,twain,8.372456789016724
4,melville,40,train,8.085153222084045
4,melville,40,baum,8.218025922775269
4,melville,40,thompson,8.314835786819458
4,melville,40,dickens,8.214705149332682
4,melville,40,melville,8.181105518341065
4,melville,40,wells,8.146663665771484
4,melville,40,austen,8.102758407592773
4,melville,40,fitzgerald,8.26353391011556
4,melville,40,twain,8.332366466522217
4,melville,41,train,8.030395209789276
4,melville,41,baum,8.177396059036255
4,melville,41,thompson,8.276856899261475
4,melville,41,dickens,8.17443271919533
4,melville,41,melville,8.140848636627197
4,melville,41,wells,8.104259967803955
4,melville,41,austen,8.05947494506836
4,melville,41,fitzgerald,8.223820527394613
4,melville,41,twain,8.294275879859924
4,melville,42,train,7.984391093254089
4,melville,42,baum,8.136711597442627
4,melville,42,thompson,8.238232612609863
4,melville,42,dickens,8.134248239022714
4,melville,42,melville,8.10113959312439
4,melville,42,wells,8.061760306358337
4,melville,42,austen,8.015844027201334
4,melville,42,fitzgerald,8.183504104614258
4,melville,42,twain,8.256151974201202
4,melville,43,train,7.940832555294037
4,melville,43,baum,8.096558809280396
4,melville,43,thompson,8.200573921203613
4,melville,43,dickens,8.09569286417078
4,melville,43,melville,8.06251769065857
4,melville,43,wells,8.020451545715332
4,melville,43,austen,7.973106622695923
4,melville,43,fitzgerald,8.143492857615152
4,melville,43,twain,8.218839764595032
4,melville,44,train,7.896316289901733
4,melville,44,baum,8.058284163475037
4,melville,44,thompson,8.164686679840088
4,melville,44,dickens,8.057646680761266
4,melville,44,melville,8.02448754310608
4,melville,44,wells,7.981086492538452
4,melville,44,austen,7.932764291763306
4,melville,44,fitzgerald,8.106073458989462
4,melville,44,twain,8.183446288108826
4,melville,45,train,7.860868453979492
4,melville,45,baum,8.021439790725708
4,melville,45,thompson,8.129976749420166
4,melville,45,dickens,8.019610970108598
4,melville,45,melville,7.987255096435547
4,melville,45,wells,7.942166805267334
4,melville,45,austen,7.8927130699157715
4,melville,45,fitzgerald,8.069159110387167
4,melville,45,twain,8.148349583148956
4,melville,46,train,7.804481863975525
4,melville,46,baum,7.985859990119934
4,melville,46,thompson,8.096502780914307
4,melville,46,dickens,7.983012517293294
4,melville,46,melville,7.952104282379151
4,melville,46,wells,7.904170274734497
4,melville,46,austen,7.853962580362956
4,melville,46,fitzgerald,8.033998966217041
4,melville,46,twain,8.114014565944672
4,melville,47,train,7.777426898479462
4,melville,47,baum,7.949328303337097
4,melville,47,thompson,8.062138319015503
4,melville,47,dickens,7.948123808260317
4,melville,47,melville,7.916403961181641
4,melville,47,wells,7.866392135620117
4,melville,47,austen,7.815319935480754
4,melville,47,fitzgerald,7.997415383656819
4,melville,47,twain,8.080398678779602
4,melville,48,train,7.732744038105011
4,melville,48,baum,7.914903402328491
4,melville,48,thompson,8.029987692832947
4,melville,48,dickens,7.913754480856436
4,melville,48,melville,7.882435083389282
4,melville,48,wells,7.829698204994202
4,melville,48,austen,7.777657747268677
4,melville,48,fitzgerald,7.963200966517131
4,melville,48,twain,8.047751635313034
4,melville,49,train,7.706765174865723
4,melville,49,baum,7.88121771812439
4,melville,49,thompson,7.99868643283844
4,melville,49,dickens,7.880637504436351
4,melville,49,melville,7.849120092391968
4,melville,49,wells,7.794670104980469
4,melville,49,austen,7.742165803909302
4,melville,49,fitzgerald,7.930678447087605
4,melville,49,twain,8.016440480947495
4,melville,50,train,7.668136298656464
4,melville,50,baum,7.84884512424469
4,melville,50,thompson,7.9683356285095215
4,melville,50,dickens,7.847670643417923
4,melville,50,melville,7.816168117523193
4,melville,50,wells,7.759871959686279
4,melville,50,austen,7.70686920483907
4,melville,50,fitzgerald,7.898520946502685
4,melville,50,twain,7.9853635430336
4,melville,51,train,7.661706626415253
4,melville,51,baum,7.817294001579285
4,melville,51,thompson,7.939456939697266
4,melville,51,dickens,7.816039350297716
4,melville,51,melville,7.783552408218384
4,melville,51,wells,7.727389454841614
4,melville,51,austen,7.673580328623454
4,melville,51,fitzgerald,7.868075052897136
4,melville,51,twain,7.955683767795563
4,melville,52,train,7.596526861190796
4,melville,52,baum,7.787210941314697
4,melville,52,thompson,7.910818934440613
4,melville,52,dickens,7.785442705507632
4,melville,52,melville,7.752469158172607
4,melville,52,wells,7.694091320037842
4,melville,52,austen,7.639793713887532
4,melville,52,fitzgerald,7.837195078531901
4,melville,52,twain,7.925882637500763
4,melville,53,train,7.568792521953583
4,melville,53,baum,7.756810426712036
4,melville,53,thompson,7.88324773311615
4,melville,53,dickens,7.756381970864755
4,melville,53,melville,7.7218443870544435
4,melville,53,wells,7.66286826133728
4,melville,53,austen,7.608062108357747
4,melville,53,fitzgerald,7.808440049489339
4,melville,53,twain,7.89773827791214
4,melville,54,train,7.542188405990601
4,melville,54,baum,7.728507876396179
4,melville,54,thompson,7.857042670249939
4,melville,54,dickens,7.727367630711308
4,melville,54,melville,7.692875289916992
4,melville,54,wells,7.632376790046692
4,melville,54,austen,7.5772758324941
4,melville,54,fitzgerald,7.780791997909546
4,melville,54,twain,7.870726555585861
4,melville,55,train,7.507844924926758
4,melville,55,baum,7.700002193450928
4,melville,55,thompson,7.830798983573914
4,melville,55,dickens,7.699751871603507
4,melville,55,melville,7.664424467086792
4,melville,55,wells,7.60223913192749
4,melville,55,austen,7.5468863646189375
4,melville,55,fitzgerald,7.753182172775267
4,melville,55,twain,7.843747407197952
4,melville,56,train,7.49483847618103
4,melville,56,baum,7.673213839530945
4,melville,56,thompson,7.805662155151367
4,melville,56,dickens,7.672751868212664
4,melville,56,melville,7.636311435699463
4,melville,56,wells,7.572997570037842
4,melville,56,austen,7.517900387446086
4,melville,56,fitzgerald,7.726667960484822
4,melville,56,twain,7.818039089441299
4,melville,57,train,7.442288279533386
4,melville,57,baum,7.646803021430969
4,melville,57,thompson,7.780876398086548
4,melville,57,dickens,7.647051175435384
4,melville,57,melville,7.609173440933228
4,melville,57,wells,7.545275688171387
4,melville,57,austen,7.489590247472127
4,melville,57,fitzgerald,7.7010477383931475
4,melville,57,twain,7.792951613664627
4,melville,58,train,7.421573460102081
4,melville,58,baum,7.620479822158813
4,melville,58,thompson,7.757347822189331
4,melville,58,dickens,7.622771227801287
4,melville,58,melville,7.581839179992675
4,melville,58,wells,7.519123315811157
4,melville,58,austen,7.463310877482097
4,melville,58,fitzgerald,7.677346388498942
4,melville,58,twain,7.769817322492599
4,melville,59,train,7.390851497650146
4,melville,59,baum,7.594555854797363
4,melville,59,thompson,7.733734726905823
4,melville,59,dickens,7.597576088375515
4,melville,59,melville,7.555306339263916
4,melville,59,wells,7.491901755332947
4,melville,59,austen,7.436090628306071
4,melville,59,fitzgerald,7.651675542195638
4,melville,59,twain,7.745455116033554
4,melville,60,train,7.350162386894226
4,melville,60,baum,7.57039475440979
4,melville,60,thompson,7.711692094802856
4,melville,60,dickens,7.5740498790034545
4,melville,60,melville,7.529998302459717
4,melville,60,wells,7.466118097305298
4,melville,60,austen,7.410195271174113
4,melville,60,fitzgerald,7.628137509028117
4,melville,60,twain,7.722719848155975
4,melville,61,train,7.325002133846283
4,melville,61,baum,7.546668767929077
4,melville,61,thompson,7.690416097640991
4,melville,61,dickens,7.550297013035527
4,melville,61,melville,7.505880069732666
4,melville,61,wells,7.440656542778015
4,melville,61,austen,7.385141372680664
4,melville,61,fitzgerald,7.605100313822429
4,melville,61,twain,7.700691640377045
4,melville,62,train,7.301779866218567
4,melville,62,baum,7.524407863616943
4,melville,62,thompson,7.669816374778748
4,melville,62,dickens,7.527001310277869
4,melville,62,melville,7.482981109619141
4,melville,62,wells,7.416070818901062
4,melville,62,austen,7.361264228820801
4,melville,62,fitzgerald,7.582509438196818
4,melville,62,twain,7.679192036390305
4,melville,63,train,7.297422409057617
4,melville,63,baum,7.503708481788635
4,melville,63,thompson,7.650159358978271
4,melville,63,dickens,7.504532195903637
4,melville,63,melville,7.461013793945312
4,melville,63,wells,7.392000079154968
4,melville,63,austen,7.337968508402507
4,melville,63,fitzgerald,7.561547199885051
4,melville,63,twain,7.6581593453884125
4,melville,64,train,7.264193952083588
4,melville,64,baum,7.483366012573242
4,melville,64,thompson,7.631057024002075
4,melville,64,dickens,7.484300825330946
4,melville,64,melville,7.439320421218872
4,melville,64,wells,7.369252800941467
4,melville,64,austen,7.316208044687907
4,melville,64,fitzgerald,7.5415191650390625
4,melville,64,twain,7.638260275125503
4,melville,65,train,7.230261862277985
4,melville,65,baum,7.463271260261536
4,melville,65,thompson,7.612366199493408
4,melville,65,dickens,7.464532375335693
4,melville,65,melville,7.418724822998047
4,melville,65,wells,7.347468852996826
4,melville,65,austen,7.294957717259725
4,melville,65,fitzgerald,7.522493600845337
4,melville,65,twain,7.619136184453964
4,melville,66,train,7.214575231075287
4,melville,66,baum,7.442880630493164
4,melville,66,thompson,7.594294667243957
4,melville,66,dickens,7.445390065511067
4,melville,66,melville,7.39922022819519
4,melville,66,wells,7.325822949409485
4,melville,66,austen,7.274074792861938
4,melville,66,fitzgerald,7.503271818161011
4,melville,66,twain,7.600303024053574
4,melville,67,train,7.200227975845337
4,melville,67,baum,7.424817800521851
4,melville,67,thompson,7.57741379737854
4,melville,67,dickens,7.426096139130769
4,melville,67,melville,7.379995059967041
4,melville,67,wells,7.305454969406128
4,melville,67,austen,7.253488779067993
4,melville,67,fitzgerald,7.485190391540527
4,melville,67,twain,7.582429498434067
4,melville,68,train,7.157981216907501
4,melville,68,baum,7.406081199645996
4,melville,68,thompson,7.560449838638306
4,melville,68,dickens,7.407375265050818
4,melville,68,melville,7.361870384216308
4,melville,68,wells,7.284823179244995
4,melville,68,austen,7.233096917470296
4,melville,68,fitzgerald,7.465802669525146
4,melville,68,twain,7.564716666936874
4,melville,69,train,7.145352482795715
4,melville,69,baum,7.38823652267456
4,melville,69,thompson,7.54421067237854
4,melville,69,dickens,7.38918850156996
4,melville,69,melville,7.343872880935669
4,melville,69,wells,7.264912843704224
4,melville,69,austen,7.213841438293457
4,melville,69,fitzgerald,7.448037544886271
4,melville,69,twain,7.547594606876373
4,melville,70,train,7.127750754356384
4,melville,70,baum,7.371117472648621
4,melville,70,thompson,7.5283122062683105
4,melville,70,dickens,7.372353359504983
4,melville,70,melville,7.325685358047485
4,melville,70,wells,7.24562394618988
4,melville,70,austen,7.195236206054688
4,melville,70,fitzgerald,7.431125084559123
4,melville,70,twain,7.531330466270447
4,melville,71,train,7.117252171039581
4,melville,71,baum,7.353447437286377
4,melville,71,thompson,7.512471795082092
4,melville,71,dickens,7.354733943939209
4,melville,71,melville,7.307144069671631
4,melville,71,wells,7.227562069892883
4,melville,71,austen,7.177734931310018
4,melville,71,fitzgerald,7.413913091023763
4,melville,71,twain,7.515889137983322
4,melville,72,train,7.100869357585907
4,melville,72,baum,7.335405349731445
4,melville,72,thompson,7.496418118476868
4,melville,72,dickens,7.336595499957049
4,melville,72,melville,7.289129829406738
4,melville,72,wells,7.207326173782349
4,melville,72,austen,7.1597379843393965
4,melville,72,fitzgerald,7.395965178807576
4,melville,72,twain,7.498986154794693
4,melville,73,train,7.082465291023254
4,melville,73,baum,7.318607449531555
4,melville,73,thompson,7.481552243232727
4,melville,73,dickens,7.320999145507812
4,melville,73,melville,7.273056697845459
4,melville,73,wells,7.189710021018982
4,melville,73,austen,7.143123944600423
4,melville,73,fitzgerald,7.37995433807373
4,melville,73,twain,7.483265340328216
4,melville,74,train,7.033886790275574
4,melville,74,baum,7.30264139175415
4,melville,74,thompson,7.467454433441162
4,melville,74,dickens,7.305249532063802
4,melville,74,melville,7.256590795516968
4,melville,74,wells,7.172160387039185
4,melville,74,austen,7.126787106196086
4,melville,74,fitzgerald,7.364602406819661
4,melville,74,twain,7.468634247779846
4,melville,75,train,7.028186321258545
4,melville,75,baum,7.287436008453369
4,melville,75,thompson,7.453457355499268
4,melville,75,dickens,7.290300616511592
4,melville,75,melville,7.241153287887573
4,melville,75,wells,7.154822468757629
4,melville,75,austen,7.110239744186401
4,melville,75,fitzgerald,7.34911831219991
4,melville,75,twain,7.4542794823646545
4,melville,76,train,7.019708514213562
4,melville,76,baum,7.271363139152527
4,melville,76,thompson,7.439610481262207
4,melville,76,dickens,7.2768477510522915
4,melville,76,melville,7.225766372680664
4,melville,76,wells,7.1383525133132935
4,melville,76,austen,7.094835837682088
4,melville,76,fitzgerald,7.334458907445271
4,melville,76,twain,7.440004169940948
4,melville,77,train,7.012060761451721
4,melville,77,baum,7.256437659263611
4,melville,77,thompson,7.426786661148071
4,melville,77,dickens,7.262167718675402
4,melville,77,melville,7.210248327255249
4,melville,77,wells,7.122767210006714
4,melville,77,austen,7.07950218518575
4,melville,77,fitzgerald,7.319907188415527
4,melville,77,twain,7.42682683467865
4,melville,78,train,7.009878098964691
4,melville,78,baum,7.243250489234924
4,melville,78,thompson,7.414877533912659
4,melville,78,dickens,7.248821346848099
4,melville,78,melville,7.195887327194214
4,melville,78,wells,7.107396125793457
4,melville,78,austen,7.065251588821411
4,melville,78,fitzgerald,7.306942065556844
4,melville,78,twain,7.413742542266846
4,melville,79,train,6.95961207151413
4,melville,79,baum,7.230416774749756
4,melville,79,thompson,7.402881741523743
4,melville,79,dickens,7.23568942811754
4,melville,79,melville,7.182617425918579
4,melville,79,wells,7.093003511428833
4,melville,79,austen,7.051607688268025
4,melville,79,fitzgerald,7.294147888819377
4,melville,79,twain,7.401078552007675
4,melville,80,train,6.968646585941315
4,melville,80,baum,7.217372894287109
4,melville,80,thompson,7.391052722930908
4,melville,80,dickens,7.222041077084011
4,melville,80,melville,7.169568967819214
4,melville,80,wells,7.0782341957092285
4,melville,80,austen,7.038013378779094
4,melville,80,fitzgerald,7.281252225240071
4,melville,80,twain,7.388675570487976
4,melville,81,train,6.94336324930191
4,melville,81,baum,7.204041361808777
4,melville,81,thompson,7.379653692245483
4,melville,81,dickens,7.208753267923991
4,melville,81,melville,7.157515287399292
4,melville,81,wells,7.064390063285828
4,melville,81,austen,7.025447289148967
4,melville,81,fitzgerald,7.269217332204183
4,melville,81,twain,7.377567738294601
4,melville,82,train,6.937318503856659
4,melville,82,baum,7.191296219825745
4,melville,82,thompson,7.368430376052856
4,melville,82,dickens,7.196148218931975
4,melville,82,melville,7.145247316360473
4,melville,82,wells,7.050542593002319
4,melville,82,austen,7.013178030649821
4,melville,82,fitzgerald,7.257296085357666
4,melville,82,twain,7.365845024585724
4,melville,83,train,6.902608811855316
4,melville,83,baum,7.179500818252564
4,melville,83,thompson,7.357674956321716
4,melville,83,dickens,7.184930483500163
4,melville,83,melville,7.132859468460083
4,melville,83,wells,7.036514163017273
4,melville,83,austen,7.0007701714833575
4,melville,83,fitzgerald,7.245690266291301
4,melville,83,twain,7.354594469070435
4,melville,84,train,6.9001384973526
4,melville,84,baum,7.167929530143738
4,melville,84,thompson,7.346277117729187
4,melville,84,dickens,7.174397592191343
4,melville,84,melville,7.12062439918518
4,melville,84,wells,7.024073481559753
4,melville,84,austen,6.989386955897014
4,melville,84,fitzgerald,7.234751462936401
4,melville,84,twain,7.343426585197449
4,melville,85,train,6.890656292438507
4,melville,85,baum,7.1576007604599
4,melville,85,thompson,7.337201237678528
4,melville,85,dickens,7.16355562210083
4,melville,85,melville,7.109199380874633
4,melville,85,wells,7.01124382019043
4,melville,85,austen,6.978458007176717
4,melville,85,fitzgerald,7.224374771118164
4,melville,85,twain,7.334001451730728
4,melville,86,train,6.889416694641113
4,melville,86,baum,7.146564960479736
4,melville,86,thompson,7.32829487323761
4,melville,86,dickens,7.153739628968416
4,melville,86,melville,7.098320722579956
4,melville,86,wells,7.000019907951355
4,melville,86,austen,6.967740615208943
4,melville,86,fitzgerald,7.21510632832845
4,melville,86,twain,7.323886811733246
4,melville,87,train,6.842922687530518
4,melville,87,baum,7.1372599601745605
4,melville,87,thompson,7.318922638893127
4,melville,87,dickens,7.144336329566108
4,melville,87,melville,7.088008785247803
4,melville,87,wells,6.9907015562057495
4,melville,87,austen,6.958740472793579
4,melville,87,fitzgerald,7.206408739089966
4,melville,87,twain,7.315015941858292
4,melville,88,train,6.842755496501923
4,melville,88,baum,7.126051664352417
4,melville,88,thompson,7.309596657752991
4,melville,88,dickens,7.133938153584798
4,melville,88,melville,7.076771354675293
4,melville,88,wells,6.977644920349121
4,melville,88,austen,6.947405179341634
4,melville,88,fitzgerald,7.195944706598918
4,melville,88,twain,7.305260509252548
4,melville,89,train,6.826498627662659
4,melville,89,baum,7.116078615188599
4,melville,89,thompson,7.299926996231079
4,melville,89,dickens,7.124684969584147
4,melville,89,melville,7.066382122039795
4,melville,89,wells,6.967719078063965
4,melville,89,austen,6.937724351882935
4,melville,89,fitzgerald,7.186615864435832
4,melville,89,twain,7.296480357646942
4,melville,90,train,6.815044462680817
4,melville,90,baum,7.106998801231384
4,melville,90,thompson,7.291958570480347
4,melville,90,dickens,7.114586883121067
4,melville,90,melville,7.056346845626831
4,melville,90,wells,6.955616354942322
4,melville,90,austen,6.927015542984009
4,melville,90,fitzgerald,7.176657835642497
4,melville,90,twain,7.287041187286377
4,melville,91,train,6.790709912776947
4,melville,91,baum,7.096824884414673
4,melville,91,thompson,7.282191157341003
4,melville,91,dickens,7.105982974723533
4,melville,91,melville,7.047900009155273
4,melville,91,wells,6.945549488067627
4,melville,91,austen,6.917571942011516
4,melville,91,fitzgerald,7.166987021764119
4,melville,91,twain,7.27769809961319
4,melville,92,train,6.81162291765213
4,melville,92,baum,7.087854623794556
4,melville,92,thompson,7.275254487991333
4,melville,92,dickens,7.097016051963523
4,melville,92,melville,7.039154052734375
4,melville,92,wells,6.935460329055786
4,melville,92,austen,6.907120148340861
4,melville,92,fitzgerald,7.158493836720784
4,melville,92,twain,7.270007938146591
4,melville,93,train,6.773691773414612
4,melville,93,baum,7.07913064956665
4,melville,93,thompson,7.267689347267151
4,melville,93,dickens,7.087451175407127
4,melville,93,melville,7.029701042175293
4,melville,93,wells,6.924983501434326
4,melville,93,austen,6.897914330164592
4,melville,93,fitzgerald,7.149366537729899
4,melville,93,twain,7.262165725231171
4,melville,94,train,6.79809296131134
4,melville,94,baum,7.069746255874634
4,melville,94,thompson,7.258687257766724
4,melville,94,dickens,7.078867665043584
4,melville,94,melville,7.020785188674926
4,melville,94,wells,6.917880654335022
4,melville,94,austen,6.890443166097005
4,melville,94,fitzgerald,7.141764322916667
4,melville,94,twain,7.254013061523437
4,melville,95,train,6.748424291610718
4,melville,95,baum,7.060921788215637
4,melville,95,thompson,7.250970244407654
4,melville,95,dickens,7.069329155815972
4,melville,95,melville,7.011299848556519
4,melville,95,wells,6.904757499694824
4,melville,95,austen,6.880553722381592
4,melville,95,fitzgerald,7.131739695866902
4,melville,95,twain,7.246031224727631
4,melville,96,train,6.771806418895721
4,melville,96,baum,7.051651239395142
4,melville,96,thompson,7.242882966995239
4,melville,96,dickens,7.061825681615759
4,melville,96,melville,7.001893186569214
4,melville,96,wells,6.897470951080322
4,melville,96,austen,6.873722394307454
4,melville,96,fitzgerald,7.124461809794108
4,melville,96,twain,7.238439589738846
4,melville,97,train,6.740644991397858
4,melville,97,baum,7.044056057929993
4,melville,97,thompson,7.235125780105591
4,melville,97,dickens,7.053204783686885
4,melville,97,melville,6.993618583679199
4,melville,97,wells,6.887940287590027
4,melville,97,austen,6.865021308263143
4,melville,97,fitzgerald,7.115926265716553
4,melville,97,twain,7.2310212552547455
4,melville,98,train,6.730082452297211
4,melville,98,baum,7.0344613790512085
4,melville,98,thompson,7.227484226226807
4,melville,98,dickens,7.0456300841437445
4,melville,98,melville,6.985418081283569
4,melville,98,wells,6.878634691238403
4,melville,98,austen,6.855921347935994
4,melville,98,fitzgerald,7.107056538263957
4,melville,98,twain,7.223591804504394
4,melville,99,train,6.736873149871826
4,melville,99,baum,7.026508212089539
4,melville,99,thompson,7.220813274383545
4,melville,99,dickens,7.038281705644396
4,melville,99,melville,6.978364753723144
4,melville,99,wells,6.868588089942932
4,melville,99,austen,6.84793774286906
4,melville,99,fitzgerald,7.099974234898885
4,melville,99,twain,7.216354727745056
4,melville,100,train,6.7204490303993225
4,melville,100,baum,7.017873883247376
4,melville,100,thompson,7.211662292480469
4,melville,100,dickens,7.030966016981337
4,melville,100,melville,6.9692834377288815
4,melville,100,wells,6.86136519908905
4,melville,100,austen,6.841384092966716
4,melville,100,fitzgerald,7.0917454560597735
4,melville,100,twain,7.209243208169937
4,melville,101,train,6.711756467819214
4,melville,101,baum,7.010010480880737
4,melville,101,thompson,7.205726504325867
4,melville,101,dickens,7.02318920912566
4,melville,101,melville,6.962238121032715
4,melville,101,wells,6.851911783218384
4,melville,101,austen,6.832889238993327
4,melville,101,fitzgerald,7.084837039311727
4,melville,101,twain,7.202883213758469
4,melville,102,train,6.705864787101746
4,melville,102,baum,7.001553773880005
4,melville,102,thompson,7.196309566497803
4,melville,102,dickens,7.016683331242314
4,melville,102,melville,6.956201410293579
4,melville,102,wells,6.844313859939575
4,melville,102,austen,6.825609763463338
4,melville,102,fitzgerald,7.075968424479167
4,melville,102,twain,7.195332646369934
4,melville,103,train,6.689445436000824
4,melville,103,baum,6.995438814163208
4,melville,103,thompson,7.1914918422698975
4,melville,103,dickens,7.00840441385905
4,melville,103,melville,6.948648738861084
4,melville,103,wells,6.835329651832581
4,melville,103,austen,6.817908048629761
4,melville,103,fitzgerald,7.069918950398763
4,melville,103,twain,7.190283536911011
4,melville,104,train,6.673322558403015
4,melville,104,baum,6.987719297409058
4,melville,104,thompson,7.18364405632019
4,melville,104,dickens,7.001890782956724
4,melville,104,melville,6.940490674972534
4,melville,104,wells,6.828640460968018
4,melville,104,austen,6.812196493148804
4,melville,104,fitzgerald,7.063086907068889
4,melville,104,twain,7.184122711420059
4,melville,105,train,6.671103239059448
4,melville,105,baum,6.979926824569702
4,melville,105,thompson,7.175388336181641
4,melville,105,dickens,6.99641697495072
4,melville,105,melville,6.9329907417297365
4,melville,105,wells,6.820392847061157
4,melville,105,austen,6.803077300389608
4,melville,105,fitzgerald,7.055295467376709
4,melville,105,twain,7.175248831510544
4,melville,106,train,6.663164377212524
4,melville,106,baum,6.972364544868469
4,melville,106,thompson,7.1701899766922
4,melville,106,dickens,6.988795474723533
4,melville,106,melville,6.924948978424072
4,melville,106,wells,6.812315464019775
4,melville,106,austen,6.795647859573364
4,melville,106,fitzgerald,7.0482096672058105
4,melville,106,twain,7.17033776640892
4,melville,107,train,6.664723753929138
4,melville,107,baum,6.964259743690491
4,melville,107,thompson,7.161715507507324
4,melville,107,dickens,6.98255674927323
4,melville,107,melville,6.9164111614227295
4,melville,107,wells,6.804092168807983
4,melville,107,austen,6.788356781005859
4,melville,107,fitzgerald,7.040791988372803
4,melville,107,twain,7.162130385637283
4,melville,108,train,6.630676090717316
4,melville,108,baum,6.955000162124634
4,melville,108,thompson,7.153745174407959
4,melville,108,dickens,6.976710655071117
4,melville,108,melville,6.909643983840942
4,melville,108,wells,6.795941352844238
4,melville,108,austen,6.779812971750896
4,melville,108,fitzgerald,7.031927982966105
4,melville,108,twain,7.154986560344696
4,melville,109,train,6.634703278541565
4,melville,109,baum,6.949160575866699
4,melville,109,thompson,7.147878527641296
4,melville,109,dickens,6.969579590691461
4,melville,109,melville,6.900331926345825
4,melville,109,wells,6.787692546844482
4,melville,109,austen,6.771613200505574
4,melville,109,fitzgerald,7.024685621261597
4,melville,109,twain,7.148971378803253
4,melville,110,train,6.602595746517181
4,melville,110,baum,6.941558599472046
4,melville,110,thompson,7.1411250829696655
4,melville,110,dickens,6.964647699285437
4,melville,110,melville,6.89322509765625
4,melville,110,wells,6.7817710638046265
4,melville,110,austen,6.765695333480835
4,melville,110,fitzgerald,7.018490076065064
4,melville,110,twain,7.142647534608841
4,melville,111,train,6.610960900783539
4,melville,111,baum,6.933733105659485
4,melville,111,thompson,7.134590983390808
4,melville,111,dickens,6.9568747944302025
4,melville,111,melville,6.889268970489502
4,melville,111,wells,6.77310037612915
4,melville,111,austen,6.756964365641276
4,melville,111,fitzgerald,7.0117917855580645
4,melville,111,twain,7.138585716485977
4,melville,112,train,6.61294162273407
4,melville,112,baum,6.927059173583984
4,melville,112,thompson,7.128192663192749
4,melville,112,dickens,6.951903908341019
4,melville,112,melville,6.877111577987671
4,melville,112,wells,6.764635682106018
4,melville,112,austen,6.749166488647461
4,melville,112,fitzgerald,7.00367538134257
4,melville,112,twain,7.129680871963501
4,melville,113,train,6.595450580120087
4,melville,113,baum,6.918387532234192
4,melville,113,thompson,7.12032949924469
4,melville,113,dickens,6.943563161072908
4,melville,113,melville,6.868769931793213
4,melville,113,wells,6.756715893745422
4,melville,113,austen,6.741920709609985
4,melville,113,fitzgerald,6.995612859725952
4,melville,113,twain,7.1250008046627045
4,melville,114,train,6.580103158950806
4,melville,114,baum,6.911107897758484
4,melville,114,thompson,7.113525629043579
4,melville,114,dickens,6.938985524354158
4,melville,114,melville,6.859043788909912
4,melville,114,wells,6.749446749687195
4,melville,114,austen,6.734310626983643
4,melville,114,fitzgerald,6.988854726155599
4,melville,114,twain,7.116260558366776
4,melville,115,train,6.585906505584717
4,melville,115,baum,6.904755711555481
4,melville,115,thompson,7.107992649078369
4,melville,115,dickens,6.930779156861482
4,melville,115,melville,6.851418972015381
4,melville,115,wells,6.743421077728272
4,melville,115,austen,6.72622275352478
4,melville,115,fitzgerald,6.983653386433919
4,melville,115,twain,7.112469106912613
4,melville,116,train,6.556304752826691
4,melville,116,baum,6.896285653114319
4,melville,116,thompson,7.100716471672058
4,melville,116,dickens,6.924094412061903
4,melville,116,melville,6.842096328735352
4,melville,116,wells,6.732516407966614
4,melville,116,austen,6.716960112253825
4,melville,116,fitzgerald,6.974380254745483
4,melville,116,twain,7.103728145360947
4,melville,117,train,6.544945538043976
4,melville,117,baum,6.888300895690918
4,melville,117,thompson,7.094369292259216
4,melville,117,dickens,6.918358096369991
4,melville,117,melville,6.834390354156494
4,melville,117,wells,6.725862145423889
4,melville,117,austen,6.710261742273967
4,melville,117,fitzgerald,6.967590093612671
4,melville,117,twain,7.097291022539139
4,melville,118,train,6.5216822028160095
4,melville,118,baum,6.880600571632385
4,melville,118,thompson,7.087199807167053
4,melville,118,dickens,6.91333152629711
4,melville,118,melville,6.825736236572266
4,melville,118,wells,6.718814373016357
4,melville,118,austen,6.7032491366068525
4,melville,118,fitzgerald,6.9607014656066895
4,melville,118,twain,7.092186331748962
4,melville,119,train,6.516012668609619
4,melville,119,baum,6.872259020805359
4,melville,119,thompson,7.080751061439514
4,melville,119,dickens,6.906556570971453
4,melville,119,melville,6.818475389480591
4,melville,119,wells,6.7102144956588745
4,melville,119,austen,6.695201953252156
4,melville,119,fitzgerald,6.951698382695516
4,melville,119,twain,7.085957556962967
4,melville,120,train,6.50852370262146
4,melville,120,baum,6.865465402603149
4,melville,120,thompson,7.075869202613831
4,melville,120,dickens,6.898098256852892
4,melville,120,melville,6.812576961517334
4,melville,120,wells,6.700985431671143
4,melville,120,austen,6.686989784240723
4,melville,120,fitzgerald,6.944727420806885
4,melville,120,twain,7.080921500921249
4,melville,121,train,6.499738931655884
4,melville,121,baum,6.856919288635254
4,melville,121,thompson,7.068496346473694
4,melville,121,dickens,6.891765735767506
4,melville,121,melville,6.803565788269043
4,melville,121,wells,6.693659424781799
4,melville,121,austen,6.680499156316121
4,melville,121,fitzgerald,6.935388644536336
4,melville,121,twain,7.072552412748337
4,melville,122,train,6.516643047332764
4,melville,122,baum,6.84883987903595
4,melville,122,thompson,7.061909198760986
4,melville,122,dickens,6.884734648245352
4,melville,122,melville,6.79534764289856
4,melville,122,wells,6.685521841049194
4,melville,122,austen,6.67299238840739
4,melville,122,fitzgerald,6.928156773249309
4,melville,122,twain,7.066246002912521
4,melville,123,train,6.479735851287842
4,melville,123,baum,6.84125280380249
4,melville,123,thompson,7.0556570291519165
4,melville,123,dickens,6.8756401627152055
4,melville,123,melville,6.787619972229004
4,melville,123,wells,6.677416920661926
4,melville,123,austen,6.664908727010091
4,melville,123,fitzgerald,6.920515378316243
4,melville,123,twain,7.061402410268784
4,melville,124,train,6.503813862800598
4,melville,124,baum,6.831833362579346
4,melville,124,thompson,7.047608017921448
4,melville,124,dickens,6.870020301253708
4,melville,124,melville,6.779849624633789
4,melville,124,wells,6.669458627700806
4,melville,124,austen,6.65911881128947
4,melville,124,fitzgerald,6.913685321807861
4,melville,124,twain,7.0543559193611145
4,melville,125,train,6.483794152736664
4,melville,125,baum,6.824565887451172
4,melville,125,thompson,7.040960788726807
4,melville,125,dickens,6.863655443544741
4,melville,125,melville,6.771083164215088
4,melville,125,wells,6.662056803703308
4,melville,125,austen,6.650896151860555
4,melville,125,fitzgerald,6.90520977973938
4,melville,125,twain,7.046106815338135
4,melville,126,train,6.462945640087128
4,melville,126,baum,6.817748308181763
4,melville,126,thompson,7.035065650939941
4,melville,126,dickens,6.857124540540907
4,melville,126,melville,6.762651920318604
4,melville,126,wells,6.655590295791626
4,melville,126,austen,6.643876234690349
4,melville,126,fitzgerald,6.898237307866414
4,melville,126,twain,7.040621101856232
4,melville,127,train,6.464193105697632
4,melville,127,baum,6.813254952430725
4,melville,127,thompson,7.033144474029541
4,melville,127,dickens,6.8510837731538
4,melville,127,melville,6.756037282943725
4,melville,127,wells,6.648957252502441
4,melville,127,austen,6.637468179066976
4,melville,127,fitzgerald,6.895629247029622
4,melville,127,twain,7.03769263625145
4,melville,128,train,6.483765959739685
4,melville,128,baum,6.807134389877319
4,melville,128,thompson,7.027323484420776
4,melville,128,dickens,6.84546078575982
4,melville,128,melville,6.750551176071167
4,melville,128,wells,6.642322182655335
4,melville,128,austen,6.630392551422119
4,melville,128,fitzgerald,6.889065583546956
4,melville,128,twain,7.032171159982681
4,melville,129,train,6.441306531429291
4,melville,129,baum,6.798602104187012
4,melville,129,thompson,7.019698619842529
4,melville,129,dickens,6.839440522370516
4,melville,129,melville,6.740741968154907
4,melville,129,wells,6.636671423912048
4,melville,129,austen,6.6227186520894366
4,melville,129,fitzgerald,6.880363543828328
4,melville,129,twain,7.0233257710933685
4,melville,130,train,6.442154049873352
4,melville,130,baum,6.7903828620910645
4,melville,130,thompson,7.013410449028015
4,melville,130,dickens,6.83442117549755
4,melville,130,melville,6.732998180389404
4,melville,130,wells,6.629404067993164
4,melville,130,austen,6.618235111236572
4,melville,130,fitzgerald,6.872923851013184
4,melville,130,twain,7.01568141579628
4,melville,131,train,6.429288804531097
4,melville,131,baum,6.783745527267456
4,melville,131,thompson,7.0095055103302
4,melville,131,dickens,6.826373559457284
4,melville,131,melville,6.726900243759156
4,melville,131,wells,6.621174335479736
4,melville,131,austen,6.609572887420654
4,melville,131,fitzgerald,6.866218010584514
4,melville,131,twain,7.010618686676025
4,melville,132,train,6.395217835903168
4,melville,132,baum,6.7779775857925415
4,melville,132,thompson,7.002197027206421
4,melville,132,dickens,6.821981094501637
4,melville,132,melville,6.721947193145752
4,melville,132,wells,6.615501761436462
4,melville,132,austen,6.603601455688477
4,melville,132,fitzgerald,6.860469023386638
4,melville,132,twain,7.003418534994125
4,melville,133,train,6.409268498420715
4,melville,133,baum,6.771515011787415
4,melville,133,thompson,6.995894193649292
4,melville,133,dickens,6.817567542747215
4,melville,133,melville,6.714894580841064
4,melville,133,wells,6.611140489578247
4,melville,133,austen,6.598643938700358
4,melville,133,fitzgerald,6.854793707529704
4,melville,133,twain,6.998889297246933
4,melville,134,train,6.38195663690567
4,melville,134,baum,6.763325095176697
4,melville,134,thompson,6.989924311637878
4,melville,134,dickens,6.810379752406368
4,melville,134,melville,6.706712293624878
4,melville,134,wells,6.600683331489563
4,melville,134,austen,6.590698639551799
4,melville,134,fitzgerald,6.846505006154378
4,melville,134,twain,6.991917669773102
4,melville,135,train,6.382296442985535
4,melville,135,baum,6.756225228309631
4,melville,135,thompson,6.9847177267074585
4,melville,135,dickens,6.805377995526349
4,melville,135,melville,6.698828125
4,melville,135,wells,6.594362020492554
4,melville,135,austen,6.583866198857625
4,melville,135,fitzgerald,6.839896122614543
4,melville,135,twain,6.985594093799591
4,melville,136,train,6.374126017093658
4,melville,136,baum,6.749379634857178
4,melville,136,thompson,6.9790061712265015
4,melville,136,dickens,6.796138057002315
4,melville,136,melville,6.692817211151123
4,melville,136,wells,6.587812781333923
4,melville,136,austen,6.577163298924764
4,melville,136,fitzgerald,6.833157777786255
4,melville,136,twain,6.981824308633804
4,melville,137,train,6.363668739795685
4,melville,137,baum,6.7409751415252686
4,melville,137,thompson,6.972588300704956
4,melville,137,dickens,6.792300347928648
4,melville,137,melville,6.6830830574035645
4,melville,137,wells,6.579370260238648
4,melville,137,austen,6.570118983586629
4,melville,137,fitzgerald,6.823424975077312
4,melville,137,twain,6.97290825843811
4,melville,138,train,6.354217290878296
4,melville,138,baum,6.734161138534546
4,melville,138,thompson,6.967651844024658
4,melville,138,dickens,6.7886652593259456
4,melville,138,melville,6.675275611877441
4,melville,138,wells,6.574179649353027
4,melville,138,austen,6.565887292226155
4,melville,138,fitzgerald,6.818039735158284
4,melville,138,twain,6.968566447496414
4,melville,139,train,6.335776031017304
4,melville,139,baum,6.730199813842773
4,melville,139,thompson,6.9636489152908325
4,melville,139,dickens,6.783385983219853
4,melville,139,melville,6.668183898925781
4,melville,139,wells,6.5692431926727295
4,melville,139,austen,6.559407154719035
4,melville,139,fitzgerald,6.815529902776082
4,melville,139,twain,6.966635912656784
4,melville,140,train,6.327656090259552
4,melville,140,baum,6.723793864250183
4,melville,140,thompson,6.958064794540405
4,melville,140,dickens,6.778135070094356
4,melville,140,melville,6.662209129333496
4,melville,140,wells,6.562159180641174
4,melville,140,austen,6.552572250366211
4,melville,140,fitzgerald,6.808699369430542
4,melville,140,twain,6.961383581161499
4,melville,141,train,6.327026426792145
4,melville,141,baum,6.715604543685913
4,melville,141,thompson,6.951619863510132
4,melville,141,dickens,6.771797762976752
4,melville,141,melville,6.654180860519409
4,melville,141,wells,6.555769562721252
4,melville,141,austen,6.546230634053548
4,melville,141,fitzgerald,6.800556023915608
4,melville,141,twain,6.953304260969162
4,melville,142,train,6.31743460893631
4,melville,142,baum,6.708332777023315
4,melville,142,thompson,6.94477653503418
4,melville,142,dickens,6.76484454119647
4,melville,142,melville,6.648271560668945
4,melville,142,wells,6.549968361854553
4,melville,142,austen,6.540260314941406
4,melville,142,fitzgerald,6.792624632517497
4,melville,142,twain,6.946575999259949
4,melville,143,train,6.278903424739838
4,melville,143,baum,6.701303124427795
4,melville,143,thompson,6.940503001213074
4,melville,143,dickens,6.755897380687572
4,melville,143,melville,6.643025302886963
4,melville,143,wells,6.543814539909363
4,melville,143,austen,6.535537958145142
4,melville,143,fitzgerald,6.786268393198649
4,melville,143,twain,6.943756461143494
4,melville,144,train,6.281797289848328
4,melville,144,baum,6.699176549911499
4,melville,144,thompson,6.936241030693054
4,melville,144,dickens,6.752816094292535
4,melville,144,melville,6.637813997268677
4,melville,144,wells,6.539586067199707
4,melville,144,austen,6.529070536295573
4,melville,144,fitzgerald,6.783784786860148
4,melville,144,twain,6.9421654641628265
4,melville,145,train,6.311439692974091
4,melville,145,baum,6.6921327114105225
4,melville,145,thompson,6.931481003761292
4,melville,145,dickens,6.744373904334174
4,melville,145,melville,6.632335233688354
4,melville,145,wells,6.532051920890808
4,melville,145,austen,6.524631500244141
4,melville,145,fitzgerald,6.778263568878174
4,melville,145,twain,6.937461018562317
4,melville,146,train,6.292479813098908
4,melville,146,baum,6.683708906173706
4,melville,146,thompson,6.925834655761719
4,melville,146,dickens,6.742994961915193
4,melville,146,melville,6.625522899627685
4,melville,146,wells,6.52675199508667
4,melville,146,austen,6.518208742141724
4,melville,146,fitzgerald,6.770629088083903
4,melville,146,twain,6.928943693637848
4,melville,147,train,6.254723489284515
4,melville,147,baum,6.679249167442322
4,melville,147,thompson,6.920806169509888
4,melville,147,dickens,6.7378806008232965
4,melville,147,melville,6.620714998245239
4,melville,147,wells,6.522149085998535
4,melville,147,austen,6.513477007548015
4,melville,147,fitzgerald,6.767138799031575
4,melville,147,twain,6.926494687795639
4,melville,148,train,6.260820686817169
4,melville,148,baum,6.676543235778809
4,melville,148,thompson,6.919498801231384
4,melville,148,dickens,6.731944101828116
4,melville,148,melville,6.614475870132447
4,melville,148,wells,6.516475677490234
4,melville,148,austen,6.505240519841512
4,melville,148,fitzgerald,6.765680392583211
4,melville,148,twain,6.924854874610901
4,melville,149,train,6.267102897167206
4,melville,149,baum,6.667706251144409
4,melville,149,thompson,6.912776231765747
4,melville,149,dickens,6.724392131522849
4,melville,149,melville,6.606088447570801
4,melville,149,wells,6.510820865631104
4,melville,149,austen,6.501113335291545
4,melville,149,fitzgerald,6.755121151606242
4,melville,149,twain,6.91657367348671
4,melville,150,train,6.238890647888184
4,melville,150,baum,6.662240982055664
4,melville,150,thompson,6.908654808998108
4,melville,150,dickens,6.721200183585838
4,melville,150,melville,6.602549314498901
4,melville,150,wells,6.5054895877838135
4,melville,150,austen,6.494150241216024
4,melville,150,fitzgerald,6.751188675562541
4,melville,150,twain,6.913826555013657
4,melville,151,train,6.226407587528229
4,melville,151,baum,6.655551791191101
4,melville,151,thompson,6.901575088500977
4,melville,151,dickens,6.718842294481066
4,melville,151,melville,6.594059562683105
4,melville,151,wells,6.497379183769226
4,melville,151,austen,6.488564173380534
4,melville,151,fitzgerald,6.744039058685303
4,melville,151,twain,6.90502542257309
4,melville,152,train,6.252193570137024
4,melville,152,baum,6.653575539588928
4,melville,152,thompson,6.901277184486389
4,melville,152,dickens,6.715919176737468
4,melville,152,melville,6.588070583343506
4,melville,152,wells,6.495143532752991
4,melville,152,austen,6.484104077021281
4,melville,152,fitzgerald,6.742799043655396
4,melville,152,twain,6.903168737888336
4,melville,153,train,6.221068441867828
4,melville,153,baum,6.645757555961609
4,melville,153,thompson,6.894692420959473
4,melville,153,dickens,6.711268460309064
4,melville,153,melville,6.581824827194214
4,melville,153,wells,6.489104747772217
4,melville,153,austen,6.47933308283488
4,melville,153,fitzgerald,6.734602053960164
4,melville,153,twain,6.897465795278549
4,melville,154,train,6.207978427410126
4,melville,154,baum,6.639492869377136
4,melville,154,thompson,6.89050817489624
4,melville,154,dickens,6.706375263355397
4,melville,154,melville,6.573914480209351
4,melville,154,wells,6.482118487358093
4,melville,154,austen,6.473654985427856
4,melville,154,fitzgerald,6.7300004959106445
4,melville,154,twain,6.891070127487183
4,melville,155,train,6.215906381607056
4,melville,155,baum,6.63676393032074
4,melville,155,thompson,6.888898849487305
4,melville,155,dickens,6.6975782712300616
4,melville,155,melville,6.567326450347901
4,melville,155,wells,6.477420926094055
4,melville,155,austen,6.467413902282715
4,melville,155,fitzgerald,6.726317644119263
4,melville,155,twain,6.891453713178635
4,melville,156,train,6.165766477584839
4,melville,156,baum,6.625799179077148
4,melville,156,thompson,6.8815624713897705
4,melville,156,dickens,6.691790015609176
4,melville,156,melville,6.561410284042358
4,melville,156,wells,6.470622658729553
4,melville,156,austen,6.46238907178243
4,melville,156,fitzgerald,6.715768019358317
4,melville,156,twain,6.8829721212387085
4,melville,157,train,6.187582612037659
4,melville,157,baum,6.623818397521973
4,melville,157,thompson,6.87893807888031
4,melville,157,dickens,6.68851359685262
4,melville,157,melville,6.557736349105835
4,melville,157,wells,6.46718955039978
4,melville,157,austen,6.457798322041829
4,melville,157,fitzgerald,6.7156407833099365
4,melville,157,twain,6.882396459579468
4,melville,158,train,6.186452090740204
4,melville,158,baum,6.617495059967041
4,melville,158,thompson,6.874024748802185
4,melville,158,dickens,6.68274665761877
4,melville,158,melville,6.552105331420899
4,melville,158,wells,6.4596110582351685
4,melville,158,austen,6.4509960015614825
4,melville,158,fitzgerald,6.707578023274739
4,melville,158,twain,6.877110600471497
4,melville,159,train,6.1842822432518005
4,melville,159,baum,6.618235349655151
4,melville,159,thompson,6.872777938842773
4,melville,159,dickens,6.68174969708478
4,melville,159,melville,6.5494850158691404
4,melville,159,wells,6.458759546279907
4,melville,159,austen,6.445915699005127
4,melville,159,fitzgerald,6.708904663721721
4,melville,159,twain,6.878031402826309
4,melville,160,train,6.18512225151062
4,melville,160,baum,6.608384370803833
4,melville,160,thompson,6.866122484207153
4,melville,160,dickens,6.676793116110343
4,melville,160,melville,6.540438032150268
4,melville,160,wells,6.451037168502808
4,melville,160,austen,6.4398214022318525
4,melville,160,fitzgerald,6.698439836502075
4,melville,160,twain,6.867712765932083
4,melville,161,train,6.149365127086639
4,melville,161,baum,6.60284423828125
4,melville,161,thompson,6.863029956817627
4,melville,161,dickens,6.669458265657778
4,melville,161,melville,6.534759616851806
4,melville,161,wells,6.444451093673706
4,melville,161,austen,6.435609896977742
4,melville,161,fitzgerald,6.6930928230285645
4,melville,161,twain,6.864625185728073
4,melville,162,train,6.139951467514038
4,melville,162,baum,6.597659230232239
4,melville,162,thompson,6.857866764068604
4,melville,162,dickens,6.668310977794506
4,melville,162,melville,6.529999303817749
4,melville,162,wells,6.441709756851196
4,melville,162,austen,6.431932131449382
4,melville,162,fitzgerald,6.687370856602986
4,melville,162,twain,6.860194653272629
4,melville,163,train,6.14716374874115
4,melville,163,baum,6.596299409866333
4,melville,163,thompson,6.857301354408264
4,melville,163,dickens,6.663952845114249
4,melville,163,melville,6.522264099121093
4,melville,163,wells,6.438464283943176
4,melville,163,austen,6.423856178919475
4,melville,163,fitzgerald,6.689635594685872
4,melville,163,twain,6.861193776130676
4,melville,164,train,6.156114459037781
4,melville,164,baum,6.587284088134766
4,melville,164,thompson,6.852019429206848
4,melville,164,dickens,6.65598185857137
4,melville,164,melville,6.516138124465942
4,melville,164,wells,6.4325480461120605
4,melville,164,austen,6.419533173243205
4,melville,164,fitzgerald,6.681913296381633
4,melville,164,twain,6.854404389858246
4,melville,165,train,6.126936316490173
4,melville,165,baum,6.587361812591553
4,melville,165,thompson,6.851003527641296
4,melville,165,dickens,6.654121134016249
4,melville,165,melville,6.510218143463135
4,melville,165,wells,6.431388735771179
4,melville,165,austen,6.416367689768474
4,melville,165,fitzgerald,6.681257565816243
4,melville,165,twain,6.856873095035553
4,melville,166,train,6.13932478427887
4,melville,166,baum,6.584169983863831
4,melville,166,thompson,6.847403049468994
4,melville,166,dickens,6.646287282307942
4,melville,166,melville,6.5055211067199705
4,melville,166,wells,6.425661087036133
4,melville,166,austen,6.409730911254883
4,melville,166,fitzgerald,6.676685174306233
4,melville,166,twain,6.851916402578354
4,melville,167,train,6.108407199382782
4,melville,167,baum,6.575862765312195
4,melville,167,thompson,6.843069195747376
4,melville,167,dickens,6.641514548548946
4,melville,167,melville,6.501148748397827
4,melville,167,wells,6.422115921974182
4,melville,167,austen,6.404957850774129
4,melville,167,fitzgerald,6.671911001205444
4,melville,167,twain,6.848319619894028
4,melville,168,train,6.108052432537079
4,melville,168,baum,6.569385528564453
4,melville,168,thompson,6.837609529495239
4,melville,168,dickens,6.637598620520698
4,melville,168,melville,6.494883966445923
4,melville,168,wells,6.4162421226501465
4,melville,168,austen,6.401212930679321
4,melville,168,fitzgerald,6.660436630249023
4,melville,168,twain,6.839091300964356
4,melville,169,train,6.119753181934357
4,melville,169,baum,6.568485975265503
4,melville,169,thompson,6.837777733802795
4,melville,169,dickens,6.634580188327366
4,melville,169,melville,6.490153026580811
4,melville,169,wells,6.410390496253967
4,melville,169,austen,6.395818074544271
4,melville,169,fitzgerald,6.661962032318115
4,melville,169,twain,6.838975340127945
4,melville,170,train,6.09485536813736
4,melville,170,baum,6.559951543807983
4,melville,170,thompson,6.832636833190918
4,melville,170,dickens,6.626018753758183
4,melville,170,melville,6.483065891265869
4,melville,170,wells,6.40786075592041
4,melville,170,austen,6.392434120178223
4,melville,170,fitzgerald,6.6555282274882
4,melville,170,twain,6.833055466413498
4,melville,171,train,6.080470025539398
4,melville,171,baum,6.5574119091033936
4,melville,171,thompson,6.82693338394165
4,melville,171,dickens,6.62383618178191
4,melville,171,melville,6.478274011611939
4,melville,171,wells,6.403358221054077
4,melville,171,austen,6.389045476913452
4,melville,171,fitzgerald,6.651290734608968
4,melville,171,twain,6.829953223466873
4,melville,172,train,6.065032720565796
4,melville,172,baum,6.552959442138672
4,melville,172,thompson,6.8259923458099365
4,melville,172,dickens,6.614734278784858
4,melville,172,melville,6.47216567993164
4,melville,172,wells,6.3992680311203
4,melville,172,austen,6.385159333546956
4,melville,172,fitzgerald,6.648890733718872
4,melville,172,twain,6.830281168222427
4,melville,173,train,6.0877591371536255
4,melville,173,baum,6.545920014381409
4,melville,173,thompson,6.822171688079834
4,melville,173,dickens,6.606926017337376
4,melville,173,melville,6.465003490447998
4,melville,173,wells,6.391586184501648
4,melville,173,austen,6.376622279485066
4,melville,173,fitzgerald,6.642343759536743
4,melville,173,twain,6.824544847011566
4,melville,174,train,6.069233059883118
4,melville,174,baum,6.5458561182022095
4,melville,174,thompson,6.819054126739502
4,melville,174,dickens,6.6109400678564
4,melville,174,melville,6.461551523208618
4,melville,174,wells,6.391558289527893
4,melville,174,austen,6.376889944076538
4,melville,174,fitzgerald,6.640038172403972
4,melville,174,twain,6.822059065103531
4,melville,175,train,6.062087118625641
4,melville,175,baum,6.539610981941223
4,melville,175,thompson,6.815378665924072
4,melville,175,dickens,6.6028190012331365
4,melville,175,melville,6.455930662155152
4,melville,175,wells,6.386204361915588
4,melville,175,austen,6.372319221496582
4,melville,175,fitzgerald,6.636038780212402
4,melville,175,twain,6.820844233036041
4,melville,176,train,6.063611507415772
4,melville,176,baum,6.531981110572815
4,melville,176,thompson,6.812914490699768
4,melville,176,dickens,6.600548832504837
4,melville,176,melville,6.449348115921021
4,melville,176,wells,6.379741311073303
4,melville,176,austen,6.366572300593059
4,melville,176,fitzgerald,6.6329398949941
4,melville,176,twain,6.813903510570526
4,melville,177,train,6.022944569587708
4,melville,177,baum,6.532492160797119
4,melville,177,thompson,6.810274004936218
4,melville,177,dickens,6.604576358088741
4,melville,177,melville,6.446945762634277
4,melville,177,wells,6.379665851593018
4,melville,177,austen,6.3664290110270185
4,melville,177,fitzgerald,6.629743973414104
4,melville,177,twain,6.812434643507004
4,melville,178,train,6.034050285816193
4,melville,178,baum,6.529098272323608
4,melville,178,thompson,6.806931734085083
4,melville,178,dickens,6.59278553503531
4,melville,178,melville,6.4413525581359865
4,melville,178,wells,6.371765971183777
4,melville,178,austen,6.357903480529785
4,melville,178,fitzgerald,6.627074956893921
4,melville,178,twain,6.81230041384697
4,melville,179,train,6.014472126960754
4,melville,179,baum,6.528720855712891
4,melville,179,thompson,6.806068420410156
4,melville,179,dickens,6.58881754345364
4,melville,179,melville,6.441132020950318
4,melville,179,wells,6.374976992607117
4,melville,179,austen,6.360854148864746
4,melville,179,fitzgerald,6.6259011427561445
4,melville,179,twain,6.813359886407852
4,melville,180,train,6.019746780395508
4,melville,180,baum,6.520245432853699
4,melville,180,thompson,6.800585865974426
4,melville,180,dickens,6.5834277824119285
4,melville,180,melville,6.434215354919433
4,melville,180,wells,6.36330509185791
4,melville,180,austen,6.352819283803304
4,melville,180,fitzgerald,6.617589950561523
4,melville,180,twain,6.80733135342598
4,melville,181,train,6.0101324915885925
4,melville,181,baum,6.519061207771301
4,melville,181,thompson,6.798715233802795
4,melville,181,dickens,6.583198353096291
4,melville,181,melville,6.431375646591187
4,melville,181,wells,6.362356185913086
4,melville,181,austen,6.352129220962524
4,melville,181,fitzgerald,6.613816897074382
4,melville,181,twain,6.804708689451218
4,melville,182,train,5.997339189052582
4,melville,182,baum,6.511987924575806
4,melville,182,thompson,6.7947999238967896
4,melville,182,dickens,6.575993361296477
4,melville,182,melville,6.4248593807220455
4,melville,182,wells,6.355999708175659
4,melville,182,austen,6.343303521474202
4,melville,182,fitzgerald,6.607298056284587
4,melville,182,twain,6.801310271024704
4,melville,183,train,6.003049850463867
4,melville,183,baum,6.506640315055847
4,melville,183,thompson,6.790693640708923
4,melville,183,dickens,6.574247218944408
4,melville,183,melville,6.421214628219604
4,melville,183,wells,6.352223753929138
4,melville,183,austen,6.341564496358235
4,melville,183,fitzgerald,6.603796005249023
4,melville,183,twain,6.794449955224991
4,melville,184,train,5.982426106929779
4,melville,184,baum,6.5053428411483765
4,melville,184,thompson,6.7879743576049805
4,melville,184,dickens,6.564145123517072
4,melville,184,melville,6.417905807495117
4,melville,184,wells,6.349393844604492
4,melville,184,austen,6.335832436879476
4,melville,184,fitzgerald,6.600582043329875
4,melville,184,twain,6.794271498918533
4,melville,185,train,5.968531787395477
4,melville,185,baum,6.497084021568298
4,melville,185,thompson,6.785920023918152
4,melville,185,dickens,6.566464300508852
4,melville,185,melville,6.414399290084839
4,melville,185,wells,6.344131588935852
4,melville,185,austen,6.331991354624431
4,melville,185,fitzgerald,6.593163092931111
4,melville,185,twain,6.786064088344574
4,melville,186,train,5.959499299526215
4,melville,186,baum,6.497811675071716
4,melville,186,thompson,6.783571481704712
4,melville,186,dickens,6.55907733352096
4,melville,186,melville,6.411340522766113
4,melville,186,wells,6.3412686586380005
4,melville,186,austen,6.327057202657064
4,melville,186,fitzgerald,6.593415180842082
4,melville,186,twain,6.790309578180313
4,melville,187,train,5.960426092147827
4,melville,187,baum,6.493743658065796
4,melville,187,thompson,6.7814213037490845
4,melville,187,dickens,6.557087174168339
4,melville,187,melville,6.408334064483642
4,melville,187,wells,6.341316342353821
4,melville,187,austen,6.328812122344971
4,melville,187,fitzgerald,6.5883861382802325
4,melville,187,twain,6.7845838367939
4,melville,188,train,5.9361995458602905
4,melville,188,baum,6.490078568458557
4,melville,188,thompson,6.777977347373962
4,melville,188,dickens,6.553441047668457
4,melville,188,melville,6.402277135848999
4,melville,188,wells,6.332247376441956
4,melville,188,austen,6.321311314900716
4,melville,188,fitzgerald,6.58366330464681
4,melville,188,twain,6.781608700752258
4,melville,189,train,5.940694510936737
4,melville,189,baum,6.485582113265991
4,melville,189,thompson,6.776906371116638
4,melville,189,dickens,6.549275521878843
4,melville,189,melville,6.398583841323853
4,melville,189,wells,6.330911636352539
4,melville,189,austen,6.318434317906697
4,melville,189,fitzgerald,6.580809593200684
4,melville,189,twain,6.77777573466301
4,melville,190,train,5.928275048732758
4,melville,190,baum,6.483894467353821
4,melville,190,thompson,6.773131251335144
4,melville,190,dickens,6.542755179935032
4,melville,190,melville,6.393219137191773
4,melville,190,wells,6.325586199760437
4,melville,190,austen,6.310318311055501
4,melville,190,fitzgerald,6.577266852060954
4,melville,190,twain,6.776340305805206
4,melville,191,train,5.950553178787232
4,melville,191,baum,6.479214072227478
4,melville,191,thompson,6.769222378730774
4,melville,191,dickens,6.544546039016159
4,melville,191,melville,6.389243412017822
4,melville,191,wells,6.321990132331848
4,melville,191,austen,6.30972162882487
4,melville,191,fitzgerald,6.5718216101328535
4,melville,191,twain,6.771643549203873
4,melville,192,train,5.941726326942444
4,melville,192,baum,6.478014349937439
4,melville,192,thompson,6.768854975700378
4,melville,192,dickens,6.538803065264666
4,melville,192,melville,6.3853440284729
4,melville,192,wells,6.3221107721328735
4,melville,192,austen,6.304779688517253
4,melville,192,fitzgerald,6.571380376815796
4,melville,192,twain,6.773988366127014
4,melville,193,train,5.948715090751648
4,melville,193,baum,6.476966381072998
4,melville,193,thompson,6.769931316375732
4,melville,193,dickens,6.539075127354375
4,melville,193,melville,6.383585453033447
4,melville,193,wells,6.322429299354553
4,melville,193,austen,6.306538343429565
4,melville,193,fitzgerald,6.570546865463257
4,melville,193,twain,6.7729849219322205
4,melville,194,train,5.90399980545044
4,melville,194,baum,6.471752643585205
4,melville,194,thompson,6.764378547668457
4,melville,194,dickens,6.534065705758554
4,melville,194,melville,6.376635265350342
4,melville,194,wells,6.315113425254822
4,melville,194,austen,6.296623229980469
4,melville,194,fitzgerald,6.565289974212647
4,melville,194,twain,6.7669358253479
4,melville,195,train,5.896898984909058
4,melville,195,baum,6.467867493629456
4,melville,195,thompson,6.7639394998550415
4,melville,195,dickens,6.533638018148917
4,melville,195,melville,6.374651527404785
4,melville,195,wells,6.313887596130371
4,melville,195,austen,6.293272574742635
4,melville,195,fitzgerald,6.562524875005086
4,melville,195,twain,6.765582889318466
4,melville,196,train,5.886282503604889
4,melville,196,baum,6.46819794178009
4,melville,196,thompson,6.762466788291931
4,melville,196,dickens,6.534431669447157
4,melville,196,melville,6.374129676818848
4,melville,196,wells,6.314497947692871
4,melville,196,austen,6.295152902603149
4,melville,196,fitzgerald,6.559917132059733
4,melville,196,twain,6.7662031054496765
4,melville,197,train,5.895956456661224
4,melville,197,baum,6.458008766174316
4,melville,197,thompson,6.756800889968872
4,melville,197,dickens,6.525131384531657
4,melville,197,melville,6.368084859848023
4,melville,197,wells,6.302095293998718
4,melville,197,austen,6.288794040679932
4,melville,197,fitzgerald,6.551262378692627
4,melville,197,twain,6.757335066795349
4,melville,198,train,5.923336684703827
4,melville,198,baum,6.463306188583374
4,melville,198,thompson,6.759094715118408
4,melville,198,dickens,6.527758315757469
4,melville,198,melville,6.366515684127807
4,melville,198,wells,6.304240584373474
4,melville,198,austen,6.287957588831584
4,melville,198,fitzgerald,6.552998383839925
4,melville,198,twain,6.760009944438934
4,melville,199,train,5.868018865585327
4,melville,199,baum,6.454124569892883
4,melville,199,thompson,6.755533456802368
4,melville,199,dickens,6.520153840382894
4,melville,199,melville,6.361658954620362
4,melville,199,wells,6.300064325332642
4,melville,199,austen,6.283059199651082
4,melville,199,fitzgerald,6.547417481740316
4,melville,199,twain,6.756734400987625
4,melville,200,train,5.887438952922821
4,melville,200,baum,6.451456308364868
4,melville,200,thompson,6.748270750045776
4,melville,200,dickens,6.514379536664045
4,melville,200,melville,6.356707954406739
4,melville,200,wells,6.294400215148926
4,melville,200,austen,6.27832309405009
4,melville,200,fitzgerald,6.543814818064372
4,melville,200,twain,6.752887487411499
4,melville,201,train,5.871125280857086
4,melville,201,baum,6.448495149612427
4,melville,201,thompson,6.746997714042664
4,melville,201,dickens,6.512609481811523
4,melville,201,melville,6.350654649734497
4,melville,201,wells,6.288888216018677
4,melville,201,austen,6.270747105280559
4,melville,201,fitzgerald,6.541078090667725
4,melville,201,twain,6.749968022108078
4,melville,202,train,5.877153098583221
4,melville,202,baum,6.447828531265259
4,melville,202,thompson,6.748165726661682
4,melville,202,dickens,6.5097662784435135
4,melville,202,melville,6.350414276123047
4,melville,202,wells,6.292101263999939
4,melville,202,austen,6.272820154825847
4,melville,202,fitzgerald,6.537999153137207
4,melville,202,twain,6.7505950927734375
4,melville,203,train,5.860560953617096
4,melville,203,baum,6.443257093429565
4,melville,203,thompson,6.743090391159058
4,melville,203,dickens,6.50106684366862
4,melville,203,melville,6.34658374786377
4,melville,203,wells,6.2844496965408325
4,melville,203,austen,6.265921433766683
4,melville,203,fitzgerald,6.53261137008667
4,melville,203,twain,6.745904088020325
4,melville,204,train,5.871381103992462
4,melville,204,baum,6.442755699157715
4,melville,204,thompson,6.7429280281066895
4,melville,204,dickens,6.504988917598018
4,melville,204,melville,6.345372200012207
4,melville,204,wells,6.2834776639938354
4,melville,204,austen,6.265787601470947
4,melville,204,fitzgerald,6.53237247467041
4,melville,204,twain,6.746976345777512
4,melville,205,train,5.849145293235779
4,melville,205,baum,6.43793261051178
4,melville,205,thompson,6.740073323249817
4,melville,205,dickens,6.499879165931985
4,melville,205,melville,6.341278171539306
4,melville,205,wells,6.282069087028503
4,melville,205,austen,6.262608051300049
4,melville,205,fitzgerald,6.528181552886963
4,melville,205,twain,6.740904539823532
4,melville,206,train,5.866817355155945
4,melville,206,baum,6.434242486953735
4,melville,206,thompson,6.736255884170532
4,melville,206,dickens,6.500869909922282
4,melville,206,melville,6.335971832275391
4,melville,206,wells,6.275424122810364
4,melville,206,austen,6.258559226989746
4,melville,206,fitzgerald,6.524029811223348
4,melville,206,twain,6.73749640583992
4,melville,207,train,5.880155980587006
4,melville,207,baum,6.43440854549408
4,melville,207,thompson,6.738286733627319
4,melville,207,dickens,6.501548979017469
4,melville,207,melville,6.335168409347534
4,melville,207,wells,6.275528073310852
4,melville,207,austen,6.257617394129436
4,melville,207,fitzgerald,6.522457520167033
4,melville,207,twain,6.736285209655762
4,melville,208,train,5.8576549887657166
4,melville,208,baum,6.431442975997925
4,melville,208,thompson,6.733764886856079
4,melville,208,dickens,6.498139399069327
4,melville,208,melville,6.331711769104004
4,melville,208,wells,6.273554801940918
4,melville,208,austen,6.253832260767619
4,melville,208,fitzgerald,6.520571867624919
4,melville,208,twain,6.737602591514587
4,melville,209,train,5.801262021064758
4,melville,209,baum,6.424702882766724
4,melville,209,thompson,6.728923320770264
4,melville,209,dickens,6.485929860009088
4,melville,209,melville,6.32865195274353
4,melville,209,wells,6.267116904258728
4,melville,209,austen,6.2487781047821045
4,melville,209,fitzgerald,6.5142822265625
4,melville,209,twain,6.733232378959656
4,melville,210,train,5.811894536018372
4,melville,210,baum,6.426573634147644
4,melville,210,thompson,6.7286217212677
4,melville,210,dickens,6.482055275528519
4,melville,210,melville,6.325761032104492
4,melville,210,wells,6.267784118652344
4,melville,210,austen,6.250032663345337
4,melville,210,fitzgerald,6.513134479522705
4,melville,210,twain,6.735779583454132
4,melville,211,train,5.790841281414032
4,melville,211,baum,6.419645667076111
4,melville,211,thompson,6.725584506988525
4,melville,211,dickens,6.481546737529613
4,melville,211,melville,6.320337867736816
4,melville,211,wells,6.264055252075195
4,melville,211,austen,6.242772340774536
4,melville,211,fitzgerald,6.5099077224731445
4,melville,211,twain,6.732457756996155
4,melville,212,train,5.832354366779327
4,melville,212,baum,6.420186400413513
4,melville,212,thompson,6.727967977523804
4,melville,212,dickens,6.481236952322501
4,melville,212,melville,6.3207379341125485
4,melville,212,wells,6.266533970832825
4,melville,212,austen,6.244998057683309
4,melville,212,fitzgerald,6.512387196222941
4,melville,212,twain,6.733230233192444
4,melville,213,train,5.799791753292084
4,melville,213,baum,6.417227506637573
4,melville,213,thompson,6.723824739456177
4,melville,213,dickens,6.473874074441415
4,melville,213,melville,6.314316034317017
4,melville,213,wells,6.26010537147522
4,melville,213,austen,6.239061752955119
4,melville,213,fitzgerald,6.508040030797322
4,melville,213,twain,6.728755980730057
4,melville,214,train,5.799248278141022
4,melville,214,baum,6.413710236549377
4,melville,214,thompson,6.723442196846008
4,melville,214,dickens,6.470677605381718
4,melville,214,melville,6.31085958480835
4,melville,214,wells,6.257971048355103
4,melville,214,austen,6.240702152252197
4,melville,214,fitzgerald,6.502891540527344
4,melville,214,twain,6.727519124746323
4,melville,215,train,5.831094145774841
4,melville,215,baum,6.413381934165955
4,melville,215,thompson,6.721470355987549
4,melville,215,dickens,6.472744429552996
4,melville,215,melville,6.307807493209839
4,melville,215,wells,6.258689522743225
4,melville,215,austen,6.237605810165405
4,melville,215,fitzgerald,6.502703587214152
4,melville,215,twain,6.7286577224731445
4,melville,216,train,5.818501889705658
4,melville,216,baum,6.40833306312561
4,melville,216,thompson,6.719502925872803
4,melville,216,dickens,6.472559575681333
4,melville,216,melville,6.305323219299316
4,melville,216,wells,6.253544926643372
4,melville,216,austen,6.234912713368733
4,melville,216,fitzgerald,6.497787793477376
4,melville,216,twain,6.722856104373932
4,melville,217,train,5.780954718589783
4,melville,217,baum,6.409040570259094
4,melville,217,thompson,6.716029405593872
4,melville,217,dickens,6.472902297973633
4,melville,217,melville,6.302079916000366
4,melville,217,wells,6.250466465950012
4,melville,217,austen,6.228958050409953
4,melville,217,fitzgerald,6.496439774831136
4,melville,217,twain,6.72221240401268
4,melville,218,train,5.780304431915283
4,melville,218,baum,6.408796191215515
4,melville,218,thompson,6.714943289756775
4,melville,218,dickens,6.465765688154432
4,melville,218,melville,6.300355339050293
4,melville,218,wells,6.2471699714660645
4,melville,218,austen,6.224983771642049
4,melville,218,fitzgerald,6.494340101877849
4,melville,218,twain,6.720450133085251
4,melville,219,train,5.770994305610657
4,melville,219,baum,6.402454137802124
4,melville,219,thompson,6.710937976837158
4,melville,219,dickens,6.462826251983643
4,melville,219,melville,6.29653959274292
4,melville,219,wells,6.245919466018677
4,melville,219,austen,6.223872900009155
4,melville,219,fitzgerald,6.489840745925903
4,melville,219,twain,6.71732759475708
4,melville,220,train,5.778039038181305
4,melville,220,baum,6.400393724441528
4,melville,220,thompson,6.710431098937988
4,melville,220,dickens,6.460011994397199
4,melville,220,melville,6.292669820785522
4,melville,220,wells,6.2421029806137085
4,melville,220,austen,6.219738483428955
4,melville,220,fitzgerald,6.488524516423543
4,melville,220,twain,6.7157683074474335
4,melville,221,train,5.764919877052307
4,melville,221,baum,6.397289633750916
4,melville,221,thompson,6.707226395606995
4,melville,221,dickens,6.459371054614032
4,melville,221,melville,6.288599348068237
4,melville,221,wells,6.2418612241745
4,melville,221,austen,6.219470183054606
4,melville,221,fitzgerald,6.486727476119995
4,melville,221,twain,6.713922023773193
4,melville,222,train,5.777535676956177
4,melville,222,baum,6.396981835365295
4,melville,222,thompson,6.710683107376099
4,melville,222,dickens,6.450205626311125
4,melville,222,melville,6.286580181121826
4,melville,222,wells,6.24475371837616
4,melville,222,austen,6.219748735427856
4,melville,222,fitzgerald,6.48594347635905
4,melville,222,twain,6.717258512973785
4,melville,223,train,5.723121762275696
4,melville,223,baum,6.396421909332275
4,melville,223,thompson,6.707314610481262
4,melville,223,dickens,6.447721640268962
4,melville,223,melville,6.281953954696656
4,melville,223,wells,6.24164342880249
4,melville,223,austen,6.21439774831136
4,melville,223,fitzgerald,6.484447717666626
4,melville,223,twain,6.716849118471146
4,melville,224,train,5.756382524967194
4,melville,224,baum,6.391300439834595
4,melville,224,thompson,6.705695509910584
4,melville,224,dickens,6.450382815466987
4,melville,224,melville,6.277598667144775
4,melville,224,wells,6.238674879074097
4,melville,224,austen,6.21228567759196
4,melville,224,fitzgerald,6.480911413828532
4,melville,224,twain,6.712426066398621
4,melville,225,train,5.732437193393707
4,melville,225,baum,6.390756368637085
4,melville,225,thompson,6.704938292503357
4,melville,225,dickens,6.454993618859185
4,melville,225,melville,6.27680983543396
4,melville,225,wells,6.2379502058029175
4,melville,225,austen,6.211674133936564
4,melville,225,fitzgerald,6.479986349741618
4,melville,225,twain,6.709612935781479
4,melville,226,train,5.744224429130554
4,melville,226,baum,6.387137532234192
4,melville,226,thompson,6.703633546829224
4,melville,226,dickens,6.4496175448099775
4,melville,226,melville,6.271347284317017
4,melville,226,wells,6.232013583183289
4,melville,226,austen,6.2038718064626055
4,melville,226,fitzgerald,6.478275060653687
4,melville,226,twain,6.7072044014930725
4,melville,227,train,5.70019143819809
4,melville,227,baum,6.388974189758301
4,melville,227,thompson,6.7041120529174805
4,melville,227,dickens,6.452666194350631
4,melville,227,melville,6.273490047454834
4,melville,227,wells,6.237581133842468
4,melville,227,austen,6.210890372594197
4,melville,227,fitzgerald,6.476831992467244
4,melville,227,twain,6.709248840808868
4,melville,228,train,5.737523853778839
4,melville,228,baum,6.385176301002502
4,melville,228,thompson,6.701367020606995
4,melville,228,dickens,6.440505469286883
4,melville,228,melville,6.269453001022339
4,melville,228,wells,6.2305485010147095
4,melville,228,austen,6.204989592234294
4,melville,228,fitzgerald,6.473312695821126
4,melville,228,twain,6.707813411951065
4,melville,229,train,5.740015983581543
4,melville,229,baum,6.378930568695068
4,melville,229,thompson,6.6952338218688965
4,melville,229,dickens,6.442154990302192
4,melville,229,melville,6.262510442733765
4,melville,229,wells,6.226280212402344
4,melville,229,austen,6.197849909464519
4,melville,229,fitzgerald,6.464993635813396
4,melville,229,twain,6.700362592935562
4,melville,230,train,5.6977927684783936
4,melville,230,baum,6.382848739624023
4,melville,230,thompson,6.700951933860779
4,melville,230,dickens,6.4450487207483365
4,melville,230,melville,6.2692687034606935
4,melville,230,wells,6.231017708778381
4,melville,230,austen,6.204251448313396
4,melville,230,fitzgerald,6.469074885050456
4,melville,230,twain,6.705453664064407
4,melville,231,train,5.729686081409454
4,melville,231,baum,6.376789808273315
4,melville,231,thompson,6.695333242416382
4,melville,231,dickens,6.4375392066107855
4,melville,231,melville,6.262697172164917
4,melville,231,wells,6.221160411834717
4,melville,231,austen,6.19434666633606
4,melville,231,fitzgerald,6.463647365570068
4,melville,231,twain,6.698932468891144
4,melville,232,train,5.728105366230011
4,melville,232,baum,6.3757792711257935
4,melville,232,thompson,6.691799163818359
4,melville,232,dickens,6.435165440594709
4,melville,232,melville,6.256714820861816
4,melville,232,wells,6.219780564308167
4,melville,232,austen,6.191299279530843
4,melville,232,fitzgerald,6.464970827102661
4,melville,232,twain,6.699805587530136
4,melville,233,train,5.723690867424011
4,melville,233,baum,6.376067280769348
4,melville,233,thompson,6.695766091346741
4,melville,233,dickens,6.442494251109936
4,melville,233,melville,6.2599427700042725
4,melville,233,wells,6.225428819656372
4,melville,233,austen,6.2001659870147705
4,melville,233,fitzgerald,6.4643363157908125
4,melville,233,twain,6.700017511844635
4,melville,234,train,5.7139862179756165
4,melville,234,baum,6.375191807746887
4,melville,234,thompson,6.693341374397278
4,melville,234,dickens,6.432805326249865
4,melville,234,melville,6.256379318237305
4,melville,234,wells,6.2198779582977295
4,melville,234,austen,6.193450768788655
4,melville,234,fitzgerald,6.460306326548259
4,melville,234,twain,6.699125438928604
4,melville,235,train,5.694478511810303
4,melville,235,baum,6.377381443977356
4,melville,235,thompson,6.692669749259949
4,melville,235,dickens,6.43557451389454
4,melville,235,melville,6.25395359992981
4,melville,235,wells,6.221065998077393
4,melville,235,austen,6.193841218948364
4,melville,235,fitzgerald,6.460111935933431
4,melville,235,twain,6.696910828351975
4,melville,236,train,5.674072325229645
4,melville,236,baum,6.368178367614746
4,melville,236,thompson,6.690176725387573
4,melville,236,dickens,6.4313394052011
4,melville,236,melville,6.247995090484619
4,melville,236,wells,6.214630961418152
4,melville,236,austen,6.187254269917806
4,melville,236,fitzgerald,6.455096642176311
4,melville,236,twain,6.693170487880707
4,melville,237,train,5.669058561325073
4,melville,237,baum,6.366943001747131
4,melville,237,thompson,6.688533544540405
4,melville,237,dickens,6.428021890145761
4,melville,237,melville,6.246757888793946
4,melville,237,wells,6.216135501861572
4,melville,237,austen,6.186759789784749
4,melville,237,fitzgerald,6.454381148020427
4,melville,237,twain,6.69527280330658
4,melville,238,train,5.639128148555756
4,melville,238,baum,6.369176030158997
4,melville,238,thompson,6.691083908081055
4,melville,238,dickens,6.426343193760625
4,melville,238,melville,6.248535680770874
4,melville,238,wells,6.217876553535461
4,melville,238,austen,6.185909032821655
4,melville,238,fitzgerald,6.456356445948283
4,melville,238,twain,6.696332901716232
4,melville,239,train,5.645164787769318
4,melville,239,baum,6.364861011505127
4,melville,239,thompson,6.687450408935547
4,melville,239,dickens,6.4228213628133135
4,melville,239,melville,6.243166923522949
4,melville,239,wells,6.211467385292053
4,melville,239,austen,6.1815292040507
4,melville,239,fitzgerald,6.451080958048503
4,melville,239,twain,6.690304726362228
4,melville,240,train,5.689294219017029
4,melville,240,baum,6.365575432777405
4,melville,240,thompson,6.690258145332336
4,melville,240,dickens,6.427162294034605
4,melville,240,melville,6.245472383499146
4,melville,240,wells,6.213367462158203
4,melville,240,austen,6.184830904006958
4,melville,240,fitzgerald,6.447444121042888
4,melville,240,twain,6.688968747854233
4,melville,241,train,5.668396830558777
4,melville,241,baum,6.359975576400757
4,melville,241,thompson,6.685220837593079
4,melville,241,dickens,6.422665507705124
4,melville,241,melville,6.241522264480591
4,melville,241,wells,6.205219745635986
4,melville,241,austen,6.179419835408528
4,melville,241,fitzgerald,6.4461829662323
4,melville,241,twain,6.684601157903671
4,melville,242,train,5.653878092765808
4,melville,242,baum,6.358098149299622
4,melville,242,thompson,6.684937000274658
4,melville,242,dickens,6.41543702726011
4,melville,242,melville,6.2393879890441895
4,melville,242,wells,6.206810474395752
4,melville,242,austen,6.177528778711955
4,melville,242,fitzgerald,6.446260531743367
4,melville,242,twain,6.689960807561874
4,melville,243,train,5.669805824756622
4,melville,243,baum,6.363160729408264
4,melville,243,thompson,6.686064839363098
4,melville,243,dickens,6.421505504184299
4,melville,243,melville,6.238581323623658
4,melville,243,wells,6.208568930625916
4,melville,243,austen,6.179140567779541
4,melville,243,fitzgerald,6.449072281519572
4,melville,243,twain,6.692253768444061
4,melville,244,train,5.6469186544418335
4,melville,244,baum,6.355594158172607
4,melville,244,thompson,6.679860591888428
4,melville,244,dickens,6.425041834513347
4,melville,244,melville,6.23267092704773
4,melville,244,wells,6.202734351158142
4,melville,244,austen,6.174336274464925
4,melville,244,fitzgerald,6.440704107284546
4,melville,244,twain,6.682857185602188
4,melville,245,train,5.645355463027954
4,melville,245,baum,6.355510354042053
4,melville,245,thompson,6.6784491539001465
4,melville,245,dickens,6.418815171277082
4,melville,245,melville,6.230013227462768
4,melville,245,wells,6.200301647186279
4,melville,245,austen,6.171462059020996
4,melville,245,fitzgerald,6.438879092534383
4,melville,245,twain,6.68143555521965
4,melville,246,train,5.650290608406067
4,melville,246,baum,6.3558502197265625
4,melville,246,thompson,6.681194305419922
4,melville,246,dickens,6.417956634804055
4,melville,246,melville,6.226941680908203
4,melville,246,wells,6.201781153678894
4,melville,246,austen,6.171754121780396
4,melville,246,fitzgerald,6.440103530883789
4,melville,246,twain,6.681416094303131
4,melville,247,train,5.65768826007843
4,melville,247,baum,6.35319185256958
4,melville,247,thompson,6.679768085479736
4,melville,247,dickens,6.411803139580621
4,melville,247,melville,6.221861362457275
4,melville,247,wells,6.19794237613678
4,melville,247,austen,6.164555549621582
4,melville,247,fitzgerald,6.438702344894409
4,melville,247,twain,6.682585835456848
4,melville,248,train,5.651735782623291
4,melville,248,baum,6.355216860771179
4,melville,248,thompson,6.680739641189575
4,melville,248,dickens,6.414202230947989
4,melville,248,melville,6.221867465972901
4,melville,248,wells,6.201319336891174
4,melville,248,austen,6.1702102820078535
4,melville,248,fitzgerald,6.4392885367075605
4,melville,248,twain,6.683214992284775
4,melville,249,train,5.610030889511108
4,melville,249,baum,6.352339148521423
4,melville,249,thompson,6.681398510932922
4,melville,249,dickens,6.410795017525002
4,melville,249,melville,6.219569206237793
4,melville,249,wells,6.196995973587036
4,melville,249,austen,6.167417844136556
4,melville,249,fitzgerald,6.438010613123576
4,melville,249,twain,6.681501269340515
4,melville,250,train,5.646690547466278
4,melville,250,baum,6.348705768585205
4,melville,250,thompson,6.67481791973114
4,melville,250,dickens,6.411079071186207
4,melville,250,melville,6.218966627120972
4,melville,250,wells,6.191943049430847
4,melville,250,austen,6.16521414120992
4,melville,250,fitzgerald,6.4313755830128985
4,melville,250,twain,6.6787325739860535
4,melville,251,train,5.604665398597717
4,melville,251,baum,6.348703742027283
4,melville,251,thompson,6.67464554309845
4,melville,251,dickens,6.4116770779645
4,melville,251,melville,6.217616987228394
4,melville,251,wells,6.193386793136597
4,melville,251,austen,6.166748285293579
4,melville,251,fitzgerald,6.429324547449748
4,melville,251,twain,6.676624298095703
4,melville,252,train,5.632657587528229
4,melville,252,baum,6.347890257835388
4,melville,252,thompson,6.676794409751892
4,melville,252,dickens,6.411810557047526
4,melville,252,melville,6.217076206207276
4,melville,252,wells,6.190860867500305
4,melville,252,austen,6.16339095433553
4,melville,252,fitzgerald,6.430639346440633
4,melville,252,twain,6.675501585006714
4,melville,253,train,5.616040527820587
4,melville,253,baum,6.342923879623413
4,melville,253,thompson,6.672831892967224
4,melville,253,dickens,6.404598200762713
4,melville,253,melville,6.210868406295776
4,melville,253,wells,6.186105847358704
4,melville,253,austen,6.158721446990967
4,melville,253,fitzgerald,6.426727453867595
4,melville,253,twain,6.671612024307251
4,melville,254,train,5.588719427585602
4,melville,254,baum,6.344135284423828
4,melville,254,thompson,6.672612190246582
4,melville,254,dickens,6.404275982468216
4,melville,254,melville,6.208351087570191
4,melville,254,wells,6.188477635383606
4,melville,254,austen,6.159772157669067
4,melville,254,fitzgerald,6.426584084828694
4,melville,254,twain,6.671443194150925
4,melville,255,train,5.617469072341919
4,melville,255,baum,6.350808382034302
4,melville,255,thompson,6.6780924797058105
4,melville,255,dickens,6.405818179801658
4,melville,255,melville,6.210288953781128
4,melville,255,wells,6.191179156303406
4,melville,255,austen,6.164469083150228
4,melville,255,fitzgerald,6.431198120117188
4,melville,255,twain,6.67740336060524
4,melville,256,train,5.581406950950623
4,melville,256,baum,6.346462607383728
4,melville,256,thompson,6.674475312232971
4,melville,256,dickens,6.396515528361003
4,melville,256,melville,6.205139112472534
4,melville,256,wells,6.187813639640808
4,melville,256,austen,6.159247001012166
4,melville,256,fitzgerald,6.428847948710124
4,melville,256,twain,6.677380323410034
4,melville,257,train,5.5946274399757385
4,melville,257,baum,6.345073938369751
4,melville,257,thompson,6.6715617179870605
4,melville,257,dickens,6.402149553652163
4,melville,257,melville,6.203100252151489
4,melville,257,wells,6.187962055206299
4,melville,257,austen,6.159855286280314
4,melville,257,fitzgerald,6.428399642308553
4,melville,257,twain,6.675372034311295
4,melville,258,train,5.593550086021423
4,melville,258,baum,6.339204668998718
4,melville,258,thompson,6.670044541358948
4,melville,258,dickens,6.39667957800406
4,melville,258,melville,6.202950716018677
4,melville,258,wells,6.183122873306274
4,melville,258,austen,6.155325651168823
4,melville,258,fitzgerald,6.423366785049439
4,melville,258,twain,6.670281082391739
4,melville,259,train,5.586344242095947
4,melville,259,baum,6.338749170303345
4,melville,259,thompson,6.670462131500244
4,melville,259,dickens,6.39212687810262
4,melville,259,melville,6.198370981216431
4,melville,259,wells,6.179882884025574
4,melville,259,austen,6.150483687718709
4,melville,259,fitzgerald,6.419803539911906
4,melville,259,twain,6.66877880692482
4,melville,260,train,5.568789005279541
4,melville,260,baum,6.341153383255005
4,melville,260,thompson,6.671734809875488
4,melville,260,dickens,6.40121512942844
4,melville,260,melville,6.200787925720215
4,melville,260,wells,6.185792922973633
4,melville,260,austen,6.157764991124471
4,melville,260,fitzgerald,6.42308783531189
4,melville,260,twain,6.669335901737213
4,melville,261,train,5.5926384925842285
4,melville,261,baum,6.337241530418396
4,melville,261,thompson,6.670617341995239
4,melville,261,dickens,6.3895659623322665
4,melville,261,melville,6.193790102005005
4,melville,261,wells,6.178605556488037
4,melville,261,austen,6.147134621938069
4,melville,261,fitzgerald,6.41861629486084
4,melville,261,twain,6.670574814081192
4,melville,262,train,5.559936583042145
4,melville,262,baum,6.333077549934387
4,melville,262,thompson,6.669906854629517
4,melville,262,dickens,6.392562512998228
4,melville,262,melville,6.195192766189575
4,melville,262,wells,6.178426265716553
4,melville,262,austen,6.1500670115153
4,melville,262,fitzgerald,6.417401313781738
4,melville,262,twain,6.668670237064362
4,melville,263,train,5.575634777545929
4,melville,263,baum,6.334013342857361
4,melville,263,thompson,6.6676061153411865
4,melville,263,dickens,6.388846273775454
4,melville,263,melville,6.191236305236816
4,melville,263,wells,6.17370343208313
4,melville,263,austen,6.144943952560425
4,melville,263,fitzgerald,6.414776007334392
4,melville,263,twain,6.669720232486725
4,melville,264,train,5.566674947738648
4,melville,264,baum,6.33577573299408
4,melville,264,thompson,6.67006516456604
4,melville,264,dickens,6.395078482451262
4,melville,264,melville,6.196179103851319
4,melville,264,wells,6.1799763441085815
4,melville,264,austen,6.1521345774332685
4,melville,264,fitzgerald,6.414774576822917
4,melville,264,twain,6.669647961854935
4,melville,265,train,5.587165117263794
4,melville,265,baum,6.328421354293823
4,melville,265,thompson,6.665717363357544
4,melville,265,dickens,6.38566635273121
4,melville,265,melville,6.188075399398803
4,melville,265,wells,6.170439839363098
4,melville,265,austen,6.137983322143555
4,melville,265,fitzgerald,6.407103697458903
4,melville,265,twain,6.66115266084671
4,melville,266,train,5.567618489265442
4,melville,266,baum,6.335268974304199
4,melville,266,thompson,6.666133642196655
4,melville,266,dickens,6.386754971963388
4,melville,266,melville,6.190469646453858
4,melville,266,wells,6.174445390701294
4,melville,266,austen,6.143002827962239
4,melville,266,fitzgerald,6.41137170791626
4,melville,266,twain,6.669507473707199
4,melville,267,train,5.5648433566093445
4,melville,267,baum,6.332867741584778
4,melville,267,thompson,6.66856861114502
4,melville,267,dickens,6.390726001174362
4,melville,267,melville,6.192523765563965
4,melville,267,wells,6.177592873573303
4,melville,267,austen,6.145960013071696
4,melville,267,fitzgerald,6.4097897211710615
4,melville,267,twain,6.665436208248138
4,melville,268,train,5.552977502346039
4,melville,268,baum,6.330145120620728
4,melville,268,thompson,6.665599465370178
4,melville,268,dickens,6.3822060690985785
4,melville,268,melville,6.187203979492187
4,melville,268,wells,6.174455285072327
4,melville,268,austen,6.142201821009318
4,melville,268,fitzgerald,6.408925771713257
4,melville,268,twain,6.666859567165375
4,melville,269,train,5.570413708686829
4,melville,269,baum,6.329156041145325
4,melville,269,thompson,6.663469552993774
4,melville,269,dickens,6.382505929028547
4,melville,269,melville,6.182176685333252
4,melville,269,wells,6.173771023750305
4,melville,269,austen,6.137896458307902
4,melville,269,fitzgerald,6.4101401170094805
4,melville,269,twain,6.665750175714493
4,melville,270,train,5.555230438709259
4,melville,270,baum,6.326423048973084
4,melville,270,thompson,6.664226055145264
4,melville,270,dickens,6.382507218254937
4,melville,270,melville,6.181998920440674
4,melville,270,wells,6.175482511520386
4,melville,270,austen,6.141165097554524
4,melville,270,fitzgerald,6.407005230585734
4,melville,270,twain,6.66485607624054
4,melville,271,train,5.523457586765289
4,melville,271,baum,6.328790545463562
4,melville,271,thompson,6.664865851402283
4,melville,271,dickens,6.375156049375181
4,melville,271,melville,6.181350326538086
4,melville,271,wells,6.1733763217926025
4,melville,271,austen,6.135069211324056
4,melville,271,fitzgerald,6.408044974009196
4,melville,271,twain,6.6669394969940186
4,melville,272,train,5.514350652694702
4,melville,272,baum,6.326269745826721
4,melville,272,thompson,6.663225173950195
4,melville,272,dickens,6.369540656054461
4,melville,272,melville,6.180112171173096
4,melville,272,wells,6.173504590988159
4,melville,272,austen,6.135512510935466
4,melville,272,fitzgerald,6.407484849294026
4,melville,272,twain,6.66881188750267
4,melville,273,train,5.514692902565002
4,melville,273,baum,6.3195847272872925
4,melville,273,thompson,6.657582402229309
4,melville,273,dickens,6.366838879055447
4,melville,273,melville,6.173132658004761
4,melville,273,wells,6.164323687553406
4,melville,273,austen,6.12680180867513
4,melville,273,fitzgerald,6.400638103485107
4,melville,273,twain,6.655223071575165
4,melville,274,train,5.524165689945221
4,melville,274,baum,6.320733308792114
4,melville,274,thompson,6.65795636177063
4,melville,274,dickens,6.369120173984104
4,melville,274,melville,6.174058103561402
4,melville,274,wells,6.16681694984436
4,melville,274,austen,6.131791273752849
4,melville,274,fitzgerald,6.401758432388306
4,melville,274,twain,6.659055233001709
4,melville,275,train,5.513009309768677
4,melville,275,baum,6.319310426712036
4,melville,275,thompson,6.659713983535767
4,melville,275,dickens,6.370236485092728
4,melville,275,melville,6.175511932373047
4,melville,275,wells,6.169292569160461
4,melville,275,austen,6.130860487620036
4,melville,275,fitzgerald,6.400577783584595
4,melville,275,twain,6.661764860153198
4,melville,276,train,5.500815510749817
4,melville,276,baum,6.319114565849304
4,melville,276,thompson,6.657045483589172
4,melville,276,dickens,6.365211539798313
4,melville,276,melville,6.171509265899658
4,melville,276,wells,6.164579153060913
4,melville,276,austen,6.130932887395223
4,melville,276,fitzgerald,6.4017872015635175
4,melville,276,twain,6.660374224185944
4,melville,277,train,5.524223983287811
4,melville,277,baum,6.317416191101074
4,melville,277,thompson,6.658781409263611
4,melville,277,dickens,6.371737621448658
4,melville,277,melville,6.170603370666504
4,melville,277,wells,6.162462592124939
4,melville,277,austen,6.12784989674886
4,melville,277,fitzgerald,6.399762471516927
4,melville,277,twain,6.654976665973663
4,melville,278,train,5.490888714790344
4,melville,278,baum,6.315657019615173
4,melville,278,thompson,6.658063054084778
4,melville,278,dickens,6.367568122016059
4,melville,278,melville,6.170025062561035
4,melville,278,wells,6.159469842910767
4,melville,278,austen,6.126256783803304
4,melville,278,fitzgerald,6.396618207295735
4,melville,278,twain,6.655127733945847
4,melville,279,train,5.524065852165222
4,melville,279,baum,6.32418429851532
4,melville,279,thompson,6.66537606716156
4,melville,279,dickens,6.373211631068477
4,melville,279,melville,6.173802375793457
4,melville,279,wells,6.168499112129211
4,melville,279,austen,6.133345127105713
4,melville,279,fitzgerald,6.404359499613444
4,melville,279,twain,6.664978474378586
4,melville,280,train,5.476813733577728
4,melville,280,baum,6.313360929489136
4,melville,280,thompson,6.656248688697815
4,melville,280,dickens,6.364088323381212
4,melville,280,melville,6.165712594985962
4,melville,280,wells,6.160727262496948
4,melville,280,austen,6.124564170837402
4,melville,280,fitzgerald,6.392507950464885
4,melville,280,twain,6.655059367418289
4,melville,281,train,5.481615722179413
4,melville,281,baum,6.322718858718872
4,melville,281,thompson,6.6621174812316895
4,melville,281,dickens,6.3785871752986205
4,melville,281,melville,6.167478227615357
4,melville,281,wells,6.162879705429077
4,melville,281,austen,6.130215406417847
4,melville,281,fitzgerald,6.39822260538737
4,melville,281,twain,6.655591160058975
4,melville,282,train,5.494963824748993
4,melville,282,baum,6.31096339225769
4,melville,282,thompson,6.655791640281677
4,melville,282,dickens,6.361730575561523
4,melville,282,melville,6.161957597732544
4,melville,282,wells,6.158920168876648
4,melville,282,austen,6.123961846033732
4,melville,282,fitzgerald,6.3930801550547285
4,melville,282,twain,6.653305292129517
4,melville,283,train,5.494612693786621
4,melville,283,baum,6.312333941459656
4,melville,283,thompson,6.653822064399719
4,melville,283,dickens,6.357570718835901
4,melville,283,melville,6.159186172485351
4,melville,283,wells,6.156949043273926
4,melville,283,austen,6.120168209075928
4,melville,283,fitzgerald,6.39481536547343
4,melville,283,twain,6.6548179388046265
4,melville,284,train,5.474068641662598
4,melville,284,baum,6.31253457069397
4,melville,284,thompson,6.658268332481384
4,melville,284,dickens,6.365910883303042
4,melville,284,melville,6.158697652816772
4,melville,284,wells,6.163362503051758
4,melville,284,austen,6.129443883895874
4,melville,284,fitzgerald,6.397981484731038
4,melville,284,twain,6.656775534152985
4,melville,285,train,5.476893067359924
4,melville,285,baum,6.308192014694214
4,melville,285,thompson,6.652193307876587
4,melville,285,dickens,6.354891105934426
4,melville,285,melville,6.151919937133789
4,melville,285,wells,6.1567981243133545
4,melville,285,austen,6.118065118789673
4,melville,285,fitzgerald,6.394299825032552
4,melville,285,twain,6.655186682939529
4,melville,286,train,5.476542770862579
4,melville,286,baum,6.314751744270325
4,melville,286,thompson,6.657440185546875
4,melville,286,dickens,6.359629366132948
4,melville,286,melville,6.154720687866211
4,melville,286,wells,6.1588441133499146
4,melville,286,austen,6.123500347137451
4,melville,286,fitzgerald,6.393605947494507
4,melville,286,twain,6.651959627866745
4,melville,287,train,5.453837335109711
4,melville,287,baum,6.308338046073914
4,melville,287,thompson,6.656135678291321
4,melville,287,dickens,6.358163533387361
4,melville,287,melville,6.152072811126709
4,melville,287,wells,6.15769362449646
4,melville,287,austen,6.117775758107503
4,melville,287,fitzgerald,6.389616966247559
4,melville,287,twain,6.651768207550049
4,melville,288,train,5.443584501743317
4,melville,288,baum,6.311497926712036
4,melville,288,thompson,6.654834628105164
4,melville,288,dickens,6.35075800507157
4,melville,288,melville,6.151381540298462
4,melville,288,wells,6.1538074016571045
4,melville,288,austen,6.114288965861003
4,melville,288,fitzgerald,6.392140070597331
4,melville,288,twain,6.655720353126526
4,melville,289,train,5.4746891260147095
4,melville,289,baum,6.311501383781433
4,melville,289,thompson,6.654343843460083
4,melville,289,dickens,6.356642546477141
4,melville,289,melville,6.151377201080322
4,melville,289,wells,6.154411315917969
4,melville,289,austen,6.11824631690979
4,melville,289,fitzgerald,6.393025875091553
4,melville,289,twain,6.65109971165657
4,melville,290,train,5.46480655670166
4,melville,290,baum,6.310573816299439
4,melville,290,thompson,6.65719485282898
4,melville,290,dickens,6.356917257662173
4,melville,290,melville,6.147054290771484
4,melville,290,wells,6.154346823692322
4,melville,290,austen,6.119147777557373
4,melville,290,fitzgerald,6.392348607381185
4,melville,290,twain,6.652855932712555
4,melville,291,train,5.449128806591034
4,melville,291,baum,6.305977702140808
4,melville,291,thompson,6.654505848884583
4,melville,291,dickens,6.354293876224094
4,melville,291,melville,6.141942024230957
4,melville,291,wells,6.147006869316101
4,melville,291,austen,6.113410711288452
4,melville,291,fitzgerald,6.387818495432536
4,melville,291,twain,6.650670915842056
4,melville,292,train,5.458513915538788
4,melville,292,baum,6.312456846237183
4,melville,292,thompson,6.657732367515564
4,melville,292,dickens,6.3567737296775535
4,melville,292,melville,6.145414638519287
4,melville,292,wells,6.152469038963318
4,melville,292,austen,6.120599587758382
4,melville,292,fitzgerald,6.3920479615529375
4,melville,292,twain,6.653219699859619
4,melville,293,train,5.450981140136719
4,melville,293,baum,6.309014916419983
4,melville,293,thompson,6.65533709526062
4,melville,293,dickens,6.357262205194544
4,melville,293,melville,6.145207595825196
4,melville,293,wells,6.149844408035278
4,melville,293,austen,6.1154641310373945
4,melville,293,fitzgerald,6.388639052708943
4,melville,293,twain,6.649793326854706
4,melville,294,train,5.426422655582428
4,melville,294,baum,6.312646269798279
4,melville,294,thompson,6.656209111213684
4,melville,294,dickens,6.359047236265959
4,melville,294,melville,6.1461326599121096
4,melville,294,wells,6.147701144218445
4,melville,294,austen,6.1129434903462725
4,melville,294,fitzgerald,6.392772992451985
4,melville,294,twain,6.652910977602005
4,melville,295,train,5.440738141536713
4,melville,295,baum,6.310786724090576
4,melville,295,thompson,6.655946850776672
4,melville,295,dickens,6.354068985691777
4,melville,295,melville,6.142990350723267
4,melville,295,wells,6.149779677391052
4,melville,295,austen,6.116276820500691
4,melville,295,fitzgerald,6.3933102289835615
4,melville,295,twain,6.652234226465225
4,melville,296,train,5.433596134185791
4,melville,296,baum,6.310427188873291
4,melville,296,thompson,6.657511949539185
4,melville,296,dickens,6.359177748362224
4,melville,296,melville,6.143093013763428
4,melville,296,wells,6.153638005256653
4,melville,296,austen,6.119304259618123
4,melville,296,fitzgerald,6.389845212300618
4,melville,296,twain,6.65100958943367
4,melville,297,train,5.446466386318207
4,melville,297,baum,6.30875551700592
4,melville,297,thompson,6.65487802028656
4,melville,297,dickens,6.35081958770752
4,melville,297,melville,6.137945604324341
4,melville,297,wells,6.149645805358887
4,melville,297,austen,6.1108832359313965
4,melville,297,fitzgerald,6.387163559595744
4,melville,297,twain,6.652787864208221
4,melville,298,train,5.408284783363342
4,melville,298,baum,6.305418491363525
4,melville,298,thompson,6.653029561042786
4,melville,298,dickens,6.347365626582393
4,melville,298,melville,6.138239479064941
4,melville,298,wells,6.1478060483932495
4,melville,298,austen,6.109188874562581
4,melville,298,fitzgerald,6.387446403503418
4,melville,298,twain,6.65295147895813
4,melville,299,train,5.41893881559372
4,melville,299,baum,6.305948257446289
4,melville,299,thompson,6.652106523513794
4,melville,299,dickens,6.346124666708487
4,melville,299,melville,6.136336803436279
4,melville,299,wells,6.151199102401733
4,melville,299,austen,6.111462752024333
4,melville,299,fitzgerald,6.386906226476033
4,melville,299,twain,6.653234541416168
4,melville,300,train,5.449639141559601
4,melville,300,baum,6.30409300327301
4,melville,300,thompson,6.65011465549469
4,melville,300,dickens,6.346016212745949
4,melville,300,melville,6.131934452056885
4,melville,300,wells,6.148670792579651
4,melville,300,austen,6.1079334417978925
4,melville,300,fitzgerald,6.384922981262207
4,melville,300,twain,6.651473164558411
4,melville,301,train,5.423626184463501
4,melville,301,baum,6.306018233299255
4,melville,301,thompson,6.6528812646865845
4,melville,301,dickens,6.345207832477711
4,melville,301,melville,6.128816032409668
4,melville,301,wells,6.147234320640564
4,melville,301,austen,6.1072572072347
4,melville,301,fitzgerald,6.385532776514689
4,melville,301,twain,6.648985713720322
4,melville,302,train,5.425688982009888
4,melville,302,baum,6.303927540779114
4,melville,302,thompson,6.653170943260193
4,melville,302,dickens,6.345738834804958
4,melville,302,melville,6.127153110504151
4,melville,302,wells,6.145658731460571
4,melville,302,austen,6.10417381922404
4,melville,302,fitzgerald,6.385415156682332
4,melville,302,twain,6.653017669916153
4,melville,303,train,5.414358079433441
4,melville,303,baum,6.300383448600769
4,melville,303,thompson,6.651370048522949
4,melville,303,dickens,6.343639868277091
4,melville,303,melville,6.125757026672363
4,melville,303,wells,6.141614675521851
4,melville,303,austen,6.102083921432495
4,melville,303,fitzgerald,6.381858110427856
4,melville,303,twain,6.647840559482575
4,melville,304,train,5.410269677639008
4,melville,304,baum,6.304230213165283
4,melville,304,thompson,6.6524025201797485
4,melville,304,dickens,6.341505527496338
4,melville,304,melville,6.126830148696899
4,melville,304,wells,6.149757623672485
4,melville,304,austen,6.1069982051849365
4,melville,304,fitzgerald,6.386903365453084
4,melville,304,twain,6.651965200901032
4,melville,305,train,5.400330305099487
4,melville,305,baum,6.299369812011719
4,melville,305,thompson,6.649395823478699
4,melville,305,dickens,6.344856474134657
4,melville,305,melville,6.123912143707275
4,melville,305,wells,6.142478346824646
4,melville,305,austen,6.1027512550354
4,melville,305,fitzgerald,6.383090972900391
4,melville,305,twain,6.648571938276291
4,melville,306,train,5.36020302772522
4,melville,306,baum,6.299589157104492
4,melville,306,thompson,6.649869918823242
4,melville,306,dickens,6.344801973413538
4,melville,306,melville,6.123361396789551
4,melville,306,wells,6.1399760246276855
4,melville,306,austen,6.102444092432658
4,melville,306,fitzgerald,6.380577087402344
4,melville,306,twain,6.645969212055206
4,melville,307,train,5.407416760921478
4,melville,307,baum,6.303524255752564
4,melville,307,thompson,6.655750036239624
4,melville,307,dickens,6.349096121611418
4,melville,307,melville,6.125174951553345
4,melville,307,wells,6.145519495010376
4,melville,307,austen,6.107211987177531
4,melville,307,fitzgerald,6.386088212331136
4,melville,307,twain,6.650101363658905
4,melville,308,train,5.405890643596649
4,melville,308,baum,6.296432495117188
4,melville,308,thompson,6.6443727016448975
4,melville,308,dickens,6.341910009030943
4,melville,308,melville,6.116882753372193
4,melville,308,wells,6.133811950683594
4,melville,308,austen,6.099904616673787
4,melville,308,fitzgerald,6.37569801012675
4,melville,308,twain,6.642085701227188
4,melville,309,train,5.397656977176666
4,melville,309,baum,6.301825165748596
4,melville,309,thompson,6.647053599357605
4,melville,309,dickens,6.344677306987621
4,melville,309,melville,6.122529411315918
4,melville,309,wells,6.137907981872559
4,melville,309,austen,6.102181355158488
4,melville,309,fitzgerald,6.379653135935466
4,melville,309,twain,6.646372407674789
4,melville,310,train,5.398476660251617
4,melville,310,baum,6.298676729202271
4,melville,310,thompson,6.648265957832336
4,melville,310,dickens,6.344806618160671
4,melville,310,melville,6.118970108032227
4,melville,310,wells,6.140527963638306
4,melville,310,austen,6.10370397567749
4,melville,310,fitzgerald,6.379993438720703
4,melville,310,twain,6.646091610193253
4,melville,311,train,5.356817662715912
4,melville,311,baum,6.298323631286621
4,melville,311,thompson,6.646098256111145
4,melville,311,dickens,6.342173752961336
4,melville,311,melville,6.115662002563477
4,melville,311,wells,6.137767195701599
4,melville,311,austen,6.097939491271973
4,melville,311,fitzgerald,6.3796437581380205
4,melville,311,twain,6.645105212926865
4,melville,312,train,5.376846432685852
4,melville,312,baum,6.301064372062683
4,melville,312,thompson,6.6508883237838745
4,melville,312,dickens,6.346186372968885
4,melville,312,melville,6.119394731521607
4,melville,312,wells,6.141025185585022
4,melville,312,austen,6.104581753412883
4,melville,312,fitzgerald,6.381430546442668
4,melville,312,twain,6.644764184951782
4,melville,313,train,5.37358033657074
4,melville,313,baum,6.294664025306702
4,melville,313,thompson,6.645009398460388
4,melville,313,dickens,6.337459140353733
4,melville,313,melville,6.113240814208984
4,melville,313,wells,6.132596492767334
4,melville,313,austen,6.094202756881714
4,melville,313,fitzgerald,6.376887559890747
4,melville,313,twain,6.643488347530365
4,melville,314,train,5.3654298186302185
4,melville,314,baum,6.300989270210266
4,melville,314,thompson,6.648235321044922
4,melville,314,dickens,6.341387430826823
4,melville,314,melville,6.116686677932739
4,melville,314,wells,6.138959169387817
4,melville,314,austen,6.09874963760376
4,melville,314,fitzgerald,6.379394928614299
4,melville,314,twain,6.648211985826492
4,melville,315,train,5.3548784255981445
4,melville,315,baum,6.296980738639832
4,melville,315,thompson,6.644535660743713
4,melville,315,dickens,6.344076209598118
4,melville,315,melville,6.1119791030883786
4,melville,315,wells,6.135130763053894
4,melville,315,austen,6.09794282913208
4,melville,315,fitzgerald,6.375211795171102
4,melville,315,twain,6.644781976938248
4,melville,316,train,5.379895627498627
4,melville,316,baum,6.293026924133301
4,melville,316,thompson,6.646178126335144
4,melville,316,dickens,6.348282867007786
4,melville,316,melville,6.113221645355225
4,melville,316,wells,6.136116027832031
4,melville,316,austen,6.099485635757446
4,melville,316,fitzgerald,6.377405563990275
4,melville,316,twain,6.644343376159668
4,melville,317,train,5.344383537769318
4,melville,317,baum,6.294316291809082
4,melville,317,thompson,6.640699982643127
4,melville,317,dickens,6.339062955644396
4,melville,317,melville,6.105666875839233
4,melville,317,wells,6.131424427032471
4,melville,317,austen,6.092671473821004
4,melville,317,fitzgerald,6.373928546905518
4,melville,317,twain,6.641898989677429
4,melville,318,train,5.353188455104828
4,melville,318,baum,6.290723443031311
4,melville,318,thompson,6.644564628601074
4,melville,318,dickens,6.344396944399233
4,melville,318,melville,6.105494642257691
4,melville,318,wells,6.133430600166321
4,melville,318,austen,6.094483772913615
4,melville,318,fitzgerald,6.372067133585612
4,melville,318,twain,6.640656590461731
4,melville,319,train,5.37398499250412
4,melville,319,baum,6.29730761051178
4,melville,319,thompson,6.650701522827148
4,melville,319,dickens,6.353404098086887
4,melville,319,melville,6.108940649032593
4,melville,319,wells,6.138376235961914
4,melville,319,austen,6.100178798039754
4,melville,319,fitzgerald,6.381003777186076
4,melville,319,twain,6.648095011711121
4,melville,320,train,5.380437970161438
4,melville,320,baum,6.301293611526489
4,melville,320,thompson,6.654059767723084
4,melville,320,dickens,6.355206489562988
4,melville,320,melville,6.109132719039917
4,melville,320,wells,6.142212986946106
4,melville,320,austen,6.102409442265828
4,melville,320,fitzgerald,6.385096073150635
4,melville,320,twain,6.650011479854584
4,melville,321,train,5.34183007478714
4,melville,321,baum,6.2966954708099365
4,melville,321,thompson,6.645050764083862
4,melville,321,dickens,6.344234448892099
4,melville,321,melville,6.099062299728393
4,melville,321,wells,6.134507298469544
4,melville,321,austen,6.093367576599121
4,melville,321,fitzgerald,6.380420287450154
4,melville,321,twain,6.643326014280319
4,melville,322,train,5.32879638671875
4,melville,322,baum,6.291453123092651
4,melville,322,thompson,6.648462891578674
4,melville,322,dickens,6.342266577261466
4,melville,322,melville,6.099794960021972
4,melville,322,wells,6.134253144264221
4,melville,322,austen,6.091118812561035
4,melville,322,fitzgerald,6.373440663019816
4,melville,322,twain,6.64206999540329
4,melville,323,train,5.343813002109528
4,melville,323,baum,6.298471689224243
4,melville,323,thompson,6.644775748252869
4,melville,323,dickens,6.342548105451796
4,melville,323,melville,6.101405572891236
4,melville,323,wells,6.133353590965271
4,melville,323,austen,6.092969973882039
4,melville,323,fitzgerald,6.37541405359904
4,melville,323,twain,6.643723636865616
4,melville,324,train,5.350625157356262
4,melville,324,baum,6.297666549682617
4,melville,324,thompson,6.649024724960327
4,melville,324,dickens,6.349100077593768
4,melville,324,melville,6.102341938018799
4,melville,324,wells,6.137603163719177
4,melville,324,austen,6.099687496821086
4,melville,324,fitzgerald,6.37945024172465
4,melville,324,twain,6.645987957715988
4,melville,325,train,5.300019919872284
4,melville,325,baum,6.294132113456726
4,melville,325,thompson,6.646725416183472
4,melville,325,dickens,6.339994942700422
4,melville,325,melville,6.099198055267334
4,melville,325,wells,6.135011196136475
4,melville,325,austen,6.093915303548177
4,melville,325,fitzgerald,6.374799172083537
4,melville,325,twain,6.645063638687134
4,melville,326,train,5.3484450578689575
4,melville,326,baum,6.29071831703186
4,melville,326,thompson,6.643474459648132
4,melville,326,dickens,6.338369722719546
4,melville,326,melville,6.094851112365722
4,melville,326,wells,6.128019332885742
4,melville,326,austen,6.089049498240153
4,melville,326,fitzgerald,6.373407363891602
4,melville,326,twain,6.641587406396866
4,melville,327,train,5.31854259967804
4,melville,327,baum,6.291367769241333
4,melville,327,thompson,6.6480467319488525
4,melville,327,dickens,6.343882931603326
4,melville,327,melville,6.102967309951782
4,melville,327,wells,6.133049964904785
4,melville,327,austen,6.099511543909709
4,melville,327,fitzgerald,6.372983694076538
4,melville,327,twain,6.640992164611816
4,melville,328,train,5.306039035320282
4,melville,328,baum,6.289106488227844
4,melville,328,thompson,6.647756338119507
4,melville,328,dickens,6.332240599173087
4,melville,328,melville,6.09859266281128
4,melville,328,wells,6.132031321525574
4,melville,328,austen,6.09071151415507
4,melville,328,fitzgerald,6.372589111328125
4,melville,328,twain,6.644538074731827
4,melville,329,train,5.294938504695892
4,melville,329,baum,6.291186094284058
4,melville,329,thompson,6.646386981010437
4,melville,329,dickens,6.324534751750805
4,melville,329,melville,6.097463321685791
4,melville,329,wells,6.128580093383789
4,melville,329,austen,6.088464975357056
4,melville,329,fitzgerald,6.372662941614787
4,melville,329,twain,6.6478201150894165
4,melville,330,train,5.311350345611572
4,melville,330,baum,6.293678879737854
4,melville,330,thompson,6.647358059883118
4,melville,330,dickens,6.329779324708162
4,melville,330,melville,6.096639633178711
4,melville,330,wells,6.1285271644592285
4,melville,330,austen,6.088358084360759
4,melville,330,fitzgerald,6.373963197072347
4,melville,330,twain,6.644200533628464
4,melville,331,train,5.332494378089905
4,melville,331,baum,6.291052937507629
4,melville,331,thompson,6.645069003105164
4,melville,331,dickens,6.332943015628391
4,melville,331,melville,6.099325466156006
4,melville,331,wells,6.132368087768555
4,melville,331,austen,6.09654704729716
4,melville,331,fitzgerald,6.372913837432861
4,melville,331,twain,6.643979370594025
4,melville,332,train,5.312130272388458
4,melville,332,baum,6.290780425071716
4,melville,332,thompson,6.644406795501709
4,melville,332,dickens,6.332442707485622
4,melville,332,melville,6.103007316589356
4,melville,332,wells,6.129362225532532
4,melville,332,austen,6.094266891479492
4,melville,332,fitzgerald,6.36843729019165
4,melville,332,twain,6.638848125934601
4,melville,333,train,5.300022184848785
4,melville,333,baum,6.291364431381226
4,melville,333,thompson,6.642978549003601
4,melville,333,dickens,6.328241136338976
4,melville,333,melville,6.099295616149902
4,melville,333,wells,6.126653671264648
4,melville,333,austen,6.087173382441203
4,melville,333,fitzgerald,6.367681662241618
4,melville,333,twain,6.641447573900223
4,melville,334,train,5.311367511749268
4,melville,334,baum,6.287442088127136
4,melville,334,thompson,6.641731858253479
4,melville,334,dickens,6.331210471965648
4,melville,334,melville,6.098422431945801
4,melville,334,wells,6.127045869827271
4,melville,334,austen,6.0886140664418535
4,melville,334,fitzgerald,6.367239395777385
4,melville,334,twain,6.6399939358234406
4,melville,335,train,5.324041604995728
4,melville,335,baum,6.292159080505371
4,melville,335,thompson,6.645935416221619
4,melville,335,dickens,6.33308744430542
4,melville,335,melville,6.098558378219605
4,melville,335,wells,6.127765893936157
4,melville,335,austen,6.088477691014608
4,melville,335,fitzgerald,6.371108690897624
4,melville,335,twain,6.642144471406937
4,melville,336,train,5.305279493331909
4,melville,336,baum,6.292965650558472
4,melville,336,thompson,6.646038055419922
4,melville,336,dickens,6.330950948927137
4,melville,336,melville,6.0955767154693605
4,melville,336,wells,6.125773787498474
4,melville,336,austen,6.085437297821045
4,melville,336,fitzgerald,6.369478702545166
4,melville,336,twain,6.64225572347641
4,melville,337,train,5.282075941562653
4,melville,337,baum,6.284659266471863
4,melville,337,thompson,6.6415334939956665
4,melville,337,dickens,6.333567513359918
4,melville,337,melville,6.091602420806884
4,melville,337,wells,6.125434398651123
4,melville,337,austen,6.08826478322347
4,melville,337,fitzgerald,6.36884872118632
4,melville,337,twain,6.635884195566177
4,melville,338,train,5.286177694797516
4,melville,338,baum,6.287935495376587
4,melville,338,thompson,6.643781065940857
4,melville,338,dickens,6.329293233376962
4,melville,338,melville,6.094507551193237
4,melville,338,wells,6.127028107643127
4,melville,338,austen,6.0882801214853925
4,melville,338,fitzgerald,6.367902914683024
4,melville,338,twain,6.639084994792938
4,melville,339,train,5.309684693813324
4,melville,339,baum,6.287256360054016
4,melville,339,thompson,6.638912320137024
4,melville,339,dickens,6.327208165769224
4,melville,339,melville,6.090535974502563
4,melville,339,wells,6.121110916137695
4,melville,339,austen,6.086944659550984
4,melville,339,fitzgerald,6.364786545435588
4,melville,339,twain,6.637397348880768
4,melville,340,train,5.264163315296173
4,melville,340,baum,6.283958911895752
4,melville,340,thompson,6.641554594039917
4,melville,340,dickens,6.328800272058557
4,melville,340,melville,6.0892863273620605
4,melville,340,wells,6.127513885498047
4,melville,340,austen,6.092340389887492
4,melville,340,fitzgerald,6.360818227132161
4,melville,340,twain,6.638339519500732
4,melville,341,train,5.283060312271118
4,melville,341,baum,6.292290329933167
4,melville,341,thompson,6.645919680595398
4,melville,341,dickens,6.327224925712303
4,melville,341,melville,6.089687299728394
4,melville,341,wells,6.1253591775894165
4,melville,341,austen,6.088409423828125
4,melville,341,fitzgerald,6.3708938757578535
4,melville,341,twain,6.648265957832336
4,melville,342,train,5.300344288349152
4,melville,342,baum,6.286559581756592
4,melville,342,thompson,6.64437210559845
4,melville,342,dickens,6.327335763860632
4,melville,342,melville,6.091049814224244
4,melville,342,wells,6.123927712440491
4,melville,342,austen,6.088004906972249
4,melville,342,fitzgerald,6.36590035756429
4,melville,342,twain,6.6406605541706085
4,melville,343,train,5.271046042442322
4,melville,343,baum,6.287963509559631
4,melville,343,thompson,6.645474433898926
4,melville,343,dickens,6.325173007117377
4,melville,343,melville,6.088295602798462
4,melville,343,wells,6.123360395431519
4,melville,343,austen,6.082472801208496
4,melville,343,fitzgerald,6.366053342819214
4,melville,343,twain,6.640751093626022
4,melville,344,train,5.300677835941315
4,melville,344,baum,6.286074876785278
4,melville,344,thompson,6.640010356903076
4,melville,344,dickens,6.316907900351065
4,melville,344,melville,6.083745431900025
4,melville,344,wells,6.119888186454773
4,melville,344,austen,6.079194784164429
4,melville,344,fitzgerald,6.3620186646779375
4,melville,344,twain,6.638741999864578
4,melville,345,train,5.270667672157288
4,melville,345,baum,6.287251591682434
4,melville,345,thompson,6.641745686531067
4,melville,345,dickens,6.319776128839563
4,melville,345,melville,6.083339881896973
4,melville,345,wells,6.1248356103897095
4,melville,345,austen,6.087701082229614
4,melville,345,fitzgerald,6.364851395289104
4,melville,345,twain,6.639076292514801
4,melville,346,train,5.279167592525482
4,melville,346,baum,6.2868757247924805
4,melville,346,thompson,6.639729976654053
4,melville,346,dickens,6.319987614949544
4,melville,346,melville,6.080807304382324
4,melville,346,wells,6.116925358772278
4,melville,346,austen,6.083122968673706
4,melville,346,fitzgerald,6.364323933919271
4,melville,346,twain,6.63995561003685
4,melville,347,train,5.259699642658234
4,melville,347,baum,6.284092664718628
4,melville,347,thompson,6.639179587364197
4,melville,347,dickens,6.321404810304995
4,melville,347,melville,6.07924189567566
4,melville,347,wells,6.119110703468323
4,melville,347,austen,6.083138863245647
4,melville,347,fitzgerald,6.361905813217163
4,melville,347,twain,6.636581242084503
4,melville,348,train,5.279317557811737
4,melville,348,baum,6.283974051475525
4,melville,348,thompson,6.640289545059204
4,melville,348,dickens,6.321313911014133
4,melville,348,melville,6.077894783020019
4,melville,348,wells,6.119965791702271
4,melville,348,austen,6.081880489985148
4,melville,348,fitzgerald,6.362894455591838
4,melville,348,twain,6.639942556619644
4,melville,349,train,5.278971970081329
4,melville,349,baum,6.286992430686951
4,melville,349,thompson,6.639451265335083
4,melville,349,dickens,6.32217929981373
4,melville,349,melville,6.079268598556519
4,melville,349,wells,6.123040437698364
4,melville,349,austen,6.083175341288249
4,melville,349,fitzgerald,6.364593108495076
4,melville,349,twain,6.643246740102768
4,melville,350,train,5.253189980983734
4,melville,350,baum,6.283820509910584
4,melville,350,thompson,6.637515187263489
4,melville,350,dickens,6.322744086936668
4,melville,350,melville,6.077405118942261
4,melville,350,wells,6.122830390930176
4,melville,350,austen,6.082393169403076
4,melville,350,fitzgerald,6.365854899088542
4,melville,350,twain,6.641620397567749
4,melville,351,train,5.259943664073944
4,melville,351,baum,6.288607120513916
4,melville,351,thompson,6.643444061279297
4,melville,351,dickens,6.32560611654211
4,melville,351,melville,6.078401851654053
4,melville,351,wells,6.124432682991028
4,melville,351,austen,6.082815488179524
4,melville,351,fitzgerald,6.369368553161621
4,melville,351,twain,6.64409014582634
4,melville,352,train,5.248059570789337
4,melville,352,baum,6.285330772399902
4,melville,352,thompson,6.638835549354553
4,melville,352,dickens,6.31761559733638
4,melville,352,melville,6.077528381347657
4,melville,352,wells,6.125357270240784
4,melville,352,austen,6.085562547047933
4,melville,352,fitzgerald,6.363698879877727
4,melville,352,twain,6.640930652618408
4,melville,353,train,5.221924364566803
4,melville,353,baum,6.288078188896179
4,melville,353,thompson,6.640333414077759
4,melville,353,dickens,6.315155982971191
4,melville,353,melville,6.076619958877563
4,melville,353,wells,6.124851226806641
4,melville,353,austen,6.07880973815918
4,melville,353,fitzgerald,6.367712577184041
4,melville,353,twain,6.644161760807037
4,melville,354,train,5.242808222770691
4,melville,354,baum,6.287180423736572
4,melville,354,thompson,6.6399688720703125
4,melville,354,dickens,6.3131086738021285
4,melville,354,melville,6.077351379394531
4,melville,354,wells,6.122861981391907
4,melville,354,austen,6.083069960276286
4,melville,354,fitzgerald,6.364532868067424
4,melville,354,twain,6.642495036125183
4,melville,355,train,5.244598984718323
4,melville,355,baum,6.283393383026123
4,melville,355,thompson,6.637801647186279
4,melville,355,dickens,6.313489401782
4,melville,355,melville,6.075387954711914
4,melville,355,wells,6.122966885566711
4,melville,355,austen,6.085532188415527
4,melville,355,fitzgerald,6.36762809753418
4,melville,355,twain,6.643270909786224
4,melville,356,train,5.259670257568359
4,melville,356,baum,6.286284565925598
4,melville,356,thompson,6.640597939491272
4,melville,356,dickens,6.325010352664524
4,melville,356,melville,6.076718711853028
4,melville,356,wells,6.122825741767883
4,melville,356,austen,6.086339712142944
4,melville,356,fitzgerald,6.364801009496053
4,melville,356,twain,6.6412917375564575
4,melville,357,train,5.237292468547821
4,melville,357,baum,6.287729620933533
4,melville,357,thompson,6.644951820373535
4,melville,357,dickens,6.3172844250996905
4,melville,357,melville,6.076564598083496
4,melville,357,wells,6.125762224197388
4,melville,357,austen,6.0827476978302
4,melville,357,fitzgerald,6.368346691131592
4,melville,357,twain,6.642937064170837
4,melville,358,train,5.226122260093689
4,melville,358,baum,6.285654306411743
4,melville,358,thompson,6.642648458480835
4,melville,358,dickens,6.3153125091835305
4,melville,358,melville,6.070707941055298
4,melville,358,wells,6.118857979774475
4,melville,358,austen,6.077992677688599
4,melville,358,fitzgerald,6.367813507715861
4,melville,358,twain,6.642866283655167
4,melville,359,train,5.2433799505233765
4,melville,359,baum,6.28398585319519
4,melville,359,thompson,6.640559196472168
4,melville,359,dickens,6.316650796819617
4,melville,359,melville,6.071938800811767
4,melville,359,wells,6.117050766944885
4,melville,359,austen,6.07792854309082
4,melville,359,fitzgerald,6.365645408630371
4,melville,359,twain,6.64189225435257
4,melville,360,train,5.193570911884308
4,melville,360,baum,6.287346005439758
4,melville,360,thompson,6.639621734619141
4,melville,360,dickens,6.316639564655445
4,melville,360,melville,6.073708820343017
4,melville,360,wells,6.118210673332214
4,melville,360,austen,6.08009147644043
4,melville,360,fitzgerald,6.361792246500651
4,melville,360,twain,6.6377497017383575
4,melville,361,train,5.2136534452438354
4,melville,361,baum,6.285916090011597
4,melville,361,thompson,6.640010118484497
4,melville,361,dickens,6.316696891078243
4,melville,361,melville,6.0702730178833
4,melville,361,wells,6.116085529327393
4,melville,361,austen,6.077977339426677
4,melville,361,fitzgerald,6.364422957102458
4,melville,361,twain,6.638620167970657
4,melville,362,train,5.225812196731567
4,melville,362,baum,6.288634896278381
4,melville,362,thompson,6.641169309616089
4,melville,362,dickens,6.311491613034849
4,melville,362,melville,6.067892837524414
4,melville,362,wells,6.122368812561035
4,melville,362,austen,6.080302397410075
4,melville,362,fitzgerald,6.367825508117676
4,melville,362,twain,6.645757079124451
4,melville,363,train,5.201002240180969
4,melville,363,baum,6.288835525512695
4,melville,363,thompson,6.648777008056641
4,melville,363,dickens,6.312828682087086
4,melville,363,melville,6.069540929794312
4,melville,363,wells,6.123921990394592
4,melville,363,austen,6.07968282699585
4,melville,363,fitzgerald,6.372827370961507
4,melville,363,twain,6.6498664021492
4,melville,364,train,5.184495210647583
4,melville,364,baum,6.282628059387207
4,melville,364,thompson,6.639189720153809
4,melville,364,dickens,6.312640631640399
4,melville,364,melville,6.068052577972412
4,melville,364,wells,6.115905284881592
4,melville,364,austen,6.07548197110494
4,melville,364,fitzgerald,6.360353310902913
4,melville,364,twain,6.637209713459015
4,melville,365,train,5.236953377723694
4,melville,365,baum,6.284991979598999
4,melville,365,thompson,6.641740083694458
4,melville,365,dickens,6.314623214580394
4,melville,365,melville,6.066012334823609
4,melville,365,wells,6.11770498752594
4,melville,365,austen,6.077901681264241
4,melville,365,fitzgerald,6.3649271329243975
4,melville,365,twain,6.638699620962143
4,melville,366,train,5.19721919298172
4,melville,366,baum,6.285839319229126
4,melville,366,thompson,6.643021106719971
4,melville,366,dickens,6.3117800641942905
4,melville,366,melville,6.066986322402954
4,melville,366,wells,6.117804884910584
4,melville,366,austen,6.078441778818767
4,melville,366,fitzgerald,6.365169127782186
4,melville,366,twain,6.64195129275322
4,melville,367,train,5.173679888248444
4,melville,367,baum,6.288481712341309
4,melville,367,thompson,6.642096877098084
4,melville,367,dickens,6.318408259639034
4,melville,367,melville,6.068962097167969
4,melville,367,wells,6.121114492416382
4,melville,367,austen,6.080954472223918
4,melville,367,fitzgerald,6.364629507064819
4,melville,367,twain,6.643363237380981
4,melville,368,train,5.184700310230255
4,melville,368,baum,6.289626121520996
4,melville,368,thompson,6.6462318897247314
4,melville,368,dickens,6.322763142762361
4,melville,368,melville,6.0698686122894285
4,melville,368,wells,6.119903326034546
4,melville,368,austen,6.084118286768596
4,melville,368,fitzgerald,6.365537881851196
4,melville,368,twain,6.644978433847427
4,melville,369,train,5.197167992591858
4,melville,369,baum,6.285688996315002
4,melville,369,thompson,6.641725420951843
4,melville,369,dickens,6.320693545871311
4,melville,369,melville,6.064581346511841
4,melville,369,wells,6.117528080940247
4,melville,369,austen,6.0797858238220215
4,melville,369,fitzgerald,6.36504864692688
4,melville,369,twain,6.640785157680512
4,melville,370,train,5.189909338951111
4,melville,370,baum,6.289973616600037
4,melville,370,thompson,6.645117521286011
4,melville,370,dickens,6.313546304349546
4,melville,370,melville,6.063182830810547
4,melville,370,wells,6.11579966545105
4,melville,370,austen,6.075870037078857
4,melville,370,fitzgerald,6.369552135467529
4,melville,370,twain,6.646792650222778
4,melville,371,train,5.205572426319122
4,melville,371,baum,6.287116289138794
4,melville,371,thompson,6.641175150871277
4,melville,371,dickens,6.3082362280951605
4,melville,371,melville,6.059467363357544
4,melville,371,wells,6.114463806152344
4,melville,371,austen,6.076562325159709
4,melville,371,fitzgerald,6.36676836013794
4,melville,371,twain,6.64556959271431
4,melville,372,train,5.2210134863853455
4,melville,372,baum,6.283104300498962
4,melville,372,thompson,6.639496564865112
4,melville,372,dickens,6.312430505399351
4,melville,372,melville,6.057765626907349
4,melville,372,wells,6.115971922874451
4,melville,372,austen,6.075568834940593
4,melville,372,fitzgerald,6.365336894989014
4,melville,372,twain,6.640435546636581
4,melville,373,train,5.164593756198883
4,melville,373,baum,6.288046360015869
4,melville,373,thompson,6.644148349761963
4,melville,373,dickens,6.315331829918756
4,melville,373,melville,6.062364816665649
4,melville,373,wells,6.119596481323242
4,melville,373,austen,6.081717570622762
4,melville,373,fitzgerald,6.366648515065511
4,melville,373,twain,6.643300503492355
4,melville,374,train,5.202228784561157
4,melville,374,baum,6.290800929069519
4,melville,374,thompson,6.646607518196106
4,melville,374,dickens,6.315979586707221
4,melville,374,melville,6.062408399581909
4,melville,374,wells,6.118475437164307
4,melville,374,austen,6.078797976175944
4,melville,374,fitzgerald,6.371698141098023
4,melville,374,twain,6.646755337715149
4,melville,375,train,5.187247216701508
4,melville,375,baum,6.2908570766448975
4,melville,375,thompson,6.644065022468567
4,melville,375,dickens,6.3130829245955855
4,melville,375,melville,6.0580329418182375
4,melville,375,wells,6.118051290512085
4,melville,375,austen,6.077754179636638
4,melville,375,fitzgerald,6.371241648991902
4,melville,375,twain,6.648790121078491
4,melville,376,train,5.1586108803749084
4,melville,376,baum,6.291471362113953
4,melville,376,thompson,6.649172067642212
4,melville,376,dickens,6.32429442582307
4,melville,376,melville,6.06330680847168
4,melville,376,wells,6.121427774429321
4,melville,376,austen,6.083126783370972
4,melville,376,fitzgerald,6.37029488881429
4,melville,376,twain,6.644796639680862
4,melville,377,train,5.154405295848846
4,melville,377,baum,6.28950047492981
4,melville,377,thompson,6.6450934410095215
4,melville,377,dickens,6.314029923191777
4,melville,377,melville,6.058561277389527
4,melville,377,wells,6.118358254432678
4,melville,377,austen,6.077626705169678
4,melville,377,fitzgerald,6.3710988362630205
4,melville,377,twain,6.644889175891876
4,melville,378,train,5.123834431171417
4,melville,378,baum,6.28777277469635
4,melville,378,thompson,6.646202325820923
4,melville,378,dickens,6.314740357575594
4,melville,378,melville,6.058150768280029
4,melville,378,wells,6.117449045181274
4,melville,378,austen,6.083200216293335
4,melville,378,fitzgerald,6.367204984029134
4,melville,378,twain,6.642624586820602
4,melville,379,train,5.184114933013916
4,melville,379,baum,6.293191075325012
4,melville,379,thompson,6.6438316106796265
4,melville,379,dickens,6.311438949019821
4,melville,379,melville,6.0505091667175295
4,melville,379,wells,6.11289370059967
4,melville,379,austen,6.074254512786865
4,melville,379,fitzgerald,6.372559626897176
4,melville,379,twain,6.648050457239151
4,melville,380,train,5.154664516448975
4,melville,380,baum,6.289739489555359
4,melville,380,thompson,6.645464062690735
4,melville,380,dickens,6.313513649834527
4,melville,380,melville,6.055974912643433
4,melville,380,wells,6.117546200752258
4,melville,380,austen,6.082706530888875
4,melville,380,fitzgerald,6.369749466578166
4,melville,380,twain,6.647001266479492
4,melville,381,train,5.169327735900879
4,melville,381,baum,6.292123794555664
4,melville,381,thompson,6.64702844619751
4,melville,381,dickens,6.3191072499310526
4,melville,381,melville,6.058667039871216
4,melville,381,wells,6.1230456829071045
4,melville,381,austen,6.08488925298055
4,melville,381,fitzgerald,6.373352289199829
4,melville,381,twain,6.6479312479496
4,melville,382,train,5.134849429130554
4,melville,382,baum,6.291337013244629
4,melville,382,thompson,6.641571044921875
4,melville,382,dickens,6.302183857670537
4,melville,382,melville,6.049465084075928
4,melville,382,wells,6.113097667694092
4,melville,382,austen,6.076545397440593
4,melville,382,fitzgerald,6.371569077173869
4,melville,382,twain,6.647521555423737
4,melville,383,train,5.120303094387054
4,melville,383,baum,6.288468956947327
4,melville,383,thompson,6.643735408782959
4,melville,383,dickens,6.310265629379837
4,melville,383,melville,6.053277683258057
4,melville,383,wells,6.116744756698608
4,melville,383,austen,6.075309991836548
4,melville,383,fitzgerald,6.371513366699219
4,melville,383,twain,6.6430604159832
4,melville,384,train,5.1255943775177
4,melville,384,baum,6.295237898826599
4,melville,384,thompson,6.648463487625122
4,melville,384,dickens,6.309258619944255
4,melville,384,melville,6.055393695831299
4,melville,384,wells,6.1212708950042725
4,melville,384,austen,6.080098787943522
4,melville,384,fitzgerald,6.379777272542317
4,melville,384,twain,6.653513222932816
4,melville,385,train,5.158802270889282
4,melville,385,baum,6.289565682411194
4,melville,385,thompson,6.647818565368652
4,melville,385,dickens,6.308143809989646
4,melville,385,melville,6.049140882492066
4,melville,385,wells,6.116039752960205
4,melville,385,austen,6.073532740275065
4,melville,385,fitzgerald,6.370918035507202
4,melville,385,twain,6.643592029809952
4,melville,386,train,5.156503021717072
4,melville,386,baum,6.287969589233398
4,melville,386,thompson,6.64381217956543
4,melville,386,dickens,6.304623480196352
4,melville,386,melville,6.047264289855957
4,melville,386,wells,6.114574074745178
4,melville,386,austen,6.074623266855876
4,melville,386,fitzgerald,6.3674570719401045
4,melville,386,twain,6.644131243228912
4,melville,387,train,5.138614237308502
4,melville,387,baum,6.286755442619324
4,melville,387,thompson,6.645775675773621
4,melville,387,dickens,6.302166744514748
4,melville,387,melville,6.04509162902832
4,melville,387,wells,6.113577604293823
4,melville,387,austen,6.072772820790608
4,melville,387,fitzgerald,6.366210063298543
4,melville,387,twain,6.649632155895233
4,melville,388,train,5.135005295276642
4,melville,388,baum,6.2867271900177
4,melville,388,thompson,6.648422837257385
4,melville,388,dickens,6.3074399453622325
4,melville,388,melville,6.054257869720459
4,melville,388,wells,6.1196078062057495
4,melville,388,austen,6.081120888392131
4,melville,388,fitzgerald,6.365777492523193
4,melville,388,twain,6.645242393016815
4,melville,389,train,5.1484373807907104
4,melville,389,baum,6.286349296569824
4,melville,389,thompson,6.645646691322327
4,melville,389,dickens,6.308139571437129
4,melville,389,melville,6.052710628509521
4,melville,389,wells,6.113962292671204
4,melville,389,austen,6.075072129567464
4,melville,389,fitzgerald,6.3624114990234375
4,melville,389,twain,6.641924172639847
4,melville,390,train,5.119699776172638
4,melville,390,baum,6.286874055862427
4,melville,390,thompson,6.644496202468872
4,melville,390,dickens,6.306297743761981
4,melville,390,melville,6.048255157470703
4,melville,390,wells,6.113265752792358
4,melville,390,austen,6.070830821990967
4,melville,390,fitzgerald,6.367499589920044
4,melville,390,twain,6.645889312028885
4,melville,391,train,5.15265166759491
4,melville,391,baum,6.2868136167526245
4,melville,391,thompson,6.649029970169067
4,melville,391,dickens,6.313532582035771
4,melville,391,melville,6.049622440338135
4,melville,391,wells,6.118773341178894
4,melville,391,austen,6.078503529230754
4,melville,391,fitzgerald,6.369000673294067
4,melville,391,twain,6.642928451299667
4,melville,392,train,5.127803087234497
4,melville,392,baum,6.283867239952087
4,melville,392,thompson,6.643936038017273
4,melville,392,dickens,6.3071844666092485
4,melville,392,melville,6.045020961761475
4,melville,392,wells,6.113590955734253
4,melville,392,austen,6.07561977704366
4,melville,392,fitzgerald,6.36374036471049
4,melville,392,twain,6.640075743198395
4,melville,393,train,5.137551724910736
4,melville,393,baum,6.287338137626648
4,melville,393,thompson,6.643840909004211
4,melville,393,dickens,6.306122250027126
4,melville,393,melville,6.043670034408569
4,melville,393,wells,6.117211699485779
4,melville,393,austen,6.075752337773641
4,melville,393,fitzgerald,6.3665610154469805
4,melville,393,twain,6.643788456916809
4,melville,394,train,5.172803521156311
4,melville,394,baum,6.285281181335449
4,melville,394,thompson,6.64831018447876
4,melville,394,dickens,6.304783856427228
4,melville,394,melville,6.040094947814941
4,melville,394,wells,6.116596698760986
4,melville,394,austen,6.072935819625855
4,melville,394,fitzgerald,6.368627389272054
4,melville,394,twain,6.6475755870342255
4,melville,395,train,5.1096556186676025
4,melville,395,baum,6.2919135093688965
4,melville,395,thompson,6.647435784339905
4,melville,395,dickens,6.297703195501257
4,melville,395,melville,6.0425377368927
4,melville,395,wells,6.120061755180359
4,melville,395,austen,6.074958324432373
4,melville,395,fitzgerald,6.372003634770711
4,melville,395,twain,6.653859198093414
4,melville,396,train,5.087125658988953
4,melville,396,baum,6.285580515861511
4,melville,396,thompson,6.640271186828613
4,melville,396,dickens,6.2968761479413065
4,melville,396,melville,6.043132686614991
4,melville,396,wells,6.1146320104599
4,melville,396,austen,6.072738567988078
4,melville,396,fitzgerald,6.363479137420654
4,melville,396,twain,6.642672747373581
4,melville,397,train,5.124424457550049
4,melville,397,baum,6.295780181884766
4,melville,397,thompson,6.648767709732056
4,melville,397,dickens,6.303832530975342
4,melville,397,melville,6.043517351150513
4,melville,397,wells,6.113979458808899
4,melville,397,austen,6.0704489549001055
4,melville,397,fitzgerald,6.369511842727661
4,melville,397,twain,6.646193861961365
4,melville,398,train,5.102491676807404
4,melville,398,baum,6.288966655731201
4,melville,398,thompson,6.647088885307312
4,melville,398,dickens,6.301622779281051
4,melville,398,melville,6.042345380783081
4,melville,398,wells,6.117288589477539
4,melville,398,austen,6.0742818514506025
4,melville,398,fitzgerald,6.367465813954671
4,melville,398,twain,6.642891705036163
4,melville,399,train,5.118533551692963
4,melville,399,baum,6.295378804206848
4,melville,399,thompson,6.648796439170837
4,melville,399,dickens,6.299213462405735
4,melville,399,melville,6.04833869934082
4,melville,399,wells,6.1162474155426025
4,melville,399,austen,6.075284322102864
4,melville,399,fitzgerald,6.369394381841024
4,melville,399,twain,6.648870199918747
4,melville,400,train,5.128104627132416
4,melville,400,baum,6.289038300514221
4,melville,400,thompson,6.64519476890564
4,melville,400,dickens,6.296643045213488
4,melville,400,melville,6.0393250465393065
4,melville,400,wells,6.113292217254639
4,melville,400,austen,6.070441961288452
4,melville,400,fitzgerald,6.365088780721028
4,melville,400,twain,6.64911475777626
4,melville,401,train,5.115255057811737
4,melville,401,baum,6.29463529586792
4,melville,401,thompson,6.649628758430481
4,melville,401,dickens,6.30369398328993
4,melville,401,melville,6.041233062744141
4,melville,401,wells,6.122855424880981
4,melville,401,austen,6.0790534019470215
4,melville,401,fitzgerald,6.3735456466674805
4,melville,401,twain,6.649356693029404
4,melville,402,train,5.101546049118042
4,melville,402,baum,6.289167284965515
4,melville,402,thompson,6.6460041999816895
4,melville,402,dickens,6.294844415452745
4,melville,402,melville,6.036408948898315
4,melville,402,wells,6.113833427429199
4,melville,402,austen,6.070971091588338
4,melville,402,fitzgerald,6.367502530415853
4,melville,402,twain,6.652632921934128
4,melville,403,train,5.08464127779007
4,melville,403,baum,6.295068979263306
4,melville,403,thompson,6.645854949951172
4,melville,403,dickens,6.300120689250805
4,melville,403,melville,6.041514587402344
4,melville,403,wells,6.119536638259888
4,melville,403,austen,6.081656455993652
4,melville,403,fitzgerald,6.368699947992961
4,melville,403,twain,6.649703294038773
4,melville,404,train,5.082737565040588
4,melville,404,baum,6.290083169937134
4,melville,404,thompson,6.645725131034851
4,melville,404,dickens,6.296655195730704
4,melville,404,melville,6.033575630187988
4,melville,404,wells,6.110830068588257
4,melville,404,austen,6.069281657536824
4,melville,404,fitzgerald,6.363380591074626
4,melville,404,twain,6.648840487003326
4,melville,405,train,5.083175539970398
4,melville,405,baum,6.297589659690857
4,melville,405,thompson,6.651059150695801
4,melville,405,dickens,6.3021406950774015
4,melville,405,melville,6.036172819137573
4,melville,405,wells,6.121343016624451
4,melville,405,austen,6.07460077603658
4,melville,405,fitzgerald,6.370712359746297
4,melville,405,twain,6.657192975282669
4,melville,406,train,5.073785662651062
4,melville,406,baum,6.283945441246033
4,melville,406,thompson,6.642945528030396
4,melville,406,dickens,6.299053227459943
4,melville,406,melville,6.03239369392395
4,melville,406,wells,6.113858461380005
4,melville,406,austen,6.074666579564412
4,melville,406,fitzgerald,6.361405769983928
4,melville,406,twain,6.644496113061905
4,melville,407,train,5.111512303352356
4,melville,407,baum,6.292519092559815
4,melville,407,thompson,6.64922308921814
4,melville,407,dickens,6.295697424146864
4,melville,407,melville,6.036057615280152
4,melville,407,wells,6.1108009815216064
4,melville,407,austen,6.071449597676595
4,melville,407,fitzgerald,6.368656078974406
4,melville,407,twain,6.6509968638420105
4,melville,408,train,5.09385883808136
4,melville,408,baum,6.289412140846252
4,melville,408,thompson,6.645617485046387
4,melville,408,dickens,6.299721859119557
4,melville,408,melville,6.030249214172363
4,melville,408,wells,6.111041069030762
4,melville,408,austen,6.0677032470703125
4,melville,408,fitzgerald,6.365175882975261
4,melville,408,twain,6.647206097841263
4,melville,409,train,5.090894103050232
4,melville,409,baum,6.296229839324951
4,melville,409,thompson,6.649521589279175
4,melville,409,dickens,6.305522653791639
4,melville,409,melville,6.036514854431152
4,melville,409,wells,6.124735713005066
4,melville,409,austen,6.078903436660767
4,melville,409,fitzgerald,6.37025769551595
4,melville,409,twain,6.653969556093216
4,melville,410,train,5.069860756397247
4,melville,410,baum,6.285486698150635
4,melville,410,thompson,6.642375469207764
4,melville,410,dickens,6.29942222877785
4,melville,410,melville,6.0322329044342045
4,melville,410,wells,6.1160266399383545
4,melville,410,austen,6.076792558034261
4,melville,410,fitzgerald,6.365220705668132
4,melville,410,twain,6.648348242044449
4,melville,411,train,5.056000053882599
4,melville,411,baum,6.291942954063416
4,melville,411,thompson,6.645668983459473
4,melville,411,dickens,6.293198620831525
4,melville,411,melville,6.030697393417358
4,melville,411,wells,6.116782426834106
4,melville,411,austen,6.069847901662191
4,melville,411,fitzgerald,6.367451508839925
4,melville,411,twain,6.652081936597824
4,melville,412,train,5.09274435043335
4,melville,412,baum,6.291259169578552
4,melville,412,thompson,6.64911425113678
4,melville,412,dickens,6.300109386444092
4,melville,412,melville,6.032185411453247
4,melville,412,wells,6.116887807846069
4,melville,412,austen,6.073054790496826
4,melville,412,fitzgerald,6.367063522338867
4,melville,412,twain,6.649572223424912
4,melville,413,train,5.07737809419632
4,melville,413,baum,6.296966910362244
4,melville,413,thompson,6.649047136306763
4,melville,413,dickens,6.298671227914316
4,melville,413,melville,6.0351667404174805
4,melville,413,wells,6.118008971214294
4,melville,413,austen,6.076277891794841
4,melville,413,fitzgerald,6.371613502502441
4,melville,413,twain,6.655654817819595
4,melville,414,train,5.065407514572144
4,melville,414,baum,6.297456979751587
4,melville,414,thompson,6.65297257900238
4,melville,414,dickens,6.304770134113453
4,melville,414,melville,6.03289794921875
4,melville,414,wells,6.122296214103699
4,melville,414,austen,6.082157611846924
4,melville,414,fitzgerald,6.374687512715657
4,melville,414,twain,6.650995910167694
4,melville,415,train,5.05680787563324
4,melville,415,baum,6.302338123321533
4,melville,415,thompson,6.6534892320632935
4,melville,415,dickens,6.305399099985759
4,melville,415,melville,6.03640661239624
4,melville,415,wells,6.1244202852249146
4,melville,415,austen,6.080459038416545
4,melville,415,fitzgerald,6.37805422147115
4,melville,415,twain,6.658611476421356
4,melville,416,train,5.079585194587708
4,melville,416,baum,6.296419739723206
4,melville,416,thompson,6.650269985198975
4,melville,416,dickens,6.300412336985271
4,melville,416,melville,6.036401557922363
4,melville,416,wells,6.119687914848328
4,melville,416,austen,6.076106786727905
4,melville,416,fitzgerald,6.3704597155253095
4,melville,416,twain,6.65255343914032
4,melville,417,train,5.085637152194977
4,melville,417,baum,6.299408912658691
4,melville,417,thompson,6.646613836288452
4,melville,417,dickens,6.298830173633717
4,melville,417,melville,6.034908485412598
4,melville,417,wells,6.117856860160828
4,melville,417,austen,6.079152266184489
4,melville,417,fitzgerald,6.369555075963338
4,melville,417,twain,6.649992138147354
4,melville,418,train,5.091012239456177
4,melville,418,baum,6.296133875846863
4,melville,418,thompson,6.644572377204895
4,melville,418,dickens,6.30116010595251
4,melville,418,melville,6.027486562728882
4,melville,418,wells,6.117845892906189
4,melville,418,austen,6.076615174611409
4,melville,418,fitzgerald,6.36969526608785
4,melville,418,twain,6.649053990840912
4,melville,419,train,5.060590982437134
4,melville,419,baum,6.295580625534058
4,melville,419,thompson,6.647959470748901
4,melville,419,dickens,6.299211731663457
4,melville,419,melville,6.030709457397461
4,melville,419,wells,6.116083383560181
4,melville,419,austen,6.075609127680461
4,melville,419,fitzgerald,6.369665145874023
4,melville,419,twain,6.652254670858383
4,melville,420,train,5.043443083763123
4,melville,420,baum,6.297489404678345
4,melville,420,thompson,6.652002811431885
4,melville,420,dickens,6.306609100765652
4,melville,420,melville,6.030414485931397
4,melville,420,wells,6.119267463684082
4,melville,420,austen,6.078542868296306
4,melville,420,fitzgerald,6.376034259796143
4,melville,420,twain,6.652538329362869
4,melville,421,train,5.039590895175934
4,melville,421,baum,6.298705339431763
4,melville,421,thompson,6.648903608322144
4,melville,421,dickens,6.304219404856364
4,melville,421,melville,6.030330991744995
4,melville,421,wells,6.121601462364197
4,melville,421,austen,6.075768709182739
4,melville,421,fitzgerald,6.374126116434733
4,melville,421,twain,6.649990677833557
4,melville,422,train,5.038058757781982
4,melville,422,baum,6.301738142967224
4,melville,422,thompson,6.6556384563446045
4,melville,422,dickens,6.30574929272687
4,melville,422,melville,6.033704566955566
4,melville,422,wells,6.121601581573486
4,melville,422,austen,6.081565380096436
4,melville,422,fitzgerald,6.376160383224487
4,melville,422,twain,6.65592747926712
4,melville,423,train,5.043612122535706
4,melville,423,baum,6.301943421363831
4,melville,423,thompson,6.653931975364685
4,melville,423,dickens,6.307669003804524
4,melville,423,melville,6.026437044143677
4,melville,423,wells,6.122271180152893
4,melville,423,austen,6.079448541005452
4,melville,423,fitzgerald,6.381692409515381
4,melville,423,twain,6.655881881713867
4,melville,424,train,5.037399172782898
4,melville,424,baum,6.296183466911316
4,melville,424,thompson,6.649865508079529
4,melville,424,dickens,6.3034790886773004
4,melville,424,melville,6.032565689086914
4,melville,424,wells,6.120073318481445
4,melville,424,austen,6.079037348429362
4,melville,424,fitzgerald,6.37001355489095
4,melville,424,twain,6.652365624904633
4,melville,425,train,5.058134377002716
4,melville,425,baum,6.304622530937195
4,melville,425,thompson,6.654673218727112
4,melville,425,dickens,6.305302196078831
4,melville,425,melville,6.035941982269288
4,melville,425,wells,6.120761752128601
4,melville,425,austen,6.082413752873738
4,melville,425,fitzgerald,6.375748952229817
4,melville,425,twain,6.661368787288666
4,melville,426,train,5.011550188064575
4,melville,426,baum,6.300811052322388
4,melville,426,thompson,6.655102491378784
4,melville,426,dickens,6.297467814551459
4,melville,426,melville,6.0319620132446286
4,melville,426,wells,6.117136120796204
4,melville,426,austen,6.076649268468221
4,melville,426,fitzgerald,6.376153786977132
4,melville,426,twain,6.66240394115448
4,melville,427,train,5.0356804728508
4,melville,427,baum,6.298937916755676
4,melville,427,thompson,6.647963523864746
4,melville,427,dickens,6.293461428748237
4,melville,427,melville,6.03473687171936
4,melville,427,wells,6.1168800592422485
4,melville,427,austen,6.079740285873413
4,melville,427,fitzgerald,6.366044521331787
4,melville,427,twain,6.654164850711823
4,melville,428,train,5.0388107895851135
4,melville,428,baum,6.303281664848328
4,melville,428,thompson,6.656023263931274
4,melville,428,dickens,6.306988468876591
4,melville,428,melville,6.032363224029541
4,melville,428,wells,6.121991395950317
4,melville,428,austen,6.0814127922058105
4,melville,428,fitzgerald,6.376792987187703
4,melville,428,twain,6.657419502735138
4,melville,429,train,5.020591199398041
4,melville,429,baum,6.3025736808776855
4,melville,429,thompson,6.657261610031128
4,melville,429,dickens,6.304720613691542
4,melville,429,melville,6.031787776947022
4,melville,429,wells,6.123512983322144
4,melville,429,austen,6.084504048029582
4,melville,429,fitzgerald,6.37697156270345
4,melville,429,twain,6.658872961997986
4,melville,430,train,5.027325987815857
4,melville,430,baum,6.30372166633606
4,melville,430,thompson,6.658573031425476
4,melville,430,dickens,6.3102829014813455
4,melville,430,melville,6.031969118118286
4,melville,430,wells,6.119833469390869
4,melville,430,austen,6.085527817408244
4,melville,430,fitzgerald,6.370792547861735
4,melville,430,twain,6.653725862503052
4,melville,431,train,5.033541560173035
4,melville,431,baum,6.3016117811203
4,melville,431,thompson,6.653975963592529
4,melville,431,dickens,6.305005762312147
4,melville,431,melville,6.028809547424316
4,melville,431,wells,6.117524981498718
4,melville,431,austen,6.080873568852742
4,melville,431,fitzgerald,6.374094486236572
4,melville,431,twain,6.655811607837677
4,melville,432,train,5.009002089500427
4,melville,432,baum,6.302106976509094
4,melville,432,thompson,6.655035734176636
4,melville,432,dickens,6.298360930548774
4,melville,432,melville,6.024104022979737
4,melville,432,wells,6.119991898536682
4,melville,432,austen,6.076899131139119
4,melville,432,fitzgerald,6.379081805547078
4,melville,432,twain,6.657016038894653
4,melville,433,train,5.040949821472168
4,melville,433,baum,6.302209854125977
4,melville,433,thompson,6.655784249305725
4,melville,433,dickens,6.29549483899717
4,melville,433,melville,6.021889066696167
4,melville,433,wells,6.122326493263245
4,melville,433,austen,6.077545245488484
4,melville,433,fitzgerald,6.378768126169841
4,melville,433,twain,6.659039080142975
4,melville,434,train,5.030704021453857
4,melville,434,baum,6.305801033973694
4,melville,434,thompson,6.6556185483932495
4,melville,434,dickens,6.30592010639332
4,melville,434,melville,6.025582790374756
4,melville,434,wells,6.123469710350037
4,melville,434,austen,6.080944697062175
4,melville,434,fitzgerald,6.378075281778972
4,melville,434,twain,6.658506810665131
4,melville,435,train,5.041708409786224
4,melville,435,baum,6.308620572090149
4,melville,435,thompson,6.657256364822388
4,melville,435,dickens,6.307080692715115
4,melville,435,melville,6.025684213638305
4,melville,435,wells,6.122402667999268
4,melville,435,austen,6.08119010925293
4,melville,435,fitzgerald,6.3802436987559
4,melville,435,twain,6.664335370063782
4,melville,436,train,5.012685537338257
4,melville,436,baum,6.301908254623413
4,melville,436,thompson,6.658914685249329
4,melville,436,dickens,6.303283461817989
4,melville,436,melville,6.02633638381958
4,melville,436,wells,6.119117259979248
4,melville,436,austen,6.078693946202596
4,melville,436,fitzgerald,6.3745293617248535
4,melville,436,twain,6.659591913223267
4,melville,437,train,5.008904814720154
4,melville,437,baum,6.3035808801651
4,melville,437,thompson,6.666710257530212
4,melville,437,dickens,6.313952710893419
4,melville,437,melville,6.034366846084595
4,melville,437,wells,6.12538754940033
4,melville,437,austen,6.092461903889974
4,melville,437,fitzgerald,6.377212762832642
4,melville,437,twain,6.6552636325359344
4,melville,438,train,5.008422493934631
4,melville,438,baum,6.300377130508423
4,melville,438,thompson,6.654745101928711
4,melville,438,dickens,6.304734742199933
4,melville,438,melville,6.027313089370727
4,melville,438,wells,6.121643781661987
4,melville,438,austen,6.081315040588379
4,melville,438,fitzgerald,6.373032728830974
4,melville,438,twain,6.653095066547394
4,melville,439,train,5.014729499816895
4,melville,439,baum,6.305800199508667
4,melville,439,thompson,6.661957740783691
4,melville,439,dickens,6.304517092528166
4,melville,439,melville,6.02824592590332
4,melville,439,wells,6.125577330589294
4,melville,439,austen,6.086658318837483
4,melville,439,fitzgerald,6.375541130701701
4,melville,439,twain,6.657619178295136
4,melville,440,train,4.993724405765533
4,melville,440,baum,6.304980754852295
4,melville,440,thompson,6.662160277366638
4,melville,440,dickens,6.305409784670229
4,melville,440,melville,6.028047561645508
4,melville,440,wells,6.124135494232178
4,melville,440,austen,6.084469159444173
4,melville,440,fitzgerald,6.377413670221965
4,melville,440,twain,6.662286669015884
4,melville,441,train,5.006209194660187
4,melville,441,baum,6.30812418460846
4,melville,441,thompson,6.657364845275879
4,melville,441,dickens,6.305113827740705
4,melville,441,melville,6.019909954071045
4,melville,441,wells,6.122124910354614
4,melville,441,austen,6.078258196512858
4,melville,441,fitzgerald,6.378541549046834
4,melville,441,twain,6.660526245832443
4,melville,442,train,5.009025812149048
4,melville,442,baum,6.305311322212219
4,melville,442,thompson,6.6641925573349
4,melville,442,dickens,6.30023029115465
4,melville,442,melville,6.0197021007537845
4,melville,442,wells,6.12441623210907
4,melville,442,austen,6.084254185358684
4,melville,442,fitzgerald,6.378392457962036
4,melville,442,twain,6.66019806265831
4,melville,443,train,5.007488548755646
4,melville,443,baum,6.306773662567139
4,melville,443,thompson,6.659847617149353
4,melville,443,dickens,6.302374627855089
4,melville,443,melville,6.022694110870361
4,melville,443,wells,6.124024629592896
4,melville,443,austen,6.082884470621745
4,melville,443,fitzgerald,6.379825512568156
4,melville,443,twain,6.66156730055809
4,melville,444,train,5.015543103218079
4,melville,444,baum,6.308343410491943
4,melville,444,thompson,6.663907527923584
4,melville,444,dickens,6.309811645083958
4,melville,444,melville,6.026288080215454
4,melville,444,wells,6.126118183135986
4,melville,444,austen,6.090231657028198
4,melville,444,fitzgerald,6.379937807718913
4,melville,444,twain,6.664028227329254
4,melville,445,train,4.968370318412781
4,melville,445,baum,6.309104800224304
4,melville,445,thompson,6.664679050445557
4,melville,445,dickens,6.307315031687419
4,melville,445,melville,6.019546270370483
4,melville,445,wells,6.1247318983078
4,melville,445,austen,6.087447086970012
4,melville,445,fitzgerald,6.379509925842285
4,melville,445,twain,6.6598295867443085
4,melville,446,train,4.987330257892609
4,melville,446,baum,6.314326524734497
4,melville,446,thompson,6.667984962463379
4,melville,446,dickens,6.306128625516538
4,melville,446,melville,6.021637344360352
4,melville,446,wells,6.123890042304993
4,melville,446,austen,6.084697167078654
4,melville,446,fitzgerald,6.387955109278361
4,melville,446,twain,6.662095695734024
4,melville,447,train,4.998358130455017
4,melville,447,baum,6.314998269081116
4,melville,447,thompson,6.669814586639404
4,melville,447,dickens,6.31214569233082
4,melville,447,melville,6.023646306991577
4,melville,447,wells,6.126590847969055
4,melville,447,austen,6.092271089553833
4,melville,447,fitzgerald,6.38511864344279
4,melville,447,twain,6.665475219488144
4,melville,448,train,5.025186538696289
4,melville,448,baum,6.305018663406372
4,melville,448,thompson,6.6664323806762695
4,melville,448,dickens,6.303417347095631
4,melville,448,melville,6.020454692840576
4,melville,448,wells,6.125068664550781
4,melville,448,austen,6.082879940668742
4,melville,448,fitzgerald,6.383342981338501
4,melville,448,twain,6.662361949682236
4,melville,449,train,4.991120278835297
4,melville,449,baum,6.310639142990112
4,melville,449,thompson,6.66174042224884
4,melville,449,dickens,6.303987008553964
4,melville,449,melville,6.021770715713501
4,melville,449,wells,6.1292725801467896
4,melville,449,austen,6.088698863983154
4,melville,449,fitzgerald,6.3814161618550616
4,melville,449,twain,6.663140952587128
4,melville,450,train,4.999336838722229
4,melville,450,baum,6.309821248054504
4,melville,450,thompson,6.663519501686096
4,melville,450,dickens,6.30328893661499
4,melville,450,melville,6.022862195968628
4,melville,450,wells,6.127611398696899
4,melville,450,austen,6.086689472198486
4,melville,450,fitzgerald,6.38069502512614
4,melville,450,twain,6.66327291727066
4,melville,451,train,4.96050089597702
4,melville,451,baum,6.316766381263733
4,melville,451,thompson,6.666990399360657
4,melville,451,dickens,6.306956697393347
4,melville,451,melville,6.029251003265381
4,melville,451,wells,6.134142279624939
4,melville,451,austen,6.09489631652832
4,melville,451,fitzgerald,6.383066972096761
4,melville,451,twain,6.662731856107712
4,melville,452,train,4.972426772117615
4,melville,452,baum,6.3061124086380005
4,melville,452,thompson,6.666735053062439
4,melville,452,dickens,6.302729059148718
4,melville,452,melville,6.021142625808716
4,melville,452,wells,6.12964653968811
4,melville,452,austen,6.086860577265422
4,melville,452,fitzgerald,6.381930589675903
4,melville,452,twain,6.661679625511169
4,melville,453,train,4.952281296253204
4,melville,453,baum,6.310426950454712
4,melville,453,thompson,6.667904138565064
4,melville,453,dickens,6.301099371027063
4,melville,453,melville,6.020129299163818
4,melville,453,wells,6.127830862998962
4,melville,453,austen,6.084110260009766
4,melville,453,fitzgerald,6.383217175801595
4,melville,453,twain,6.665859013795853
4,melville,454,train,4.981668710708618
4,melville,454,baum,6.31495213508606
4,melville,454,thompson,6.667803287506104
4,melville,454,dickens,6.312505015620479
4,melville,454,melville,6.020655870437622
4,melville,454,wells,6.12656569480896
4,melville,454,austen,6.089215278625488
4,melville,454,fitzgerald,6.385157426198323
4,melville,454,twain,6.665930241346359
4,melville,455,train,4.958680510520935
4,melville,455,baum,6.317669034004211
4,melville,455,thompson,6.668114066123962
4,melville,455,dickens,6.3051070283960415
4,melville,455,melville,6.025166320800781
4,melville,455,wells,6.130809664726257
4,melville,455,austen,6.094195127487183
4,melville,455,fitzgerald,6.385572910308838
4,melville,455,twain,6.669737219810486
4,melville,456,train,4.949608743190765
4,melville,456,baum,6.313096165657044
4,melville,456,thompson,6.669640421867371
4,melville,456,dickens,6.308904541863336
4,melville,456,melville,6.0257926940917965
4,melville,456,wells,6.128788113594055
4,melville,456,austen,6.092490911483765
4,melville,456,fitzgerald,6.382613182067871
4,melville,456,twain,6.6674520671367645
4,melville,457,train,4.955365538597107
4,melville,457,baum,6.311556458473206
4,melville,457,thompson,6.669031023979187
4,melville,457,dickens,6.303475627192745
4,melville,457,melville,6.022248888015747
4,melville,457,wells,6.127819061279297
4,melville,457,austen,6.09150226910909
4,melville,457,fitzgerald,6.385867357254028
4,melville,457,twain,6.667756199836731
4,melville,458,train,4.959450900554657
4,melville,458,baum,6.309632778167725
4,melville,458,thompson,6.665781378746033
4,melville,458,dickens,6.304571752195005
4,melville,458,melville,6.017289161682129
4,melville,458,wells,6.12542986869812
4,melville,458,austen,6.087388515472412
4,melville,458,fitzgerald,6.382439931233724
4,melville,458,twain,6.664138913154602
4,melville,459,train,4.90435802936554
4,melville,459,baum,6.314706921577454
4,melville,459,thompson,6.670305609703064
4,melville,459,dickens,6.302347306851988
4,melville,459,melville,6.0160904884338375
4,melville,459,wells,6.130679726600647
4,melville,459,austen,6.085413138071696
4,melville,459,fitzgerald,6.3895730177561445
4,melville,459,twain,6.669060438871384
4,melville,460,train,4.953396677970886
4,melville,460,baum,6.318123936653137
4,melville,460,thompson,6.67461097240448
4,melville,460,dickens,6.307939105563694
4,melville,460,melville,6.018381881713867
4,melville,460,wells,6.13170063495636
4,melville,460,austen,6.089654843012492
4,melville,460,fitzgerald,6.3917233149210615
4,melville,460,twain,6.669394612312317
4,melville,461,train,4.952896893024445
4,melville,461,baum,6.318947553634644
4,melville,461,thompson,6.670908570289612
4,melville,461,dickens,6.298106034596761
4,melville,461,melville,6.016198253631591
4,melville,461,wells,6.131331443786621
4,melville,461,austen,6.087382872899373
4,melville,461,fitzgerald,6.39194671312968
4,melville,461,twain,6.673074096441269
4,melville,462,train,4.929233491420746
4,melville,462,baum,6.318745970726013
4,melville,462,thompson,6.667744517326355
4,melville,462,dickens,6.299077934688992
4,melville,462,melville,6.014651155471801
4,melville,462,wells,6.130509853363037
4,melville,462,austen,6.090642770131429
4,melville,462,fitzgerald,6.388885259628296
4,melville,462,twain,6.674756944179535
4,melville,463,train,4.946359872817993
4,melville,463,baum,6.313908934593201
4,melville,463,thompson,6.671582579612732
4,melville,463,dickens,6.308023311473705
4,melville,463,melville,6.019859743118286
4,melville,463,wells,6.131112575531006
4,melville,463,austen,6.092443148295085
4,melville,463,fitzgerald,6.383893410364787
4,melville,463,twain,6.665295273065567
4,melville,464,train,4.96144562959671
4,melville,464,baum,6.319270610809326
4,melville,464,thompson,6.67037844657898
4,melville,464,dickens,6.311881718812166
4,melville,464,melville,6.016779947280884
4,melville,464,wells,6.13205885887146
4,melville,464,austen,6.093684116999309
4,melville,464,fitzgerald,6.387325843175252
4,melville,464,twain,6.668881475925446
4,melville,465,train,4.95744252204895
4,melville,465,baum,6.328040361404419
4,melville,465,thompson,6.682868838310242
4,melville,465,dickens,6.321527428097195
4,melville,465,melville,6.025697565078735
4,melville,465,wells,6.139111518859863
4,melville,465,austen,6.10307248433431
4,melville,465,fitzgerald,6.392953395843506
4,melville,465,twain,6.672830015420914
4,melville,466,train,4.922542154788971
4,melville,466,baum,6.31804084777832
4,melville,466,thompson,6.6666020154953
4,melville,466,dickens,6.310512666349058
4,melville,466,melville,6.013361549377441
4,melville,466,wells,6.133187294006348
4,melville,466,austen,6.089752356211345
4,melville,466,fitzgerald,6.390088160832723
4,melville,466,twain,6.671739399433136
4,melville,467,train,4.922771215438843
4,melville,467,baum,6.321126937866211
4,melville,467,thompson,6.679586529731751
4,melville,467,dickens,6.313053925832112
4,melville,467,melville,6.011488437652588
4,melville,467,wells,6.136559844017029
4,melville,467,austen,6.099429130554199
4,melville,467,fitzgerald,6.392995119094849
4,melville,467,twain,6.670943468809128
4,melville,468,train,4.946954190731049
4,melville,468,baum,6.325419783592224
4,melville,468,thompson,6.681309461593628
4,melville,468,dickens,6.306974216743752
4,melville,468,melville,6.017553424835205
4,melville,468,wells,6.135895609855652
4,melville,468,austen,6.099838574727376
4,melville,468,fitzgerald,6.397480249404907
4,melville,468,twain,6.673889935016632
4,melville,469,train,4.9426349401474
4,melville,469,baum,6.326681971549988
4,melville,469,thompson,6.676871418952942
4,melville,469,dickens,6.3143547375996905
4,melville,469,melville,6.013079929351807
4,melville,469,wells,6.136206269264221
4,melville,469,austen,6.096844514211019
4,melville,469,fitzgerald,6.400970697402954
4,melville,469,twain,6.675319164991379
4,melville,470,train,4.91202038526535
4,melville,470,baum,6.321034669876099
4,melville,470,thompson,6.677623748779297
4,melville,470,dickens,6.32233785699915
4,melville,470,melville,6.015078353881836
4,melville,470,wells,6.135759592056274
4,melville,470,austen,6.098690112431844
4,melville,470,fitzgerald,6.394215027491252
4,melville,470,twain,6.671578884124756
4,melville,471,train,4.902852833271027
4,melville,471,baum,6.315210223197937
4,melville,471,thompson,6.676137924194336
4,melville,471,dickens,6.315761142306858
4,melville,471,melville,6.01177487373352
4,melville,471,wells,6.131235122680664
4,melville,471,austen,6.0937425295511884
4,melville,471,fitzgerald,6.39132563273112
4,melville,471,twain,6.668875873088837
4,melville,472,train,4.947768807411194
4,melville,472,baum,6.321935772895813
4,melville,472,thompson,6.682554483413696
4,melville,472,dickens,6.320540799034967
4,melville,472,melville,6.011604261398316
4,melville,472,wells,6.135083556175232
4,melville,472,austen,6.094420194625855
4,melville,472,fitzgerald,6.40086309115092
4,melville,472,twain,6.6763299107551575
4,melville,473,train,4.905867040157318
4,melville,473,baum,6.323450446128845
4,melville,473,thompson,6.67681884765625
4,melville,473,dickens,6.309806346893311
4,melville,473,melville,6.0110382556915285
4,melville,473,wells,6.133147120475769
4,melville,473,austen,6.091469049453735
4,melville,473,fitzgerald,6.397658348083496
4,melville,473,twain,6.6743302047252655
4,melville,474,train,4.878592908382416
4,melville,474,baum,6.31717574596405
4,melville,474,thompson,6.681810975074768
4,melville,474,dickens,6.319802443186442
4,melville,474,melville,6.010997676849366
4,melville,474,wells,6.134629607200623
4,melville,474,austen,6.096209764480591
4,melville,474,fitzgerald,6.396966457366943
4,melville,474,twain,6.670817196369171
4,melville,475,train,4.919190227985382
4,melville,475,baum,6.326053619384766
4,melville,475,thompson,6.683541536331177
4,melville,475,dickens,6.309060962111862
4,melville,475,melville,6.010626792907715
4,melville,475,wells,6.138355851173401
4,melville,475,austen,6.093956232070923
4,melville,475,fitzgerald,6.397889931996663
4,melville,475,twain,6.675675928592682
4,melville,476,train,4.886447489261627
4,melville,476,baum,6.328468203544617
4,melville,476,thompson,6.68323028087616
4,melville,476,dickens,6.321741898854573
4,melville,476,melville,6.007581901550293
4,melville,476,wells,6.14276385307312
4,melville,476,austen,6.100280841191609
4,melville,476,fitzgerald,6.407432238260905
4,melville,476,twain,6.675469011068344
4,melville,477,train,4.906729996204376
4,melville,477,baum,6.320327758789063
4,melville,477,thompson,6.678294062614441
4,melville,477,dickens,6.310468832651774
4,melville,477,melville,6.010707139968872
4,melville,477,wells,6.132725954055786
4,melville,477,austen,6.093713601430257
4,melville,477,fitzgerald,6.394776264826457
4,melville,477,twain,6.674381643533707
4,melville,478,train,4.888813376426697
4,melville,478,baum,6.319993019104004
4,melville,478,thompson,6.682582259178162
4,melville,478,dickens,6.313460526642976
4,melville,478,melville,6.007224798202515
4,melville,478,wells,6.136826753616333
4,melville,478,austen,6.093571821848552
4,melville,478,fitzgerald,6.396629333496094
4,melville,478,twain,6.671010732650757
4,melville,479,train,4.893277227878571
4,melville,479,baum,6.319232940673828
4,melville,479,thompson,6.68299674987793
4,melville,479,dickens,6.314192595305266
4,melville,479,melville,6.008041429519653
4,melville,479,wells,6.137616872787476
4,melville,479,austen,6.094374577204387
4,melville,479,fitzgerald,6.392968654632568
4,melville,479,twain,6.667887657880783
4,melville,480,train,4.896825850009918
4,melville,480,baum,6.325033664703369
4,melville,480,thompson,6.6900129318237305
4,melville,480,dickens,6.322418460139522
4,melville,480,melville,6.019778203964234
4,melville,480,wells,6.143173098564148
4,melville,480,austen,6.105410893758138
4,melville,480,fitzgerald,6.396608352661133
4,melville,480,twain,6.670743554830551
4,melville,481,train,4.901503264904022
4,melville,481,baum,6.31970202922821
4,melville,481,thompson,6.691627621650696
4,melville,481,dickens,6.319533577671757
4,melville,481,melville,6.015047168731689
4,melville,481,wells,6.137952089309692
4,melville,481,austen,6.105066458384196
4,melville,481,fitzgerald,6.392972310384114
4,melville,481,twain,6.668681710958481
4,melville,482,train,4.922206163406372
4,melville,482,baum,6.321145296096802
4,melville,482,thompson,6.686207294464111
4,melville,482,dickens,6.314475889559145
4,melville,482,melville,6.010013151168823
4,melville,482,wells,6.137095332145691
4,melville,482,austen,6.097478866577148
4,melville,482,fitzgerald,6.400854031244914
4,melville,482,twain,6.673685282468796
4,melville,483,train,4.883553445339203
4,melville,483,baum,6.319019675254822
4,melville,483,thompson,6.682151913642883
4,melville,483,dickens,6.315273161287661
4,melville,483,melville,6.007053709030151
4,melville,483,wells,6.131620407104492
4,melville,483,austen,6.095007101694743
4,melville,483,fitzgerald,6.395156462987264
4,melville,483,twain,6.6685333251953125
4,melville,484,train,4.903569281101227
4,melville,484,baum,6.321178317070007
4,melville,484,thompson,6.686013221740723
4,melville,484,dickens,6.32132390693382
4,melville,484,melville,6.01132230758667
4,melville,484,wells,6.134087681770325
4,melville,484,austen,6.097536722819011
4,melville,484,fitzgerald,6.396703799565633
4,melville,484,twain,6.678609520196915
4,melville,485,train,4.864354908466339
4,melville,485,baum,6.327166199684143
4,melville,485,thompson,6.688194632530212
4,melville,485,dickens,6.31343248155382
4,melville,485,melville,6.00519552230835
4,melville,485,wells,6.139059066772461
4,melville,485,austen,6.091958363850911
4,melville,485,fitzgerald,6.400402545928955
4,melville,485,twain,6.681438565254211
4,melville,486,train,4.905509889125824
4,melville,486,baum,6.32686710357666
4,melville,486,thompson,6.690946936607361
4,melville,486,dickens,6.322405091038457
4,melville,486,melville,6.008687448501587
4,melville,486,wells,6.137838959693909
4,melville,486,austen,6.103269100189209
4,melville,486,fitzgerald,6.399719635645549
4,melville,486,twain,6.675862342119217
4,melville,487,train,4.89475280046463
4,melville,487,baum,6.329517245292664
4,melville,487,thompson,6.692664384841919
4,melville,487,dickens,6.324526645519115
4,melville,487,melville,6.007511758804322
4,melville,487,wells,6.142907619476318
4,melville,487,austen,6.106840531031291
4,melville,487,fitzgerald,6.4058252175649
4,melville,487,twain,6.681081116199493
4,melville,488,train,4.88823127746582
4,melville,488,baum,6.33005428314209
4,melville,488,thompson,6.6930354833602905
4,melville,488,dickens,6.328774416888201
4,melville,488,melville,6.006754207611084
4,melville,488,wells,6.14486026763916
4,melville,488,austen,6.107424259185791
4,melville,488,fitzgerald,6.403794606526692
4,melville,488,twain,6.67888942360878
4,melville,489,train,4.912833869457245
4,melville,489,baum,6.326850175857544
4,melville,489,thompson,6.685851454734802
4,melville,489,dickens,6.330449757752596
4,melville,489,melville,6.001852130889892
4,melville,489,wells,6.139188885688782
4,melville,489,austen,6.100036223729451
4,melville,489,fitzgerald,6.397687594095866
4,melville,489,twain,6.672504305839539
4,melville,490,train,4.850310981273651
4,melville,490,baum,6.332383871078491
4,melville,490,thompson,6.69423520565033
4,melville,490,dickens,6.3224619936060025
4,melville,490,melville,6.001793670654297
4,melville,490,wells,6.140941262245178
4,melville,490,austen,6.1014838218688965
4,melville,490,fitzgerald,6.404222965240479
4,melville,490,twain,6.678073972463608
4,melville,491,train,4.861743092536926
4,melville,491,baum,6.330582976341248
4,melville,491,thompson,6.692458868026733
4,melville,491,dickens,6.321680351539895
4,melville,491,melville,6.006200456619263
4,melville,491,wells,6.146749138832092
4,melville,491,austen,6.103167533874512
4,melville,491,fitzgerald,6.40358304977417
4,melville,491,twain,6.678075045347214
4,melville,492,train,4.878909468650818
4,melville,492,baum,6.333371520042419
4,melville,492,thompson,6.692031145095825
4,melville,492,dickens,6.328852618182147
4,melville,492,melville,6.0099968910217285
4,melville,492,wells,6.142242908477783
4,melville,492,austen,6.106830437978108
4,melville,492,fitzgerald,6.401556015014648
4,melville,492,twain,6.678178906440735
4,melville,493,train,4.848789989948273
4,melville,493,baum,6.330215215682983
4,melville,493,thompson,6.699571967124939
4,melville,493,dickens,6.335795261241771
4,melville,493,melville,6.00448956489563
4,melville,493,wells,6.143230438232422
4,melville,493,austen,6.107502142588298
4,melville,493,fitzgerald,6.405897617340088
4,melville,493,twain,6.680741190910339
4,melville,494,train,4.858575522899628
4,melville,494,baum,6.337434411048889
4,melville,494,thompson,6.700491189956665
4,melville,494,dickens,6.33500321706136
4,melville,494,melville,6.0075681686401365
4,melville,494,wells,6.145994544029236
4,melville,494,austen,6.108178456624349
4,melville,494,fitzgerald,6.406447569529216
4,melville,494,twain,6.684166789054871
4,melville,495,train,4.880397856235504
4,melville,495,baum,6.335612654685974
4,melville,495,thompson,6.70068633556366
4,melville,495,dickens,6.326842396347611
4,melville,495,melville,6.013674068450928
4,melville,495,wells,6.149974942207336
4,melville,495,austen,6.113499561945598
4,melville,495,fitzgerald,6.403237263361613
4,melville,495,twain,6.681191325187683
4,melville,496,train,4.837450861930847
4,melville,496,baum,6.3429330587387085
4,melville,496,thompson,6.7023924589157104
4,melville,496,dickens,6.335019959343804
4,melville,496,melville,6.007984447479248
4,melville,496,wells,6.153849482536316
4,melville,496,austen,6.111087004343669
4,melville,496,fitzgerald,6.41487455368042
4,melville,496,twain,6.6858044266700745
4,melville,497,train,4.835870444774628
4,melville,497,baum,6.330710887908936
4,melville,497,thompson,6.694139719009399
4,melville,497,dickens,6.312598405060945
4,melville,497,melville,5.998883676528931
4,melville,497,wells,6.141980409622192
4,melville,497,austen,6.097601811091105
4,melville,497,fitzgerald,6.400820811589559
4,melville,497,twain,6.682658463716507
4,melville,498,train,4.859031558036804
4,melville,498,baum,6.335145473480225
4,melville,498,thompson,6.696692228317261
4,melville,498,dickens,6.32697813599198
4,melville,498,melville,6.004733848571777
4,melville,498,wells,6.150358080863953
4,melville,498,austen,6.106207847595215
4,melville,498,fitzgerald,6.407761176427205
4,melville,498,twain,6.683322072029114
4,melville,499,train,4.865591108798981
4,melville,499,baum,6.333475112915039
4,melville,499,thompson,6.69414210319519
4,melville,499,dickens,6.320085560833967
4,melville,499,melville,6.009738111495972
4,melville,499,wells,6.146618962287903
4,melville,499,austen,6.106697638829549
4,melville,499,fitzgerald,6.40524419148763
4,melville,499,twain,6.68350151181221
4,melville,500,train,4.848027765750885
4,melville,500,baum,6.341731309890747
4,melville,500,thompson,6.702784299850464
4,melville,500,dickens,6.328529340249521
4,melville,500,melville,6.0130147457122805
4,melville,500,wells,6.150433778762817
4,melville,500,austen,6.109087705612183
4,melville,500,fitzgerald,6.410591046015422
4,melville,500,twain,6.686408877372742
4,melville,501,train,4.86838573217392
4,melville,501,baum,6.339987754821777
4,melville,501,thompson,6.695828914642334
4,melville,501,dickens,6.324013144881637
4,melville,501,melville,6.009998846054077
4,melville,501,wells,6.14920711517334
4,melville,501,austen,6.11302653948466
4,melville,501,fitzgerald,6.408977111180623
4,melville,501,twain,6.687738090753555
4,melville,502,train,4.840558409690857
4,melville,502,baum,6.339377164840698
4,melville,502,thompson,6.704339385032654
4,melville,502,dickens,6.329120635986328
4,melville,502,melville,6.010926723480225
4,melville,502,wells,6.155391573905945
4,melville,502,austen,6.1122963428497314
4,melville,502,fitzgerald,6.406647602717082
4,melville,502,twain,6.690124154090881
4,melville,503,train,4.834756016731262
4,melville,503,baum,6.339093804359436
4,melville,503,thompson,6.702450513839722
4,melville,503,dickens,6.328153592568857
4,melville,503,melville,6.010453176498413
4,melville,503,wells,6.153643012046814
4,melville,503,austen,6.109696467717488
4,melville,503,fitzgerald,6.410799264907837
4,melville,503,twain,6.691294282674789
4,melville,504,train,4.810802340507507
4,melville,504,baum,6.344589710235596
4,melville,504,thompson,6.702445030212402
4,melville,504,dickens,6.331883130250154
4,melville,504,melville,6.011027765274048
4,melville,504,wells,6.150331377983093
4,melville,504,austen,6.10931674639384
4,melville,504,fitzgerald,6.412751118342082
4,melville,504,twain,6.691182792186737
4,melville,505,train,4.847464025020599
4,melville,505,baum,6.344973921775818
4,melville,505,thompson,6.705631732940674
4,melville,505,dickens,6.337420004385489
4,melville,505,melville,6.015750217437744
4,melville,505,wells,6.15332567691803
4,melville,505,austen,6.121307611465454
4,melville,505,fitzgerald,6.410583019256592
4,melville,505,twain,6.689376264810562
4,melville,506,train,4.852300465106964
4,melville,506,baum,6.340747117996216
4,melville,506,thompson,6.7018619775772095
4,melville,506,dickens,6.336411122922544
4,melville,506,melville,6.011124992370606
4,melville,506,wells,6.149986863136292
4,melville,506,austen,6.110354820887248
4,melville,506,fitzgerald,6.408830722173055
4,melville,506,twain,6.687694579362869
4,melville,507,train,4.831915080547333
4,melville,507,baum,6.338877201080322
4,melville,507,thompson,6.707505345344544
4,melville,507,dickens,6.3274259920473455
4,melville,507,melville,6.01138825416565
4,melville,507,wells,6.154016017913818
4,melville,507,austen,6.115382750829061
4,melville,507,fitzgerald,6.406264146169026
4,melville,507,twain,6.686083227396011
4,melville,508,train,4.825667858123779
4,melville,508,baum,6.3454495668411255
4,melville,508,thompson,6.706317186355591
4,melville,508,dickens,6.3355542288886175
4,melville,508,melville,6.00968713760376
4,melville,508,wells,6.150261640548706
4,melville,508,austen,6.1124818325042725
4,melville,508,fitzgerald,6.409296035766602
4,melville,508,twain,6.685719668865204
4,melville,509,train,4.798110067844391
4,melville,509,baum,6.3464730978012085
4,melville,509,thompson,6.705522179603577
4,melville,509,dickens,6.325531818248607
4,melville,509,melville,6.0069056987762455
4,melville,509,wells,6.154442071914673
4,melville,509,austen,6.116357723871867
4,melville,509,fitzgerald,6.410874048868815
4,melville,509,twain,6.691338658332825
4,melville,510,train,4.824968039989471
4,melville,510,baum,6.345499634742737
4,melville,510,thompson,6.703372597694397
4,melville,510,dickens,6.331616030799018
4,melville,510,melville,6.006433868408204
4,melville,510,wells,6.154564261436462
4,melville,510,austen,6.119462490081787
4,melville,510,fitzgerald,6.41280182202657
4,melville,510,twain,6.69170618057251
4,melville,511,train,4.835561811923981
4,melville,511,baum,6.34467351436615
4,melville,511,thompson,6.707777619361877
4,melville,511,dickens,6.337124365347403
4,melville,511,melville,6.007954883575439
4,melville,511,wells,6.161233901977539
4,melville,511,austen,6.11771027247111
4,melville,511,fitzgerald,6.4182022412618
4,melville,511,twain,6.69563689827919
4,melville,512,train,4.799501657485962
4,melville,512,baum,6.355276107788086
4,melville,512,thompson,6.714755296707153
4,melville,512,dickens,6.330230483302364
4,melville,512,melville,6.011624908447265
4,melville,512,wells,6.160993337631226
4,melville,512,austen,6.1256899038950605
4,melville,512,fitzgerald,6.424302657445272
4,melville,512,twain,6.700871765613556
4,melville,513,train,4.804342389106751
4,melville,513,baum,6.339951992034912
4,melville,513,thompson,6.705764532089233
4,melville,513,dickens,6.3303169850949885
4,melville,513,melville,5.999524927139282
4,melville,513,wells,6.147552251815796
4,melville,513,austen,6.110155661900838
4,melville,513,fitzgerald,6.414582331975301
4,melville,513,twain,6.6904789209365845
4,melville,514,train,4.825526773929596
4,melville,514,baum,6.353680610656738
4,melville,514,thompson,6.708722710609436
4,melville,514,dickens,6.3419970406426325
4,melville,514,melville,6.010127210617066
4,melville,514,wells,6.159404277801514
4,melville,514,austen,6.118282874425252
4,melville,514,fitzgerald,6.419447580973308
4,melville,514,twain,6.694493979215622
4,melville,515,train,4.807822942733765
4,melville,515,baum,6.3498146533966064
4,melville,515,thompson,6.71627151966095
4,melville,515,dickens,6.341420827088533
4,melville,515,melville,6.00926399230957
4,melville,515,wells,6.161829948425293
4,melville,515,austen,6.126883904139201
4,melville,515,fitzgerald,6.425447861353557
4,melville,515,twain,6.694698989391327
4,melville,516,train,4.801623165607452
4,melville,516,baum,6.3417699337005615
4,melville,516,thompson,6.707092046737671
4,melville,516,dickens,6.334937749085603
4,melville,516,melville,6.004757213592529
4,melville,516,wells,6.151097416877747
4,melville,516,austen,6.111605962117513
4,melville,516,fitzgerald,6.413054466247559
4,melville,516,twain,6.686078816652298
4,melville,517,train,4.801405191421509
4,melville,517,baum,6.33880889415741
4,melville,517,thompson,6.705793619155884
4,melville,517,dickens,6.327671227631746
4,melville,517,melville,6.001365709304809
4,melville,517,wells,6.150656700134277
4,melville,517,austen,6.114572366078694
4,melville,517,fitzgerald,6.412156343460083
4,melville,517,twain,6.690086096525192
4,melville,518,train,4.766258239746094
4,melville,518,baum,6.352304577827454
4,melville,518,thompson,6.718320846557617
4,melville,518,dickens,6.331779374016656
4,melville,518,melville,6.005987024307251
4,melville,518,wells,6.1608604192733765
4,melville,518,austen,6.118151585261027
4,melville,518,fitzgerald,6.428833723068237
4,melville,518,twain,6.700662314891815
4,melville,519,train,4.781579554080963
4,melville,519,baum,6.3555673360824585
4,melville,519,thompson,6.724396705627441
4,melville,519,dickens,6.347790400187175
4,melville,519,melville,6.009137439727783
4,melville,519,wells,6.160727262496948
4,melville,519,austen,6.129245201746623
4,melville,519,fitzgerald,6.4275557200113935
4,melville,519,twain,6.699985444545746
4,melville,520,train,4.75807398557663
4,melville,520,baum,6.353741765022278
4,melville,520,thompson,6.715557098388672
4,melville,520,dickens,6.33163000036169
4,melville,520,melville,5.998557090759277
4,melville,520,wells,6.15713906288147
4,melville,520,austen,6.111550966898601
4,melville,520,fitzgerald,6.426009734471639
4,melville,520,twain,6.698474943637848
4,melville,521,train,4.807929277420044
4,melville,521,baum,6.351959586143494
4,melville,521,thompson,6.718237042427063
4,melville,521,dickens,6.347786779756899
4,melville,521,melville,6.005913162231446
4,melville,521,wells,6.158248543739319
4,melville,521,austen,6.116713682810466
4,melville,521,fitzgerald,6.427939812342326
4,melville,521,twain,6.703121453523636
4,melville,522,train,4.781292617321014
4,melville,522,baum,6.348642110824585
4,melville,522,thompson,6.713998079299927
4,melville,522,dickens,6.337372444294117
4,melville,522,melville,6.002570772171021
4,melville,522,wells,6.154417276382446
4,melville,522,austen,6.112030108769734
4,melville,522,fitzgerald,6.418049017588298
4,melville,522,twain,6.69527068734169
4,melville,523,train,4.807175278663635
4,melville,523,baum,6.356481194496155
4,melville,523,thompson,6.717801570892334
4,melville,523,dickens,6.347417089674208
4,melville,523,melville,5.9995739459991455
4,melville,523,wells,6.155904293060303
4,melville,523,austen,6.116897106170654
4,melville,523,fitzgerald,6.429871082305908
4,melville,523,twain,6.70193287730217
4,melville,524,train,4.776755511760712
4,melville,524,baum,6.360076665878296
4,melville,524,thompson,6.720537066459656
4,melville,524,dickens,6.360730718683313
4,melville,524,melville,6.0021162033081055
4,melville,524,wells,6.159261465072632
4,melville,524,austen,6.122242212295532
4,melville,524,fitzgerald,6.432424068450928
4,melville,524,twain,6.702047646045685
4,melville,525,train,4.809153497219086
4,melville,525,baum,6.3614407777786255
4,melville,525,thompson,6.718131899833679
4,melville,525,dickens,6.343719429439968
4,melville,525,melville,6.003279113769532
4,melville,525,wells,6.159342646598816
4,melville,525,austen,6.122032403945923
4,melville,525,fitzgerald,6.430642604827881
4,melville,525,twain,6.70522353053093
4,melville,526,train,4.7762211561203
4,melville,526,baum,6.359875917434692
4,melville,526,thompson,6.722386240959168
4,melville,526,dickens,6.35872330488982
4,melville,526,melville,6.009204769134522
4,melville,526,wells,6.165170669555664
4,melville,526,austen,6.130391200383504
4,melville,526,fitzgerald,6.428795496622722
4,melville,526,twain,6.697146654129028
4,melville,527,train,4.786118745803833
4,melville,527,baum,6.358885049819946
4,melville,527,thompson,6.720004916191101
4,melville,527,dickens,6.351396701954029
4,melville,527,melville,6.000596952438355
4,melville,527,wells,6.163618326187134
4,melville,527,austen,6.118099292119344
4,melville,527,fitzgerald,6.431381940841675
4,melville,527,twain,6.700694262981415
4,melville,528,train,4.78324431180954
4,melville,528,baum,6.354336261749268
4,melville,528,thompson,6.719556570053101
4,melville,528,dickens,6.355189252782751
4,melville,528,melville,6.006320953369141
4,melville,528,wells,6.160754084587097
4,melville,528,austen,6.129485448201497
4,melville,528,fitzgerald,6.42320187886556
4,melville,528,twain,6.697359621524811
4,melville,529,train,4.763797998428345
4,melville,529,baum,6.35635781288147
4,melville,529,thompson,6.72373902797699
4,melville,529,dickens,6.364090866512722
4,melville,529,melville,6.007140827178955
4,melville,529,wells,6.163923501968384
4,melville,529,austen,6.125119686126709
4,melville,529,fitzgerald,6.42533278465271
4,melville,529,twain,6.696525663137436
4,melville,530,train,4.76999443769455
4,melville,530,baum,6.353042125701904
4,melville,530,thompson,6.724446773529053
4,melville,530,dickens,6.3475270977726685
4,melville,530,melville,6.007738065719605
4,melville,530,wells,6.165452003479004
4,melville,530,austen,6.128349304199219
4,melville,530,fitzgerald,6.431428750356038
4,melville,530,twain,6.69976931810379
4,melville,531,train,4.785384356975555
4,melville,531,baum,6.352389097213745
4,melville,531,thompson,6.723360538482666
4,melville,531,dickens,6.3516451694347245
4,melville,531,melville,6.007574653625488
4,melville,531,wells,6.1638123989105225
4,melville,531,austen,6.1278661886851
4,melville,531,fitzgerald,6.428797801335652
4,melville,531,twain,6.698443651199341
4,melville,532,train,4.766815185546875
4,melville,532,baum,6.350677967071533
4,melville,532,thompson,6.718424320220947
4,melville,532,dickens,6.35392823042693
4,melville,532,melville,6.004231882095337
4,melville,532,wells,6.162438154220581
4,melville,532,austen,6.126712481180827
4,melville,532,fitzgerald,6.423634052276611
4,melville,532,twain,6.700021535158157
4,melville,533,train,4.76010274887085
4,melville,533,baum,6.355538845062256
4,melville,533,thompson,6.717310667037964
4,melville,533,dickens,6.3521243024755405
4,melville,533,melville,5.998634290695191
4,melville,533,wells,6.165801644325256
4,melville,533,austen,6.127939303716024
4,melville,533,fitzgerald,6.429706573486328
4,melville,533,twain,6.696455180644989
4,melville,534,train,4.763564884662628
4,melville,534,baum,6.362274765968323
4,melville,534,thompson,6.722828030586243
4,melville,534,dickens,6.349940335309064
4,melville,534,melville,6.00623574256897
4,melville,534,wells,6.170253157615662
4,melville,534,austen,6.13503623008728
4,melville,534,fitzgerald,6.432865937550862
4,melville,534,twain,6.709719210863113
4,melville,535,train,4.754087746143341
4,melville,535,baum,6.363980174064636
4,melville,535,thompson,6.727197170257568
4,melville,535,dickens,6.350618415408665
4,melville,535,melville,6.003392553329467
4,melville,535,wells,6.164060592651367
4,melville,535,austen,6.12282673517863
4,melville,535,fitzgerald,6.441617727279663
4,melville,535,twain,6.705806374549866
4,melville,536,train,4.755490183830261
4,melville,536,baum,6.357465624809265
4,melville,536,thompson,6.725385308265686
4,melville,536,dickens,6.35648630283497
4,melville,536,melville,6.011314392089844
4,melville,536,wells,6.168148994445801
4,melville,536,austen,6.133031765619914
4,melville,536,fitzgerald,6.429039239883423
4,melville,536,twain,6.702884018421173
4,melville,537,train,4.778625428676605
4,melville,537,baum,6.367686748504639
4,melville,537,thompson,6.737128973007202
4,melville,537,dickens,6.360044497030753
4,melville,537,melville,6.010454416275024
4,melville,537,wells,6.171576261520386
4,melville,537,austen,6.133293867111206
4,melville,537,fitzgerald,6.441867351531982
4,melville,537,twain,6.7062104642391205
4,melville,538,train,4.738306641578674
4,melville,538,baum,6.362151503562927
4,melville,538,thompson,6.7345030307769775
4,melville,538,dickens,6.357546258855749
4,melville,538,melville,6.005584335327148
4,melville,538,wells,6.168051958084106
4,melville,538,austen,6.127963622411092
4,melville,538,fitzgerald,6.435078064600627
4,melville,538,twain,6.703888893127441
4,melville,539,train,4.743298053741455
4,melville,539,baum,6.369679093360901
4,melville,539,thompson,6.728813052177429
4,melville,539,dickens,6.35228623284234
4,melville,539,melville,5.999266767501831
4,melville,539,wells,6.165659785270691
4,melville,539,austen,6.12405252456665
4,melville,539,fitzgerald,6.440917253494263
4,melville,539,twain,6.712555319070816
4,melville,540,train,4.753855228424072
4,melville,540,baum,6.366949200630188
4,melville,540,thompson,6.735080718994141
4,melville,540,dickens,6.357483492957221
4,melville,540,melville,6.003797388076782
4,melville,540,wells,6.172282099723816
4,melville,540,austen,6.13286566734314
4,melville,540,fitzgerald,6.444410483042399
4,melville,540,twain,6.713023692369461
4,melville,541,train,4.750456809997559
4,melville,541,baum,6.360158085823059
4,melville,541,thompson,6.72422730922699
4,melville,541,dickens,6.348391091382062
4,melville,541,melville,5.997732496261596
4,melville,541,wells,6.169723391532898
4,melville,541,austen,6.12827189763387
4,melville,541,fitzgerald,6.432387510935466
4,melville,541,twain,6.708689570426941
4,melville,542,train,4.7225252985954285
4,melville,542,baum,6.370993971824646
4,melville,542,thompson,6.73845112323761
4,melville,542,dickens,6.349649605927644
4,melville,542,melville,6.006964588165284
4,melville,542,wells,6.174520969390869
4,melville,542,austen,6.130188783009847
4,melville,542,fitzgerald,6.447727600733439
4,melville,542,twain,6.719136565923691
4,melville,543,train,4.762443006038666
4,melville,543,baum,6.368258714675903
4,melville,543,thompson,6.731306314468384
4,melville,543,dickens,6.352393927397551
4,melville,543,melville,6.00767593383789
4,melville,543,wells,6.165423274040222
4,melville,543,austen,6.128124157587688
4,melville,543,fitzgerald,6.441925128300984
4,melville,543,twain,6.710929811000824
4,melville,544,train,4.722167372703552
4,melville,544,baum,6.374903202056885
4,melville,544,thompson,6.741389036178589
4,melville,544,dickens,6.362383842468262
4,melville,544,melville,6.013218069076538
4,melville,544,wells,6.178546667098999
4,melville,544,austen,6.131524403889974
4,melville,544,fitzgerald,6.441541989644368
4,melville,544,twain,6.712191641330719
4,melville,545,train,4.739384710788727
4,melville,545,baum,6.365484952926636
4,melville,545,thompson,6.738936185836792
4,melville,545,dickens,6.3581660411976
4,melville,545,melville,6.008340358734131
4,melville,545,wells,6.170654773712158
4,melville,545,austen,6.132021586100261
4,melville,545,fitzgerald,6.4337230523427325
4,melville,545,twain,6.71004980802536
4,melville,546,train,4.748895764350891
4,melville,546,baum,6.367412805557251
4,melville,546,thompson,6.742440581321716
4,melville,546,dickens,6.359166834089491
4,melville,546,melville,6.007005023956299
4,melville,546,wells,6.1744197607040405
4,melville,546,austen,6.138602336247762
4,melville,546,fitzgerald,6.433772404988607
4,melville,546,twain,6.711136221885681
4,melville,547,train,4.708905756473541
4,melville,547,baum,6.370485424995422
4,melville,547,thompson,6.739622712135315
4,melville,547,dickens,6.3599236629627365
4,melville,547,melville,6.013689374923706
4,melville,547,wells,6.176371574401856
4,melville,547,austen,6.138922373453776
4,melville,547,fitzgerald,6.438772281010945
4,melville,547,twain,6.71147683262825
4,melville,548,train,4.73296332359314
4,melville,548,baum,6.370921611785889
4,melville,548,thompson,6.741704106330872
4,melville,548,dickens,6.355935379310891
4,melville,548,melville,6.013991594314575
4,melville,548,wells,6.172733426094055
4,melville,548,austen,6.133578300476074
4,melville,548,fitzgerald,6.439550399780273
4,melville,548,twain,6.715843021869659
4,melville,549,train,4.712018609046936
4,melville,549,baum,6.372515320777893
4,melville,549,thompson,6.739740014076233
4,melville,549,dickens,6.36241755662141
4,melville,549,melville,6.010508298873901
4,melville,549,wells,6.17369270324707
4,melville,549,austen,6.132585207621257
4,melville,549,fitzgerald,6.44216791788737
4,melville,549,twain,6.71908563375473
4,melville,550,train,4.725066900253296
4,melville,550,baum,6.379310607910156
4,melville,550,thompson,6.747577786445618
4,melville,550,dickens,6.360742816218624
4,melville,550,melville,6.011254167556762
4,melville,550,wells,6.179861068725586
4,melville,550,austen,6.137617746988933
4,melville,550,fitzgerald,6.452641169230144
4,melville,550,twain,6.724351435899735
4,melville,551,train,4.725680947303772
4,melville,551,baum,6.371769309043884
4,melville,551,thompson,6.735889911651611
4,melville,551,dickens,6.35403839747111
4,melville,551,melville,6.006528568267822
4,melville,551,wells,6.173635005950928
4,melville,551,austen,6.131296793619792
4,melville,551,fitzgerald,6.4402477741241455
4,melville,551,twain,6.720087617635727
4,melville,552,train,4.71152275800705
4,melville,552,baum,6.374786019325256
4,melville,552,thompson,6.745844841003418
4,melville,552,dickens,6.365251876689769
4,melville,552,melville,6.008434247970581
4,melville,552,wells,6.184184670448303
4,melville,552,austen,6.144744237263997
4,melville,552,fitzgerald,6.443785826365153
4,melville,552,twain,6.719715029001236
4,melville,553,train,4.731962323188782
4,melville,553,baum,6.375853538513184
4,melville,553,thompson,6.74409544467926
4,melville,553,dickens,6.365945674754955
4,melville,553,melville,6.013202238082886
4,melville,553,wells,6.181752562522888
4,melville,553,austen,6.143195549647014
4,melville,553,fitzgerald,6.446873823801677
4,melville,553,twain,6.723074316978455
4,melville,554,train,4.706892728805542
4,melville,554,baum,6.37628984451294
4,melville,554,thompson,6.7436851263046265
4,melville,554,dickens,6.35755118617305
4,melville,554,melville,6.013752794265747
4,melville,554,wells,6.181196331977844
4,melville,554,austen,6.148076295852661
4,melville,554,fitzgerald,6.445508559544881
4,melville,554,twain,6.72038459777832
4,melville,555,train,4.698512375354767
4,melville,555,baum,6.37502384185791
4,melville,555,thompson,6.738781213760376
4,melville,555,dickens,6.355250393902814
4,melville,555,melville,6.010542678833008
4,melville,555,wells,6.175980448722839
4,melville,555,austen,6.134536425272624
4,melville,555,fitzgerald,6.440674861272176
4,melville,555,twain,6.71987310051918
4,melville,556,train,4.695363700389862
4,melville,556,baum,6.37101149559021
4,melville,556,thompson,6.737614989280701
4,melville,556,dickens,6.357520032812048
4,melville,556,melville,6.00427565574646
4,melville,556,wells,6.178031325340271
4,melville,556,austen,6.141017198562622
4,melville,556,fitzgerald,6.441429217656453
4,melville,556,twain,6.719173967838287
4,melville,557,train,4.677045583724976
4,melville,557,baum,6.3690537214279175
4,melville,557,thompson,6.740907549858093
4,melville,557,dickens,6.355687671237522
4,melville,557,melville,6.00539870262146
4,melville,557,wells,6.167297005653381
4,melville,557,austen,6.121434768040975
4,melville,557,fitzgerald,6.440338055292766
4,melville,557,twain,6.715631306171417
4,melville,558,train,4.699905514717102
4,melville,558,baum,6.380321145057678
4,melville,558,thompson,6.746934175491333
4,melville,558,dickens,6.361465118549488
4,melville,558,melville,6.008891582489014
4,melville,558,wells,6.179299712181091
4,melville,558,austen,6.134529272715251
4,melville,558,fitzgerald,6.453299125035604
4,melville,558,twain,6.723221212625504
4,melville,559,train,4.706716477870941
4,melville,559,baum,6.381864666938782
4,melville,559,thompson,6.750417828559876
4,melville,559,dickens,6.368991339648211
4,melville,559,melville,6.01564655303955
4,melville,559,wells,6.186640977859497
4,melville,559,austen,6.150123993555705
4,melville,559,fitzgerald,6.451822678248088
4,melville,559,twain,6.722909092903137
4,melville,560,train,4.697659134864807
4,melville,560,baum,6.381892561912537
4,melville,560,thompson,6.748541474342346
4,melville,560,dickens,6.374824223694978
4,melville,560,melville,6.0173859119415285
4,melville,560,wells,6.184872388839722
4,melville,560,austen,6.147167921066284
4,melville,560,fitzgerald,6.447562456130981
4,melville,560,twain,6.723600953817368
4,melville,561,train,4.705225229263306
4,melville,561,baum,6.378707408905029
4,melville,561,thompson,6.747439503669739
4,melville,561,dickens,6.37245621504607
4,melville,561,melville,6.005949258804321
4,melville,561,wells,6.187345623970032
4,melville,561,austen,6.145893494288127
4,melville,561,fitzgerald,6.450705528259277
4,melville,561,twain,6.722256571054459
4,melville,562,train,4.722480058670044
4,melville,562,baum,6.37924337387085
4,melville,562,thompson,6.748672962188721
4,melville,562,dickens,6.372009453950105
4,melville,562,melville,6.004123687744141
4,melville,562,wells,6.178555250167847
4,melville,562,austen,6.1399720509847
4,melville,562,fitzgerald,6.449648141860962
4,melville,562,twain,6.720093131065369
4,melville,563,train,4.688076436519623
4,melville,563,baum,6.387447953224182
4,melville,563,thompson,6.752830862998962
4,melville,563,dickens,6.374904491283275
4,melville,563,melville,6.013049268722535
4,melville,563,wells,6.188712000846863
4,melville,563,austen,6.146604220072429
4,melville,563,fitzgerald,6.460200309753418
4,melville,563,twain,6.73070228099823
4,melville,564,train,4.702952921390533
4,melville,564,baum,6.382287859916687
4,melville,564,thompson,6.751975655555725
4,melville,564,dickens,6.3718677626715765
4,melville,564,melville,6.017166233062744
4,melville,564,wells,6.186617374420166
4,melville,564,austen,6.149686733881633
4,melville,564,fitzgerald,6.448327461878459
4,melville,564,twain,6.725486755371094
4,melville,565,train,4.710967481136322
4,melville,565,baum,6.383545160293579
4,melville,565,thompson,6.752250909805298
4,melville,565,dickens,6.372944001798277
4,melville,565,melville,6.016687059402466
4,melville,565,wells,6.190590739250183
4,melville,565,austen,6.152038176854451
4,melville,565,fitzgerald,6.450697501500447
4,melville,565,twain,6.727796405553818
4,melville,566,train,4.680801510810852
4,melville,566,baum,6.378340363502502
4,melville,566,thompson,6.74990713596344
4,melville,566,dickens,6.373713087152551
4,melville,566,melville,6.010843706130982
4,melville,566,wells,6.177633404731751
4,melville,566,austen,6.142616351445516
4,melville,566,fitzgerald,6.448017835617065
4,melville,566,twain,6.721404254436493
4,melville,567,train,4.676242709159851
4,melville,567,baum,6.3860931396484375
4,melville,567,thompson,6.749407172203064
4,melville,567,dickens,6.3743354479471845
4,melville,567,melville,6.0080469131469725
4,melville,567,wells,6.184601664543152
4,melville,567,austen,6.143708785374959
4,melville,567,fitzgerald,6.45428450902303
4,melville,567,twain,6.726007252931595
4,melville,568,train,4.705534815788269
4,melville,568,baum,6.386518597602844
4,melville,568,thompson,6.752246260643005
4,melville,568,dickens,6.3762115725764525
4,melville,568,melville,6.009300947189331
4,melville,568,wells,6.186153173446655
4,melville,568,austen,6.147238254547119
4,melville,568,fitzgerald,6.451284408569336
4,melville,568,twain,6.726165443658829
4,melville,569,train,4.657553315162659
4,melville,569,baum,6.389656662940979
4,melville,569,thompson,6.75902533531189
4,melville,569,dickens,6.377655117600052
4,melville,569,melville,6.015712261199951
4,melville,569,wells,6.191290020942688
4,melville,569,austen,6.156611680984497
4,melville,569,fitzgerald,6.454026063283284
4,melville,569,twain,6.732033640146256
4,melville,570,train,4.674900650978088
4,melville,570,baum,6.382056474685669
4,melville,570,thompson,6.753036379814148
4,melville,570,dickens,6.365324338277181
4,melville,570,melville,6.013443422317505
4,melville,570,wells,6.188796639442444
4,melville,570,austen,6.144929647445679
4,melville,570,fitzgerald,6.454209963480632
4,melville,570,twain,6.727270901203156
4,melville,571,train,4.6926756501197815
4,melville,571,baum,6.39108419418335
4,melville,571,thompson,6.756775617599487
4,melville,571,dickens,6.381792121463352
4,melville,571,melville,6.008735704421997
4,melville,571,wells,6.189778327941895
4,melville,571,austen,6.1475701332092285
4,melville,571,fitzgerald,6.46258020401001
4,melville,571,twain,6.737533003091812
4,melville,572,train,4.648457050323486
4,melville,572,baum,6.3852773904800415
4,melville,572,thompson,6.756685853004456
4,melville,572,dickens,6.383114797097665
4,melville,572,melville,6.006176996231079
4,melville,572,wells,6.193294763565064
4,melville,572,austen,6.154188791910808
4,melville,572,fitzgerald,6.455624183019002
4,melville,572,twain,6.73007270693779
4,melville,573,train,4.6588157415390015
4,melville,573,baum,6.395091414451599
4,melville,573,thompson,6.763534903526306
4,melville,573,dickens,6.39040830400255
4,melville,573,melville,6.014070844650268
4,melville,573,wells,6.196853876113892
4,melville,573,austen,6.1635293165842695
4,melville,573,fitzgerald,6.463447729746501
4,melville,573,twain,6.736178994178772
4,melville,574,train,4.635587096214294
4,melville,574,baum,6.397170066833496
4,melville,574,thompson,6.763872861862183
4,melville,574,dickens,6.381911878232603
4,melville,574,melville,6.013219594955444
4,melville,574,wells,6.200504899024963
4,melville,574,austen,6.16106104850769
4,melville,574,fitzgerald,6.468863328297933
4,melville,574,twain,6.7434729635715485
4,melville,575,train,4.669245004653931
4,melville,575,baum,6.40117347240448
4,melville,575,thompson,6.767422914505005
4,melville,575,dickens,6.385894475159822
4,melville,575,melville,6.010168313980103
4,melville,575,wells,6.197098851203919
4,melville,575,austen,6.160914262135823
4,melville,575,fitzgerald,6.47143308321635
4,melville,575,twain,6.73670220375061
4,melville,576,train,4.666912853717804
4,melville,576,baum,6.389148712158203
4,melville,576,thompson,6.760132908821106
4,melville,576,dickens,6.3767655160692005
4,melville,576,melville,6.01251187324524
4,melville,576,wells,6.1897677183151245
4,melville,576,austen,6.15348466237386
4,melville,576,fitzgerald,6.458922068277995
4,melville,576,twain,6.727059751749039
4,melville,577,train,4.670727014541626
4,melville,577,baum,6.399665117263794
4,melville,577,thompson,6.763721227645874
4,melville,577,dickens,6.391734776673494
4,melville,577,melville,6.019869565963745
4,melville,577,wells,6.199962496757507
4,melville,577,austen,6.157677888870239
4,melville,577,fitzgerald,6.464508851369222
4,melville,577,twain,6.732239902019501
4,melville,578,train,4.644719898700714
4,melville,578,baum,6.395614504814148
4,melville,578,thompson,6.766901016235352
4,melville,578,dickens,6.393993059794108
4,melville,578,melville,6.019704818725586
4,melville,578,wells,6.198423266410828
4,melville,578,austen,6.164271116256714
4,melville,578,fitzgerald,6.466057777404785
4,melville,578,twain,6.735047668218613
4,melville,579,train,4.627422571182251
4,melville,579,baum,6.405628442764282
4,melville,579,thompson,6.777157783508301
4,melville,579,dickens,6.400353731932463
4,melville,579,melville,6.02851881980896
4,melville,579,wells,6.206794261932373
4,melville,579,austen,6.173147678375244
4,melville,579,fitzgerald,6.474452654520671
4,melville,579,twain,6.743509352207184
4,melville,580,train,4.62494558095932
4,melville,580,baum,6.388477802276611
4,melville,580,thompson,6.758999824523926
4,melville,580,dickens,6.381250257845278
4,melville,580,melville,6.01463212966919
4,melville,580,wells,6.18568742275238
4,melville,580,austen,6.1558332443237305
4,melville,580,fitzgerald,6.449041366577148
4,melville,580,twain,6.7273978888988495
4,melville,581,train,4.63851135969162
4,melville,581,baum,6.396952271461487
4,melville,581,thompson,6.765258312225342
4,melville,581,dickens,6.386104142224347
4,melville,581,melville,6.015226030349732
4,melville,581,wells,6.199492335319519
4,melville,581,austen,6.160462935765584
4,melville,581,fitzgerald,6.462295293807983
4,melville,581,twain,6.738312304019928
4,melville,582,train,4.635869264602661
4,melville,582,baum,6.394361734390259
4,melville,582,thompson,6.761975646018982
4,melville,582,dickens,6.393025451236301
4,melville,582,melville,6.019693231582641
4,melville,582,wells,6.198030114173889
4,melville,582,austen,6.168618361155192
4,melville,582,fitzgerald,6.455452124277751
4,melville,582,twain,6.732252866029739
4,melville,583,train,4.639548301696777
4,melville,583,baum,6.399312853813171
4,melville,583,thompson,6.767076730728149
4,melville,583,dickens,6.387840323978001
4,melville,583,melville,6.022569417953491
4,melville,583,wells,6.197870850563049
4,melville,583,austen,6.163098017374675
4,melville,583,fitzgerald,6.457220554351807
4,melville,583,twain,6.735611587762833
4,melville,584,train,4.628048241138458
4,melville,584,baum,6.4017122983932495
4,melville,584,thompson,6.769361257553101
4,melville,584,dickens,6.394043692836055
4,melville,584,melville,6.018370771408081
4,melville,584,wells,6.201461911201477
4,melville,584,austen,6.164610783259074
4,melville,584,fitzgerald,6.470853805541992
4,melville,584,twain,6.74701139330864
4,melville,585,train,4.637678623199463
4,melville,585,baum,6.400290966033936
4,melville,585,thompson,6.767344355583191
4,melville,585,dickens,6.398899413921215
4,melville,585,melville,6.017656803131104
4,melville,585,wells,6.196329236030579
4,melville,585,austen,6.166744232177734
4,melville,585,fitzgerald,6.462448676427205
4,melville,585,twain,6.738946974277496
4,melville,586,train,4.633447229862213
4,melville,586,baum,6.407047867774963
4,melville,586,thompson,6.768526792526245
4,melville,586,dickens,6.401469107027407
4,melville,586,melville,6.0211889266967775
4,melville,586,wells,6.204391598701477
4,melville,586,austen,6.173142433166504
4,melville,586,fitzgerald,6.466970284779866
4,melville,586,twain,6.739584147930145
4,melville,587,train,4.649797260761261
4,melville,587,baum,6.400065302848816
4,melville,587,thompson,6.76915180683136
4,melville,587,dickens,6.393095193085848
4,melville,587,melville,6.015163612365723
4,melville,587,wells,6.199667692184448
4,melville,587,austen,6.163928906122844
4,melville,587,fitzgerald,6.463794946670532
4,melville,587,twain,6.740516275167465
4,melville,588,train,4.628506779670715
4,melville,588,baum,6.395094037055969
4,melville,588,thompson,6.758556962013245
4,melville,588,dickens,6.392933633592394
4,melville,588,melville,6.017381715774536
4,melville,588,wells,6.193621635437012
4,melville,588,austen,6.166913827260335
4,melville,588,fitzgerald,6.457072178522746
4,melville,588,twain,6.733600467443466
4,melville,589,train,4.6130319237709045
4,melville,589,baum,6.400346636772156
4,melville,589,thompson,6.768445014953613
4,melville,589,dickens,6.385234638496682
4,melville,589,melville,6.016939258575439
4,melville,589,wells,6.2050840854644775
4,melville,589,austen,6.166754325230916
4,melville,589,fitzgerald,6.462840954462688
4,melville,589,twain,6.741445302963257
4,melville,590,train,4.646173715591431
4,melville,590,baum,6.394944429397583
4,melville,590,thompson,6.763051390647888
4,melville,590,dickens,6.38833475112915
4,melville,590,melville,6.018968105316162
4,melville,590,wells,6.188737750053406
4,melville,590,austen,6.15964142481486
4,melville,590,fitzgerald,6.458268404006958
4,melville,590,twain,6.734689116477966
4,melville,591,train,4.620231986045837
4,melville,591,baum,6.393914699554443
4,melville,591,thompson,6.773004055023193
4,melville,591,dickens,6.382088590551306
4,melville,591,melville,6.01952829360962
4,melville,591,wells,6.196393609046936
4,melville,591,austen,6.1658516724904375
4,melville,591,fitzgerald,6.463247617085774
4,melville,591,twain,6.741021305322647
4,melville,592,train,4.6452266573905945
4,melville,592,baum,6.39566433429718
4,melville,592,thompson,6.768707275390625
4,melville,592,dickens,6.39352074375859
4,melville,592,melville,6.016105175018311
4,melville,592,wells,6.200702428817749
4,melville,592,austen,6.171668688456218
4,melville,592,fitzgerald,6.4642776648203535
4,melville,592,twain,6.744104504585266
4,melville,593,train,4.595654726028442
4,melville,593,baum,6.404622435569763
4,melville,593,thompson,6.77548098564148
4,melville,593,dickens,6.407509591844347
4,melville,593,melville,6.016376495361328
4,melville,593,wells,6.206461429595947
4,melville,593,austen,6.174174070358276
4,melville,593,fitzgerald,6.473609844843547
4,melville,593,twain,6.745584934949875
4,melville,594,train,4.644890189170837
4,melville,594,baum,6.406042456626892
4,melville,594,thompson,6.773731589317322
4,melville,594,dickens,6.400180286831326
4,melville,594,melville,6.011394834518432
4,melville,594,wells,6.202425479888916
4,melville,594,austen,6.17022426923116
4,melville,594,fitzgerald,6.4741471608479815
4,melville,594,twain,6.739162415266037
4,melville,595,train,4.616256773471832
4,melville,595,baum,6.405885696411133
4,melville,595,thompson,6.77246880531311
4,melville,595,dickens,6.399173348038285
4,melville,595,melville,6.01587324142456
4,melville,595,wells,6.209138870239258
4,melville,595,austen,6.174901882807414
4,melville,595,fitzgerald,6.475935856501262
4,melville,595,twain,6.744911670684815
4,melville,596,train,4.606795072555542
4,melville,596,baum,6.412035346031189
4,melville,596,thompson,6.782912254333496
4,melville,596,dickens,6.405709160698785
4,melville,596,melville,6.018011093139648
4,melville,596,wells,6.207493543624878
4,melville,596,austen,6.175961097081502
4,melville,596,fitzgerald,6.4865485827128095
4,melville,596,twain,6.743877470493317
4,melville,597,train,4.598171174526215
4,melville,597,baum,6.405725955963135
4,melville,597,thompson,6.77561342716217
4,melville,597,dickens,6.393321849681713
4,melville,597,melville,6.014183187484742
4,melville,597,wells,6.207931756973267
4,melville,597,austen,6.170897642771403
4,melville,597,fitzgerald,6.4754518667856855
4,melville,597,twain,6.744126379489899
4,melville,598,train,4.627575576305389
4,melville,598,baum,6.40308141708374
4,melville,598,thompson,6.77714467048645
4,melville,598,dickens,6.405885608107956
4,melville,598,melville,6.019763231277466
4,melville,598,wells,6.206178545951843
4,melville,598,austen,6.1729470094045
4,melville,598,fitzgerald,6.478695869445801
4,melville,598,twain,6.74397748708725
4,melville,599,train,4.62056040763855
4,melville,599,baum,6.405680060386658
4,melville,599,thompson,6.777311682701111
4,melville,599,dickens,6.407539667906584
4,melville,599,melville,6.018482255935669
4,melville,599,wells,6.212431907653809
4,melville,599,austen,6.174347639083862
4,melville,599,fitzgerald,6.473482052485148
4,melville,599,twain,6.739846467971802
4,melville,600,train,4.603401958942413
4,melville,600,baum,6.416051745414734
4,melville,600,thompson,6.792701601982117
4,melville,600,dickens,6.413910212340178
4,melville,600,melville,6.025874662399292
4,melville,600,wells,6.222786068916321
4,melville,600,austen,6.182084163029988
4,melville,600,fitzgerald,6.492525974909465
4,melville,600,twain,6.7601945996284485
4,melville,601,train,4.631283044815064
4,melville,601,baum,6.405521392822266
4,melville,601,thompson,6.782167196273804
4,melville,601,dickens,6.407440026601155
4,melville,601,melville,6.01553692817688
4,melville,601,wells,6.214986443519592
4,melville,601,austen,6.17580771446228
4,melville,601,fitzgerald,6.482429027557373
4,melville,601,twain,6.746362805366516
4,melville,602,train,4.641040563583374
4,melville,602,baum,6.420446157455444
4,melville,602,thompson,6.786104798316956
4,melville,602,dickens,6.405311443187572
4,melville,602,melville,6.026275873184204
4,melville,602,wells,6.2144798040390015
4,melville,602,austen,6.181460857391357
4,melville,602,fitzgerald,6.486806074778239
4,melville,602,twain,6.753836691379547
4,melville,603,train,4.59045273065567
4,melville,603,baum,6.406641960144043
4,melville,603,thompson,6.785254001617432
4,melville,603,dickens,6.403775179827655
4,melville,603,melville,6.015581512451172
4,melville,603,wells,6.217449188232422
4,melville,603,austen,6.179512739181519
4,melville,603,fitzgerald,6.489416678746541
4,melville,603,twain,6.7529460191726685
4,melville,604,train,4.607946157455444
4,melville,604,baum,6.412008285522461
4,melville,604,thompson,6.784627676010132
4,melville,604,dickens,6.413560973273383
4,melville,604,melville,6.023070383071899
4,melville,604,wells,6.2122886180877686
4,melville,604,austen,6.181745926539104
4,melville,604,fitzgerald,6.483782052993774
4,melville,604,twain,6.752063095569611
4,melville,605,train,4.586672723293304
4,melville,605,baum,6.408672451972961
4,melville,605,thompson,6.783956408500671
4,melville,605,dickens,6.409602483113607
4,melville,605,melville,6.021654748916626
4,melville,605,wells,6.215569019317627
4,melville,605,austen,6.178675015767415
4,melville,605,fitzgerald,6.481571118036906
4,melville,605,twain,6.752362638711929
4,melville,606,train,4.577170312404633
4,melville,606,baum,6.420942187309265
4,melville,606,thompson,6.7956085205078125
4,melville,606,dickens,6.417400342446786
4,melville,606,melville,6.024302911758423
4,melville,606,wells,6.218732237815857
4,melville,606,austen,6.184207995732625
4,melville,606,fitzgerald,6.495516697565715
4,melville,606,twain,6.763332366943359
4,melville,607,train,4.579839110374451
4,melville,607,baum,6.420745491981506
4,melville,607,thompson,6.787209153175354
4,melville,607,dickens,6.4129519639191805
4,melville,607,melville,6.024199533462524
4,melville,607,wells,6.211223006248474
4,melville,607,austen,6.171892881393433
4,melville,607,fitzgerald,6.491097052892049
4,melville,607,twain,6.762148827314377
4,melville,608,train,4.588170289993286
4,melville,608,baum,6.41584312915802
4,melville,608,thompson,6.791649699211121
4,melville,608,dickens,6.408405851434778
4,melville,608,melville,6.024229240417481
4,melville,608,wells,6.220633387565613
4,melville,608,austen,6.182169357935588
4,melville,608,fitzgerald,6.487627903620402
4,melville,608,twain,6.759745687246323
4,melville,609,train,4.6120565533638
4,melville,609,baum,6.416377782821655
4,melville,609,thompson,6.788904547691345
4,melville,609,dickens,6.412873603679516
4,melville,609,melville,6.02820348739624
4,melville,609,wells,6.212349534034729
4,melville,609,austen,6.186141808827718
4,melville,609,fitzgerald,6.48453442255656
4,melville,609,twain,6.750649780035019
4,melville,610,train,4.57317841053009
4,melville,610,baum,6.416402697563171
4,melville,610,thompson,6.786978244781494
4,melville,610,dickens,6.417672121966326
4,melville,610,melville,6.019906187057496
4,melville,610,wells,6.2139270305633545
4,melville,610,austen,6.1855127811431885
4,melville,610,fitzgerald,6.485527197519938
4,melville,610,twain,6.754137694835663
4,melville,611,train,4.610263347625732
4,melville,611,baum,6.421929717063904
4,melville,611,thompson,6.785560131072998
4,melville,611,dickens,6.41110356648763
4,melville,611,melville,6.018364906311035
4,melville,611,wells,6.217252612113953
4,melville,611,austen,6.184595902760823
4,melville,611,fitzgerald,6.4904866218566895
4,melville,611,twain,6.757876455783844
4,melville,612,train,4.584669589996338
4,melville,612,baum,6.4118194580078125
4,melville,612,thompson,6.784067273139954
4,melville,612,dickens,6.403356128268772
4,melville,612,melville,6.023662805557251
4,melville,612,wells,6.216910719871521
4,melville,612,austen,6.182836294174194
4,melville,612,fitzgerald,6.483312368392944
4,melville,612,twain,6.7559055387973785
4,melville,613,train,4.557919979095459
4,melville,613,baum,6.422935247421265
4,melville,613,thompson,6.798474907875061
4,melville,613,dickens,6.423463044343172
4,melville,613,melville,6.018350315093994
4,melville,613,wells,6.222582817077637
4,melville,613,austen,6.186869621276856
4,melville,613,fitzgerald,6.492182811101277
4,melville,613,twain,6.759768664836884
4,melville,614,train,4.583059728145599
4,melville,614,baum,6.420419692993164
4,melville,614,thompson,6.796076536178589
4,melville,614,dickens,6.432951856542517
4,melville,614,melville,6.0233235359191895
4,melville,614,wells,6.221391081809998
4,melville,614,austen,6.191717227300008
4,melville,614,fitzgerald,6.483828941980998
4,melville,614,twain,6.755858093500137
4,melville,615,train,4.583552777767181
4,melville,615,baum,6.427031755447388
4,melville,615,thompson,6.797239303588867
4,melville,615,dickens,6.422907952909116
4,melville,615,melville,6.022936105728149
4,melville,615,wells,6.223408222198486
4,melville,615,austen,6.190590540568034
4,melville,615,fitzgerald,6.492637713750203
4,melville,615,twain,6.76258596777916
4,melville,616,train,4.566684484481812
4,melville,616,baum,6.433149337768555
4,melville,616,thompson,6.798793315887451
4,melville,616,dickens,6.423017166278981
4,melville,616,melville,6.026779985427856
4,melville,616,wells,6.224884510040283
4,melville,616,austen,6.19535772005717
4,melville,616,fitzgerald,6.497988780339559
4,melville,616,twain,6.764542460441589
4,melville,617,train,4.556283235549927
4,melville,617,baum,6.424858689308167
4,melville,617,thompson,6.7990803718566895
4,melville,617,dickens,6.420223483332881
4,melville,617,melville,6.02792272567749
4,melville,617,wells,6.218052268028259
4,melville,617,austen,6.18997327486674
4,melville,617,fitzgerald,6.484872659047444
4,melville,617,twain,6.762981772422791
4,melville,618,train,4.554120242595673
4,melville,618,baum,6.430054426193237
4,melville,618,thompson,6.803133010864258
4,melville,618,dickens,6.4272048914874045
4,melville,618,melville,6.017541933059692
4,melville,618,wells,6.221682667732239
4,melville,618,austen,6.194294452667236
4,melville,618,fitzgerald,6.498458941777547
4,melville,618,twain,6.77063649892807
4,melville,619,train,4.579522907733917
4,melville,619,baum,6.440517544746399
4,melville,619,thompson,6.805998086929321
4,melville,619,dickens,6.429677680686668
4,melville,619,melville,6.02519211769104
4,melville,619,wells,6.231332540512085
4,melville,619,austen,6.19941258430481
4,melville,619,fitzgerald,6.507711172103882
4,melville,619,twain,6.776003897190094
4,melville,620,train,4.546073615550995
4,melville,620,baum,6.43730628490448
4,melville,620,thompson,6.804554462432861
4,melville,620,dickens,6.430950977184154
4,melville,620,melville,6.020559644699096
4,melville,620,wells,6.225090026855469
4,melville,620,austen,6.190375089645386
4,melville,620,fitzgerald,6.504544337590535
4,melville,620,twain,6.771280467510223
4,melville,621,train,4.57087254524231
4,melville,621,baum,6.430697679519653
4,melville,621,thompson,6.8014233112335205
4,melville,621,dickens,6.424360575499358
4,melville,621,melville,6.028696918487549
4,melville,621,wells,6.222781658172607
4,melville,621,austen,6.1897562344868975
4,melville,621,fitzgerald,6.499604940414429
4,melville,621,twain,6.7659182250499725
4,melville,622,train,4.575368583202362
4,melville,622,baum,6.430346965789795
4,melville,622,thompson,6.801766872406006
4,melville,622,dickens,6.430451234181722
4,melville,622,melville,6.020728063583374
4,melville,622,wells,6.223071336746216
4,melville,622,austen,6.1878126462300616
4,melville,622,fitzgerald,6.5044426918029785
4,melville,622,twain,6.767398357391357
4,melville,623,train,4.529573142528534
4,melville,623,baum,6.437386751174927
4,melville,623,thompson,6.803384900093079
4,melville,623,dickens,6.428995432677092
4,melville,623,melville,6.020597457885742
4,melville,623,wells,6.223296165466309
4,melville,623,austen,6.194721142450969
4,melville,623,fitzgerald,6.505303144454956
4,melville,623,twain,6.7683393359184265
4,melville,624,train,4.56568056344986
4,melville,624,baum,6.43802535533905
4,melville,624,thompson,6.811024069786072
4,melville,624,dickens,6.442390777446605
4,melville,624,melville,6.028817653656006
4,melville,624,wells,6.233118891716003
4,melville,624,austen,6.197844982147217
4,melville,624,fitzgerald,6.50822385152181
4,melville,624,twain,6.777115136384964
4,melville,625,train,4.554300963878632
4,melville,625,baum,6.439533710479736
4,melville,625,thompson,6.810365676879883
4,melville,625,dickens,6.4394131413212525
4,melville,625,melville,6.024833679199219
4,melville,625,wells,6.226954698562622
4,melville,625,austen,6.19270380338033
4,melville,625,fitzgerald,6.507024606068929
4,melville,625,twain,6.768911629915237
4,melville,626,train,4.54835319519043
4,melville,626,baum,6.433431267738342
4,melville,626,thompson,6.806933522224426
4,melville,626,dickens,6.433281315697564
4,melville,626,melville,6.0189038753509525
4,melville,626,wells,6.225725889205933
4,melville,626,austen,6.187364339828491
4,melville,626,fitzgerald,6.501668294270833
4,melville,626,twain,6.7599513828754425
4,melville,627,train,4.523527562618256
4,melville,627,baum,6.448006272315979
4,melville,627,thompson,6.812793016433716
4,melville,627,dickens,6.463190732178865
4,melville,627,melville,6.031337833404541
4,melville,627,wells,6.2344160079956055
4,melville,627,austen,6.210567394892375
4,melville,627,fitzgerald,6.510399500528972
4,melville,627,twain,6.773782849311829
4,melville,628,train,4.545437157154083
4,melville,628,baum,6.43496572971344
4,melville,628,thompson,6.80789840221405
4,melville,628,dickens,6.452022199277525
4,melville,628,melville,6.019899702072143
4,melville,628,wells,6.233264446258545
4,melville,628,austen,6.19862453142802
4,melville,628,fitzgerald,6.5028022925059
4,melville,628,twain,6.765669316053391
4,melville,629,train,4.536590814590454
4,melville,629,baum,6.439606547355652
4,melville,629,thompson,6.809270739555359
4,melville,629,dickens,6.439698095674868
4,melville,629,melville,6.026257181167603
4,melville,629,wells,6.243853569030762
4,melville,629,austen,6.203828493754069
4,melville,629,fitzgerald,6.506395975748698
4,melville,629,twain,6.774057954549789
4,melville,630,train,4.539300799369812
4,melville,630,baum,6.439387321472168
4,melville,630,thompson,6.813277363777161
4,melville,630,dickens,6.440059538240786
4,melville,630,melville,6.0236602306365965
4,melville,630,wells,6.2351313829422
4,melville,630,austen,6.201581239700317
4,melville,630,fitzgerald,6.510955174763997
4,melville,630,twain,6.77215501666069
4,melville,631,train,4.511641621589661
4,melville,631,baum,6.4467984437942505
4,melville,631,thompson,6.816652297973633
4,melville,631,dickens,6.452742099761963
4,melville,631,melville,6.027825212478637
4,melville,631,wells,6.2361741065979
4,melville,631,austen,6.203476667404175
4,melville,631,fitzgerald,6.5130025545756025
4,melville,631,twain,6.777039796113968
4,melville,632,train,4.5120110511779785
4,melville,632,baum,6.440012693405151
4,melville,632,thompson,6.817069053649902
4,melville,632,dickens,6.440225071377224
4,melville,632,melville,6.024130344390869
4,melville,632,wells,6.236886978149414
4,melville,632,austen,6.203315258026123
4,melville,632,fitzgerald,6.513777097066243
4,melville,632,twain,6.779266148805618
4,melville,633,train,4.5325451493263245
4,melville,633,baum,6.45252537727356
4,melville,633,thompson,6.8311687707901
4,melville,633,dickens,6.460645710980451
4,melville,633,melville,6.038888359069825
4,melville,633,wells,6.245144009590149
4,melville,633,austen,6.218667109807332
4,melville,633,fitzgerald,6.511599779129028
4,melville,633,twain,6.785626322031021
4,melville,634,train,4.545990943908691
4,melville,634,baum,6.447292327880859
4,melville,634,thompson,6.822809815406799
4,melville,634,dickens,6.451749024567781
4,melville,634,melville,6.028282546997071
4,melville,634,wells,6.243227005004883
4,melville,634,austen,6.209850390752156
4,melville,634,fitzgerald,6.514619747797648
4,melville,634,twain,6.783984899520874
4,melville,635,train,4.504133820533752
4,melville,635,baum,6.435938715934753
4,melville,635,thompson,6.816071271896362
4,melville,635,dickens,6.453005172588207
4,melville,635,melville,6.021865034103394
4,melville,635,wells,6.231676459312439
4,melville,635,austen,6.200807412465413
4,melville,635,fitzgerald,6.5042946338653564
4,melville,635,twain,6.767260432243347
4,melville,636,train,4.496421992778778
4,melville,636,baum,6.441537022590637
4,melville,636,thompson,6.822429776191711
4,melville,636,dickens,6.448145124647352
4,melville,636,melville,6.028584957122803
4,melville,636,wells,6.241055130958557
4,melville,636,austen,6.208783308664958
4,melville,636,fitzgerald,6.506794293721517
4,melville,636,twain,6.778008997440338
4,melville,637,train,4.523518085479736
4,melville,637,baum,6.441839337348938
4,melville,637,thompson,6.825256705284119
4,melville,637,dickens,6.449768949438025
4,melville,637,melville,6.03103985786438
4,melville,637,wells,6.248457431793213
4,melville,637,austen,6.21234146753947
4,melville,637,fitzgerald,6.518246491750081
4,melville,637,twain,6.780331373214722
4,melville,638,train,4.521859228610992
4,melville,638,baum,6.448075413703919
4,melville,638,thompson,6.831073045730591
4,melville,638,dickens,6.473860634697808
4,melville,638,melville,6.0408549308776855
4,melville,638,wells,6.249265551567078
4,melville,638,austen,6.220918258031209
4,melville,638,fitzgerald,6.518943548202515
4,melville,638,twain,6.787160217761993
4,melville,639,train,4.486583590507507
4,melville,639,baum,6.458309531211853
4,melville,639,thompson,6.831680655479431
4,melville,639,dickens,6.471387633570918
4,melville,639,melville,6.038465881347657
4,melville,639,wells,6.249567627906799
4,melville,639,austen,6.218623717625936
4,melville,639,fitzgerald,6.520188570022583
4,melville,639,twain,6.791494756937027
4,melville,640,train,4.516021609306336
4,melville,640,baum,6.449027299880981
4,melville,640,thompson,6.826873302459717
4,melville,640,dickens,6.463980021300139
4,melville,640,melville,6.02918381690979
4,melville,640,wells,6.248378276824951
4,melville,640,austen,6.213924169540405
4,melville,640,fitzgerald,6.5174862543741865
4,melville,640,twain,6.78206005692482
4,melville,641,train,4.507514953613281
4,melville,641,baum,6.451069116592407
4,melville,641,thompson,6.8294597864151
4,melville,641,dickens,6.457670017525002
4,melville,641,melville,6.035944080352783
4,melville,641,wells,6.255536437034607
4,melville,641,austen,6.225076675415039
4,melville,641,fitzgerald,6.519046147664388
4,melville,641,twain,6.792040467262268
4,melville,642,train,4.501145780086517
4,melville,642,baum,6.458324790000916
4,melville,642,thompson,6.831283330917358
4,melville,642,dickens,6.467577951925772
4,melville,642,melville,6.030214071273804
4,melville,642,wells,6.258493900299072
4,melville,642,austen,6.222726821899414
4,melville,642,fitzgerald,6.53196660677592
4,melville,642,twain,6.796909093856812
4,melville,643,train,4.535713732242584
4,melville,643,baum,6.455206394195557
4,melville,643,thompson,6.8317646980285645
4,melville,643,dickens,6.463154033378318
4,melville,643,melville,6.0323951721191404
4,melville,643,wells,6.246898055076599
4,melville,643,austen,6.221977869669597
4,melville,643,fitzgerald,6.523297627766927
4,melville,643,twain,6.786722034215927
4,melville,644,train,4.474473774433136
4,melville,644,baum,6.452734589576721
4,melville,644,thompson,6.835265278816223
4,melville,644,dickens,6.46060088828758
4,melville,644,melville,6.035623073577881
4,melville,644,wells,6.24813723564148
4,melville,644,austen,6.213321367899577
4,melville,644,fitzgerald,6.521709124247233
4,melville,644,twain,6.785118848085403
4,melville,645,train,4.533015191555023
4,melville,645,baum,6.457542538642883
4,melville,645,thompson,6.838238716125488
4,melville,645,dickens,6.471523461518465
4,melville,645,melville,6.039193344116211
4,melville,645,wells,6.253527760505676
4,melville,645,austen,6.22446854909261
4,melville,645,fitzgerald,6.525457859039307
4,melville,645,twain,6.783730566501617
4,melville,646,train,4.512142181396484
4,melville,646,baum,6.459736108779907
4,melville,646,thompson,6.835541248321533
4,melville,646,dickens,6.471821043226454
4,melville,646,melville,6.036330938339233
4,melville,646,wells,6.256693720817566
4,melville,646,austen,6.228319088617961
4,melville,646,fitzgerald,6.5333358446757
4,melville,646,twain,6.787892937660217
4,melville,647,train,4.499255955219269
4,melville,647,baum,6.461407780647278
4,melville,647,thompson,6.833291292190552
4,melville,647,dickens,6.454332298702664
4,melville,647,melville,6.037012958526612
4,melville,647,wells,6.257210969924927
4,melville,647,austen,6.221475044886272
4,melville,647,fitzgerald,6.530597686767578
4,melville,647,twain,6.797160059213638
4,melville,648,train,4.506206035614014
4,melville,648,baum,6.454017639160156
4,melville,648,thompson,6.8327109813690186
4,melville,648,dickens,6.4584259810271085
4,melville,648,melville,6.038784837722778
4,melville,648,wells,6.258959889411926
4,melville,648,austen,6.223151286443074
4,melville,648,fitzgerald,6.523025115331014
4,melville,648,twain,6.789508163928986
4,melville,649,train,4.490589499473572
4,melville,649,baum,6.463538765907288
4,melville,649,thompson,6.841019153594971
4,melville,649,dickens,6.466991848415798
4,melville,649,melville,6.036365079879761
4,melville,649,wells,6.255154609680176
4,melville,649,austen,6.222269614537557
4,melville,649,fitzgerald,6.539685408274333
4,melville,649,twain,6.799407124519348
4,melville,650,train,4.480816900730133
4,melville,650,baum,6.455517292022705
4,melville,650,thompson,6.835684299468994
4,melville,650,dickens,6.463355647193061
4,melville,650,melville,6.032052278518677
4,melville,650,wells,6.25033175945282
4,melville,650,austen,6.215163230895996
4,melville,650,fitzgerald,6.530523379643758
4,melville,650,twain,6.782765060663223
4,melville,651,train,4.483063042163849
4,melville,651,baum,6.464671969413757
4,melville,651,thompson,6.846513032913208
4,melville,651,dickens,6.472752076608163
4,melville,651,melville,6.046802043914795
4,melville,651,wells,6.258032560348511
4,melville,651,austen,6.2293399175008135
4,melville,651,fitzgerald,6.528860171635945
4,melville,651,twain,6.786914765834808
4,melville,652,train,4.4766570925712585
4,melville,652,baum,6.477431297302246
4,melville,652,thompson,6.852824568748474
4,melville,652,dickens,6.479902691311306
4,melville,652,melville,6.044588661193847
4,melville,652,wells,6.2646355628967285
4,melville,652,austen,6.2340584595998125
4,melville,652,fitzgerald,6.552310864130656
4,melville,652,twain,6.8062885999679565
4,melville,653,train,4.478748261928558
4,melville,653,baum,6.473214745521545
4,melville,653,thompson,6.850061535835266
4,melville,653,dickens,6.477291901906331
4,melville,653,melville,6.044948720932007
4,melville,653,wells,6.267283439636231
4,melville,653,austen,6.235443274180095
4,melville,653,fitzgerald,6.545538822809855
4,melville,653,twain,6.801327973604202
4,melville,654,train,4.505424618721008
4,melville,654,baum,6.469917416572571
4,melville,654,thompson,6.844336748123169
4,melville,654,dickens,6.469467710565637
4,melville,654,melville,6.0335479259490965
4,melville,654,wells,6.257279992103577
4,melville,654,austen,6.224743366241455
4,melville,654,fitzgerald,6.543219407399495
4,melville,654,twain,6.797865718603134
4,melville,655,train,4.483452439308167
4,melville,655,baum,6.463546514511108
4,melville,655,thompson,6.843331694602966
4,melville,655,dickens,6.460852799592195
4,melville,655,melville,6.036902999877929
4,melville,655,wells,6.260594844818115
4,melville,655,austen,6.235703150431315
4,melville,655,fitzgerald,6.530454556147258
4,melville,655,twain,6.792417913675308
4,melville,656,train,4.470933139324188
4,melville,656,baum,6.46968150138855
4,melville,656,thompson,6.845627546310425
4,melville,656,dickens,6.472391781983553
4,melville,656,melville,6.038914632797241
4,melville,656,wells,6.263349294662476
4,melville,656,austen,6.235525290171306
4,melville,656,fitzgerald,6.542421976725261
4,melville,656,twain,6.802418828010559
4,melville,657,train,4.49411016702652
4,melville,657,baum,6.473049521446228
4,melville,657,thompson,6.850617170333862
4,melville,657,dickens,6.479023739143655
4,melville,657,melville,6.035413408279419
4,melville,657,wells,6.268676400184631
4,melville,657,austen,6.234710613886516
4,melville,657,fitzgerald,6.5472846031188965
4,melville,657,twain,6.80494099855423
4,melville,658,train,4.481056928634644
4,melville,658,baum,6.470950841903687
4,melville,658,thompson,6.8505905866622925
4,melville,658,dickens,6.477965443222611
4,melville,658,melville,6.042667579650879
4,melville,658,wells,6.263238430023193
4,melville,658,austen,6.236435572306315
4,melville,658,fitzgerald,6.545861641565959
4,melville,658,twain,6.8033720552921295
4,melville,659,train,4.477887034416199
4,melville,659,baum,6.4725271463394165
4,melville,659,thompson,6.849762558937073
4,melville,659,dickens,6.4811998826486095
4,melville,659,melville,6.036232376098633
4,melville,659,wells,6.265295267105103
4,melville,659,austen,6.238625367482503
4,melville,659,fitzgerald,6.548584063847859
4,melville,659,twain,6.806770443916321
4,melville,660,train,4.495620548725128
4,melville,660,baum,6.468172907829285
4,melville,660,thompson,6.846699833869934
4,melville,660,dickens,6.477339497318974
4,melville,660,melville,6.035169887542724
4,melville,660,wells,6.260588645935059
4,melville,660,austen,6.232840220133464
4,melville,660,fitzgerald,6.545373519261678
4,melville,660,twain,6.803218364715576
4,melville,661,train,4.462773621082306
4,melville,661,baum,6.477074027061462
4,melville,661,thompson,6.851609230041504
4,melville,661,dickens,6.476181895644577
4,melville,661,melville,6.039643526077271
4,melville,661,wells,6.266197919845581
4,melville,661,austen,6.234168529510498
4,melville,661,fitzgerald,6.551532904307048
4,melville,661,twain,6.8073166608810425
4,melville,662,train,4.468166947364807
4,melville,662,baum,6.473124146461487
4,melville,662,thompson,6.851089596748352
4,melville,662,dickens,6.489389260609944
4,melville,662,melville,6.038957977294922
4,melville,662,wells,6.272903800010681
4,melville,662,austen,6.240006764729817
4,melville,662,fitzgerald,6.553258101145427
4,melville,662,twain,6.805743157863617
4,melville,663,train,4.474505543708801
4,melville,663,baum,6.467182874679565
4,melville,663,thompson,6.844838738441467
4,melville,663,dickens,6.483975251515706
4,melville,663,melville,6.036228799819947
4,melville,663,wells,6.256723165512085
4,melville,663,austen,6.2239149411519366
4,melville,663,fitzgerald,6.5352005163828535
4,melville,663,twain,6.793667435646057
4,melville,664,train,4.464547157287598
4,melville,664,baum,6.478085279464722
4,melville,664,thompson,6.856992244720459
4,melville,664,dickens,6.473170845596878
4,melville,664,melville,6.041556739807129
4,melville,664,wells,6.269463062286377
4,melville,664,austen,6.24255633354187
4,melville,664,fitzgerald,6.551647265752156
4,melville,664,twain,6.805828809738159
4,melville,665,train,4.4759796261787415
4,melville,665,baum,6.479341745376587
4,melville,665,thompson,6.852475643157959
4,melville,665,dickens,6.484658311914514
4,melville,665,melville,6.033159923553467
4,melville,665,wells,6.268755435943604
4,melville,665,austen,6.234382073084514
4,melville,665,fitzgerald,6.557475884755452
4,melville,665,twain,6.810291200876236
4,melville,666,train,4.456127822399139
4,melville,666,baum,6.479793906211853
4,melville,666,thompson,6.853053569793701
4,melville,666,dickens,6.486383226182726
4,melville,666,melville,6.051417493820191
4,melville,666,wells,6.267697215080261
4,melville,666,austen,6.2387213706970215
4,melville,666,fitzgerald,6.553100109100342
4,melville,666,twain,6.810313194990158
4,melville,667,train,4.453619480133057
4,melville,667,baum,6.474647045135498
4,melville,667,thompson,6.852005839347839
4,melville,667,dickens,6.482655843098958
4,melville,667,melville,6.046669626235962
4,melville,667,wells,6.266747713088989
4,melville,667,austen,6.237632433573405
4,melville,667,fitzgerald,6.542109727859497
4,melville,667,twain,6.805490970611572
4,melville,668,train,4.453929245471954
4,melville,668,baum,6.4828490018844604
4,melville,668,thompson,6.85934591293335
4,melville,668,dickens,6.49606250833582
4,melville,668,melville,6.047006702423095
4,melville,668,wells,6.2629770040512085
4,melville,668,austen,6.239207585652669
4,melville,668,fitzgerald,6.550449848175049
4,melville,668,twain,6.803406059741974
4,melville,669,train,4.434111773967743
4,melville,669,baum,6.478038907051086
4,melville,669,thompson,6.858709096908569
4,melville,669,dickens,6.4795730555499045
4,melville,669,melville,6.044434309005737
4,melville,669,wells,6.265703439712524
4,melville,669,austen,6.235148350397746
4,melville,669,fitzgerald,6.547964334487915
4,melville,669,twain,6.806122809648514
4,melville,670,train,4.437420904636383
4,melville,670,baum,6.472926378250122
4,melville,670,thompson,6.854482531547546
4,melville,670,dickens,6.473956355342159
4,melville,670,melville,6.041757297515869
4,melville,670,wells,6.265099883079529
4,melville,670,austen,6.232933600743611
4,melville,670,fitzgerald,6.54709776242574
4,melville,670,twain,6.805720508098602
4,melville,671,train,4.459052383899689
4,melville,671,baum,6.478509545326233
4,melville,671,thompson,6.857125639915466
4,melville,671,dickens,6.487424426608616
4,melville,671,melville,6.05073356628418
4,melville,671,wells,6.270416021347046
4,melville,671,austen,6.242664496103923
4,melville,671,fitzgerald,6.551240921020508
4,melville,671,twain,6.802444726228714
4,melville,672,train,4.430711686611176
4,melville,672,baum,6.475986003875732
4,melville,672,thompson,6.85270369052887
4,melville,672,dickens,6.47145343709875
4,melville,672,melville,6.045669078826904
4,melville,672,wells,6.266795635223389
4,melville,672,austen,6.232865174611409
4,melville,672,fitzgerald,6.546932856241862
4,melville,672,twain,6.807968348264694
4,melville,673,train,4.431993126869202
4,melville,673,baum,6.48490583896637
4,melville,673,thompson,6.864580154418945
4,melville,673,dickens,6.4837649663289385
4,melville,673,melville,6.048920822143555
4,melville,673,wells,6.270846962928772
4,melville,673,austen,6.240728378295898
4,melville,673,fitzgerald,6.551458676656087
4,melville,673,twain,6.813718348741531
4,melville,674,train,4.421870768070221
4,melville,674,baum,6.481850624084473
4,melville,674,thompson,6.864768981933594
4,melville,674,dickens,6.488420150898121
4,melville,674,melville,6.048118972778321
4,melville,674,wells,6.272072672843933
4,melville,674,austen,6.238509972890218
4,melville,674,fitzgerald,6.54991356531779
4,melville,674,twain,6.81030547618866
4,melville,675,train,4.467251300811768
4,melville,675,baum,6.494557857513428
4,melville,675,thompson,6.8729448318481445
4,melville,675,dickens,6.500796406357376
4,melville,675,melville,6.061163234710693
4,melville,675,wells,6.273801445960999
4,melville,675,austen,6.247850179672241
4,melville,675,fitzgerald,6.555914084116618
4,melville,675,twain,6.815195858478546
4,melville,676,train,4.419759631156921
4,melville,676,baum,6.487025618553162
4,melville,676,thompson,6.864668130874634
4,melville,676,dickens,6.503200407381411
4,melville,676,melville,6.052126216888428
4,melville,676,wells,6.270068526268005
4,melville,676,austen,6.242523193359375
4,melville,676,fitzgerald,6.554207801818848
4,melville,676,twain,6.813172370195389
4,melville,677,train,4.463076114654541
4,melville,677,baum,6.489088296890259
4,melville,677,thompson,6.87005341053009
4,melville,677,dickens,6.503261689786558
4,melville,677,melville,6.054402112960815
4,melville,677,wells,6.275402784347534
4,melville,677,austen,6.248803695042928
4,melville,677,fitzgerald,6.563103596369426
4,melville,677,twain,6.814887493848801
4,melville,678,train,4.420414507389069
4,melville,678,baum,6.481436371803284
4,melville,678,thompson,6.869947671890259
4,melville,678,dickens,6.487327328434697
4,melville,678,melville,6.052150630950928
4,melville,678,wells,6.272697329521179
4,melville,678,austen,6.248545169830322
4,melville,678,fitzgerald,6.551469246546428
4,melville,678,twain,6.809384703636169
4,melville,679,train,4.429086804389954
4,melville,679,baum,6.4890053272247314
4,melville,679,thompson,6.867663860321045
4,melville,679,dickens,6.504011224817346
4,melville,679,melville,6.044068670272827
4,melville,679,wells,6.281014084815979
4,melville,679,austen,6.252784649531047
4,melville,679,fitzgerald,6.56977645556132
4,melville,679,twain,6.827892988920212
4,melville,680,train,4.436392247676849
4,melville,680,baum,6.483513593673706
4,melville,680,thompson,6.865601062774658
4,melville,680,dickens,6.494043827056885
4,melville,680,melville,6.052071666717529
4,melville,680,wells,6.275441408157349
4,melville,680,austen,6.255628108978272
4,melville,680,fitzgerald,6.556898991266887
4,melville,680,twain,6.819226115942001
4,melville,681,train,4.435628533363342
4,melville,681,baum,6.485951542854309
4,melville,681,thompson,6.872849106788635
4,melville,681,dickens,6.493719277558504
4,melville,681,melville,6.050456714630127
4,melville,681,wells,6.276084780693054
4,melville,681,austen,6.250375668207805
4,melville,681,fitzgerald,6.561523755391439
4,melville,681,twain,6.822767108678818
4,melville,682,train,4.409605920314789
4,melville,682,baum,6.500037670135498
4,melville,682,thompson,6.883169770240784
4,melville,682,dickens,6.5067628577903465
4,melville,682,melville,6.055460500717163
4,melville,682,wells,6.285247325897217
4,melville,682,austen,6.254785855611165
4,melville,682,fitzgerald,6.572694301605225
4,melville,682,twain,6.82317379117012
4,melville,683,train,4.393916189670563
4,melville,683,baum,6.502178192138672
4,melville,683,thompson,6.881887316703796
4,melville,683,dickens,6.51870384922734
4,melville,683,melville,6.050139045715332
4,melville,683,wells,6.285787582397461
4,melville,683,austen,6.259496609369914
4,melville,683,fitzgerald,6.576353232065837
4,melville,683,twain,6.830136924982071
4,melville,684,train,4.413785934448242
4,melville,684,baum,6.499524354934692
4,melville,684,thompson,6.879101514816284
4,melville,684,dickens,6.509488688574897
4,melville,684,melville,6.06040096282959
4,melville,684,wells,6.290715217590332
4,melville,684,austen,6.267409324645996
4,melville,684,fitzgerald,6.564524094263713
4,melville,684,twain,6.828973472118378
4,melville,685,train,4.408614218235016
4,melville,685,baum,6.497364401817322
4,melville,685,thompson,6.878913998603821
4,melville,685,dickens,6.512008296118842
4,melville,685,melville,6.056258726119995
4,melville,685,wells,6.280932545661926
4,melville,685,austen,6.255873839060466
4,melville,685,fitzgerald,6.566645701726277
4,melville,685,twain,6.827633619308472
4,melville,686,train,4.421286642551422
4,melville,686,baum,6.503153204917908
4,melville,686,thompson,6.875685930252075
4,melville,686,dickens,6.508931954701741
4,melville,686,melville,6.053511476516723
4,melville,686,wells,6.284691214561462
4,melville,686,austen,6.256494839986165
4,melville,686,fitzgerald,6.576135794321696
4,melville,686,twain,6.82541498541832
4,melville,687,train,4.426590442657471
4,melville,687,baum,6.513339996337891
4,melville,687,thompson,6.885993599891663
4,melville,687,dickens,6.513113763597277
4,melville,687,melville,6.066261339187622
4,melville,687,wells,6.294377565383911
4,melville,687,austen,6.272273778915405
4,melville,687,fitzgerald,6.579823732376099
4,melville,687,twain,6.837222069501877
4,melville,688,train,4.374324917793274
4,melville,688,baum,6.5085413455963135
4,melville,688,thompson,6.881226181983948
4,melville,688,dickens,6.510590376677336
4,melville,688,melville,6.059936618804931
4,melville,688,wells,6.284013390541077
4,melville,688,austen,6.263695955276489
4,melville,688,fitzgerald,6.570833126703898
4,melville,688,twain,6.826547175645828
4,melville,689,train,4.414970457553864
4,melville,689,baum,6.50558876991272
4,melville,689,thompson,6.882402300834656
4,melville,689,dickens,6.5094878761856645
4,melville,689,melville,6.059203100204468
4,melville,689,wells,6.284418344497681
4,melville,689,austen,6.261110067367554
4,melville,689,fitzgerald,6.5693910121917725
4,melville,689,twain,6.824911117553711
4,melville,690,train,4.401665925979614
4,melville,690,baum,6.497971296310425
4,melville,690,thompson,6.87793242931366
4,melville,690,dickens,6.520672074070683
4,melville,690,melville,6.054770708084106
4,melville,690,wells,6.283383250236511
4,melville,690,austen,6.267635345458984
4,melville,690,fitzgerald,6.566953738530477
4,melville,690,twain,6.821982175111771
4,melville,691,train,4.390135705471039
4,melville,691,baum,6.507353186607361
4,melville,691,thompson,6.882481932640076
4,melville,691,dickens,6.5206649038526745
4,melville,691,melville,6.056549692153931
4,melville,691,wells,6.291367173194885
4,melville,691,austen,6.267903089523315
4,melville,691,fitzgerald,6.573898633321126
4,melville,691,twain,6.830218553543091
4,melville,692,train,4.396914422512054
4,melville,692,baum,6.505235314369202
4,melville,692,thompson,6.886352062225342
4,melville,692,dickens,6.530033623730695
4,melville,692,melville,6.054610729217529
4,melville,692,wells,6.29025673866272
4,melville,692,austen,6.269932746887207
4,melville,692,fitzgerald,6.572445710500081
4,melville,692,twain,6.829010993242264
4,melville,693,train,4.398910045623779
4,melville,693,baum,6.513697862625122
4,melville,693,thompson,6.890884160995483
4,melville,693,dickens,6.5287205731427225
4,melville,693,melville,6.06360182762146
4,melville,693,wells,6.2985745668411255
4,melville,693,austen,6.276344537734985
4,melville,693,fitzgerald,6.5837985674540205
4,melville,693,twain,6.833678871393204
4,melville,694,train,4.418917238712311
4,melville,694,baum,6.520060658454895
4,melville,694,thompson,6.893532514572144
4,melville,694,dickens,6.5398227903578015
4,melville,694,melville,6.065205717086792
4,melville,694,wells,6.30318808555603
4,melville,694,austen,6.285703897476196
4,melville,694,fitzgerald,6.590786933898926
4,melville,694,twain,6.840249478816986
4,melville,695,train,4.434051990509033
4,melville,695,baum,6.5147106647491455
4,melville,695,thompson,6.8870344161987305
4,melville,695,dickens,6.523192476343225
4,melville,695,melville,6.059931850433349
4,melville,695,wells,6.291256546974182
4,melville,695,austen,6.267205556233724
4,melville,695,fitzgerald,6.584892272949219
4,melville,695,twain,6.833273828029633
4,melville,696,train,4.421585857868195
4,melville,696,baum,6.513121485710144
4,melville,696,thompson,6.887713670730591
4,melville,696,dickens,6.519412959063494
4,melville,696,melville,6.062233829498291
4,melville,696,wells,6.297044157981873
4,melville,696,austen,6.2684853076934814
4,melville,696,fitzgerald,6.5815629959106445
4,melville,696,twain,6.837577551603317
4,melville,697,train,4.384431898593903
4,melville,697,baum,6.51312792301178
4,melville,697,thompson,6.888659477233887
4,melville,697,dickens,6.522303740183513
4,melville,697,melville,6.061769962310791
4,melville,697,wells,6.295698404312134
4,melville,697,austen,6.268625736236572
4,melville,697,fitzgerald,6.58103624979655
4,melville,697,twain,6.8362201154232025
4,melville,698,train,4.431282043457031
4,melville,698,baum,6.517617225646973
4,melville,698,thompson,6.896470785140991
4,melville,698,dickens,6.525407826458967
4,melville,698,melville,6.060269689559936
4,melville,698,wells,6.304385304450989
4,melville,698,austen,6.279652674992879
4,melville,698,fitzgerald,6.5917900403340655
4,melville,698,twain,6.847376257181168
4,melville,699,train,4.387193441390991
4,melville,699,baum,6.5087443590164185
4,melville,699,thompson,6.88710343837738
4,melville,699,dickens,6.52466975318061
4,melville,699,melville,6.0643630027771
4,melville,699,wells,6.303855776786804
4,melville,699,austen,6.27744476000468
4,melville,699,fitzgerald,6.570950746536255
4,melville,699,twain,6.835837543010712
4,melville,700,train,4.394363224506378
4,melville,700,baum,6.522259116172791
4,melville,700,thompson,6.9021852016448975
4,melville,700,dickens,6.541335529751247
4,melville,700,melville,6.076530265808105
4,melville,700,wells,6.315562725067139
4,melville,700,austen,6.292816956837972
4,melville,700,fitzgerald,6.583678404490153
4,melville,700,twain,6.851738125085831
4,melville,701,train,4.380371928215027
4,melville,701,baum,6.5093008279800415
4,melville,701,thompson,6.890739560127258
4,melville,701,dickens,6.522028658125135
4,melville,701,melville,6.055463981628418
4,melville,701,wells,6.300023198127747
4,melville,701,austen,6.2721803188323975
4,melville,701,fitzgerald,6.579986572265625
4,melville,701,twain,6.834750115871429
4,melville,702,train,4.357075333595276
4,melville,702,baum,6.5105355978012085
4,melville,702,thompson,6.892749905586243
4,melville,702,dickens,6.529320928785536
4,melville,702,melville,6.062732458114624
4,melville,702,wells,6.306498169898987
4,melville,702,austen,6.276953299840291
4,melville,702,fitzgerald,6.581088622411092
4,melville,702,twain,6.839767307043076
4,melville,703,train,4.367539584636688
4,melville,703,baum,6.513216495513916
4,melville,703,thompson,6.894832611083984
4,melville,703,dickens,6.522703100133826
4,melville,703,melville,6.063971424102784
4,melville,703,wells,6.305229187011719
4,melville,703,austen,6.280206282933553
4,melville,703,fitzgerald,6.589370727539063
4,melville,703,twain,6.8419429063797
4,melville,704,train,4.339538633823395
4,melville,704,baum,6.5193352699279785
4,melville,704,thompson,6.897088408470154
4,melville,704,dickens,6.528869805512605
4,melville,704,melville,6.06229305267334
4,melville,704,wells,6.305354595184326
4,melville,704,austen,6.28153379758199
4,melville,704,fitzgerald,6.584788958231608
4,melville,704,twain,6.845979809761047
4,melville,705,train,4.366983473300934
4,melville,705,baum,6.524435520172119
4,melville,705,thompson,6.895074725151062
4,melville,705,dickens,6.526756092354104
4,melville,705,melville,6.060510110855103
4,melville,705,wells,6.298249244689941
4,melville,705,austen,6.273015737533569
4,melville,705,fitzgerald,6.593106746673584
4,melville,705,twain,6.845005810260773
4,melville,706,train,4.367529928684235
4,melville,706,baum,6.529240727424622
4,melville,706,thompson,6.905707359313965
4,melville,706,dickens,6.539256378456399
4,melville,706,melville,6.0723936557769775
4,melville,706,wells,6.308837056159973
4,melville,706,austen,6.291556119918823
4,melville,706,fitzgerald,6.590855201085408
4,melville,706,twain,6.844752132892609
4,melville,707,train,4.366247296333313
4,melville,707,baum,6.537675738334656
4,melville,707,thompson,6.912349224090576
4,melville,707,dickens,6.546931249124032
4,melville,707,melville,6.071238708496094
4,melville,707,wells,6.320400595664978
4,melville,707,austen,6.291400671005249
4,melville,707,fitzgerald,6.608208974202474
4,melville,707,twain,6.854015737771988
4,melville,708,train,4.363921880722046
4,melville,708,baum,6.535854458808899
4,melville,708,thompson,6.908690571784973
4,melville,708,dickens,6.538977481700756
4,melville,708,melville,6.072667121887207
4,melville,708,wells,6.314676880836487
4,melville,708,austen,6.2982940673828125
4,melville,708,fitzgerald,6.59953244527181
4,melville,708,twain,6.8533183336257935
4,melville,709,train,4.375591933727264
4,melville,709,baum,6.532432317733765
4,melville,709,thompson,6.906004190444946
4,melville,709,dickens,6.534885795028122
4,melville,709,melville,6.067549085617065
4,melville,709,wells,6.307639598846436
4,melville,709,austen,6.283732493718465
4,melville,709,fitzgerald,6.597704569498698
4,melville,709,twain,6.848098993301392
4,melville,710,train,4.3494932651519775
4,melville,710,baum,6.536023259162903
4,melville,710,thompson,6.909407258033752
4,melville,710,dickens,6.539813112329553
4,melville,710,melville,6.065621042251587
4,melville,710,wells,6.316740274429321
4,melville,710,austen,6.290131489435832
4,melville,710,fitzgerald,6.599354187647502
4,melville,710,twain,6.855562537908554
4,melville,711,train,4.370863676071167
4,melville,711,baum,6.522366881370544
4,melville,711,thompson,6.901445150375366
4,melville,711,dickens,6.52244124589143
4,melville,711,melville,6.064561748504639
4,melville,711,wells,6.304424524307251
4,melville,711,austen,6.28135101000468
4,melville,711,fitzgerald,6.586605230967204
4,melville,711,twain,6.845210909843445
4,melville,712,train,4.343953728675842
4,melville,712,baum,6.53151535987854
4,melville,712,thompson,6.908196806907654
4,melville,712,dickens,6.541985123245804
4,melville,712,melville,6.069959020614624
4,melville,712,wells,6.311047792434692
4,melville,712,austen,6.289630095163981
4,melville,712,fitzgerald,6.595263083775838
4,melville,712,twain,6.851021438837051
4,melville,713,train,4.396553456783295
4,melville,713,baum,6.532266974449158
4,melville,713,thompson,6.909664154052734
4,melville,713,dickens,6.543799153080693
4,melville,713,melville,6.07476658821106
4,melville,713,wells,6.319691896438599
4,melville,713,austen,6.298148393630981
4,melville,713,fitzgerald,6.593075513839722
4,melville,713,twain,6.855261117219925
4,melville,714,train,4.362978398799896
4,melville,714,baum,6.530640602111816
4,melville,714,thompson,6.911362290382385
4,melville,714,dickens,6.534629185994466
4,melville,714,melville,6.067773294448853
4,melville,714,wells,6.306705474853516
4,melville,714,austen,6.286203622817993
4,melville,714,fitzgerald,6.598718484242757
4,melville,714,twain,6.856063634157181
4,melville,715,train,4.356914520263672
4,melville,715,baum,6.53877317905426
4,melville,715,thompson,6.914817810058594
4,melville,715,dickens,6.545546178464536
4,melville,715,melville,6.0717846870422365
4,melville,715,wells,6.306511163711548
4,melville,715,austen,6.288336197535197
4,melville,715,fitzgerald,6.599138180414836
4,melville,715,twain,6.856448382139206
4,melville,716,train,4.3468639850616455
4,melville,716,baum,6.540104985237122
4,melville,716,thompson,6.9140918254852295
4,melville,716,dickens,6.551407284206814
4,melville,716,melville,6.073632764816284
4,melville,716,wells,6.3172725439071655
4,melville,716,austen,6.2967015107472735
4,melville,716,fitzgerald,6.603922367095947
4,melville,716,twain,6.860805779695511
4,melville,717,train,4.357824802398682
4,melville,717,baum,6.53787636756897
4,melville,717,thompson,6.917368769645691
4,melville,717,dickens,6.546764462082474
4,melville,717,melville,6.07806167602539
4,melville,717,wells,6.317943453788757
4,melville,717,austen,6.303524335225423
4,melville,717,fitzgerald,6.602798302968343
4,melville,717,twain,6.86162793636322
4,melville,718,train,4.352602899074554
4,melville,718,baum,6.541224241256714
4,melville,718,thompson,6.9208656549453735
4,melville,718,dickens,6.554831186930339
4,melville,718,melville,6.070231962203979
4,melville,718,wells,6.316557049751282
4,melville,718,austen,6.298303127288818
4,melville,718,fitzgerald,6.61040457089742
4,melville,718,twain,6.858182221651077
4,melville,719,train,4.31262481212616
4,melville,719,baum,6.540664315223694
4,melville,719,thompson,6.915860652923584
4,melville,719,dickens,6.540710272612395
4,melville,719,melville,6.073551273345947
4,melville,719,wells,6.316585659980774
4,melville,719,austen,6.302707115809123
4,melville,719,fitzgerald,6.610031525293986
4,melville,719,twain,6.861379981040955
4,melville,720,train,4.335665225982666
4,melville,720,baum,6.536997675895691
4,melville,720,thompson,6.916520953178406
4,melville,720,dickens,6.551419381742124
4,melville,720,melville,6.066673421859742
4,melville,720,wells,6.316919565200806
4,melville,720,austen,6.300132354100545
4,melville,720,fitzgerald,6.605567693710327
4,melville,720,twain,6.858931928873062
4,melville,721,train,4.360900044441223
4,melville,721,baum,6.540307879447937
4,melville,721,thompson,6.920113682746887
4,melville,721,dickens,6.550500180986193
4,melville,721,melville,6.067972993850708
4,melville,721,wells,6.318120956420898
4,melville,721,austen,6.312497933705648
4,melville,721,fitzgerald,6.611533800760905
4,melville,721,twain,6.862633168697357
4,melville,722,train,4.34322053194046
4,melville,722,baum,6.5486544370651245
4,melville,722,thompson,6.918554306030273
4,melville,722,dickens,6.552078353034125
4,melville,722,melville,6.0722579002380375
4,melville,722,wells,6.3225977420806885
4,melville,722,austen,6.303837776184082
4,melville,722,fitzgerald,6.618489424387614
4,melville,722,twain,6.872359782457352
4,melville,723,train,4.336496472358704
4,melville,723,baum,6.5581653118133545
4,melville,723,thompson,6.930995583534241
4,melville,723,dickens,6.567426752161096
4,melville,723,melville,6.079430007934571
4,melville,723,wells,6.33016037940979
4,melville,723,austen,6.320224046707153
4,melville,723,fitzgerald,6.6170674959818525
4,melville,723,twain,6.873733162879944
4,melville,724,train,4.300249576568604
4,melville,724,baum,6.5525758266448975
4,melville,724,thompson,6.9326194524765015
4,melville,724,dickens,6.570577603799325
4,melville,724,melville,6.072177600860596
4,melville,724,wells,6.331177473068237
4,melville,724,austen,6.319658517837524
4,melville,724,fitzgerald,6.624632835388184
4,melville,724,twain,6.875084698200226
4,melville,725,train,4.336321175098419
4,melville,725,baum,6.56072998046875
4,melville,725,thompson,6.936694264411926
4,melville,725,dickens,6.581409030490452
4,melville,725,melville,6.082793807983398
4,melville,725,wells,6.336791396141052
4,melville,725,austen,6.323580185572307
4,melville,725,fitzgerald,6.629478931427002
4,melville,725,twain,6.878628313541412
4,melville,726,train,4.32064825296402
4,melville,726,baum,6.554108262062073
4,melville,726,thompson,6.931612253189087
4,melville,726,dickens,6.570511676647045
4,melville,726,melville,6.075454235076904
4,melville,726,wells,6.33220648765564
4,melville,726,austen,6.317081133524577
4,melville,726,fitzgerald,6.617969353993733
4,melville,726,twain,6.8687444627285
4,melville,727,train,4.3412182331085205
4,melville,727,baum,6.557405948638916
4,melville,727,thompson,6.926401972770691
4,melville,727,dickens,6.564065385747839
4,melville,727,melville,6.074314451217651
4,melville,727,wells,6.33011531829834
4,melville,727,austen,6.321847518285115
4,melville,727,fitzgerald,6.623510758082072
4,melville,727,twain,6.8715038895607
4,melville,728,train,4.348137378692627
4,melville,728,baum,6.548341989517212
4,melville,728,thompson,6.922981142997742
4,melville,728,dickens,6.548922220865886
4,melville,728,melville,6.068297863006592
4,melville,728,wells,6.314424395561218
4,melville,728,austen,6.305357138315837
4,melville,728,fitzgerald,6.619669596354167
4,melville,728,twain,6.865439593791962
4,melville,729,train,4.325987637042999
4,melville,729,baum,6.5487446784973145
4,melville,729,thompson,6.924029350280762
4,melville,729,dickens,6.552414823461462
4,melville,729,melville,6.066613483428955
4,melville,729,wells,6.321948289871216
4,melville,729,austen,6.306887865066528
4,melville,729,fitzgerald,6.621974547704061
4,melville,729,twain,6.874183356761932
4,melville,730,train,4.314804136753082
4,melville,730,baum,6.55036187171936
4,melville,730,thompson,6.932534575462341
4,melville,730,dickens,6.557067853433114
4,melville,730,melville,6.079183197021484
4,melville,730,wells,6.321093440055847
4,melville,730,austen,6.305816253026326
4,melville,730,fitzgerald,6.611111958821614
4,melville,730,twain,6.8727085292339325
4,melville,731,train,4.316201567649841
4,melville,731,baum,6.553418755531311
4,melville,731,thompson,6.935350775718689
4,melville,731,dickens,6.562049795080115
4,melville,731,melville,6.082751703262329
4,melville,731,wells,6.329693555831909
4,melville,731,austen,6.310403982798259
4,melville,731,fitzgerald,6.620116551717122
4,melville,731,twain,6.880527943372726
4,melville,732,train,4.321727156639099
4,melville,732,baum,6.553956151008606
4,melville,732,thompson,6.93517541885376
4,melville,732,dickens,6.565052332701506
4,melville,732,melville,6.07819356918335
4,melville,732,wells,6.336259841918945
4,melville,732,austen,6.318219025929769
4,melville,732,fitzgerald,6.619144439697266
4,melville,732,twain,6.877327412366867
4,melville,733,train,4.298956453800201
4,melville,733,baum,6.562068700790405
4,melville,733,thompson,6.94158411026001
4,melville,733,dickens,6.568654484219021
4,melville,733,melville,6.079459857940674
4,melville,733,wells,6.335291504859924
4,melville,733,austen,6.322598934173584
4,melville,733,fitzgerald,6.619845628738403
4,melville,733,twain,6.874019742012024
4,melville,734,train,4.323342561721802
4,melville,734,baum,6.565497517585754
4,melville,734,thompson,6.939204096794128
4,melville,734,dickens,6.573850243179886
4,melville,734,melville,6.072459030151367
4,melville,734,wells,6.335010528564453
4,melville,734,austen,6.314207633336385
4,melville,734,fitzgerald,6.63050111134847
4,melville,734,twain,6.8798196613788605
4,melville,735,train,4.305182635784149
4,melville,735,baum,6.55931830406189
4,melville,735,thompson,6.9382164478302
4,melville,735,dickens,6.5701522473935725
4,melville,735,melville,6.08483772277832
4,melville,735,wells,6.332793831825256
4,melville,735,austen,6.319655974706014
4,melville,735,fitzgerald,6.620138009389241
4,melville,735,twain,6.879189819097519
4,melville,736,train,4.289844810962677
4,melville,736,baum,6.568582892417908
4,melville,736,thompson,6.941752910614014
4,melville,736,dickens,6.57921224170261
4,melville,736,melville,6.086775445938111
4,melville,736,wells,6.340280532836914
4,melville,736,austen,6.322345654169719
4,melville,736,fitzgerald,6.6332188447316485
4,melville,736,twain,6.881046235561371
4,melville,737,train,4.296239733695984
4,melville,737,baum,6.558444857597351
4,melville,737,thompson,6.931794166564941
4,melville,737,dickens,6.57876514505457
4,melville,737,melville,6.072896718978882
4,melville,737,wells,6.337629199028015
4,melville,737,austen,6.320916255315145
4,melville,737,fitzgerald,6.620263576507568
4,melville,737,twain,6.877014577388763
4,melville,738,train,4.313845098018646
4,melville,738,baum,6.565612554550171
4,melville,738,thompson,6.934817552566528
4,melville,738,dickens,6.579823387993707
4,melville,738,melville,6.074308109283447
4,melville,738,wells,6.3374940156936646
4,melville,738,austen,6.323687553405762
4,melville,738,fitzgerald,6.63092573483785
4,melville,738,twain,6.879328191280365
4,melville,739,train,4.272732973098755
4,melville,739,baum,6.560723066329956
4,melville,739,thompson,6.937606930732727
4,melville,739,dickens,6.56533831137198
4,melville,739,melville,6.0738272190094
4,melville,739,wells,6.339864253997803
4,melville,739,austen,6.31498138109843
4,melville,739,fitzgerald,6.6211170355478925
4,melville,739,twain,6.8800323605537415
4,melville,740,train,4.299328923225403
4,melville,740,baum,6.571549892425537
4,melville,740,thompson,6.946774959564209
4,melville,740,dickens,6.576893576869258
4,melville,740,melville,6.089637708663941
4,melville,740,wells,6.338116645812988
4,melville,740,austen,6.331981261571248
4,melville,740,fitzgerald,6.6360611120859785
4,melville,740,twain,6.884418457746506
4,melville,741,train,4.288875699043274
4,melville,741,baum,6.575615882873535
4,melville,741,thompson,6.950719356536865
4,melville,741,dickens,6.579054726494683
4,melville,741,melville,6.089716720581055
4,melville,741,wells,6.3507431745529175
4,melville,741,austen,6.322990496953328
4,melville,741,fitzgerald,6.6387144724528
4,melville,741,twain,6.893146246671677
4,melville,742,train,4.283394694328308
4,melville,742,baum,6.571052074432373
4,melville,742,thompson,6.948700904846191
4,melville,742,dickens,6.574414677090115
4,melville,742,melville,6.082523822784424
4,melville,742,wells,6.341776371002197
4,melville,742,austen,6.332204500834147
4,melville,742,fitzgerald,6.632147550582886
4,melville,742,twain,6.88812056183815
4,melville,743,train,4.307122766971588
4,melville,743,baum,6.583815813064575
4,melville,743,thompson,6.960400700569153
4,melville,743,dickens,6.59843635559082
4,melville,743,melville,6.094038105010986
4,melville,743,wells,6.356795072555542
4,melville,743,austen,6.339429457982381
4,melville,743,fitzgerald,6.646330197652181
4,melville,743,twain,6.890254318714142
4,melville,744,train,4.291499793529511
4,melville,744,baum,6.581859111785889
4,melville,744,thompson,6.961593151092529
4,melville,744,dickens,6.60223733054267
4,melville,744,melville,6.0897064208984375
4,melville,744,wells,6.354741930961609
4,melville,744,austen,6.345864137013753
4,melville,744,fitzgerald,6.64581839243571
4,melville,744,twain,6.896533727645874
4,melville,745,train,4.271945118904114
4,melville,745,baum,6.574538946151733
4,melville,745,thompson,6.956923723220825
4,melville,745,dickens,6.583468861050076
4,melville,745,melville,6.091594362258912
4,melville,745,wells,6.344282031059265
4,melville,745,austen,6.330781777699788
4,melville,745,fitzgerald,6.638147751490275
4,melville,745,twain,6.888399660587311
4,melville,746,train,4.285463571548462
4,melville,746,baum,6.573968172073364
4,melville,746,thompson,6.949804425239563
4,melville,746,dickens,6.585308640091507
4,melville,746,melville,6.085881471633911
4,melville,746,wells,6.3395713567733765
4,melville,746,austen,6.325281620025635
4,melville,746,fitzgerald,6.646233797073364
4,melville,746,twain,6.886552035808563
4,melville,747,train,4.302571356296539
4,melville,747,baum,6.57913863658905
4,melville,747,thompson,6.9530348777771
4,melville,747,dickens,6.596178849538167
4,melville,747,melville,6.093663454055786
4,melville,747,wells,6.345877289772034
4,melville,747,austen,6.335164626439412
4,melville,747,fitzgerald,6.643510818481445
4,melville,747,twain,6.885050535202026
4,melville,748,train,4.262443721294403
4,melville,748,baum,6.570242047309876
4,melville,748,thompson,6.947577595710754
4,melville,748,dickens,6.588859646408646
4,melville,748,melville,6.086707210540771
4,melville,748,wells,6.340861082077026
4,melville,748,austen,6.32926344871521
4,melville,748,fitzgerald,6.636321862538655
4,melville,748,twain,6.88502424955368
4,melville,749,train,4.292273700237274
4,melville,749,baum,6.579434633255005
4,melville,749,thompson,6.958914160728455
4,melville,749,dickens,6.5986911455790205
4,melville,749,melville,6.0932306289672855
4,melville,749,wells,6.351009845733643
4,melville,749,austen,6.342433373133342
4,melville,749,fitzgerald,6.643276770909627
4,melville,749,twain,6.898353904485703
4,melville,750,train,4.264945387840271
4,melville,750,baum,6.584990978240967
4,melville,750,thompson,6.965282797813416
4,melville,750,dickens,6.599061648050944
4,melville,750,melville,6.091232872009277
4,melville,750,wells,6.358158349990845
4,melville,750,austen,6.341305732727051
4,melville,750,fitzgerald,6.66344420115153
4,melville,750,twain,6.905961513519287
4,melville,751,train,4.240045785903931
4,melville,751,baum,6.582197904586792
4,melville,751,thompson,6.956718564033508
4,melville,751,dickens,6.597515159183079
4,melville,751,melville,6.086173486709595
4,melville,751,wells,6.353262782096863
4,melville,751,austen,6.333890120188396
4,melville,751,fitzgerald,6.660639603932698
4,melville,751,twain,6.904993981122971
4,melville,752,train,4.269428074359894
4,melville,752,baum,6.58638072013855
4,melville,752,thompson,6.968892455101013
4,melville,752,dickens,6.601706451839871
4,melville,752,melville,6.097054195404053
4,melville,752,wells,6.359249114990234
4,melville,752,austen,6.33602786064148
4,melville,752,fitzgerald,6.654744625091553
4,melville,752,twain,6.900263905525208
4,melville,753,train,4.284689366817474
4,melville,753,baum,6.586437463760376
4,melville,753,thompson,6.965111494064331
4,melville,753,dickens,6.601134000001131
4,melville,753,melville,6.100353240966797
4,melville,753,wells,6.362693786621094
4,melville,753,austen,6.344005743662517
4,melville,753,fitzgerald,6.652056137720744
4,melville,753,twain,6.902358055114746
4,melville,754,train,4.252151131629944
4,melville,754,baum,6.588845252990723
4,melville,754,thompson,6.971058130264282
4,melville,754,dickens,6.607522010803223
4,melville,754,melville,6.102175951004028
4,melville,754,wells,6.361713171005249
4,melville,754,austen,6.3506715297698975
4,melville,754,fitzgerald,6.656431357065837
4,melville,754,twain,6.909084886312485
4,melville,755,train,4.288576900959015
4,melville,755,baum,6.594781041145325
4,melville,755,thompson,6.97406804561615
4,melville,755,dickens,6.6131458635683416
4,melville,755,melville,6.097387075424194
4,melville,755,wells,6.362372517585754
4,melville,755,austen,6.351308186848958
4,melville,755,fitzgerald,6.658586661020915
4,melville,755,twain,6.909369468688965
4,melville,756,train,4.286580860614777
4,melville,756,baum,6.593953967094421
4,melville,756,thompson,6.967477321624756
4,melville,756,dickens,6.602689054277208
4,melville,756,melville,6.098902225494385
4,melville,756,wells,6.361257553100586
4,melville,756,austen,6.347509781519572
4,melville,756,fitzgerald,6.666152636210124
4,melville,756,twain,6.906129121780396
4,melville,757,train,4.253734350204468
4,melville,757,baum,6.597068786621094
4,melville,757,thompson,6.971460223197937
4,melville,757,dickens,6.613414287567139
4,melville,757,melville,6.10138053894043
4,melville,757,wells,6.365564346313477
4,melville,757,austen,6.355049848556519
4,melville,757,fitzgerald,6.664454380671184
4,melville,757,twain,6.905400216579437
4,melville,758,train,4.242733240127564
4,melville,758,baum,6.604711413383484
4,melville,758,thompson,6.97647500038147
4,melville,758,dickens,6.620495160420735
4,melville,758,melville,6.102076530456543
4,melville,758,wells,6.367650985717773
4,melville,758,austen,6.355867147445679
4,melville,758,fitzgerald,6.669536193211873
4,melville,758,twain,6.907453507184982
4,melville,759,train,4.263562440872192
4,melville,759,baum,6.600223898887634
4,melville,759,thompson,6.968034505844116
4,melville,759,dickens,6.605338255564372
4,melville,759,melville,6.102402877807617
4,melville,759,wells,6.363721966743469
4,melville,759,austen,6.3527458508809405
4,melville,759,fitzgerald,6.668076515197754
4,melville,759,twain,6.907004028558731
4,melville,760,train,4.264217674732208
4,melville,760,baum,6.589032769203186
4,melville,760,thompson,6.967485666275024
4,melville,760,dickens,6.600321575447365
4,melville,760,melville,6.101679563522339
4,melville,760,wells,6.363229393959045
4,melville,760,austen,6.343128204345703
4,melville,760,fitzgerald,6.656650304794312
4,melville,760,twain,6.900396287441254
4,melville,761,train,4.254824161529541
4,melville,761,baum,6.584755778312683
4,melville,761,thompson,6.967834830284119
4,melville,761,dickens,6.596834094436081
4,melville,761,melville,6.09975700378418
4,melville,761,wells,6.365851163864136
4,melville,761,austen,6.347503900527954
4,melville,761,fitzgerald,6.65099294980367
4,melville,761,twain,6.906129062175751
4,melville,762,train,4.254895985126495
4,melville,762,baum,6.586769819259644
4,melville,762,thompson,6.964978337287903
4,melville,762,dickens,6.60728825463189
4,melville,762,melville,6.097365474700927
4,melville,762,wells,6.359241366386414
4,melville,762,austen,6.341687122980754
4,melville,762,fitzgerald,6.654904365539551
4,melville,762,twain,6.900647938251495
4,melville,763,train,4.269372165203095
4,melville,763,baum,6.603245496749878
4,melville,763,thompson,6.98187518119812
4,melville,763,dickens,6.627308456986039
4,melville,763,melville,6.103557920455932
4,melville,763,wells,6.37768292427063
4,melville,763,austen,6.36480696996053
4,melville,763,fitzgerald,6.673528989156087
4,melville,763,twain,6.915522247552872
4,melville,764,train,4.264509320259094
4,melville,764,baum,6.601649284362793
4,melville,764,thompson,6.983237028121948
4,melville,764,dickens,6.619915238133183
4,melville,764,melville,6.105727434158325
4,melville,764,wells,6.379209876060486
4,melville,764,austen,6.36549433072408
4,melville,764,fitzgerald,6.673838138580322
4,melville,764,twain,6.919903486967087
4,melville,765,train,4.247684359550476
4,melville,765,baum,6.6001293659210205
4,melville,765,thompson,6.978825330734253
4,melville,765,dickens,6.621934166661015
4,melville,765,melville,6.107192087173462
4,melville,765,wells,6.374668478965759
4,melville,765,austen,6.360903183619182
4,melville,765,fitzgerald,6.66689920425415
4,melville,765,twain,6.90890434384346
4,melville,766,train,4.2266910672187805
4,melville,766,baum,6.599085807800293
4,melville,766,thompson,6.976467847824097
4,melville,766,dickens,6.624735761571814
4,melville,766,melville,6.09324688911438
4,melville,766,wells,6.365394234657288
4,melville,766,austen,6.349679152170817
4,melville,766,fitzgerald,6.677074511845906
4,melville,766,twain,6.911648124456406
4,melville,767,train,4.2340357303619385
4,melville,767,baum,6.600357413291931
4,melville,767,thompson,6.976589560508728
4,melville,767,dickens,6.616348337244104
4,melville,767,melville,6.095573711395264
4,melville,767,wells,6.374345660209656
4,melville,767,austen,6.358336130777995
4,melville,767,fitzgerald,6.673712571461995
4,melville,767,twain,6.919000774621964
4,melville,768,train,4.244700729846954
4,melville,768,baum,6.598894715309143
4,melville,768,thompson,6.976593852043152
4,melville,768,dickens,6.609238818839744
4,melville,768,melville,6.099753189086914
4,melville,768,wells,6.368689298629761
4,melville,768,austen,6.349541664123535
4,melville,768,fitzgerald,6.668818950653076
4,melville,768,twain,6.913408756256104
4,melville,769,train,4.224713444709778
4,melville,769,baum,6.604381203651428
4,melville,769,thompson,6.984875440597534
4,melville,769,dickens,6.612232526143392
4,melville,769,melville,6.102785634994507
4,melville,769,wells,6.374531507492065
4,melville,769,austen,6.364096879959106
4,melville,769,fitzgerald,6.670244057973226
4,melville,769,twain,6.928659826517105
4,melville,770,train,4.267223060131073
4,melville,770,baum,6.609840273857117
4,melville,770,thompson,6.986495614051819
4,melville,770,dickens,6.620990770834464
4,melville,770,melville,6.10082778930664
4,melville,770,wells,6.376644253730774
4,melville,770,austen,6.366190592447917
4,melville,770,fitzgerald,6.670017878214519
4,melville,770,twain,6.92714136838913
4,melville,771,train,4.253142356872559
4,melville,771,baum,6.617228388786316
4,melville,771,thompson,6.989625215530396
4,melville,771,dickens,6.6304284554940685
4,melville,771,melville,6.108316087722779
4,melville,771,wells,6.373138904571533
4,melville,771,austen,6.359170198440552
4,melville,771,fitzgerald,6.684245904286702
4,melville,771,twain,6.930290400981903
4,melville,772,train,4.215946733951569
4,melville,772,baum,6.608340859413147
4,melville,772,thompson,6.983482241630554
4,melville,772,dickens,6.624591297573513
4,melville,772,melville,6.1078863620758055
4,melville,772,wells,6.374964475631714
4,melville,772,austen,6.358625968297322
4,melville,772,fitzgerald,6.670485893885295
4,melville,772,twain,6.919557124376297
4,melville,773,train,4.261752903461456
4,melville,773,baum,6.617732286453247
4,melville,773,thompson,6.994291663169861
4,melville,773,dickens,6.637917306688097
4,melville,773,melville,6.114151382446289
4,melville,773,wells,6.378423690795898
4,melville,773,austen,6.36516531308492
4,melville,773,fitzgerald,6.685483614603679
4,melville,773,twain,6.922066330909729
4,melville,774,train,4.230614721775055
4,melville,774,baum,6.625609517097473
4,melville,774,thompson,7.00028395652771
4,melville,774,dickens,6.641018531940602
4,melville,774,melville,6.114407682418824
4,melville,774,wells,6.3902976512908936
4,melville,774,austen,6.371960719426473
4,melville,774,fitzgerald,6.694479862848918
4,melville,774,twain,6.934268623590469
4,melville,775,train,4.237631320953369
4,melville,775,baum,6.617122650146484
4,melville,775,thompson,6.9890888929367065
4,melville,775,dickens,6.621262779942265
4,melville,775,melville,6.108342456817627
4,melville,775,wells,6.383686065673828
4,melville,775,austen,6.367110331853231
4,melville,775,fitzgerald,6.681460777918498
4,melville,775,twain,6.925461620092392
4,melville,776,train,4.208832800388336
4,melville,776,baum,6.610912084579468
4,melville,776,thompson,6.985486507415772
4,melville,776,dickens,6.62835854071158
4,melville,776,melville,6.104178380966187
4,melville,776,wells,6.376010656356812
4,melville,776,austen,6.365070343017578
4,melville,776,fitzgerald,6.681817134221395
4,melville,776,twain,6.922518998384476
4,melville,777,train,4.232913672924042
4,melville,777,baum,6.624119400978088
4,melville,777,thompson,7.003602504730225
4,melville,777,dickens,6.641332979555483
4,melville,777,melville,6.121256160736084
4,melville,777,wells,6.385077595710754
4,melville,777,austen,6.378016312917073
4,melville,777,fitzgerald,6.692486604054769
4,melville,777,twain,6.929487675428391
4,melville,778,train,4.249840319156647
4,melville,778,baum,6.627546310424805
4,melville,778,thompson,6.997407793998718
4,melville,778,dickens,6.637304588600442
4,melville,778,melville,6.12069673538208
4,melville,778,wells,6.384257793426514
4,melville,778,austen,6.375462532043457
4,melville,778,fitzgerald,6.685864130655925
4,melville,778,twain,6.932098388671875
4,melville,779,train,4.175987839698792
4,melville,779,baum,6.610673666000366
4,melville,779,thompson,6.988014459609985
4,melville,779,dickens,6.625342068848787
4,melville,779,melville,6.108823251724243
4,melville,779,wells,6.378137946128845
4,melville,779,austen,6.362560669581096
4,melville,779,fitzgerald,6.679920117060344
4,melville,779,twain,6.9319765865802765
4,melville,780,train,4.179730951786041
4,melville,780,baum,6.625956177711487
4,melville,780,thompson,6.996283173561096
4,melville,780,dickens,6.638678303471318
4,melville,780,melville,6.114989376068115
4,melville,780,wells,6.382746338844299
4,melville,780,austen,6.37927492459615
4,melville,780,fitzgerald,6.695358991622925
4,melville,780,twain,6.9313832223415375
4,melville,781,train,4.227189779281616
4,melville,781,baum,6.619624614715576
4,melville,781,thompson,7.001905798912048
4,melville,781,dickens,6.6406983269585504
4,melville,781,melville,6.113628625869751
4,melville,781,wells,6.401727080345154
4,melville,781,austen,6.379833141962688
4,melville,781,fitzgerald,6.697476387023926
4,melville,781,twain,6.938992232084274
4,melville,782,train,4.187136471271515
4,melville,782,baum,6.633055686950684
4,melville,782,thompson,7.014699459075928
4,melville,782,dickens,6.656991958618164
4,melville,782,melville,6.13160138130188
4,melville,782,wells,6.397776126861572
4,melville,782,austen,6.388413190841675
4,melville,782,fitzgerald,6.701152563095093
4,melville,782,twain,6.938912868499756
4,melville,783,train,4.234477281570435
4,melville,783,baum,6.619979619979858
4,melville,783,thompson,6.99769127368927
4,melville,783,dickens,6.63539547390408
4,melville,783,melville,6.112561941146851
4,melville,783,wells,6.379204630851746
4,melville,783,austen,6.3700127601623535
4,melville,783,fitzgerald,6.69405722618103
4,melville,783,twain,6.93113574385643
4,melville,784,train,4.219712018966675
4,melville,784,baum,6.631613254547119
4,melville,784,thompson,7.005952954292297
4,melville,784,dickens,6.650728243368643
4,melville,784,melville,6.12185845375061
4,melville,784,wells,6.392126202583313
4,melville,784,austen,6.382464249928792
4,melville,784,fitzgerald,6.703984498977661
4,melville,784,twain,6.938357472419739
4,melville,785,train,4.227567970752716
4,melville,785,baum,6.631791472434998
4,melville,785,thompson,7.008629083633423
4,melville,785,dickens,6.652081648508708
4,melville,785,melville,6.128618431091309
4,melville,785,wells,6.400479078292847
4,melville,785,austen,6.389469305674235
4,melville,785,fitzgerald,6.6951212882995605
4,melville,785,twain,6.940966248512268
4,melville,786,train,4.2221062779426575
4,melville,786,baum,6.631484508514404
4,melville,786,thompson,7.008628845214844
4,melville,786,dickens,6.644835666373924
4,melville,786,melville,6.112069845199585
4,melville,786,wells,6.397224187850952
4,melville,786,austen,6.379672129948934
4,melville,786,fitzgerald,6.706005255381267
4,melville,786,twain,6.941691964864731
4,melville,787,train,4.222754299640656
4,melville,787,baum,6.6276856660842896
4,melville,787,thompson,7.013200402259827
4,melville,787,dickens,6.63291288305212
4,melville,787,melville,6.11799578666687
4,melville,787,wells,6.392721652984619
4,melville,787,austen,6.373288790384929
4,melville,787,fitzgerald,6.704012632369995
4,melville,787,twain,6.941222637891769
4,melville,788,train,4.224252879619598
4,melville,788,baum,6.63598895072937
4,melville,788,thompson,7.009733557701111
4,melville,788,dickens,6.650860009370027
4,melville,788,melville,6.124474287033081
4,melville,788,wells,6.398558855056763
4,melville,788,austen,6.383767127990723
4,melville,788,fitzgerald,6.699527343114217
4,melville,788,twain,6.943637490272522
4,melville,789,train,4.208585977554321
4,melville,789,baum,6.635946989059448
4,melville,789,thompson,7.014235615730286
4,melville,789,dickens,6.654585626390245
4,melville,789,melville,6.120462131500244
4,melville,789,wells,6.403533697128296
4,melville,789,austen,6.392196178436279
4,melville,789,fitzgerald,6.703415393829346
4,melville,789,twain,6.942737072706223
4,melville,790,train,4.193922162055969
4,melville,790,baum,6.6298744678497314
4,melville,790,thompson,7.010707139968872
4,melville,790,dickens,6.65374595147592
4,melville,790,melville,6.1221761226654055
4,melville,790,wells,6.395902156829834
4,melville,790,austen,6.386568307876587
4,melville,790,fitzgerald,6.703852891921997
4,melville,790,twain,6.9379435777664185
4,melville,791,train,4.208759367465973
4,melville,791,baum,6.644230246543884
4,melville,791,thompson,7.016682386398315
4,melville,791,dickens,6.657106894033927
4,melville,791,melville,6.119674205780029
4,melville,791,wells,6.411770224571228
4,melville,791,austen,6.400830348332723
4,melville,791,fitzgerald,6.7161712646484375
4,melville,791,twain,6.950937479734421
4,melville,792,train,4.217382550239563
4,melville,792,baum,6.650266408920288
4,melville,792,thompson,7.025106072425842
4,melville,792,dickens,6.675352873625578
4,melville,792,melville,6.130914878845215
4,melville,792,wells,6.418667435646057
4,melville,792,austen,6.412769873936971
4,melville,792,fitzgerald,6.714883009592692
4,melville,792,twain,6.9554643630981445
4,melville,793,train,4.177644491195679
4,melville,793,baum,6.640113830566406
4,melville,793,thompson,7.019826292991638
4,melville,793,dickens,6.658275886818215
4,melville,793,melville,6.122686243057251
4,melville,793,wells,6.409283995628357
4,melville,793,austen,6.396819114685059
4,melville,793,fitzgerald,6.710937579472859
4,melville,793,twain,6.9505442678928375
4,melville,794,train,4.185556352138519
4,melville,794,baum,6.634697198867798
4,melville,794,thompson,7.006433606147766
4,melville,794,dickens,6.663519735689516
4,melville,794,melville,6.125014781951904
4,melville,794,wells,6.396074652671814
4,melville,794,austen,6.393908977508545
4,melville,794,fitzgerald,6.701215108235677
4,melville,794,twain,6.939406991004944
4,melville,795,train,4.1595945954322815
4,melville,795,baum,6.6481980085372925
4,melville,795,thompson,7.025668621063232
4,melville,795,dickens,6.674742875275789
4,melville,795,melville,6.135170316696167
4,melville,795,wells,6.409216642379761
4,melville,795,austen,6.397709608078003
4,melville,795,fitzgerald,6.710459073384603
4,melville,795,twain,6.951643705368042
4,melville,796,train,4.176665127277374
4,melville,796,baum,6.634700059890747
4,melville,796,thompson,7.016546130180359
4,melville,796,dickens,6.641644972342032
4,melville,796,melville,6.118234014511108
4,melville,796,wells,6.396114826202393
4,melville,796,austen,6.380964994430542
4,melville,796,fitzgerald,6.704803069432576
4,melville,796,twain,6.949154138565064
4,melville,797,train,4.153411626815796
4,melville,797,baum,6.635564684867859
4,melville,797,thompson,7.021569848060608
4,melville,797,dickens,6.655580043792725
4,melville,797,melville,6.122195911407471
4,melville,797,wells,6.398663282394409
4,melville,797,austen,6.3913125197092695
4,melville,797,fitzgerald,6.710276921590169
4,melville,797,twain,6.9454872608184814
4,melville,798,train,4.184619665145874
4,melville,798,baum,6.63934862613678
4,melville,798,thompson,7.022567987442017
4,melville,798,dickens,6.6666751614323365
4,melville,798,melville,6.134038019180298
4,melville,798,wells,6.39710533618927
4,melville,798,austen,6.389967997868856
4,melville,798,fitzgerald,6.704873879750569
4,melville,798,twain,6.945109963417053
4,melville,799,train,4.171856462955475
4,melville,799,baum,6.6485713720321655
4,melville,799,thompson,7.037270665168762
4,melville,799,dickens,6.667336993747288
4,melville,799,melville,6.131970596313477
4,melville,799,wells,6.409607172012329
4,melville,799,austen,6.398570378621419
4,melville,799,fitzgerald,6.7181713581085205
4,melville,799,twain,6.952879548072815
4,melville,800,train,4.182699978351593
4,melville,800,baum,6.650305032730103
4,melville,800,thompson,7.033786773681641
4,melville,800,dickens,6.683256396540889
4,melville,800,melville,6.137034940719604
4,melville,800,wells,6.417950749397278
4,melville,800,austen,6.407483498255412
4,melville,800,fitzgerald,6.71887731552124
4,melville,800,twain,6.956158578395844
4,melville,801,train,4.182692885398865
4,melville,801,baum,6.656983137130737
4,melville,801,thompson,7.041891574859619
4,melville,801,dickens,6.6870545281304254
4,melville,801,melville,6.139780330657959
4,melville,801,wells,6.419202923774719
4,melville,801,austen,6.408077239990234
4,melville,801,fitzgerald,6.728891293207805
4,melville,801,twain,6.96468460559845
4,melville,802,train,4.149233520030975
4,melville,802,baum,6.646005153656006
4,melville,802,thompson,7.031013607978821
4,melville,802,dickens,6.667010342633283
4,melville,802,melville,6.131271409988403
4,melville,802,wells,6.414229869842529
4,melville,802,austen,6.407777865727742
4,melville,802,fitzgerald,6.718869845072429
4,melville,802,twain,6.9584671556949615
4,melville,803,train,4.185336351394653
4,melville,803,baum,6.649470090866089
4,melville,803,thompson,7.029131650924683
4,melville,803,dickens,6.664275416621456
4,melville,803,melville,6.1302985668182375
4,melville,803,wells,6.409279704093933
4,melville,803,austen,6.397167523701985
4,melville,803,fitzgerald,6.717335065205892
4,melville,803,twain,6.968549370765686
4,melville,804,train,4.139430046081543
4,melville,804,baum,6.653181195259094
4,melville,804,thompson,7.034441709518433
4,melville,804,dickens,6.672655405821623
4,melville,804,melville,6.143122911453247
4,melville,804,wells,6.408634066581726
4,melville,804,austen,6.40411392847697
4,melville,804,fitzgerald,6.725492477416992
4,melville,804,twain,6.959062486886978
4,melville,805,train,4.156968951225281
4,melville,805,baum,6.658889174461365
4,melville,805,thompson,7.046456336975098
4,melville,805,dickens,6.682673454284668
4,melville,805,melville,6.144773769378662
4,melville,805,wells,6.424939632415772
4,melville,805,austen,6.419739484786987
4,melville,805,fitzgerald,6.724180459976196
4,melville,805,twain,6.969398885965347
4,melville,806,train,4.160417973995209
4,melville,806,baum,6.651628017425537
4,melville,806,thompson,7.031872391700745
4,melville,806,dickens,6.656303723653157
4,melville,806,melville,6.133295249938965
4,melville,806,wells,6.408182501792908
4,melville,806,austen,6.400505701700847
4,melville,806,fitzgerald,6.714766184488933
4,melville,806,twain,6.960090339183807
4,melville,807,train,4.157500326633453
4,melville,807,baum,6.652950644493103
4,melville,807,thompson,7.030155777931213
4,melville,807,dickens,6.666073852115208
4,melville,807,melville,6.133158397674561
4,melville,807,wells,6.4071749448776245
4,melville,807,austen,6.403082609176636
4,melville,807,fitzgerald,6.723753611246745
4,melville,807,twain,6.956630766391754
4,melville,808,train,4.179942965507507
4,melville,808,baum,6.662130951881409
4,melville,808,thompson,7.045843601226807
4,melville,808,dickens,6.6902373101976185
4,melville,808,melville,6.136887884140014
4,melville,808,wells,6.417291164398193
4,melville,808,austen,6.413910150527954
4,melville,808,fitzgerald,6.740946849187215
4,melville,808,twain,6.966658115386963
4,melville,809,train,4.125036776065826
4,melville,809,baum,6.673308610916138
4,melville,809,thompson,7.060677528381348
4,melville,809,dickens,6.700984195426658
4,melville,809,melville,6.145556354522705
4,melville,809,wells,6.4318777322769165
4,melville,809,austen,6.419604380925496
4,melville,809,fitzgerald,6.756724119186401
4,melville,809,twain,6.983564496040344
4,melville,810,train,4.167433202266693
4,melville,810,baum,6.655296444892883
4,melville,810,thompson,7.038542032241821
4,melville,810,dickens,6.681191462057608
4,melville,810,melville,6.132912540435791
4,melville,810,wells,6.417047142982483
4,melville,810,austen,6.408554712931315
4,melville,810,fitzgerald,6.73225998878479
4,melville,810,twain,6.965697944164276
4,melville,811,train,4.153326153755188
4,melville,811,baum,6.6585423946380615
4,melville,811,thompson,7.034922957420349
4,melville,811,dickens,6.691330309267397
4,melville,811,melville,6.1357968807220455
4,melville,811,wells,6.42253053188324
4,melville,811,austen,6.419275681177775
4,melville,811,fitzgerald,6.726076126098633
4,melville,811,twain,6.964891493320465
4,melville,812,train,4.126881897449493
4,melville,812,baum,6.652318596839905
4,melville,812,thompson,7.027290940284729
4,melville,812,dickens,6.678017916502776
4,melville,812,melville,6.129093742370605
4,melville,812,wells,6.411587238311768
4,melville,812,austen,6.402363856633504
4,melville,812,fitzgerald,6.712783495585124
4,melville,812,twain,6.959106028079987
4,melville,813,train,4.132524907588959
4,melville,813,baum,6.660641670227051
4,melville,813,thompson,7.040457487106323
4,melville,813,dickens,6.684380195758961
4,melville,813,melville,6.141956424713134
4,melville,813,wells,6.423950433731079
4,melville,813,austen,6.412133614222209
4,melville,813,fitzgerald,6.728266795476277
4,melville,813,twain,6.9644040167331696
4,melville,814,train,4.127759635448456
4,melville,814,baum,6.666910886764526
4,melville,814,thompson,7.052145481109619
4,melville,814,dickens,6.692007259086326
4,melville,814,melville,6.143261241912842
4,melville,814,wells,6.4261462688446045
4,melville,814,austen,6.421992381413777
4,melville,814,fitzgerald,6.7350655396779375
4,melville,814,twain,6.973608165979385
4,melville,815,train,4.129059016704559
4,melville,815,baum,6.6679463386535645
4,melville,815,thompson,7.042730689048767
4,melville,815,dickens,6.6994932845786765
4,melville,815,melville,6.148765993118286
4,melville,815,wells,6.422865867614746
4,melville,815,austen,6.415498892466228
4,melville,815,fitzgerald,6.729801734288533
4,melville,815,twain,6.973290532827377
4,melville,816,train,4.129132270812988
4,melville,816,baum,6.67564857006073
4,melville,816,thompson,7.050201416015625
4,melville,816,dickens,6.710564419075295
4,melville,816,melville,6.152480936050415
4,melville,816,wells,6.433838129043579
4,melville,816,austen,6.427882671356201
4,melville,816,fitzgerald,6.738089402516683
4,melville,816,twain,6.984666734933853
4,melville,817,train,4.135160088539124
4,melville,817,baum,6.681370735168457
4,melville,817,thompson,7.055262565612793
4,melville,817,dickens,6.707731140984429
4,melville,817,melville,6.151794004440307
4,melville,817,wells,6.430126428604126
4,melville,817,austen,6.427031993865967
4,melville,817,fitzgerald,6.743510405222575
4,melville,817,twain,6.982980012893677
4,melville,818,train,4.150909960269928
4,melville,818,baum,6.676331877708435
4,melville,818,thompson,7.0573790073394775
4,melville,818,dickens,6.698263415583858
4,melville,818,melville,6.149347591400146
4,melville,818,wells,6.438873291015625
4,melville,818,austen,6.428498347600301
4,melville,818,fitzgerald,6.746439218521118
4,melville,818,twain,6.9861834943294525
4,melville,819,train,4.1529576778411865
4,melville,819,baum,6.6869957447052
4,melville,819,thompson,7.067808151245117
4,melville,819,dickens,6.707837475670709
4,melville,819,melville,6.1517736434936525
4,melville,819,wells,6.444698691368103
4,melville,819,austen,6.436478137969971
4,melville,819,fitzgerald,6.74437952041626
4,melville,819,twain,6.993399143218994
4,melville,820,train,4.141777455806732
4,melville,820,baum,6.668138861656189
4,melville,820,thompson,7.048972010612488
4,melville,820,dickens,6.689971164420799
4,melville,820,melville,6.141096925735473
4,melville,820,wells,6.425472378730774
4,melville,820,austen,6.41628360748291
4,melville,820,fitzgerald,6.727186282475789
4,melville,820,twain,6.979389697313309
4,melville,821,train,4.130462944507599
4,melville,821,baum,6.66612434387207
4,melville,821,thompson,7.045472860336304
4,melville,821,dickens,6.6954676133615
4,melville,821,melville,6.131834840774536
4,melville,821,wells,6.42317807674408
4,melville,821,austen,6.420461257298787
4,melville,821,fitzgerald,6.734032154083252
4,melville,821,twain,6.97436049580574
4,melville,822,train,4.1477996706962585
4,melville,822,baum,6.672738075256348
4,melville,822,thompson,7.061936855316162
4,melville,822,dickens,6.701297442118327
4,melville,822,melville,6.143647766113281
4,melville,822,wells,6.434048891067505
4,melville,822,austen,6.431150833765666
4,melville,822,fitzgerald,6.738764683405559
4,melville,822,twain,6.985312134027481
4,melville,823,train,4.149870157241821
4,melville,823,baum,6.673550844192505
4,melville,823,thompson,7.059843182563782
4,melville,823,dickens,6.702749852780943
4,melville,823,melville,6.148365163803101
4,melville,823,wells,6.430073380470276
4,melville,823,austen,6.424786726633708
4,melville,823,fitzgerald,6.749256292978923
4,melville,823,twain,6.983390837907791
4,melville,824,train,4.123907148838043
4,melville,824,baum,6.672963261604309
4,melville,824,thompson,7.057978868484497
4,melville,824,dickens,6.710844481432879
4,melville,824,melville,6.143527984619141
4,melville,824,wells,6.436522960662842
4,melville,824,austen,6.42937954266866
4,melville,824,fitzgerald,6.741994063059489
4,melville,824,twain,6.984203368425369
4,melville,825,train,4.135521054267883
4,melville,825,baum,6.679124712944031
4,melville,825,thompson,7.053348541259766
4,melville,825,dickens,6.717478805118137
4,melville,825,melville,6.148649501800537
4,melville,825,wells,6.445306897163391
4,melville,825,austen,6.441977024078369
4,melville,825,fitzgerald,6.745877822240193
4,melville,825,twain,6.992871344089508
4,melville,826,train,4.124213218688965
4,melville,826,baum,6.685035943984985
4,melville,826,thompson,7.068393230438232
4,melville,826,dickens,6.708033861937346
4,melville,826,melville,6.141236352920532
4,melville,826,wells,6.438670635223389
4,melville,826,austen,6.43360431989034
4,melville,826,fitzgerald,6.756146828333537
4,melville,826,twain,6.993059575557709
4,melville,827,train,4.102898061275482
4,melville,827,baum,6.681561589241028
4,melville,827,thompson,7.067276477813721
4,melville,827,dickens,6.712234638355397
4,melville,827,melville,6.151090097427368
4,melville,827,wells,6.442937850952148
4,melville,827,austen,6.4441713492075605
4,melville,827,fitzgerald,6.744354486465454
4,melville,827,twain,7.000752717256546
4,melville,828,train,4.129065096378326
4,melville,828,baum,6.682544708251953
4,melville,828,thompson,7.0686445236206055
4,melville,828,dickens,6.712000687917073
4,melville,828,melville,6.145953130722046
4,melville,828,wells,6.448817849159241
4,melville,828,austen,6.435708204905192
4,melville,828,fitzgerald,6.768930594126384
4,melville,828,twain,7.002923846244812
4,melville,829,train,4.115048587322235
4,melville,829,baum,6.682386875152588
4,melville,829,thompson,7.063821911811829
4,melville,829,dickens,6.712949558540627
4,melville,829,melville,6.142999696731567
4,melville,829,wells,6.448205232620239
4,melville,829,austen,6.431306918462117
4,melville,829,fitzgerald,6.757029851277669
4,melville,829,twain,7.000272393226624
4,melville,830,train,4.140126585960388
4,melville,830,baum,6.676493644714356
4,melville,830,thompson,7.0662336349487305
4,melville,830,dickens,6.721382776896159
4,melville,830,melville,6.152553510665894
4,melville,830,wells,6.443942070007324
4,melville,830,austen,6.43837030728658
4,melville,830,fitzgerald,6.745367129643758
4,melville,830,twain,6.996443152427673
4,melville,831,train,4.113880455493927
4,melville,831,baum,6.680113673210144
4,melville,831,thompson,7.06205153465271
4,melville,831,dickens,6.698300962094907
4,melville,831,melville,6.148185539245605
4,melville,831,wells,6.450059652328491
4,melville,831,austen,6.438240925470988
4,melville,831,fitzgerald,6.750003894170125
4,melville,831,twain,6.997424393892288
4,melville,832,train,4.111309587955475
4,melville,832,baum,6.692615270614624
4,melville,832,thompson,7.069340467453003
4,melville,832,dickens,6.729071952678539
4,melville,832,melville,6.153924751281738
4,melville,832,wells,6.452110528945923
4,melville,832,austen,6.45489486058553
4,melville,832,fitzgerald,6.763266881306966
4,melville,832,twain,6.9993723928928375
4,melville,833,train,4.110038995742798
4,melville,833,baum,6.693030118942261
4,melville,833,thompson,7.067413330078125
4,melville,833,dickens,6.714280764261882
4,melville,833,melville,6.160769414901734
4,melville,833,wells,6.439199924468994
4,melville,833,austen,6.44277040163676
4,melville,833,fitzgerald,6.75255274772644
4,melville,833,twain,6.997871786355972
4,melville,834,train,4.090833425521851
4,melville,834,baum,6.68792986869812
4,melville,834,thompson,7.073611378669739
4,melville,834,dickens,6.72148593266805
4,melville,834,melville,6.158305883407593
4,melville,834,wells,6.44584584236145
4,melville,834,austen,6.446646928787232
4,melville,834,fitzgerald,6.749969402949016
4,melville,834,twain,7.003147184848785
4,melville,835,train,4.12410169839859
4,melville,835,baum,6.683224081993103
4,melville,835,thompson,7.072628021240234
4,melville,835,dickens,6.721276300924796
4,melville,835,melville,6.148215007781983
4,melville,835,wells,6.450770854949951
4,melville,835,austen,6.446880022684733
4,melville,835,fitzgerald,6.749945878982544
4,melville,835,twain,6.997704893350601
4,melville,836,train,4.078202128410339
4,melville,836,baum,6.691759705543518
4,melville,836,thompson,7.070339202880859
4,melville,836,dickens,6.7205807367960615
4,melville,836,melville,6.148609638214111
4,melville,836,wells,6.454184055328369
4,melville,836,austen,6.441115697224935
4,melville,836,fitzgerald,6.772901137669881
4,melville,836,twain,6.999499648809433
4,melville,837,train,4.097921788692474
4,melville,837,baum,6.686654686927795
4,melville,837,thompson,7.0736048221588135
4,melville,837,dickens,6.715421588332565
4,melville,837,melville,6.152373027801514
4,melville,837,wells,6.447727799415588
4,melville,837,austen,6.441915035247803
4,melville,837,fitzgerald,6.761893113454183
4,melville,837,twain,6.992018520832062
4,melville,838,train,4.108947157859802
4,melville,838,baum,6.6797672510147095
4,melville,838,thompson,7.068358302116394
4,melville,838,dickens,6.715317902741609
4,melville,838,melville,6.14853253364563
4,melville,838,wells,6.446415662765503
4,melville,838,austen,6.439184506734212
4,melville,838,fitzgerald,6.7545076211293535
4,melville,838,twain,6.995914906263351
4,melville,839,train,4.096502184867859
4,melville,839,baum,6.692439436912537
4,melville,839,thompson,7.079645276069641
4,melville,839,dickens,6.720967133839925
4,melville,839,melville,6.155960941314698
4,melville,839,wells,6.454753875732422
4,melville,839,austen,6.447093327840169
4,melville,839,fitzgerald,6.765701532363892
4,melville,839,twain,7.00100976228714
4,melville,840,train,4.116652190685272
4,melville,840,baum,6.699906349182129
4,melville,840,thompson,7.080258250236511
4,melville,840,dickens,6.736629309477629
4,melville,840,melville,6.169260692596436
4,melville,840,wells,6.457935810089111
4,melville,840,austen,6.456483761469523
4,melville,840,fitzgerald,6.756944100062053
4,melville,840,twain,6.999381572008133
4,melville,841,train,4.081034183502197
4,melville,841,baum,6.703521132469177
4,melville,841,thompson,7.082228660583496
4,melville,841,dickens,6.726955820012976
4,melville,841,melville,6.163003396987915
4,melville,841,wells,6.463617563247681
4,melville,841,austen,6.463375091552734
4,melville,841,fitzgerald,6.769850730895996
4,melville,841,twain,7.01096910238266
4,melville,842,train,4.090894281864166
4,melville,842,baum,6.706917881965637
4,melville,842,thompson,7.089342355728149
4,melville,842,dickens,6.730457994672987
4,melville,842,melville,6.170063304901123
4,melville,842,wells,6.4587966203689575
4,melville,842,austen,6.449251015981038
4,melville,842,fitzgerald,6.772552092870076
4,melville,842,twain,7.009404599666596
4,melville,843,train,4.102137506008148
4,melville,843,baum,6.697287797927856
4,melville,843,thompson,7.083010673522949
4,melville,843,dickens,6.736917689994529
4,melville,843,melville,6.164737367630005
4,melville,843,wells,6.471583247184753
4,melville,843,austen,6.459393898646037
4,melville,843,fitzgerald,6.765467802683513
4,melville,843,twain,7.011631816625595
4,melville,844,train,4.1019933223724365
4,melville,844,baum,6.7020111083984375
4,melville,844,thompson,7.0882556438446045
4,melville,844,dickens,6.741394219575105
4,melville,844,melville,6.166808176040649
4,melville,844,wells,6.471368789672852
4,melville,844,austen,6.465596993764241
4,melville,844,fitzgerald,6.769297997156779
4,melville,844,twain,7.010279715061188
4,melville,845,train,4.082256972789764
4,melville,845,baum,6.707256317138672
4,melville,845,thompson,7.098085045814514
4,melville,845,dickens,6.754949834611681
4,melville,845,melville,6.17382321357727
4,melville,845,wells,6.470398783683777
4,melville,845,austen,6.46384596824646
4,melville,845,fitzgerald,6.768616755803426
4,melville,845,twain,7.019151747226715
4,melville,846,train,4.082351624965668
4,melville,846,baum,6.7012656927108765
4,melville,846,thompson,7.086092114448547
4,melville,846,dickens,6.7401622666252985
4,melville,846,melville,6.169181680679321
4,melville,846,wells,6.452395796775818
4,melville,846,austen,6.448206901550293
4,melville,846,fitzgerald,6.7637317180633545
4,melville,846,twain,7.006652861833572
4,melville,847,train,4.0684292912483215
4,melville,847,baum,6.695897459983826
4,melville,847,thompson,7.083166122436523
4,melville,847,dickens,6.7255948207996505
4,melville,847,melville,6.1703356266021725
4,melville,847,wells,6.458776831626892
4,melville,847,austen,6.449979225794475
4,melville,847,fitzgerald,6.765946944554647
4,melville,847,twain,7.0094194412231445
4,melville,848,train,4.0739715695381165
4,melville,848,baum,6.717891216278076
4,melville,848,thompson,7.110140562057495
4,melville,848,dickens,6.75233577798914
4,melville,848,melville,6.168964958190918
4,melville,848,wells,6.482959866523743
4,melville,848,austen,6.48064128557841
4,melville,848,fitzgerald,6.789283434549968
4,melville,848,twain,7.016564756631851
4,melville,849,train,4.095516085624695
4,melville,849,baum,6.7129082679748535
4,melville,849,thompson,7.092082977294922
4,melville,849,dickens,6.748900342870642
4,melville,849,melville,6.165058183670044
4,melville,849,wells,6.471382021903992
4,melville,849,austen,6.464132308959961
4,melville,849,fitzgerald,6.775707403818767
4,melville,849,twain,7.009318590164185
4,melville,850,train,4.074809730052948
4,melville,850,baum,6.71584939956665
4,melville,850,thompson,7.1005189418792725
4,melville,850,dickens,6.753539032406277
4,melville,850,melville,6.170750284194947
4,melville,850,wells,6.474904775619507
4,melville,850,austen,6.473120927810669
4,melville,850,fitzgerald,6.784284750620524
4,melville,850,twain,7.019642412662506
4,melville,851,train,4.037858188152313
4,melville,851,baum,6.709821105003357
4,melville,851,thompson,7.101622819900513
4,melville,851,dickens,6.763285707544397
4,melville,851,melville,6.171143484115601
4,melville,851,wells,6.466898918151856
4,melville,851,austen,6.470183372497559
4,melville,851,fitzgerald,6.779442071914673
4,melville,851,twain,7.015914112329483
4,melville,852,train,4.080273509025574
4,melville,852,baum,6.719174861907959
4,melville,852,thompson,7.10504424571991
4,melville,852,dickens,6.75657484266493
4,melville,852,melville,6.169173049926758
4,melville,852,wells,6.477262377738953
4,melville,852,austen,6.469152688980103
4,melville,852,fitzgerald,6.785163402557373
4,melville,852,twain,7.017602443695068
4,melville,853,train,4.083333253860474
4,melville,853,baum,6.713165998458862
4,melville,853,thompson,7.104941964149475
4,melville,853,dickens,6.752571441509105
4,melville,853,melville,6.167472076416016
4,melville,853,wells,6.477854490280151
4,melville,853,austen,6.465893030166626
4,melville,853,fitzgerald,6.78885833422343
4,melville,853,twain,7.021046370267868
4,melville,854,train,4.059488654136658
4,melville,854,baum,6.730371594429016
4,melville,854,thompson,7.111445426940918
4,melville,854,dickens,6.750537819332546
4,melville,854,melville,6.177876377105713
4,melville,854,wells,6.490039110183716
4,melville,854,austen,6.475832621256511
4,melville,854,fitzgerald,6.790642499923706
4,melville,854,twain,7.026385486125946
4,melville,855,train,4.059811234474182
4,melville,855,baum,6.717139005661011
4,melville,855,thompson,7.103580355644226
4,melville,855,dickens,6.765798127209699
4,melville,855,melville,6.162708139419555
4,melville,855,wells,6.484787583351135
4,melville,855,austen,6.47382386525472
4,melville,855,fitzgerald,6.789565722147624
4,melville,855,twain,7.021042138338089
4,melville,856,train,4.04032838344574
4,melville,856,baum,6.731386661529541
4,melville,856,thompson,7.113518953323364
4,melville,856,dickens,6.754549821217855
4,melville,856,melville,6.182502746582031
4,melville,856,wells,6.488343596458435
4,melville,856,austen,6.475813388824463
4,melville,856,fitzgerald,6.792008479436238
4,melville,856,twain,7.028026580810547
4,melville,857,train,4.039255321025848
4,melville,857,baum,6.722661733627319
4,melville,857,thompson,7.107030272483826
4,melville,857,dickens,6.7562801219798905
4,melville,857,melville,6.172991538047791
4,melville,857,wells,6.478861927986145
4,melville,857,austen,6.479685227076213
4,melville,857,fitzgerald,6.785403569539388
4,melville,857,twain,7.024702459573746
4,melville,858,train,4.055349111557007
4,melville,858,baum,6.721721649169922
4,melville,858,thompson,7.111467480659485
4,melville,858,dickens,6.753355096887659
4,melville,858,melville,6.170852828025818
4,melville,858,wells,6.490469813346863
4,melville,858,austen,6.4740043481191
4,melville,858,fitzgerald,6.790870189666748
4,melville,858,twain,7.030847936868668
4,melville,859,train,4.042658030986786
4,melville,859,baum,6.7102802991867065
4,melville,859,thompson,7.103076934814453
4,melville,859,dickens,6.743421996081317
4,melville,859,melville,6.161036014556885
4,melville,859,wells,6.47895610332489
4,melville,859,austen,6.470449209213257
4,melville,859,fitzgerald,6.783220450083415
4,melville,859,twain,7.021785348653793
4,melville,860,train,4.028809726238251
4,melville,860,baum,6.726529002189636
4,melville,860,thompson,7.107811689376831
4,melville,860,dickens,6.7445690190350565
4,melville,860,melville,6.170958662033081
4,melville,860,wells,6.486211180686951
4,melville,860,austen,6.477719942728679
4,melville,860,fitzgerald,6.79691235224406
4,melville,860,twain,7.037012845277786
4,melville,861,train,4.056844085454941
4,melville,861,baum,6.722349762916565
4,melville,861,thompson,7.10983157157898
4,melville,861,dickens,6.755844469423647
4,melville,861,melville,6.176998972892761
4,melville,861,wells,6.491155862808228
4,melville,861,austen,6.484199523925781
4,melville,861,fitzgerald,6.786278009414673
4,melville,861,twain,7.028754144906998
4,melville,862,train,4.041945993900299
4,melville,862,baum,6.7338961362838745
4,melville,862,thompson,7.126387000083923
4,melville,862,dickens,6.776587980764884
4,melville,862,melville,6.181952428817749
4,melville,862,wells,6.497604370117188
4,melville,862,austen,6.4977467854817705
4,melville,862,fitzgerald,6.805695056915283
4,melville,862,twain,7.037847429513931
4,melville,863,train,4.036612868309021
4,melville,863,baum,6.728450298309326
4,melville,863,thompson,7.120309948921204
4,melville,863,dickens,6.764099403663918
4,melville,863,melville,6.174557447433472
4,melville,863,wells,6.491760492324829
4,melville,863,austen,6.482237736384074
4,melville,863,fitzgerald,6.797497590382894
4,melville,863,twain,7.037654459476471
4,melville,864,train,4.069598138332367
4,melville,864,baum,6.734449505805969
4,melville,864,thompson,7.1125898361206055
4,melville,864,dickens,6.7696549627516
4,melville,864,melville,6.179010963439941
4,melville,864,wells,6.496153712272644
4,melville,864,austen,6.493123133977254
4,melville,864,fitzgerald,6.810134172439575
4,melville,864,twain,7.0377340614795685
4,melville,865,train,4.039409816265106
4,melville,865,baum,6.752102732658386
4,melville,865,thompson,7.138541102409363
4,melville,865,dickens,6.791204046320032
4,melville,865,melville,6.196177887916565
4,melville,865,wells,6.50680673122406
4,melville,865,austen,6.5028342405955
4,melville,865,fitzgerald,6.817710955937703
4,melville,865,twain,7.047828555107117
4,melville,866,train,4.044751942157745
4,melville,866,baum,6.743810892105103
4,melville,866,thompson,7.139090299606323
4,melville,866,dickens,6.79269481588293
4,melville,866,melville,6.187999534606933
4,melville,866,wells,6.507845759391785
4,melville,866,austen,6.504077196121216
4,melville,866,fitzgerald,6.814503272374471
4,melville,866,twain,7.048266172409058
4,melville,867,train,4.051468312740326
4,melville,867,baum,6.737534761428833
4,melville,867,thompson,7.116068720817566
4,melville,867,dickens,6.774812009599474
4,melville,867,melville,6.171070551872253
4,melville,867,wells,6.501692414283752
4,melville,867,austen,6.49504550298055
4,melville,867,fitzgerald,6.809550364812215
4,melville,867,twain,7.037278652191162
4,melville,868,train,4.028943568468094
4,melville,868,baum,6.743665337562561
4,melville,868,thompson,7.126475095748901
4,melville,868,dickens,6.775251618138066
4,melville,868,melville,6.182076144218445
4,melville,868,wells,6.49869966506958
4,melville,868,austen,6.503001769383748
4,melville,868,fitzgerald,6.8273656368255615
4,melville,868,twain,7.052842080593109
4,melville,869,train,4.037572532892227
4,melville,869,baum,6.744055986404419
4,melville,869,thompson,7.127537608146668
4,melville,869,dickens,6.775656082012035
4,melville,869,melville,6.181666612625122
4,melville,869,wells,6.49706768989563
4,melville,869,austen,6.496429920196533
4,melville,869,fitzgerald,6.817174832026164
4,melville,869,twain,7.046923071146011
4,melville,870,train,4.020127654075623
4,melville,870,baum,6.731266140937805
4,melville,870,thompson,7.119519472122192
4,melville,870,dickens,6.7651003378408925
4,melville,870,melville,6.165054225921631
4,melville,870,wells,6.484626650810242
4,melville,870,austen,6.486159722010295
4,melville,870,fitzgerald,6.808247645696004
4,melville,870,twain,7.039569407701492
4,melville,871,train,4.033466070890427
4,melville,871,baum,6.742511987686157
4,melville,871,thompson,7.124035358428955
4,melville,871,dickens,6.77782498465644
4,melville,871,melville,6.183469152450561
4,melville,871,wells,6.502351641654968
4,melville,871,austen,6.495393355687459
4,melville,871,fitzgerald,6.806778907775879
4,melville,871,twain,7.043439090251923
4,melville,872,train,4.048010557889938
4,melville,872,baum,6.745768308639526
4,melville,872,thompson,7.127005696296692
4,melville,872,dickens,6.771969265407986
4,melville,872,melville,6.1815491914749146
4,melville,872,wells,6.499556183815002
4,melville,872,austen,6.486383279164632
4,melville,872,fitzgerald,6.813348213831584
4,melville,872,twain,7.048616170883179
4,melville,873,train,4.056034743785858
4,melville,873,baum,6.735239028930664
4,melville,873,thompson,7.129560112953186
4,melville,873,dickens,6.775081457915129
4,melville,873,melville,6.178593254089355
4,melville,873,wells,6.499829053878784
4,melville,873,austen,6.487821896870931
4,melville,873,fitzgerald,6.8062435785929365
4,melville,873,twain,7.046999782323837
4,melville,874,train,4.03759628534317
4,melville,874,baum,6.74325168132782
4,melville,874,thompson,7.126653671264648
4,melville,874,dickens,6.76810684910527
4,melville,874,melville,6.183540391921997
4,melville,874,wells,6.495546698570252
4,melville,874,austen,6.492038567860921
4,melville,874,fitzgerald,6.8098570505778
4,melville,874,twain,7.044171929359436
4,melville,875,train,4.002202451229096
4,melville,875,baum,6.753873586654663
4,melville,875,thompson,7.144250392913818
4,melville,875,dickens,6.791748576694065
4,melville,875,melville,6.185412287712097
4,melville,875,wells,6.512415647506714
4,melville,875,austen,6.512853781382243
4,melville,875,fitzgerald,6.838301738103231
4,melville,875,twain,7.05138111114502
4,melville,876,train,3.9947955906391135
4,melville,876,baum,6.754259467124939
4,melville,876,thompson,7.140733480453491
4,melville,876,dickens,6.78888409226029
4,melville,876,melville,6.183356285095215
4,melville,876,wells,6.515484094619751
4,melville,876,austen,6.503971258799235
4,melville,876,fitzgerald,6.830532948176066
4,melville,876,twain,7.051038026809692
4,melville,877,train,4.029167115688324
4,melville,877,baum,6.746334910392761
4,melville,877,thompson,7.138392806053162
4,melville,877,dickens,6.789809739148176
4,melville,877,melville,6.1817362070083615
4,melville,877,wells,6.503383994102478
4,melville,877,austen,6.495495080947876
4,melville,877,fitzgerald,6.824272712071736
4,melville,877,twain,7.049577593803406
4,melville,878,train,3.987426906824112
4,melville,878,baum,6.764249801635742
4,melville,878,thompson,7.145571827888489
4,melville,878,dickens,6.80906539493137
4,melville,878,melville,6.197551894187927
4,melville,878,wells,6.519969463348389
4,melville,878,austen,6.512004613876343
4,melville,878,fitzgerald,6.833699464797974
4,melville,878,twain,7.065331190824509
4,melville,879,train,4.015494138002396
4,melville,879,baum,6.747202754020691
4,melville,879,thompson,7.1365498304367065
4,melville,879,dickens,6.777785884009467
4,melville,879,melville,6.187415623664856
4,melville,879,wells,6.5152589082717896
4,melville,879,austen,6.510351101557414
4,melville,879,fitzgerald,6.814069906870524
4,melville,879,twain,7.064761728048325
4,melville,880,train,4.002855271100998
4,melville,880,baum,6.75627863407135
4,melville,880,thompson,7.139218807220459
4,melville,880,dickens,6.79587803946601
4,melville,880,melville,6.192361092567444
4,melville,880,wells,6.512025356292725
4,melville,880,austen,6.5129274527231855
4,melville,880,fitzgerald,6.838743130366008
4,melville,880,twain,7.05763578414917
4,melville,881,train,3.99809730052948
4,melville,881,baum,6.762986898422241
4,melville,881,thompson,7.155152678489685
4,melville,881,dickens,6.813299744217484
4,melville,881,melville,6.195307302474975
4,melville,881,wells,6.521095395088196
4,melville,881,austen,6.523073116938273
4,melville,881,fitzgerald,6.842965284983317
4,melville,881,twain,7.075224906206131
4,melville,882,train,4.022518754005432
4,melville,882,baum,6.76422381401062
4,melville,882,thompson,7.148891091346741
4,melville,882,dickens,6.801833400019893
4,melville,882,melville,6.189022564888001
4,melville,882,wells,6.514567136764526
4,melville,882,austen,6.514579693476359
4,melville,882,fitzgerald,6.851675192515056
4,melville,882,twain,7.065932929515839
4,melville,883,train,4.009059339761734
4,melville,883,baum,6.771646976470947
4,melville,883,thompson,7.147102117538452
4,melville,883,dickens,6.800600369771321
4,melville,883,melville,6.1971029996871945
4,melville,883,wells,6.516500115394592
4,melville,883,austen,6.511948188145955
4,melville,883,fitzgerald,6.840226888656616
4,melville,883,twain,7.07225900888443
4,melville,884,train,4.005180209875107
4,melville,884,baum,6.770974516868591
4,melville,884,thompson,7.14661431312561
4,melville,884,dickens,6.800389325177228
4,melville,884,melville,6.194116568565368
4,melville,884,wells,6.517470598220825
4,melville,884,austen,6.520311673482259
4,melville,884,fitzgerald,6.843611081441243
4,melville,884,twain,7.068700283765793
4,melville,885,train,4.022177398204804
4,melville,885,baum,6.773841738700867
4,melville,885,thompson,7.162207245826721
4,melville,885,dickens,6.809452904595269
4,melville,885,melville,6.204404902458191
4,melville,885,wells,6.5318992137908936
4,melville,885,austen,6.526922543843587
4,melville,885,fitzgerald,6.846767743428548
4,melville,885,twain,7.078189581632614
4,melville,886,train,4.023410677909851
4,melville,886,baum,6.777111530303955
4,melville,886,thompson,7.160116672515869
4,melville,886,dickens,6.794495264689128
4,melville,886,melville,6.21117217540741
4,melville,886,wells,6.525670051574707
4,melville,886,austen,6.517268975575765
4,melville,886,fitzgerald,6.832578261693318
4,melville,886,twain,7.0649687349796295
4,melville,887,train,4.008060306310654
4,melville,887,baum,6.780582785606384
4,melville,887,thompson,7.165282249450684
4,melville,887,dickens,6.80385630219071
4,melville,887,melville,6.211379742622375
4,melville,887,wells,6.528546690940857
4,melville,887,austen,6.528950134913127
4,melville,887,fitzgerald,6.8521982828776045
4,melville,887,twain,7.075693488121033
4,melville,888,train,3.972438514232636
4,melville,888,baum,6.7760409116745
4,melville,888,thompson,7.15991485118866
4,melville,888,dickens,6.802270589051424
4,melville,888,melville,6.201055693626404
4,melville,888,wells,6.525099515914917
4,melville,888,austen,6.521214087804158
4,melville,888,fitzgerald,6.851986646652222
4,melville,888,twain,7.075065165758133
4,melville,889,train,4.011791408061981
4,melville,889,baum,6.768564343452454
4,melville,889,thompson,7.149032473564148
4,melville,889,dickens,6.800879531436497
4,melville,889,melville,6.197352075576783
4,melville,889,wells,6.5112738609313965
4,melville,889,austen,6.509740988413493
4,melville,889,fitzgerald,6.840862035751343
4,melville,889,twain,7.067452281713486
4,melville,890,train,4.000287085771561
4,melville,890,baum,6.777673125267029
4,melville,890,thompson,7.15986430644989
4,melville,890,dickens,6.805608855353461
4,melville,890,melville,6.2008301496505736
4,melville,890,wells,6.530076265335083
4,melville,890,austen,6.530829429626465
4,melville,890,fitzgerald,6.849605083465576
4,melville,890,twain,7.076435595750809
4,melville,891,train,3.963943302631378
4,melville,891,baum,6.787703990936279
4,melville,891,thompson,7.166410088539124
4,melville,891,dickens,6.801741900267424
4,melville,891,melville,6.204501223564148
4,melville,891,wells,6.536803364753723
4,melville,891,austen,6.537686427434285
4,melville,891,fitzgerald,6.868362585703532
4,melville,891,twain,7.085266262292862
4,melville,892,train,3.9927470982074738
4,melville,892,baum,6.784033536911011
4,melville,892,thompson,7.171541690826416
4,melville,892,dickens,6.823942908534297
4,melville,892,melville,6.208161687850952
4,melville,892,wells,6.534785389900208
4,melville,892,austen,6.540742953618367
4,melville,892,fitzgerald,6.857400576273601
4,melville,892,twain,7.087815642356873
4,melville,893,train,3.9553109407424927
4,melville,893,baum,6.773500800132752
4,melville,893,thompson,7.162855625152588
4,melville,893,dickens,6.820727048096834
4,melville,893,melville,6.200836443901062
4,melville,893,wells,6.526281356811523
4,melville,893,austen,6.529577414194743
4,melville,893,fitzgerald,6.845733245213826
4,melville,893,twain,7.083618998527527
4,melville,894,train,3.995359420776367
4,melville,894,baum,6.80735969543457
4,melville,894,thompson,7.190587997436523
4,melville,894,dickens,6.855588012271458
4,melville,894,melville,6.225691246986389
4,melville,894,wells,6.544769644737244
4,melville,894,austen,6.551600694656372
4,melville,894,fitzgerald,6.872693300247192
4,melville,894,twain,7.094526886940002
4,melville,895,train,4.004017740488052
4,melville,895,baum,6.795479893684387
4,melville,895,thompson,7.172865271568298
4,melville,895,dickens,6.8174229904457375
4,melville,895,melville,6.202395987510681
4,melville,895,wells,6.544150471687317
4,melville,895,austen,6.532749176025391
4,melville,895,fitzgerald,6.874083677927653
4,melville,895,twain,7.093874573707581
4,melville,896,train,3.972322463989258
4,melville,896,baum,6.7849448919296265
4,melville,896,thompson,7.168545842170715
4,melville,896,dickens,6.815297303376375
4,melville,896,melville,6.205141639709472
4,melville,896,wells,6.532637596130371
4,melville,896,austen,6.529840548833211
4,melville,896,fitzgerald,6.865825096766154
4,melville,896,twain,7.088854670524597
4,melville,897,train,3.963387787342072
4,melville,897,baum,6.80041778087616
4,melville,897,thompson,7.184518218040466
4,melville,897,dickens,6.84123800418995
4,melville,897,melville,6.216166877746582
4,melville,897,wells,6.547028183937073
4,melville,897,austen,6.550596475601196
4,melville,897,fitzgerald,6.866406440734863
4,melville,897,twain,7.0890896916389465
4,melville,898,train,3.977859377861023
4,melville,898,baum,6.813232183456421
4,melville,898,thompson,7.191440939903259
4,melville,898,dickens,6.846663333751537
4,melville,898,melville,6.22073814868927
4,melville,898,wells,6.552714347839356
4,melville,898,austen,6.547539790471395
4,melville,898,fitzgerald,6.8841062386830645
4,melville,898,twain,7.094141840934753
4,melville,899,train,3.959205538034439
4,melville,899,baum,6.794577240943909
4,melville,899,thompson,7.174782633781433
4,melville,899,dickens,6.821942859225803
4,melville,899,melville,6.2167716264724735
4,melville,899,wells,6.540455341339111
4,melville,899,austen,6.5363796552022295
4,melville,899,fitzgerald,6.865798314412435
4,melville,899,twain,7.091075301170349
4,melville,900,train,3.9720031023025513
4,melville,900,baum,6.803967356681824
4,melville,900,thompson,7.182372212409973
4,melville,900,dickens,6.835193263159858
4,melville,900,melville,6.213134789466858
4,melville,900,wells,6.550408482551575
4,melville,900,austen,6.556495825449626
4,melville,900,fitzgerald,6.869632800420125
4,melville,900,twain,7.098081082105637
4,melville,901,train,3.979405909776688
4,melville,901,baum,6.792867183685303
4,melville,901,thompson,7.176095128059387
4,melville,901,dickens,6.827468324590613
4,melville,901,melville,6.2059894561767575
4,melville,901,wells,6.540975451469421
4,melville,901,austen,6.536764860153198
4,melville,901,fitzgerald,6.860926071802775
4,melville,901,twain,7.076045840978622
4,melville,902,train,3.967550128698349
4,melville,902,baum,6.799258828163147
4,melville,902,thompson,7.178041338920593
4,melville,902,dickens,6.823860274420844
4,melville,902,melville,6.216661667823791
4,melville,902,wells,6.551433205604553
4,melville,902,austen,6.545486609141032
4,melville,902,fitzgerald,6.854156335194905
4,melville,902,twain,7.0980024933815
4,melville,903,train,3.9803954362869263
4,melville,903,baum,6.795953154563904
4,melville,903,thompson,7.179084777832031
4,melville,903,dickens,6.828785048590766
4,melville,903,melville,6.213212943077087
4,melville,903,wells,6.551145434379578
4,melville,903,austen,6.547832250595093
4,melville,903,fitzgerald,6.863650798797607
4,melville,903,twain,7.099277555942535
4,melville,904,train,3.97871932387352
4,melville,904,baum,6.793412804603577
4,melville,904,thompson,7.178117871284485
4,melville,904,dickens,6.829878913031684
4,melville,904,melville,6.218442940711976
4,melville,904,wells,6.541827321052551
4,melville,904,austen,6.541870752970378
4,melville,904,fitzgerald,6.8577061494191485
4,melville,904,twain,7.091857075691223
4,melville,905,train,3.9688703417778015
4,melville,905,baum,6.795615792274475
4,melville,905,thompson,7.173032879829407
4,melville,905,dickens,6.829609676643655
4,melville,905,melville,6.210549640655517
4,melville,905,wells,6.544819235801697
4,melville,905,austen,6.532534758249919
4,melville,905,fitzgerald,6.872998952865601
4,melville,905,twain,7.094671368598938
4,melville,906,train,3.945756256580353
4,melville,906,baum,6.789620995521545
4,melville,906,thompson,7.1707843542099
4,melville,906,dickens,6.820840623643663
4,melville,906,melville,6.212469696998596
4,melville,906,wells,6.533087134361267
4,melville,906,austen,6.5313720703125
4,melville,906,fitzgerald,6.8671120802561445
4,melville,906,twain,7.094258219003677
4,melville,907,train,3.9456246495246887
4,melville,907,baum,6.81781017780304
4,melville,907,thompson,7.197973608970642
4,melville,907,dickens,6.851968094154641
4,melville,907,melville,6.214184379577636
4,melville,907,wells,6.572661876678467
4,melville,907,austen,6.5615917046864825
4,melville,907,fitzgerald,6.884585380554199
4,melville,907,twain,7.110944330692291
4,melville,908,train,3.968008816242218
4,melville,908,baum,6.821877121925354
4,melville,908,thompson,7.202216148376465
4,melville,908,dickens,6.868278220847801
4,melville,908,melville,6.223023438453675
4,melville,908,wells,6.573621869087219
4,melville,908,austen,6.57538112004598
4,melville,908,fitzgerald,6.889175017674764
4,melville,908,twain,7.117595463991165
4,melville,909,train,3.9588298201560974
4,melville,909,baum,6.811963081359863
4,melville,909,thompson,7.192650675773621
4,melville,909,dickens,6.845861576221608
4,melville,909,melville,6.222406959533691
4,melville,909,wells,6.553675055503845
4,melville,909,austen,6.543878714243571
4,melville,909,fitzgerald,6.890873750050862
4,melville,909,twain,7.1108923852443695
4,melville,910,train,3.9499064087867737
4,melville,910,baum,6.814164519309998
4,melville,910,thompson,7.203832745552063
4,melville,910,dickens,6.857210689120823
4,melville,910,melville,6.223061347007752
4,melville,910,wells,6.561124324798584
4,melville,910,austen,6.558253844579061
4,melville,910,fitzgerald,6.882076183954875
4,melville,910,twain,7.115415573120117
4,melville,911,train,3.924871265888214
4,melville,911,baum,6.806894302368164
4,melville,911,thompson,7.19585108757019
4,melville,911,dickens,6.849256444860388
4,melville,911,melville,6.219787359237671
4,melville,911,wells,6.558227181434631
4,melville,911,austen,6.556349436442058
4,melville,911,fitzgerald,6.873604377110799
4,melville,911,twain,7.109006941318512
4,melville,912,train,3.946539729833603
4,melville,912,baum,6.8180036544799805
4,melville,912,thompson,7.206737756729126
4,melville,912,dickens,6.8570256586428044
4,melville,912,melville,6.2260802507400514
4,melville,912,wells,6.572535037994385
4,melville,912,austen,6.571094830830892
4,melville,912,fitzgerald,6.886311610539754
4,melville,912,twain,7.121548980474472
4,melville,913,train,3.941713690757752
4,melville,913,baum,6.803641200065613
4,melville,913,thompson,7.195642828941345
4,melville,913,dickens,6.8436614848949295
4,melville,913,melville,6.224151515960694
4,melville,913,wells,6.552862048149109
4,melville,913,austen,6.549487829208374
4,melville,913,fitzgerald,6.872804482777913
4,melville,913,twain,7.108866065740585
4,melville,914,train,3.941068857908249
4,melville,914,baum,6.811219930648804
4,melville,914,thompson,7.19993531703949
4,melville,914,dickens,6.833921079282407
4,melville,914,melville,6.226294541358948
4,melville,914,wells,6.550613045692444
4,melville,914,austen,6.549022515614827
4,melville,914,fitzgerald,6.890141010284424
4,melville,914,twain,7.1088146567344666
4,melville,915,train,3.931866466999054
4,melville,915,baum,6.819958209991455
4,melville,915,thompson,7.206490039825439
4,melville,915,dickens,6.860837865758826
4,melville,915,melville,6.225762605667114
4,melville,915,wells,6.570753931999207
4,melville,915,austen,6.572523752848308
4,melville,915,fitzgerald,6.899124224980672
4,melville,915,twain,7.116355717182159
4,melville,916,train,3.9610733091831207
4,melville,916,baum,6.823085904121399
4,melville,916,thompson,7.21145236492157
4,melville,916,dickens,6.870105319552952
4,melville,916,melville,6.234556865692139
4,melville,916,wells,6.565394878387451
4,melville,916,austen,6.570961316426595
4,melville,916,fitzgerald,6.888894399007161
4,melville,916,twain,7.116990327835083
4,melville,917,train,3.928823232650757
4,melville,917,baum,6.821352958679199
4,melville,917,thompson,7.202900171279907
4,melville,917,dickens,6.866422105718542
4,melville,917,melville,6.228393411636352
4,melville,917,wells,6.566452622413635
4,melville,917,austen,6.571526447931926
4,melville,917,fitzgerald,6.879948059717814
4,melville,917,twain,7.109708487987518
4,melville,918,train,3.951215922832489
4,melville,918,baum,6.828505992889404
4,melville,918,thompson,7.204817771911621
4,melville,918,dickens,6.856369813283284
4,melville,918,melville,6.231333661079407
4,melville,918,wells,6.566173672676086
4,melville,918,austen,6.57010555267334
4,melville,918,fitzgerald,6.892868041992188
4,melville,918,twain,7.114419132471085
4,melville,919,train,3.942056566476822
4,melville,919,baum,6.825181484222412
4,melville,919,thompson,7.205980539321899
4,melville,919,dickens,6.860737023530183
4,melville,919,melville,6.223494076728821
4,melville,919,wells,6.566728472709656
4,melville,919,austen,6.565295298894246
4,melville,919,fitzgerald,6.901197115580241
4,melville,919,twain,7.115827053785324
4,melville,920,train,3.920126348733902
4,melville,920,baum,6.835707664489746
4,melville,920,thompson,7.215917706489563
4,melville,920,dickens,6.874137383920175
4,melville,920,melville,6.2336818933486935
4,melville,920,wells,6.583130478858948
4,melville,920,austen,6.58486008644104
4,melville,920,fitzgerald,6.892958561579387
4,melville,920,twain,7.125398874282837
4,melville,921,train,3.925384521484375
4,melville,921,baum,6.836996555328369
4,melville,921,thompson,7.222581267356873
4,melville,921,dickens,6.875241668136032
4,melville,921,melville,6.235111165046692
4,melville,921,wells,6.580532431602478
4,melville,921,austen,6.577893495559692
4,melville,921,fitzgerald,6.892337163289388
4,melville,921,twain,7.1304894387722015
4,melville,922,train,3.9363180100917816
4,melville,922,baum,6.834691762924194
4,melville,922,thompson,7.21612811088562
4,melville,922,dickens,6.867723588590269
4,melville,922,melville,6.237596201896667
4,melville,922,wells,6.574850201606751
4,melville,922,austen,6.579814036687215
4,melville,922,fitzgerald,6.898186842600505
4,melville,922,twain,7.123322129249573
4,melville,923,train,3.94647827744484
4,melville,923,baum,6.830155491828919
4,melville,923,thompson,7.214209794998169
4,melville,923,dickens,6.872442192501492
4,melville,923,melville,6.243787956237793
4,melville,923,wells,6.583440065383911
4,melville,923,austen,6.58001693089803
4,melville,923,fitzgerald,6.894739230473836
4,melville,923,twain,7.1314853727817535
4,melville,924,train,3.932209759950638
4,melville,924,baum,6.813214302062988
4,melville,924,thompson,7.20022451877594
4,melville,924,dickens,6.843756764023392
4,melville,924,melville,6.2352703332901
4,melville,924,wells,6.562938809394836
4,melville,924,austen,6.556913137435913
4,melville,924,fitzgerald,6.879743496576945
4,melville,924,twain,7.117488890886307
4,melville,925,train,3.917171835899353
4,melville,925,baum,6.836511492729187
4,melville,925,thompson,7.218335390090942
4,melville,925,dickens,6.869624579394305
4,melville,925,melville,6.237310814857483
4,melville,925,wells,6.570873379707336
4,melville,925,austen,6.571531931559245
4,melville,925,fitzgerald,6.904800335566203
4,melville,925,twain,7.130879729986191
4,melville,926,train,3.9114255607128143
4,melville,926,baum,6.827999591827393
4,melville,926,thompson,7.218097925186157
4,melville,926,dickens,6.8744621983280885
4,melville,926,melville,6.2272072553634645
4,melville,926,wells,6.581182241439819
4,melville,926,austen,6.566401402155559
4,melville,926,fitzgerald,6.895548582077026
4,melville,926,twain,7.135090440511704
4,melville,927,train,3.906462132930756
4,melville,927,baum,6.848366022109985
4,melville,927,thompson,7.226453185081482
4,melville,927,dickens,6.903508804462574
4,melville,927,melville,6.241570663452149
4,melville,927,wells,6.58705747127533
4,melville,927,austen,6.590104500452678
4,melville,927,fitzgerald,6.914506117502849
4,melville,927,twain,7.1358992755413055
4,melville,928,train,3.9414354860782623
4,melville,928,baum,6.846227049827576
4,melville,928,thompson,7.229217052459717
4,melville,928,dickens,6.881516774495442
4,melville,928,melville,6.240342617034912
4,melville,928,wells,6.5876240730285645
4,melville,928,austen,6.585712591807048
4,melville,928,fitzgerald,6.914352575937907
4,melville,928,twain,7.138157069683075
4,melville,929,train,3.924302309751511
4,melville,929,baum,6.835830450057983
4,melville,929,thompson,7.22223699092865
4,melville,929,dickens,6.87459495332506
4,melville,929,melville,6.24601891040802
4,melville,929,wells,6.5850489139556885
4,melville,929,austen,6.581875006357829
4,melville,929,fitzgerald,6.899759848912557
4,melville,929,twain,7.1346548199653625
4,melville,930,train,3.931757926940918
4,melville,930,baum,6.842257618904114
4,melville,930,thompson,7.224647283554077
4,melville,930,dickens,6.879933993021647
4,melville,930,melville,6.243383622169494
4,melville,930,wells,6.586161255836487
4,melville,930,austen,6.586124340693156
4,melville,930,fitzgerald,6.902492125829061
4,melville,930,twain,7.131375879049301
4,melville,931,train,3.947596192359924
4,melville,931,baum,6.834519147872925
4,melville,931,thompson,7.215896487236023
4,melville,931,dickens,6.867596785227458
4,melville,931,melville,6.244421339035034
4,melville,931,wells,6.571958899497986
4,melville,931,austen,6.573252360026042
4,melville,931,fitzgerald,6.908283551534017
4,melville,931,twain,7.13121685385704
4,melville,932,train,3.90509021282196
4,melville,932,baum,6.858617186546326
4,melville,932,thompson,7.244185090065002
4,melville,932,dickens,6.898379396509241
4,melville,932,melville,6.256749057769776
4,melville,932,wells,6.593507051467896
4,melville,932,austen,6.598363955815633
4,melville,932,fitzgerald,6.933995008468628
4,melville,932,twain,7.145278185606003
4,melville,933,train,3.8890808820724487
4,melville,933,baum,6.85921573638916
4,melville,933,thompson,7.252100586891174
4,melville,933,dickens,6.893360102618182
4,melville,933,melville,6.255089402198792
4,melville,933,wells,6.604103446006775
4,melville,933,austen,6.606220245361328
4,melville,933,fitzgerald,6.929636875788371
4,melville,933,twain,7.155118972063065
4,melville,934,train,3.906909614801407
4,melville,934,baum,6.854355931282044
4,melville,934,thompson,7.236592054367065
4,melville,934,dickens,6.893086839605261
4,melville,934,melville,6.245524001121521
4,melville,934,wells,6.604068994522095
4,melville,934,austen,6.602774143218994
4,melville,934,fitzgerald,6.92285943031311
4,melville,934,twain,7.149953305721283
4,melville,935,train,3.904783457517624
4,melville,935,baum,6.849539399147034
4,melville,935,thompson,7.238234519958496
4,melville,935,dickens,6.890409028088605
4,melville,935,melville,6.23970890045166
4,melville,935,wells,6.591914653778076
4,melville,935,austen,6.588608741760254
4,melville,935,fitzgerald,6.921308279037476
4,melville,935,twain,7.146647125482559
4,melville,936,train,3.925728261470794
4,melville,936,baum,6.847178339958191
4,melville,936,thompson,7.243845343589783
4,melville,936,dickens,6.884368772859927
4,melville,936,melville,6.253611469268799
4,melville,936,wells,6.600021958351135
4,melville,936,austen,6.591051816940308
4,melville,936,fitzgerald,6.9066126346588135
4,melville,936,twain,7.154553651809692
4,melville,937,train,3.8642495572566986
4,melville,937,baum,6.864079117774963
4,melville,937,thompson,7.253236651420593
4,melville,937,dickens,6.888060304853651
4,melville,937,melville,6.254708409309387
4,melville,937,wells,6.600899457931519
4,melville,937,austen,6.603209972381592
4,melville,937,fitzgerald,6.923399766286214
4,melville,937,twain,7.158358007669449
4,melville,938,train,3.9043319523334494
4,melville,938,baum,6.864980101585388
4,melville,938,thompson,7.247186660766602
4,melville,938,dickens,6.890872407842566
4,melville,938,melville,6.24590835571289
4,melville,938,wells,6.6023536920547485
4,melville,938,austen,6.600296815236409
4,melville,938,fitzgerald,6.935722668965657
4,melville,938,twain,7.15283265709877
4,melville,939,train,3.882943719625473
4,melville,939,baum,6.851412653923035
4,melville,939,thompson,7.240435838699341
4,melville,939,dickens,6.89432755223027
4,melville,939,melville,6.246625781059265
4,melville,939,wells,6.590898275375366
4,melville,939,austen,6.591705878575643
4,melville,939,fitzgerald,6.925546169281006
4,melville,939,twain,7.146162033081055
4,melville,940,train,3.90232253074646
4,melville,940,baum,6.84946596622467
4,melville,940,thompson,7.24206006526947
4,melville,940,dickens,6.894929620954725
4,melville,940,melville,6.254979014396668
4,melville,940,wells,6.5983487367630005
4,melville,940,austen,6.604072729746501
4,melville,940,fitzgerald,6.915448268254598
4,melville,940,twain,7.156477302312851
4,melville,941,train,3.894891858100891
4,melville,941,baum,6.83346951007843
4,melville,941,thompson,7.231289982795715
4,melville,941,dickens,6.872685043900101
4,melville,941,melville,6.2450885534286495
4,melville,941,wells,6.583208918571472
4,melville,941,austen,6.583048661549886
4,melville,941,fitzgerald,6.90184760093689
4,melville,941,twain,7.148090749979019
4,melville,942,train,3.879661589860916
4,melville,942,baum,6.869055390357971
4,melville,942,thompson,7.256010055541992
4,melville,942,dickens,6.906570681819209
4,melville,942,melville,6.265382862091064
4,melville,942,wells,6.6010823249816895
4,melville,942,austen,6.615089019139608
4,melville,942,fitzgerald,6.930534839630127
4,melville,942,twain,7.16308718919754
4,melville,943,train,3.887339174747467
4,melville,943,baum,6.870079636573792
4,melville,943,thompson,7.256620168685913
4,melville,943,dickens,6.905206397727683
4,melville,943,melville,6.260693478584289
4,melville,943,wells,6.610375761985779
4,melville,943,austen,6.608251571655273
4,melville,943,fitzgerald,6.934769471486409
4,melville,943,twain,7.163567245006561
4,melville,944,train,3.878955513238907
4,melville,944,baum,6.861910700798035
4,melville,944,thompson,7.238793611526489
4,melville,944,dickens,6.906063839241311
4,melville,944,melville,6.253578686714173
4,melville,944,wells,6.599825143814087
4,melville,944,austen,6.601064523061116
4,melville,944,fitzgerald,6.916667302449544
4,melville,944,twain,7.156625181436539
4,melville,945,train,3.90244534611702
4,melville,945,baum,6.862645030021668
4,melville,945,thompson,7.249600052833557
4,melville,945,dickens,6.902739524841309
4,melville,945,melville,6.252787089347839
4,melville,945,wells,6.594599366188049
4,melville,945,austen,6.600997050603231
4,melville,945,fitzgerald,6.943771998087565
4,melville,945,twain,7.156154543161392
4,melville,946,train,3.8952996134758
4,melville,946,baum,6.875479221343994
4,melville,946,thompson,7.25381875038147
4,melville,946,dickens,6.9261140470151545
4,melville,946,melville,6.256056642532348
4,melville,946,wells,6.609211683273315
4,melville,946,austen,6.614919980367024
4,melville,946,fitzgerald,6.939846992492676
4,melville,946,twain,7.161092966794968
4,melville,947,train,3.900571793317795
4,melville,947,baum,6.865190267562866
4,melville,947,thompson,7.255220174789429
4,melville,947,dickens,6.906376644417092
4,melville,947,melville,6.260375928878784
4,melville,947,wells,6.609226107597351
4,melville,947,austen,6.6086532274882
4,melville,947,fitzgerald,6.938566366831462
4,melville,947,twain,7.166813492774963
4,melville,948,train,3.905241519212723
4,melville,948,baum,6.885956764221191
4,melville,948,thompson,7.270353555679321
4,melville,948,dickens,6.92069133122762
4,melville,948,melville,6.275687742233276
4,melville,948,wells,6.614112496376038
4,melville,948,austen,6.616946617762248
4,melville,948,fitzgerald,6.957344929377238
4,melville,948,twain,7.1672079265117645
4,melville,949,train,3.8765600621700287
4,melville,949,baum,6.87500786781311
4,melville,949,thompson,7.264165878295898
4,melville,949,dickens,6.928312955079256
4,melville,949,melville,6.263272094726562
4,melville,949,wells,6.610483407974243
4,melville,949,austen,6.611752271652222
4,melville,949,fitzgerald,6.943674405415853
4,melville,949,twain,7.169018417596817
4,melville,950,train,3.8701076805591583
4,melville,950,baum,6.873083829879761
4,melville,950,thompson,7.254481196403503
4,melville,950,dickens,6.910304564016837
4,melville,950,melville,6.25954041481018
4,melville,950,wells,6.610110282897949
4,melville,950,austen,6.609673579533895
4,melville,950,fitzgerald,6.930419286092122
4,melville,950,twain,7.164662569761276
4,melville,951,train,3.8520454466342926
4,melville,951,baum,6.883310914039612
4,melville,951,thompson,7.26490306854248
4,melville,951,dickens,6.920134385426839
4,melville,951,melville,6.2601179599761965
4,melville,951,wells,6.6097859144210815
4,melville,951,austen,6.621898651123047
4,melville,951,fitzgerald,6.946613152821858
4,melville,951,twain,7.167539089918137
4,melville,952,train,3.865301162004471
4,melville,952,baum,6.904551982879639
4,melville,952,thompson,7.284639239311218
4,melville,952,dickens,6.926261089466236
4,melville,952,melville,6.277045202255249
4,melville,952,wells,6.631487488746643
4,melville,952,austen,6.618020852406819
4,melville,952,fitzgerald,6.980758746465047
4,melville,952,twain,7.174906879663467
4,melville,953,train,3.8582391142845154
4,melville,953,baum,6.884487867355347
4,melville,953,thompson,7.270747065544128
4,melville,953,dickens,6.908374627431233
4,melville,953,melville,6.276431655883789
4,melville,953,wells,6.619159936904907
4,melville,953,austen,6.617573022842407
4,melville,953,fitzgerald,6.961377859115601
4,melville,953,twain,7.176417171955109
4,melville,954,train,3.8721014261245728
4,melville,954,baum,6.871287703514099
4,melville,954,thompson,7.260133862495422
4,melville,954,dickens,6.899949638931839
4,melville,954,melville,6.257312989234924
4,melville,954,wells,6.610755205154419
4,melville,954,austen,6.600213766098023
4,melville,954,fitzgerald,6.944057941436768
4,melville,954,twain,7.167509138584137
4,melville,955,train,3.869013279676437
4,melville,955,baum,6.879635572433472
4,melville,955,thompson,7.272118210792541
4,melville,955,dickens,6.926697448447898
4,melville,955,melville,6.269979786872864
4,melville,955,wells,6.612131834030151
4,melville,955,austen,6.617404063542684
4,melville,955,fitzgerald,6.9536863168080645
4,melville,955,twain,7.172865390777588
4,melville,956,train,3.86441707611084
4,melville,956,baum,6.886510491371155
4,melville,956,thompson,7.271434664726257
4,melville,956,dickens,6.935263351157859
4,melville,956,melville,6.273969984054565
4,melville,956,wells,6.611010670661926
4,melville,956,austen,6.619339942932129
4,melville,956,fitzgerald,6.950597922007243
4,melville,956,twain,7.174680829048157
4,melville,957,train,3.863802582025528
4,melville,957,baum,6.895982623100281
4,melville,957,thompson,7.272247672080994
4,melville,957,dickens,6.921168097743282
4,melville,957,melville,6.278915023803711
4,melville,957,wells,6.617660999298096
4,melville,957,austen,6.62179168065389
4,melville,957,fitzgerald,6.951140403747559
4,melville,957,twain,7.179345190525055
4,melville,958,train,3.88783398270607
4,melville,958,baum,6.88214647769928
4,melville,958,thompson,7.263813614845276
4,melville,958,dickens,6.906309410377785
4,melville,958,melville,6.2736293315887455
4,melville,958,wells,6.61218786239624
4,melville,958,austen,6.610430876413981
4,melville,958,fitzgerald,6.942344983418782
4,melville,958,twain,7.170622766017914
4,melville,959,train,3.8849826753139496
4,melville,959,baum,6.888718843460083
4,melville,959,thompson,7.274991154670715
4,melville,959,dickens,6.9202097963403775
4,melville,959,melville,6.277363276481628
4,melville,959,wells,6.612974286079407
4,melville,959,austen,6.623399337132772
4,melville,959,fitzgerald,6.956453084945679
4,melville,959,twain,7.180936127901077
4,melville,960,train,3.874939113855362
4,melville,960,baum,6.897128939628601
4,melville,960,thompson,7.284220457077026
4,melville,960,dickens,6.9381654704058615
4,melville,960,melville,6.28517906665802
4,melville,960,wells,6.63188111782074
4,melville,960,austen,6.630955696105957
4,melville,960,fitzgerald,6.973116874694824
4,melville,960,twain,7.191212207078934
4,melville,961,train,3.830390840768814
4,melville,961,baum,6.884537220001221
4,melville,961,thompson,7.277257204055786
4,melville,961,dickens,6.923503186967638
4,melville,961,melville,6.27399001121521
4,melville,961,wells,6.618095397949219
4,melville,961,austen,6.622485796610515
4,melville,961,fitzgerald,6.960392793019612
4,melville,961,twain,7.186842978000641
4,melville,962,train,3.838231176137924
4,melville,962,baum,6.913246035575867
4,melville,962,thompson,7.290856122970581
4,melville,962,dickens,6.93198479546441
4,melville,962,melville,6.283562326431275
4,melville,962,wells,6.638900995254517
4,melville,962,austen,6.638678550720215
4,melville,962,fitzgerald,7.017783880233765
4,melville,962,twain,7.193241566419601
4,melville,963,train,3.83417347073555
4,melville,963,baum,6.90608823299408
4,melville,963,thompson,7.287861227989197
4,melville,963,dickens,6.938546180725098
4,melville,963,melville,6.278646922111511
4,melville,963,wells,6.641179084777832
4,melville,963,austen,6.632678349812825
4,melville,963,fitzgerald,6.994881470998128
4,melville,963,twain,7.188019394874573
4,melville,964,train,3.854964286088944
4,melville,964,baum,6.9028308391571045
4,melville,964,thompson,7.283374786376953
4,melville,964,dickens,6.935617270293059
4,melville,964,melville,6.283556008338929
4,melville,964,wells,6.64052939414978
4,melville,964,austen,6.630674441655477
4,melville,964,fitzgerald,6.968401749928792
4,melville,964,twain,7.19068855047226
4,melville,965,train,3.852375209331513
4,melville,965,baum,6.8946791887283325
4,melville,965,thompson,7.278369069099426
4,melville,965,dickens,6.935337596469456
4,melville,965,melville,6.278128266334534
4,melville,965,wells,6.6326664686203
4,melville,965,austen,6.626802444458008
4,melville,965,fitzgerald,6.96806788444519
4,melville,965,twain,7.194831550121307
4,melville,966,train,3.829486876726152
4,melville,966,baum,6.899767875671387
4,melville,966,thompson,7.289519190788269
4,melville,966,dickens,6.925841154875578
4,melville,966,melville,6.282691931724548
4,melville,966,wells,6.63093888759613
4,melville,966,austen,6.640168269475301
4,melville,966,fitzgerald,6.960424184799194
4,melville,966,twain,7.199218213558197
4,melville,967,train,3.824287384748459
4,melville,967,baum,6.908049702644348
4,melville,967,thompson,7.294475317001343
4,melville,967,dickens,6.9427622865747525
4,melville,967,melville,6.289429688453675
4,melville,967,wells,6.646899223327637
4,melville,967,austen,6.643239339192708
4,melville,967,fitzgerald,6.972886164983113
4,melville,967,twain,7.198209375143051
4,melville,968,train,3.8332343697547913
4,melville,968,baum,6.922590017318726
4,melville,968,thompson,7.307038426399231
4,melville,968,dickens,6.9603577896400735
4,melville,968,melville,6.303226089477539
4,melville,968,wells,6.65073823928833
4,melville,968,austen,6.653960943222046
4,melville,968,fitzgerald,6.979489962259929
4,melville,968,twain,7.212004005908966
4,melville,969,train,3.86306631565094
4,melville,969,baum,6.908239960670471
4,melville,969,thompson,7.289637804031372
4,melville,969,dickens,6.935574054718018
4,melville,969,melville,6.289130806922913
4,melville,969,wells,6.623977780342102
4,melville,969,austen,6.63884425163269
4,melville,969,fitzgerald,6.971076250076294
4,melville,969,twain,7.193030744791031
4,melville,970,train,3.8428737223148346
4,melville,970,baum,6.906926512718201
4,melville,970,thompson,7.288981556892395
4,melville,970,dickens,6.937413904401991
4,melville,970,melville,6.281633400917054
4,melville,970,wells,6.641776204109192
4,melville,970,austen,6.638053973515828
4,melville,970,fitzgerald,6.969882806142171
4,melville,970,twain,7.204743206501007
4,melville,971,train,3.854418784379959
4,melville,971,baum,6.912031292915344
4,melville,971,thompson,7.298295021057129
4,melville,971,dickens,6.927167203691271
4,melville,971,melville,6.276059317588806
4,melville,971,wells,6.642516851425171
4,melville,971,austen,6.6443939208984375
4,melville,971,fitzgerald,6.989193121592204
4,melville,971,twain,7.2099021673202515
4,melville,972,train,3.8299619257450095
4,melville,972,baum,6.934454441070557
4,melville,972,thompson,7.31391453742981
4,melville,972,dickens,6.968713389502631
4,melville,972,melville,6.293164014816284
4,melville,972,wells,6.662724852561951
4,melville,972,austen,6.669950485229492
4,melville,972,fitzgerald,6.992460489273071
4,melville,972,twain,7.212765842676163
4,melville,973,train,3.815240412950516
4,melville,973,baum,6.929941892623901
4,melville,973,thompson,7.319738268852234
4,melville,973,dickens,6.970014201270209
4,melville,973,melville,6.299527502059936
4,melville,973,wells,6.661926984786987
4,melville,973,austen,6.678921778996785
4,melville,973,fitzgerald,6.990281740824382
4,melville,973,twain,7.22828871011734
4,melville,974,train,3.835439622402191
4,melville,974,baum,6.921278715133667
4,melville,974,thompson,7.294082522392273
4,melville,974,dickens,6.950479136572944
4,melville,974,melville,6.291294455528259
4,melville,974,wells,6.645187377929688
4,melville,974,austen,6.653338193893433
4,melville,974,fitzgerald,6.9935249487559
4,melville,974,twain,7.205038845539093
4,melville,975,train,3.8318088352680206
4,melville,975,baum,6.905300498008728
4,melville,975,thompson,7.298200845718384
4,melville,975,dickens,6.950195082911739
4,melville,975,melville,6.280601644515992
4,melville,975,wells,6.651529788970947
4,melville,975,austen,6.65789794921875
4,melville,975,fitzgerald,6.982942581176758
4,melville,975,twain,7.211525619029999
4,melville,976,train,3.8498879969120026
4,melville,976,baum,6.908151030540466
4,melville,976,thompson,7.295148015022278
4,melville,976,dickens,6.962989736486365
4,melville,976,melville,6.290408062934875
4,melville,976,wells,6.652361869812012
4,melville,976,austen,6.656737009684245
4,melville,976,fitzgerald,6.968872308731079
4,melville,976,twain,7.2057793736457825
4,melville,977,train,3.8023549020290375
4,melville,977,baum,6.934098124504089
4,melville,977,thompson,7.3083800077438354
4,melville,977,dickens,6.98482628221865
4,melville,977,melville,6.303047347068786
4,melville,977,wells,6.659897923469544
4,melville,977,austen,6.65976619720459
4,melville,977,fitzgerald,7.000138759613037
4,melville,977,twain,7.211225062608719
4,melville,978,train,3.796235114336014
4,melville,978,baum,6.921103000640869
4,melville,978,thompson,7.307661533355713
4,melville,978,dickens,6.975571173208731
4,melville,978,melville,6.288798093795776
4,melville,978,wells,6.661288499832153
4,melville,978,austen,6.658421039581299
4,melville,978,fitzgerald,6.994129101435344
4,melville,978,twain,7.207659155130386
4,melville,979,train,3.8047167360782623
4,melville,979,baum,6.917611718177795
4,melville,979,thompson,7.297487258911133
4,melville,979,dickens,6.954348776075575
4,melville,979,melville,6.282716107368469
4,melville,979,wells,6.653953433036804
4,melville,979,austen,6.656875054041545
4,melville,979,fitzgerald,6.984444538752238
4,melville,979,twain,7.211123049259186
4,melville,980,train,3.825500935316086
4,melville,980,baum,6.916325330734253
4,melville,980,thompson,7.302414298057556
4,melville,980,dickens,6.956622159039533
4,melville,980,melville,6.292956876754761
4,melville,980,wells,6.64425539970398
4,melville,980,austen,6.646849632263184
4,melville,980,fitzgerald,6.982002894083659
4,melville,980,twain,7.210189670324326
4,melville,981,train,3.838108628988266
4,melville,981,baum,6.936989188194275
4,melville,981,thompson,7.318627238273621
4,melville,981,dickens,6.969167161870886
4,melville,981,melville,6.300041723251343
4,melville,981,wells,6.661008238792419
4,melville,981,austen,6.666362921396892
4,melville,981,fitzgerald,6.991187890370687
4,melville,981,twain,7.220848917961121
4,melville,982,train,3.8298110365867615
4,melville,982,baum,6.911690354347229
4,melville,982,thompson,7.289040684700012
4,melville,982,dickens,6.940816084543864
4,melville,982,melville,6.27982919216156
4,melville,982,wells,6.658459544181824
4,melville,982,austen,6.646711587905884
4,melville,982,fitzgerald,6.982846180597941
4,melville,982,twain,7.211766719818115
4,melville,983,train,3.818581908941269
4,melville,983,baum,6.933948636054993
4,melville,983,thompson,7.312081694602966
4,melville,983,dickens,6.980847199757894
4,melville,983,melville,6.290838241577148
4,melville,983,wells,6.669994950294495
4,melville,983,austen,6.681029240290324
4,melville,983,fitzgerald,6.991903225580852
4,melville,983,twain,7.219597220420837
4,melville,984,train,3.798792779445648
4,melville,984,baum,6.919793009757996
4,melville,984,thompson,7.3030513525009155
4,melville,984,dickens,6.972412338963261
4,melville,984,melville,6.289745235443116
4,melville,984,wells,6.661573767662048
4,melville,984,austen,6.661800940831502
4,melville,984,fitzgerald,6.9965751965840655
4,melville,984,twain,7.2171266078948975
4,melville,985,train,3.8015891015529633
4,melville,985,baum,6.9297343492507935
4,melville,985,thompson,7.316363453865051
4,melville,985,dickens,6.969863202836779
4,melville,985,melville,6.288437557220459
4,melville,985,wells,6.669380784034729
4,melville,985,austen,6.666654984156291
4,melville,985,fitzgerald,7.008890946706136
4,melville,985,twain,7.223698854446411
4,melville,986,train,3.79377219080925
4,melville,986,baum,6.92868173122406
4,melville,986,thompson,7.310397148132324
4,melville,986,dickens,6.975617249806722
4,melville,986,melville,6.2876873254776005
4,melville,986,wells,6.665596961975098
4,melville,986,austen,6.659316460291545
4,melville,986,fitzgerald,6.998138904571533
4,melville,986,twain,7.217237949371338
4,melville,987,train,3.8060863316059113
4,melville,987,baum,6.924217700958252
4,melville,987,thompson,7.305646419525146
4,melville,987,dickens,6.964480770958795
4,melville,987,melville,6.300708842277527
4,melville,987,wells,6.662703394889832
4,melville,987,austen,6.66321047147115
4,melville,987,fitzgerald,6.991165399551392
4,melville,987,twain,7.2167001366615295
4,melville,988,train,3.8258910477161407
4,melville,988,baum,6.925212383270264
4,melville,988,thompson,7.312658905982971
4,melville,988,dickens,6.978871416162561
4,melville,988,melville,6.292080593109131
4,melville,988,wells,6.670870900154114
4,melville,988,austen,6.666408856709798
4,melville,988,fitzgerald,7.002524058024089
4,melville,988,twain,7.220288187265396
4,melville,989,train,3.802402347326279
4,melville,989,baum,6.940497875213623
4,melville,989,thompson,7.329274177551269
4,melville,989,dickens,6.996940913023772
4,melville,989,melville,6.31149206161499
4,melville,989,wells,6.6871258020401
4,melville,989,austen,6.692967812220256
4,melville,989,fitzgerald,7.010058720906575
4,melville,989,twain,7.236029118299484
4,melville,990,train,3.782492816448212
4,melville,990,baum,6.937810063362122
4,melville,990,thompson,7.317640662193298
4,melville,990,dickens,6.968803193834093
4,melville,990,melville,6.3032104015350345
4,melville,990,wells,6.674102187156677
4,melville,990,austen,6.665213902791341
4,melville,990,fitzgerald,7.018210887908936
4,melville,990,twain,7.2371507585048676
4,melville,991,train,3.79263499379158
4,melville,991,baum,6.943556189537048
4,melville,991,thompson,7.326069712638855
4,melville,991,dickens,6.974755322491681
4,melville,991,melville,6.298938536643982
4,melville,991,wells,6.666509389877319
4,melville,991,austen,6.679566542307536
4,melville,991,fitzgerald,7.019830067952474
4,melville,991,twain,7.232234448194504
4,melville,992,train,3.78597354888916
4,melville,992,baum,6.941669344902039
4,melville,992,thompson,7.331136465072632
4,melville,992,dickens,6.97452645831638
4,melville,992,melville,6.303802585601806
4,melville,992,wells,6.682048797607422
4,melville,992,austen,6.688478072484334
4,melville,992,fitzgerald,7.003244638442993
4,melville,992,twain,7.2423562705516815
4,melville,993,train,3.7933771908283234
4,melville,993,baum,6.934311985969544
4,melville,993,thompson,7.338448762893677
4,melville,993,dickens,6.9802404509650335
4,melville,993,melville,6.3019003629684445
4,melville,993,wells,6.689058542251587
4,melville,993,austen,6.689721504847209
4,melville,993,fitzgerald,7.014484802881877
4,melville,993,twain,7.242809146642685
4,melville,994,train,3.792947679758072
4,melville,994,baum,6.937304139137268
4,melville,994,thompson,7.325594782829285
4,melville,994,dickens,6.9817723698086205
4,melville,994,melville,6.2910155057907104
4,melville,994,wells,6.685868740081787
4,melville,994,austen,6.681030750274658
4,melville,994,fitzgerald,7.022015015284221
4,melville,994,twain,7.233560472726822
4,melville,995,train,3.796253204345703
4,melville,995,baum,6.945778250694275
4,melville,995,thompson,7.331585049629211
4,melville,995,dickens,6.985689145547372
4,melville,995,melville,6.299241590499878
4,melville,995,wells,6.6886146068573
4,melville,995,austen,6.694009939829509
4,melville,995,fitzgerald,7.023861805597941
4,melville,995,twain,7.248702049255371
4,melville,996,train,3.799789607524872
4,melville,996,baum,6.930623173713684
4,melville,996,thompson,7.314688086509705
4,melville,996,dickens,6.960173235999213
4,melville,996,melville,6.2924864292144775
4,melville,996,wells,6.677931427955627
4,melville,996,austen,6.663817882537842
4,melville,996,fitzgerald,7.009672244389852
4,melville,996,twain,7.231899499893188
4,melville,997,train,3.784047305583954
4,melville,997,baum,6.934950590133667
4,melville,997,thompson,7.329054951667786
4,melville,997,dickens,6.986561792868155
4,melville,997,melville,6.307265138626098
4,melville,997,wells,6.6835209131240845
4,melville,997,austen,6.681770960489909
4,melville,997,fitzgerald,6.9988861083984375
4,melville,997,twain,7.236312091350555
4,melville,998,train,3.832245290279389
4,melville,998,baum,6.953591465950012
4,melville,998,thompson,7.342041015625
4,melville,998,dickens,6.987980312771267
4,melville,998,melville,6.324121499061585
4,melville,998,wells,6.679396629333496
4,melville,998,austen,6.690356890360515
4,melville,998,fitzgerald,7.021401484807332
4,melville,998,twain,7.243023216724396
4,melville,999,train,3.771217882633209
4,melville,999,baum,6.972802519798279
4,melville,999,thompson,7.35296893119812
4,melville,999,dickens,7.021474785274929
4,melville,999,melville,6.323517251014709
4,melville,999,wells,6.7029783725738525
4,melville,999,austen,6.713397741317749
4,melville,999,fitzgerald,7.042892773946126
4,melville,999,twain,7.258980244398117
4,melville,1000,train,3.774509817361832
4,melville,1000,baum,6.94835352897644
4,melville,1000,thompson,7.336435556411743
4,melville,1000,dickens,6.991889635721843
4,melville,1000,melville,6.306720304489136
4,melville,1000,wells,6.6885316371917725
4,melville,1000,austen,6.692273537317912
4,melville,1000,fitzgerald,7.0190151532491045
4,melville,1000,twain,7.249263674020767
4,melville,1001,train,3.781586259603501
4,melville,1001,baum,6.942663908004761
4,melville,1001,thompson,7.336211681365967
4,melville,1001,dickens,6.992660310533312
4,melville,1001,melville,6.3054896831512455
4,melville,1001,wells,6.692886352539063
4,melville,1001,austen,6.687307516733806
4,melville,1001,fitzgerald,7.023946444193522
4,melville,1001,twain,7.2461956441402435
4,melville,1002,train,3.7717267274856567
4,melville,1002,baum,6.949904084205627
4,melville,1002,thompson,7.338973999023437
4,melville,1002,dickens,6.997495103765417
4,melville,1002,melville,6.312618708610534
4,melville,1002,wells,6.701431393623352
4,melville,1002,austen,6.702921311060588
4,melville,1002,fitzgerald,7.006205876668294
4,melville,1002,twain,7.249788880348206
4,melville,1003,train,3.7850248217582703
4,melville,1003,baum,6.947823166847229
4,melville,1003,thompson,7.334873676300049
4,melville,1003,dickens,6.988322346298783
4,melville,1003,melville,6.306655550003052
4,melville,1003,wells,6.679357528686523
4,melville,1003,austen,6.6864064534505205
4,melville,1003,fitzgerald,7.024097204208374
4,melville,1003,twain,7.235925853252411
4,melville,1004,train,3.774261385202408
4,melville,1004,baum,6.9535768032073975
4,melville,1004,thompson,7.348695158958435
4,melville,1004,dickens,6.996982150607639
4,melville,1004,melville,6.311549162864685
4,melville,1004,wells,6.693852066993713
4,melville,1004,austen,6.682393312454224
4,melville,1004,fitzgerald,7.039083798726399
4,melville,1004,twain,7.248542547225952
4,melville,1005,train,3.7661938965320574
4,melville,1005,baum,6.949299573898315
4,melville,1005,thompson,7.338014841079712
4,melville,1005,dickens,7.011410713195801
4,melville,1005,melville,6.312533855438232
4,melville,1005,wells,6.7008233070373535
4,melville,1005,austen,6.706018765767415
4,melville,1005,fitzgerald,7.025911410649617
4,melville,1005,twain,7.254638075828552
4,melville,1006,train,3.7224582731723785
4,melville,1006,baum,6.960242390632629
4,melville,1006,thompson,7.346062779426575
4,melville,1006,dickens,7.015718548386185
4,melville,1006,melville,6.3197273969650265
4,melville,1006,wells,6.700663566589356
4,melville,1006,austen,6.702688296635945
4,melville,1006,fitzgerald,7.036519686381022
4,melville,1006,twain,7.252459019422531
4,melville,1007,train,3.7774713933467865
4,melville,1007,baum,6.955018877983093
4,melville,1007,thompson,7.339891791343689
4,melville,1007,dickens,7.002757761213514
4,melville,1007,melville,6.307386350631714
4,melville,1007,wells,6.696002840995789
4,melville,1007,austen,6.691406567891439
4,melville,1007,fitzgerald,7.022928555806478
4,melville,1007,twain,7.24353551864624
4,melville,1008,train,3.7664539217948914
4,melville,1008,baum,6.974528670310974
4,melville,1008,thompson,7.359283208847046
4,melville,1008,dickens,7.021111788573088
4,melville,1008,melville,6.323097395896911
4,melville,1008,wells,6.707777500152588
4,melville,1008,austen,6.715773264567058
4,melville,1008,fitzgerald,7.042632897694905
4,melville,1008,twain,7.267870515584946
4,melville,1009,train,3.767271459102631
4,melville,1009,baum,6.980686783790588
4,melville,1009,thompson,7.356543660163879
4,melville,1009,dickens,7.026889977631746
4,melville,1009,melville,6.328309464454651
4,melville,1009,wells,6.711307168006897
4,melville,1009,austen,6.719180583953857
4,melville,1009,fitzgerald,7.055635054906209
4,melville,1009,twain,7.2612859308719635
4,melville,1010,train,3.744684875011444
4,melville,1010,baum,6.967445731163025
4,melville,1010,thompson,7.362297892570496
4,melville,1010,dickens,7.011875435158059
4,melville,1010,melville,6.325556683540344
4,melville,1010,wells,6.69570004940033
4,melville,1010,austen,6.697113672892253
4,melville,1010,fitzgerald,7.058062156041463
4,melville,1010,twain,7.253942757844925
4,melville,1011,train,3.758556753396988
4,melville,1011,baum,6.978147625923157
4,melville,1011,thompson,7.368166446685791
4,melville,1011,dickens,7.031556994826706
4,melville,1011,melville,6.334273457527161
4,melville,1011,wells,6.71697723865509
4,melville,1011,austen,6.721432129542033
4,melville,1011,fitzgerald,7.030410369237264
4,melville,1011,twain,7.274462282657623
4,melville,1012,train,3.750547468662262
4,melville,1012,baum,6.962136745452881
4,melville,1012,thompson,7.353735685348511
4,melville,1012,dickens,7.009872383541531
4,melville,1012,melville,6.3268714427948
4,melville,1012,wells,6.710894703865051
4,melville,1012,austen,6.700655619303386
4,melville,1012,fitzgerald,7.029882907867432
4,melville,1012,twain,7.266089588403702
4,melville,1013,train,3.749732404947281
4,melville,1013,baum,6.971100330352783
4,melville,1013,thompson,7.353016376495361
4,melville,1013,dickens,7.016633033752441
4,melville,1013,melville,6.319974946975708
4,melville,1013,wells,6.710405111312866
4,melville,1013,austen,6.712993780771892
4,melville,1013,fitzgerald,7.038185914357503
4,melville,1013,twain,7.260689735412598
4,melville,1014,train,3.7432573437690735
4,melville,1014,baum,6.985988736152649
4,melville,1014,thompson,7.368767142295837
4,melville,1014,dickens,7.035419570075141
4,melville,1014,melville,6.3333958148956295
4,melville,1014,wells,6.71891450881958
4,melville,1014,austen,6.725225369135539
4,melville,1014,fitzgerald,7.0485977331797285
4,melville,1014,twain,7.279278546571732
4,melville,1015,train,3.732246786355972
4,melville,1015,baum,6.980970501899719
4,melville,1015,thompson,7.378267407417297
4,melville,1015,dickens,7.025788342511213
4,melville,1015,melville,6.336053919792176
4,melville,1015,wells,6.720002293586731
4,melville,1015,austen,6.721767028172811
4,melville,1015,fitzgerald,7.043867588043213
4,melville,1015,twain,7.276792615652084
4,melville,1016,train,3.761254221200943
4,melville,1016,baum,6.9925267696380615
4,melville,1016,thompson,7.37107515335083
4,melville,1016,dickens,7.047109762827556
4,melville,1016,melville,6.332168388366699
4,melville,1016,wells,6.727483868598938
4,melville,1016,austen,6.738147258758545
4,melville,1016,fitzgerald,7.055841684341431
4,melville,1016,twain,7.27626171708107
4,melville,1017,train,3.745533049106598
4,melville,1017,baum,6.99072539806366
4,melville,1017,thompson,7.374559760093689
4,melville,1017,dickens,7.03153853946262
4,melville,1017,melville,6.329767107963562
4,melville,1017,wells,6.718713641166687
4,melville,1017,austen,6.723032474517822
4,melville,1017,fitzgerald,7.074459870656331
4,melville,1017,twain,7.268743574619293
4,melville,1018,train,3.746865153312683
4,melville,1018,baum,6.999749302864075
4,melville,1018,thompson,7.385688066482544
4,melville,1018,dickens,7.039263213122332
4,melville,1018,melville,6.339675664901733
4,melville,1018,wells,6.716484785079956
4,melville,1018,austen,6.719951391220093
4,melville,1018,fitzgerald,7.088637193044026
4,melville,1018,twain,7.280950009822845
4,melville,1019,train,3.71467599272728
4,melville,1019,baum,7.003978371620178
4,melville,1019,thompson,7.387675642967224
4,melville,1019,dickens,7.03951989279853
4,melville,1019,melville,6.34625027179718
4,melville,1019,wells,6.731039047241211
4,melville,1019,austen,6.732824881871541
4,melville,1019,fitzgerald,7.067173798878987
4,melville,1019,twain,7.2817937433719635
4,melville,1020,train,3.735545843839645
4,melville,1020,baum,6.982964992523193
4,melville,1020,thompson,7.37044370174408
4,melville,1020,dickens,7.022611688684534
4,melville,1020,melville,6.3313836574554445
4,melville,1020,wells,6.729301810264587
4,melville,1020,austen,6.732239325841268
4,melville,1020,fitzgerald,7.058858871459961
4,melville,1020,twain,7.286191642284393
4,melville,1021,train,3.746452271938324
4,melville,1021,baum,6.994548559188843
4,melville,1021,thompson,7.378295302391052
4,melville,1021,dickens,7.03140910466512
4,melville,1021,melville,6.336504149436951
4,melville,1021,wells,6.725783228874207
4,melville,1021,austen,6.724652449289958
4,melville,1021,fitzgerald,7.0629158814748125
4,melville,1021,twain,7.276862680912018
4,melville,1022,train,3.737452119588852
4,melville,1022,baum,6.983355641365051
4,melville,1022,thompson,7.379168152809143
4,melville,1022,dickens,7.033075986085115
4,melville,1022,melville,6.330141925811768
4,melville,1022,wells,6.725165843963623
4,melville,1022,austen,6.730071385701497
4,melville,1022,fitzgerald,7.062388896942139
4,melville,1022,twain,7.285376995801926
4,melville,1023,train,3.7595936357975006
4,melville,1023,baum,7.005691409111023
4,melville,1023,thompson,7.390278339385986
4,melville,1023,dickens,7.045613924662272
4,melville,1023,melville,6.34058632850647
4,melville,1023,wells,6.735465049743652
4,melville,1023,austen,6.734392801920573
4,melville,1023,fitzgerald,7.064549684524536
4,melville,1023,twain,7.285608500242233
4,melville,1024,train,3.732268899679184
4,melville,1024,baum,7.012386322021484
4,melville,1024,thompson,7.397230625152588
4,melville,1024,dickens,7.063618395063612
4,melville,1024,melville,6.347561502456665
4,melville,1024,wells,6.740231513977051
4,melville,1024,austen,6.747870842615764
4,melville,1024,fitzgerald,7.068458954493205
4,melville,1024,twain,7.295145958662033
4,melville,1025,train,3.741574704647064
4,melville,1025,baum,7.018227815628052
4,melville,1025,thompson,7.403144598007202
4,melville,1025,dickens,7.068162158683494
4,melville,1025,melville,6.342475485801697
4,melville,1025,wells,6.747665047645569
4,melville,1025,austen,6.751366138458252
4,melville,1025,fitzgerald,7.084750493367513
4,melville,1025,twain,7.297760158777237
4,melville,1026,train,3.742079526185989
4,melville,1026,baum,7.023258805274963
4,melville,1026,thompson,7.415285110473633
4,melville,1026,dickens,7.0681193493030685
4,melville,1026,melville,6.358365821838379
4,melville,1026,wells,6.752236723899841
4,melville,1026,austen,6.759979883829753
4,melville,1026,fitzgerald,7.083092212677002
4,melville,1026,twain,7.30028235912323
4,melville,1027,train,3.729871094226837
4,melville,1027,baum,7.00503134727478
4,melville,1027,thompson,7.395729184150696
4,melville,1027,dickens,7.052406929157399
4,melville,1027,melville,6.34456422328949
4,melville,1027,wells,6.740072250366211
4,melville,1027,austen,6.746600548426311
4,melville,1027,fitzgerald,7.073001464207967
4,melville,1027,twain,7.29450848698616
4,melville,1028,train,3.7600057721138
4,melville,1028,baum,6.993384718894959
4,melville,1028,thompson,7.382981419563293
4,melville,1028,dickens,7.032119909922282
4,melville,1028,melville,6.344543528556824
4,melville,1028,wells,6.729232311248779
4,melville,1028,austen,6.730879704157512
4,melville,1028,fitzgerald,7.052231788635254
4,melville,1028,twain,7.291480183601379
4,melville,1029,train,3.747332721948624
4,melville,1029,baum,7.004250884056091
4,melville,1029,thompson,7.39307713508606
4,melville,1029,dickens,7.048094113667806
4,melville,1029,melville,6.339998459815979
4,melville,1029,wells,6.729959011077881
4,melville,1029,austen,6.742799758911133
4,melville,1029,fitzgerald,7.061279614766439
4,melville,1029,twain,7.293554425239563
4,melville,1030,train,3.739696115255356
4,melville,1030,baum,7.020561933517456
4,melville,1030,thompson,7.410785317420959
4,melville,1030,dickens,7.057927343580458
4,melville,1030,melville,6.355069637298584
4,melville,1030,wells,6.738435387611389
4,melville,1030,austen,6.744059960047404
4,melville,1030,fitzgerald,7.090426445007324
4,melville,1030,twain,7.308111131191254
4,melville,1031,train,3.733257234096527
4,melville,1031,baum,7.000929951667786
4,melville,1031,thompson,7.400110602378845
4,melville,1031,dickens,7.058730196069788
4,melville,1031,melville,6.346216034889221
4,melville,1031,wells,6.744800090789795
4,melville,1031,austen,6.748292684555054
4,melville,1031,fitzgerald,7.060842672983806
4,melville,1031,twain,7.296459972858429
4,melville,1032,train,3.703447014093399
4,melville,1032,baum,7.006653904914856
4,melville,1032,thompson,7.400961399078369
4,melville,1032,dickens,7.050389219213415
4,melville,1032,melville,6.350264477729797
4,melville,1032,wells,6.742427229881287
4,melville,1032,austen,6.7388490041097
4,melville,1032,fitzgerald,7.070504109064738
4,melville,1032,twain,7.296648770570755
4,melville,1033,train,3.724177867174149
4,melville,1033,baum,7.011565446853638
4,melville,1033,thompson,7.402379751205444
4,melville,1033,dickens,7.0604365490101
4,melville,1033,melville,6.355481719970703
4,melville,1033,wells,6.753926396369934
4,melville,1033,austen,6.7465660572052
4,melville,1033,fitzgerald,7.075018326441447
4,melville,1033,twain,7.304876953363419
4,melville,1034,train,3.7047705352306366
4,melville,1034,baum,7.014512062072754
4,melville,1034,thompson,7.403025507926941
4,melville,1034,dickens,7.066777582521792
4,melville,1034,melville,6.363701057434082
4,melville,1034,wells,6.753601670265198
4,melville,1034,austen,6.755913337071736
4,melville,1034,fitzgerald,7.07543142636617
4,melville,1034,twain,7.307509958744049
4,melville,1035,train,3.728904634714127
4,melville,1035,baum,7.018707871437073
4,melville,1035,thompson,7.403290867805481
4,melville,1035,dickens,7.064447120383933
4,melville,1035,melville,6.355770421028137
4,melville,1035,wells,6.742226123809815
4,melville,1035,austen,6.751843134562175
4,melville,1035,fitzgerald,7.081727186838786
4,melville,1035,twain,7.30541718006134
4,melville,1036,train,3.703134775161743
4,melville,1036,baum,7.01494824886322
4,melville,1036,thompson,7.414980173110962
4,melville,1036,dickens,7.066650779158981
4,melville,1036,melville,6.348929595947266
4,melville,1036,wells,6.755178689956665
4,melville,1036,austen,6.759372234344482
4,melville,1036,fitzgerald,7.092529694239299
4,melville,1036,twain,7.3109413385391235
4,melville,1037,train,3.7189573645591736
4,melville,1037,baum,7.0107680559158325
4,melville,1037,thompson,7.396713495254517
4,melville,1037,dickens,7.053264423652932
4,melville,1037,melville,6.344845604896546
4,melville,1037,wells,6.751727223396301
4,melville,1037,austen,6.740629514058431
4,melville,1037,fitzgerald,7.084074894587199
4,melville,1037,twain,7.308147370815277
4,melville,1038,train,3.694290280342102
4,melville,1038,baum,7.023452758789063
4,melville,1038,thompson,7.419093132019043
4,melville,1038,dickens,7.086495222868742
4,melville,1038,melville,6.354948735237121
4,melville,1038,wells,6.761340141296387
4,melville,1038,austen,6.764055411020915
4,melville,1038,fitzgerald,7.078555663426717
4,melville,1038,twain,7.31479600071907
4,melville,1039,train,3.6965006291866302
4,melville,1039,baum,7.023517489433289
4,melville,1039,thompson,7.419854521751404
4,melville,1039,dickens,7.076242146668611
4,melville,1039,melville,6.355280756950378
4,melville,1039,wells,6.751909852027893
4,melville,1039,austen,6.767144044240316
4,melville,1039,fitzgerald,7.092777808507283
4,melville,1039,twain,7.315986901521683
4,melville,1040,train,3.714774250984192
4,melville,1040,baum,7.0319435596466064
4,melville,1040,thompson,7.433170676231384
4,melville,1040,dickens,7.082901725062618
4,melville,1040,melville,6.368253087997436
4,melville,1040,wells,6.765061259269714
4,melville,1040,austen,6.766298929850261
4,melville,1040,fitzgerald,7.106677611668904
4,melville,1040,twain,7.323722749948502
4,melville,1041,train,3.7088624835014334
4,melville,1041,baum,7.014140486717224
4,melville,1041,thompson,7.408525943756103
4,melville,1041,dickens,7.053842579876935
4,melville,1041,melville,6.355889105796814
4,melville,1041,wells,6.7451969385147095
4,melville,1041,austen,6.747495015462239
4,melville,1041,fitzgerald,7.078879912694295
4,melville,1041,twain,7.308472275733948
4,melville,1042,train,3.7033152282238007
4,melville,1042,baum,7.018408417701721
4,melville,1042,thompson,7.411096334457397
4,melville,1042,dickens,7.067141621201126
4,melville,1042,melville,6.353981161117554
4,melville,1042,wells,6.745469093322754
4,melville,1042,austen,6.744769175847371
4,melville,1042,fitzgerald,7.09522008895874
4,melville,1042,twain,7.3003039956092834
4,melville,1043,train,3.721517771482468
4,melville,1043,baum,7.006733417510986
4,melville,1043,thompson,7.418066740036011
4,melville,1043,dickens,7.046737847504793
4,melville,1043,melville,6.353326487541199
4,melville,1043,wells,6.745923399925232
4,melville,1043,austen,6.743003129959106
4,melville,1043,fitzgerald,7.074891010920207
4,melville,1043,twain,7.316757619380951
4,melville,1044,train,3.695960372686386
4,melville,1044,baum,7.000136733055115
4,melville,1044,thompson,7.398833155632019
4,melville,1044,dickens,7.044999334547255
4,melville,1044,melville,6.348776173591614
4,melville,1044,wells,6.732751727104187
4,melville,1044,austen,6.729690233866374
4,melville,1044,fitzgerald,7.068939606348674
4,melville,1044,twain,7.301696985960007
4,melville,1045,train,3.693771421909332
4,melville,1045,baum,7.032622933387756
4,melville,1045,thompson,7.421908617019653
4,melville,1045,dickens,7.088972798100224
4,melville,1045,melville,6.369915413856506
4,melville,1045,wells,6.765026807785034
4,melville,1045,austen,6.770018736521403
4,melville,1045,fitzgerald,7.100706577301025
4,melville,1045,twain,7.319235950708389
4,melville,1046,train,3.690318405628204
4,melville,1046,baum,7.026354193687439
4,melville,1046,thompson,7.4167914390563965
4,melville,1046,dickens,7.06766630102087
4,melville,1046,melville,6.365317916870117
4,melville,1046,wells,6.759526610374451
4,melville,1046,austen,6.759238560994466
4,melville,1046,fitzgerald,7.087848981221517
4,melville,1046,twain,7.321010261774063
4,melville,1047,train,3.7146173417568207
4,melville,1047,baum,7.024536728858948
4,melville,1047,thompson,7.418410897254944
4,melville,1047,dickens,7.0769819506892455
4,melville,1047,melville,6.35660343170166
4,melville,1047,wells,6.759751558303833
4,melville,1047,austen,6.765178044637044
4,melville,1047,fitzgerald,7.087170759836833
4,melville,1047,twain,7.3253452479839325
4,melville,1048,train,3.696331113576889
4,melville,1048,baum,7.050699234008789
4,melville,1048,thompson,7.440459251403809
4,melville,1048,dickens,7.106192571145517
4,melville,1048,melville,6.375270032882691
4,melville,1048,wells,6.769527316093445
4,melville,1048,austen,6.784075180689494
4,melville,1048,fitzgerald,7.119182666142781
4,melville,1048,twain,7.328463017940521
4,melville,1049,train,3.70303151011467
4,melville,1049,baum,7.028724670410156
4,melville,1049,thompson,7.418566823005676
4,melville,1049,dickens,7.097739643520779
4,melville,1049,melville,6.361535906791687
4,melville,1049,wells,6.764962553977966
4,melville,1049,austen,6.772421201070149
4,melville,1049,fitzgerald,7.093092282613118
4,melville,1049,twain,7.317710876464844
4,melville,1050,train,3.714104920625687
4,melville,1050,baum,7.0365971326828
4,melville,1050,thompson,7.435177445411682
4,melville,1050,dickens,7.096701410081652
4,melville,1050,melville,6.3612048625946045
4,melville,1050,wells,6.778240919113159
4,melville,1050,austen,6.778755187988281
4,melville,1050,fitzgerald,7.113895893096924
4,melville,1050,twain,7.328562080860138
4,melville,1051,train,3.670848071575165
4,melville,1051,baum,7.029615044593811
4,melville,1051,thompson,7.416346907615662
4,melville,1051,dickens,7.0691548983256025
4,melville,1051,melville,6.358530378341674
4,melville,1051,wells,6.750941276550293
4,melville,1051,austen,6.7510755856831866
4,melville,1051,fitzgerald,7.099722385406494
4,melville,1051,twain,7.318160146474838
4,melville,1052,train,3.6877905130386353
4,melville,1052,baum,7.012869358062744
4,melville,1052,thompson,7.411778211593628
4,melville,1052,dickens,7.070678887543855
4,melville,1052,melville,6.353897976875305
4,melville,1052,wells,6.747398853302002
4,melville,1052,austen,6.745885133743286
4,melville,1052,fitzgerald,7.089779694875081
4,melville,1052,twain,7.309194952249527
4,melville,1053,train,3.712145060300827
4,melville,1053,baum,7.043382406234741
4,melville,1053,thompson,7.440392017364502
4,melville,1053,dickens,7.121924435650861
4,melville,1053,melville,6.375468301773071
4,melville,1053,wells,6.782880902290344
4,melville,1053,austen,6.791251579920451
4,melville,1053,fitzgerald,7.0973006884257
4,melville,1053,twain,7.341317594051361
4,melville,1054,train,3.682855129241944
4,melville,1054,baum,7.031749129295349
4,melville,1054,thompson,7.416123628616333
4,melville,1054,dickens,7.075380484263103
4,melville,1054,melville,6.36500186920166
4,melville,1054,wells,6.762546062469482
4,melville,1054,austen,6.761017640431722
4,melville,1054,fitzgerald,7.096344629923503
4,melville,1054,twain,7.318691968917847
4,melville,1055,train,3.681320279836655
4,melville,1055,baum,7.041423201560974
4,melville,1055,thompson,7.430266857147217
4,melville,1055,dickens,7.100828453346535
4,melville,1055,melville,6.359908151626587
4,melville,1055,wells,6.763807654380798
4,melville,1055,austen,6.76701545715332
4,melville,1055,fitzgerald,7.121077696482341
4,melville,1055,twain,7.325709253549576
4,melville,1056,train,3.6577844619750977
4,melville,1056,baum,7.051639556884766
4,melville,1056,thompson,7.438475489616394
4,melville,1056,dickens,7.098895673398618
4,melville,1056,melville,6.368903756141663
4,melville,1056,wells,6.766412734985352
4,melville,1056,austen,6.785296519597371
4,melville,1056,fitzgerald,7.109583934148152
4,melville,1056,twain,7.335109263658524
4,melville,1057,train,3.6871798932552338
4,melville,1057,baum,7.038934826850891
4,melville,1057,thompson,7.43444037437439
4,melville,1057,dickens,7.098149299621582
4,melville,1057,melville,6.369728589057923
4,melville,1057,wells,6.780670046806336
4,melville,1057,austen,6.794541438420613
4,melville,1057,fitzgerald,7.104292472203572
4,melville,1057,twain,7.333543598651886
4,melville,1058,train,3.688395529985428
4,melville,1058,baum,7.048073053359985
4,melville,1058,thompson,7.440508723258972
4,melville,1058,dickens,7.101244025760227
4,melville,1058,melville,6.377918028831482
4,melville,1058,wells,6.787125945091248
4,melville,1058,austen,6.795779387156169
4,melville,1058,fitzgerald,7.119840145111084
4,melville,1058,twain,7.337642014026642
4,melville,1059,train,3.6940803229808807
4,melville,1059,baum,7.039949059486389
4,melville,1059,thompson,7.441653609275818
4,melville,1059,dickens,7.112009878511782
4,melville,1059,melville,6.373274254798889
4,melville,1059,wells,6.777251124382019
4,melville,1059,austen,6.788352012634277
4,melville,1059,fitzgerald,7.106586774190267
4,melville,1059,twain,7.333821207284927
4,melville,1060,train,3.652257651090622
4,melville,1060,baum,7.05312979221344
4,melville,1060,thompson,7.447293162345886
4,melville,1060,dickens,7.108602788713244
4,melville,1060,melville,6.374390816688537
4,melville,1060,wells,6.791178464889526
4,melville,1060,austen,6.8016594250996905
4,melville,1060,fitzgerald,7.114537239074707
4,melville,1060,twain,7.349669635295868
4,melville,1061,train,3.684683680534363
4,melville,1061,baum,7.053047180175781
4,melville,1061,thompson,7.443500876426697
4,melville,1061,dickens,7.106262277673792
4,melville,1061,melville,6.37952082157135
4,melville,1061,wells,6.784066081047058
4,melville,1061,austen,6.792499303817749
4,melville,1061,fitzgerald,7.120344559351604
4,melville,1061,twain,7.340449690818787
4,melville,1062,train,3.683075904846192
4,melville,1062,baum,7.056562542915344
4,melville,1062,thompson,7.455567598342895
4,melville,1062,dickens,7.118611830252188
4,melville,1062,melville,6.375209879875183
4,melville,1062,wells,6.790936350822449
4,melville,1062,austen,6.7997831503550215
4,melville,1062,fitzgerald,7.139495213826497
4,melville,1062,twain,7.343537926673889
4,melville,1063,train,3.665644258260727
4,melville,1063,baum,7.057037830352783
4,melville,1063,thompson,7.443455457687378
4,melville,1063,dickens,7.108623328032317
4,melville,1063,melville,6.37005307674408
4,melville,1063,wells,6.78950047492981
4,melville,1063,austen,6.804930130640666
4,melville,1063,fitzgerald,7.13439154624939
4,melville,1063,twain,7.349668562412262
4,melville,1064,train,3.673141688108444
4,melville,1064,baum,7.04530942440033
4,melville,1064,thompson,7.442981004714966
4,melville,1064,dickens,7.102486592751962
4,melville,1064,melville,6.36443145275116
4,melville,1064,wells,6.788680553436279
4,melville,1064,austen,6.792855421702067
4,melville,1064,fitzgerald,7.118782838185628
4,melville,1064,twain,7.3369220495224
4,melville,1065,train,3.670606970787048
4,melville,1065,baum,7.066233396530151
4,melville,1065,thompson,7.459831237792969
4,melville,1065,dickens,7.115181622681795
4,melville,1065,melville,6.380547738075256
4,melville,1065,wells,6.801115393638611
4,melville,1065,austen,6.81028954188029
4,melville,1065,fitzgerald,7.13008975982666
4,melville,1065,twain,7.360558390617371
4,melville,1066,train,3.6847554743289934
4,melville,1066,baum,7.051100730895996
4,melville,1066,thompson,7.445979118347168
4,melville,1066,dickens,7.104561152281584
4,melville,1066,melville,6.379209351539612
4,melville,1066,wells,6.790863394737244
4,melville,1066,austen,6.791406710942586
4,melville,1066,fitzgerald,7.121890624364217
4,melville,1066,twain,7.342669874429703
4,melville,1067,train,3.65832993388176
4,melville,1067,baum,7.049304008483887
4,melville,1067,thompson,7.452079176902771
4,melville,1067,dickens,7.113909756695783
4,melville,1067,melville,6.381584167480469
4,melville,1067,wells,6.787684917449951
4,melville,1067,austen,6.795662085215251
4,melville,1067,fitzgerald,7.118593136469523
4,melville,1067,twain,7.3489799201488495
4,melville,1068,train,3.678414434194565
4,melville,1068,baum,7.06590747833252
4,melville,1068,thompson,7.454001307487488
4,melville,1068,dickens,7.125993605013247
4,melville,1068,melville,6.388892579078674
4,melville,1068,wells,6.797194004058838
4,melville,1068,austen,6.809730927149455
4,melville,1068,fitzgerald,7.124528805414836
4,melville,1068,twain,7.361922681331634
4,melville,1069,train,3.664480835199356
4,melville,1069,baum,7.074357748031616
4,melville,1069,thompson,7.46037483215332
4,melville,1069,dickens,7.132846532044588
4,melville,1069,melville,6.38282265663147
4,melville,1069,wells,6.802266955375671
4,melville,1069,austen,6.809032281239827
4,melville,1069,fitzgerald,7.153261105219523
4,melville,1069,twain,7.356612920761108
4,melville,1070,train,3.661480307579041
4,melville,1070,baum,7.057682156562805
4,melville,1070,thompson,7.449599385261536
4,melville,1070,dickens,7.110010182415998
4,melville,1070,melville,6.37746045589447
4,melville,1070,wells,6.79206109046936
4,melville,1070,austen,6.801491578420003
4,melville,1070,fitzgerald,7.128557284673055
4,melville,1070,twain,7.356751948595047
4,melville,1071,train,3.656760096549988
4,melville,1071,baum,7.049982070922852
4,melville,1071,thompson,7.444037556648254
4,melville,1071,dickens,7.103636882923268
4,melville,1071,melville,6.366134524345398
4,melville,1071,wells,6.7861374616622925
4,melville,1071,austen,6.790213267008464
4,melville,1071,fitzgerald,7.134009679158528
4,melville,1071,twain,7.3557316064834595
4,melville,1072,train,3.644336938858032
4,melville,1072,baum,7.075648903846741
4,melville,1072,thompson,7.457719445228577
4,melville,1072,dickens,7.111077714849402
4,melville,1072,melville,6.370745253562927
4,melville,1072,wells,6.798961520195007
4,melville,1072,austen,6.813225428263347
4,melville,1072,fitzgerald,7.142203172047933
4,melville,1072,twain,7.365163624286652
4,melville,1073,train,3.6448509097099295
4,melville,1073,baum,7.080230951309204
4,melville,1073,thompson,7.472750782966614
4,melville,1073,dickens,7.114974410445602
4,melville,1073,melville,6.396930837631226
4,melville,1073,wells,6.804083943367004
4,melville,1073,austen,6.81598424911499
4,melville,1073,fitzgerald,7.137103239695231
4,melville,1073,twain,7.357447981834412
4,melville,1074,train,3.646361440420151
4,melville,1074,baum,7.07981550693512
4,melville,1074,thompson,7.47212553024292
4,melville,1074,dickens,7.137774326183178
4,melville,1074,melville,6.395341038703919
4,melville,1074,wells,6.821112036705017
4,melville,1074,austen,6.827617168426514
4,melville,1074,fitzgerald,7.1388585567474365
4,melville,1074,twain,7.372194558382034
4,melville,1075,train,3.66100412607193
4,melville,1075,baum,7.075591683387756
4,melville,1075,thompson,7.461676836013794
4,melville,1075,dickens,7.112249815905535
4,melville,1075,melville,6.38629264831543
4,melville,1075,wells,6.794987916946411
4,melville,1075,austen,6.804180542627971
4,melville,1075,fitzgerald,7.151922146479289
4,melville,1075,twain,7.36445415019989
4,melville,1076,train,3.6545103788375854
4,melville,1076,baum,7.075231671333313
4,melville,1076,thompson,7.482659459114075
4,melville,1076,dickens,7.150788165904857
4,melville,1076,melville,6.402415585517884
4,melville,1076,wells,6.81426215171814
4,melville,1076,austen,6.828531980514526
4,melville,1076,fitzgerald,7.149033625920613
4,melville,1076,twain,7.379497647285461
4,melville,1077,train,3.621716320514679
4,melville,1077,baum,7.078656077384949
4,melville,1077,thompson,7.479350447654724
4,melville,1077,dickens,7.143704467349583
4,melville,1077,melville,6.400802969932556
4,melville,1077,wells,6.826421618461609
4,melville,1077,austen,6.828852574030559
4,melville,1077,fitzgerald,7.147809346516927
4,melville,1077,twain,7.373865514993668
4,melville,1078,train,3.637499004602432
4,melville,1078,baum,7.072399616241455
4,melville,1078,thompson,7.465144038200378
4,melville,1078,dickens,7.119878627635814
4,melville,1078,melville,6.381552338600159
4,melville,1078,wells,6.813550233840942
4,melville,1078,austen,6.804606835047404
4,melville,1078,fitzgerald,7.1483058134714765
4,melville,1078,twain,7.363012343645096
4,melville,1079,train,3.638077944517136
4,melville,1079,baum,7.069167613983154
4,melville,1079,thompson,7.463423371315002
4,melville,1079,dickens,7.136462229269522
4,melville,1079,melville,6.390144228935242
4,melville,1079,wells,6.803361535072327
4,melville,1079,austen,6.820575714111328
4,melville,1079,fitzgerald,7.135089079538981
4,melville,1079,twain,7.359049052000046
4,melville,1080,train,3.634599983692169
4,melville,1080,baum,7.058598518371582
4,melville,1080,thompson,7.459913015365601
4,melville,1080,dickens,7.128761220861365
4,melville,1080,melville,6.380677056312561
4,melville,1080,wells,6.798718333244324
4,melville,1080,austen,6.805934111277263
4,melville,1080,fitzgerald,7.134942293167114
4,melville,1080,twain,7.356027662754059
4,melville,1081,train,3.6251913607120514
4,melville,1081,baum,7.075198769569397
4,melville,1081,thompson,7.46858823299408
4,melville,1081,dickens,7.120392463825367
4,melville,1081,melville,6.38891499042511
4,melville,1081,wells,6.806796193122864
4,melville,1081,austen,6.804786205291748
4,melville,1081,fitzgerald,7.145456155141194
4,melville,1081,twain,7.364470332860947
4,melville,1082,train,3.669315457344055
4,melville,1082,baum,7.082766175270081
4,melville,1082,thompson,7.485543131828308
4,melville,1082,dickens,7.137022601233588
4,melville,1082,melville,6.3889035940170285
4,melville,1082,wells,6.82435667514801
4,melville,1082,austen,6.820932070414226
4,melville,1082,fitzgerald,7.155038674672444
4,melville,1082,twain,7.3814942836761475
4,melville,1083,train,3.642404168844223
4,melville,1083,baum,7.093445897102356
4,melville,1083,thompson,7.476763606071472
4,melville,1083,dickens,7.141448939288104
4,melville,1083,melville,6.393416714668274
4,melville,1083,wells,6.821260929107666
4,melville,1083,austen,6.831000328063965
4,melville,1083,fitzgerald,7.157047589619954
4,melville,1083,twain,7.36774280667305
4,melville,1084,train,3.623936027288437
4,melville,1084,baum,7.086588621139526
4,melville,1084,thompson,7.482757806777954
4,melville,1084,dickens,7.141529259858308
4,melville,1084,melville,6.402540755271912
4,melville,1084,wells,6.824686765670776
4,melville,1084,austen,6.830156644185384
4,melville,1084,fitzgerald,7.143039782842
4,melville,1084,twain,7.383184283971786
4,melville,1085,train,3.6222443878650665
4,melville,1085,baum,7.079293131828308
4,melville,1085,thompson,7.489670157432556
4,melville,1085,dickens,7.1462850217466
4,melville,1085,melville,6.408822751045227
4,melville,1085,wells,6.8154027462005615
4,melville,1085,austen,6.820568799972534
4,melville,1085,fitzgerald,7.149152755737305
4,melville,1085,twain,7.375093132257461
4,melville,1086,train,3.6494900286197662
4,melville,1086,baum,7.077200889587402
4,melville,1086,thompson,7.482012987136841
4,melville,1086,dickens,7.141667666258635
4,melville,1086,melville,6.391112565994263
4,melville,1086,wells,6.81641161441803
4,melville,1086,austen,6.816947778065999
4,melville,1086,fitzgerald,7.149567047754924
4,melville,1086,twain,7.376575976610184
4,melville,1087,train,3.6487783789634713
4,melville,1087,baum,7.099222898483276
4,melville,1087,thompson,7.492552161216736
4,melville,1087,dickens,7.162728344952619
4,melville,1087,melville,6.402993631362915
4,melville,1087,wells,6.829369902610779
4,melville,1087,austen,6.825846989949544
4,melville,1087,fitzgerald,7.176662524541219
4,melville,1087,twain,7.376338481903076
4,melville,1088,train,3.634370893239975
4,melville,1088,baum,7.086438298225403
4,melville,1088,thompson,7.475027561187744
4,melville,1088,dickens,7.146323257022434
4,melville,1088,melville,6.407269859313965
4,melville,1088,wells,6.8286460638046265
4,melville,1088,austen,6.83232585589091
4,melville,1088,fitzgerald,7.141425768534343
4,melville,1088,twain,7.3753949999809265
4,melville,1089,train,3.644197314977646
4,melville,1089,baum,7.088176131248474
4,melville,1089,thompson,7.484835863113403
4,melville,1089,dickens,7.151713530222575
4,melville,1089,melville,6.395257592201233
4,melville,1089,wells,6.817457795143127
4,melville,1089,austen,6.831011613210042
4,melville,1089,fitzgerald,7.158804575602214
4,melville,1089,twain,7.373944729566574
4,melville,1090,train,3.6300589442253113
4,melville,1090,baum,7.089268088340759
4,melville,1090,thompson,7.500564813613892
4,melville,1090,dickens,7.166414190221716
4,melville,1090,melville,6.421490669250488
4,melville,1090,wells,6.81571638584137
4,melville,1090,austen,6.82172425587972
4,melville,1090,fitzgerald,7.151903549830119
4,melville,1090,twain,7.381334662437439
4,melville,1091,train,3.59756088256836
4,melville,1091,baum,7.097683906555176
4,melville,1091,thompson,7.499418258666992
4,melville,1091,dickens,7.159311541804561
4,melville,1091,melville,6.41430697441101
4,melville,1091,wells,6.833386421203613
4,melville,1091,austen,6.8434263865153
4,melville,1091,fitzgerald,7.156167507171631
4,melville,1091,twain,7.387981295585632
4,melville,1092,train,3.655603319406509
4,melville,1092,baum,7.0894269943237305
4,melville,1092,thompson,7.475015044212341
4,melville,1092,dickens,7.1448550930729615
4,melville,1092,melville,6.395386862754822
4,melville,1092,wells,6.821928977966309
4,melville,1092,austen,6.827542384465535
4,melville,1092,fitzgerald,7.168944676717122
4,melville,1092,twain,7.3873980939388275
4,melville,1093,train,3.628507077693939
4,melville,1093,baum,7.112309098243713
4,melville,1093,thompson,7.508611679077148
4,melville,1093,dickens,7.175425706086336
4,melville,1093,melville,6.426055073738098
4,melville,1093,wells,6.839288711547852
4,melville,1093,austen,6.845435857772827
4,melville,1093,fitzgerald,7.173782110214233
4,melville,1093,twain,7.394281685352325
4,melville,1094,train,3.59839528799057
4,melville,1094,baum,7.106493234634399
4,melville,1094,thompson,7.503805994987488
4,melville,1094,dickens,7.158614547164352
4,melville,1094,melville,6.413148331642151
4,melville,1094,wells,6.845483660697937
4,melville,1094,austen,6.8447831471761065
4,melville,1094,fitzgerald,7.170316060384114
4,melville,1094,twain,7.396425873041153
4,melville,1095,train,3.625144153833389
4,melville,1095,baum,7.10087525844574
4,melville,1095,thompson,7.496798992156982
4,melville,1095,dickens,7.163307066316958
4,melville,1095,melville,6.4156273126602175
4,melville,1095,wells,6.834988832473755
4,melville,1095,austen,6.842354695002238
4,melville,1095,fitzgerald,7.165217955907186
4,melville,1095,twain,7.391563773155212
4,melville,1096,train,3.631092727184296
4,melville,1096,baum,7.103156566619873
4,melville,1096,thompson,7.495465874671936
4,melville,1096,dickens,7.152421280189797
4,melville,1096,melville,6.425958919525146
4,melville,1096,wells,6.831189393997192
4,melville,1096,austen,6.833738644917806
4,melville,1096,fitzgerald,7.166657050450643
4,melville,1096,twain,7.391898274421692
4,melville,1097,train,3.5829558670520782
4,melville,1097,baum,7.123417496681213
4,melville,1097,thompson,7.524034857749939
4,melville,1097,dickens,7.209638295350252
4,melville,1097,melville,6.429596018791199
4,melville,1097,wells,6.8641663789749146
4,melville,1097,austen,6.873955090840657
4,melville,1097,fitzgerald,7.190811395645142
4,melville,1097,twain,7.410771936178207
4,melville,1098,train,3.578711986541748
4,melville,1098,baum,7.104875206947327
4,melville,1098,thompson,7.492554187774658
4,melville,1098,dickens,7.150731669531928
4,melville,1098,melville,6.401749873161316
4,melville,1098,wells,6.833840370178223
4,melville,1098,austen,6.841299454371135
4,melville,1098,fitzgerald,7.18125335375468
4,melville,1098,twain,7.385808050632477
4,melville,1099,train,3.5908607244491577
4,melville,1099,baum,7.136671781539917
4,melville,1099,thompson,7.526548147201538
4,melville,1099,dickens,7.214831935034858
4,melville,1099,melville,6.431812024116516
4,melville,1099,wells,6.859468936920166
4,melville,1099,austen,6.877577702204387
4,melville,1099,fitzgerald,7.209916591644287
4,melville,1099,twain,7.417208552360535
4,melville,1100,train,3.610119730234146
4,melville,1100,baum,7.117097735404968
4,melville,1100,thompson,7.514952778816223
4,melville,1100,dickens,7.174603656486228
4,melville,1100,melville,6.4322301864624025
4,melville,1100,wells,6.844820141792297
4,melville,1100,austen,6.850368738174439
4,melville,1100,fitzgerald,7.174819469451904
4,melville,1100,twain,7.393269538879394
4,melville,1101,train,3.610996723175049
4,melville,1101,baum,7.11236834526062
4,melville,1101,thompson,7.502735137939453
4,melville,1101,dickens,7.185467278515851
4,melville,1101,melville,6.415747022628784
4,melville,1101,wells,6.850764751434326
4,melville,1101,austen,6.858354568481445
4,melville,1101,fitzgerald,7.1829023361206055
4,melville,1101,twain,7.406861484050751
4,melville,1102,train,3.602739632129669
4,melville,1102,baum,7.115195631980896
4,melville,1102,thompson,7.51231575012207
4,melville,1102,dickens,7.177796381491202
4,melville,1102,melville,6.426123642921448
4,melville,1102,wells,6.842280745506287
4,melville,1102,austen,6.855821530024211
4,melville,1102,fitzgerald,7.178740501403809
4,melville,1102,twain,7.404189467430115
4,melville,1103,train,3.578274220228195
4,melville,1103,baum,7.113706350326538
4,melville,1103,thompson,7.506553411483765
4,melville,1103,dickens,7.179199907514784
4,melville,1103,melville,6.4160349607467655
4,melville,1103,wells,6.839192748069763
4,melville,1103,austen,6.854086875915527
4,melville,1103,fitzgerald,7.184368213017781
4,melville,1103,twain,7.40093058347702
4,melville,1104,train,3.6039284765720367
4,melville,1104,baum,7.126243591308594
4,melville,1104,thompson,7.519729971885681
4,melville,1104,dickens,7.184818303143537
4,melville,1104,melville,6.425939297676086
4,melville,1104,wells,6.857431888580322
4,melville,1104,austen,6.858356396357219
4,melville,1104,fitzgerald,7.196429967880249
4,melville,1104,twain,7.409746944904327
4,melville,1105,train,3.5840262174606323
4,melville,1105,baum,7.097914695739746
4,melville,1105,thompson,7.502898812294006
4,melville,1105,dickens,7.158846042774342
4,melville,1105,melville,6.40623185634613
4,melville,1105,wells,6.83856999874115
4,melville,1105,austen,6.846656084060669
4,melville,1105,fitzgerald,7.168794790903728
4,melville,1105,twain,7.398859769105911
4,melville,1106,train,3.5914922058582306
4,melville,1106,baum,7.120588898658752
4,melville,1106,thompson,7.513022899627685
4,melville,1106,dickens,7.193183280803539
4,melville,1106,melville,6.423545479774475
4,melville,1106,wells,6.853996396064758
4,melville,1106,austen,6.864513794581096
4,melville,1106,fitzgerald,7.18460734685262
4,melville,1106,twain,7.406394422054291
4,melville,1107,train,3.6009610295295715
4,melville,1107,baum,7.13389790058136
4,melville,1107,thompson,7.53289520740509
4,melville,1107,dickens,7.210168220378734
4,melville,1107,melville,6.435423731803894
4,melville,1107,wells,6.872370958328247
4,melville,1107,austen,6.875511010487874
4,melville,1107,fitzgerald,7.200537284215291
4,melville,1107,twain,7.419159203767776
4,melville,1108,train,3.597286343574524
4,melville,1108,baum,7.130654811859131
4,melville,1108,thompson,7.528217315673828
4,melville,1108,dickens,7.198648258491799
4,melville,1108,melville,6.426356816291809
4,melville,1108,wells,6.875949740409851
4,melville,1108,austen,6.86411984761556
4,melville,1108,fitzgerald,7.212789376576741
4,melville,1108,twain,7.426122546195984
4,melville,1109,train,3.5986759066581726
4,melville,1109,baum,7.133482933044434
4,melville,1109,thompson,7.521190762519836
4,melville,1109,dickens,7.177782394267894
4,melville,1109,melville,6.423177337646484
4,melville,1109,wells,6.860240340232849
4,melville,1109,austen,6.860196669896443
4,melville,1109,fitzgerald,7.213477611541748
4,melville,1109,twain,7.414610862731934
4,melville,1110,train,3.5980935394763947
4,melville,1110,baum,7.131441235542297
4,melville,1110,thompson,7.52796745300293
4,melville,1110,dickens,7.196208424038357
4,melville,1110,melville,6.431211805343628
4,melville,1110,wells,6.861872553825378
4,melville,1110,austen,6.8703453540802
4,melville,1110,fitzgerald,7.1993467807769775
4,melville,1110,twain,7.4149104952812195
4,melville,1111,train,3.598774522542953
4,melville,1111,baum,7.140460014343262
4,melville,1111,thompson,7.535776376724243
4,melville,1111,dickens,7.199720418011701
4,melville,1111,melville,6.431607961654663
4,melville,1111,wells,6.875823140144348
4,melville,1111,austen,6.886010090510051
4,melville,1111,fitzgerald,7.211203654607137
4,melville,1111,twain,7.432379186153412
4,melville,1112,train,3.599539279937744
4,melville,1112,baum,7.137380838394165
4,melville,1112,thompson,7.537233471870422
4,melville,1112,dickens,7.200831130698875
4,melville,1112,melville,6.430414128303528
4,melville,1112,wells,6.872700333595276
4,melville,1112,austen,6.884182771046956
4,melville,1112,fitzgerald,7.204559564590454
4,melville,1112,twain,7.423927962779999
4,melville,1113,train,3.5849740505218506
4,melville,1113,baum,7.148513078689575
4,melville,1113,thompson,7.538227438926697
4,melville,1113,dickens,7.200019182982268
4,melville,1113,melville,6.443125176429748
4,melville,1113,wells,6.867369771003723
4,melville,1113,austen,6.879894971847534
4,melville,1113,fitzgerald,7.212506453196208
4,melville,1113,twain,7.427041172981262
4,melville,1114,train,3.576946586370468
4,melville,1114,baum,7.1472262144088745
4,melville,1114,thompson,7.5459994077682495
4,melville,1114,dickens,7.211971954063133
4,melville,1114,melville,6.437878632545472
4,melville,1114,wells,6.876966118812561
4,melville,1114,austen,6.88883360226949
4,melville,1114,fitzgerald,7.210918108622233
4,melville,1114,twain,7.443035662174225
4,melville,1115,train,3.5733141899108887
4,melville,1115,baum,7.155329465866089
4,melville,1115,thompson,7.550172686576843
4,melville,1115,dickens,7.218631850348578
4,melville,1115,melville,6.443700098991394
4,melville,1115,wells,6.89422345161438
4,melville,1115,austen,6.893208821614583
4,melville,1115,fitzgerald,7.214228868484497
4,melville,1115,twain,7.443242758512497
4,melville,1116,train,3.607015997171402
4,melville,1116,baum,7.163175582885742
4,melville,1116,thompson,7.559729218482971
4,melville,1116,dickens,7.211805220003481
4,melville,1116,melville,6.443216824531556
4,melville,1116,wells,6.882572412490845
4,melville,1116,austen,6.894587993621826
4,melville,1116,fitzgerald,7.229744116465251
4,melville,1116,twain,7.43437460064888
4,melville,1117,train,3.570014864206314
4,melville,1117,baum,7.133610010147095
4,melville,1117,thompson,7.538665890693664
4,melville,1117,dickens,7.193302419450548
4,melville,1117,melville,6.430949258804321
4,melville,1117,wells,6.862524509429932
4,melville,1117,austen,6.871567010879517
4,melville,1117,fitzgerald,7.199121236801148
4,melville,1117,twain,7.430315583944321
4,melville,1118,train,3.568364143371582
4,melville,1118,baum,7.146993398666382
4,melville,1118,thompson,7.544059038162231
4,melville,1118,dickens,7.207848178015815
4,melville,1118,melville,6.441732263565063
4,melville,1118,wells,6.871469020843506
4,melville,1118,austen,6.89022421836853
4,melville,1118,fitzgerald,7.210148970286052
4,melville,1118,twain,7.431446760892868
4,melville,1119,train,3.5694319903850555
4,melville,1119,baum,7.138866901397705
4,melville,1119,thompson,7.536922097206116
4,melville,1119,dickens,7.200720840030247
4,melville,1119,melville,6.438523077964783
4,melville,1119,wells,6.873848080635071
4,melville,1119,austen,6.881075143814087
4,melville,1119,fitzgerald,7.214176734288533
4,melville,1119,twain,7.430936098098755
4,melville,1120,train,3.57820537686348
4,melville,1120,baum,7.142632007598877
4,melville,1120,thompson,7.55095112323761
4,melville,1120,dickens,7.206707813121654
4,melville,1120,melville,6.447597074508667
4,melville,1120,wells,6.880300879478455
4,melville,1120,austen,6.883145888646443
4,melville,1120,fitzgerald,7.208070755004883
4,melville,1120,twain,7.433775722980499
4,melville,1121,train,3.5700447261333466
4,melville,1121,baum,7.134765863418579
4,melville,1121,thompson,7.5427325963974
4,melville,1121,dickens,7.198143994366681
4,melville,1121,melville,6.439806699752808
4,melville,1121,wells,6.8790342807769775
4,melville,1121,austen,6.87963851292928
4,melville,1121,fitzgerald,7.190999348958333
4,melville,1121,twain,7.434230744838715
4,melville,1122,train,3.587709486484528
4,melville,1122,baum,7.15195906162262
4,melville,1122,thompson,7.539231777191162
4,melville,1122,dickens,7.212070659354881
4,melville,1122,melville,6.444724249839783
4,melville,1122,wells,6.882794618606567
4,melville,1122,austen,6.894116322199504
4,melville,1122,fitzgerald,7.20543114344279
4,melville,1122,twain,7.433074653148651
4,melville,1123,train,3.560694694519043
4,melville,1123,baum,7.141981363296509
4,melville,1123,thompson,7.55092465877533
4,melville,1123,dickens,7.20575691152502
4,melville,1123,melville,6.428766441345215
4,melville,1123,wells,6.875894069671631
4,melville,1123,austen,6.885960578918457
4,melville,1123,fitzgerald,7.230050086975098
4,melville,1123,twain,7.436610996723175
4,melville,1124,train,3.559488385915756
4,melville,1124,baum,7.168896079063416
4,melville,1124,thompson,7.568328022956848
4,melville,1124,dickens,7.23012023501926
4,melville,1124,melville,6.448002004623413
4,melville,1124,wells,6.887471318244934
4,melville,1124,austen,6.891771157582601
4,melville,1124,fitzgerald,7.234589735666911
4,melville,1124,twain,7.442383229732513
4,melville,1125,train,3.54273584485054
4,melville,1125,baum,7.170722126960754
4,melville,1125,thompson,7.573448419570923
4,melville,1125,dickens,7.252480701163963
4,melville,1125,melville,6.462241697311401
4,melville,1125,wells,6.910069704055786
4,melville,1125,austen,6.917816003163655
4,melville,1125,fitzgerald,7.230546394983928
4,melville,1125,twain,7.459815919399261
4,melville,1126,train,3.57344701886177
4,melville,1126,baum,7.153497934341431
4,melville,1126,thompson,7.560323238372803
4,melville,1126,dickens,7.219851264247188
4,melville,1126,melville,6.445337343215942
4,melville,1126,wells,6.89162003993988
4,melville,1126,austen,6.893231153488159
4,melville,1126,fitzgerald,7.224034627278645
4,melville,1126,twain,7.439942508935928
4,melville,1127,train,3.567427635192871
4,melville,1127,baum,7.167886972427368
4,melville,1127,thompson,7.571224212646484
4,melville,1127,dickens,7.242246504183169
4,melville,1127,melville,6.466148376464844
4,melville,1127,wells,6.900075674057007
4,melville,1127,austen,6.907108147939046
4,melville,1127,fitzgerald,7.228646437327067
4,melville,1127,twain,7.4527764320373535
4,melville,1128,train,3.5557419061660767
4,melville,1128,baum,7.161968350410461
4,melville,1128,thompson,7.567160844802856
4,melville,1128,dickens,7.229527720698604
4,melville,1128,melville,6.455440926551819
4,melville,1128,wells,6.896180748939514
4,melville,1128,austen,6.903388341267903
4,melville,1128,fitzgerald,7.22323218981425
4,melville,1128,twain,7.449010044336319
4,melville,1129,train,3.5945424139499664
4,melville,1129,baum,7.174890041351318
4,melville,1129,thompson,7.576839208602905
4,melville,1129,dickens,7.236855012399179
4,melville,1129,melville,6.4493413925170895
4,melville,1129,wells,6.903610587120056
4,melville,1129,austen,6.908119201660156
4,melville,1129,fitzgerald,7.239777167638143
4,melville,1129,twain,7.450418621301651
4,melville,1130,train,3.557669848203659
4,melville,1130,baum,7.179145812988281
4,melville,1130,thompson,7.581167697906494
4,melville,1130,dickens,7.236164040035671
4,melville,1130,melville,6.463009285926819
4,melville,1130,wells,6.900052905082703
4,melville,1130,austen,6.912875096003215
4,melville,1130,fitzgerald,7.231414477030436
4,melville,1130,twain,7.462938576936722
4,melville,1131,train,3.567307561635971
4,melville,1131,baum,7.156663179397583
4,melville,1131,thompson,7.562460660934448
4,melville,1131,dickens,7.217223538292779
4,melville,1131,melville,6.444769263267517
4,melville,1131,wells,6.890415549278259
4,melville,1131,austen,6.898272037506104
4,melville,1131,fitzgerald,7.23698631922404
4,melville,1131,twain,7.457212299108505
4,melville,1132,train,3.548017263412476
4,melville,1132,baum,7.182358860969544
4,melville,1132,thompson,7.5849562883377075
4,melville,1132,dickens,7.236696190304226
4,melville,1132,melville,6.463867950439453
4,melville,1132,wells,6.897562265396118
4,melville,1132,austen,6.914567629496257
4,melville,1132,fitzgerald,7.249583562215169
4,melville,1132,twain,7.467752426862717
4,melville,1133,train,3.545794814825058
4,melville,1133,baum,7.170682311058044
4,melville,1133,thompson,7.581997871398926
4,melville,1133,dickens,7.235188590155707
4,melville,1133,melville,6.464349365234375
4,melville,1133,wells,6.9001394510269165
4,melville,1133,austen,6.908979654312134
4,melville,1133,fitzgerald,7.242914199829102
4,melville,1133,twain,7.464165598154068
4,melville,1134,train,3.5469495952129364
4,melville,1134,baum,7.161414623260498
4,melville,1134,thompson,7.56670081615448
4,melville,1134,dickens,7.2183751530117455
4,melville,1134,melville,6.456992435455322
4,melville,1134,wells,6.888322949409485
4,melville,1134,austen,6.894157965977986
4,melville,1134,fitzgerald,7.233758767445882
4,melville,1134,twain,7.453788489103317
4,melville,1135,train,3.55838805437088
4,melville,1135,baum,7.165319442749023
4,melville,1135,thompson,7.580162286758423
4,melville,1135,dickens,7.221685886383057
4,melville,1135,melville,6.462723183631897
4,melville,1135,wells,6.90492045879364
4,melville,1135,austen,6.899619023005168
4,melville,1135,fitzgerald,7.238529284795125
4,melville,1135,twain,7.46026948094368
4,melville,1136,train,3.5475988686084747
4,melville,1136,baum,7.16019070148468
4,melville,1136,thompson,7.557875394821167
4,melville,1136,dickens,7.234093277542679
4,melville,1136,melville,6.4505136728286745
4,melville,1136,wells,6.891499638557434
4,melville,1136,austen,6.891490936279297
4,melville,1136,fitzgerald,7.233649015426636
4,melville,1136,twain,7.451430588960648
4,melville,1137,train,3.5453467667102814
4,melville,1137,baum,7.18716287612915
4,melville,1137,thompson,7.593049049377441
4,melville,1137,dickens,7.263068428745976
4,melville,1137,melville,6.473161935806274
4,melville,1137,wells,6.916626214981079
4,melville,1137,austen,6.929989099502564
4,melville,1137,fitzgerald,7.244364500045776
4,melville,1137,twain,7.474168747663498
4,melville,1138,train,3.54118549823761
4,melville,1138,baum,7.175466179847717
4,melville,1138,thompson,7.576393723487854
4,melville,1138,dickens,7.238253787711814
4,melville,1138,melville,6.451726412773132
4,melville,1138,wells,6.899250030517578
4,melville,1138,austen,6.9034953117370605
4,melville,1138,fitzgerald,7.25814421971639
4,melville,1138,twain,7.459417700767517
4,melville,1139,train,3.530007243156433
4,melville,1139,baum,7.16733717918396
4,melville,1139,thompson,7.578616261482239
4,melville,1139,dickens,7.24394651695534
4,melville,1139,melville,6.46836748123169
4,melville,1139,wells,6.904206991195679
4,melville,1139,austen,6.921271324157715
4,melville,1139,fitzgerald,7.233849843343099
4,melville,1139,twain,7.473060548305511
4,melville,1140,train,3.561377167701721
4,melville,1140,baum,7.162479758262634
4,melville,1140,thompson,7.569035172462463
4,melville,1140,dickens,7.231051356704147
4,melville,1140,melville,6.45523157119751
4,melville,1140,wells,6.909635305404663
4,melville,1140,austen,6.905129512151082
4,melville,1140,fitzgerald,7.236288070678711
4,melville,1140,twain,7.46187686920166
4,melville,1141,train,3.519068330526352
4,melville,1141,baum,7.18286919593811
4,melville,1141,thompson,7.582862377166748
4,melville,1141,dickens,7.258973881050393
4,melville,1141,melville,6.473687171936035
4,melville,1141,wells,6.916441082954407
4,melville,1141,austen,6.931842803955078
4,melville,1141,fitzgerald,7.25080418586731
4,melville,1141,twain,7.467766284942627
4,melville,1142,train,3.5585156083106995
4,melville,1142,baum,7.210337996482849
4,melville,1142,thompson,7.610379576683044
4,melville,1142,dickens,7.275286144680447
4,melville,1142,melville,6.499915552139282
4,melville,1142,wells,6.930416822433472
4,melville,1142,austen,6.941532611846924
4,melville,1142,fitzgerald,7.26568071047465
4,melville,1142,twain,7.488068163394928
4,melville,1143,train,3.5154061317443848
4,melville,1143,baum,7.1974416971206665
4,melville,1143,thompson,7.601117968559265
4,melville,1143,dickens,7.277449660831028
4,melville,1143,melville,6.484953784942627
4,melville,1143,wells,6.93475353717804
4,melville,1143,austen,6.941121737162272
4,melville,1143,fitzgerald,7.251836220423381
4,melville,1143,twain,7.4831960797309875
4,melville,1144,train,3.54070308804512
4,melville,1144,baum,7.196737766265869
4,melville,1144,thompson,7.593152165412903
4,melville,1144,dickens,7.256318251291911
4,melville,1144,melville,6.478628659248352
4,melville,1144,wells,6.932218074798584
4,melville,1144,austen,6.938917239507039
4,melville,1144,fitzgerald,7.2610838413238525
4,melville,1144,twain,7.485422283411026
4,melville,1145,train,3.534206837415695
4,melville,1145,baum,7.1853190660476685
4,melville,1145,thompson,7.5891337394714355
4,melville,1145,dickens,7.242075054733841
4,melville,1145,melville,6.472996664047241
4,melville,1145,wells,6.910268783569336
4,melville,1145,austen,6.920211712519328
4,melville,1145,fitzgerald,7.247143665949504
4,melville,1145,twain,7.472532123327255
4,melville,1146,train,3.524907112121582
4,melville,1146,baum,7.185266375541687
4,melville,1146,thompson,7.593688368797302
4,melville,1146,dickens,7.233504825168186
4,melville,1146,melville,6.476772880554199
4,melville,1146,wells,6.9235111474990845
4,melville,1146,austen,6.921707630157471
4,melville,1146,fitzgerald,7.249431689580281
4,melville,1146,twain,7.477979183197021
4,melville,1147,train,3.551797091960907
4,melville,1147,baum,7.181981801986694
4,melville,1147,thompson,7.587226510047913
4,melville,1147,dickens,7.263356632656521
4,melville,1147,melville,6.471121883392334
4,melville,1147,wells,6.9274901151657104
4,melville,1147,austen,6.915970802307129
4,melville,1147,fitzgerald,7.25063427289327
4,melville,1147,twain,7.462448626756668
4,melville,1148,train,3.5542309880256653
4,melville,1148,baum,7.188096046447754
4,melville,1148,thompson,7.586443901062012
4,melville,1148,dickens,7.248539783336498
4,melville,1148,melville,6.473469853401184
4,melville,1148,wells,6.920118689537048
4,melville,1148,austen,6.927617947260539
4,melville,1148,fitzgerald,7.260356903076172
4,melville,1148,twain,7.475246042013168
4,melville,1149,train,3.554952085018158
4,melville,1149,baum,7.195719599723816
4,melville,1149,thompson,7.597069501876831
4,melville,1149,dickens,7.264131404735424
4,melville,1149,melville,6.4862313032150265
4,melville,1149,wells,6.920658349990845
4,melville,1149,austen,6.92657208442688
4,melville,1149,fitzgerald,7.254379192988078
4,melville,1149,twain,7.474616855382919
4,melville,1150,train,3.5109250247478485
4,melville,1150,baum,7.188066482543945
4,melville,1150,thompson,7.581191658973694
4,melville,1150,dickens,7.236514356401232
4,melville,1150,melville,6.484875917434692
4,melville,1150,wells,6.921401381492615
4,melville,1150,austen,6.92912745475769
4,melville,1150,fitzgerald,7.25754960378011
4,melville,1150,twain,7.479072958230972
4,melville,1151,train,3.500892549753189
4,melville,1151,baum,7.198806524276733
4,melville,1151,thompson,7.599371314048767
4,melville,1151,dickens,7.25648237157751
4,melville,1151,melville,6.495072293281555
4,melville,1151,wells,6.929911136627197
4,melville,1151,austen,6.9407692750295
4,melville,1151,fitzgerald,7.259620348612468
4,melville,1151,twain,7.492064476013184
4,melville,1152,train,3.5024645626544952
4,melville,1152,baum,7.196588635444641
4,melville,1152,thompson,7.6098856925964355
4,melville,1152,dickens,7.279605212035002
4,melville,1152,melville,6.481642436981201
4,melville,1152,wells,6.941737174987793
4,melville,1152,austen,6.940536419550578
4,melville,1152,fitzgerald,7.25848650932312
4,melville,1152,twain,7.489307284355164
4,melville,1153,train,3.5382059812545776
4,melville,1153,baum,7.215893387794495
4,melville,1153,thompson,7.610941171646118
4,melville,1153,dickens,7.27968532067758
4,melville,1153,melville,6.499408268928528
4,melville,1153,wells,6.934462547302246
4,melville,1153,austen,6.940474351247151
4,melville,1153,fitzgerald,7.275824467341105
4,melville,1153,twain,7.493194073438644
4,melville,1154,train,3.505344182252884
4,melville,1154,baum,7.216956377029419
4,melville,1154,thompson,7.607665538787842
4,melville,1154,dickens,7.265855347668683
4,melville,1154,melville,6.4959532737731935
4,melville,1154,wells,6.928496956825256
4,melville,1154,austen,6.942716360092163
4,melville,1154,fitzgerald,7.27851661046346
4,melville,1154,twain,7.484221488237381
4,melville,1155,train,3.508354991674423
4,melville,1155,baum,7.222315430641174
4,melville,1155,thompson,7.617576003074646
4,melville,1155,dickens,7.282864747224031
4,melville,1155,melville,6.497468400001526
4,melville,1155,wells,6.946643352508545
4,melville,1155,austen,6.959228038787842
4,melville,1155,fitzgerald,7.273456494013469
4,melville,1155,twain,7.504521429538727
4,melville,1156,train,3.5017672181129456
4,melville,1156,baum,7.224209785461426
4,melville,1156,thompson,7.6198179721832275
4,melville,1156,dickens,7.290580484602186
4,melville,1156,melville,6.48540768623352
4,melville,1156,wells,6.945746183395386
4,melville,1156,austen,6.9553070068359375
4,melville,1156,fitzgerald,7.303582827250163
4,melville,1156,twain,7.50443634390831
4,melville,1157,train,3.516475945711136
4,melville,1157,baum,7.217470288276672
4,melville,1157,thompson,7.613633513450623
4,melville,1157,dickens,7.280436268559209
4,melville,1157,melville,6.492568635940552
4,melville,1157,wells,6.930859208106995
4,melville,1157,austen,6.944836695988973
4,melville,1157,fitzgerald,7.287847439448039
4,melville,1157,twain,7.493611752986908
4,melville,1158,train,3.4913070499897003
4,melville,1158,baum,7.2314146757125854
4,melville,1158,thompson,7.624086022377014
4,melville,1158,dickens,7.298998161598488
4,melville,1158,melville,6.5001075029373165
4,melville,1158,wells,6.946297287940979
4,melville,1158,austen,6.972495794296265
4,melville,1158,fitzgerald,7.296140909194946
4,melville,1158,twain,7.5116060972213745
4,melville,1159,train,3.518996447324753
4,melville,1159,baum,7.213537573814392
4,melville,1159,thompson,7.614350914955139
4,melville,1159,dickens,7.279335074954563
4,melville,1159,melville,6.510019993782043
4,melville,1159,wells,6.95457124710083
4,melville,1159,austen,6.946104208628337
4,melville,1159,fitzgerald,7.272329727808635
4,melville,1159,twain,7.5137777626514435
4,melville,1160,train,3.5274830758571625
4,melville,1160,baum,7.217447400093079
4,melville,1160,thompson,7.620548248291016
4,melville,1160,dickens,7.282607484746863
4,melville,1160,melville,6.495546650886536
4,melville,1160,wells,6.944448113441467
4,melville,1160,austen,6.950540781021118
4,melville,1160,fitzgerald,7.289724826812744
4,melville,1160,twain,7.507885694503784
4,melville,1161,train,3.485626846551895
4,melville,1161,baum,7.212872862815857
4,melville,1161,thompson,7.622799396514893
4,melville,1161,dickens,7.27938010957506
4,melville,1161,melville,6.500824880599976
4,melville,1161,wells,6.930879592895508
4,melville,1161,austen,6.954244931538899
4,melville,1161,fitzgerald,7.285564978917439
4,melville,1161,twain,7.499169260263443
4,melville,1162,train,3.5090660452842712
4,melville,1162,baum,7.211257815361023
4,melville,1162,thompson,7.616225123405456
4,melville,1162,dickens,7.283397180062753
4,melville,1162,melville,6.495238423347473
4,melville,1162,wells,6.944982767105103
4,melville,1162,austen,6.948044141133626
4,melville,1162,fitzgerald,7.281776746114095
4,melville,1162,twain,7.493039399385452
4,melville,1163,train,3.499933660030365
4,melville,1163,baum,7.220502734184265
4,melville,1163,thompson,7.6259154081344604
4,melville,1163,dickens,7.278711654521801
4,melville,1163,melville,6.500378036499024
4,melville,1163,wells,6.956061363220215
4,melville,1163,austen,6.954780022303264
4,melville,1163,fitzgerald,7.306798696517944
4,melville,1163,twain,7.508296877145767
4,melville,1164,train,3.5053264796733856
4,melville,1164,baum,7.221622943878174
4,melville,1164,thompson,7.619543671607971
4,melville,1164,dickens,7.294026339495623
4,melville,1164,melville,6.501558566093445
4,melville,1164,wells,6.962844133377075
4,melville,1164,austen,6.960785865783691
4,melville,1164,fitzgerald,7.300626039505005
4,melville,1164,twain,7.5198182463645935
4,melville,1165,train,3.5092461705207825
4,melville,1165,baum,7.243620157241821
4,melville,1165,thompson,7.643173933029175
4,melville,1165,dickens,7.305918040098967
4,melville,1165,melville,6.513604974746704
4,melville,1165,wells,6.964706301689148
4,melville,1165,austen,6.9840677579243975
4,melville,1165,fitzgerald,7.323237498601277
4,melville,1165,twain,7.519380062818527
4,melville,1166,train,3.520054131746292
4,melville,1166,baum,7.214808821678162
4,melville,1166,thompson,7.618354916572571
4,melville,1166,dickens,7.270579161467375
4,melville,1166,melville,6.496210527420044
4,melville,1166,wells,6.946363091468811
4,melville,1166,austen,6.95689598719279
4,melville,1166,fitzgerald,7.294517437616984
4,melville,1166,twain,7.503796309232712
4,melville,1167,train,3.4679737985134125
4,melville,1167,baum,7.231802701950073
4,melville,1167,thompson,7.626023292541504
4,melville,1167,dickens,7.298701480582908
4,melville,1167,melville,6.499344635009765
4,melville,1167,wells,6.952086210250855
4,melville,1167,austen,6.965063810348511
4,melville,1167,fitzgerald,7.295435269673665
4,melville,1167,twain,7.523367553949356
4,melville,1168,train,3.4993926286697388
4,melville,1168,baum,7.2203209400177
4,melville,1168,thompson,7.625714540481567
4,melville,1168,dickens,7.294657424644187
4,melville,1168,melville,6.499445295333862
4,melville,1168,wells,6.959110140800476
4,melville,1168,austen,6.958717743555705
4,melville,1168,fitzgerald,7.288638353347778
4,melville,1168,twain,7.511921733617783
4,melville,1169,train,3.504168748855591
4,melville,1169,baum,7.235855579376221
4,melville,1169,thompson,7.633847117424011
4,melville,1169,dickens,7.311023747479474
4,melville,1169,melville,6.507547616958618
4,melville,1169,wells,6.965770602226257
4,melville,1169,austen,6.975346485773723
4,melville,1169,fitzgerald,7.300782839457194
4,melville,1169,twain,7.515252530574799
4,melville,1170,train,3.5073762238025665
4,melville,1170,baum,7.238047242164612
4,melville,1170,thompson,7.639187455177307
4,melville,1170,dickens,7.298085512938322
4,melville,1170,melville,6.502981972694397
4,melville,1170,wells,6.964166522026062
4,melville,1170,austen,6.962418715159099
4,melville,1170,fitzgerald,7.314815123875936
4,melville,1170,twain,7.518077284097671
4,melville,1171,train,3.482117712497711
4,melville,1171,baum,7.236985683441162
4,melville,1171,thompson,7.637351989746094
4,melville,1171,dickens,7.291899469163683
4,melville,1171,melville,6.505817127227783
4,melville,1171,wells,6.963590502738953
4,melville,1171,austen,6.980479160944621
4,melville,1171,fitzgerald,7.292070229848226
4,melville,1171,twain,7.522662431001663
4,melville,1172,train,3.4903103709220886
4,melville,1172,baum,7.246187090873718
4,melville,1172,thompson,7.636865973472595
4,melville,1172,dickens,7.290357819309941
4,melville,1172,melville,6.499692678451538
4,melville,1172,wells,6.964785218238831
4,melville,1172,austen,6.9710385004679365
4,melville,1172,fitzgerald,7.324873606363933
4,melville,1172,twain,7.5287726521492
4,melville,1173,train,3.486675828695297
4,melville,1173,baum,7.240285515785217
4,melville,1173,thompson,7.651516199111938
4,melville,1173,dickens,7.324105863217954
4,melville,1173,melville,6.523104619979859
4,melville,1173,wells,6.969335675239563
4,melville,1173,austen,6.981283028920491
4,melville,1173,fitzgerald,7.322737375895183
4,melville,1173,twain,7.53486180305481
4,melville,1174,train,3.4900470674037933
4,melville,1174,baum,7.237560987472534
4,melville,1174,thompson,7.650480151176453
4,melville,1174,dickens,7.319642155258744
4,melville,1174,melville,6.503450489044189
4,melville,1174,wells,6.979528069496155
4,melville,1174,austen,6.9837454954783125
4,melville,1174,fitzgerald,7.314550717671712
4,melville,1174,twain,7.528230756521225
4,melville,1175,train,3.4589231312274933
4,melville,1175,baum,7.264804482460022
4,melville,1175,thompson,7.668573260307312
4,melville,1175,dickens,7.329505637839988
4,melville,1175,melville,6.539465856552124
4,melville,1175,wells,6.985856056213379
4,melville,1175,austen,6.999213854471843
4,melville,1175,fitzgerald,7.317718744277954
4,melville,1175,twain,7.543345481157303
4,melville,1176,train,3.473340690135956
4,melville,1176,baum,7.230548739433289
4,melville,1176,thompson,7.642282843589783
4,melville,1176,dickens,7.30749656535961
4,melville,1176,melville,6.521153664588928
4,melville,1176,wells,6.962002873420715
4,melville,1176,austen,6.97165322303772
4,melville,1176,fitzgerald,7.293030500411987
4,melville,1176,twain,7.52527791261673
4,melville,1177,train,3.4696430563926697
4,melville,1177,baum,7.283597826957703
4,melville,1177,thompson,7.684593319892883
4,melville,1177,dickens,7.346586139113815
4,melville,1177,melville,6.5333057880401615
4,melville,1177,wells,6.994450092315674
4,melville,1177,austen,7.014342864354451
4,melville,1177,fitzgerald,7.335886160532634
4,melville,1177,twain,7.547245979309082
4,melville,1178,train,3.4842917025089264
4,melville,1178,baum,7.262250900268555
4,melville,1178,thompson,7.666020154953003
4,melville,1178,dickens,7.326862564793339
4,melville,1178,melville,6.521145343780518
4,melville,1178,wells,6.971907734870911
4,melville,1178,austen,6.976770401000977
4,melville,1178,fitzgerald,7.335630098978679
4,melville,1178,twain,7.539256989955902
4,melville,1179,train,3.5066998302936554
4,melville,1179,baum,7.253580451011658
4,melville,1179,thompson,7.661036849021912
4,melville,1179,dickens,7.318009394186514
4,melville,1179,melville,6.5341520547866825
4,melville,1179,wells,6.980855941772461
4,melville,1179,austen,6.98544716835022
4,melville,1179,fitzgerald,7.3171226978302
4,melville,1179,twain,7.539714694023132
4,melville,1180,train,3.4642036855220795
4,melville,1180,baum,7.254223942756653
4,melville,1180,thompson,7.6549752950668335
4,melville,1180,dickens,7.325692918565538
4,melville,1180,melville,6.5347514152526855
4,melville,1180,wells,6.985923886299133
4,melville,1180,austen,6.9976450602213545
4,melville,1180,fitzgerald,7.327816406885783
4,melville,1180,twain,7.544736087322235
4,melville,1181,train,3.467503249645233
4,melville,1181,baum,7.233478665351868
4,melville,1181,thompson,7.640980362892151
4,melville,1181,dickens,7.29767981281987
4,melville,1181,melville,6.512754201889038
4,melville,1181,wells,6.961170673370361
4,melville,1181,austen,6.968847592671712
4,melville,1181,fitzgerald,7.311494429906209
4,melville,1181,twain,7.525735944509506
4,melville,1182,train,3.475376397371292
4,melville,1182,baum,7.261063814163208
4,melville,1182,thompson,7.669919013977051
4,melville,1182,dickens,7.3294955889383955
4,melville,1182,melville,6.521409296989441
4,melville,1182,wells,6.980225443840027
4,melville,1182,austen,6.985307931900024
4,melville,1182,fitzgerald,7.330579837163289
4,melville,1182,twain,7.543830811977386
4,melville,1183,train,3.4727512300014496
4,melville,1183,baum,7.269202589988708
4,melville,1183,thompson,7.674468398094177
4,melville,1183,dickens,7.344803421585648
4,melville,1183,melville,6.538839650154114
4,melville,1183,wells,6.992215394973755
4,melville,1183,austen,7.015335559844971
4,melville,1183,fitzgerald,7.329476197560628
4,melville,1183,twain,7.553187251091003
4,melville,1184,train,3.466664344072342
4,melville,1184,baum,7.269446969032288
4,melville,1184,thompson,7.666164994239807
4,melville,1184,dickens,7.341114556347883
4,melville,1184,melville,6.526579546928406
4,melville,1184,wells,6.997890830039978
4,melville,1184,austen,7.007881959279378
4,melville,1184,fitzgerald,7.360292434692383
4,melville,1184,twain,7.536712497472763
4,melville,1185,train,3.451362669467926
4,melville,1185,baum,7.2723548412323
4,melville,1185,thompson,7.671919822692871
4,melville,1185,dickens,7.333993593851726
4,melville,1185,melville,6.537359070777893
4,melville,1185,wells,6.987185835838318
4,melville,1185,austen,7.008062680562337
4,melville,1185,fitzgerald,7.346123218536377
4,melville,1185,twain,7.5450219810009
4,melville,1186,train,3.453006088733673
4,melville,1186,baum,7.271619200706482
4,melville,1186,thompson,7.680193662643433
4,melville,1186,dickens,7.359018732000281
4,melville,1186,melville,6.542018270492553
4,melville,1186,wells,7.006357669830322
4,melville,1186,austen,7.024767478307088
4,melville,1186,fitzgerald,7.3416218757629395
4,melville,1186,twain,7.562300115823746
4,melville,1187,train,3.474134892225265
4,melville,1187,baum,7.260563611984253
4,melville,1187,thompson,7.675661325454712
4,melville,1187,dickens,7.330210597426803
4,melville,1187,melville,6.5234297752380375
4,melville,1187,wells,6.993633389472961
4,melville,1187,austen,6.998838901519775
4,melville,1187,fitzgerald,7.342748483022054
4,melville,1187,twain,7.53653821349144
4,melville,1188,train,3.4626921713352203
4,melville,1188,baum,7.259425163269043
4,melville,1188,thompson,7.665277242660522
4,melville,1188,dickens,7.3433806984512895
4,melville,1188,melville,6.536569404602051
4,melville,1188,wells,6.981898546218872
4,melville,1188,austen,7.010939995447795
4,melville,1188,fitzgerald,7.32828704516093
4,melville,1188,twain,7.541500717401504
4,melville,1189,train,3.43594178557396
4,melville,1189,baum,7.27833080291748
4,melville,1189,thompson,7.683689117431641
4,melville,1189,dickens,7.358599450853136
4,melville,1189,melville,6.531249046325684
4,melville,1189,wells,6.997263669967651
4,melville,1189,austen,7.016698042551677
4,melville,1189,fitzgerald,7.353214661280314
4,melville,1189,twain,7.555121153593063
4,melville,1190,train,3.4329048693180084
4,melville,1190,baum,7.27397608757019
4,melville,1190,thompson,7.683042883872986
4,melville,1190,dickens,7.345718136540166
4,melville,1190,melville,6.531082034111023
4,melville,1190,wells,6.989503145217896
4,melville,1190,austen,7.008090893427531
4,melville,1190,fitzgerald,7.338600556055705
4,melville,1190,twain,7.543757349252701
4,melville,1191,train,3.463946968317032
4,melville,1191,baum,7.263867855072021
4,melville,1191,thompson,7.673811197280884
4,melville,1191,dickens,7.346911818892868
4,melville,1191,melville,6.52031557559967
4,melville,1191,wells,6.985920667648315
4,melville,1191,austen,7.008296251296997
4,melville,1191,fitzgerald,7.346011479695638
4,melville,1191,twain,7.54903256893158
4,melville,1192,train,3.458548754453659
4,melville,1192,baum,7.286000847816467
4,melville,1192,thompson,7.695514440536499
4,melville,1192,dickens,7.356738125836408
4,melville,1192,melville,6.556477546691895
4,melville,1192,wells,7.009763956069946
4,melville,1192,austen,7.028064727783203
4,melville,1192,fitzgerald,7.339782238006592
4,melville,1192,twain,7.573709815740585
4,melville,1193,train,3.462949812412262
4,melville,1193,baum,7.281614065170288
4,melville,1193,thompson,7.687175512313843
4,melville,1193,dickens,7.3420215182834205
4,melville,1193,melville,6.528094124794007
4,melville,1193,wells,7.002452254295349
4,melville,1193,austen,7.006523132324219
4,melville,1193,fitzgerald,7.348229646682739
4,melville,1193,twain,7.556013226509094
4,melville,1194,train,3.4348329603672028
4,melville,1194,baum,7.282864332199097
4,melville,1194,thompson,7.679970979690552
4,melville,1194,dickens,7.335854371388753
4,melville,1194,melville,6.523761773109436
4,melville,1194,wells,7.006363868713379
4,melville,1194,austen,7.022909879684448
4,melville,1194,fitzgerald,7.354243596394856
4,melville,1194,twain,7.563846886157989
4,melville,1195,train,3.4485425651073456
4,melville,1195,baum,7.2710654735565186
4,melville,1195,thompson,7.680309295654297
4,melville,1195,dickens,7.321753943407977
4,melville,1195,melville,6.524436354637146
4,melville,1195,wells,6.995995879173279
4,melville,1195,austen,7.007511854171753
4,melville,1195,fitzgerald,7.3387184937795
4,melville,1195,twain,7.555807858705521
4,melville,1196,train,3.428553283214569
4,melville,1196,baum,7.30648398399353
4,melville,1196,thompson,7.707186818122864
4,melville,1196,dickens,7.372914208306207
4,melville,1196,melville,6.550036382675171
4,melville,1196,wells,7.01014506816864
4,melville,1196,austen,7.026663939158122
4,melville,1196,fitzgerald,7.363573630650838
4,melville,1196,twain,7.57052281498909
4,melville,1197,train,3.457719564437866
4,melville,1197,baum,7.295690417289734
4,melville,1197,thompson,7.702386379241943
4,melville,1197,dickens,7.378302803745976
4,melville,1197,melville,6.551238489151001
4,melville,1197,wells,7.01213014125824
4,melville,1197,austen,7.024551153182983
4,melville,1197,fitzgerald,7.356184720993042
4,melville,1197,twain,7.575977265834808
4,melville,1198,train,3.440548181533813
4,melville,1198,baum,7.296936750411987
4,melville,1198,thompson,7.7106510400772095
4,melville,1198,dickens,7.366681876005949
4,melville,1198,melville,6.554784893989563
4,melville,1198,wells,7.008531808853149
4,melville,1198,austen,7.025288820266724
4,melville,1198,fitzgerald,7.358671029408772
4,melville,1198,twain,7.5765600502491
4,melville,1199,train,3.425089687108993
4,melville,1199,baum,7.293856620788574
4,melville,1199,thompson,7.697577595710754
4,melville,1199,dickens,7.357201187698929
4,melville,1199,melville,6.547242546081543
4,melville,1199,wells,7.0129945278167725
4,melville,1199,austen,7.026001612345378
4,melville,1199,fitzgerald,7.368935664494832
4,melville,1199,twain,7.5684774518013
4,melville,1200,train,3.4493129551410675
4,melville,1200,baum,7.292973637580872
4,melville,1200,thompson,7.708564758300781
4,melville,1200,dickens,7.36276713124028
4,melville,1200,melville,6.556015110015869
4,melville,1200,wells,7.016219854354858
4,melville,1200,austen,7.0300493240356445
4,melville,1200,fitzgerald,7.36762261390686
4,melville,1200,twain,7.579392850399017
4,melville,1201,train,3.435608744621277
4,melville,1201,baum,7.293596267700195
4,melville,1201,thompson,7.706374764442444
4,melville,1201,dickens,7.366207264087818
4,melville,1201,melville,6.550459289550782
4,melville,1201,wells,7.0127809047698975
4,melville,1201,austen,7.022394339243571
4,melville,1201,fitzgerald,7.368205229441325
4,melville,1201,twain,7.576768010854721
4,melville,1202,train,3.43699312210083
4,melville,1202,baum,7.284205794334412
4,melville,1202,thompson,7.709499835968018
4,melville,1202,dickens,7.367428973869041
4,melville,1202,melville,6.547541546821594
4,melville,1202,wells,7.015567779541016
4,melville,1202,austen,7.016648689905803
4,melville,1202,fitzgerald,7.361825545628865
4,melville,1202,twain,7.574323505163193
4,melville,1203,train,3.423730820417404
4,melville,1203,baum,7.305134534835815
4,melville,1203,thompson,7.709253787994385
4,melville,1203,dickens,7.385362501497622
4,melville,1203,melville,6.5520223617553714
4,melville,1203,wells,7.026577353477478
4,melville,1203,austen,7.041619777679443
4,melville,1203,fitzgerald,7.377762317657471
4,melville,1203,twain,7.573581874370575
4,melville,1204,train,3.391467601060868
4,melville,1204,baum,7.306768298149109
4,melville,1204,thompson,7.716068506240845
4,melville,1204,dickens,7.3862463103400335
4,melville,1204,melville,6.547622227668763
4,melville,1204,wells,7.025333404541016
4,melville,1204,austen,7.039895693461101
4,melville,1204,fitzgerald,7.382170120875041
4,melville,1204,twain,7.574010342359543
4,melville,1205,train,3.4218234419822693
4,melville,1205,baum,7.3236565589904785
4,melville,1205,thompson,7.726156115531921
4,melville,1205,dickens,7.4035106588293
4,melville,1205,melville,6.556525278091431
4,melville,1205,wells,7.037979364395142
4,melville,1205,austen,7.05935796101888
4,melville,1205,fitzgerald,7.395785808563232
4,melville,1205,twain,7.5759133994579315
4,melville,1206,train,3.444811195135117
4,melville,1206,baum,7.324573397636414
4,melville,1206,thompson,7.739049315452576
4,melville,1206,dickens,7.402329480206525
4,melville,1206,melville,6.567341208457947
4,melville,1206,wells,7.039675712585449
4,melville,1206,austen,7.055539766947429
4,melville,1206,fitzgerald,7.387699683507283
4,melville,1206,twain,7.5983269810676575
4,melville,1207,train,3.419384479522705
4,melville,1207,baum,7.311882734298706
4,melville,1207,thompson,7.724277377128601
4,melville,1207,dickens,7.394688323692039
4,melville,1207,melville,6.560449838638306
4,melville,1207,wells,7.039409041404724
4,melville,1207,austen,7.056641101837158
4,melville,1207,fitzgerald,7.376444021860759
4,melville,1207,twain,7.596326917409897
4,melville,1208,train,3.426407992839813
4,melville,1208,baum,7.304657936096191
4,melville,1208,thompson,7.712253928184509
4,melville,1208,dickens,7.383326000637478
4,melville,1208,melville,6.5607229471206665
4,melville,1208,wells,7.021036028862
4,melville,1208,austen,7.043787002563477
4,melville,1208,fitzgerald,7.354475657145183
4,melville,1208,twain,7.585716933012009
4,melville,1209,train,3.442188322544098
4,melville,1209,baum,7.314108967781067
4,melville,1209,thompson,7.722748279571533
4,melville,1209,dickens,7.398383970613833
4,melville,1209,melville,6.548601889610291
4,melville,1209,wells,7.047830820083618
4,melville,1209,austen,7.049479564030965
4,melville,1209,fitzgerald,7.390192031860352
4,melville,1209,twain,7.588871121406555
4,melville,1210,train,3.4287470877170563
4,melville,1210,baum,7.322022438049316
4,melville,1210,thompson,7.739749193191528
4,melville,1210,dickens,7.414137557700828
4,melville,1210,melville,6.572546887397766
4,melville,1210,wells,7.048866391181946
4,melville,1210,austen,7.055852810541789
4,melville,1210,fitzgerald,7.387893517812093
4,melville,1210,twain,7.598006725311279
4,melville,1211,train,3.4321779906749725
4,melville,1211,baum,7.334012389183044
4,melville,1211,thompson,7.739192962646484
4,melville,1211,dickens,7.410522831810845
4,melville,1211,melville,6.5645756959915165
4,melville,1211,wells,7.056228160858154
4,melville,1211,austen,7.059307813644409
4,melville,1211,fitzgerald,7.390271584192912
4,melville,1211,twain,7.603342205286026
4,melville,1212,train,3.398185133934021
4,melville,1212,baum,7.318327069282532
4,melville,1212,thompson,7.727110743522644
4,melville,1212,dickens,7.40705265822234
4,melville,1212,melville,6.554319834709167
4,melville,1212,wells,7.045487284660339
4,melville,1212,austen,7.057317495346069
4,melville,1212,fitzgerald,7.384884039560954
4,melville,1212,twain,7.603531152009964
4,melville,1213,train,3.415850430727005
4,melville,1213,baum,7.313779950141907
4,melville,1213,thompson,7.730503678321838
4,melville,1213,dickens,7.389760529553449
4,melville,1213,melville,6.559871315956116
4,melville,1213,wells,7.034396529197693
4,melville,1213,austen,7.048780043919881
4,melville,1213,fitzgerald,7.380676905314128
4,melville,1213,twain,7.599461227655411
4,melville,1214,train,3.4272770285606384
4,melville,1214,baum,7.286384701728821
4,melville,1214,thompson,7.704679727554321
4,melville,1214,dickens,7.365408879739267
4,melville,1214,melville,6.546303629875183
4,melville,1214,wells,7.032931566238403
4,melville,1214,austen,7.025539557139079
4,melville,1214,fitzgerald,7.370392402013143
4,melville,1214,twain,7.583866745233536
4,melville,1215,train,3.401414930820465
4,melville,1215,baum,7.306143641471863
4,melville,1215,thompson,7.713501930236816
4,melville,1215,dickens,7.37125516820837
4,melville,1215,melville,6.571957540512085
4,melville,1215,wells,7.030937552452087
4,melville,1215,austen,7.028427759806315
4,melville,1215,fitzgerald,7.378636280695598
4,melville,1215,twain,7.582247257232666
4,melville,1216,train,3.437406778335572
4,melville,1216,baum,7.31302809715271
4,melville,1216,thompson,7.725210070610046
4,melville,1216,dickens,7.412001698105423
4,melville,1216,melville,6.568441581726074
4,melville,1216,wells,7.037683725357056
4,melville,1216,austen,7.048825184504191
4,melville,1216,fitzgerald,7.382604757944743
4,melville,1216,twain,7.600149065256119
4,melville,1217,train,3.373004883527756
4,melville,1217,baum,7.32820737361908
4,melville,1217,thompson,7.742848992347717
4,melville,1217,dickens,7.413334457962601
4,melville,1217,melville,6.566765975952149
4,melville,1217,wells,7.049584627151489
4,melville,1217,austen,7.065823952356975
4,melville,1217,fitzgerald,7.391602834065755
4,melville,1217,twain,7.609430104494095
4,melville,1218,train,3.4144843220710754
4,melville,1218,baum,7.338841557502747
4,melville,1218,thompson,7.732271552085876
4,melville,1218,dickens,7.430173962204544
4,melville,1218,melville,6.560485363006592
4,melville,1218,wells,7.06829845905304
4,melville,1218,austen,7.075888395309448
4,melville,1218,fitzgerald,7.395218372344971
4,melville,1218,twain,7.606081306934357
4,melville,1219,train,3.4077454209327698
4,melville,1219,baum,7.327643871307373
4,melville,1219,thompson,7.729285001754761
4,melville,1219,dickens,7.406156045419198
4,melville,1219,melville,6.574101233482361
4,melville,1219,wells,7.034391403198242
4,melville,1219,austen,7.05406379699707
4,melville,1219,fitzgerald,7.392795244852702
4,melville,1219,twain,7.601711988449097
4,melville,1220,train,3.406363427639008
4,melville,1220,baum,7.310775399208069
4,melville,1220,thompson,7.712038040161133
4,melville,1220,dickens,7.365173039612947
4,melville,1220,melville,6.560981297492981
4,melville,1220,wells,7.025656700134277
4,melville,1220,austen,7.030629316965739
4,melville,1220,fitzgerald,7.3706715901692705
4,melville,1220,twain,7.588112503290176
4,melville,1221,train,3.4016462564468384
4,melville,1221,baum,7.315117001533508
4,melville,1221,thompson,7.728274464607239
4,melville,1221,dickens,7.396881456728335
4,melville,1221,melville,6.561833763122559
4,melville,1221,wells,7.042163133621216
4,melville,1221,austen,7.050368150075276
4,melville,1221,fitzgerald,7.389491399129231
4,melville,1221,twain,7.600012302398682
4,melville,1222,train,3.375992000102997
4,melville,1222,baum,7.344600439071655
4,melville,1222,thompson,7.761469721794128
4,melville,1222,dickens,7.435763835906982
4,melville,1222,melville,6.582117700576783
4,melville,1222,wells,7.055530071258545
4,melville,1222,austen,7.078057209650676
4,melville,1222,fitzgerald,7.410892566045125
4,melville,1222,twain,7.612480610609055
4,melville,1223,train,3.3956459164619446
4,melville,1223,baum,7.307016134262085
4,melville,1223,thompson,7.722642779350281
4,melville,1223,dickens,7.400200137385616
4,melville,1223,melville,6.556807160377502
4,melville,1223,wells,7.045289516448975
4,melville,1223,austen,7.046133120854695
4,melville,1223,fitzgerald,7.3812886873881025
4,melville,1223,twain,7.59587287902832
4,melville,1224,train,3.41265082359314
4,melville,1224,baum,7.342651009559631
4,melville,1224,thompson,7.756112217903137
4,melville,1224,dickens,7.415421256312618
4,melville,1224,melville,6.575848269462585
4,melville,1224,wells,7.06035315990448
4,melville,1224,austen,7.071421464284261
4,melville,1224,fitzgerald,7.405486583709717
4,melville,1224,twain,7.608808428049087
4,melville,1225,train,3.429618686437607
4,melville,1225,baum,7.341661095619202
4,melville,1225,thompson,7.757578015327454
4,melville,1225,dickens,7.433712429470486
4,melville,1225,melville,6.579265999794006
4,melville,1225,wells,7.065070986747742
4,melville,1225,austen,7.078652699788411
4,melville,1225,fitzgerald,7.406290610631307
4,melville,1225,twain,7.617627918720245
4,melville,1226,train,3.393532395362854
4,melville,1226,baum,7.338677644729614
4,melville,1226,thompson,7.746853590011597
4,melville,1226,dickens,7.426107441937482
4,melville,1226,melville,6.575192594528199
4,melville,1226,wells,7.064648509025574
4,melville,1226,austen,7.072880109151204
4,melville,1226,fitzgerald,7.410496632258098
4,melville,1226,twain,7.622241944074631
4,melville,1227,train,3.4203922748565674
4,melville,1227,baum,7.348466873168945
4,melville,1227,thompson,7.749520301818848
4,melville,1227,dickens,7.422224857189037
4,melville,1227,melville,6.583483934402466
4,melville,1227,wells,7.06299901008606
4,melville,1227,austen,7.076838811238607
4,melville,1227,fitzgerald,7.413492838541667
4,melville,1227,twain,7.618174642324448
4,melville,1228,train,3.373245656490326
4,melville,1228,baum,7.353263020515442
4,melville,1228,thompson,7.75089168548584
4,melville,1228,dickens,7.440784789897777
4,melville,1228,melville,6.589351868629455
4,melville,1228,wells,7.077208518981934
4,melville,1228,austen,7.0816835562388105
4,melville,1228,fitzgerald,7.412874857584636
4,melville,1228,twain,7.625950038433075
4,melville,1229,train,3.3941469490528107
4,melville,1229,baum,7.35964035987854
4,melville,1229,thompson,7.778260231018066
4,melville,1229,dickens,7.437441190083821
4,melville,1229,melville,6.5988513946533205
4,melville,1229,wells,7.073534369468689
4,melville,1229,austen,7.088387966156006
4,melville,1229,fitzgerald,7.424292167027791
4,melville,1229,twain,7.630764842033386
4,melville,1230,train,3.3928645849227905
4,melville,1230,baum,7.352660536766052
4,melville,1230,thompson,7.765913963317871
4,melville,1230,dickens,7.409353485813847
4,melville,1230,melville,6.591187644004822
4,melville,1230,wells,7.070910573005676
4,melville,1230,austen,7.080044349034627
4,melville,1230,fitzgerald,7.419128020604451
4,melville,1230,twain,7.6262407302856445
4,melville,1231,train,3.377493739128113
4,melville,1231,baum,7.342232942581177
4,melville,1231,thompson,7.760358572006226
4,melville,1231,dickens,7.401244057549371
4,melville,1231,melville,6.593115568161011
4,melville,1231,wells,7.074019908905029
4,melville,1231,austen,7.080950419108073
4,melville,1231,fitzgerald,7.405166308085124
4,melville,1231,twain,7.6358605325222015
4,melville,1232,train,3.4095568656921387
4,melville,1232,baum,7.33428168296814
4,melville,1232,thompson,7.7430579662323
4,melville,1232,dickens,7.40610588921441
4,melville,1232,melville,6.598656129837036
4,melville,1232,wells,7.054108619689941
4,melville,1232,austen,7.051166772842407
4,melville,1232,fitzgerald,7.401777585347493
4,melville,1232,twain,7.621313750743866
4,melville,1233,train,3.3804012835025787
4,melville,1233,baum,7.358254551887512
4,melville,1233,thompson,7.757352113723755
4,melville,1233,dickens,7.434271512208162
4,melville,1233,melville,6.595579218864441
4,melville,1233,wells,7.082332611083984
4,melville,1233,austen,7.0980344613393145
4,melville,1233,fitzgerald,7.420107285181682
4,melville,1233,twain,7.642866641283035
4,melville,1234,train,3.397009789943695
4,melville,1234,baum,7.336034655570984
4,melville,1234,thompson,7.742077827453613
4,melville,1234,dickens,7.40260233702483
4,melville,1234,melville,6.573284220695496
4,melville,1234,wells,7.049945712089539
4,melville,1234,austen,7.064358870188396
4,melville,1234,fitzgerald,7.410138209660848
4,melville,1234,twain,7.614882111549377
4,melville,1235,train,3.4004015922546387
4,melville,1235,baum,7.354704737663269
4,melville,1235,thompson,7.757107377052307
4,melville,1235,dickens,7.420830073180022
4,melville,1235,melville,6.575586342811585
4,melville,1235,wells,7.072669506072998
4,melville,1235,austen,7.082160711288452
4,melville,1235,fitzgerald,7.41990327835083
4,melville,1235,twain,7.64196503162384
4,melville,1236,train,3.346784383058548
4,melville,1236,baum,7.369848966598511
4,melville,1236,thompson,7.779925346374512
4,melville,1236,dickens,7.447186787923177
4,melville,1236,melville,6.616841745376587
4,melville,1236,wells,7.087093353271484
4,melville,1236,austen,7.106452306111653
4,melville,1236,fitzgerald,7.427627166112264
4,melville,1236,twain,7.648258417844772
4,melville,1237,train,3.385043263435364
4,melville,1237,baum,7.35357403755188
4,melville,1237,thompson,7.768509984016418
4,melville,1237,dickens,7.438172728927047
4,melville,1237,melville,6.587292885780334
4,melville,1237,wells,7.096487045288086
4,melville,1237,austen,7.089417219161987
4,melville,1237,fitzgerald,7.422179460525513
4,melville,1237,twain,7.647004514932632
4,melville,1238,train,3.392088532447815
4,melville,1238,baum,7.360855221748352
4,melville,1238,thompson,7.775960445404053
4,melville,1238,dickens,7.42985815472073
4,melville,1238,melville,6.597605276107788
4,melville,1238,wells,7.088871240615845
4,melville,1238,austen,7.091551621754964
4,melville,1238,fitzgerald,7.435659885406494
4,melville,1238,twain,7.641549646854401
4,melville,1239,train,3.355702102184296
4,melville,1239,baum,7.3437734842300415
4,melville,1239,thompson,7.752723336219788
4,melville,1239,dickens,7.409732712639703
4,melville,1239,melville,6.574908709526062
4,melville,1239,wells,7.072108864784241
4,melville,1239,austen,7.062634468078613
4,melville,1239,fitzgerald,7.420277992884318
4,melville,1239,twain,7.630318313837051
4,melville,1240,train,3.375589251518249
4,melville,1240,baum,7.353205919265747
4,melville,1240,thompson,7.767685532569885
4,melville,1240,dickens,7.423380233623363
4,melville,1240,melville,6.596252226829529
4,melville,1240,wells,7.0702550411224365
4,melville,1240,austen,7.07217796643575
4,melville,1240,fitzgerald,7.411641677220662
4,melville,1240,twain,7.634321928024292
4,melville,1241,train,3.3985370099544525
4,melville,1241,baum,7.361315846443176
4,melville,1241,thompson,7.779341340065002
4,melville,1241,dickens,7.450503843801993
4,melville,1241,melville,6.594185543060303
4,melville,1241,wells,7.0922911167144775
4,melville,1241,austen,7.095110972722371
4,melville,1241,fitzgerald,7.429107348124186
4,melville,1241,twain,7.651258558034897
4,melville,1242,train,3.3706009685993195
4,melville,1242,baum,7.355955243110657
4,melville,1242,thompson,7.760480642318726
4,melville,1242,dickens,7.426312022738987
4,melville,1242,melville,6.585255241394043
4,melville,1242,wells,7.087065577507019
4,melville,1242,austen,7.081607103347778
4,melville,1242,fitzgerald,7.4378440380096436
4,melville,1242,twain,7.636263012886047
4,melville,1243,train,3.359700888395309
4,melville,1243,baum,7.3899126052856445
4,melville,1243,thompson,7.801536679267883
4,melville,1243,dickens,7.47465036533497
4,melville,1243,melville,6.615198540687561
4,melville,1243,wells,7.099839448928833
4,melville,1243,austen,7.11139718691508
4,melville,1243,fitzgerald,7.451847473780314
4,melville,1243,twain,7.659311890602112
4,melville,1244,train,3.3676076233387
4,melville,1244,baum,7.375134468078613
4,melville,1244,thompson,7.789330840110779
4,melville,1244,dickens,7.44943360929136
4,melville,1244,melville,6.591358733177185
4,melville,1244,wells,7.090059280395508
4,melville,1244,austen,7.094237724939982
4,melville,1244,fitzgerald,7.446429014205933
4,melville,1244,twain,7.639541298151016
4,melville,1245,train,3.394696325063705
4,melville,1245,baum,7.377899646759033
4,melville,1245,thompson,7.78365683555603
4,melville,1245,dickens,7.441163804796007
4,melville,1245,melville,6.590968370437622
4,melville,1245,wells,7.097180247306824
4,melville,1245,austen,7.108276764551799
4,melville,1245,fitzgerald,7.44708267847697
4,melville,1245,twain,7.651411026716232
4,melville,1246,train,3.3749371469020844
4,melville,1246,baum,7.387967109680176
4,melville,1246,thompson,7.800553202629089
4,melville,1246,dickens,7.465982136902986
4,melville,1246,melville,6.6256129264831545
4,melville,1246,wells,7.107974171638489
4,melville,1246,austen,7.119640986124675
4,melville,1246,fitzgerald,7.447368542353312
4,melville,1246,twain,7.662861198186874
4,melville,1247,train,3.347412496805191
4,melville,1247,baum,7.379277348518372
4,melville,1247,thompson,7.785530090332031
4,melville,1247,dickens,7.456471478497541
4,melville,1247,melville,6.593754720687866
4,melville,1247,wells,7.0912394523620605
4,melville,1247,austen,7.1011983553568525
4,melville,1247,fitzgerald,7.437187671661377
4,melville,1247,twain,7.645727306604385
4,melville,1248,train,3.371780335903168
4,melville,1248,baum,7.366984486579895
4,melville,1248,thompson,7.768407940864563
4,melville,1248,dickens,7.442878228646737
4,melville,1248,melville,6.597364068031311
4,melville,1248,wells,7.094103455543518
4,melville,1248,austen,7.099565744400024
4,melville,1248,fitzgerald,7.433387915293376
4,melville,1248,twain,7.658314079046249
4,melville,1249,train,3.3582582473754883
4,melville,1249,baum,7.37165105342865
4,melville,1249,thompson,7.771157383918762
4,melville,1249,dickens,7.425022178226047
4,melville,1249,melville,6.595038843154907
4,melville,1249,wells,7.08922004699707
4,melville,1249,austen,7.093568563461304
4,melville,1249,fitzgerald,7.427893002827962
4,melville,1249,twain,7.649838328361511
4,melville,1250,train,3.3734352588653564
4,melville,1250,baum,7.377019762992859
4,melville,1250,thompson,7.786028504371643
4,melville,1250,dickens,7.454248852199978
4,melville,1250,melville,6.592291641235351
4,melville,1250,wells,7.097364544868469
4,melville,1250,austen,7.0963090260823565
4,melville,1250,fitzgerald,7.43689759572347
4,melville,1250,twain,7.653887897729874
4,melville,1251,train,3.3545520305633545
4,melville,1251,baum,7.367750644683838
4,melville,1251,thompson,7.783758521080017
4,melville,1251,dickens,7.450035625033909
4,melville,1251,melville,6.607694172859192
4,melville,1251,wells,7.088700652122498
4,melville,1251,austen,7.094898223876953
4,melville,1251,fitzgerald,7.434909502665202
4,melville,1251,twain,7.651196032762527
4,melville,1252,train,3.350230008363724
4,melville,1252,baum,7.381915807723999
4,melville,1252,thompson,7.796022534370422
4,melville,1252,dickens,7.455087184906006
4,melville,1252,melville,6.60708212852478
4,melville,1252,wells,7.088179111480713
4,melville,1252,austen,7.095176140467326
4,melville,1252,fitzgerald,7.447431882222493
4,melville,1252,twain,7.654915541410446
4,melville,1253,train,3.377101331949234
4,melville,1253,baum,7.3877458572387695
4,melville,1253,thompson,7.786460280418396
4,melville,1253,dickens,7.450994668183504
4,melville,1253,melville,6.611535215377808
4,melville,1253,wells,7.091090083122253
4,melville,1253,austen,7.109611511230469
4,melville,1253,fitzgerald,7.442615191141765
4,melville,1253,twain,7.654956728219986
4,melville,1254,train,3.360323369503021
4,melville,1254,baum,7.405589818954468
4,melville,1254,thompson,7.811321020126343
4,melville,1254,dickens,7.483055414976897
4,melville,1254,melville,6.615160584449768
4,melville,1254,wells,7.105351686477661
4,melville,1254,austen,7.124758402506511
4,melville,1254,fitzgerald,7.463399728139241
4,melville,1254,twain,7.654477417469025
4,melville,1255,train,3.3537417352199554
4,melville,1255,baum,7.419869422912598
4,melville,1255,thompson,7.818604826927185
4,melville,1255,dickens,7.486875516396982
4,melville,1255,melville,6.6126521825790405
4,melville,1255,wells,7.114267945289612
4,melville,1255,austen,7.139876365661621
4,melville,1255,fitzgerald,7.47724191347758
4,melville,1255,twain,7.676910638809204
4,melville,1256,train,3.309227734804153
4,melville,1256,baum,7.397710084915161
4,melville,1256,thompson,7.810622215270996
4,melville,1256,dickens,7.472046004401313
4,melville,1256,melville,6.61332848072052
4,melville,1256,wells,7.103257894515991
4,melville,1256,austen,7.121062676111857
4,melville,1256,fitzgerald,7.460644006729126
4,melville,1256,twain,7.670910656452179
4,melville,1257,train,3.365043431520462
4,melville,1257,baum,7.403925776481628
4,melville,1257,thompson,7.80964469909668
4,melville,1257,dickens,7.475924827434398
4,melville,1257,melville,6.61178240776062
4,melville,1257,wells,7.113836646080017
4,melville,1257,austen,7.114651044209798
4,melville,1257,fitzgerald,7.468765179316203
4,melville,1257,twain,7.672452658414841
4,melville,1258,train,3.3444587886333466
4,melville,1258,baum,7.384035348892212
4,melville,1258,thompson,7.796987891197205
4,melville,1258,dickens,7.446922249264187
4,melville,1258,melville,6.620221638679505
4,melville,1258,wells,7.107948064804077
4,melville,1258,austen,7.1074853738149
4,melville,1258,fitzgerald,7.451006253560384
4,melville,1258,twain,7.674017012119293
4,melville,1259,train,3.350266426801681
4,melville,1259,baum,7.422866582870483
4,melville,1259,thompson,7.828794836997986
4,melville,1259,dickens,7.500468766247785
4,melville,1259,melville,6.633932375907898
4,melville,1259,wells,7.129670262336731
4,melville,1259,austen,7.144800742467244
4,melville,1259,fitzgerald,7.485124270121257
4,melville,1259,twain,7.695555418729782
4,melville,1260,train,3.3496456146240234
4,melville,1260,baum,7.406817674636841
4,melville,1260,thompson,7.820759177207947
4,melville,1260,dickens,7.495362158174868
4,melville,1260,melville,6.620605325698852
4,melville,1260,wells,7.120270133018494
4,melville,1260,austen,7.136806488037109
4,melville,1260,fitzgerald,7.484437624613444
4,melville,1260,twain,7.6816012263298035
4,melville,1261,train,3.381612628698349
4,melville,1261,baum,7.393013119697571
4,melville,1261,thompson,7.799116730690002
4,melville,1261,dickens,7.4763687098467795
4,melville,1261,melville,6.62746832370758
4,melville,1261,wells,7.103418111801148
4,melville,1261,austen,7.124127388000488
4,melville,1261,fitzgerald,7.452070077260335
4,melville,1261,twain,7.668923228979111
4,melville,1262,train,3.335035264492035
4,melville,1262,baum,7.382516264915466
4,melville,1262,thompson,7.7994163036346436
4,melville,1262,dickens,7.470678364789045
4,melville,1262,melville,6.616779828071595
4,melville,1262,wells,7.110889434814453
4,melville,1262,austen,7.11229681968689
4,melville,1262,fitzgerald,7.455052375793457
4,melville,1262,twain,7.672367870807648
4,melville,1263,train,3.335340112447738
4,melville,1263,baum,7.4043208360672
4,melville,1263,thompson,7.82124924659729
4,melville,1263,dickens,7.487231325220178
4,melville,1263,melville,6.631686353683472
4,melville,1263,wells,7.122459530830383
4,melville,1263,austen,7.141297976175944
4,melville,1263,fitzgerald,7.468860626220703
4,melville,1263,twain,7.688788414001465
4,melville,1264,train,3.3138546645641327
4,melville,1264,baum,7.3911861181259155
4,melville,1264,thompson,7.801641464233398
4,melville,1264,dickens,7.454784428631818
4,melville,1264,melville,6.610585188865661
4,melville,1264,wells,7.095293045043945
4,melville,1264,austen,7.102452834447225
4,melville,1264,fitzgerald,7.457640012105306
4,melville,1264,twain,7.662868112325668
4,melville,1265,train,3.3367892801761627
4,melville,1265,baum,7.4046841859817505
4,melville,1265,thompson,7.822701096534729
4,melville,1265,dickens,7.481407977916576
4,melville,1265,melville,6.621432399749756
4,melville,1265,wells,7.124693393707275
4,melville,1265,austen,7.122778415679932
4,melville,1265,fitzgerald,7.469651222229004
4,melville,1265,twain,7.684060871601105
4,melville,1266,train,3.329582273960113
4,melville,1266,baum,7.418683886528015
4,melville,1266,thompson,7.837705016136169
4,melville,1266,dickens,7.500059251432066
4,melville,1266,melville,6.637023043632508
4,melville,1266,wells,7.141198635101318
4,melville,1266,austen,7.146945953369141
4,melville,1266,fitzgerald,7.481729189554851
4,melville,1266,twain,7.698214918375015
4,melville,1267,train,3.332140058279037
4,melville,1267,baum,7.399140357971191
4,melville,1267,thompson,7.815852522850037
4,melville,1267,dickens,7.48406297189218
4,melville,1267,melville,6.635379958152771
4,melville,1267,wells,7.124888181686401
4,melville,1267,austen,7.121170997619629
4,melville,1267,fitzgerald,7.469776630401611
4,melville,1267,twain,7.680377215147018
4,melville,1268,train,3.3247026801109314
4,melville,1268,baum,7.401827335357666
4,melville,1268,thompson,7.81843888759613
4,melville,1268,dickens,7.477554250646521
4,melville,1268,melville,6.630050373077393
4,melville,1268,wells,7.1183894872665405
4,melville,1268,austen,7.129448572794597
4,melville,1268,fitzgerald,7.473185618718465
4,melville,1268,twain,7.68952202796936
4,melville,1269,train,3.345662027597428
4,melville,1269,baum,7.439974546432495
4,melville,1269,thompson,7.855819344520569
4,melville,1269,dickens,7.523357091126619
4,melville,1269,melville,6.651856017112732
4,melville,1269,wells,7.149819850921631
4,melville,1269,austen,7.160348415374756
4,melville,1269,fitzgerald,7.513649781545003
4,melville,1269,twain,7.706768810749054
4,melville,1270,train,3.329240649938584
4,melville,1270,baum,7.420633912086487
4,melville,1270,thompson,7.828957200050354
4,melville,1270,dickens,7.507677290174696
4,melville,1270,melville,6.642686295509338
4,melville,1270,wells,7.144948959350586
4,melville,1270,austen,7.147794961929321
4,melville,1270,fitzgerald,7.480116446812947
4,melville,1270,twain,7.7021224200725555
4,melville,1271,train,3.308394283056259
4,melville,1271,baum,7.411633968353271
4,melville,1271,thompson,7.826115250587463
4,melville,1271,dickens,7.49944997716833
4,melville,1271,melville,6.617607808113098
4,melville,1271,wells,7.146940469741821
4,melville,1271,austen,7.15299654006958
4,melville,1271,fitzgerald,7.4820628960927325
4,melville,1271,twain,7.697224020957947
4,melville,1272,train,3.331802099943161
4,melville,1272,baum,7.40518045425415
4,melville,1272,thompson,7.824384450912476
4,melville,1272,dickens,7.493706032081887
4,melville,1272,melville,6.629177904129028
4,melville,1272,wells,7.12406587600708
4,melville,1272,austen,7.140450954437256
4,melville,1272,fitzgerald,7.474557797114055
4,melville,1272,twain,7.681337922811508
4,melville,1273,train,3.3333612978458405
4,melville,1273,baum,7.419585824012756
4,melville,1273,thompson,7.840241312980652
4,melville,1273,dickens,7.519437895880805
4,melville,1273,melville,6.643329834938049
4,melville,1273,wells,7.147145748138428
4,melville,1273,austen,7.154932101567586
4,melville,1273,fitzgerald,7.498802185058594
4,melville,1273,twain,7.698562681674957
4,melville,1274,train,3.3254009187221527
4,melville,1274,baum,7.434697866439819
4,melville,1274,thompson,7.850502729415893
4,melville,1274,dickens,7.527264806959364
4,melville,1274,melville,6.645235371589661
4,melville,1274,wells,7.164025783538818
4,melville,1274,austen,7.168815692265828
4,melville,1274,fitzgerald,7.5076643625895185
4,melville,1274,twain,7.719305336475372
4,melville,1275,train,3.3240880966186523
4,melville,1275,baum,7.42385733127594
4,melville,1275,thompson,7.839767217636108
4,melville,1275,dickens,7.527274343702528
4,melville,1275,melville,6.644799304008484
4,melville,1275,wells,7.15109920501709
4,melville,1275,austen,7.157345692316691
4,melville,1275,fitzgerald,7.4901688893636065
4,melville,1275,twain,7.706505298614502
4,melville,1276,train,3.3105126917362213
4,melville,1276,baum,7.433848142623901
4,melville,1276,thompson,7.848388075828552
4,melville,1276,dickens,7.521047680466263
4,melville,1276,melville,6.650976300239563
4,melville,1276,wells,7.15834391117096
4,melville,1276,austen,7.150106430053711
4,melville,1276,fitzgerald,7.509836912155151
4,melville,1276,twain,7.710889875888824
4,melville,1277,train,3.334342539310456
4,melville,1277,baum,7.398458957672119
4,melville,1277,thompson,7.821141839027405
4,melville,1277,dickens,7.491535275070755
4,melville,1277,melville,6.624631643295288
4,melville,1277,wells,7.127636551856995
4,melville,1277,austen,7.136068344116211
4,melville,1277,fitzgerald,7.475735505421956
4,melville,1277,twain,7.696772456169128
4,melville,1278,train,3.3227027356624603
4,melville,1278,baum,7.418570041656494
4,melville,1278,thompson,7.849347710609436
4,melville,1278,dickens,7.519985216635245
4,melville,1278,melville,6.63962230682373
4,melville,1278,wells,7.130874395370483
4,melville,1278,austen,7.146437327067058
4,melville,1278,fitzgerald,7.501830975214641
4,melville,1278,twain,7.693356603384018
4,melville,1279,train,3.3040083050727844
4,melville,1279,baum,7.443958640098572
4,melville,1279,thompson,7.861228823661804
4,melville,1279,dickens,7.541053736651385
4,melville,1279,melville,6.668375420570373
4,melville,1279,wells,7.169850587844849
4,melville,1279,austen,7.190564632415772
4,melville,1279,fitzgerald,7.510056177775065
4,melville,1279,twain,7.728096127510071
4,melville,1280,train,3.336193412542343
4,melville,1280,baum,7.411406874656677
4,melville,1280,thompson,7.838505387306213
4,melville,1280,dickens,7.506439138341833
4,melville,1280,melville,6.634388971328735
4,melville,1280,wells,7.150679230690002
4,melville,1280,austen,7.15453306833903
4,melville,1280,fitzgerald,7.494053999582927
4,melville,1280,twain,7.712551444768906
4,melville,1281,train,3.3158904910087585
4,melville,1281,baum,7.411145687103271
4,melville,1281,thompson,7.851732611656189
4,melville,1281,dickens,7.494392448001438
4,melville,1281,melville,6.651486921310425
4,melville,1281,wells,7.146894574165344
4,melville,1281,austen,7.149156093597412
4,melville,1281,fitzgerald,7.501439650853475
4,melville,1281,twain,7.70804825425148
4,melville,1282,train,3.317077219486237
4,melville,1282,baum,7.416591763496399
4,melville,1282,thompson,7.847722768783569
4,melville,1282,dickens,7.510098068802445
4,melville,1282,melville,6.653675198554993
4,melville,1282,wells,7.136939644813538
4,melville,1282,austen,7.140104452768962
4,melville,1282,fitzgerald,7.483901182810466
4,melville,1282,twain,7.696963369846344
4,melville,1283,train,3.3130327463150024
4,melville,1283,baum,7.42542028427124
4,melville,1283,thompson,7.846999168395996
4,melville,1283,dickens,7.52620827710187
4,melville,1283,melville,6.660879182815552
4,melville,1283,wells,7.143810749053955
4,melville,1283,austen,7.156833092371623
4,melville,1283,fitzgerald,7.491759459177653
4,melville,1283,twain,7.713223963975906
4,melville,1284,train,3.322586268186569
4,melville,1284,baum,7.400799751281738
4,melville,1284,thompson,7.8291319608688354
4,melville,1284,dickens,7.50065298433657
4,melville,1284,melville,6.637617015838623
4,melville,1284,wells,7.122504949569702
4,melville,1284,austen,7.140482743581136
4,melville,1284,fitzgerald,7.483148097991943
4,melville,1284,twain,7.698208898305893
4,melville,1285,train,3.288362145423889
4,melville,1285,baum,7.436653971672058
4,melville,1285,thompson,7.8551777601242065
4,melville,1285,dickens,7.504525113988806
4,melville,1285,melville,6.647108316421509
4,melville,1285,wells,7.15104615688324
4,melville,1285,austen,7.166079044342041
4,melville,1285,fitzgerald,7.518916209538777
4,melville,1285,twain,7.707973122596741
4,melville,1286,train,3.3183385133743286
4,melville,1286,baum,7.428011417388916
4,melville,1286,thompson,7.848523855209351
4,melville,1286,dickens,7.521934085422092
4,melville,1286,melville,6.641255331039429
4,melville,1286,wells,7.1491899490356445
4,melville,1286,austen,7.164221843083699
4,melville,1286,fitzgerald,7.510758320490519
4,melville,1286,twain,7.708957672119141
4,melville,1287,train,3.332974284887314
4,melville,1287,baum,7.456923723220825
4,melville,1287,thompson,7.889713287353516
4,melville,1287,dickens,7.551236682467991
4,melville,1287,melville,6.671253204345703
4,melville,1287,wells,7.178924918174744
4,melville,1287,austen,7.1908871332804365
4,melville,1287,fitzgerald,7.529542366663615
4,melville,1287,twain,7.738261640071869
4,melville,1288,train,3.3062558472156525
4,melville,1288,baum,7.438677787780762
4,melville,1288,thompson,7.865208745002747
4,melville,1288,dickens,7.533161428239611
4,melville,1288,melville,6.648615503311158
4,melville,1288,wells,7.161906003952026
4,melville,1288,austen,7.158269008000691
4,melville,1288,fitzgerald,7.521460612614949
4,melville,1288,twain,7.715646862983704
4,melville,1289,train,3.2989901304244995
4,melville,1289,baum,7.441089987754822
4,melville,1289,thompson,7.86827027797699
4,melville,1289,dickens,7.525365511576335
4,melville,1289,melville,6.655693578720093
4,melville,1289,wells,7.151343464851379
4,melville,1289,austen,7.176286617914836
4,melville,1289,fitzgerald,7.519385973612468
4,melville,1289,twain,7.7161585688591
4,melville,1290,train,3.304696589708328
4,melville,1290,baum,7.449268937110901
4,melville,1290,thompson,7.87365996837616
4,melville,1290,dickens,7.537009998604104
4,melville,1290,melville,6.648962926864624
4,melville,1290,wells,7.166032671928406
4,melville,1290,austen,7.174414952596028
4,melville,1290,fitzgerald,7.5301071008046465
4,melville,1290,twain,7.72429096698761
4,melville,1291,train,3.2994874715805054
4,melville,1291,baum,7.445280075073242
4,melville,1291,thompson,7.875603914260864
4,melville,1291,dickens,7.525263980582908
4,melville,1291,melville,6.653876113891601
4,melville,1291,wells,7.1666789054870605
4,melville,1291,austen,7.161087512969971
4,melville,1291,fitzgerald,7.52328634262085
4,melville,1291,twain,7.722686678171158
4,melville,1292,train,3.292343616485596
4,melville,1292,baum,7.464829325675964
4,melville,1292,thompson,7.880537986755371
4,melville,1292,dickens,7.543269510622378
4,melville,1292,melville,6.676444840431214
4,melville,1292,wells,7.169242858886719
4,melville,1292,austen,7.172389030456543
4,melville,1292,fitzgerald,7.530446370442708
4,melville,1292,twain,7.715926617383957
4,melville,1293,train,3.2894479036331177
4,melville,1293,baum,7.445367455482483
4,melville,1293,thompson,7.861796975135803
4,melville,1293,dickens,7.552988847096761
4,melville,1293,melville,6.662955045700073
4,melville,1293,wells,7.167229413986206
4,melville,1293,austen,7.175917466481526
4,melville,1293,fitzgerald,7.518154939015706
4,melville,1293,twain,7.720383673906326
4,melville,1294,train,3.312040865421295
4,melville,1294,baum,7.39981746673584
4,melville,1294,thompson,7.824726581573486
4,melville,1294,dickens,7.495531400044759
4,melville,1294,melville,6.6271913051605225
4,melville,1294,wells,7.129438638687134
4,melville,1294,austen,7.129490772883098
4,melville,1294,fitzgerald,7.480817874272664
4,melville,1294,twain,7.700485289096832
4,melville,1295,train,3.281457245349884
4,melville,1295,baum,7.448271989822388
4,melville,1295,thompson,7.874595522880554
4,melville,1295,dickens,7.53460333082411
4,melville,1295,melville,6.662351822853088
4,melville,1295,wells,7.15759539604187
4,melville,1295,austen,7.17049241065979
4,melville,1295,fitzgerald,7.51978588104248
4,melville,1295,twain,7.71653750538826
4,melville,1296,train,3.299102634191513
4,melville,1296,baum,7.435103058815002
4,melville,1296,thompson,7.858096480369568
4,melville,1296,dickens,7.525573977717647
4,melville,1296,melville,6.655526804924011
4,melville,1296,wells,7.157513499259949
4,melville,1296,austen,7.1624064445495605
4,melville,1296,fitzgerald,7.50311819712321
4,melville,1296,twain,7.722687125205994
4,melville,1297,train,3.2793648838996887
4,melville,1297,baum,7.448254704475403
4,melville,1297,thompson,7.882278084754944
4,melville,1297,dickens,7.538826483267325
4,melville,1297,melville,6.660749721527099
4,melville,1297,wells,7.174222588539124
4,melville,1297,austen,7.188098112742106
4,melville,1297,fitzgerald,7.531925360361735
4,melville,1297,twain,7.735552430152893
4,melville,1298,train,3.305274397134781
4,melville,1298,baum,7.452969789505005
4,melville,1298,thompson,7.870545029640198
4,melville,1298,dickens,7.537865409144649
4,melville,1298,melville,6.64742431640625
4,melville,1298,wells,7.169874787330627
4,melville,1298,austen,7.183647394180298
4,melville,1298,fitzgerald,7.532987435658772
4,melville,1298,twain,7.732033729553223
4,melville,1299,train,3.3059213161468506
4,melville,1299,baum,7.4516761302948
4,melville,1299,thompson,7.874423742294311
4,melville,1299,dickens,7.540055963728163
4,melville,1299,melville,6.664635133743286
4,melville,1299,wells,7.165763735771179
4,melville,1299,austen,7.1776706377665205
4,melville,1299,fitzgerald,7.531141360600789
4,melville,1299,twain,7.7280203104019165
4,melville,1300,train,3.298280656337738
4,melville,1300,baum,7.448395252227783
4,melville,1300,thompson,7.881835579872131
4,melville,1300,dickens,7.542128668891059
4,melville,1300,melville,6.657541966438293
4,melville,1300,wells,7.172458171844482
4,melville,1300,austen,7.182232777277629
4,melville,1300,fitzgerald,7.526595671971639
4,melville,1300,twain,7.72747877240181
4,melville,1301,train,3.27329221367836
4,melville,1301,baum,7.474855422973633
4,melville,1301,thompson,7.896301746368408
4,melville,1301,dickens,7.553779195856165
4,melville,1301,melville,6.679927897453308
4,melville,1301,wells,7.19081461429596
4,melville,1301,austen,7.204673767089844
4,melville,1301,fitzgerald,7.54623015721639
4,melville,1301,twain,7.744206726551056
4,melville,1302,train,3.27396622300148
4,melville,1302,baum,7.452509045600891
4,melville,1302,thompson,7.872219562530518
4,melville,1302,dickens,7.530747978775589
4,melville,1302,melville,6.658521151542663
4,melville,1302,wells,7.184336304664612
4,melville,1302,austen,7.177923202514648
4,melville,1302,fitzgerald,7.530952374140422
4,melville,1302,twain,7.735051840543747
4,melville,1303,train,3.2722188234329224
4,melville,1303,baum,7.449033141136169
4,melville,1303,thompson,7.870377779006958
4,melville,1303,dickens,7.533776936707674
4,melville,1303,melville,6.66816201210022
4,melville,1303,wells,7.180402874946594
4,melville,1303,austen,7.173881610234578
4,melville,1303,fitzgerald,7.528356631596883
4,melville,1303,twain,7.731594920158386
4,melville,1304,train,3.2950292825698853
4,melville,1304,baum,7.4585429430007935
4,melville,1304,thompson,7.884572386741638
4,melville,1304,dickens,7.540495448642307
4,melville,1304,melville,6.676340961456299
4,melville,1304,wells,7.184080004692078
4,melville,1304,austen,7.189314285914104
4,melville,1304,fitzgerald,7.5341761112213135
4,melville,1304,twain,7.7402262687683105
4,melville,1305,train,3.2961956560611725
4,melville,1305,baum,7.474663019180298
4,melville,1305,thompson,7.89712655544281
4,melville,1305,dickens,7.562991707413285
4,melville,1305,melville,6.670609140396119
4,melville,1305,wells,7.199591875076294
4,melville,1305,austen,7.192488431930542
4,melville,1305,fitzgerald,7.567917823791504
4,melville,1305,twain,7.743022948503494
4,melville,1306,train,3.2775736153125763
4,melville,1306,baum,7.490166306495666
4,melville,1306,thompson,7.916088819503784
4,melville,1306,dickens,7.574551299766258
4,melville,1306,melville,6.689474654197693
4,melville,1306,wells,7.226455926895142
4,melville,1306,austen,7.220404386520386
4,melville,1306,fitzgerald,7.566043376922607
4,melville,1306,twain,7.77579003572464
4,melville,1307,train,3.267600029706955
4,melville,1307,baum,7.502033114433289
4,melville,1307,thompson,7.938615798950195
4,melville,1307,dickens,7.60809834798177
4,melville,1307,melville,6.698347330093384
4,melville,1307,wells,7.221862316131592
4,melville,1307,austen,7.229714075724284
4,melville,1307,fitzgerald,7.585136254628499
4,melville,1307,twain,7.763322383165359
4,melville,1308,train,3.2621713280677795
4,melville,1308,baum,7.470938086509705
4,melville,1308,thompson,7.901955723762512
4,melville,1308,dickens,7.57822651333279
4,melville,1308,melville,6.686626744270325
4,melville,1308,wells,7.190785527229309
4,melville,1308,austen,7.202080090840657
4,melville,1308,fitzgerald,7.553681135177612
4,melville,1308,twain,7.747531741857529
4,melville,1309,train,3.2703287303447723
4,melville,1309,baum,7.494823217391968
4,melville,1309,thompson,7.924834966659546
4,melville,1309,dickens,7.594246493445502
4,melville,1309,melville,6.696831059455872
4,melville,1309,wells,7.213290095329285
4,melville,1309,austen,7.229731400807698
4,melville,1309,fitzgerald,7.576502482096354
4,melville,1309,twain,7.762427628040314
4,melville,1310,train,3.2739876806735992
4,melville,1310,baum,7.4860721826553345
4,melville,1310,thompson,7.901548862457275
4,melville,1310,dickens,7.555540614657932
4,melville,1310,melville,6.689054298400879
4,melville,1310,wells,7.193598389625549
4,melville,1310,austen,7.197557767232259
4,melville,1310,fitzgerald,7.569614092508952
4,melville,1310,twain,7.744298011064529
4,melville,1311,train,3.2573273479938507
4,melville,1311,baum,7.504877686500549
4,melville,1311,thompson,7.928555965423584
4,melville,1311,dickens,7.612027645111084
4,melville,1311,melville,6.710279631614685
4,melville,1311,wells,7.219621777534485
4,melville,1311,austen,7.23705792427063
4,melville,1311,fitzgerald,7.579640785853068
4,melville,1311,twain,7.774352222681045
4,melville,1312,train,3.26111900806427
4,melville,1312,baum,7.488948941230774
4,melville,1312,thompson,7.91368567943573
4,melville,1312,dickens,7.590244522801152
4,melville,1312,melville,6.690695190429688
4,melville,1312,wells,7.2158437967300415
4,melville,1312,austen,7.228410720825195
4,melville,1312,fitzgerald,7.565700531005859
4,melville,1312,twain,7.774183064699173
4,melville,1313,train,3.2896301448345184
4,melville,1313,baum,7.476949691772461
4,melville,1313,thompson,7.91103994846344
4,melville,1313,dickens,7.591253404264097
4,melville,1313,melville,6.668749284744263
4,melville,1313,wells,7.203785538673401
4,melville,1313,austen,7.215378522872925
4,melville,1313,fitzgerald,7.569505373636882
4,melville,1313,twain,7.76306626200676
4,melville,1314,train,3.2459774017333984
4,melville,1314,baum,7.499727845191956
4,melville,1314,thompson,7.925436854362488
4,melville,1314,dickens,7.596484820048015
4,melville,1314,melville,6.695643615722656
4,melville,1314,wells,7.206661701202393
4,melville,1314,austen,7.231430530548096
4,melville,1314,fitzgerald,7.57530419031779
4,melville,1314,twain,7.774527162313461
4,melville,1315,train,3.282585918903351
4,melville,1315,baum,7.485570430755615
4,melville,1315,thompson,7.909605622291565
4,melville,1315,dickens,7.5816475903546365
4,melville,1315,melville,6.692388105392456
4,melville,1315,wells,7.199311971664429
4,melville,1315,austen,7.209832429885864
4,melville,1315,fitzgerald,7.565894603729248
4,melville,1315,twain,7.765782237052917
4,melville,1316,train,3.275110363960266
4,melville,1316,baum,7.472059369087219
4,melville,1316,thompson,7.896521806716919
4,melville,1316,dickens,7.575334513628924
4,melville,1316,melville,6.682154798507691
4,melville,1316,wells,7.198598265647888
4,melville,1316,austen,7.200924475987752
4,melville,1316,fitzgerald,7.5501837730407715
4,melville,1316,twain,7.758886247873306
4,melville,1317,train,3.2647904753685
4,melville,1317,baum,7.479323744773865
4,melville,1317,thompson,7.907832264900207
4,melville,1317,dickens,7.576431186110885
4,melville,1317,melville,6.683740973472595
4,melville,1317,wells,7.2083176374435425
4,melville,1317,austen,7.215870221455892
4,melville,1317,fitzgerald,7.562955856323242
4,melville,1317,twain,7.767563492059708
4,melville,1318,train,3.271977543830872
4,melville,1318,baum,7.492632627487183
4,melville,1318,thompson,7.919689416885376
4,melville,1318,dickens,7.5801986588372126
4,melville,1318,melville,6.693184471130371
4,melville,1318,wells,7.2184789180755615
4,melville,1318,austen,7.225353956222534
4,melville,1318,fitzgerald,7.572972695032756
4,melville,1318,twain,7.784345209598541
4,melville,1319,train,3.265954166650772
4,melville,1319,baum,7.484581112861633
4,melville,1319,thompson,7.9110084772109985
4,melville,1319,dickens,7.576645992420338
4,melville,1319,melville,6.696687030792236
4,melville,1319,wells,7.205226421356201
4,melville,1319,austen,7.207382122675578
4,melville,1319,fitzgerald,7.550969123840332
4,melville,1319,twain,7.774848192930222
4,melville,1320,train,3.254018038511276
4,melville,1320,baum,7.48246431350708
4,melville,1320,thompson,7.923648476600647
4,melville,1320,dickens,7.599235340400979
4,melville,1320,melville,6.684947943687439
4,melville,1320,wells,7.217773199081421
4,melville,1320,austen,7.20785133043925
4,melville,1320,fitzgerald,7.572333574295044
4,melville,1320,twain,7.768798768520355
4,melville,1321,train,3.2569910883903503
4,melville,1321,baum,7.506738781929016
4,melville,1321,thompson,7.930475354194641
4,melville,1321,dickens,7.607312891218397
4,melville,1321,melville,6.702408576011658
4,melville,1321,wells,7.220818877220154
4,melville,1321,austen,7.227575143178304
4,melville,1321,fitzgerald,7.586918354034424
4,melville,1321,twain,7.782648533582687
4,melville,1322,train,3.2718188166618347
4,melville,1322,baum,7.492484092712402
4,melville,1322,thompson,7.919313192367554
4,melville,1322,dickens,7.602468702528212
4,melville,1322,melville,6.692233633995056
4,melville,1322,wells,7.213805437088013
4,melville,1322,austen,7.218277851740519
4,melville,1322,fitzgerald,7.572184085845947
4,melville,1322,twain,7.772725462913513
4,melville,1323,train,3.244111269712448
4,melville,1323,baum,7.505323648452759
4,melville,1323,thompson,7.935372710227966
4,melville,1323,dickens,7.594686402214898
4,melville,1323,melville,6.706394243240356
4,melville,1323,wells,7.212339639663696
4,melville,1323,austen,7.223812421162923
4,melville,1323,fitzgerald,7.578417619069417
4,melville,1323,twain,7.783505827188492
4,melville,1324,train,3.2239427268505096
4,melville,1324,baum,7.506311655044556
4,melville,1324,thompson,7.938634037971497
4,melville,1324,dickens,7.614550449230053
4,melville,1324,melville,6.711388635635376
4,melville,1324,wells,7.230160593986511
4,melville,1324,austen,7.244309822718303
4,melville,1324,fitzgerald,7.58217978477478
4,melville,1324,twain,7.786945283412933
4,melville,1325,train,3.248161494731903
4,melville,1325,baum,7.49978494644165
4,melville,1325,thompson,7.932433128356934
4,melville,1325,dickens,7.578210159584328
4,melville,1325,melville,6.709625720977783
4,melville,1325,wells,7.22120988368988
4,melville,1325,austen,7.222016890843709
4,melville,1325,fitzgerald,7.571664174397786
4,melville,1325,twain,7.78899872303009
4,melville,1326,train,3.251239597797394
4,melville,1326,baum,7.5038357973098755
4,melville,1326,thompson,7.939748287200928
4,melville,1326,dickens,7.6005758356165
4,melville,1326,melville,6.696881794929505
4,melville,1326,wells,7.220934867858887
4,melville,1326,austen,7.225483099619548
4,melville,1326,fitzgerald,7.5804970264434814
4,melville,1326,twain,7.788251549005508
4,melville,1327,train,3.2269318103790283
4,melville,1327,baum,7.513768672943115
4,melville,1327,thompson,7.952649831771851
4,melville,1327,dickens,7.619852878429271
4,melville,1327,melville,6.705540323257447
4,melville,1327,wells,7.231271505355835
4,melville,1327,austen,7.240434408187866
4,melville,1327,fitzgerald,7.593136548995972
4,melville,1327,twain,7.793201237916946
4,melville,1328,train,3.247539341449737
4,melville,1328,baum,7.522766947746277
4,melville,1328,thompson,7.942991018295288
4,melville,1328,dickens,7.601560239438657
4,melville,1328,melville,6.6942585706710815
4,melville,1328,wells,7.244033575057983
4,melville,1328,austen,7.226410230000813
4,melville,1328,fitzgerald,7.605963627497355
4,melville,1328,twain,7.787623345851898
4,melville,1329,train,3.25333258509636
4,melville,1329,baum,7.495704650878906
4,melville,1329,thompson,7.930884480476379
4,melville,1329,dickens,7.579973026558205
4,melville,1329,melville,6.712536931037903
4,melville,1329,wells,7.240955710411072
4,melville,1329,austen,7.212748209635417
4,melville,1329,fitzgerald,7.574822743733724
4,melville,1329,twain,7.789435565471649
4,melville,1330,train,3.241162210702896
4,melville,1330,baum,7.535500884056091
4,melville,1330,thompson,7.964850544929504
4,melville,1330,dickens,7.629102053465666
4,melville,1330,melville,6.720531439781189
4,melville,1330,wells,7.25728714466095
4,melville,1330,austen,7.2491029103597
4,melville,1330,fitzgerald,7.610493818918864
4,melville,1330,twain,7.809471517801285
4,melville,1331,train,3.269568681716919
4,melville,1331,baum,7.511987924575806
4,melville,1331,thompson,7.947127819061279
4,melville,1331,dickens,7.620830535888672
4,melville,1331,melville,6.712326240539551
4,melville,1331,wells,7.245442271232605
4,melville,1331,austen,7.238321463267009
4,melville,1331,fitzgerald,7.592465003331502
4,melville,1331,twain,7.794620454311371
4,melville,1332,train,3.2461863458156586
4,melville,1332,baum,7.513300776481628
4,melville,1332,thompson,7.957576751708984
4,melville,1332,dickens,7.614786165731925
4,melville,1332,melville,6.70764126777649
4,melville,1332,wells,7.236414790153503
4,melville,1332,austen,7.235106627146403
4,melville,1332,fitzgerald,7.591860055923462
4,melville,1332,twain,7.797395318746567
4,melville,1333,train,3.2199547290802
4,melville,1333,baum,7.531764030456543
4,melville,1333,thompson,7.964207172393799
4,melville,1333,dickens,7.623158808107729
4,melville,1333,melville,6.72800121307373
4,melville,1333,wells,7.246389150619507
4,melville,1333,austen,7.25351897875468
4,melville,1333,fitzgerald,7.609049002329509
4,melville,1333,twain,7.804973781108856
4,melville,1334,train,3.252783328294754
4,melville,1334,baum,7.525167226791382
4,melville,1334,thompson,7.959471702575684
4,melville,1334,dickens,7.6050388548109265
4,melville,1334,melville,6.715133118629455
4,melville,1334,wells,7.238283514976501
4,melville,1334,austen,7.239893356959025
4,melville,1334,fitzgerald,7.60324215888977
4,melville,1334,twain,7.797944873571396
4,melville,1335,train,3.237753868103028
4,melville,1335,baum,7.542501211166382
4,melville,1335,thompson,7.982194066047668
4,melville,1335,dickens,7.632697652887415
4,melville,1335,melville,6.730185604095459
4,melville,1335,wells,7.254518151283264
4,melville,1335,austen,7.265017588933309
4,melville,1335,fitzgerald,7.618886709213257
4,melville,1335,twain,7.811254024505615
4,melville,1336,train,3.206804096698761
4,melville,1336,baum,7.505130052566528
4,melville,1336,thompson,7.9401772022247314
4,melville,1336,dickens,7.599592350147389
4,melville,1336,melville,6.693263840675354
4,melville,1336,wells,7.238443970680237
4,melville,1336,austen,7.247438351313273
4,melville,1336,fitzgerald,7.596412976582845
4,melville,1336,twain,7.790535032749176
4,melville,1337,train,3.2176699340343475
4,melville,1337,baum,7.523754119873047
4,melville,1337,thompson,7.953969240188599
4,melville,1337,dickens,7.594032093330666
4,melville,1337,melville,6.714688277244568
4,melville,1337,wells,7.220983147621155
4,melville,1337,austen,7.239227135976155
4,melville,1337,fitzgerald,7.596616109212239
4,melville,1337,twain,7.788117349147797
4,melville,1338,train,3.2329176664352417
4,melville,1338,baum,7.534032464027405
4,melville,1338,thompson,7.961436152458191
4,melville,1338,dickens,7.613733291625977
4,melville,1338,melville,6.738943600654602
4,melville,1338,wells,7.237626910209656
4,melville,1338,austen,7.256764809290568
4,melville,1338,fitzgerald,7.596705277760823
4,melville,1338,twain,7.799009919166565
4,melville,1339,train,3.2611856162548065
4,melville,1339,baum,7.522927284240723
4,melville,1339,thompson,7.960304856300354
4,melville,1339,dickens,7.621822816354257
4,melville,1339,melville,6.731169891357422
4,melville,1339,wells,7.242408275604248
4,melville,1339,austen,7.240465561548869
4,melville,1339,fitzgerald,7.589632034301758
4,melville,1339,twain,7.805078208446503
4,melville,1340,train,3.2283207178115845
4,melville,1340,baum,7.53867244720459
4,melville,1340,thompson,7.95657479763031
4,melville,1340,dickens,7.625162424864592
4,melville,1340,melville,6.729264259338379
4,melville,1340,wells,7.241359353065491
4,melville,1340,austen,7.250507752100627
4,melville,1340,fitzgerald,7.606682936350505
4,melville,1340,twain,7.813880234956741
4,melville,1341,train,3.259115546941757
4,melville,1341,baum,7.521418809890747
4,melville,1341,thompson,7.957720518112183
4,melville,1341,dickens,7.624490296399152
4,melville,1341,melville,6.707816100120544
4,melville,1341,wells,7.233061671257019
4,melville,1341,austen,7.241416613260905
4,melville,1341,fitzgerald,7.603044589360555
4,melville,1341,twain,7.801353991031647
4,melville,1342,train,3.215409368276596
4,melville,1342,baum,7.519667744636536
4,melville,1342,thompson,7.954797387123108
4,melville,1342,dickens,7.616327285766602
4,melville,1342,melville,6.712541723251343
4,melville,1342,wells,7.24922513961792
4,melville,1342,austen,7.245985507965088
4,melville,1342,fitzgerald,7.597149689992269
4,melville,1342,twain,7.813963651657104
4,melville,1343,train,3.212434887886048
4,melville,1343,baum,7.555571913719177
4,melville,1343,thompson,7.999946713447571
4,melville,1343,dickens,7.66260920630561
4,melville,1343,melville,6.743693566322326
4,melville,1343,wells,7.269365191459656
4,melville,1343,austen,7.2824907302856445
4,melville,1343,fitzgerald,7.638727108637492
4,melville,1343,twain,7.8363834619522095
4,melville,1344,train,3.20170533657074
4,melville,1344,baum,7.515590906143188
4,melville,1344,thompson,7.953621745109558
4,melville,1344,dickens,7.610492088176586
4,melville,1344,melville,6.712567043304444
4,melville,1344,wells,7.251234292984009
4,melville,1344,austen,7.235659599304199
4,melville,1344,fitzgerald,7.598066965738933
4,melville,1344,twain,7.808771163225174
4,melville,1345,train,3.229356676340103
4,melville,1345,baum,7.530970335006714
4,melville,1345,thompson,7.979119777679443
4,melville,1345,dickens,7.629369665075232
4,melville,1345,melville,6.731428933143616
4,melville,1345,wells,7.255822777748108
4,melville,1345,austen,7.258439064025879
4,melville,1345,fitzgerald,7.619718074798584
4,melville,1345,twain,7.82757568359375
4,melville,1346,train,3.1915884912014008
4,melville,1346,baum,7.515680193901062
4,melville,1346,thompson,7.964568614959717
4,melville,1346,dickens,7.6344262582284435
4,melville,1346,melville,6.710329914093018
4,melville,1346,wells,7.249656915664673
4,melville,1346,austen,7.253553549448649
4,melville,1346,fitzgerald,7.618757963180542
4,melville,1346,twain,7.8167023956775665
4,melville,1347,train,3.219601392745972
4,melville,1347,baum,7.519223690032959
4,melville,1347,thompson,7.972303986549377
4,melville,1347,dickens,7.635534374802201
4,melville,1347,melville,6.714979815483093
4,melville,1347,wells,7.259241104125977
4,melville,1347,austen,7.252360502878825
4,melville,1347,fitzgerald,7.60593565305074
4,melville,1347,twain,7.821593075990677
4,melville,1348,train,3.204688817262649
4,melville,1348,baum,7.541576862335205
4,melville,1348,thompson,7.976533651351929
4,melville,1348,dickens,7.651121068883826
4,melville,1348,melville,6.743986535072327
4,melville,1348,wells,7.26090943813324
4,melville,1348,austen,7.273779948552449
4,melville,1348,fitzgerald,7.609028577804565
4,melville,1348,twain,7.8277095556259155
4,melville,1349,train,3.2481842041015625
4,melville,1349,baum,7.537005424499512
4,melville,1349,thompson,7.97894561290741
4,melville,1349,dickens,7.637190765804714
4,melville,1349,melville,6.741607809066773
4,melville,1349,wells,7.249769449234009
4,melville,1349,austen,7.264947334925334
4,melville,1349,fitzgerald,7.614898284276326
4,melville,1349,twain,7.82208314538002
4,melville,1350,train,3.233093023300171
4,melville,1350,baum,7.535056114196777
4,melville,1350,thompson,7.979333400726318
4,melville,1350,dickens,7.625060540658456
4,melville,1350,melville,6.745299386978149
4,melville,1350,wells,7.260545611381531
4,melville,1350,austen,7.255634228388469
4,melville,1350,fitzgerald,7.622176965077718
4,melville,1350,twain,7.83275106549263
4,melville,1351,train,3.209680438041687
4,melville,1351,baum,7.514226794242859
4,melville,1351,thompson,7.959121346473694
4,melville,1351,dickens,7.598981998584889
4,melville,1351,melville,6.725124168395996
4,melville,1351,wells,7.238570809364319
4,melville,1351,austen,7.239504019419352
4,melville,1351,fitzgerald,7.599750598271687
4,melville,1351,twain,7.80887046456337
4,melville,1352,train,3.202093929052353
4,melville,1352,baum,7.559144735336304
4,melville,1352,thompson,7.998963594436645
4,melville,1352,dickens,7.657806396484375
4,melville,1352,melville,6.7455078840255736
4,melville,1352,wells,7.275539994239807
4,melville,1352,austen,7.287081956863403
4,melville,1352,fitzgerald,7.641797065734863
4,melville,1352,twain,7.844005644321442
4,melville,1353,train,3.200634956359864
4,melville,1353,baum,7.541014432907104
4,melville,1353,thompson,7.978588819503784
4,melville,1353,dickens,7.629091863278989
4,melville,1353,melville,6.722419595718383
4,melville,1353,wells,7.2601637840271
4,melville,1353,austen,7.267808357874553
4,melville,1353,fitzgerald,7.620764493942261
4,melville,1353,twain,7.831571459770203
4,melville,1354,train,3.215877801179886
4,melville,1354,baum,7.552700161933899
4,melville,1354,thompson,7.988188982009888
4,melville,1354,dickens,7.642733344325313
4,melville,1354,melville,6.737799048423767
4,melville,1354,wells,7.266542315483093
4,melville,1354,austen,7.263599872589111
4,melville,1354,fitzgerald,7.623036543528239
4,melville,1354,twain,7.83417871594429
4,melville,1355,train,3.225457400083542
4,melville,1355,baum,7.534447073936462
4,melville,1355,thompson,7.983357310295105
4,melville,1355,dickens,7.618230607774523
4,melville,1355,melville,6.735018539428711
4,melville,1355,wells,7.252769231796265
4,melville,1355,austen,7.251854578653972
4,melville,1355,fitzgerald,7.62593150138855
4,melville,1355,twain,7.814509063959122
4,melville,1356,train,3.2060129046440125
4,melville,1356,baum,7.552281856536865
4,melville,1356,thompson,7.998480439186096
4,melville,1356,dickens,7.640450177369295
4,melville,1356,melville,6.743077683448791
4,melville,1356,wells,7.274423241615295
4,melville,1356,austen,7.276366949081421
4,melville,1356,fitzgerald,7.633083899815877
4,melville,1356,twain,7.851010888814926
4,melville,1357,train,3.223877787590027
4,melville,1357,baum,7.531289935111999
4,melville,1357,thompson,7.978116273880005
4,melville,1357,dickens,7.649995662547924
4,melville,1357,melville,6.73248941898346
4,melville,1357,wells,7.264216899871826
4,melville,1357,austen,7.251327673594157
4,melville,1357,fitzgerald,7.613463719685872
4,melville,1357,twain,7.825454145669937
4,melville,1358,train,3.170318752527237
4,melville,1358,baum,7.562196016311645
4,melville,1358,thompson,7.9982287883758545
4,melville,1358,dickens,7.662971743830928
4,melville,1358,melville,6.748646807670593
4,melville,1358,wells,7.277510404586792
4,melville,1358,austen,7.282873630523682
4,melville,1358,fitzgerald,7.637581030527751
4,melville,1358,twain,7.83831661939621
4,melville,1359,train,3.200506299734116
4,melville,1359,baum,7.578534960746765
4,melville,1359,thompson,8.01880657672882
4,melville,1359,dickens,7.683327198028564
4,melville,1359,melville,6.757800126075745
4,melville,1359,wells,7.295702695846558
4,melville,1359,austen,7.305781284968059
4,melville,1359,fitzgerald,7.665839115778605
4,melville,1359,twain,7.875517547130585
4,melville,1360,train,3.204052776098252
4,melville,1360,baum,7.547716617584228
4,melville,1360,thompson,7.980956077575684
4,melville,1360,dickens,7.643188176331697
4,melville,1360,melville,6.720401120185852
4,melville,1360,wells,7.276761770248413
4,melville,1360,austen,7.26703683535258
4,melville,1360,fitzgerald,7.627326329549153
4,melville,1360,twain,7.833515912294388
4,melville,1361,train,3.184888243675232
4,melville,1361,baum,7.572782874107361
4,melville,1361,thompson,8.01207160949707
4,melville,1361,dickens,7.666725865116826
4,melville,1361,melville,6.760570859909057
4,melville,1361,wells,7.287040591239929
4,melville,1361,austen,7.283369302749634
4,melville,1361,fitzgerald,7.638560612996419
4,melville,1361,twain,7.853661715984344
4,melville,1362,train,3.193275839090348
4,melville,1362,baum,7.5741682052612305
4,melville,1362,thompson,8.002423882484436
4,melville,1362,dickens,7.642350744318079
4,melville,1362,melville,6.753601861000061
4,melville,1362,wells,7.2757648229599
4,melville,1362,austen,7.273914734522502
4,melville,1362,fitzgerald,7.648706356684367
4,melville,1362,twain,7.843045443296432
4,melville,1363,train,3.20624503493309
4,melville,1363,baum,7.585082530975342
4,melville,1363,thompson,8.007402420043945
4,melville,1363,dickens,7.680744347748933
4,melville,1363,melville,6.759455394744873
4,melville,1363,wells,7.279492616653442
4,melville,1363,austen,7.306550184885661
4,melville,1363,fitzgerald,7.654816627502441
4,melville,1363,twain,7.869020491838455
4,melville,1364,train,3.1931337416172028
4,melville,1364,baum,7.564666986465454
4,melville,1364,thompson,7.99171781539917
4,melville,1364,dickens,7.658738966341372
4,melville,1364,melville,6.735232925415039
4,melville,1364,wells,7.305687427520752
4,melville,1364,austen,7.290855487187703
4,melville,1364,fitzgerald,7.6465152104695635
4,melville,1364,twain,7.8642414808273315
4,melville,1365,train,3.18562513589859
4,melville,1365,baum,7.552699327468872
4,melville,1365,thompson,7.989824533462524
4,melville,1365,dickens,7.6502265753569425
4,melville,1365,melville,6.739093470573425
4,melville,1365,wells,7.289262175559998
4,melville,1365,austen,7.285395860671997
4,melville,1365,fitzgerald,7.642996311187744
4,melville,1365,twain,7.849587500095367
4,melville,1366,train,3.184905886650085
4,melville,1366,baum,7.562325358390808
4,melville,1366,thompson,7.988116145133972
4,melville,1366,dickens,7.646122738167092
4,melville,1366,melville,6.744932556152344
4,melville,1366,wells,7.288513302803039
4,melville,1366,austen,7.282944917678833
4,melville,1366,fitzgerald,7.633977333704631
4,melville,1366,twain,7.848909288644791
4,melville,1367,train,3.1677087545394897
4,melville,1367,baum,7.58118212223053
4,melville,1367,thompson,8.008294343948364
4,melville,1367,dickens,7.658703574427852
4,melville,1367,melville,6.742677831649781
4,melville,1367,wells,7.285092234611511
4,melville,1367,austen,7.282061020533244
4,melville,1367,fitzgerald,7.657053550084432
4,melville,1367,twain,7.860836833715439
4,melville,1368,train,3.178654462099076
4,melville,1368,baum,7.603355050086975
4,melville,1368,thompson,8.037482857704163
4,melville,1368,dickens,7.681511525754575
4,melville,1368,melville,6.773605608940125
4,melville,1368,wells,7.311200022697449
4,melville,1368,austen,7.316337585449219
4,melville,1368,fitzgerald,7.674824714660644
4,melville,1368,twain,7.878813952207565
4,melville,1369,train,3.1750148832798004
4,melville,1369,baum,7.584617733955383
4,melville,1369,thompson,8.013299703598022
4,melville,1369,dickens,7.647959391276042
4,melville,1369,melville,6.765789484977722
4,melville,1369,wells,7.292978405952454
4,melville,1369,austen,7.300126234690349
4,melville,1369,fitzgerald,7.656845808029175
4,melville,1369,twain,7.864650368690491
4,melville,1370,train,3.170145273208618
4,melville,1370,baum,7.585620164871216
4,melville,1370,thompson,8.021482467651367
4,melville,1370,dickens,7.673951025362368
4,melville,1370,melville,6.760319232940674
4,melville,1370,wells,7.307258605957031
4,melville,1370,austen,7.304287910461426
4,melville,1370,fitzgerald,7.670006434122722
4,melville,1370,twain,7.869498401880264
4,melville,1371,train,3.17931666970253
4,melville,1371,baum,7.570829629898071
4,melville,1371,thompson,8.009153962135315
4,melville,1371,dickens,7.671824190351698
4,melville,1371,melville,6.767726874351501
4,melville,1371,wells,7.298387169837952
4,melville,1371,austen,7.305976947148641
4,melville,1371,fitzgerald,7.646834373474121
4,melville,1371,twain,7.864481031894684
4,melville,1372,train,3.17430317401886
4,melville,1372,baum,7.575371861457825
4,melville,1372,thompson,8.014797568321228
4,melville,1372,dickens,7.670544783274333
4,melville,1372,melville,6.750429058074952
4,melville,1372,wells,7.297681093215942
4,melville,1372,austen,7.2931153774261475
4,melville,1372,fitzgerald,7.654491027196248
4,melville,1372,twain,7.866567403078079
4,melville,1373,train,3.1640875935554504
4,melville,1373,baum,7.583498954772949
4,melville,1373,thompson,8.02218222618103
4,melville,1373,dickens,7.660543159202293
4,melville,1373,melville,6.749459528923035
4,melville,1373,wells,7.29862117767334
4,melville,1373,austen,7.298605442047119
4,melville,1373,fitzgerald,7.657914082209269
4,melville,1373,twain,7.864266008138657
4,melville,1374,train,3.1913218796253204
4,melville,1374,baum,7.595667719841003
4,melville,1374,thompson,8.02162766456604
4,melville,1374,dickens,7.668221049838596
4,melville,1374,melville,6.773869633674622
4,melville,1374,wells,7.296984553337097
4,melville,1374,austen,7.302930196126302
4,melville,1374,fitzgerald,7.66181492805481
4,melville,1374,twain,7.8675186932086945
4,melville,1375,train,3.170982837677002
4,melville,1375,baum,7.618839859962463
4,melville,1375,thompson,8.049763441085815
4,melville,1375,dickens,7.676212257809109
4,melville,1375,melville,6.783487439155579
4,melville,1375,wells,7.321075201034546
4,melville,1375,austen,7.327302058537801
4,melville,1375,fitzgerald,7.698407093683879
4,melville,1375,twain,7.895195245742798
4,melville,1376,train,3.1281758248806
4,melville,1376,baum,7.606341481208801
4,melville,1376,thompson,8.033767342567444
4,melville,1376,dickens,7.693871551089817
4,melville,1376,melville,6.784711909294129
4,melville,1376,wells,7.309478044509888
4,melville,1376,austen,7.321597417195638
4,melville,1376,fitzgerald,7.677808920542399
4,melville,1376,twain,7.880246162414551
4,melville,1377,train,3.1728500723838806
4,melville,1377,baum,7.6320880651474
4,melville,1377,thompson,8.052683711051941
4,melville,1377,dickens,7.728206599200213
4,melville,1377,melville,6.8009916067123415
4,melville,1377,wells,7.329215407371521
4,melville,1377,austen,7.355447133382161
4,melville,1377,fitzgerald,7.698527971903483
4,melville,1377,twain,7.90130889415741
4,melville,1378,train,3.167511790990829
4,melville,1378,baum,7.595065236091614
4,melville,1378,thompson,8.033682227134705
4,melville,1378,dickens,7.676765971713596
4,melville,1378,melville,6.786836743354797
4,melville,1378,wells,7.308717370033264
4,melville,1378,austen,7.318999846776326
4,melville,1378,fitzgerald,7.671753406524658
4,melville,1378,twain,7.879302144050598
4,melville,1379,train,3.1913644671440125
4,melville,1379,baum,7.596559762954712
4,melville,1379,thompson,8.028162240982056
4,melville,1379,dickens,7.661440107557508
4,melville,1379,melville,6.773723816871643
4,melville,1379,wells,7.296251893043518
4,melville,1379,austen,7.301171779632568
4,melville,1379,fitzgerald,7.6684926350911455
4,melville,1379,twain,7.875789910554886
4,melville,1380,train,3.168522983789444
4,melville,1380,baum,7.599660515785217
4,melville,1380,thompson,8.041368126869202
4,melville,1380,dickens,7.699477796201353
4,melville,1380,melville,6.78422474861145
4,melville,1380,wells,7.306214332580566
4,melville,1380,austen,7.3166031042734785
4,melville,1380,fitzgerald,7.681050221125285
4,melville,1380,twain,7.888537436723709
4,melville,1381,train,3.151422053575516
4,melville,1381,baum,7.590081572532654
4,melville,1381,thompson,8.021119952201843
4,melville,1381,dickens,7.669972137168601
4,melville,1381,melville,6.767121410369873
4,melville,1381,wells,7.296668648719788
4,melville,1381,austen,7.30055030186971
4,melville,1381,fitzgerald,7.662446022033691
4,melville,1381,twain,7.877709478139877
4,melville,1382,train,3.1720179319381714
4,melville,1382,baum,7.622206926345825
4,melville,1382,thompson,8.051734924316406
4,melville,1382,dickens,7.675331839808711
4,melville,1382,melville,6.783298420906067
4,melville,1382,wells,7.323746085166931
4,melville,1382,austen,7.318402767181396
4,melville,1382,fitzgerald,7.687819163004558
4,melville,1382,twain,7.885406941175461
4,melville,1383,train,3.173175036907196
4,melville,1383,baum,7.635717153549194
4,melville,1383,thompson,8.058019876480103
4,melville,1383,dickens,7.701339668697781
4,melville,1383,melville,6.786613726615906
4,melville,1383,wells,7.323510766029358
4,melville,1383,austen,7.343961000442505
4,melville,1383,fitzgerald,7.702903668085734
4,melville,1383,twain,7.888094216585159
4,melville,1384,train,3.134009301662445
4,melville,1384,baum,7.604787588119507
4,melville,1384,thompson,8.046718716621399
4,melville,1384,dickens,7.701892764480026
4,melville,1384,melville,6.784869599342346
4,melville,1384,wells,7.320811152458191
4,melville,1384,austen,7.319742441177368
4,melville,1384,fitzgerald,7.685475349426269
4,melville,1384,twain,7.890796512365341
4,melville,1385,train,3.1633953750133514
4,melville,1385,baum,7.58927309513092
4,melville,1385,thompson,8.04172682762146
4,melville,1385,dickens,7.67791477839152
4,melville,1385,melville,6.7721504211425785
4,melville,1385,wells,7.31989586353302
4,melville,1385,austen,7.312309503555298
4,melville,1385,fitzgerald,7.670368671417236
4,melville,1385,twain,7.880210727453232
4,melville,1386,train,3.1470634937286377
4,melville,1386,baum,7.627473950386047
4,melville,1386,thompson,8.081410765647888
4,melville,1386,dickens,7.720960564083523
4,melville,1386,melville,6.8018886804580685
4,melville,1386,wells,7.338893055915832
4,melville,1386,austen,7.341220776240031
4,melville,1386,fitzgerald,7.709234237670898
4,melville,1386,twain,7.914521098136902
4,melville,1387,train,3.158660769462585
4,melville,1387,baum,7.597687244415283
4,melville,1387,thompson,8.029538035392761
4,melville,1387,dickens,7.676802264319526
4,melville,1387,melville,6.768847036361694
4,melville,1387,wells,7.314036130905151
4,melville,1387,austen,7.315504312515259
4,melville,1387,fitzgerald,7.67242956161499
4,melville,1387,twain,7.872060179710388
4,melville,1388,train,3.17695888876915
4,melville,1388,baum,7.623487114906311
4,melville,1388,thompson,8.072070002555847
4,melville,1388,dickens,7.737197081247966
4,melville,1388,melville,6.81213948726654
4,melville,1388,wells,7.325233459472656
4,melville,1388,austen,7.339130560557048
4,melville,1388,fitzgerald,7.703791618347168
4,melville,1388,twain,7.899242043495178
4,melville,1389,train,3.16758269071579
4,melville,1389,baum,7.61646556854248
4,melville,1389,thompson,8.068324565887451
4,melville,1389,dickens,7.7367334895663795
4,melville,1389,melville,6.805906701087952
4,melville,1389,wells,7.313379406929016
4,melville,1389,austen,7.337445815404256
4,melville,1389,fitzgerald,7.688242514928182
4,melville,1389,twain,7.888603359460831
4,melville,1390,train,3.1601997017860413
4,melville,1390,baum,7.578660845756531
4,melville,1390,thompson,8.022948980331421
4,melville,1390,dickens,7.683838102552626
4,melville,1390,melville,6.760900092124939
4,melville,1390,wells,7.308360457420349
4,melville,1390,austen,7.294145504633586
4,melville,1390,fitzgerald,7.664215167363484
4,melville,1390,twain,7.865667223930359
4,melville,1391,train,3.1359402537345886
4,melville,1391,baum,7.623422026634216
4,melville,1391,thompson,8.06329071521759
4,melville,1391,dickens,7.736170115294279
4,melville,1391,melville,6.804943418502807
4,melville,1391,wells,7.338628768920898
4,melville,1391,austen,7.346893946329753
4,melville,1391,fitzgerald,7.698321580886841
4,melville,1391,twain,7.907766461372375
4,melville,1392,train,3.1066260039806366
4,melville,1392,baum,7.632694721221924
4,melville,1392,thompson,8.067483186721802
4,melville,1392,dickens,7.721470267684372
4,melville,1392,melville,6.80756642818451
4,melville,1392,wells,7.33292818069458
4,melville,1392,austen,7.351476192474365
4,melville,1392,fitzgerald,7.708389679590861
4,melville,1392,twain,7.909933984279633
4,melville,1393,train,3.141000509262085
4,melville,1393,baum,7.632497787475586
4,melville,1393,thompson,8.0743807554245
4,melville,1393,dickens,7.72031326647158
4,melville,1393,melville,6.799003505706788
4,melville,1393,wells,7.333834290504456
4,melville,1393,austen,7.343648195266724
4,melville,1393,fitzgerald,7.701986948649089
4,melville,1393,twain,7.906361252069473
4,melville,1394,train,3.1265010833740234
4,melville,1394,baum,7.6435734033584595
4,melville,1394,thompson,8.081529974937439
4,melville,1394,dickens,7.74217540246469
4,melville,1394,melville,6.8045271873474125
4,melville,1394,wells,7.360410809516907
4,melville,1394,austen,7.36284589767456
4,melville,1394,fitzgerald,7.713779846827189
4,melville,1394,twain,7.921191662549971
4,melville,1395,train,3.140200585126877
4,melville,1395,baum,7.641099095344543
4,melville,1395,thompson,8.080678582191467
4,melville,1395,dickens,7.725486437479655
4,melville,1395,melville,6.813639879226685
4,melville,1395,wells,7.340437531471252
4,melville,1395,austen,7.348657449086507
4,melville,1395,fitzgerald,7.706224997838338
4,melville,1395,twain,7.915226310491562
4,melville,1396,train,3.1386369168758392
4,melville,1396,baum,7.623973608016968
4,melville,1396,thompson,8.066972017288208
4,melville,1396,dickens,7.712922785017225
4,melville,1396,melville,6.7949542760849
4,melville,1396,wells,7.33181357383728
4,melville,1396,austen,7.343142747879028
4,melville,1396,fitzgerald,7.703689495722453
4,melville,1396,twain,7.902969390153885
4,melville,1397,train,3.157787948846817
4,melville,1397,baum,7.605386853218079
4,melville,1397,thompson,8.049588561058044
4,melville,1397,dickens,7.701978771774857
4,melville,1397,melville,6.776488876342773
4,melville,1397,wells,7.326283693313599
4,melville,1397,austen,7.327787717183431
4,melville,1397,fitzgerald,7.690935691197713
4,melville,1397,twain,7.8912350833415985
4,melville,1398,train,3.132557213306427
4,melville,1398,baum,7.60409140586853
4,melville,1398,thompson,8.041415572166443
4,melville,1398,dickens,7.712955439532244
4,melville,1398,melville,6.78136568069458
4,melville,1398,wells,7.323099732398987
4,melville,1398,austen,7.323362588882446
4,melville,1398,fitzgerald,7.680242935816447
4,melville,1398,twain,7.8898690938949585
4,melville,1399,train,3.1272365152835846
4,melville,1399,baum,7.62732207775116
4,melville,1399,thompson,8.068740487098694
4,melville,1399,dickens,7.721771646428992
4,melville,1399,melville,6.803870987892151
4,melville,1399,wells,7.3423357009887695
4,melville,1399,austen,7.339377085367839
4,melville,1399,fitzgerald,7.700636386871338
4,melville,1399,twain,7.912700265645981
4,melville,1400,train,3.143106460571289
4,melville,1400,baum,7.622655391693115
4,melville,1400,thompson,8.070045709609985
4,melville,1400,dickens,7.722270206168845
4,melville,1400,melville,6.795823884010315
4,melville,1400,wells,7.327598214149475
4,melville,1400,austen,7.346407890319824
4,melville,1400,fitzgerald,7.707896788914998
4,melville,1400,twain,7.903758138418198
4,melville,1401,train,3.1303036510944366
4,melville,1401,baum,7.611346125602722
4,melville,1401,thompson,8.05214774608612
4,melville,1401,dickens,7.697705834000199
4,melville,1401,melville,6.793787670135498
4,melville,1401,wells,7.321743011474609
4,melville,1401,austen,7.32723871866862
4,melville,1401,fitzgerald,7.688100258509318
4,melville,1401,twain,7.884405583143234
4,melville,1402,train,3.1187264919281006
4,melville,1402,baum,7.645050287246704
4,melville,1402,thompson,8.083436012268066
4,melville,1402,dickens,7.740897973378499
4,melville,1402,melville,6.815062832832337
4,melville,1402,wells,7.348259687423706
4,melville,1402,austen,7.350987752278645
4,melville,1402,fitzgerald,7.722558657328288
4,melville,1402,twain,7.921127498149872
4,melville,1403,train,3.135822117328644
4,melville,1403,baum,7.643176555633545
4,melville,1403,thompson,8.081724882125854
4,melville,1403,dickens,7.753282599978977
4,melville,1403,melville,6.811889052391052
4,melville,1403,wells,7.355940580368042
4,melville,1403,austen,7.357439676920573
4,melville,1403,fitzgerald,7.72506856918335
4,melville,1403,twain,7.920131057500839
4,melville,1404,train,3.146690249443054
4,melville,1404,baum,7.655025362968445
4,melville,1404,thompson,8.096230745315552
4,melville,1404,dickens,7.74723372636018
4,melville,1404,melville,6.822242140769959
4,melville,1404,wells,7.360930442810059
4,melville,1404,austen,7.364310026168823
4,melville,1404,fitzgerald,7.718312501907349
4,melville,1404,twain,7.935208946466446
4,melville,1405,train,3.116636008024216
4,melville,1405,baum,7.623059272766113
4,melville,1405,thompson,8.052412033081055
4,melville,1405,dickens,7.721464810548006
4,melville,1405,melville,6.782093811035156
4,melville,1405,wells,7.332408308982849
4,melville,1405,austen,7.347065607706706
4,melville,1405,fitzgerald,7.706062078475952
4,melville,1405,twain,7.908804178237915
4,melville,1406,train,3.132394134998321
4,melville,1406,baum,7.644182205200195
4,melville,1406,thompson,8.08152949810028
4,melville,1406,dickens,7.753858654587357
4,melville,1406,melville,6.802050304412842
4,melville,1406,wells,7.354480981826782
4,melville,1406,austen,7.36660099029541
4,melville,1406,fitzgerald,7.719962994257609
4,melville,1406,twain,7.925942182540893
4,melville,1407,train,3.1109024584293365
4,melville,1407,baum,7.639452695846558
4,melville,1407,thompson,8.084660530090332
4,melville,1407,dickens,7.749416033426921
4,melville,1407,melville,6.801289629936218
4,melville,1407,wells,7.358187079429626
4,melville,1407,austen,7.3656415939331055
4,melville,1407,fitzgerald,7.72463591893514
4,melville,1407,twain,7.93594217300415
4,melville,1408,train,3.113282144069672
4,melville,1408,baum,7.642863154411316
4,melville,1408,thompson,8.084592580795288
4,melville,1408,dickens,7.729408652694137
4,melville,1408,melville,6.802210807800293
4,melville,1408,wells,7.34947657585144
4,melville,1408,austen,7.373816569646199
4,melville,1408,fitzgerald,7.713544448216756
4,melville,1408,twain,7.914424538612366
4,melville,1409,train,3.1185705065727234
4,melville,1409,baum,7.629485607147217
4,melville,1409,thompson,8.075358748435974
4,melville,1409,dickens,7.724156379699707
4,melville,1409,melville,6.792087984085083
4,melville,1409,wells,7.33112096786499
4,melville,1409,austen,7.350877205530803
4,melville,1409,fitzgerald,7.706761916478475
4,melville,1409,twain,7.906814277172089
4,melville,1410,train,3.1447266340255737
4,melville,1410,baum,7.6628453731536865
4,melville,1410,thompson,8.102182626724243
4,melville,1410,dickens,7.755099172945376
4,melville,1410,melville,6.815283465385437
4,melville,1410,wells,7.370348334312439
4,melville,1410,austen,7.382432142893474
4,melville,1410,fitzgerald,7.734758059183757
4,melville,1410,twain,7.939942628145218
4,melville,1411,train,3.1270351707935333
4,melville,1411,baum,7.658681511878967
4,melville,1411,thompson,8.094039797782898
4,melville,1411,dickens,7.755403571658665
4,melville,1411,melville,6.808563923835754
4,melville,1411,wells,7.368475317955017
4,melville,1411,austen,7.37556791305542
4,melville,1411,fitzgerald,7.732636292775472
4,melville,1411,twain,7.943910449743271
4,melville,1412,train,3.142503798007965
4,melville,1412,baum,7.660009264945984
4,melville,1412,thompson,8.109456062316895
4,melville,1412,dickens,7.760711758225052
4,melville,1412,melville,6.826428413391113
4,melville,1412,wells,7.360575795173645
4,melville,1412,austen,7.370808045069377
4,melville,1412,fitzgerald,7.732473611831665
4,melville,1412,twain,7.933707535266876
4,melville,1413,train,3.1343175768852234
4,melville,1413,baum,7.652592182159424
4,melville,1413,thompson,8.096777200698853
4,melville,1413,dickens,7.756989143512867
4,melville,1413,melville,6.827046322822571
4,melville,1413,wells,7.372057795524597
4,melville,1413,austen,7.37427814801534
4,melville,1413,fitzgerald,7.737251996994018
4,melville,1413,twain,7.945403128862381
4,melville,1414,train,3.136475294828415
4,melville,1414,baum,7.658552765846252
4,melville,1414,thompson,8.100997686386108
4,melville,1414,dickens,7.761109864270246
4,melville,1414,melville,6.839247107505798
4,melville,1414,wells,7.370343565940857
4,melville,1414,austen,7.378291606903076
4,melville,1414,fitzgerald,7.7382706006368
4,melville,1414,twain,7.950740396976471
4,melville,1415,train,3.1358794569969177
4,melville,1415,baum,7.629745960235596
4,melville,1415,thompson,8.077688336372375
4,melville,1415,dickens,7.74232836122866
4,melville,1415,melville,6.813008737564087
4,melville,1415,wells,7.347207546234131
4,melville,1415,austen,7.352898756663005
4,melville,1415,fitzgerald,7.7121507326761884
4,melville,1415,twain,7.929327011108398
4,melville,1416,train,3.1039366722106934
4,melville,1416,baum,7.610983729362488
4,melville,1416,thompson,8.071675539016724
4,melville,1416,dickens,7.733070726747866
4,melville,1416,melville,6.790976572036743
4,melville,1416,wells,7.355461478233337
4,melville,1416,austen,7.328784942626953
4,melville,1416,fitzgerald,7.709577401479085
4,melville,1416,twain,7.908408135175705
4,melville,1417,train,3.1121978759765625
4,melville,1417,baum,7.664386034011841
4,melville,1417,thompson,8.104518175125122
4,melville,1417,dickens,7.761341236255787
4,melville,1417,melville,6.826707172393799
4,melville,1417,wells,7.367884516716003
4,melville,1417,austen,7.378928979237874
4,melville,1417,fitzgerald,7.744159619013469
4,melville,1417,twain,7.93823903799057
4,melville,1418,train,3.110100626945496
4,melville,1418,baum,7.636415243148804
4,melville,1418,thompson,8.096918940544128
4,melville,1418,dickens,7.748078946714048
4,melville,1418,melville,6.804121947288513
4,melville,1418,wells,7.365980505943298
4,melville,1418,austen,7.358873605728149
4,melville,1418,fitzgerald,7.733182032903035
4,melville,1418,twain,7.934187591075897
4,melville,1419,train,3.085070878267288
4,melville,1419,baum,7.662097215652466
4,melville,1419,thompson,8.110702157020569
4,melville,1419,dickens,7.763622513523808
4,melville,1419,melville,6.822586560249329
4,melville,1419,wells,7.375609159469604
4,melville,1419,austen,7.377255042394002
4,melville,1419,fitzgerald,7.756416877110799
4,melville,1419,twain,7.9471213817596436
4,melville,1420,train,3.1249592006206512
4,melville,1420,baum,7.641343951225281
4,melville,1420,thompson,8.096653461456299
4,melville,1420,dickens,7.732246204658791
4,melville,1420,melville,6.8310479640960695
4,melville,1420,wells,7.360888719558716
4,melville,1420,austen,7.362765550613403
4,melville,1420,fitzgerald,7.725216150283813
4,melville,1420,twain,7.940291076898575
4,melville,1421,train,3.1061185002326965
4,melville,1421,baum,7.662523627281189
4,melville,1421,thompson,8.110253095626831
4,melville,1421,dickens,7.741216500600179
4,melville,1421,melville,6.836818957328797
4,melville,1421,wells,7.371191620826721
4,melville,1421,austen,7.364104429880778
4,melville,1421,fitzgerald,7.726122697194417
4,melville,1421,twain,7.955594897270203
4,melville,1422,train,3.116206854581833
4,melville,1422,baum,7.66926109790802
4,melville,1422,thompson,8.117085337638855
4,melville,1422,dickens,7.754616313510471
4,melville,1422,melville,6.829538941383362
4,melville,1422,wells,7.382553458213806
4,melville,1422,austen,7.377984046936035
4,melville,1422,fitzgerald,7.751099904378255
4,melville,1422,twain,7.961122423410416
4,melville,1423,train,3.0974790453910828
4,melville,1423,baum,7.673323273658752
4,melville,1423,thompson,8.122957468032837
4,melville,1423,dickens,7.768666249734384
4,melville,1423,melville,6.832558584213257
4,melville,1423,wells,7.390498280525207
4,melville,1423,austen,7.401052633921306
4,melville,1423,fitzgerald,7.749222675959269
4,melville,1423,twain,7.960567086935043
4,melville,1424,train,3.1248273253440857
4,melville,1424,baum,7.650652527809143
4,melville,1424,thompson,8.100252389907837
4,melville,1424,dickens,7.765786789081715
4,melville,1424,melville,6.818398880958557
4,melville,1424,wells,7.384549736976623
4,melville,1424,austen,7.38122804959615
4,melville,1424,fitzgerald,7.741527795791626
4,melville,1424,twain,7.945263862609863
4,melville,1425,train,3.1092525124549866
4,melville,1425,baum,7.665982842445373
4,melville,1425,thompson,8.116085767745972
4,melville,1425,dickens,7.756467783892596
4,melville,1425,melville,6.821431016921997
4,melville,1425,wells,7.384086012840271
4,melville,1425,austen,7.3829740683237715
4,melville,1425,fitzgerald,7.74444858233134
4,melville,1425,twain,7.942431747913361
4,melville,1426,train,3.114327400922776
4,melville,1426,baum,7.679848670959473
4,melville,1426,thompson,8.131428241729736
4,melville,1426,dickens,7.770843912053992
4,melville,1426,melville,6.8398443222045895
4,melville,1426,wells,7.385022044181824
4,melville,1426,austen,7.392820676167806
4,melville,1426,fitzgerald,7.754811843236287
4,melville,1426,twain,7.9583549201488495
4,melville,1427,train,3.080249547958374
4,melville,1427,baum,7.646007418632507
4,melville,1427,thompson,8.087374806404114
4,melville,1427,dickens,7.721213181813558
4,melville,1427,melville,6.801227736473083
4,melville,1427,wells,7.356049537658691
4,melville,1427,austen,7.349745035171509
4,melville,1427,fitzgerald,7.71892245610555
4,melville,1427,twain,7.922940194606781
4,melville,1428,train,3.097158521413803
4,melville,1428,baum,7.664822340011597
4,melville,1428,thompson,8.113877534866333
4,melville,1428,dickens,7.753843978599265
4,melville,1428,melville,6.8360110998153685
4,melville,1428,wells,7.390137195587158
4,melville,1428,austen,7.390712896982829
4,melville,1428,fitzgerald,7.758447170257568
4,melville,1428,twain,7.962385982275009
4,melville,1429,train,3.0814578235149384
4,melville,1429,baum,7.655548691749573
4,melville,1429,thompson,8.11513614654541
4,melville,1429,dickens,7.731612046559651
4,melville,1429,melville,6.824233150482177
4,melville,1429,wells,7.381301760673523
4,melville,1429,austen,7.379254182179769
4,melville,1429,fitzgerald,7.751428286234538
4,melville,1429,twain,7.962148457765579
4,melville,1430,train,3.070668250322342
4,melville,1430,baum,7.679931282997131
4,melville,1430,thompson,8.120479345321655
4,melville,1430,dickens,7.765273835923937
4,melville,1430,melville,6.817512702941895
4,melville,1430,wells,7.397460222244263
4,melville,1430,austen,7.396417140960693
4,melville,1430,fitzgerald,7.76020352045695
4,melville,1430,twain,7.956725805997848
4,melville,1431,train,3.0955017507076263
4,melville,1431,baum,7.673573017120361
4,melville,1431,thompson,8.111916780471802
4,melville,1431,dickens,7.775145336433693
4,melville,1431,melville,6.827734279632568
4,melville,1431,wells,7.410315275192261
4,melville,1431,austen,7.404326359430949
4,melville,1431,fitzgerald,7.750332276026408
4,melville,1431,twain,7.965766698122024
4,melville,1432,train,3.111047923564911
4,melville,1432,baum,7.670616030693054
4,melville,1432,thompson,8.116440057754517
4,melville,1432,dickens,7.7473250848275645
4,melville,1432,melville,6.823738551139831
4,melville,1432,wells,7.384571313858032
4,melville,1432,austen,7.389103492101033
4,melville,1432,fitzgerald,7.745865186055501
4,melville,1432,twain,7.967224419116974
4,melville,1433,train,3.07499235868454
4,melville,1433,baum,7.692735314369202
4,melville,1433,thompson,8.13918924331665
4,melville,1433,dickens,7.783010694715712
4,melville,1433,melville,6.860661053657532
4,melville,1433,wells,7.391149044036865
4,melville,1433,austen,7.426285902659099
4,melville,1433,fitzgerald,7.768373966217041
4,melville,1433,twain,7.985388368368149
4,melville,1434,train,3.0876814126968384
4,melville,1434,baum,7.660619378089905
4,melville,1434,thompson,8.122449517250061
4,melville,1434,dickens,7.770355860392253
4,melville,1434,melville,6.845131349563599
4,melville,1434,wells,7.387393355369568
4,melville,1434,austen,7.380871057510376
4,melville,1434,fitzgerald,7.741898775100708
4,melville,1434,twain,7.951494872570038
4,melville,1435,train,3.073758184909821
4,melville,1435,baum,7.7002270221710205
4,melville,1435,thompson,8.147098302841187
4,melville,1435,dickens,7.797288594422517
4,melville,1435,melville,6.854489493370056
4,melville,1435,wells,7.4099708795547485
4,melville,1435,austen,7.417228937149048
4,melville,1435,fitzgerald,7.779165267944336
4,melville,1435,twain,7.985241323709488
4,melville,1436,train,3.0871221125125885
4,melville,1436,baum,7.664798021316528
4,melville,1436,thompson,8.111634373664856
4,melville,1436,dickens,7.756508632942483
4,melville,1436,melville,6.836808180809021
4,melville,1436,wells,7.387488842010498
4,melville,1436,austen,7.386457204818726
4,melville,1436,fitzgerald,7.747264862060547
4,melville,1436,twain,7.965956807136536
4,melville,1437,train,3.106944501399994
4,melville,1437,baum,7.678391456604004
4,melville,1437,thompson,8.122652053833008
4,melville,1437,dickens,7.75144428677029
4,melville,1437,melville,6.844975399971008
4,melville,1437,wells,7.382024168968201
4,melville,1437,austen,7.37963596979777
4,melville,1437,fitzgerald,7.750605424245198
4,melville,1437,twain,7.957598835229874
4,melville,1438,train,3.0863746404647827
4,melville,1438,baum,7.682436466217041
4,melville,1438,thompson,8.13752293586731
4,melville,1438,dickens,7.76770199669732
4,melville,1438,melville,6.854417777061462
4,melville,1438,wells,7.383620262145996
4,melville,1438,austen,7.3879631360371905
4,melville,1438,fitzgerald,7.764653126398723
4,melville,1438,twain,7.970890372991562
4,melville,1439,train,3.0964490473270416
4,melville,1439,baum,7.696366906166077
4,melville,1439,thompson,8.155093669891357
4,melville,1439,dickens,7.798485261422616
4,melville,1439,melville,6.852559614181518
4,melville,1439,wells,7.412298321723938
4,melville,1439,austen,7.416022777557373
4,melville,1439,fitzgerald,7.783782800038655
4,melville,1439,twain,7.991452366113663
4,melville,1440,train,3.0739687085151672
4,melville,1440,baum,7.676134824752808
4,melville,1440,thompson,8.125869035720825
4,melville,1440,dickens,7.803981745684588
4,melville,1440,melville,6.83179669380188
4,melville,1440,wells,7.39901077747345
4,melville,1440,austen,7.401726007461548
4,melville,1440,fitzgerald,7.762622833251953
4,melville,1440,twain,7.980681389570236
4,melville,1441,train,3.074897646903992
4,melville,1441,baum,7.689891457557678
4,melville,1441,thompson,8.141516208648682
4,melville,1441,dickens,7.78708157715974
4,melville,1441,melville,6.849522829055786
4,melville,1441,wells,7.406748533248901
4,melville,1441,austen,7.40329098701477
4,melville,1441,fitzgerald,7.768463134765625
4,melville,1441,twain,7.981792896986008
4,melville,1442,train,3.0757585167884827
4,melville,1442,baum,7.703369975090027
4,melville,1442,thompson,8.158937454223633
4,melville,1442,dickens,7.816419301209627
4,melville,1442,melville,6.867615270614624
4,melville,1442,wells,7.420316696166992
4,melville,1442,austen,7.426235516866048
4,melville,1442,fitzgerald,7.786825180053711
4,melville,1442,twain,8.002464145421982
4,melville,1443,train,3.0805624425411224
4,melville,1443,baum,7.724605321884155
4,melville,1443,thompson,8.17733120918274
4,melville,1443,dickens,7.818544458459924
4,melville,1443,melville,6.878400993347168
4,melville,1443,wells,7.441025018692017
4,melville,1443,austen,7.438103040059407
4,melville,1443,fitzgerald,7.803786118825276
4,melville,1443,twain,8.011880576610565
4,melville,1444,train,3.0773104429244995
4,melville,1444,baum,7.671943068504333
4,melville,1444,thompson,8.111474514007568
4,melville,1444,dickens,7.757554018938983
4,melville,1444,melville,6.832317733764649
4,melville,1444,wells,7.392017483711243
4,melville,1444,austen,7.389176527659099
4,melville,1444,fitzgerald,7.737595558166504
4,melville,1444,twain,7.965503662824631
4,melville,1445,train,3.0884557366371155
4,melville,1445,baum,7.67385995388031
4,melville,1445,thompson,8.129597425460815
4,melville,1445,dickens,7.771943463219537
4,melville,1445,melville,6.8374758005142215
4,melville,1445,wells,7.392654418945312
4,melville,1445,austen,7.388898372650146
4,melville,1445,fitzgerald,7.755491574605306
4,melville,1445,twain,7.96494248509407
4,melville,1446,train,3.0699490010738373
4,melville,1446,baum,7.72191596031189
4,melville,1446,thompson,8.17204475402832
4,melville,1446,dickens,7.827070730703848
4,melville,1446,melville,6.880025053024292
4,melville,1446,wells,7.434132099151611
4,melville,1446,austen,7.424673875172933
4,melville,1446,fitzgerald,7.801009178161621
4,melville,1446,twain,8.008070468902588
4,melville,1447,train,3.06543305516243
4,melville,1447,baum,7.697467088699341
4,melville,1447,thompson,8.13391661643982
4,melville,1447,dickens,7.789937708112928
4,melville,1447,melville,6.852331113815308
4,melville,1447,wells,7.403620719909668
4,melville,1447,austen,7.406525452931722
4,melville,1447,fitzgerald,7.764824867248535
4,melville,1447,twain,7.985768228769302
4,melville,1448,train,3.0635049045085907
4,melville,1448,baum,7.71515953540802
4,melville,1448,thompson,8.17029857635498
4,melville,1448,dickens,7.837871410228588
4,melville,1448,melville,6.8697429418563845
4,melville,1448,wells,7.4355467557907104
4,melville,1448,austen,7.443827152252197
4,melville,1448,fitzgerald,7.800328175226848
4,melville,1448,twain,8.010280042886734
4,melville,1449,train,3.0812419950962067
4,melville,1449,baum,7.7272398471832275
4,melville,1449,thompson,8.170413732528687
4,melville,1449,dickens,7.833106676737468
4,melville,1449,melville,6.881937694549561
4,melville,1449,wells,7.419398784637451
4,melville,1449,austen,7.438195943832397
4,melville,1449,fitzgerald,7.80929962793986
4,melville,1449,twain,7.995723247528076
4,melville,1450,train,3.075096935033798
4,melville,1450,baum,7.720720887184143
4,melville,1450,thompson,8.156339645385742
4,melville,1450,dickens,7.826309610296179
4,melville,1450,melville,6.874512505531311
4,melville,1450,wells,7.435580372810364
4,melville,1450,austen,7.424159367879231
4,melville,1450,fitzgerald,7.798404057820638
4,melville,1450,twain,7.99458447098732
4,melville,1451,train,3.0387246310710907
4,melville,1451,baum,7.698352456092834
4,melville,1451,thompson,8.15194058418274
4,melville,1451,dickens,7.810308968579328
4,melville,1451,melville,6.860756039619446
4,melville,1451,wells,7.424675107002258
4,melville,1451,austen,7.426080703735352
4,melville,1451,fitzgerald,7.784174044926961
4,melville,1451,twain,8.009161114692688
4,melville,1452,train,3.0697672963142395
4,melville,1452,baum,7.747007131576538
4,melville,1452,thompson,8.19159197807312
4,melville,1452,dickens,7.85096910264757
4,melville,1452,melville,6.882388520240784
4,melville,1452,wells,7.457630515098572
4,melville,1452,austen,7.458748579025267
4,melville,1452,fitzgerald,7.829466342926025
4,melville,1452,twain,8.03147754073143
4,melville,1453,train,3.0708408057689667
4,melville,1453,baum,7.70881175994873
4,melville,1453,thompson,8.155921936035156
4,melville,1453,dickens,7.804694440629747
4,melville,1453,melville,6.854702091217041
4,melville,1453,wells,7.4211777448654175
4,melville,1453,austen,7.431402444839477
4,melville,1453,fitzgerald,7.795575698216756
4,melville,1453,twain,7.997310400009155
4,melville,1454,train,3.056554943323136
4,melville,1454,baum,7.711209297180176
4,melville,1454,thompson,8.158974409103394
4,melville,1454,dickens,7.80312426884969
4,melville,1454,melville,6.863971948623657
4,melville,1454,wells,7.436595439910889
4,melville,1454,austen,7.436619679133098
4,melville,1454,fitzgerald,7.797193845113118
4,melville,1454,twain,8.012632966041565
4,melville,1455,train,3.055861860513687
4,melville,1455,baum,7.715823650360107
4,melville,1455,thompson,8.15871548652649
4,melville,1455,dickens,7.812515541359231
4,melville,1455,melville,6.86207149028778
4,melville,1455,wells,7.423657774925232
4,melville,1455,austen,7.420453071594238
4,melville,1455,fitzgerald,7.792916615804036
4,melville,1455,twain,8.001828342676163
4,melville,1456,train,3.0591689348220825
4,melville,1456,baum,7.75980532169342
4,melville,1456,thompson,8.201290845870972
4,melville,1456,dickens,7.840290210865162
4,melville,1456,melville,6.885983180999756
4,melville,1456,wells,7.449893593788147
4,melville,1456,austen,7.468869209289551
4,melville,1456,fitzgerald,7.833171526590983
4,melville,1456,twain,8.02185633778572
4,melville,1457,train,3.055336385965348
4,melville,1457,baum,7.736405372619629
4,melville,1457,thompson,8.18912649154663
4,melville,1457,dickens,7.82897913897479
4,melville,1457,melville,6.871468329429627
4,melville,1457,wells,7.4304927587509155
4,melville,1457,austen,7.431431849797566
4,melville,1457,fitzgerald,7.814284483591716
4,melville,1457,twain,8.003012150526047
4,melville,1458,train,3.0659029483795166
4,melville,1458,baum,7.702510356903076
4,melville,1458,thompson,8.162411212921143
4,melville,1458,dickens,7.795126703050402
4,melville,1458,melville,6.844137024879456
4,melville,1458,wells,7.423698663711548
4,melville,1458,austen,7.412812868754069
4,melville,1458,fitzgerald,7.786919832229614
4,melville,1458,twain,8.003969430923462
4,melville,1459,train,3.0247667133808136
4,melville,1459,baum,7.726827621459961
4,melville,1459,thompson,8.166006565093994
4,melville,1459,dickens,7.816860393241599
4,melville,1459,melville,6.875118947029113
4,melville,1459,wells,7.447685122489929
4,melville,1459,austen,7.453279415766398
4,melville,1459,fitzgerald,7.792166868845622
4,melville,1459,twain,8.022545844316483
4,melville,1460,train,3.057036340236664
4,melville,1460,baum,7.75177001953125
4,melville,1460,thompson,8.19849944114685
4,melville,1460,dickens,7.822839913544832
4,melville,1460,melville,6.891638708114624
4,melville,1460,wells,7.457818984985352
4,melville,1460,austen,7.464004516601562
4,melville,1460,fitzgerald,7.822538216908772
4,melville,1460,twain,8.03353601694107
4,melville,1461,train,3.037039130926132
4,melville,1461,baum,7.708194017410278
4,melville,1461,thompson,8.156574726104736
4,melville,1461,dickens,7.79099792904324
4,melville,1461,melville,6.866759419441223
4,melville,1461,wells,7.406077742576599
4,melville,1461,austen,7.398633082707723
4,melville,1461,fitzgerald,7.783626635869344
4,melville,1461,twain,7.987719923257828
4,melville,1462,train,3.048727691173553
4,melville,1462,baum,7.7635908126831055
4,melville,1462,thompson,8.211135149002075
4,melville,1462,dickens,7.851673002596255
4,melville,1462,melville,6.905495023727417
4,melville,1462,wells,7.468263864517212
4,melville,1462,austen,7.461895942687988
4,melville,1462,fitzgerald,7.842166582743327
4,melville,1462,twain,8.031039088964462
4,melville,1463,train,3.0583768784999847
4,melville,1463,baum,7.730474710464477
4,melville,1463,thompson,8.180913209915161
4,melville,1463,dickens,7.820849948459202
4,melville,1463,melville,6.868459367752076
4,melville,1463,wells,7.430954694747925
4,melville,1463,austen,7.4317360719045
4,melville,1463,fitzgerald,7.803310712178548
4,melville,1463,twain,8.01078075170517
4,melville,1464,train,3.051881968975067
4,melville,1464,baum,7.721336722373962
4,melville,1464,thompson,8.17629623413086
4,melville,1464,dickens,7.843559777295148
4,melville,1464,melville,6.866007232666016
4,melville,1464,wells,7.441189646720886
4,melville,1464,austen,7.435453255971272
4,melville,1464,fitzgerald,7.806680758794148
4,melville,1464,twain,8.010044485330582
4,melville,1465,train,3.03799968957901
4,melville,1465,baum,7.757288098335266
4,melville,1465,thompson,8.201087474822998
4,melville,1465,dickens,7.868333339691162
4,melville,1465,melville,6.893988704681396
4,melville,1465,wells,7.468822598457336
4,melville,1465,austen,7.472141106923421
4,melville,1465,fitzgerald,7.835741360982259
4,melville,1465,twain,8.037580609321594
4,melville,1466,train,3.0373146533966064
4,melville,1466,baum,7.740683197975159
4,melville,1466,thompson,8.190273523330688
4,melville,1466,dickens,7.839348245550085
4,melville,1466,melville,6.898476457595825
4,melville,1466,wells,7.443919777870178
4,melville,1466,austen,7.44681445757548
4,melville,1466,fitzgerald,7.816198905309041
4,melville,1466,twain,8.023031562566757
4,melville,1467,train,3.043015569448471
4,melville,1467,baum,7.735974907875061
4,melville,1467,thompson,8.183613777160645
4,melville,1467,dickens,7.840722931755914
4,melville,1467,melville,6.89050326347351
4,melville,1467,wells,7.44041097164154
4,melville,1467,austen,7.44715674718221
4,melville,1467,fitzgerald,7.817006429036458
4,melville,1467,twain,8.014976680278778
4,melville,1468,train,3.023346722126007
4,melville,1468,baum,7.739059925079346
4,melville,1468,thompson,8.172833919525146
4,melville,1468,dickens,7.816508240169949
4,melville,1468,melville,6.86125500202179
4,melville,1468,wells,7.435051083564758
4,melville,1468,austen,7.443113247553508
4,melville,1468,fitzgerald,7.819309314092
4,melville,1468,twain,8.018234610557556
4,melville,1469,train,3.0418956577777863
4,melville,1469,baum,7.762217879295349
4,melville,1469,thompson,8.20752239227295
4,melville,1469,dickens,7.839471145912453
4,melville,1469,melville,6.884845542907715
4,melville,1469,wells,7.452791094779968
4,melville,1469,austen,7.462946732838948
4,melville,1469,fitzgerald,7.837052504221599
4,melville,1469,twain,8.03711485862732
4,melville,1470,train,3.045703172683716
4,melville,1470,baum,7.760854125022888
4,melville,1470,thompson,8.197927474975586
4,melville,1470,dickens,7.845419300927056
4,melville,1470,melville,6.890577626228333
4,melville,1470,wells,7.452968120574951
4,melville,1470,austen,7.462662776311238
4,melville,1470,fitzgerald,7.83027712504069
4,melville,1470,twain,8.031003504991531
4,melville,1471,train,3.024058163166046
4,melville,1471,baum,7.727102637290955
4,melville,1471,thompson,8.183768510818481
4,melville,1471,dickens,7.842606844725432
4,melville,1471,melville,6.869980597496033
4,melville,1471,wells,7.446961641311645
4,melville,1471,austen,7.437350511550903
4,melville,1471,fitzgerald,7.807375748952229
4,melville,1471,twain,8.023723274469376
4,melville,1472,train,3.045653074979782
4,melville,1472,baum,7.723063826560974
4,melville,1472,thompson,8.179655313491821
4,melville,1472,dickens,7.843783555207429
4,melville,1472,melville,6.878343033790588
4,melville,1472,wells,7.44494354724884
4,melville,1472,austen,7.445387522379558
4,melville,1472,fitzgerald,7.818421045939128
4,melville,1472,twain,8.01514407992363
4,melville,1473,train,3.0425582826137543
4,melville,1473,baum,7.7715113162994385
4,melville,1473,thompson,8.214686393737793
4,melville,1473,dickens,7.867415516464798
4,melville,1473,melville,6.9043584108352665
4,melville,1473,wells,7.476044535636902
4,melville,1473,austen,7.485270182291667
4,melville,1473,fitzgerald,7.856967051823934
4,melville,1473,twain,8.05285096168518
4,melville,1474,train,3.03742590546608
4,melville,1474,baum,7.75021505355835
4,melville,1474,thompson,8.208415031433105
4,melville,1474,dickens,7.853544482478389
4,melville,1474,melville,6.890653228759765
4,melville,1474,wells,7.459709405899048
4,melville,1474,austen,7.458810806274414
4,melville,1474,fitzgerald,7.834775288899739
4,melville,1474,twain,8.044594138860703
4,melville,1475,train,3.04149329662323
4,melville,1475,baum,7.71489417552948
4,melville,1475,thompson,8.180519819259644
4,melville,1475,dickens,7.831936588993779
4,melville,1475,melville,6.846852660179138
4,melville,1475,wells,7.441362380981445
4,melville,1475,austen,7.43738595644633
4,melville,1475,fitzgerald,7.8167126178741455
4,melville,1475,twain,8.0121431350708
4,melville,1476,train,3.031794160604477
4,melville,1476,baum,7.760056972503662
4,melville,1476,thompson,8.215104579925537
4,melville,1476,dickens,7.843787846741853
4,melville,1476,melville,6.885350632667541
4,melville,1476,wells,7.467192888259888
4,melville,1476,austen,7.466450055440267
4,melville,1476,fitzgerald,7.843537886937459
4,melville,1476,twain,8.037714809179306
4,melville,1477,train,3.0342293977737427
4,melville,1477,baum,7.71753990650177
4,melville,1477,thompson,8.193091869354248
4,melville,1477,dickens,7.815153899016203
4,melville,1477,melville,6.88656907081604
4,melville,1477,wells,7.445032119750977
4,melville,1477,austen,7.431371847788493
4,melville,1477,fitzgerald,7.810694217681885
4,melville,1477,twain,8.01128214597702
4,melville,1478,train,3.0177688002586365
4,melville,1478,baum,7.707713484764099
4,melville,1478,thompson,8.163371324539185
4,melville,1478,dickens,7.794059541490343
4,melville,1478,melville,6.8644893884658815
4,melville,1478,wells,7.433791279792786
4,melville,1478,austen,7.418800989786784
4,melville,1478,fitzgerald,7.798322041829427
4,melville,1478,twain,8.018086284399033
4,melville,1479,train,3.0198173820972443
4,melville,1479,baum,7.76730740070343
4,melville,1479,thompson,8.216686487197876
4,melville,1479,dickens,7.849709104608606
4,melville,1479,melville,6.910200190544129
4,melville,1479,wells,7.476412415504456
4,melville,1479,austen,7.4788947105407715
4,melville,1479,fitzgerald,7.84431266784668
4,melville,1479,twain,8.046419739723206
4,melville,1480,train,3.0096763968467712
4,melville,1480,baum,7.735659003257751
4,melville,1480,thompson,8.2031729221344
4,melville,1480,dickens,7.857440047793919
4,melville,1480,melville,6.882990384101868
4,melville,1480,wells,7.4757407903671265
4,melville,1480,austen,7.468385299046834
4,melville,1480,fitzgerald,7.840023120244344
4,melville,1480,twain,8.05020472407341
4,melville,1481,train,3.033753603696823
4,melville,1481,baum,7.73816192150116
4,melville,1481,thompson,8.198946475982666
4,melville,1481,dickens,7.845537803791188
4,melville,1481,melville,6.8900110721588135
4,melville,1481,wells,7.455941557884216
4,melville,1481,austen,7.457337299982707
4,melville,1481,fitzgerald,7.84181276957194
4,melville,1481,twain,8.041471183300018
4,melville,1482,train,3.017638474702835
4,melville,1482,baum,7.753208041191101
4,melville,1482,thompson,8.22169280052185
4,melville,1482,dickens,7.867823830357304
4,melville,1482,melville,6.8884275436401365
4,melville,1482,wells,7.469534158706665
4,melville,1482,austen,7.469823360443115
4,melville,1482,fitzgerald,7.854543844858806
4,melville,1482,twain,8.041470766067505
4,melville,1483,train,3.039734870195389
4,melville,1483,baum,7.741893649101257
4,melville,1483,thompson,8.220476388931274
4,melville,1483,dickens,7.833616857175474
4,melville,1483,melville,6.883143591880798
4,melville,1483,wells,7.468302726745605
4,melville,1483,austen,7.461364030838013
4,melville,1483,fitzgerald,7.843187650044759
4,melville,1483,twain,8.052197068929672
4,melville,1484,train,3.0189984142780304
4,melville,1484,baum,7.742114543914795
4,melville,1484,thompson,8.211966037750244
4,melville,1484,dickens,7.868047643590857
4,melville,1484,melville,6.883545184135437
4,melville,1484,wells,7.474051356315613
4,melville,1484,austen,7.469674428304036
4,melville,1484,fitzgerald,7.841214656829834
4,melville,1484,twain,8.042944729328156
4,melville,1485,train,3.019979953765869
4,melville,1485,baum,7.72868800163269
4,melville,1485,thompson,8.19234561920166
4,melville,1485,dickens,7.8287893048039185
4,melville,1485,melville,6.887750768661499
4,melville,1485,wells,7.464871525764465
4,melville,1485,austen,7.453506469726562
4,melville,1485,fitzgerald,7.829292933146159
4,melville,1485,twain,8.041563659906387
4,melville,1486,train,3.023162543773651
4,melville,1486,baum,7.742283821105957
4,melville,1486,thompson,8.220866680145264
4,melville,1486,dickens,7.837040671595821
4,melville,1486,melville,6.887814331054687
4,melville,1486,wells,7.466008901596069
4,melville,1486,austen,7.458376248677571
4,melville,1486,fitzgerald,7.838329553604126
4,melville,1486,twain,8.047384232282639
4,melville,1487,train,3.013719767332077
4,melville,1487,baum,7.729410767555237
4,melville,1487,thompson,8.192792892456055
4,melville,1487,dickens,7.84120006914492
4,melville,1487,melville,6.885165667533874
4,melville,1487,wells,7.456156015396118
4,melville,1487,austen,7.452603816986084
4,melville,1487,fitzgerald,7.824699481328328
4,melville,1487,twain,8.026813179254532
4,melville,1488,train,3.0083111226558685
4,melville,1488,baum,7.7840496301651
4,melville,1488,thompson,8.238717079162598
4,melville,1488,dickens,7.901819635320593
4,melville,1488,melville,6.918560481071472
4,melville,1488,wells,7.489228367805481
4,melville,1488,austen,7.502313296000163
4,melville,1488,fitzgerald,7.871049642562866
4,melville,1488,twain,8.068774610757828
4,melville,1489,train,2.9952872693538666
4,melville,1489,baum,7.775503754615784
4,melville,1489,thompson,8.230371713638306
4,melville,1489,dickens,7.868056756478769
4,melville,1489,melville,6.901554083824157
4,melville,1489,wells,7.483214020729065
4,melville,1489,austen,7.480560700098674
4,melville,1489,fitzgerald,7.856781959533691
4,melville,1489,twain,8.068930953741074
