seed,train_author,epochs_completed,loss_dataset,loss_value
1,twain,0,baum,10.83265781402588
1,twain,0,thompson,10.82594084739685
1,twain,0,dickens,10.82788054148356
1,twain,0,melville,10.814987818400065
1,twain,0,wells,10.831130663553871
1,twain,0,austen,10.836973031361898
1,twain,0,fitzgerald,10.82848412649972
1,twain,0,twain,10.819803357124329
1,twain,1,train,10.77317476272583
1,twain,1,baum,10.682099342346191
1,twain,1,thompson,10.691383123397827
1,twain,1,dickens,10.66736634572347
1,twain,1,melville,10.674725320604113
1,twain,1,wells,10.674737612406412
1,twain,1,austen,10.691425641377768
1,twain,1,fitzgerald,10.68400137765067
1,twain,1,twain,10.670624792575836
1,twain,2,train,10.648837804794312
1,twain,2,baum,10.612139701843262
1,twain,2,thompson,10.627927303314207
1,twain,2,dickens,10.593170483907064
1,twain,2,melville,10.614139768812391
1,twain,2,wells,10.60137383143107
1,twain,2,austen,10.620010217030844
1,twain,2,fitzgerald,10.618977410452706
1,twain,2,twain,10.602886497974396
1,twain,3,train,10.576308965682983
1,twain,3,baum,10.56533908843994
1,twain,3,thompson,10.584581851959229
1,twain,3,dickens,10.54537041982015
1,twain,3,melville,10.571963840060764
1,twain,3,wells,10.55274518330892
1,twain,3,austen,10.571709473927816
1,twain,3,fitzgerald,10.57596206665039
1,twain,3,twain,10.556678593158722
1,twain,4,train,10.53604221343994
1,twain,4,baum,10.526476621627808
1,twain,4,thompson,10.548524618148804
1,twain,4,dickens,10.506880124409994
1,twain,4,melville,10.537580172220864
1,twain,4,wells,10.51395066579183
1,twain,4,austen,10.532461802164711
1,twain,4,fitzgerald,10.539684840611049
1,twain,4,twain,10.519371807575226
1,twain,5,train,10.488889932632446
1,twain,5,baum,10.490509510040283
1,twain,5,thompson,10.515373706817629
1,twain,5,dickens,10.471342404683432
1,twain,5,melville,10.506563292609322
1,twain,5,wells,10.47892951965332
1,twain,5,austen,10.496766249338783
1,twain,5,fitzgerald,10.50532899584089
1,twain,5,twain,10.485601365566254
1,twain,6,train,10.451160669326782
1,twain,6,baum,10.455339670181274
1,twain,6,thompson,10.483202934265137
1,twain,6,dickens,10.43657112121582
1,twain,6,melville,10.476736280653212
1,twain,6,wells,10.445474942525228
1,twain,6,austen,10.46205965677897
1,twain,6,fitzgerald,10.471642221723284
1,twain,6,twain,10.452733516693115
1,twain,7,train,10.412896156311035
1,twain,7,baum,10.419414520263672
1,twain,7,thompson,10.44981050491333
1,twain,7,dickens,10.400727272033691
1,twain,7,melville,10.444956885443794
1,twain,7,wells,10.411211808522545
1,twain,7,austen,10.42640765508016
1,twain,7,fitzgerald,10.43725858415876
1,twain,7,twain,10.418526589870453
1,twain,8,train,10.372344493865969
1,twain,8,baum,10.382915496826172
1,twain,8,thompson,10.41571593284607
1,twain,8,dickens,10.363887468973797
1,twain,8,melville,10.41161961025662
1,twain,8,wells,10.37647803624471
1,twain,8,austen,10.389394601186115
1,twain,8,fitzgerald,10.402361461094449
1,twain,8,twain,10.383318424224854
1,twain,9,train,10.334442377090454
1,twain,9,baum,10.345049142837524
1,twain,9,thompson,10.38064980506897
1,twain,9,dickens,10.325777371724447
1,twain,9,melville,10.37762451171875
1,twain,9,wells,10.340991973876951
1,twain,9,austen,10.350858688354492
1,twain,9,fitzgerald,10.366381100245883
1,twain,9,twain,10.34811943769455
1,twain,10,train,10.290706872940063
1,twain,10,baum,10.305635690689089
1,twain,10,thompson,10.344810247421265
1,twain,10,dickens,10.286679903666178
1,twain,10,melville,10.343460400899252
1,twain,10,wells,10.304310957590738
1,twain,10,austen,10.31161324183146
1,twain,10,fitzgerald,10.329157284327916
1,twain,10,twain,10.312714397907255
1,twain,11,train,10.250197410583496
1,twain,11,baum,10.26508355140686
1,twain,11,thompson,10.308148384094238
1,twain,11,dickens,10.246694246927897
1,twain,11,melville,10.309047169155544
1,twain,11,wells,10.26636250813802
1,twain,11,austen,10.271868705749512
1,twain,11,fitzgerald,10.29069709777832
1,twain,11,twain,10.276921272277832
1,twain,12,train,10.212674617767334
1,twain,12,baum,10.224459886550903
1,twain,12,thompson,10.270928621292114
1,twain,12,dickens,10.20669651031494
1,twain,12,melville,10.27372031741672
1,twain,12,wells,10.22778844833374
1,twain,12,austen,10.23209810256958
1,twain,12,fitzgerald,10.251879147120883
1,twain,12,twain,10.240025222301483
1,twain,13,train,10.170248031616213
1,twain,13,baum,10.18472385406494
1,twain,13,thompson,10.233971118927002
1,twain,13,dickens,10.16757615407308
1,twain,13,melville,10.238241089714895
1,twain,13,wells,10.18911075592041
1,twain,13,austen,10.19285774230957
1,twain,13,fitzgerald,10.213624545506068
1,twain,13,twain,10.202133417129517
1,twain,14,train,10.123737335205078
1,twain,14,baum,10.145013570785522
1,twain,14,thompson,10.196721076965332
1,twain,14,dickens,10.128389358520508
1,twain,14,melville,10.202278031243218
1,twain,14,wells,10.151060581207275
1,twain,14,austen,10.153153578440348
1,twain,14,fitzgerald,10.175827162606376
1,twain,14,twain,10.164064228534698
1,twain,15,train,10.07882571220398
1,twain,15,baum,10.105123043060305
1,twain,15,thompson,10.1594557762146
1,twain,15,dickens,10.08865229288737
1,twain,15,melville,10.166333516438804
1,twain,15,wells,10.113396008809408
1,twain,15,austen,10.113032976786297
1,twain,15,fitzgerald,10.138183321271624
1,twain,15,twain,10.126307249069214
1,twain,16,train,10.040910720825195
1,twain,16,baum,10.065452814102173
1,twain,16,thompson,10.12267565727234
1,twain,16,dickens,10.048728942871094
1,twain,16,melville,10.130842632717556
1,twain,16,wells,10.0754124323527
1,twain,16,austen,10.07321802775065
1,twain,16,fitzgerald,10.100364685058594
1,twain,16,twain,10.088724374771118
1,twain,17,train,9.99853229522705
1,twain,17,baum,10.024838209152222
1,twain,17,thompson,10.08544659614563
1,twain,17,dickens,10.008360544840494
1,twain,17,melville,10.0952664481269
1,twain,17,wells,10.036595503489176
1,twain,17,austen,10.033075014750162
1,twain,17,fitzgerald,10.061206545148575
1,twain,17,twain,10.05147522687912
1,twain,18,train,9.950165271759031
1,twain,18,baum,9.9842848777771
1,twain,18,thompson,10.048223495483398
1,twain,18,dickens,9.968737602233888
1,twain,18,melville,10.059736675686306
1,twain,18,wells,9.998111883799234
1,twain,18,austen,9.993227005004885
1,twain,18,fitzgerald,10.022471836635043
1,twain,18,twain,10.014117062091827
1,twain,19,train,9.917035102844238
1,twain,19,baum,9.944660425186155
1,twain,19,thompson,10.01161289215088
1,twain,19,dickens,9.930257797241213
1,twain,19,melville,10.024857627020944
1,twain,19,wells,9.96005153656006
1,twain,19,austen,9.95421822865804
1,twain,19,fitzgerald,9.984731265476771
1,twain,19,twain,9.976826667785645
1,twain,20,train,9.868818044662476
1,twain,20,baum,9.905913352966309
1,twain,20,thompson,9.975855827331545
1,twain,20,dickens,9.89197858174642
1,twain,20,melville,9.9907193713718
1,twain,20,wells,9.922595818837484
1,twain,20,austen,9.91538699467977
1,twain,20,fitzgerald,9.947436877659388
1,twain,20,twain,9.94007843732834
1,twain,21,train,9.819966793060305
1,twain,21,baum,9.866548299789429
1,twain,21,thompson,9.93945813179016
1,twain,21,dickens,9.852353731791178
1,twain,21,melville,9.955432362026638
1,twain,21,wells,9.885162035624186
1,twain,21,austen,9.875335057576498
1,twain,21,fitzgerald,9.909522874014716
1,twain,21,twain,9.902981638908386
1,twain,22,train,9.781776189804075
1,twain,22,baum,9.826765298843384
1,twain,22,thompson,9.902577877044678
1,twain,22,dickens,9.813082377115885
1,twain,22,melville,9.921150207519531
1,twain,22,wells,9.847953160603842
1,twain,22,austen,9.83665164311727
1,twain,22,fitzgerald,9.871405329023087
1,twain,22,twain,9.866563737392426
1,twain,23,train,9.732650756835938
1,twain,23,baum,9.787295818328856
1,twain,23,thompson,9.866445302963257
1,twain,23,dickens,9.774909973144531
1,twain,23,melville,9.887561904059517
1,twain,23,wells,9.811116536458334
1,twain,23,austen,9.798396428426107
1,twain,23,fitzgerald,9.833962031773158
1,twain,23,twain,9.830485463142397
1,twain,24,train,9.699336767196655
1,twain,24,baum,9.74825143814087
1,twain,24,thompson,9.830690622329712
1,twain,24,dickens,9.736074765523275
1,twain,24,melville,9.85265466901991
1,twain,24,wells,9.774181524912516
1,twain,24,austen,9.758571783701578
1,twain,24,fitzgerald,9.796760967799596
1,twain,24,twain,9.794247210025787
1,twain,25,train,9.65924835205078
1,twain,25,baum,9.710351467132568
1,twain,25,thompson,9.79590654373169
1,twain,25,dickens,9.698499043782553
1,twain,25,melville,9.820216178894045
1,twain,25,wells,9.737462679545084
1,twain,25,austen,9.721173445383709
1,twain,25,fitzgerald,9.760073798043388
1,twain,25,twain,9.75836819410324
1,twain,26,train,9.614869594573976
1,twain,26,baum,9.671122074127195
1,twain,26,thompson,9.760277271270752
1,twain,26,dickens,9.660794893900553
1,twain,26,melville,9.787435955471462
1,twain,26,wells,9.70048681894938
1,twain,26,austen,9.683589935302734
1,twain,26,fitzgerald,9.722685132707868
1,twain,26,twain,9.722624838352203
1,twain,27,train,9.577773094177246
1,twain,27,baum,9.633068799972534
1,twain,27,thompson,9.72516679763794
1,twain,27,dickens,9.623662948608398
1,twain,27,melville,9.753402603997124
1,twain,27,wells,9.664701302846272
1,twain,27,austen,9.64510440826416
1,twain,27,fitzgerald,9.68658460889544
1,twain,27,twain,9.686975657939913
1,twain,28,train,9.534103870391846
1,twain,28,baum,9.595306396484377
1,twain,28,thompson,9.690595626831056
1,twain,28,dickens,9.58721892038981
1,twain,28,melville,9.72128274705675
1,twain,28,wells,9.62900416056315
1,twain,28,austen,9.608050664265951
1,twain,28,fitzgerald,9.650581223624092
1,twain,28,twain,9.652114033699036
1,twain,29,train,9.490518569946287
1,twain,29,baum,9.558286428451538
1,twain,29,thompson,9.656672954559326
1,twain,29,dickens,9.551321983337402
1,twain,29,melville,9.689913113911947
1,twain,29,wells,9.593462308247885
1,twain,29,austen,9.572137832641602
1,twain,29,fitzgerald,9.61513601030622
1,twain,29,twain,9.617519199848177
1,twain,30,train,9.45180869102478
1,twain,30,baum,9.521087408065796
1,twain,30,thompson,9.62234377861023
1,twain,30,dickens,9.514560381571451
1,twain,30,melville,9.65677653418647
1,twain,30,wells,9.558011213938396
1,twain,30,austen,9.534565607706703
1,twain,30,fitzgerald,9.57960333142962
1,twain,30,twain,9.582711219787598
1,twain,31,train,9.415782690048218
1,twain,31,baum,9.484358549118042
1,twain,31,thompson,9.588366270065308
1,twain,31,dickens,9.478844006856283
1,twain,31,melville,9.624293857150608
1,twain,31,wells,9.52319876352946
1,twain,31,austen,9.497872829437256
1,twain,31,fitzgerald,9.544770513262067
1,twain,31,twain,9.548367977142334
1,twain,32,train,9.373738288879396
1,twain,32,baum,9.447947025299072
1,twain,32,thompson,9.554986715316772
1,twain,32,dickens,9.443380991617838
1,twain,32,melville,9.593900362650553
1,twain,32,wells,9.488560199737549
1,twain,32,austen,9.46231206258138
1,twain,32,fitzgerald,9.509764126368932
1,twain,32,twain,9.515009999275208
1,twain,33,train,9.328135013580322
1,twain,33,baum,9.411707878112791
1,twain,33,thompson,9.521804571151732
1,twain,33,dickens,9.40805721282959
1,twain,33,melville,9.562802102830677
1,twain,33,wells,9.454692363739014
1,twain,33,austen,9.426288604736328
1,twain,33,fitzgerald,9.47517476763044
1,twain,33,twain,9.48207038640976
1,twain,34,train,9.287164211273192
1,twain,34,baum,9.375443696975708
1,twain,34,thompson,9.488609552383425
1,twain,34,dickens,9.37382729848226
1,twain,34,melville,9.531736903720432
1,twain,34,wells,9.420633792877195
1,twain,34,austen,9.390955289204916
1,twain,34,fitzgerald,9.441166877746582
1,twain,34,twain,9.448749959468842
1,twain,35,train,9.24944305419922
1,twain,35,baum,9.338706731796265
1,twain,35,thompson,9.455190420150757
1,twain,35,dickens,9.339221000671388
1,twain,35,melville,9.500970628526476
1,twain,35,wells,9.386239528656006
1,twain,35,austen,9.35512892405192
1,twain,35,fitzgerald,9.406431470598491
1,twain,35,twain,9.415783822536469
1,twain,36,train,9.214582681655884
1,twain,36,baum,9.303077697753906
1,twain,36,thompson,9.42255187034607
1,twain,36,dickens,9.305705706278482
1,twain,36,melville,9.471147855122885
1,twain,36,wells,9.352805455525717
1,twain,36,austen,9.320027510325112
1,twain,36,fitzgerald,9.372591836111884
1,twain,36,twain,9.383383870124815
1,twain,37,train,9.180890560150146
1,twain,37,baum,9.26754593849182
1,twain,37,thompson,9.390320539474487
1,twain,37,dickens,9.27197297414144
1,twain,37,melville,9.441011534796822
1,twain,37,wells,9.31993023554484
1,twain,37,austen,9.284884293874104
1,twain,37,fitzgerald,9.339078494480678
1,twain,37,twain,9.351526618003843
1,twain,38,train,9.146354913711548
1,twain,38,baum,9.232006072998049
1,twain,38,thompson,9.357853174209597
1,twain,38,dickens,9.238270123799644
1,twain,38,melville,9.411456214057075
1,twain,38,wells,9.2867701848348
1,twain,38,austen,9.250315348307293
1,twain,38,fitzgerald,9.305412701198032
1,twain,38,twain,9.319858312606812
1,twain,39,train,9.100475311279297
1,twain,39,baum,9.197424411773682
1,twain,39,thompson,9.325870037078856
1,twain,39,dickens,9.205611864725748
1,twain,39,melville,9.381777657402884
1,twain,39,wells,9.254464308420816
1,twain,39,austen,9.21601390838623
1,twain,39,fitzgerald,9.273097038269045
1,twain,39,twain,9.287958264350891
1,twain,40,train,9.088093519210815
1,twain,40,baum,9.163180828094482
1,twain,40,thompson,9.29470920562744
1,twain,40,dickens,9.17280356089274
1,twain,40,melville,9.352683173285593
1,twain,40,wells,9.222302277882894
1,twain,40,austen,9.18201192220052
1,twain,40,fitzgerald,9.240515300205775
1,twain,40,twain,9.256695330142977
1,twain,41,train,9.03523564338684
1,twain,41,baum,9.12957525253296
1,twain,41,thompson,9.263995885849
1,twain,41,dickens,9.14026896158854
1,twain,41,melville,9.323973443773058
1,twain,41,wells,9.190549532572428
1,twain,41,austen,9.148873329162598
1,twain,41,fitzgerald,9.208734103611537
1,twain,41,twain,9.225880563259125
1,twain,42,train,8.990541219711304
1,twain,42,baum,9.09597396850586
1,twain,42,thompson,9.233777046203612
1,twain,42,dickens,9.108770370483398
1,twain,42,melville,9.295849800109863
1,twain,42,wells,9.159525076548258
1,twain,42,austen,9.116146405537924
1,twain,42,fitzgerald,9.177562441144673
1,twain,42,twain,9.195578396320345
1,twain,43,train,8.958960771560669
1,twain,43,baum,9.062867879867554
1,twain,43,thompson,9.20368194580078
1,twain,43,dickens,9.075404167175291
1,twain,43,melville,9.26655387878418
1,twain,43,wells,9.12843338648478
1,twain,43,austen,9.082414944966636
1,twain,43,fitzgerald,9.14603464944022
1,twain,43,twain,9.164971947669985
1,twain,44,train,8.9306480884552
1,twain,44,baum,9.030924320220947
1,twain,44,thompson,9.174639225006104
1,twain,44,dickens,9.04486052195231
1,twain,44,melville,9.239485210842556
1,twain,44,wells,9.097647507985434
1,twain,44,austen,9.050684293111166
1,twain,44,fitzgerald,9.115636280604772
1,twain,44,twain,9.134624660015106
1,twain,45,train,8.88985562324524
1,twain,45,baum,8.998788833618164
1,twain,45,thompson,9.145477533340454
1,twain,45,dickens,9.012398401896158
1,twain,45,melville,9.211215337117514
1,twain,45,wells,9.06707525253296
1,twain,45,austen,9.01771847407023
1,twain,45,fitzgerald,9.08479826790946
1,twain,45,twain,9.104774117469788
1,twain,46,train,8.853421449661255
1,twain,46,baum,8.9671790599823
1,twain,46,thompson,9.117236137390137
1,twain,46,dickens,8.98222827911377
1,twain,46,melville,9.18480110168457
1,twain,46,wells,9.03720474243164
1,twain,46,austen,8.986759344736734
1,twain,46,fitzgerald,9.05553082057408
1,twain,46,twain,9.075353682041168
1,twain,47,train,8.827712297439575
1,twain,47,baum,8.935975790023804
1,twain,47,thompson,9.08872103691101
1,twain,47,dickens,8.95010757446289
1,twain,47,melville,9.15695858001709
1,twain,47,wells,9.00734027226766
1,twain,47,austen,8.954363822937012
1,twain,47,fitzgerald,9.025722639901298
1,twain,47,twain,9.046125710010529
1,twain,48,train,8.770434856414795
1,twain,48,baum,8.904823541641235
1,twain,48,thompson,9.061410188674929
1,twain,48,dickens,8.920799255371094
1,twain,48,melville,9.131521754794653
1,twain,48,wells,8.978663126627604
1,twain,48,austen,8.92408037185669
1,twain,48,fitzgerald,8.99708720615932
1,twain,48,twain,9.017902076244354
1,twain,49,train,8.77253532409668
1,twain,49,baum,8.873843431472778
1,twain,49,thompson,9.032637119293211
1,twain,49,dickens,8.88993008931478
1,twain,49,melville,9.10415087805854
1,twain,49,wells,8.94905153910319
1,twain,49,austen,8.892087459564209
1,twain,49,fitzgerald,8.967633928571429
1,twain,49,twain,8.988874435424805
1,twain,50,train,8.720810413360596
1,twain,50,baum,8.843680143356323
1,twain,50,thompson,9.005414009094238
1,twain,50,dickens,8.860711097717285
1,twain,50,melville,9.078779008653427
1,twain,50,wells,8.920145034790039
1,twain,50,austen,8.861899375915527
1,twain,50,fitzgerald,8.938969203404017
1,twain,50,twain,8.960901081562042
1,twain,51,train,8.697734117507935
1,twain,51,baum,8.81381344795227
1,twain,51,thompson,8.97881555557251
1,twain,51,dickens,8.830823262532553
1,twain,51,melville,9.052833769056532
1,twain,51,wells,8.891590436299643
1,twain,51,austen,8.831712404886881
1,twain,51,fitzgerald,8.910643441336495
1,twain,51,twain,8.933347165584564
1,twain,52,train,8.630187273025513
1,twain,52,baum,8.784085035324097
1,twain,52,thompson,8.951949834823608
1,twain,52,dickens,8.801722526550293
1,twain,52,melville,9.027602513631184
1,twain,52,wells,8.863329887390137
1,twain,52,austen,8.802055517832438
1,twain,52,fitzgerald,8.882654735020228
1,twain,52,twain,8.90576708316803
1,twain,53,train,8.628677606582642
1,twain,53,baum,8.754661560058594
1,twain,53,thompson,8.92607307434082
1,twain,53,dickens,8.773285230000814
1,twain,53,melville,9.002704408433702
1,twain,53,wells,8.83609390258789
1,twain,53,austen,8.772583484649658
1,twain,53,fitzgerald,8.855275699070521
1,twain,53,twain,8.878885567188263
1,twain,54,train,8.595061302185059
1,twain,54,baum,8.725384950637817
1,twain,54,thompson,8.899035930633545
1,twain,54,dickens,8.743102073669434
1,twain,54,melville,8.976752281188965
1,twain,54,wells,8.807884375254313
1,twain,54,austen,8.74222215016683
1,twain,54,fitzgerald,8.826811790466309
1,twain,54,twain,8.851909935474396
1,twain,55,train,8.56396746635437
1,twain,55,baum,8.696587324142456
1,twain,55,thompson,8.873437643051147
1,twain,55,dickens,8.714959144592285
1,twain,55,melville,8.952026473151314
1,twain,55,wells,8.780457814534506
1,twain,55,austen,8.713654200236002
1,twain,55,fitzgerald,8.799957956586566
1,twain,55,twain,8.825263917446136
1,twain,56,train,8.52734637260437
1,twain,56,baum,8.667657375335693
1,twain,56,thompson,8.847686052322388
1,twain,56,dickens,8.685946782430014
1,twain,56,melville,8.927358203464085
1,twain,56,wells,8.752809365590414
1,twain,56,austen,8.68489122390747
1,twain,56,fitzgerald,8.772395951407296
1,twain,56,twain,8.798761010169983
1,twain,57,train,8.505731582641602
1,twain,57,baum,8.639751195907593
1,twain,57,thompson,8.822691440582275
1,twain,57,dickens,8.658262888590494
1,twain,57,melville,8.903474383884006
1,twain,57,wells,8.726190884908041
1,twain,57,austen,8.65676736831665
1,twain,57,fitzgerald,8.74594715663365
1,twain,57,twain,8.772653460502625
1,twain,58,train,8.451531171798706
1,twain,58,baum,8.611546039581299
1,twain,58,thompson,8.797905683517456
1,twain,58,dickens,8.630597750345865
1,twain,58,melville,8.879650539822048
1,twain,58,wells,8.70007578531901
1,twain,58,austen,8.62826919555664
1,twain,58,fitzgerald,8.719543593270439
1,twain,58,twain,8.747300624847412
1,twain,59,train,8.447648525238037
1,twain,59,baum,8.584096670150757
1,twain,59,thompson,8.773303747177124
1,twain,59,dickens,8.603495597839355
1,twain,59,melville,8.856097221374512
1,twain,59,wells,8.673861344655355
1,twain,59,austen,8.600682735443115
1,twain,59,fitzgerald,8.693572044372559
1,twain,59,twain,8.721846342086792
1,twain,60,train,8.40520429611206
1,twain,60,baum,8.556596755981445
1,twain,60,thompson,8.74882984161377
1,twain,60,dickens,8.576266924540201
1,twain,60,melville,8.832359313964844
1,twain,60,wells,8.647730986277262
1,twain,60,austen,8.572781880696615
1,twain,60,fitzgerald,8.667593138558525
1,twain,60,twain,8.69638729095459
1,twain,61,train,8.382432699203491
1,twain,61,baum,8.529872179031372
1,twain,61,thompson,8.725365161895752
1,twain,61,dickens,8.550319989522299
1,twain,61,melville,8.80984772576226
1,twain,61,wells,8.622278849283854
1,twain,61,austen,8.546151161193848
1,twain,61,fitzgerald,8.642677715846471
1,twain,61,twain,8.67129772901535
1,twain,62,train,8.356366634368896
1,twain,62,baum,8.503329992294312
1,twain,62,thompson,8.70134425163269
1,twain,62,dickens,8.523117065429688
1,twain,62,melville,8.786563767327202
1,twain,62,wells,8.596551259358725
1,twain,62,austen,8.518929958343506
1,twain,62,fitzgerald,8.617176192147392
1,twain,62,twain,8.646374940872192
1,twain,63,train,8.31778621673584
1,twain,63,baum,8.477221250534058
1,twain,63,thompson,8.678474187850952
1,twain,63,dickens,8.497712135314941
1,twain,63,melville,8.764893107944065
1,twain,63,wells,8.571682612101236
1,twain,63,austen,8.492841561635336
1,twain,63,fitzgerald,8.592724800109863
1,twain,63,twain,8.62214881181717
1,twain,64,train,8.313338279724121
1,twain,64,baum,8.451297044754028
1,twain,64,thompson,8.655555248260498
1,twain,64,dickens,8.471169789632162
1,twain,64,melville,8.742087788052029
1,twain,64,wells,8.546573797861734
1,twain,64,austen,8.466121514638266
1,twain,64,fitzgerald,8.567896570478167
1,twain,64,twain,8.59772664308548
1,twain,65,train,8.2663414478302
1,twain,65,baum,8.42596435546875
1,twain,65,thompson,8.632986307144165
1,twain,65,dickens,8.4459810256958
1,twain,65,melville,8.720174471537272
1,twain,65,wells,8.522161960601807
1,twain,65,austen,8.44046958287557
1,twain,65,fitzgerald,8.544028690883092
1,twain,65,twain,8.57380610704422
1,twain,66,train,8.230931043624878
1,twain,66,baum,8.400398969650269
1,twain,66,thompson,8.610410451889038
1,twain,66,dickens,8.42102305094401
1,twain,66,melville,8.698352919684517
1,twain,66,wells,8.498237450917562
1,twain,66,austen,8.41465171178182
1,twain,66,fitzgerald,8.520254135131836
1,twain,66,twain,8.550394237041473
1,twain,67,train,8.203625679016113
1,twain,67,baum,8.374974966049194
1,twain,67,thompson,8.588184595108032
1,twain,67,dickens,8.396044413248697
1,twain,67,melville,8.677105585734049
1,twain,67,wells,8.474009037017822
1,twain,67,austen,8.38901154200236
1,twain,67,fitzgerald,8.496306691850934
1,twain,67,twain,8.527304291725159
1,twain,68,train,8.189096450805664
1,twain,68,baum,8.350409030914307
1,twain,68,thompson,8.56609058380127
1,twain,68,dickens,8.371694882710775
1,twain,68,melville,8.655519273546007
1,twain,68,wells,8.450209140777588
1,twain,68,austen,8.363954385121664
1,twain,68,fitzgerald,8.472961153302874
1,twain,68,twain,8.503929793834686
1,twain,69,train,8.136004209518433
1,twain,69,baum,8.325446128845215
1,twain,69,thompson,8.543540239334106
1,twain,69,dickens,8.346337954203287
1,twain,69,melville,8.633897251553005
1,twain,69,wells,8.426586627960205
1,twain,69,austen,8.338449954986572
1,twain,69,fitzgerald,8.449162210736956
1,twain,69,twain,8.481127142906189
1,twain,70,train,8.11886739730835
1,twain,70,baum,8.301355838775635
1,twain,70,thompson,8.5226149559021
1,twain,70,dickens,8.323393185933432
1,twain,70,melville,8.614473025004068
1,twain,70,wells,8.40402348836263
1,twain,70,austen,8.31483014424642
1,twain,70,fitzgerald,8.426952498299736
1,twain,70,twain,8.459010660648346
1,twain,71,train,8.104105472564697
1,twain,71,baum,8.276927947998047
1,twain,71,thompson,8.500777006149292
1,twain,71,dickens,8.298435846964518
1,twain,71,melville,8.592913839552137
1,twain,71,wells,8.380618572235107
1,twain,71,austen,8.289576371510824
1,twain,71,fitzgerald,8.40361281803676
1,twain,71,twain,8.436592757701874
1,twain,72,train,8.048860788345337
1,twain,72,baum,8.254181385040283
1,twain,72,thompson,8.48079228401184
1,twain,72,dickens,8.276741981506348
1,twain,72,melville,8.574736913045248
1,twain,72,wells,8.358929793039957
1,twain,72,austen,8.267148653666178
1,twain,72,fitzgerald,8.382493836539131
1,twain,72,twain,8.415319383144379
1,twain,73,train,8.040751099586487
1,twain,73,baum,8.229753732681274
1,twain,73,thompson,8.458948135375977
1,twain,73,dickens,8.25217342376709
1,twain,73,melville,8.553214073181152
1,twain,73,wells,8.335821787516275
1,twain,73,austen,8.24168348312378
1,twain,73,fitzgerald,8.359383446829659
1,twain,73,twain,8.393128097057343
1,twain,74,train,8.03165578842163
1,twain,74,baum,8.206909418106079
1,twain,74,thompson,8.438980340957642
1,twain,74,dickens,8.230358123779297
1,twain,74,melville,8.534717135959202
1,twain,74,wells,8.314194202423096
1,twain,74,austen,8.218889395395914
1,twain,74,fitzgerald,8.338273320879255
1,twain,74,twain,8.372189104557037
1,twain,75,train,7.988990545272827
1,twain,75,baum,8.183660507202148
1,twain,75,thompson,8.41784119606018
1,twain,75,dickens,8.205520311991373
1,twain,75,melville,8.513895988464355
1,twain,75,wells,8.291611512502035
1,twain,75,austen,8.194830258687338
1,twain,75,fitzgerald,8.31560216631208
1,twain,75,twain,8.35074633359909
1,twain,76,train,7.954935312271118
1,twain,76,baum,8.16138505935669
1,twain,76,thompson,8.398456335067749
1,twain,76,dickens,8.183887799580893
1,twain,76,melville,8.495651033189562
1,twain,76,wells,8.270723501841227
1,twain,76,austen,8.172619501749674
1,twain,76,fitzgerald,8.294916016714913
1,twain,76,twain,8.330276370048523
1,twain,77,train,7.938292741775513
1,twain,77,baum,8.138663291931152
1,twain,77,thompson,8.378878355026245
1,twain,77,dickens,8.161931673685709
1,twain,77,melville,8.476965480380589
1,twain,77,wells,8.249663988749186
1,twain,77,austen,8.149795214335123
1,twain,77,fitzgerald,8.273822103227888
1,twain,77,twain,8.310007572174072
1,twain,78,train,7.918614387512207
1,twain,78,baum,8.115926504135132
1,twain,78,thompson,8.358895063400269
1,twain,78,dickens,8.139300664265951
1,twain,78,melville,8.457558737860786
1,twain,78,wells,8.228210290273031
1,twain,78,austen,8.126548926035563
1,twain,78,fitzgerald,8.252358709062849
1,twain,78,twain,8.289650738239288
1,twain,79,train,7.8984949588775635
1,twain,79,baum,8.094367980957031
1,twain,79,thompson,8.340601682662964
1,twain,79,dickens,8.119476318359375
1,twain,79,melville,8.44035095638699
1,twain,79,wells,8.208762168884277
1,twain,79,austen,8.105693340301514
1,twain,79,fitzgerald,8.233091081891741
1,twain,79,twain,8.270360171794891
1,twain,80,train,7.887052297592163
1,twain,80,baum,8.072364091873169
1,twain,80,thompson,8.320716142654419
1,twain,80,dickens,8.09632142384847
1,twain,80,melville,8.420817587110731
1,twain,80,wells,8.187044461568197
1,twain,80,austen,8.082688013712565
1,twain,80,fitzgerald,8.211562020438057
1,twain,80,twain,8.24989229440689
1,twain,81,train,7.84185254573822
1,twain,81,baum,8.051838397979736
1,twain,81,thompson,8.303445816040039
1,twain,81,dickens,8.077386538187662
1,twain,81,melville,8.40499602423774
1,twain,81,wells,8.167978763580322
1,twain,81,austen,8.062816063563028
1,twain,81,fitzgerald,8.192810876028878
1,twain,81,twain,8.230934143066406
1,twain,82,train,7.8164836168289185
1,twain,82,baum,8.029886364936829
1,twain,82,thompson,8.283968448638916
1,twain,82,dickens,8.054394880930582
1,twain,82,melville,8.385236316257053
1,twain,82,wells,8.147279898325602
1,twain,82,austen,8.03973134358724
1,twain,82,fitzgerald,8.171934127807617
1,twain,82,twain,8.211069583892822
1,twain,83,train,7.795216202735901
1,twain,83,baum,8.009284019470215
1,twain,83,thompson,8.266406536102295
1,twain,83,dickens,8.035462538401285
1,twain,83,melville,8.369352022806803
1,twain,83,wells,8.128442923227945
1,twain,83,austen,8.02005934715271
1,twain,83,fitzgerald,8.153095517839704
1,twain,83,twain,8.192688554525375
1,twain,84,train,7.789207458496094
1,twain,84,baum,7.988900184631348
1,twain,84,thompson,8.248432397842407
1,twain,84,dickens,8.015838305155436
1,twain,84,melville,8.352193514506022
1,twain,84,wells,8.10861619313558
1,twain,84,austen,7.999602238337199
1,twain,84,fitzgerald,8.134006091526576
1,twain,84,twain,8.17365637421608
1,twain,85,train,7.770779252052307
1,twain,85,baum,7.968120455741882
1,twain,85,thompson,8.229724168777466
1,twain,85,dickens,7.994611104329427
1,twain,85,melville,8.333766301472982
1,twain,85,wells,8.088831424713135
1,twain,85,austen,7.9780824184417725
1,twain,85,fitzgerald,8.114232472011022
1,twain,85,twain,8.154461354017258
1,twain,86,train,7.730159401893616
1,twain,86,baum,7.949326157569885
1,twain,86,thompson,8.213809728622437
1,twain,86,dickens,7.977945804595947
1,twain,86,melville,8.319496154785156
1,twain,86,wells,8.071394920349121
1,twain,86,austen,7.960231145222981
1,twain,86,fitzgerald,8.097403390066964
1,twain,86,twain,8.13697698712349
1,twain,87,train,7.707520484924316
1,twain,87,baum,7.92850923538208
1,twain,87,thompson,8.195257902145386
1,twain,87,dickens,7.954907099405925
1,twain,87,melville,8.300304624769423
1,twain,87,wells,8.051106055577597
1,twain,87,austen,7.938073396682739
1,twain,87,fitzgerald,8.076961381094796
1,twain,87,twain,8.118082463741302
1,twain,88,train,7.687263369560242
1,twain,88,baum,7.909711599349976
1,twain,88,thompson,8.179464101791382
1,twain,88,dickens,7.937317371368408
1,twain,88,melville,8.28614584604899
1,twain,88,wells,8.033324797948202
1,twain,88,austen,7.92025089263916
1,twain,88,fitzgerald,8.059699739728655
1,twain,88,twain,8.10074633359909
1,twain,89,train,7.676732420921326
1,twain,89,baum,7.8901448249816895
1,twain,89,thompson,8.162246227264404
1,twain,89,dickens,7.917383988698323
1,twain,89,melville,8.268693076239693
1,twain,89,wells,8.014816919962565
1,twain,89,austen,7.899434963862101
1,twain,89,fitzgerald,8.041342667170934
1,twain,89,twain,8.08288162946701
1,twain,90,train,7.644375801086426
1,twain,90,baum,7.871295213699341
1,twain,90,thompson,8.145934343338013
1,twain,90,dickens,7.899331092834473
1,twain,90,melville,8.253517680697971
1,twain,90,wells,7.996639013290405
1,twain,90,austen,7.881008307139079
1,twain,90,fitzgerald,8.023794037955147
1,twain,90,twain,8.065553158521652
1,twain,91,train,7.585896372795105
1,twain,91,baum,7.852201461791992
1,twain,91,thompson,8.12929630279541
1,twain,91,dickens,7.880946159362793
1,twain,91,melville,8.237870216369629
1,twain,91,wells,7.97870945930481
1,twain,91,austen,7.861768245697021
1,twain,91,fitzgerald,8.006177084786552
1,twain,91,twain,8.048477619886398
1,twain,92,train,7.592662692070007
1,twain,92,baum,7.8333094120025635
1,twain,92,thompson,8.112979173660278
1,twain,92,dickens,7.862385590871175
1,twain,92,melville,8.222542656792534
1,twain,92,wells,7.960986375808716
1,twain,92,austen,7.84255321820577
1,twain,92,fitzgerald,7.988716261727469
1,twain,92,twain,8.031923115253448
1,twain,93,train,7.591616272926331
1,twain,93,baum,7.815234422683716
1,twain,93,thompson,8.097331166267395
1,twain,93,dickens,7.8441135088602705
1,twain,93,melville,8.207287364535862
1,twain,93,wells,7.94347341855367
1,twain,93,austen,7.824544509251912
1,twain,93,fitzgerald,7.971666744777134
1,twain,93,twain,8.015293151140213
1,twain,94,train,7.596785545349121
1,twain,94,baum,7.79687225818634
1,twain,94,thompson,8.080881357192993
1,twain,94,dickens,7.824848175048828
1,twain,94,melville,8.191155539618599
1,twain,94,wells,7.925541480382283
1,twain,94,austen,7.805394331614177
1,twain,94,fitzgerald,7.953966481345041
1,twain,94,twain,7.998526334762573
1,twain,95,train,7.528661370277405
1,twain,95,baum,7.779969573020935
1,twain,95,thompson,8.066609859466553
1,twain,95,dickens,7.808933734893799
1,twain,95,melville,8.177973694271511
1,twain,95,wells,7.909285147984822
1,twain,95,austen,7.78889799118042
1,twain,95,fitzgerald,7.93823105948312
1,twain,95,twain,7.98305881023407
1,twain,96,train,7.541912794113159
1,twain,96,baum,7.76220428943634
1,twain,96,thompson,8.050939440727234
1,twain,96,dickens,7.79039208094279
1,twain,96,melville,8.1618955400255
1,twain,96,wells,7.891542832056682
1,twain,96,austen,7.769970099131267
1,twain,96,fitzgerald,7.92095456804548
1,twain,96,twain,7.966429769992828
1,twain,97,train,7.474729776382446
1,twain,97,baum,7.745358824729919
1,twain,97,thompson,8.036912202835083
1,twain,97,dickens,7.77479616800944
1,twain,97,melville,8.148846202426487
1,twain,97,wells,7.876362880071004
1,twain,97,austen,7.753560781478882
1,twain,97,fitzgerald,7.905539512634277
1,twain,97,twain,7.951522767543793
1,twain,98,train,7.488068580627441
1,twain,98,baum,7.727842092514038
1,twain,98,thompson,8.021295309066772
1,twain,98,dickens,7.757021268208821
1,twain,98,melville,8.133598062727186
1,twain,98,wells,7.859050114949544
1,twain,98,austen,7.735235055287679
1,twain,98,fitzgerald,7.888840402875628
1,twain,98,twain,7.935390949249268
1,twain,99,train,7.463000893592834
1,twain,99,baum,7.7112404108047485
1,twain,99,thompson,8.007436752319336
1,twain,99,dickens,7.741289774576823
1,twain,99,melville,8.120365195804172
1,twain,99,wells,7.843323151270549
1,twain,99,austen,7.7186838785807295
1,twain,99,fitzgerald,7.873275075639997
1,twain,99,twain,7.920643448829651
1,twain,100,train,7.45371401309967
1,twain,100,baum,7.695032954216003
1,twain,100,thompson,7.99318265914917
1,twain,100,dickens,7.726023038228353
1,twain,100,melville,8.107151879204643
1,twain,100,wells,7.827799081802368
1,twain,100,austen,7.702511151631673
1,twain,100,fitzgerald,7.858138152531215
1,twain,100,twain,7.906021982431412
1,twain,101,train,7.472152829170227
1,twain,101,baum,7.678704023361206
1,twain,101,thompson,7.978878021240234
1,twain,101,dickens,7.709424336751302
1,twain,101,melville,8.092577457427979
1,twain,101,wells,7.811997254689534
1,twain,101,austen,7.685470501581828
1,twain,101,fitzgerald,7.84258713041033
1,twain,101,twain,7.890684872865677
1,twain,102,train,7.411174893379211
1,twain,102,baum,7.663509130477905
1,twain,102,thompson,7.966120004653931
1,twain,102,dickens,7.694588502248128
1,twain,102,melville,8.080389976501465
1,twain,102,wells,7.79733395576477
1,twain,102,austen,7.670394102732341
1,twain,102,fitzgerald,7.828274590628488
1,twain,102,twain,7.876516729593277
1,twain,103,train,7.390193581581116
1,twain,103,baum,7.647029757499695
1,twain,103,thompson,7.952360987663269
1,twain,103,dickens,7.677381833394368
1,twain,103,melville,8.066562599605984
1,twain,103,wells,7.781821648279826
1,twain,103,austen,7.653264919916789
1,twain,103,fitzgerald,7.812937259674072
1,twain,103,twain,7.862394064664841
1,twain,104,train,7.411005854606628
1,twain,104,baum,7.632025480270386
1,twain,104,thompson,7.939290404319763
1,twain,104,dickens,7.662803808848063
1,twain,104,melville,8.054372681511772
1,twain,104,wells,7.766777674357097
1,twain,104,austen,7.638376712799072
1,twain,104,fitzgerald,7.798418385641916
1,twain,104,twain,7.84797739982605
1,twain,105,train,7.342726945877075
1,twain,105,baum,7.616673350334167
1,twain,105,thompson,7.926058769226074
1,twain,105,dickens,7.647659301757812
1,twain,105,melville,8.0410106976827
1,twain,105,wells,7.752130111058553
1,twain,105,austen,7.622487624486287
1,twain,105,fitzgerald,7.784410681043353
1,twain,105,twain,7.8336082100868225
1,twain,106,train,7.337961912155151
1,twain,106,baum,7.601910948753357
1,twain,106,thompson,7.913334846496582
1,twain,106,dickens,7.633016745249431
1,twain,106,melville,8.028988944159615
1,twain,106,wells,7.737887382507324
1,twain,106,austen,7.60758392016093
1,twain,106,fitzgerald,7.770691054207938
1,twain,106,twain,7.820078760385513
1,twain,107,train,7.32990825176239
1,twain,107,baum,7.587182402610779
1,twain,107,thompson,7.900677442550659
1,twain,107,dickens,7.618165969848633
1,twain,107,melville,8.016364892323812
1,twain,107,wells,7.723913351694743
1,twain,107,austen,7.591930866241455
1,twain,107,fitzgerald,7.756827558789935
1,twain,107,twain,7.806575834751129
1,twain,108,train,7.298445820808411
1,twain,108,baum,7.572647094726562
1,twain,108,thompson,7.888356447219849
1,twain,108,dickens,7.603658358256022
1,twain,108,melville,8.004871050516764
1,twain,108,wells,7.7094307740529375
1,twain,108,austen,7.577025731404622
1,twain,108,fitzgerald,7.743251664297921
1,twain,108,twain,7.793490082025528
1,twain,109,train,7.281426668167114
1,twain,109,baum,7.557592630386352
1,twain,109,thompson,7.875525832176208
1,twain,109,dickens,7.588392734527588
1,twain,109,melville,7.992154280344645
1,twain,109,wells,7.695324182510376
1,twain,109,austen,7.561701933542888
1,twain,109,fitzgerald,7.728898116520473
1,twain,109,twain,7.780278354883194
1,twain,110,train,7.2721967697143555
1,twain,110,baum,7.543764114379883
1,twain,110,thompson,7.863965272903442
1,twain,110,dickens,7.575436115264893
1,twain,110,melville,7.981396834055583
1,twain,110,wells,7.681660413742065
1,twain,110,austen,7.5479598840077715
1,twain,110,fitzgerald,7.7162297793797086
1,twain,110,twain,7.76767098903656
1,twain,111,train,7.263184428215027
1,twain,111,baum,7.528446435928345
1,twain,111,thompson,7.850792646408081
1,twain,111,dickens,7.559307893117269
1,twain,111,melville,7.968552748362224
1,twain,111,wells,7.66719381014506
1,twain,111,austen,7.532107909520467
1,twain,111,fitzgerald,7.701652663094657
1,twain,111,twain,7.754562795162201
1,twain,112,train,7.248939156532288
1,twain,112,baum,7.515035152435303
1,twain,112,thompson,7.839323878288269
1,twain,112,dickens,7.546264012654622
1,twain,112,melville,7.957555452982585
1,twain,112,wells,7.65368390083313
1,twain,112,austen,7.518886725107829
1,twain,112,fitzgerald,7.689123426164899
1,twain,112,twain,7.741940259933472
1,twain,113,train,7.217753887176514
1,twain,113,baum,7.501095056533813
1,twain,113,thompson,7.827009916305542
1,twain,113,dickens,7.531823476155599
1,twain,113,melville,7.944971879323323
1,twain,113,wells,7.6401286125183105
1,twain,113,austen,7.504298051198323
1,twain,113,fitzgerald,7.675646577562604
1,twain,113,twain,7.72915306687355
1,twain,114,train,7.216831207275391
1,twain,114,baum,7.488961219787598
1,twain,114,thompson,7.817196369171143
1,twain,114,dickens,7.52117649714152
1,twain,114,melville,7.936124695671929
1,twain,114,wells,7.628300189971924
1,twain,114,austen,7.492481231689453
1,twain,114,fitzgerald,7.664889199393136
1,twain,114,twain,7.718077331781387
1,twain,115,train,7.220927476882935
1,twain,115,baum,7.47388744354248
1,twain,115,thompson,7.804422616958618
1,twain,115,dickens,7.505003293355306
1,twain,115,melville,7.923111438751221
1,twain,115,wells,7.6143589814503985
1,twain,115,austen,7.476597944895427
1,twain,115,fitzgerald,7.650630542210171
1,twain,115,twain,7.705550640821457
1,twain,116,train,7.211974382400513
1,twain,116,baum,7.462061524391174
1,twain,116,thompson,7.794533610343933
1,twain,116,dickens,7.494678497314453
1,twain,116,melville,7.914314270019531
1,twain,116,wells,7.602303187052409
1,twain,116,austen,7.465497891108195
1,twain,116,fitzgerald,7.63984101159232
1,twain,116,twain,7.694000542163849
1,twain,117,train,7.177083849906921
1,twain,117,baum,7.448039531707764
1,twain,117,thompson,7.782269239425659
1,twain,117,dickens,7.479572296142578
1,twain,117,melville,7.901521523793538
1,twain,117,wells,7.588915427525838
1,twain,117,austen,7.450174967447917
1,twain,117,fitzgerald,7.626372950417655
1,twain,117,twain,7.681548237800598
1,twain,118,train,7.149493217468262
1,twain,118,baum,7.435967087745666
1,twain,118,thompson,7.77264928817749
1,twain,118,dickens,7.468238194783528
1,twain,118,melville,7.892751322852241
1,twain,118,wells,7.577526489893596
1,twain,118,austen,7.4384065469106035
1,twain,118,fitzgerald,7.615503992353167
1,twain,118,twain,7.670930325984955
1,twain,119,train,7.140989065170288
1,twain,119,baum,7.423754811286926
1,twain,119,thompson,7.761959433555603
1,twain,119,dickens,7.455502192179362
1,twain,119,melville,7.881929874420166
1,twain,119,wells,7.565570751825969
1,twain,119,austen,7.425406694412231
1,twain,119,fitzgerald,7.604078360966274
1,twain,119,twain,7.659274280071258
1,twain,120,train,7.1197898387908936
1,twain,120,baum,7.411434650421143
1,twain,120,thompson,7.75223696231842
1,twain,120,dickens,7.443603038787842
1,twain,120,melville,7.87247535917494
1,twain,120,wells,7.553766409556071
1,twain,120,austen,7.413251002629598
1,twain,120,fitzgerald,7.592657566070557
1,twain,120,twain,7.648515611886978
1,twain,121,train,7.102849245071411
1,twain,121,baum,7.398972272872925
1,twain,121,thompson,7.741424202919006
1,twain,121,dickens,7.431135495503743
1,twain,121,melville,7.862490071190728
1,twain,121,wells,7.541205406188965
1,twain,121,austen,7.400757710138957
1,twain,121,fitzgerald,7.580660002572196
1,twain,121,twain,7.637428969144821
1,twain,122,train,7.068662524223328
1,twain,122,baum,7.387112259864807
1,twain,122,thompson,7.731965899467468
1,twain,122,dickens,7.421279589335124
1,twain,122,melville,7.853562619951036
1,twain,122,wells,7.53086519241333
1,twain,122,austen,7.389389197031657
1,twain,122,fitzgerald,7.57042932510376
1,twain,122,twain,7.627389460802078
1,twain,123,train,7.051637053489685
1,twain,123,baum,7.37436306476593
1,twain,123,thompson,7.721730947494507
1,twain,123,dickens,7.408533891042073
1,twain,123,melville,7.843733999464247
1,twain,123,wells,7.519751866658528
1,twain,123,austen,7.376319249471028
1,twain,123,fitzgerald,7.558907508850098
1,twain,123,twain,7.617391169071197
1,twain,124,train,7.085373282432556
1,twain,124,baum,7.363617777824402
1,twain,124,thompson,7.712482452392578
1,twain,124,dickens,7.398528099060059
1,twain,124,melville,7.834884855482313
1,twain,124,wells,7.5086510181427
1,twain,124,austen,7.366068601608276
1,twain,124,fitzgerald,7.548623834337507
1,twain,124,twain,7.607113748788834
1,twain,125,train,7.064603924751282
1,twain,125,baum,7.351786494255066
1,twain,125,thompson,7.703042268753052
1,twain,125,dickens,7.385121981302897
1,twain,125,melville,7.8249508539835615
1,twain,125,wells,7.496790965398152
1,twain,125,austen,7.3538746039072675
1,twain,125,fitzgerald,7.537026064736502
1,twain,125,twain,7.59702268242836
1,twain,126,train,7.066281676292419
1,twain,126,baum,7.340626239776611
1,twain,126,thompson,7.693914532661438
1,twain,126,dickens,7.37434196472168
1,twain,126,melville,7.8166147867838545
1,twain,126,wells,7.486394008000691
1,twain,126,austen,7.342679897944133
1,twain,126,fitzgerald,7.526785509926932
1,twain,126,twain,7.587987214326858
1,twain,127,train,7.081481695175171
1,twain,127,baum,7.330195546150207
1,twain,127,thompson,7.6848684549331665
1,twain,127,dickens,7.364468415578206
1,twain,127,melville,7.807472229003906
1,twain,127,wells,7.475677490234375
1,twain,127,austen,7.331733385721843
1,twain,127,fitzgerald,7.516985484531948
1,twain,127,twain,7.577685713768005
1,twain,128,train,7.057766675949097
1,twain,128,baum,7.319887518882751
1,twain,128,thompson,7.6762038469314575
1,twain,128,dickens,7.353629430135091
1,twain,128,melville,7.798287444644504
1,twain,128,wells,7.464960972468059
1,twain,128,austen,7.321262756983439
1,twain,128,fitzgerald,7.507100922720773
1,twain,128,twain,7.567800939083099
1,twain,129,train,6.98422122001648
1,twain,129,baum,7.309425950050354
1,twain,129,thompson,7.667916297912598
1,twain,129,dickens,7.34315554300944
1,twain,129,melville,7.790115462409125
1,twain,129,wells,7.454700152079265
1,twain,129,austen,7.310359875361125
1,twain,129,fitzgerald,7.497288908277239
1,twain,129,twain,7.558654457330704
1,twain,130,train,7.0188316106796265
1,twain,130,baum,7.299074292182922
1,twain,130,thompson,7.659716844558716
1,twain,130,dickens,7.333226203918457
1,twain,130,melville,7.7816925048828125
1,twain,130,wells,7.444626251856486
1,twain,130,austen,7.299493869145711
1,twain,130,fitzgerald,7.487464700426374
1,twain,130,twain,7.549475699663162
1,twain,131,train,6.988142848014832
1,twain,131,baum,7.288966655731201
1,twain,131,thompson,7.651303648948669
1,twain,131,dickens,7.323593616485596
1,twain,131,melville,7.773255507151286
1,twain,131,wells,7.434185743331909
1,twain,131,austen,7.28974191347758
1,twain,131,fitzgerald,7.477746895381382
1,twain,131,twain,7.5397588312625885
1,twain,132,train,7.032433748245239
1,twain,132,baum,7.279360771179199
1,twain,132,thompson,7.643157005310059
1,twain,132,dickens,7.314161936442058
1,twain,132,melville,7.76442093319363
1,twain,132,wells,7.4246299266815186
1,twain,132,austen,7.279813766479492
1,twain,132,fitzgerald,7.469076497214181
1,twain,132,twain,7.530410468578339
1,twain,133,train,6.964459657669067
1,twain,133,baum,7.269471526145935
1,twain,133,thompson,7.634856462478638
1,twain,133,dickens,7.30394967397054
1,twain,133,melville,7.75668281979031
1,twain,133,wells,7.414463837941487
1,twain,133,austen,7.269603808720906
1,twain,133,fitzgerald,7.459230899810791
1,twain,133,twain,7.52125683426857
1,twain,134,train,6.951823949813843
1,twain,134,baum,7.2600098848342896
1,twain,134,thompson,7.627356171607971
1,twain,134,dickens,7.294906775156657
1,twain,134,melville,7.748935328589545
1,twain,134,wells,7.404581308364868
1,twain,134,austen,7.260304768880208
1,twain,134,fitzgerald,7.450068133217948
1,twain,134,twain,7.512381464242935
1,twain,135,train,6.93247663974762
1,twain,135,baum,7.24991238117218
1,twain,135,thompson,7.6196019649505615
1,twain,135,dickens,7.2840603192647295
1,twain,135,melville,7.740969234042698
1,twain,135,wells,7.395044644673665
1,twain,135,austen,7.249897797902425
1,twain,135,fitzgerald,7.441226141793387
1,twain,135,twain,7.5037277936935425
1,twain,136,train,6.955781579017639
1,twain,136,baum,7.241176724433899
1,twain,136,thompson,7.612444162368774
1,twain,136,dickens,7.276911894480388
1,twain,136,melville,7.733477062649197
1,twain,136,wells,7.386406660079956
1,twain,136,austen,7.242042064666748
1,twain,136,fitzgerald,7.432969910757882
1,twain,136,twain,7.49507811665535
1,twain,137,train,6.935949802398682
1,twain,137,baum,7.231530547142029
1,twain,137,thompson,7.603932023048401
1,twain,137,dickens,7.26645024617513
1,twain,137,melville,7.724663787417942
1,twain,137,wells,7.376965363820394
1,twain,137,austen,7.231106678644816
1,twain,137,fitzgerald,7.424046720777239
1,twain,137,twain,7.486062288284302
1,twain,138,train,6.930438756942749
1,twain,138,baum,7.22184407711029
1,twain,138,thompson,7.596535921096802
1,twain,138,dickens,7.25728972752889
1,twain,138,melville,7.717286480797662
1,twain,138,wells,7.367299318313599
1,twain,138,austen,7.221932093302409
1,twain,138,fitzgerald,7.414782387869699
1,twain,138,twain,7.477909684181213
1,twain,139,train,6.886613607406616
1,twain,139,baum,7.213594079017639
1,twain,139,thompson,7.589633464813232
1,twain,139,dickens,7.249884923299153
1,twain,139,melville,7.711543030209011
1,twain,139,wells,7.358145872751872
1,twain,139,austen,7.214344342549642
1,twain,139,fitzgerald,7.40708453314645
1,twain,139,twain,7.470236927270889
1,twain,140,train,6.90001380443573
1,twain,140,baum,7.203921675682068
1,twain,140,thompson,7.581554293632507
1,twain,140,dickens,7.239256381988525
1,twain,140,melville,7.702308972676595
1,twain,140,wells,7.348807255427043
1,twain,140,austen,7.204272985458374
1,twain,140,fitzgerald,7.397614410945347
1,twain,140,twain,7.461480647325516
1,twain,141,train,6.888027667999268
1,twain,141,baum,7.195465326309204
1,twain,141,thompson,7.575460195541382
1,twain,141,dickens,7.231390158335368
1,twain,141,melville,7.696431477864583
1,twain,141,wells,7.340661684672038
1,twain,141,austen,7.196623086929321
1,twain,141,fitzgerald,7.390040602002825
1,twain,141,twain,7.454326540231705
1,twain,142,train,6.878470659255981
1,twain,142,baum,7.186426401138306
1,twain,142,thompson,7.567820310592651
1,twain,142,dickens,7.222039699554443
1,twain,142,melville,7.689579115973578
1,twain,142,wells,7.331474145253499
1,twain,142,austen,7.187976360321045
1,twain,142,fitzgerald,7.381516660962786
1,twain,142,twain,7.446486532688141
1,twain,143,train,6.893275856971741
1,twain,143,baum,7.178278207778931
1,twain,143,thompson,7.560967922210693
1,twain,143,dickens,7.213534990946452
1,twain,143,melville,7.682135370042589
1,twain,143,wells,7.322783946990967
1,twain,143,austen,7.179904937744141
1,twain,143,fitzgerald,7.372992379324777
1,twain,143,twain,7.438702553510666
1,twain,144,train,6.877283453941345
1,twain,144,baum,7.170632243156433
1,twain,144,thompson,7.55459713935852
1,twain,144,dickens,7.206794738769531
1,twain,144,melville,7.676231013403998
1,twain,144,wells,7.314815918604533
1,twain,144,austen,7.172650973002116
1,twain,144,fitzgerald,7.366072586604527
1,twain,144,twain,7.431441634893417
1,twain,145,train,6.863349437713623
1,twain,145,baum,7.162026524543762
1,twain,145,thompson,7.547402620315552
1,twain,145,dickens,7.1978098551432295
1,twain,145,melville,7.668085734049479
1,twain,145,wells,7.306023279825847
1,twain,145,austen,7.164023240407308
1,twain,145,fitzgerald,7.357753413064139
1,twain,145,twain,7.423396587371826
1,twain,146,train,6.8760703802108765
1,twain,146,baum,7.155169486999512
1,twain,146,thompson,7.541460990905762
1,twain,146,dickens,7.192033449808757
1,twain,146,melville,7.662607616848415
1,twain,146,wells,7.298175652821858
1,twain,146,austen,7.157261848449707
1,twain,146,fitzgerald,7.351149695260184
1,twain,146,twain,7.416336208581924
1,twain,147,train,6.781121134757996
1,twain,147,baum,7.145631790161133
1,twain,147,thompson,7.5348464250564575
1,twain,147,dickens,7.182568073272705
1,twain,147,melville,7.656072245703803
1,twain,147,wells,7.290120681126912
1,twain,147,austen,7.147793451944987
1,twain,147,fitzgerald,7.342498506818499
1,twain,147,twain,7.409391313791275
1,twain,148,train,6.796608090400696
1,twain,148,baum,7.138354182243347
1,twain,148,thompson,7.52864146232605
1,twain,148,dickens,7.176504453023274
1,twain,148,melville,7.649846341874865
1,twain,148,wells,7.282275756200154
1,twain,148,austen,7.14169176419576
1,twain,148,fitzgerald,7.3357270785740445
1,twain,148,twain,7.402134627103805
1,twain,149,train,6.825496673583984
1,twain,149,baum,7.130303621292114
1,twain,149,thompson,7.522335648536682
1,twain,149,dickens,7.168502966562907
1,twain,149,melville,7.6433413823445635
1,twain,149,wells,7.274650891621907
1,twain,149,austen,7.133704662322998
1,twain,149,fitzgerald,7.328411715371268
1,twain,149,twain,7.3948299288749695
1,twain,150,train,6.816704511642456
1,twain,150,baum,7.122433662414551
1,twain,150,thompson,7.516345858573914
1,twain,150,dickens,7.161658604939778
1,twain,150,melville,7.638072119818793
1,twain,150,wells,7.267484505971272
1,twain,150,austen,7.126757780710856
1,twain,150,fitzgerald,7.321181842258999
1,twain,150,twain,7.388812005519867
1,twain,151,train,6.794777274131775
1,twain,151,baum,7.114928603172302
1,twain,151,thompson,7.510038614273071
1,twain,151,dickens,7.154385407765706
1,twain,151,melville,7.631089263492161
1,twain,151,wells,7.259438117345174
1,twain,151,austen,7.119081417719523
1,twain,151,fitzgerald,7.314052309308733
1,twain,151,twain,7.381620347499847
1,twain,152,train,6.815807223320007
1,twain,152,baum,7.108155965805054
1,twain,152,thompson,7.503815174102783
1,twain,152,dickens,7.147988796234131
1,twain,152,melville,7.624938646952311
1,twain,152,wells,7.251679261525472
1,twain,152,austen,7.112275759379069
1,twain,152,fitzgerald,7.307187216622489
1,twain,152,twain,7.374716252088547
1,twain,153,train,6.798707008361816
1,twain,153,baum,7.100025534629822
1,twain,153,thompson,7.498185753822327
1,twain,153,dickens,7.13994042078654
1,twain,153,melville,7.619614601135254
1,twain,153,wells,7.244037389755249
1,twain,153,austen,7.104443947474162
1,twain,153,fitzgerald,7.3003862244742255
1,twain,153,twain,7.368391245603561
1,twain,154,train,6.789501309394836
1,twain,154,baum,7.093640565872192
1,twain,154,thompson,7.492992043495178
1,twain,154,dickens,7.134562651316325
1,twain,154,melville,7.614544603559706
1,twain,154,wells,7.236745913823445
1,twain,154,austen,7.098499615987142
1,twain,154,fitzgerald,7.293821266719273
1,twain,154,twain,7.36214542388916
1,twain,155,train,6.767372965812683
1,twain,155,baum,7.086474061012268
1,twain,155,thompson,7.487606525421143
1,twain,155,dickens,7.127655188242595
1,twain,155,melville,7.608166005876329
1,twain,155,wells,7.230138063430786
1,twain,155,austen,7.090574502944946
1,twain,155,fitzgerald,7.287592819758824
1,twain,155,twain,7.355690568685532
1,twain,156,train,6.761706948280335
1,twain,156,baum,7.0793536901474
1,twain,156,thompson,7.481616139411926
1,twain,156,dickens,7.121174971262614
1,twain,156,melville,7.60207912656996
1,twain,156,wells,7.222812652587891
1,twain,156,austen,7.083952347437541
1,twain,156,fitzgerald,7.280955518995013
1,twain,156,twain,7.349362552165985
1,twain,157,train,6.747335076332092
1,twain,157,baum,7.072222232818604
1,twain,157,thompson,7.477035999298096
1,twain,157,dickens,7.115281740824382
1,twain,157,melville,7.59768729739719
1,twain,157,wells,7.215961456298828
1,twain,157,austen,7.077917734781901
1,twain,157,fitzgerald,7.274413313184466
1,twain,157,twain,7.343561798334122
1,twain,158,train,6.760672330856323
1,twain,158,baum,7.065758228302002
1,twain,158,thompson,7.471329569816589
1,twain,158,dickens,7.109033266703288
1,twain,158,melville,7.591717190212673
1,twain,158,wells,7.208993991216023
1,twain,158,austen,7.071643988291423
1,twain,158,fitzgerald,7.26783561706543
1,twain,158,twain,7.337363332509994
1,twain,159,train,6.712792158126831
1,twain,159,baum,7.058945536613464
1,twain,159,thompson,7.466471314430237
1,twain,159,dickens,7.1017640431722
1,twain,159,melville,7.586532539791531
1,twain,159,wells,7.202259540557861
1,twain,159,austen,7.064797163009644
1,twain,159,fitzgerald,7.261424200875418
1,twain,159,twain,7.331636071205139
1,twain,160,train,6.728081703186035
1,twain,160,baum,7.0531837940216064
1,twain,160,thompson,7.462040781974792
1,twain,160,dickens,7.096765677134196
1,twain,160,melville,7.582499874962701
1,twain,160,wells,7.19656229019165
1,twain,160,austen,7.059516827265422
1,twain,160,fitzgerald,7.256542205810547
1,twain,160,twain,7.326272040605545
1,twain,161,train,6.706427693367004
1,twain,161,baum,7.047158360481262
1,twain,161,thompson,7.457438707351685
1,twain,161,dickens,7.092143217722575
1,twain,161,melville,7.577025572458903
1,twain,161,wells,7.190332889556885
1,twain,161,austen,7.053815126419067
1,twain,161,fitzgerald,7.250139645167759
1,twain,161,twain,7.320621818304062
1,twain,162,train,6.716801881790161
1,twain,162,baum,7.041289210319519
1,twain,162,thompson,7.452212333679199
1,twain,162,dickens,7.08605162302653
1,twain,162,melville,7.572560734219021
1,twain,162,wells,7.183537562688191
1,twain,162,austen,7.048160791397095
1,twain,162,fitzgerald,7.244424411228725
1,twain,162,twain,7.314540863037109
1,twain,163,train,6.712334394454956
1,twain,163,baum,7.035318970680237
1,twain,163,thompson,7.447917222976685
1,twain,163,dickens,7.079588095347087
1,twain,163,melville,7.567698796590169
1,twain,163,wells,7.177663882573445
1,twain,163,austen,7.042160511016846
1,twain,163,fitzgerald,7.238775730133057
1,twain,163,twain,7.30974605679512
1,twain,164,train,6.669632792472839
1,twain,164,baum,7.028782486915588
1,twain,164,thompson,7.443336606025696
1,twain,164,dickens,7.074121793111165
1,twain,164,melville,7.563796520233154
1,twain,164,wells,7.171539227167766
1,twain,164,austen,7.037091175715129
1,twain,164,fitzgerald,7.233045033046177
1,twain,164,twain,7.304681420326233
1,twain,165,train,6.647096872329712
1,twain,165,baum,7.022098064422607
1,twain,165,thompson,7.4381667375564575
1,twain,165,dickens,7.068605264027913
1,twain,165,melville,7.559989240434435
1,twain,165,wells,7.165398120880127
1,twain,165,austen,7.030611673990886
1,twain,165,fitzgerald,7.227311611175537
1,twain,165,twain,7.299585282802582
1,twain,166,train,6.69086480140686
1,twain,166,baum,7.016295671463013
1,twain,166,thompson,7.433844327926636
1,twain,166,dickens,7.062465826670329
1,twain,166,melville,7.555059750874837
1,twain,166,wells,7.159538348515828
1,twain,166,austen,7.025142749150594
1,twain,166,fitzgerald,7.221675872802734
1,twain,166,twain,7.294525861740112
1,twain,167,train,6.696601033210754
1,twain,167,baum,7.010962963104248
1,twain,167,thompson,7.429720759391785
1,twain,167,dickens,7.058497905731201
1,twain,167,melville,7.551613754696316
1,twain,167,wells,7.154328425725301
1,twain,167,austen,7.021740913391113
1,twain,167,fitzgerald,7.21681581224714
1,twain,167,twain,7.289988964796066
1,twain,168,train,6.635430574417114
1,twain,168,baum,7.003856182098389
1,twain,168,thompson,7.425376534461975
1,twain,168,dickens,7.050947666168213
1,twain,168,melville,7.546973016526964
1,twain,168,wells,7.148243586222331
1,twain,168,austen,7.014081001281738
1,twain,168,fitzgerald,7.210552488054548
1,twain,168,twain,7.284867614507675
1,twain,169,train,6.680284023284912
1,twain,169,baum,6.999691605567932
1,twain,169,thompson,7.420816421508789
1,twain,169,dickens,7.047463099161784
1,twain,169,melville,7.543351968129476
1,twain,169,wells,7.142443497975667
1,twain,169,austen,7.010720888773601
1,twain,169,fitzgerald,7.205926690782819
1,twain,169,twain,7.279791682958603
1,twain,170,train,6.669807195663452
1,twain,170,baum,6.9939124584198
1,twain,170,thompson,7.417306780815124
1,twain,170,dickens,7.041698614756267
1,twain,170,melville,7.539211591084798
1,twain,170,wells,7.137078205744426
1,twain,170,austen,7.004828929901123
1,twain,170,fitzgerald,7.20132623400007
1,twain,170,twain,7.274900585412979
1,twain,171,train,6.627020955085754
1,twain,171,baum,6.988860964775085
1,twain,171,thompson,7.413110494613647
1,twain,171,dickens,7.03699270884196
1,twain,171,melville,7.535814020368788
1,twain,171,wells,7.13180422782898
1,twain,171,austen,7.000021616617839
1,twain,171,fitzgerald,7.196400574275425
1,twain,171,twain,7.27022323012352
1,twain,172,train,6.638747811317444
1,twain,172,baum,6.984220504760742
1,twain,172,thompson,7.408588886260986
1,twain,172,dickens,7.031395435333252
1,twain,172,melville,7.530621687571208
1,twain,172,wells,7.126409769058228
1,twain,172,austen,6.994609435399373
1,twain,172,fitzgerald,7.191469601222447
1,twain,172,twain,7.2646947503089905
1,twain,173,train,6.6220022439956665
1,twain,173,baum,6.978332042694092
1,twain,173,thompson,7.405379176139831
1,twain,173,dickens,7.026645342508952
1,twain,173,melville,7.527747101253933
1,twain,173,wells,7.121086756388347
1,twain,173,austen,6.989673217137654
1,twain,173,fitzgerald,7.186566352844238
1,twain,173,twain,7.2608771324157715
1,twain,174,train,6.596900939941406
1,twain,174,baum,6.973220348358154
1,twain,174,thompson,7.401143312454224
1,twain,174,dickens,7.021909872690837
1,twain,174,melville,7.52324030134413
1,twain,174,wells,7.115761836369832
1,twain,174,austen,6.984376827875773
1,twain,174,fitzgerald,7.181487083435059
1,twain,174,twain,7.2559464275836945
1,twain,175,train,6.607136964797974
1,twain,175,baum,6.967782378196716
1,twain,175,thompson,7.396837949752808
1,twain,175,dickens,7.016900062561035
1,twain,175,melville,7.518737845950657
1,twain,175,wells,7.110617399215698
1,twain,175,austen,6.979756196339925
1,twain,175,fitzgerald,7.176616123744419
1,twain,175,twain,7.2511095106601715
1,twain,176,train,6.605830788612366
1,twain,176,baum,6.962606430053711
1,twain,176,thompson,7.393547773361206
1,twain,176,dickens,7.0121917724609375
1,twain,176,melville,7.51630359225803
1,twain,176,wells,7.105864683787028
1,twain,176,austen,6.975685358047485
1,twain,176,fitzgerald,7.172002519880023
1,twain,176,twain,7.247618913650513
1,twain,177,train,6.6361624002456665
1,twain,177,baum,6.958361625671387
1,twain,177,thompson,7.38925576210022
1,twain,177,dickens,7.009172439575195
1,twain,177,melville,7.510944896274143
1,twain,177,wells,7.100849390029907
1,twain,177,austen,6.971381425857544
1,twain,177,fitzgerald,7.167311804635184
1,twain,177,twain,7.24273756146431
1,twain,178,train,6.6116623878479
1,twain,178,baum,6.953475832939148
1,twain,178,thompson,7.385517477989197
1,twain,178,dickens,7.003318309783936
1,twain,178,melville,7.507100052303738
1,twain,178,wells,7.095532337824504
1,twain,178,austen,6.966998895009358
1,twain,178,fitzgerald,7.163167612893241
1,twain,178,twain,7.238101363182068
1,twain,179,train,6.60989785194397
1,twain,179,baum,6.948295712471008
1,twain,179,thompson,7.382388830184936
1,twain,179,dickens,6.999005635579427
1,twain,179,melville,7.504965570237902
1,twain,179,wells,7.091132084528605
1,twain,179,austen,6.961711565653483
1,twain,179,fitzgerald,7.1589629309518
1,twain,179,twain,7.234429717063904
1,twain,180,train,6.560301423072815
1,twain,180,baum,6.943744778633118
1,twain,180,thompson,7.380065560340881
1,twain,180,dickens,6.996536572774251
1,twain,180,melville,7.503435876634386
1,twain,180,wells,7.087228536605835
1,twain,180,austen,6.958588838577271
1,twain,180,fitzgerald,7.154984269823347
1,twain,180,twain,7.231332540512085
1,twain,181,train,6.631713628768921
1,twain,181,baum,6.939450740814209
1,twain,181,thompson,7.375145792961121
1,twain,181,dickens,6.990509033203125
1,twain,181,melville,7.497927347819011
1,twain,181,wells,7.081276734670003
1,twain,181,austen,6.953556934992473
1,twain,181,fitzgerald,7.149942466190884
1,twain,181,twain,7.2261843085289
1,twain,182,train,6.521551609039307
1,twain,182,baum,6.934422492980957
1,twain,182,thompson,7.372696995735168
1,twain,182,dickens,6.986154874165853
1,twain,182,melville,7.496225516001384
1,twain,182,wells,7.077417294184367
1,twain,182,austen,6.949398040771484
1,twain,182,fitzgerald,7.146422863006592
1,twain,182,twain,7.22322216629982
1,twain,183,train,6.558421730995178
1,twain,183,baum,6.928722620010376
1,twain,183,thompson,7.367154717445373
1,twain,183,dickens,6.981226762135823
1,twain,183,melville,7.489781856536865
1,twain,183,wells,7.070861021677653
1,twain,183,austen,6.943637053171794
1,twain,183,fitzgerald,7.140309946877616
1,twain,183,twain,7.217646777629852
1,twain,184,train,6.554312109947205
1,twain,184,baum,6.926170825958252
1,twain,184,thompson,7.364509463310242
1,twain,184,dickens,6.978560288747151
1,twain,184,melville,7.488316324022081
1,twain,184,wells,7.067678928375244
1,twain,184,austen,6.941521088282268
1,twain,184,fitzgerald,7.137216227395194
1,twain,184,twain,7.2147005796432495
1,twain,185,train,6.549266934394836
1,twain,185,baum,6.9205769300460815
1,twain,185,thompson,7.362136006355286
1,twain,185,dickens,6.974353790283203
1,twain,185,melville,7.486066977183024
1,twain,185,wells,7.063666025797526
1,twain,185,austen,6.9362343947092695
1,twain,185,fitzgerald,7.132773739950998
1,twain,185,twain,7.211408406496048
1,twain,186,train,6.534587979316711
1,twain,186,baum,6.915895938873291
1,twain,186,thompson,7.356796383857727
1,twain,186,dickens,6.969590346018474
1,twain,186,melville,7.480386045244005
1,twain,186,wells,7.058482567469279
1,twain,186,austen,6.932299216588338
1,twain,186,fitzgerald,7.1278877939496725
1,twain,186,twain,7.206309348344803
1,twain,187,train,6.536721348762512
1,twain,187,baum,6.91033673286438
1,twain,187,thompson,7.354045510292053
1,twain,187,dickens,6.964877923329671
1,twain,187,melville,7.479243437449138
1,twain,187,wells,7.053646882375081
1,twain,187,austen,6.92750080426534
1,twain,187,fitzgerald,7.123253549848284
1,twain,187,twain,7.203220516443253
1,twain,188,train,6.493539333343506
1,twain,188,baum,6.905519485473633
1,twain,188,thompson,7.349668622016907
1,twain,188,dickens,6.960173447926839
1,twain,188,melville,7.475617037879096
1,twain,188,wells,7.048651933670044
1,twain,188,austen,6.9230546951293945
1,twain,188,fitzgerald,7.118785040719168
1,twain,188,twain,7.1992014944553375
1,twain,189,train,6.555831074714661
1,twain,189,baum,6.903108835220337
1,twain,189,thompson,7.345513701438904
1,twain,189,dickens,6.957119305928548
1,twain,189,melville,7.471414566040039
1,twain,189,wells,7.0446921189626055
1,twain,189,austen,6.920555035273234
1,twain,189,fitzgerald,7.116097450256348
1,twain,189,twain,7.194757133722305
1,twain,190,train,6.507528305053711
1,twain,190,baum,6.897150874137878
1,twain,190,thompson,7.3445597887039185
1,twain,190,dickens,6.952989419301351
1,twain,190,melville,7.473185592227512
1,twain,190,wells,7.042227586110433
1,twain,190,austen,6.915354331334432
1,twain,190,fitzgerald,7.112097808292934
1,twain,190,twain,7.194077134132385
1,twain,191,train,6.474361777305603
1,twain,191,baum,6.891767382621765
1,twain,191,thompson,7.337785363197327
1,twain,191,dickens,6.947402636210124
1,twain,191,melville,7.464932017856174
1,twain,191,wells,7.0352091789245605
1,twain,191,austen,6.910107056299846
1,twain,191,fitzgerald,7.105525084904262
1,twain,191,twain,7.187256932258606
1,twain,192,train,6.511918783187866
1,twain,192,baum,6.887113094329834
1,twain,192,thompson,7.33477771282196
1,twain,192,dickens,6.942337989807129
1,twain,192,melville,7.462263902028401
1,twain,192,wells,7.030606190363566
1,twain,192,austen,6.906800746917725
1,twain,192,fitzgerald,7.101728303091867
1,twain,192,twain,7.183802545070648
1,twain,193,train,6.48410177230835
1,twain,193,baum,6.882589340209961
1,twain,193,thompson,7.33237886428833
1,twain,193,dickens,6.938324133555095
1,twain,193,melville,7.460878584120008
1,twain,193,wells,7.027347723642985
1,twain,193,austen,6.903040091196696
1,twain,193,fitzgerald,7.097239221845355
1,twain,193,twain,7.182032227516174
1,twain,194,train,6.456332564353943
1,twain,194,baum,6.879014849662781
1,twain,194,thompson,7.326419711112976
1,twain,194,dickens,6.933896064758301
1,twain,194,melville,7.45378139283922
1,twain,194,wells,7.021964867909749
1,twain,194,austen,6.89944060643514
1,twain,194,fitzgerald,7.0928312710353305
1,twain,194,twain,7.17617404460907
1,twain,195,train,6.487009048461914
1,twain,195,baum,6.873834490776062
1,twain,195,thompson,7.324316740036011
1,twain,195,dickens,6.929812749226888
1,twain,195,melville,7.453149318695068
1,twain,195,wells,7.017820596694946
1,twain,195,austen,6.895345211029053
1,twain,195,fitzgerald,7.088450908660889
1,twain,195,twain,7.173459738492966
1,twain,196,train,6.490312576293945
1,twain,196,baum,6.869746446609497
1,twain,196,thompson,7.319637417793274
1,twain,196,dickens,6.925470352172852
1,twain,196,melville,7.448072698381212
1,twain,196,wells,7.0128763516743975
1,twain,196,austen,6.890288432439168
1,twain,196,fitzgerald,7.084670884268625
1,twain,196,twain,7.168820172548294
1,twain,197,train,6.477962255477905
1,twain,197,baum,6.865973711013794
1,twain,197,thompson,7.316848278045654
1,twain,197,dickens,6.922723452250163
1,twain,197,melville,7.447291374206543
1,twain,197,wells,7.008621533711751
1,twain,197,austen,6.887494802474976
1,twain,197,fitzgerald,7.080874919891357
1,twain,197,twain,7.166219264268875
1,twain,198,train,6.4939124584198
1,twain,198,baum,6.860590934753418
1,twain,198,thompson,7.316646337509155
1,twain,198,dickens,6.917009989420573
1,twain,198,melville,7.44717460208469
1,twain,198,wells,7.005844434102376
1,twain,198,austen,6.88219157854716
1,twain,198,fitzgerald,7.077485629490444
1,twain,198,twain,7.164874166250229
1,twain,199,train,6.479741096496582
1,twain,199,baum,6.859299898147583
1,twain,199,thompson,7.312144875526428
1,twain,199,dickens,6.916572729746501
1,twain,199,melville,7.442083623674181
1,twain,199,wells,7.003064711888631
1,twain,199,austen,6.881430387496948
1,twain,199,fitzgerald,7.076028755732945
1,twain,199,twain,7.159545928239822
1,twain,200,train,6.471024513244629
1,twain,200,baum,6.851793646812439
1,twain,200,thompson,7.308103561401367
1,twain,200,dickens,6.908975919087728
1,twain,200,melville,7.438139544592963
1,twain,200,wells,6.996840318044026
1,twain,200,austen,6.874101718266805
1,twain,200,fitzgerald,7.068921089172363
1,twain,200,twain,7.1553396582603455
1,twain,201,train,6.407259702682495
1,twain,201,baum,6.850281357765198
1,twain,201,thompson,7.303714990615845
1,twain,201,dickens,6.90641721089681
1,twain,201,melville,7.434890270233154
1,twain,201,wells,6.9937903881073
1,twain,201,austen,6.873699426651001
1,twain,201,fitzgerald,7.066209929330008
1,twain,201,twain,7.152406334877014
1,twain,202,train,6.417838096618652
1,twain,202,baum,6.844653487205505
1,twain,202,thompson,7.301742434501648
1,twain,202,dickens,6.902090708414714
1,twain,202,melville,7.433126184675428
1,twain,202,wells,6.989864667256673
1,twain,202,austen,6.86807123819987
1,twain,202,fitzgerald,7.061403819492885
1,twain,202,twain,7.149248003959656
1,twain,203,train,6.423442244529724
1,twain,203,baum,6.840155839920044
1,twain,203,thompson,7.300556778907776
1,twain,203,dickens,6.900392373402913
1,twain,203,melville,7.434454229142931
1,twain,203,wells,6.987060308456421
1,twain,203,austen,6.8657723267873125
1,twain,203,fitzgerald,7.059309141976493
1,twain,203,twain,7.147754609584808
1,twain,204,train,6.435206294059753
1,twain,204,baum,6.836310982704163
1,twain,204,thompson,7.296244621276855
1,twain,204,dickens,6.894701798756917
1,twain,204,melville,7.429247114393446
1,twain,204,wells,6.982162157694499
1,twain,204,austen,6.860467354456584
1,twain,204,fitzgerald,7.054427691868374
1,twain,204,twain,7.142479985952377
1,twain,205,train,6.440850138664246
1,twain,205,baum,6.832915663719177
1,twain,205,thompson,7.292828679084778
1,twain,205,dickens,6.888784885406494
1,twain,205,melville,7.425640212164985
1,twain,205,wells,6.978009303410848
1,twain,205,austen,6.85823925336202
1,twain,205,fitzgerald,7.050765650612967
1,twain,205,twain,7.1399043798446655
1,twain,206,train,6.415651798248291
1,twain,206,baum,6.829960107803345
1,twain,206,thompson,7.290283799171448
1,twain,206,dickens,6.886956691741943
1,twain,206,melville,7.423513889312744
1,twain,206,wells,6.9753797849019366
1,twain,206,austen,6.8555908203125
1,twain,206,fitzgerald,7.047277859279087
1,twain,206,twain,7.137783348560333
1,twain,207,train,6.4109838008880615
1,twain,207,baum,6.825027823448181
1,twain,207,thompson,7.287602782249451
1,twain,207,dickens,6.882405757904053
1,twain,207,melville,7.423749340905084
1,twain,207,wells,6.971563418706258
1,twain,207,austen,6.852331240971883
1,twain,207,fitzgerald,7.043819018772671
1,twain,207,twain,7.134170472621918
1,twain,208,train,6.401710510253906
1,twain,208,baum,6.821929454803467
1,twain,208,thompson,7.284979224205017
1,twain,208,dickens,6.877446174621582
1,twain,208,melville,7.420900344848633
1,twain,208,wells,6.968295097351074
1,twain,208,austen,6.848212877909343
1,twain,208,fitzgerald,7.040613719395229
1,twain,208,twain,7.131220936775208
1,twain,209,train,6.392309308052063
1,twain,209,baum,6.816040873527527
1,twain,209,thompson,7.281282305717468
1,twain,209,dickens,6.872726440429688
1,twain,209,melville,7.417288409339057
1,twain,209,wells,6.962816158930461
1,twain,209,austen,6.842454115549724
1,twain,209,fitzgerald,7.035234587533133
1,twain,209,twain,7.127220630645752
1,twain,210,train,6.394433617591858
1,twain,210,baum,6.816977024078369
1,twain,210,thompson,7.27910304069519
1,twain,210,dickens,6.873301347096761
1,twain,210,melville,7.416995313432482
1,twain,210,wells,6.962391138076782
1,twain,210,austen,6.844497283299764
1,twain,210,fitzgerald,7.0351055690220425
1,twain,210,twain,7.1251475512981415
1,twain,211,train,6.416059494018555
1,twain,211,baum,6.808864831924439
1,twain,211,thompson,7.274413466453552
1,twain,211,dickens,6.866033554077148
1,twain,211,melville,7.412273671891954
1,twain,211,wells,6.956239541371663
1,twain,211,austen,6.837311585744222
1,twain,211,fitzgerald,7.028170040675572
1,twain,211,twain,7.121640086174011
1,twain,212,train,6.358949780464172
1,twain,212,baum,6.808030366897583
1,twain,212,thompson,7.2747563123703
1,twain,212,dickens,6.861980120340983
1,twain,212,melville,7.414070765177409
1,twain,212,wells,6.956164598464966
1,twain,212,austen,6.837290366490682
1,twain,212,fitzgerald,7.028010708945138
1,twain,212,twain,7.120321989059448
1,twain,213,train,6.374696731567383
1,twain,213,baum,6.800970196723938
1,twain,213,thompson,7.271047472953796
1,twain,213,dickens,6.859041531880696
1,twain,213,melville,7.410795105828179
1,twain,213,wells,6.94879412651062
1,twain,213,austen,6.831286112467448
1,twain,213,fitzgerald,7.02139983858381
1,twain,213,twain,7.1157757341861725
1,twain,214,train,6.356218695640564
1,twain,214,baum,6.797444939613342
1,twain,214,thompson,7.267307639122009
1,twain,214,dickens,6.855142593383789
1,twain,214,melville,7.406135982937283
1,twain,214,wells,6.946063756942749
1,twain,214,austen,6.826753695805867
1,twain,214,fitzgerald,7.017999853406634
1,twain,214,twain,7.1122898161411285
1,twain,215,train,6.402851104736328
1,twain,215,baum,6.79474139213562
1,twain,215,thompson,7.26534628868103
1,twain,215,dickens,6.850851694742839
1,twain,215,melville,7.406848430633545
1,twain,215,wells,6.943221092224121
1,twain,215,austen,6.82579509417216
1,twain,215,fitzgerald,7.01599611554827
1,twain,215,twain,7.110661149024963
1,twain,216,train,6.368677377700806
1,twain,216,baum,6.790580868721008
1,twain,216,thompson,7.260660767555237
1,twain,216,dickens,6.846572717030843
1,twain,216,melville,7.400406148698595
1,twain,216,wells,6.9380866686503095
1,twain,216,austen,6.820798556009929
1,twain,216,fitzgerald,7.011578968593052
1,twain,216,twain,7.105894327163696
1,twain,217,train,6.379031419754028
1,twain,217,baum,6.790219306945801
1,twain,217,thompson,7.258290767669678
1,twain,217,dickens,6.847183227539063
1,twain,217,melville,7.401997831132677
1,twain,217,wells,6.93741774559021
1,twain,217,austen,6.822655598322551
1,twain,217,fitzgerald,7.010108947753906
1,twain,217,twain,7.1059472262859344
1,twain,218,train,6.372825980186462
1,twain,218,baum,6.784627795219421
1,twain,218,thompson,7.256220459938049
1,twain,218,dickens,6.841598669687907
1,twain,218,melville,7.399940172831218
1,twain,218,wells,6.932687282562256
1,twain,218,austen,6.817373911539714
1,twain,218,fitzgerald,7.005828721182687
1,twain,218,twain,7.102164775133133
1,twain,219,train,6.377265691757202
1,twain,219,baum,6.77973222732544
1,twain,219,thompson,7.251707792282104
1,twain,219,dickens,6.837875843048096
1,twain,219,melville,7.396254274580214
1,twain,219,wells,6.927600145339966
1,twain,219,austen,6.812832514444987
1,twain,219,fitzgerald,7.001326833452497
1,twain,219,twain,7.097815990447998
1,twain,220,train,6.320804834365845
1,twain,220,baum,6.775525450706482
1,twain,220,thompson,7.249475598335266
1,twain,220,dickens,6.832799434661865
1,twain,220,melville,7.393350601196289
1,twain,220,wells,6.924388964970906
1,twain,220,austen,6.807025194168091
1,twain,220,fitzgerald,6.998201847076416
1,twain,220,twain,7.094534456729889
1,twain,221,train,6.374124765396118
1,twain,221,baum,6.774186372756958
1,twain,221,thompson,7.247582912445068
1,twain,221,dickens,6.833138465881348
1,twain,221,melville,7.393709871504042
1,twain,221,wells,6.922867059707642
1,twain,221,austen,6.807250261306763
1,twain,221,fitzgerald,6.997078146253314
1,twain,221,twain,7.092789977788925
1,twain,222,train,6.321627140045166
1,twain,222,baum,6.76861047744751
1,twain,222,thompson,7.245606541633606
1,twain,222,dickens,6.827606042226155
1,twain,222,melville,7.392226801978217
1,twain,222,wells,6.917973597844441
1,twain,222,austen,6.802924553553264
1,twain,222,fitzgerald,6.991722992488316
1,twain,222,twain,7.09073594212532
1,twain,223,train,6.331794381141663
1,twain,223,baum,6.766457796096802
1,twain,223,thompson,7.242709398269653
1,twain,223,dickens,6.824986934661865
1,twain,223,melville,7.388952732086182
1,twain,223,wells,6.916186332702637
1,twain,223,austen,6.801113446553548
1,twain,223,fitzgerald,6.989939280918667
1,twain,223,twain,7.087425917387009
1,twain,224,train,6.321756362915039
1,twain,224,baum,6.763006329536438
1,twain,224,thompson,7.239569187164307
1,twain,224,dickens,6.821270147959392
1,twain,224,melville,7.386875364515516
1,twain,224,wells,6.912087758382161
1,twain,224,austen,6.798069000244141
1,twain,224,fitzgerald,6.986040864671979
1,twain,224,twain,7.083423614501953
1,twain,225,train,6.383161425590515
1,twain,225,baum,6.758384704589844
1,twain,225,thompson,7.237524271011352
1,twain,225,dickens,6.817320187886556
1,twain,225,melville,7.383611996968587
1,twain,225,wells,6.906488339106242
1,twain,225,austen,6.792041222254436
1,twain,225,fitzgerald,6.98130008152553
1,twain,225,twain,7.079024016857147
1,twain,226,train,6.337353825569153
1,twain,226,baum,6.758379697799683
1,twain,226,thompson,7.239219427108765
1,twain,226,dickens,6.817407131195068
1,twain,226,melville,7.391051451365153
1,twain,226,wells,6.909219185511272
1,twain,226,austen,6.795669158299764
1,twain,226,fitzgerald,6.983378682817731
1,twain,226,twain,7.082147598266602
1,twain,227,train,6.307130813598633
1,twain,227,baum,6.749617457389832
1,twain,227,thompson,7.230815529823303
1,twain,227,dickens,6.808475494384766
1,twain,227,melville,7.379052586025661
1,twain,227,wells,6.898315509160359
1,twain,227,austen,6.78531273206075
1,twain,227,fitzgerald,6.97366578238351
1,twain,227,twain,7.073074102401733
1,twain,228,train,6.292219638824463
1,twain,228,baum,6.747552514076233
1,twain,228,thompson,7.229831576347351
1,twain,228,dickens,6.80633529027303
1,twain,228,melville,7.380202187432183
1,twain,228,wells,6.897528251012166
1,twain,228,austen,6.786105473836263
1,twain,228,fitzgerald,6.972699165344238
1,twain,228,twain,7.072456181049347
1,twain,229,train,6.313393712043762
1,twain,229,baum,6.749373912811279
1,twain,229,thompson,7.230311751365662
1,twain,229,dickens,6.809680620829265
1,twain,229,melville,7.3813048468695746
1,twain,229,wells,6.899539788564046
1,twain,229,austen,6.788695891698201
1,twain,229,fitzgerald,6.974614211491176
1,twain,229,twain,7.0726118683815
1,twain,230,train,6.277746796607971
1,twain,230,baum,6.744687795639038
1,twain,230,thompson,7.229028582572937
1,twain,230,dickens,6.804745356241862
1,twain,230,melville,7.381784015231663
1,twain,230,wells,6.897254864374797
1,twain,230,austen,6.785376946131389
1,twain,230,fitzgerald,6.971739428383963
1,twain,230,twain,7.070816546678543
1,twain,231,train,6.289099454879761
1,twain,231,baum,6.73710823059082
1,twain,231,thompson,7.22011399269104
1,twain,231,dickens,6.795664469401042
1,twain,231,melville,7.370688067542182
1,twain,231,wells,6.888224760691325
1,twain,231,austen,6.775662740071614
1,twain,231,fitzgerald,6.963062626974923
1,twain,231,twain,7.061600834131241
1,twain,232,train,6.273642420768738
1,twain,232,baum,6.734198331832886
1,twain,232,thompson,7.221486568450928
1,twain,232,dickens,6.79533322652181
1,twain,232,melville,7.375286685095893
1,twain,232,wells,6.885127464930217
1,twain,232,austen,6.773373126983643
1,twain,232,fitzgerald,6.96183272770473
1,twain,232,twain,7.062553375959396
1,twain,233,train,6.330295562744141
1,twain,233,baum,6.72944974899292
1,twain,233,thompson,7.218813419342041
1,twain,233,dickens,6.793594042460124
1,twain,233,melville,7.372766547732883
1,twain,233,wells,6.879215955734253
1,twain,233,austen,6.767909129460652
1,twain,233,fitzgerald,6.956362656184605
1,twain,233,twain,7.059349834918976
1,twain,234,train,6.290206551551819
1,twain,234,baum,6.730853796005249
1,twain,234,thompson,7.218560457229614
1,twain,234,dickens,6.791934331258138
1,twain,234,melville,7.374980396694607
1,twain,234,wells,6.883978525797526
1,twain,234,austen,6.772287527720134
1,twain,234,fitzgerald,6.959118706839425
1,twain,234,twain,7.058893263339996
1,twain,235,train,6.2745290994644165
1,twain,235,baum,6.720672011375427
1,twain,235,thompson,7.212078094482422
1,twain,235,dickens,6.783517678578694
1,twain,235,melville,7.365944544474284
1,twain,235,wells,6.872207880020142
1,twain,235,austen,6.760295788447063
1,twain,235,fitzgerald,6.948743479592459
1,twain,235,twain,7.051178067922592
1,twain,236,train,6.287147402763367
1,twain,236,baum,6.720000386238098
1,twain,236,thompson,7.213627457618713
1,twain,236,dickens,6.7828240394592285
1,twain,236,melville,7.368815845913357
1,twain,236,wells,6.872525691986084
1,twain,236,austen,6.75874121983846
1,twain,236,fitzgerald,6.950018746512277
1,twain,236,twain,7.050792098045349
1,twain,237,train,6.276773691177368
1,twain,237,baum,6.716470122337341
1,twain,237,thompson,7.209671258926392
1,twain,237,dickens,6.780433813730876
1,twain,237,melville,7.36569791369968
1,twain,237,wells,6.86829400062561
1,twain,237,austen,6.757450819015503
1,twain,237,fitzgerald,6.945907115936279
1,twain,237,twain,7.047108590602875
1,twain,238,train,6.284726142883301
1,twain,238,baum,6.711058616638184
1,twain,238,thompson,7.204891204833984
1,twain,238,dickens,6.774304707845052
1,twain,238,melville,7.3602854410807295
1,twain,238,wells,6.862775405248006
1,twain,238,austen,6.751781463623047
1,twain,238,fitzgerald,6.941122123173305
1,twain,238,twain,7.041864991188049
1,twain,239,train,6.256649494171143
1,twain,239,baum,6.707462191581726
1,twain,239,thompson,7.203595042228699
1,twain,239,dickens,6.772063255310059
1,twain,239,melville,7.360014544592963
1,twain,239,wells,6.860659678777059
1,twain,239,austen,6.749886194864909
1,twain,239,fitzgerald,6.938114847455706
1,twain,239,twain,7.040856093168259
1,twain,240,train,6.264431357383728
1,twain,240,baum,6.705478191375732
1,twain,240,thompson,7.203100204467773
1,twain,240,dickens,6.770850658416748
1,twain,240,melville,7.359393119812012
1,twain,240,wells,6.859172344207764
1,twain,240,austen,6.747855106989543
1,twain,240,fitzgerald,6.936502252306257
1,twain,240,twain,7.038105607032776
1,twain,241,train,6.201626300811768
1,twain,241,baum,6.702511548995972
1,twain,241,thompson,7.198673963546753
1,twain,241,dickens,6.766685167948405
1,twain,241,melville,7.356053882175022
1,twain,241,wells,6.856301148732503
1,twain,241,austen,6.746087869008382
1,twain,241,fitzgerald,6.934132848467145
1,twain,241,twain,7.034388512372971
1,twain,242,train,6.162872552871704
1,twain,242,baum,6.70103919506073
1,twain,242,thompson,7.199094414710999
1,twain,242,dickens,6.767290274302165
1,twain,242,melville,7.358182059393989
1,twain,242,wells,6.856991608937581
1,twain,242,austen,6.746436834335327
1,twain,242,fitzgerald,6.933638708932059
1,twain,242,twain,7.035137981176376
1,twain,243,train,6.260631203651428
1,twain,243,baum,6.699191927909851
1,twain,243,thompson,7.196189284324646
1,twain,243,dickens,6.766039689381917
1,twain,243,melville,7.358149475521511
1,twain,243,wells,6.856038570404053
1,twain,243,austen,6.7474033037821455
1,twain,243,fitzgerald,6.931918552943638
1,twain,243,twain,7.033177882432938
1,twain,244,train,6.2734434604644775
1,twain,244,baum,6.691453576087952
1,twain,244,thompson,7.190137982368469
1,twain,244,dickens,6.756027698516846
1,twain,244,melville,7.34927871492174
1,twain,244,wells,6.84647258122762
1,twain,244,austen,6.73715353012085
1,twain,244,fitzgerald,6.923359939030239
1,twain,244,twain,7.024797976016998
1,twain,245,train,6.196619749069214
1,twain,245,baum,6.687219977378845
1,twain,245,thompson,7.18999171257019
1,twain,245,dickens,6.755217393239339
1,twain,245,melville,7.350239700741238
1,twain,245,wells,6.841186285018921
1,twain,245,austen,6.732080936431885
1,twain,245,fitzgerald,6.920385020119803
1,twain,245,twain,7.023223131895065
1,twain,246,train,6.231676340103149
1,twain,246,baum,6.683827638626099
1,twain,246,thompson,7.189386248588562
1,twain,246,dickens,6.754597345987956
1,twain,246,melville,7.352692286173503
1,twain,246,wells,6.839908202489217
1,twain,246,austen,6.731319745381673
1,twain,246,fitzgerald,6.918540954589844
1,twain,246,twain,7.022452116012573
1,twain,247,train,6.185784101486206
1,twain,247,baum,6.6820632219314575
1,twain,247,thompson,7.18685781955719
1,twain,247,dickens,6.751379489898682
1,twain,247,melville,7.34964116414388
1,twain,247,wells,6.8395388921101885
1,twain,247,austen,6.730965534845988
1,twain,247,fitzgerald,6.917396068572998
1,twain,247,twain,7.019873559474945
1,twain,248,train,6.199219822883606
1,twain,248,baum,6.677351832389832
1,twain,248,thompson,7.181957006454468
1,twain,248,dickens,6.747293472290039
1,twain,248,melville,7.34511497285631
1,twain,248,wells,6.834949175516765
1,twain,248,austen,6.7257665793101
1,twain,248,fitzgerald,6.912171908787319
1,twain,248,twain,7.014972269535065
1,twain,249,train,6.16545307636261
1,twain,249,baum,6.674627900123596
1,twain,249,thompson,7.179102420806885
1,twain,249,dickens,6.745858192443848
1,twain,249,melville,7.342763476901585
1,twain,249,wells,6.831688245137532
1,twain,249,austen,6.724717855453491
1,twain,249,fitzgerald,6.909591334206717
1,twain,249,twain,7.011818468570709
1,twain,250,train,6.204982876777649
1,twain,250,baum,6.672526955604553
1,twain,250,thompson,7.17808735370636
1,twain,250,dickens,6.743312358856201
1,twain,250,melville,7.345111423068577
1,twain,250,wells,6.8315980434417725
1,twain,250,austen,6.723573128382365
1,twain,250,fitzgerald,6.908917495182583
1,twain,250,twain,7.012417584657669
1,twain,251,train,6.160563111305237
1,twain,251,baum,6.669070720672607
1,twain,251,thompson,7.175212979316711
1,twain,251,dickens,6.7416582107543945
1,twain,251,melville,7.341522799597846
1,twain,251,wells,6.828415473302205
1,twain,251,austen,6.720583995183309
1,twain,251,fitzgerald,6.905892712729318
1,twain,251,twain,7.008670806884766
1,twain,252,train,6.186442494392395
1,twain,252,baum,6.662170052528381
1,twain,252,thompson,7.171385288238525
1,twain,252,dickens,6.73727289835612
1,twain,252,melville,7.337526427374946
1,twain,252,wells,6.820368687311809
1,twain,252,austen,6.712357044219971
1,twain,252,fitzgerald,6.899280343736921
1,twain,252,twain,7.003133684396744
1,twain,253,train,6.142806053161621
1,twain,253,baum,6.659144520759583
1,twain,253,thompson,7.168612360954285
1,twain,253,dickens,6.730404059092204
1,twain,253,melville,7.335008038414849
1,twain,253,wells,6.819127162297566
1,twain,253,austen,6.711097399393718
1,twain,253,fitzgerald,6.896275929042271
1,twain,253,twain,7.001004844903946
1,twain,254,train,6.160138368606567
1,twain,254,baum,6.660784006118774
1,twain,254,thompson,7.171712517738342
1,twain,254,dickens,6.7353196144104
1,twain,254,melville,7.342628267076281
1,twain,254,wells,6.822605133056641
1,twain,254,austen,6.715793609619141
1,twain,254,fitzgerald,6.899080889565604
1,twain,254,twain,7.004588216543198
1,twain,255,train,6.096487402915955
1,twain,255,baum,6.65323543548584
1,twain,255,thompson,7.166887044906616
1,twain,255,dickens,6.727492968241374
1,twain,255,melville,7.335877736409505
1,twain,255,wells,6.815675814946492
1,twain,255,austen,6.707964817682902
1,twain,255,fitzgerald,6.890985557011196
1,twain,255,twain,6.998495638370514
1,twain,256,train,6.150979042053223
1,twain,256,baum,6.651105761528015
1,twain,256,thompson,7.166153907775879
1,twain,256,dickens,6.7248531977335615
1,twain,256,melville,7.334486908382839
1,twain,256,wells,6.811874071756999
1,twain,256,austen,6.703885634740193
1,twain,256,fitzgerald,6.888192653656006
1,twain,256,twain,6.995510697364807
1,twain,257,train,6.175723433494568
1,twain,257,baum,6.647072911262512
1,twain,257,thompson,7.161185264587402
1,twain,257,dickens,6.719183921813965
1,twain,257,melville,7.3291246096293134
1,twain,257,wells,6.807294766108195
1,twain,257,austen,6.700682322184245
1,twain,257,fitzgerald,6.884323733193534
1,twain,257,twain,6.991019040346146
1,twain,258,train,6.134972333908081
1,twain,258,baum,6.644633769989014
1,twain,258,thompson,7.161411762237549
1,twain,258,dickens,6.718326409657796
1,twain,258,melville,7.335141499837239
1,twain,258,wells,6.80848757425944
1,twain,258,austen,6.701976458231608
1,twain,258,fitzgerald,6.883458478110177
1,twain,258,twain,6.992962032556534
1,twain,259,train,6.149980425834656
1,twain,259,baum,6.640381574630737
1,twain,259,thompson,7.158063769340515
1,twain,259,dickens,6.715647379557292
1,twain,259,melville,7.328881475660536
1,twain,259,wells,6.801687558492024
1,twain,259,austen,6.694976011912028
1,twain,259,fitzgerald,6.8781327520098
1,twain,259,twain,6.987590610980988
1,twain,260,train,6.116598963737488
1,twain,260,baum,6.637003540992737
1,twain,260,thompson,7.155198931694031
1,twain,260,dickens,6.713236649831136
1,twain,260,melville,7.328692595163981
1,twain,260,wells,6.799692392349243
1,twain,260,austen,6.693167368570964
1,twain,260,fitzgerald,6.874730314527239
1,twain,260,twain,6.984919399023056
1,twain,261,train,6.124469876289368
1,twain,261,baum,6.635421872138977
1,twain,261,thompson,7.154417395591736
1,twain,261,dickens,6.71088457107544
1,twain,261,melville,7.326084189944797
1,twain,261,wells,6.799107392628987
1,twain,261,austen,6.6911567846934
1,twain,261,fitzgerald,6.873292991093227
1,twain,261,twain,6.983044624328613
1,twain,262,train,6.151126742362976
1,twain,262,baum,6.632624268531799
1,twain,262,thompson,7.153066396713257
1,twain,262,dickens,6.711924076080322
1,twain,262,melville,7.329069402482775
1,twain,262,wells,6.797403812408447
1,twain,262,austen,6.690993467966716
1,twain,262,fitzgerald,6.871537140437535
1,twain,262,twain,6.982759058475494
1,twain,263,train,6.145587205886841
1,twain,263,baum,6.6275540590286255
1,twain,263,thompson,7.148422598838806
1,twain,263,dickens,6.70611842473348
1,twain,263,melville,7.322097619374593
1,twain,263,wells,6.791750033696492
1,twain,263,austen,6.683745940526326
1,twain,263,fitzgerald,6.866906847272601
1,twain,263,twain,6.976152390241623
1,twain,264,train,6.143766522407532
1,twain,264,baum,6.624328136444092
1,twain,264,thompson,7.146603226661682
1,twain,264,dickens,6.703867117563884
1,twain,264,melville,7.3205214076572
1,twain,264,wells,6.787683327992757
1,twain,264,austen,6.682245016098023
1,twain,264,fitzgerald,6.863520213535854
1,twain,264,twain,6.974245220422745
1,twain,265,train,6.151489853858948
1,twain,265,baum,6.62474524974823
1,twain,265,thompson,7.146175861358643
1,twain,265,dickens,6.70283317565918
1,twain,265,melville,7.321780681610107
1,twain,265,wells,6.787069002787272
1,twain,265,austen,6.68053658803304
1,twain,265,fitzgerald,6.862227439880371
1,twain,265,twain,6.972565472126007
1,twain,266,train,6.088837146759033
1,twain,266,baum,6.619307160377502
1,twain,266,thompson,7.142680168151856
1,twain,266,dickens,6.698248545328776
1,twain,266,melville,7.31509526570638
1,twain,266,wells,6.781236171722412
1,twain,266,austen,6.674328804016113
1,twain,266,fitzgerald,6.857844761439732
1,twain,266,twain,6.967059105634689
1,twain,267,train,6.065188646316528
1,twain,267,baum,6.621215343475342
1,twain,267,thompson,7.141290307044983
1,twain,267,dickens,6.701200803120931
1,twain,267,melville,7.31809828016493
1,twain,267,wells,6.785259485244751
1,twain,267,austen,6.680253028869629
1,twain,267,fitzgerald,6.860502787998745
1,twain,267,twain,6.968524724245071
1,twain,268,train,6.126612663269043
1,twain,268,baum,6.61813497543335
1,twain,268,thompson,7.139468312263489
1,twain,268,dickens,6.698732217152913
1,twain,268,melville,7.318677319420709
1,twain,268,wells,6.786406517028809
1,twain,268,austen,6.677208820978801
1,twain,268,fitzgerald,6.858380453927176
1,twain,268,twain,6.96832001209259
1,twain,269,train,6.137855410575867
1,twain,269,baum,6.617583274841309
1,twain,269,thompson,7.137404561042786
1,twain,269,dickens,6.69703467686971
1,twain,269,melville,7.316798898908827
1,twain,269,wells,6.784953276316325
1,twain,269,austen,6.677631934483846
1,twain,269,fitzgerald,6.85690096446446
1,twain,269,twain,6.9669908583164215
1,twain,270,train,6.060922741889954
1,twain,270,baum,6.610835075378418
1,twain,270,thompson,7.135586738586426
1,twain,270,dickens,6.691672166188558
1,twain,270,melville,7.3165369563632545
1,twain,270,wells,6.7775429884592695
1,twain,270,austen,6.670363982518514
1,twain,270,fitzgerald,6.851696763719831
1,twain,270,twain,6.962912678718567
1,twain,271,train,6.080469250679016
1,twain,271,baum,6.605103135108948
1,twain,271,thompson,7.133267879486084
1,twain,271,dickens,6.686140378316243
1,twain,271,melville,7.309959782494439
1,twain,271,wells,6.768731911977132
1,twain,271,austen,6.661173741022746
1,twain,271,fitzgerald,6.845153195517404
1,twain,271,twain,6.956187665462494
1,twain,272,train,6.045359492301941
1,twain,272,baum,6.605530858039856
1,twain,272,thompson,7.131472229957581
1,twain,272,dickens,6.68354066212972
1,twain,272,melville,7.309648407830132
1,twain,272,wells,6.77009654045105
1,twain,272,austen,6.66346796353658
1,twain,272,fitzgerald,6.845040934426444
1,twain,272,twain,6.956105291843414
1,twain,273,train,6.039610505104065
1,twain,273,baum,6.60284948348999
1,twain,273,thompson,7.129466414451599
1,twain,273,dickens,6.68239704767863
1,twain,273,melville,7.3113418685065374
1,twain,273,wells,6.767214457194011
1,twain,273,austen,6.661909023920695
1,twain,273,fitzgerald,6.841869558606829
1,twain,273,twain,6.954143464565277
1,twain,274,train,6.05772852897644
1,twain,274,baum,6.596005439758301
1,twain,274,thompson,7.127172231674194
1,twain,274,dickens,6.675629615783691
1,twain,274,melville,7.306855890485975
1,twain,274,wells,6.7594428062438965
1,twain,274,austen,6.652577002843221
1,twain,274,fitzgerald,6.8365494183131625
1,twain,274,twain,6.9492007791996
1,twain,275,train,6.026353240013123
1,twain,275,baum,6.596857070922852
1,twain,275,thompson,7.127429485321045
1,twain,275,dickens,6.6751712163289385
1,twain,275,melville,7.308852619594997
1,twain,275,wells,6.763017733891805
1,twain,275,austen,6.655632654825847
1,twain,275,fitzgerald,6.836817537035261
1,twain,275,twain,6.95002868771553
1,twain,276,train,6.026616096496582
1,twain,276,baum,6.5904072523117065
1,twain,276,thompson,7.122894048690796
1,twain,276,dickens,6.670791943868001
1,twain,276,melville,7.303773403167725
1,twain,276,wells,6.757014830907186
1,twain,276,austen,6.649186929066976
1,twain,276,fitzgerald,6.830636024475098
1,twain,276,twain,6.944668084383011
1,twain,277,train,6.095806956291199
1,twain,277,baum,6.587089419364929
1,twain,277,thompson,7.121125340461731
1,twain,277,dickens,6.668502012888591
1,twain,277,melville,7.302929348415798
1,twain,277,wells,6.754175504048665
1,twain,277,austen,6.645927429199219
1,twain,277,fitzgerald,6.828533513205392
1,twain,277,twain,6.94228520989418
1,twain,278,train,6.057955980300903
1,twain,278,baum,6.58873724937439
1,twain,278,thompson,7.119447350502014
1,twain,278,dickens,6.669092496236165
1,twain,278,melville,7.300979243384467
1,twain,278,wells,6.75502347946167
1,twain,278,austen,6.651280482610066
1,twain,278,fitzgerald,6.828788552965436
1,twain,278,twain,6.941606283187866
1,twain,279,train,6.034343957901001
1,twain,279,baum,6.584884524345398
1,twain,279,thompson,7.1201770305633545
1,twain,279,dickens,6.666488488515218
1,twain,279,melville,7.303177462683783
1,twain,279,wells,6.752834955851237
1,twain,279,austen,6.644510825475057
1,twain,279,fitzgerald,6.826578344617571
1,twain,279,twain,6.940678954124451
1,twain,280,train,6.0668487548828125
1,twain,280,baum,6.5836204290390015
1,twain,280,thompson,7.114182829856873
1,twain,280,dickens,6.664575258890788
1,twain,280,melville,7.298601574367947
1,twain,280,wells,6.751372496287028
1,twain,280,austen,6.645662625630696
1,twain,280,fitzgerald,6.823554720197405
1,twain,280,twain,6.937089651823044
1,twain,281,train,6.005908489227295
1,twain,281,baum,6.586061358451843
1,twain,281,thompson,7.119078040122986
1,twain,281,dickens,6.667539119720459
1,twain,281,melville,7.306311766306559
1,twain,281,wells,6.757775227228801
1,twain,281,austen,6.650978088378906
1,twain,281,fitzgerald,6.827399390084403
1,twain,281,twain,6.940900593996048
1,twain,282,train,5.987812161445618
1,twain,282,baum,6.577388286590576
1,twain,282,thompson,7.109570264816284
1,twain,282,dickens,6.659317970275879
1,twain,282,melville,7.294138696458605
1,twain,282,wells,6.7456769943237305
1,twain,282,austen,6.641250292460124
1,twain,282,fitzgerald,6.817463057381766
1,twain,282,twain,6.932553678750992
1,twain,283,train,6.001184701919556
1,twain,283,baum,6.573943018913269
1,twain,283,thompson,7.110410928726196
1,twain,283,dickens,6.65433390935262
1,twain,283,melville,7.295707596672906
1,twain,283,wells,6.743200302124023
1,twain,283,austen,6.634733994801839
1,twain,283,fitzgerald,6.814546993800572
1,twain,283,twain,6.930272817611694
1,twain,284,train,5.982437133789063
1,twain,284,baum,6.568429350852966
1,twain,284,thompson,7.109538197517395
1,twain,284,dickens,6.65493106842041
1,twain,284,melville,7.296283457014296
1,twain,284,wells,6.737347602844238
1,twain,284,austen,6.6287327607472735
1,twain,284,fitzgerald,6.810447624751499
1,twain,284,twain,6.927040994167328
1,twain,285,train,6.007115721702576
1,twain,285,baum,6.564164996147156
1,twain,285,thompson,7.106333017349243
1,twain,285,dickens,6.6499253908793134
1,twain,285,melville,7.291658401489258
1,twain,285,wells,6.731734911600749
1,twain,285,austen,6.6246358553568525
1,twain,285,fitzgerald,6.805097852434431
1,twain,285,twain,6.9233438372612
1,twain,286,train,6.020384907722473
1,twain,286,baum,6.564392566680908
1,twain,286,thompson,7.105527281761169
1,twain,286,dickens,6.649377663930257
1,twain,286,melville,7.294478045569526
1,twain,286,wells,6.734730799992879
1,twain,286,austen,6.628131469090779
1,twain,286,fitzgerald,6.805944238390241
1,twain,286,twain,6.92525577545166
1,twain,287,train,5.968909025192261
1,twain,287,baum,6.563857197761536
1,twain,287,thompson,7.107228755950928
1,twain,287,dickens,6.651647885640462
1,twain,287,melville,7.295714749230279
1,twain,287,wells,6.734360218048096
1,twain,287,austen,6.625896612803142
1,twain,287,fitzgerald,6.8062311581202914
1,twain,287,twain,6.923223853111267
1,twain,288,train,5.965411424636841
1,twain,288,baum,6.559132695198059
1,twain,288,thompson,7.102262258529663
1,twain,288,dickens,6.648073196411133
1,twain,288,melville,7.294090270996094
1,twain,288,wells,6.730736573537191
1,twain,288,austen,6.623913129170735
1,twain,288,fitzgerald,6.802606310163226
1,twain,288,twain,6.920359641313553
1,twain,289,train,5.919702768325806
1,twain,289,baum,6.556617259979248
1,twain,289,thompson,7.100380539894104
1,twain,289,dickens,6.642237663269043
1,twain,289,melville,7.291804419623481
1,twain,289,wells,6.73165504137675
1,twain,289,austen,6.622934500376384
1,twain,289,fitzgerald,6.800960608891079
1,twain,289,twain,6.920088618993759
1,twain,290,train,5.987127780914307
1,twain,290,baum,6.551820635795593
1,twain,290,thompson,7.0957629680633545
1,twain,290,dickens,6.6403249104817705
1,twain,290,melville,7.287465360429552
1,twain,290,wells,6.723720868428548
1,twain,290,austen,6.616971174875896
1,twain,290,fitzgerald,6.793802874428885
1,twain,290,twain,6.9137067794799805
1,twain,291,train,5.947681546211243
1,twain,291,baum,6.547063827514648
1,twain,291,thompson,7.095778226852417
1,twain,291,dickens,6.638322512308757
1,twain,291,melville,7.288321706983778
1,twain,291,wells,6.720967133839925
1,twain,291,austen,6.612692197163899
1,twain,291,fitzgerald,6.791190556117466
1,twain,291,twain,6.913089364767075
1,twain,292,train,5.948620080947876
1,twain,292,baum,6.548478364944458
1,twain,292,thompson,7.092010736465454
1,twain,292,dickens,6.637844085693359
1,twain,292,melville,7.287187682257758
1,twain,292,wells,6.724899291992188
1,twain,292,austen,6.615784565607707
1,twain,292,fitzgerald,6.793559483119419
1,twain,292,twain,6.913034081459045
1,twain,293,train,5.971613168716431
1,twain,293,baum,6.544870495796204
1,twain,293,thompson,7.09337842464447
1,twain,293,dickens,6.635927836100261
1,twain,293,melville,7.2906975746154785
1,twain,293,wells,6.721285422643025
1,twain,293,austen,6.613486369450887
1,twain,293,fitzgerald,6.789987087249756
1,twain,293,twain,6.912980556488037
1,twain,294,train,6.00310754776001
1,twain,294,baum,6.542226076126099
1,twain,294,thompson,7.090288996696472
1,twain,294,dickens,6.634131113688151
1,twain,294,melville,7.284211688571506
1,twain,294,wells,6.716757615407308
1,twain,294,austen,6.6066586176554365
1,twain,294,fitzgerald,6.786186082022531
1,twain,294,twain,6.906443327665329
1,twain,295,train,5.96421480178833
1,twain,295,baum,6.540323853492737
1,twain,295,thompson,7.086989521980286
1,twain,295,dickens,6.631999333699544
1,twain,295,melville,7.283645894792345
1,twain,295,wells,6.716737111409505
1,twain,295,austen,6.607987801233928
1,twain,295,fitzgerald,6.784021105085101
1,twain,295,twain,6.906189739704132
1,twain,296,train,5.916946053504944
1,twain,296,baum,6.538572549819946
1,twain,296,thompson,7.08768093585968
1,twain,296,dickens,6.62962532043457
1,twain,296,melville,7.281725565592448
1,twain,296,wells,6.713466087977092
1,twain,296,austen,6.604911724726359
1,twain,296,fitzgerald,6.782341139657157
1,twain,296,twain,6.903043687343597
1,twain,297,train,5.932444930076599
1,twain,297,baum,6.53326141834259
1,twain,297,thompson,7.087796092033386
1,twain,297,dickens,6.629861513773601
1,twain,297,melville,7.285203138987224
1,twain,297,wells,6.71020785967509
1,twain,297,austen,6.60168472925822
1,twain,297,fitzgerald,6.779541560581753
1,twain,297,twain,6.902584224939346
1,twain,298,train,5.962199807167053
1,twain,298,baum,6.529475569725037
1,twain,298,thompson,7.081021428108215
1,twain,298,dickens,6.625060717264812
1,twain,298,melville,7.272485256195068
1,twain,298,wells,6.702098449071248
1,twain,298,austen,6.591657797495524
1,twain,298,fitzgerald,6.773232119424002
1,twain,298,twain,6.893243849277496
1,twain,299,train,5.922087788581848
1,twain,299,baum,6.52935802936554
1,twain,299,thompson,7.081485629081726
1,twain,299,dickens,6.624865531921387
1,twain,299,melville,7.280395560794407
1,twain,299,wells,6.705948988596599
1,twain,299,austen,6.596872488657634
1,twain,299,fitzgerald,6.774459157671247
1,twain,299,twain,6.897396087646484
1,twain,300,train,5.960805058479309
1,twain,300,baum,6.528673887252808
1,twain,300,thompson,7.082518100738525
1,twain,300,dickens,6.625331401824951
1,twain,300,melville,7.282419681549072
1,twain,300,wells,6.706739902496338
1,twain,300,austen,6.596642255783081
1,twain,300,fitzgerald,6.77487005506243
1,twain,300,twain,6.898211032152176
1,twain,301,train,5.89134681224823
1,twain,301,baum,6.528982639312744
1,twain,301,thompson,7.081917881965637
1,twain,301,dickens,6.62207555770874
1,twain,301,melville,7.279835965898302
1,twain,301,wells,6.707599639892578
1,twain,301,austen,6.599042812983195
1,twain,301,fitzgerald,6.774095058441162
1,twain,301,twain,6.895030677318573
1,twain,302,train,5.899521946907044
1,twain,302,baum,6.526170015335083
1,twain,302,thompson,7.080973148345947
1,twain,302,dickens,6.617058912913005
1,twain,302,melville,7.276095549265544
1,twain,302,wells,6.702686945597331
1,twain,302,austen,6.591365098953247
1,twain,302,fitzgerald,6.7706451416015625
1,twain,302,twain,6.890128195285797
1,twain,303,train,5.899863362312317
1,twain,303,baum,6.520312190055847
1,twain,303,thompson,7.078468203544617
1,twain,303,dickens,6.615384578704834
1,twain,303,melville,7.27669276131524
1,twain,303,wells,6.69703467686971
1,twain,303,austen,6.588313341140747
1,twain,303,fitzgerald,6.764913082122803
1,twain,303,twain,6.88924440741539
1,twain,304,train,5.937648773193359
1,twain,304,baum,6.515604496002197
1,twain,304,thompson,7.075364828109741
1,twain,304,dickens,6.611158529917399
1,twain,304,melville,7.27562231487698
1,twain,304,wells,6.69206166267395
1,twain,304,austen,6.581925551096599
1,twain,304,fitzgerald,6.762458869389126
1,twain,304,twain,6.886410117149353
1,twain,305,train,5.9166020154953
1,twain,305,baum,6.520445466041565
1,twain,305,thompson,7.075903534889221
1,twain,305,dickens,6.613409837086995
1,twain,305,melville,7.278097046746148
1,twain,305,wells,6.697855234146118
1,twain,305,austen,6.587856690088908
1,twain,305,fitzgerald,6.765763146536691
1,twain,305,twain,6.888425797224045
1,twain,306,train,5.898731112480164
1,twain,306,baum,6.510721564292908
1,twain,306,thompson,7.071446537971497
1,twain,306,dickens,6.606932799021403
1,twain,306,melville,7.2717330190870495
1,twain,306,wells,6.687882264455159
1,twain,306,austen,6.575914223988851
1,twain,306,fitzgerald,6.756083352225168
1,twain,306,twain,6.880688488483429
1,twain,307,train,5.845321774482727
1,twain,307,baum,6.5101399421691895
1,twain,307,thompson,7.072601079940796
1,twain,307,dickens,6.608539740244548
1,twain,307,melville,7.273794227176243
1,twain,307,wells,6.6888534228007
1,twain,307,austen,6.5738525390625
1,twain,307,fitzgerald,6.757723195212228
1,twain,307,twain,6.880828231573105
1,twain,308,train,5.814057469367981
1,twain,308,baum,6.512429237365723
1,twain,308,thompson,7.070137619972229
1,twain,308,dickens,6.606912136077881
1,twain,308,melville,7.272266864776611
1,twain,308,wells,6.690294186274211
1,twain,308,austen,6.578489462534587
1,twain,308,fitzgerald,6.7575409752982
1,twain,308,twain,6.880242466926575
1,twain,309,train,5.902310013771057
1,twain,309,baum,6.509997248649597
1,twain,309,thompson,7.071200489997864
1,twain,309,dickens,6.606433868408203
1,twain,309,melville,7.277727815839979
1,twain,309,wells,6.692647775014241
1,twain,309,austen,6.579709529876709
1,twain,309,fitzgerald,6.757352760859898
1,twain,309,twain,6.883942037820816
1,twain,310,train,5.826209664344788
1,twain,310,baum,6.505444049835205
1,twain,310,thompson,7.066087961196899
1,twain,310,dickens,6.604260285695394
1,twain,310,melville,7.27060243818495
1,twain,310,wells,6.686638116836548
1,twain,310,austen,6.572172562281291
1,twain,310,fitzgerald,6.751039028167725
1,twain,310,twain,6.876587599515915
1,twain,311,train,5.882035493850708
1,twain,311,baum,6.4998064041137695
1,twain,311,thompson,7.063398122787476
1,twain,311,dickens,6.597334543863933
1,twain,311,melville,7.2703010241190595
1,twain,311,wells,6.682121356328328
1,twain,311,austen,6.569822470347087
1,twain,311,fitzgerald,6.747774464743478
1,twain,311,twain,6.875681519508362
1,twain,312,train,5.958613038063049
1,twain,312,baum,6.498636245727539
1,twain,312,thompson,7.063400983810425
1,twain,312,dickens,6.595348040262858
1,twain,312,melville,7.271135965983073
1,twain,312,wells,6.681037028630574
1,twain,312,austen,6.56914488474528
1,twain,312,fitzgerald,6.747359616415841
1,twain,312,twain,6.874325573444367
1,twain,313,train,5.8791714906692505
1,twain,313,baum,6.495132684707642
1,twain,313,thompson,7.060691237449646
1,twain,313,dickens,6.5965010325113935
1,twain,313,melville,7.26630359225803
1,twain,313,wells,6.674466530481975
1,twain,313,austen,6.56178339322408
1,twain,313,fitzgerald,6.742713042667934
1,twain,313,twain,6.867931991815567
1,twain,314,train,5.810076117515564
1,twain,314,baum,6.494771480560303
1,twain,314,thompson,7.062706708908081
1,twain,314,dickens,6.594013373057048
1,twain,314,melville,7.271390808953179
1,twain,314,wells,6.6791618665059405
1,twain,314,austen,6.564422369003296
1,twain,314,fitzgerald,6.744830812726702
1,twain,314,twain,6.8702883422374725
1,twain,315,train,5.864233493804932
1,twain,315,baum,6.493314743041992
1,twain,315,thompson,7.058794975280762
1,twain,315,dickens,6.592854658762614
1,twain,315,melville,7.2656486299302845
1,twain,315,wells,6.677658875783284
1,twain,315,austen,6.563725233078003
1,twain,315,fitzgerald,6.7431823185512
1,twain,315,twain,6.867311537265778
1,twain,316,train,5.858386635780335
1,twain,316,baum,6.489527106285095
1,twain,316,thompson,7.057031273841858
1,twain,316,dickens,6.592285792032878
1,twain,316,melville,7.266066816118029
1,twain,316,wells,6.674216190973918
1,twain,316,austen,6.560824155807495
1,twain,316,fitzgerald,6.73975454057966
1,twain,316,twain,6.866827636957169
1,twain,317,train,5.898395776748657
1,twain,317,baum,6.487137079238892
1,twain,317,thompson,7.053045153617859
1,twain,317,dickens,6.588020165761312
1,twain,317,melville,7.262424733903673
1,twain,317,wells,6.672970136006673
1,twain,317,austen,6.559393564860026
1,twain,317,fitzgerald,6.737956387656076
1,twain,317,twain,6.8631632924079895
1,twain,318,train,5.840779185295105
1,twain,318,baum,6.485864520072937
1,twain,318,thompson,7.052063941955566
1,twain,318,dickens,6.582810719807942
1,twain,318,melville,7.260512299007839
1,twain,318,wells,6.670434633890788
1,twain,318,austen,6.556385040283203
1,twain,318,fitzgerald,6.733823844364712
1,twain,318,twain,6.86119619011879
1,twain,319,train,5.83124315738678
1,twain,319,baum,6.481550812721252
1,twain,319,thompson,7.057413935661316
1,twain,319,dickens,6.585381984710693
1,twain,319,melville,7.270661618974474
1,twain,319,wells,6.670595328013103
1,twain,319,austen,6.554774204889934
1,twain,319,fitzgerald,6.736096109662737
1,twain,319,twain,6.864435106515884
1,twain,320,train,5.864581346511841
1,twain,320,baum,6.480133771896362
1,twain,320,thompson,7.049164891242981
1,twain,320,dickens,6.580095450083415
1,twain,320,melville,7.259606043497722
1,twain,320,wells,6.663820187250773
1,twain,320,austen,6.550376574198405
1,twain,320,fitzgerald,6.729289599827358
1,twain,320,twain,6.855819463729858
1,twain,321,train,5.831939220428467
1,twain,321,baum,6.475834488868713
1,twain,321,thompson,7.051899433135986
1,twain,321,dickens,6.577351888020833
1,twain,321,melville,7.264143625895183
1,twain,321,wells,6.665077765782674
1,twain,321,austen,6.547884305318196
1,twain,321,fitzgerald,6.729343550545829
1,twain,321,twain,6.859476685523987
1,twain,322,train,5.817899584770203
1,twain,322,baum,6.473236918449402
1,twain,322,thompson,7.045274615287781
1,twain,322,dickens,6.57560920715332
1,twain,322,melville,7.257492118411594
1,twain,322,wells,6.657883644104004
1,twain,322,austen,6.544237693150838
1,twain,322,fitzgerald,6.7242319243294855
1,twain,322,twain,6.852868258953095
1,twain,323,train,5.803782939910889
1,twain,323,baum,6.472377419471741
1,twain,323,thompson,7.046501874923706
1,twain,323,dickens,6.575394630432129
1,twain,323,melville,7.260528458489312
1,twain,323,wells,6.658883571624756
1,twain,323,austen,6.542502880096436
1,twain,323,fitzgerald,6.723814896174839
1,twain,323,twain,6.851879835128784
1,twain,324,train,5.814254760742188
1,twain,324,baum,6.469593048095703
1,twain,324,thompson,7.049853444099426
1,twain,324,dickens,6.575660069783528
1,twain,324,melville,7.264285564422607
1,twain,324,wells,6.660524686177571
1,twain,324,austen,6.541259845097859
1,twain,324,fitzgerald,6.724552358899798
1,twain,324,twain,6.854102671146393
1,twain,325,train,5.825462222099304
1,twain,325,baum,6.467158555984497
1,twain,325,thompson,7.041201233863831
1,twain,325,dickens,6.569456895192464
1,twain,325,melville,7.254682328965929
1,twain,325,wells,6.6530576546986895
1,twain,325,austen,6.535899480183919
1,twain,325,fitzgerald,6.716978345598493
1,twain,325,twain,6.845408856868744
1,twain,326,train,5.776935577392578
1,twain,326,baum,6.465542912483215
1,twain,326,thompson,7.043421983718872
1,twain,326,dickens,6.571444034576416
1,twain,326,melville,7.261488437652588
1,twain,326,wells,6.655164877573649
1,twain,326,austen,6.537718216578166
1,twain,326,fitzgerald,6.719901970454624
1,twain,326,twain,6.848554581403732
1,twain,327,train,5.782299995422363
1,twain,327,baum,6.4668965339660645
1,twain,327,thompson,7.042943596839905
1,twain,327,dickens,6.57301394144694
1,twain,327,melville,7.260255177815755
1,twain,327,wells,6.6578811804453535
1,twain,327,austen,6.5423820813496905
1,twain,327,fitzgerald,6.719382081712995
1,twain,327,twain,6.8482533395290375
1,twain,328,train,5.767642140388489
1,twain,328,baum,6.465267181396484
1,twain,328,thompson,7.04549777507782
1,twain,328,dickens,6.575560728708903
1,twain,328,melville,7.265919738345676
1,twain,328,wells,6.657735029856364
1,twain,328,austen,6.540377537409465
1,twain,328,fitzgerald,6.719970703125
1,twain,328,twain,6.849713832139969
1,twain,329,train,5.775527119636536
1,twain,329,baum,6.45898711681366
1,twain,329,thompson,7.040403485298157
1,twain,329,dickens,6.56875483194987
1,twain,329,melville,7.2574798795912
1,twain,329,wells,6.648383061091105
1,twain,329,austen,6.531917572021484
1,twain,329,fitzgerald,6.7127790451049805
1,twain,329,twain,6.842524886131287
1,twain,330,train,5.776432633399963
1,twain,330,baum,6.458935976028442
1,twain,330,thompson,7.04110848903656
1,twain,330,dickens,6.569969018300374
1,twain,330,melville,7.262349446614583
1,twain,330,wells,6.651350259780884
1,twain,330,austen,6.532935619354248
1,twain,330,fitzgerald,6.713777882712228
1,twain,330,twain,6.842975616455078
1,twain,331,train,5.787781596183777
1,twain,331,baum,6.453474164009094
1,twain,331,thompson,7.035803079605103
1,twain,331,dickens,6.562773545583089
1,twain,331,melville,7.252096229129368
1,twain,331,wells,6.6437610785166425
1,twain,331,austen,6.52588685353597
1,twain,331,fitzgerald,6.706994874136789
1,twain,331,twain,6.8350081741809845
1,twain,332,train,5.742066860198975
1,twain,332,baum,6.456653714179993
1,twain,332,thompson,7.039902329444885
1,twain,332,dickens,6.566637833913167
1,twain,332,melville,7.261421362559001
1,twain,332,wells,6.650821844736735
1,twain,332,austen,6.533735195795695
1,twain,332,fitzgerald,6.711642742156982
1,twain,332,twain,6.841756701469421
1,twain,333,train,5.760368227958679
1,twain,333,baum,6.454066753387451
1,twain,333,thompson,7.039541840553284
1,twain,333,dickens,6.564998785654704
1,twain,333,melville,7.260907385084364
1,twain,333,wells,6.649301290512085
1,twain,333,austen,6.5302213827768965
1,twain,333,fitzgerald,6.710629531315395
1,twain,333,twain,6.8406752943992615
1,twain,334,train,5.814655184745789
1,twain,334,baum,6.450865507125855
1,twain,334,thompson,7.034863710403442
1,twain,334,dickens,6.562291145324707
1,twain,334,melville,7.253582795461019
1,twain,334,wells,6.644288778305054
1,twain,334,austen,6.526072978973389
1,twain,334,fitzgerald,6.706255980900356
1,twain,334,twain,6.834816783666611
1,twain,335,train,5.787434935569763
1,twain,335,baum,6.453911304473877
1,twain,335,thompson,7.037618279457092
1,twain,335,dickens,6.563229878743489
1,twain,335,melville,7.259413719177246
1,twain,335,wells,6.649172067642212
1,twain,335,austen,6.531562089920044
1,twain,335,fitzgerald,6.709100042070661
1,twain,335,twain,6.83698770403862
1,twain,336,train,5.770566701889038
1,twain,336,baum,6.444177150726318
1,twain,336,thompson,7.027644515037537
1,twain,336,dickens,6.554248809814453
1,twain,336,melville,7.244180467393663
1,twain,336,wells,6.6334228515625
1,twain,336,austen,6.51566465695699
1,twain,336,fitzgerald,6.697473798479352
1,twain,336,twain,6.825862288475037
1,twain,337,train,5.797670722007752
1,twain,337,baum,6.447808861732483
1,twain,337,thompson,7.037891864776611
1,twain,337,dickens,6.561426639556885
1,twain,337,melville,7.260740280151367
1,twain,337,wells,6.644443511962891
1,twain,337,austen,6.523829380671184
1,twain,337,fitzgerald,6.7050963810512
1,twain,337,twain,6.8340489864349365
1,twain,338,train,5.751309633255005
1,twain,338,baum,6.446594834327698
1,twain,338,thompson,7.028395175933838
1,twain,338,dickens,6.5557912190755205
1,twain,338,melville,7.246196799808079
1,twain,338,wells,6.637749433517456
1,twain,338,austen,6.521261215209961
1,twain,338,fitzgerald,6.698727539607456
1,twain,338,twain,6.824827492237091
1,twain,339,train,5.776583313941956
1,twain,339,baum,6.441222906112671
1,twain,339,thompson,7.02821147441864
1,twain,339,dickens,6.552579720815023
1,twain,339,melville,7.250099764929877
1,twain,339,wells,6.633371035257976
1,twain,339,austen,6.51527460416158
1,twain,339,fitzgerald,6.697772571018764
1,twain,339,twain,6.825355172157288
1,twain,340,train,5.736412048339844
1,twain,340,baum,6.445922017097473
1,twain,340,thompson,7.028269648551941
1,twain,340,dickens,6.556112289428711
1,twain,340,melville,7.249746958414714
1,twain,340,wells,6.638461033503215
1,twain,340,austen,6.51998504002889
1,twain,340,fitzgerald,6.700163160051618
1,twain,340,twain,6.824221432209015
1,twain,341,train,5.746041417121887
1,twain,341,baum,6.439119815826416
1,twain,341,thompson,7.030428767204285
1,twain,341,dickens,6.550088723500569
1,twain,341,melville,7.251263777414958
1,twain,341,wells,6.633108854293823
1,twain,341,austen,6.512947082519531
1,twain,341,fitzgerald,6.696473939078195
1,twain,341,twain,6.823604106903076
1,twain,342,train,5.69623589515686
1,twain,342,baum,6.435924530029297
1,twain,342,thompson,7.026108622550964
1,twain,342,dickens,6.547250270843506
1,twain,342,melville,7.24877299202813
1,twain,342,wells,6.630824565887451
1,twain,342,austen,6.510920763015747
1,twain,342,fitzgerald,6.692158222198486
1,twain,342,twain,6.819570481777191
1,twain,343,train,5.717221736907959
1,twain,343,baum,6.43520987033844
1,twain,343,thompson,7.028722763061523
1,twain,343,dickens,6.546456972757976
1,twain,343,melville,7.252372582753499
1,twain,343,wells,6.631462653477986
1,twain,343,austen,6.509578466415405
1,twain,343,fitzgerald,6.691954067775181
1,twain,343,twain,6.820423424243927
1,twain,344,train,5.689164161682129
1,twain,344,baum,6.431136608123779
1,twain,344,thompson,7.027343153953552
1,twain,344,dickens,6.542955716451009
1,twain,344,melville,7.249690108829075
1,twain,344,wells,6.625938415527344
1,twain,344,austen,6.50409460067749
1,twain,344,fitzgerald,6.688808441162109
1,twain,344,twain,6.818745791912079
1,twain,345,train,5.710861682891846
1,twain,345,baum,6.425090670585632
1,twain,345,thompson,7.020997524261475
1,twain,345,dickens,6.538228988647461
1,twain,345,melville,7.2449385854932995
1,twain,345,wells,6.621580521265666
1,twain,345,austen,6.49862011273702
1,twain,345,fitzgerald,6.682785034179688
1,twain,345,twain,6.812391877174377
1,twain,346,train,5.731371998786926
1,twain,346,baum,6.435123562812805
1,twain,346,thompson,7.025455594062805
1,twain,346,dickens,6.546828269958496
1,twain,346,melville,7.247444788614909
1,twain,346,wells,6.631202936172485
1,twain,346,austen,6.511340618133545
1,twain,346,fitzgerald,6.6915678296770364
1,twain,346,twain,6.817115783691406
1,twain,347,train,5.719860911369324
1,twain,347,baum,6.434125185012817
1,twain,347,thompson,7.027469635009766
1,twain,347,dickens,6.5497738520304365
1,twain,347,melville,7.255515257517497
1,twain,347,wells,6.631974061330159
1,twain,347,austen,6.512054443359375
1,twain,347,fitzgerald,6.691508906228202
1,twain,347,twain,6.82027468085289
1,twain,348,train,5.717191100120544
1,twain,348,baum,6.43128764629364
1,twain,348,thompson,7.020864367485046
1,twain,348,dickens,6.540621280670166
1,twain,348,melville,7.244833628336589
1,twain,348,wells,6.62777320543925
1,twain,348,austen,6.505855401357015
1,twain,348,fitzgerald,6.6856521878923685
1,twain,348,twain,6.813234716653824
1,twain,349,train,5.711354613304138
1,twain,349,baum,6.418095231056213
1,twain,349,thompson,7.017856478691101
1,twain,349,dickens,6.535746574401856
1,twain,349,melville,7.244194242689344
1,twain,349,wells,6.613999446233113
1,twain,349,austen,6.4913093249003095
1,twain,349,fitzgerald,6.675685814448765
1,twain,349,twain,6.808059543371201
1,twain,350,train,5.716351747512817
1,twain,350,baum,6.419353723526001
1,twain,350,thompson,7.02178168296814
1,twain,350,dickens,6.536052862803142
1,twain,350,melville,7.247932963901096
1,twain,350,wells,6.618159691492717
1,twain,350,austen,6.491307179133098
1,twain,350,fitzgerald,6.679231303078788
1,twain,350,twain,6.809466004371643
1,twain,351,train,5.750635743141174
1,twain,351,baum,6.425986170768738
1,twain,351,thompson,7.014536261558533
1,twain,351,dickens,6.536887168884277
1,twain,351,melville,7.239235983954535
1,twain,351,wells,6.6216349601745605
1,twain,351,austen,6.501567522684733
1,twain,351,fitzgerald,6.680225440434048
1,twain,351,twain,6.804900288581848
1,twain,352,train,5.666047215461731
1,twain,352,baum,6.423471450805664
1,twain,352,thompson,7.018080830574036
1,twain,352,dickens,6.539871056874593
1,twain,352,melville,7.245468828413221
1,twain,352,wells,6.625109275182088
1,twain,352,austen,6.5004909833272295
1,twain,352,fitzgerald,6.681010518755231
1,twain,352,twain,6.810247600078583
1,twain,353,train,5.66852080821991
1,twain,353,baum,6.416322350502014
1,twain,353,thompson,7.013420224189758
1,twain,353,dickens,6.5367201169331866
1,twain,353,melville,7.2465823491414385
1,twain,353,wells,6.61653192838033
1,twain,353,austen,6.492413679758708
1,twain,353,fitzgerald,6.674962384360177
1,twain,353,twain,6.805168807506561
1,twain,354,train,5.718908190727234
1,twain,354,baum,6.410775899887085
1,twain,354,thompson,7.012158632278442
1,twain,354,dickens,6.524295488993327
1,twain,354,melville,7.2386220296223955
1,twain,354,wells,6.608842929204305
1,twain,354,austen,6.483380715052287
1,twain,354,fitzgerald,6.66822828565325
1,twain,354,twain,6.799117594957352
1,twain,355,train,5.642084002494812
1,twain,355,baum,6.418800711631775
1,twain,355,thompson,7.017775416374207
1,twain,355,dickens,6.53647247950236
1,twain,355,melville,7.248225318060981
1,twain,355,wells,6.621408462524414
1,twain,355,austen,6.495282808939616
1,twain,355,fitzgerald,6.67758710043771
1,twain,355,twain,6.804014176130295
1,twain,356,train,5.683177709579468
1,twain,356,baum,6.412856459617615
1,twain,356,thompson,7.011481642723084
1,twain,356,dickens,6.53258482615153
1,twain,356,melville,7.245497809516059
1,twain,356,wells,6.613855441411336
1,twain,356,austen,6.490686257680257
1,twain,356,fitzgerald,6.671418530600412
1,twain,356,twain,6.80247500538826
1,twain,357,train,5.631005883216858
1,twain,357,baum,6.412846326828003
1,twain,357,thompson,7.014147996902466
1,twain,357,dickens,6.531245072682698
1,twain,357,melville,7.248461140526666
1,twain,357,wells,6.615395228068034
1,twain,357,austen,6.489358981450399
1,twain,357,fitzgerald,6.674117088317871
1,twain,357,twain,6.8031710386276245
1,twain,358,train,5.641527056694031
1,twain,358,baum,6.404690504074097
1,twain,358,thompson,7.009405732154846
1,twain,358,dickens,6.524453322092692
1,twain,358,melville,7.242255369822184
1,twain,358,wells,6.605821132659912
1,twain,358,austen,6.480256636937459
1,twain,358,fitzgerald,6.6646559579031805
1,twain,358,twain,6.795499354600906
1,twain,359,train,5.654680371284485
1,twain,359,baum,6.406037211418152
1,twain,359,thompson,7.006641983985901
1,twain,359,dickens,6.525742689768474
1,twain,359,melville,7.241549968719482
1,twain,359,wells,6.605808178583781
1,twain,359,austen,6.483078320821126
1,twain,359,fitzgerald,6.66454029083252
1,twain,359,twain,6.79450073838234
1,twain,360,train,5.69049084186554
1,twain,360,baum,6.405528426170349
1,twain,360,thompson,7.004209756851196
1,twain,360,dickens,6.51972754796346
1,twain,360,melville,7.23704014884101
1,twain,360,wells,6.608570575714111
1,twain,360,austen,6.483487606048584
1,twain,360,fitzgerald,6.664050579071045
1,twain,360,twain,6.79287776350975
1,twain,361,train,5.67597234249115
1,twain,361,baum,6.407621383666992
1,twain,361,thompson,7.007131814956665
1,twain,361,dickens,6.526739438374837
1,twain,361,melville,7.241732332441542
1,twain,361,wells,6.610133250554402
1,twain,361,austen,6.4872822761535645
1,twain,361,fitzgerald,6.666681630270822
1,twain,361,twain,6.7941714823246
1,twain,362,train,5.66329550743103
1,twain,362,baum,6.401948571205139
1,twain,362,thompson,7.003275036811829
1,twain,362,dickens,6.517855962117513
1,twain,362,melville,7.236542807685004
1,twain,362,wells,6.602048556009929
1,twain,362,austen,6.477850198745728
1,twain,362,fitzgerald,6.660748413630894
1,twain,362,twain,6.788515269756317
1,twain,363,train,5.637242674827576
1,twain,363,baum,6.398982524871826
1,twain,363,thompson,7.001266241073608
1,twain,363,dickens,6.5168657302856445
1,twain,363,melville,7.235373020172119
1,twain,363,wells,6.59941029548645
1,twain,363,austen,6.475821812947591
1,twain,363,fitzgerald,6.657872881208148
1,twain,363,twain,6.786797821521759
1,twain,364,train,5.673035025596619
1,twain,364,baum,6.402454853057861
1,twain,364,thompson,7.004604697227478
1,twain,364,dickens,6.517603079477946
1,twain,364,melville,7.233385456932916
1,twain,364,wells,6.602497498194377
1,twain,364,austen,6.4782529671986895
1,twain,364,fitzgerald,6.66134010042463
1,twain,364,twain,6.787012010812759
1,twain,365,train,5.609906792640686
1,twain,365,baum,6.399186968803406
1,twain,365,thompson,7.000886082649231
1,twain,365,dickens,6.514908313751221
1,twain,365,melville,7.234475506676568
1,twain,365,wells,6.600158770879109
1,twain,365,austen,6.476254940032959
1,twain,365,fitzgerald,6.656650406973703
1,twain,365,twain,6.784594297409058
1,twain,366,train,5.6114383935928345
1,twain,366,baum,6.3972601890563965
1,twain,366,thompson,7.001129627227783
1,twain,366,dickens,6.51408052444458
1,twain,366,melville,7.231870704227024
1,twain,366,wells,6.5971113840738935
1,twain,366,austen,6.471052487691243
1,twain,366,fitzgerald,6.655240535736084
1,twain,366,twain,6.781892389059067
1,twain,367,train,5.62257182598114
1,twain,367,baum,6.397049903869629
1,twain,367,thompson,7.000459790229797
1,twain,367,dickens,6.515687624613444
1,twain,367,melville,7.236445162031385
1,twain,367,wells,6.598722696304321
1,twain,367,austen,6.473874886830648
1,twain,367,fitzgerald,6.656073842729841
1,twain,367,twain,6.783878833055496
1,twain,368,train,5.656816720962524
1,twain,368,baum,6.394960641860962
1,twain,368,thompson,6.999614477157593
1,twain,368,dickens,6.5121134122212725
1,twain,368,melville,7.234713819291857
1,twain,368,wells,6.595092376073201
1,twain,368,austen,6.467322826385498
1,twain,368,fitzgerald,6.653098515101841
1,twain,368,twain,6.782040774822235
1,twain,369,train,5.695884943008423
1,twain,369,baum,6.400316476821899
1,twain,369,thompson,7.00347638130188
1,twain,369,dickens,6.517612934112549
1,twain,369,melville,7.237987041473389
1,twain,369,wells,6.601571400960286
1,twain,369,austen,6.47228725751241
1,twain,369,fitzgerald,6.658010346548898
1,twain,369,twain,6.783592760562897
1,twain,370,train,5.595146179199219
1,twain,370,baum,6.393858313560486
1,twain,370,thompson,7.003865480422974
1,twain,370,dickens,6.512225310007731
1,twain,370,melville,7.238821665445964
1,twain,370,wells,6.596976121266683
1,twain,370,austen,6.467916091283162
1,twain,370,fitzgerald,6.654294831412179
1,twain,370,twain,6.781773805618286
1,twain,371,train,5.639374256134033
1,twain,371,baum,6.39344847202301
1,twain,371,thompson,7.002404808998108
1,twain,371,dickens,6.515172163645427
1,twain,371,melville,7.237118773990208
1,twain,371,wells,6.596388181050618
1,twain,371,austen,6.467094421386719
1,twain,371,fitzgerald,6.652798448290143
1,twain,371,twain,6.779017239809036
1,twain,372,train,5.564849734306336
1,twain,372,baum,6.392910957336426
1,twain,372,thompson,6.995875358581543
1,twain,372,dickens,6.513725598653157
1,twain,372,melville,7.226714081234402
1,twain,372,wells,6.593613783518474
1,twain,372,austen,6.466389099756877
1,twain,372,fitzgerald,6.64875738961356
1,twain,372,twain,6.773280292749405
1,twain,373,train,5.613164067268372
1,twain,373,baum,6.390480875968933
1,twain,373,thompson,6.998052716255188
1,twain,373,dickens,6.5114617347717285
1,twain,373,melville,7.229709254370795
1,twain,373,wells,6.589910507202148
1,twain,373,austen,6.463668584823608
1,twain,373,fitzgerald,6.647274971008301
1,twain,373,twain,6.77165675163269
1,twain,374,train,5.598331093788147
1,twain,374,baum,6.38364040851593
1,twain,374,thompson,6.996625661849976
1,twain,374,dickens,6.50463883082072
1,twain,374,melville,7.234163284301758
1,twain,374,wells,6.590128978093465
1,twain,374,austen,6.461047410964966
1,twain,374,fitzgerald,6.643843923296247
1,twain,374,twain,6.773824870586395
1,twain,375,train,5.569625735282898
1,twain,375,baum,6.390456676483154
1,twain,375,thompson,6.99390983581543
1,twain,375,dickens,6.5105821291605634
1,twain,375,melville,7.226497650146484
1,twain,375,wells,6.592267036437988
1,twain,375,austen,6.467242002487183
1,twain,375,fitzgerald,6.646309580121722
1,twain,375,twain,6.76861298084259
1,twain,376,train,5.530801773071289
1,twain,376,baum,6.386231303215027
1,twain,376,thompson,6.998795986175537
1,twain,376,dickens,6.510420958201091
1,twain,376,melville,7.233221636878119
1,twain,376,wells,6.593436002731323
1,twain,376,austen,6.463081359863281
1,twain,376,fitzgerald,6.645533766065325
1,twain,376,twain,6.775039494037628
1,twain,377,train,5.618896484375
1,twain,377,baum,6.385176777839661
1,twain,377,thompson,6.995136022567749
1,twain,377,dickens,6.50967009862264
1,twain,377,melville,7.23519245783488
1,twain,377,wells,6.590285936991374
1,twain,377,austen,6.4633214473724365
1,twain,377,fitzgerald,6.641803877694266
1,twain,377,twain,6.770839512348175
1,twain,378,train,5.568418622016907
1,twain,378,baum,6.378371953964233
1,twain,378,thompson,6.993710517883301
1,twain,378,dickens,6.5013508796691895
1,twain,378,melville,7.233470227983263
1,twain,378,wells,6.587762037913005
1,twain,378,austen,6.454264084498088
1,twain,378,fitzgerald,6.640902042388916
1,twain,378,twain,6.77187979221344
1,twain,379,train,5.546157598495483
1,twain,379,baum,6.380676627159119
1,twain,379,thompson,6.9873286485672
1,twain,379,dickens,6.508970260620117
1,twain,379,melville,7.225170930226644
1,twain,379,wells,6.590345462163289
1,twain,379,austen,6.456973473230998
1,twain,379,fitzgerald,6.638605798993792
1,twain,379,twain,6.762690484523773
1,twain,380,train,5.621778964996338
1,twain,380,baum,6.3802008628845215
1,twain,380,thompson,6.990542650222778
1,twain,380,dickens,6.507974942525228
1,twain,380,melville,7.229135672251384
1,twain,380,wells,6.588209231694539
1,twain,380,austen,6.458402633666992
1,twain,380,fitzgerald,6.641944749014718
1,twain,380,twain,6.7689409255981445
1,twain,381,train,5.524621248245239
1,twain,381,baum,6.383911371231079
1,twain,381,thompson,6.993380308151245
1,twain,381,dickens,6.513913154602051
1,twain,381,melville,7.231630272335476
1,twain,381,wells,6.594492673873901
1,twain,381,austen,6.459896802902222
1,twain,381,fitzgerald,6.641575472695487
1,twain,381,twain,6.7674484848976135
1,twain,382,train,5.600768208503723
1,twain,382,baum,6.3788347244262695
1,twain,382,thompson,6.992366433143616
1,twain,382,dickens,6.506693840026856
1,twain,382,melville,7.230815728505452
1,twain,382,wells,6.589678525924683
1,twain,382,austen,6.455627520879109
1,twain,382,fitzgerald,6.641717978886196
1,twain,382,twain,6.768002986907959
1,twain,383,train,5.55693519115448
1,twain,383,baum,6.379382133483887
1,twain,383,thompson,6.988327741622925
1,twain,383,dickens,6.507827281951904
1,twain,383,melville,7.228489557902018
1,twain,383,wells,6.588796297709147
1,twain,383,austen,6.455123980840047
1,twain,383,fitzgerald,6.635381085532052
1,twain,383,twain,6.761128067970276
1,twain,384,train,5.516669511795044
1,twain,384,baum,6.374612331390381
1,twain,384,thompson,6.989192247390747
1,twain,384,dickens,6.504473368326823
1,twain,384,melville,7.231978575388591
1,twain,384,wells,6.58419148127238
1,twain,384,austen,6.451167186101277
1,twain,384,fitzgerald,6.636919362204416
1,twain,384,twain,6.765343219041824
1,twain,385,train,5.560822129249573
1,twain,385,baum,6.374951481819153
1,twain,385,thompson,6.986332535743713
1,twain,385,dickens,6.504410107930501
1,twain,385,melville,7.2286463313632545
1,twain,385,wells,6.585117657979329
1,twain,385,austen,6.450406392415364
1,twain,385,fitzgerald,6.633633613586426
1,twain,385,twain,6.758266478776932
1,twain,386,train,5.574489951133728
1,twain,386,baum,6.374628305435181
1,twain,386,thompson,6.9894620180130005
1,twain,386,dickens,6.50295623143514
1,twain,386,melville,7.22775755988227
1,twain,386,wells,6.583373069763184
1,twain,386,austen,6.449371099472046
1,twain,386,fitzgerald,6.634702478136335
1,twain,386,twain,6.759588420391083
1,twain,387,train,5.5353764295578
1,twain,387,baum,6.376631736755371
1,twain,387,thompson,6.9928799867630005
1,twain,387,dickens,6.50237496693929
1,twain,387,melville,7.2331264283921985
1,twain,387,wells,6.590775966644287
1,twain,387,austen,6.454235553741455
1,twain,387,fitzgerald,6.637075764792306
1,twain,387,twain,6.76387146115303
1,twain,388,train,5.580770969390869
1,twain,388,baum,6.374702095985413
1,twain,388,thompson,6.991068363189697
1,twain,388,dickens,6.50343116124471
1,twain,388,melville,7.229481697082519
1,twain,388,wells,6.5871429443359375
1,twain,388,austen,6.451191266377767
1,twain,388,fitzgerald,6.636284487588065
1,twain,388,twain,6.7603475749492645
1,twain,389,train,5.55581796169281
1,twain,389,baum,6.372511029243469
1,twain,389,thompson,6.985373258590698
1,twain,389,dickens,6.501059373219808
1,twain,389,melville,7.223497708638509
1,twain,389,wells,6.581026315689087
1,twain,389,austen,6.445708115895589
1,twain,389,fitzgerald,6.629819665636335
1,twain,389,twain,6.7547836899757385
1,twain,390,train,5.545047283172607
1,twain,390,baum,6.370400667190552
1,twain,390,thompson,6.986952185630798
1,twain,390,dickens,6.498771985371907
1,twain,390,melville,7.228449662526448
1,twain,390,wells,6.581605672836304
1,twain,390,austen,6.445751349131267
1,twain,390,fitzgerald,6.630502564566476
1,twain,390,twain,6.7579525411129
1,twain,391,train,5.5637526512146
1,twain,391,baum,6.373309135437012
1,twain,391,thompson,6.985510468482971
1,twain,391,dickens,6.50095812479655
1,twain,391,melville,7.22672520743476
1,twain,391,wells,6.581637859344482
1,twain,391,austen,6.4456149737040205
1,twain,391,fitzgerald,6.631416048322405
1,twain,391,twain,6.755947142839432
1,twain,392,train,5.4779698848724365
1,twain,392,baum,6.369560599327087
1,twain,392,thompson,6.987766265869141
1,twain,392,dickens,6.503189404805501
1,twain,392,melville,7.237153477138943
1,twain,392,wells,6.584734678268433
1,twain,392,austen,6.445427576700847
1,twain,392,fitzgerald,6.631875787462507
1,twain,392,twain,6.759394466876984
1,twain,393,train,5.543016076087952
1,twain,393,baum,6.366613388061523
1,twain,393,thompson,6.9817012548446655
1,twain,393,dickens,6.500802357991536
1,twain,393,melville,7.226771142747667
1,twain,393,wells,6.578467925389608
1,twain,393,austen,6.441315333048503
1,twain,393,fitzgerald,6.6277473994663785
1,twain,393,twain,6.7507084608078
1,twain,394,train,5.516436815261841
1,twain,394,baum,6.368538856506348
1,twain,394,thompson,6.982186794281006
1,twain,394,dickens,6.500832716623942
1,twain,394,melville,7.224378744761149
1,twain,394,wells,6.582125425338745
1,twain,394,austen,6.443421284357707
1,twain,394,fitzgerald,6.627716950007847
1,twain,394,twain,6.7475215792655945
1,twain,395,train,5.574799418449402
1,twain,395,baum,6.370880484580994
1,twain,395,thompson,6.9801084995269775
1,twain,395,dickens,6.501266638437907
1,twain,395,melville,7.217545827229817
1,twain,395,wells,6.581931908925374
1,twain,395,austen,6.443436145782471
1,twain,395,fitzgerald,6.626688480377197
1,twain,395,twain,6.742892920970917
1,twain,396,train,5.518511414527893
1,twain,396,baum,6.363607883453369
1,twain,396,thompson,6.984166145324707
1,twain,396,dickens,6.496408462524414
1,twain,396,melville,7.226737075381809
1,twain,396,wells,6.57762336730957
1,twain,396,austen,6.437422752380371
1,twain,396,fitzgerald,6.625559534345355
1,twain,396,twain,6.747434735298157
1,twain,397,train,5.494420170783997
1,twain,397,baum,6.363601326942444
1,twain,397,thompson,6.97737979888916
1,twain,397,dickens,6.4961363474528
1,twain,397,melville,7.218346012963189
1,twain,397,wells,6.5772489706675215
1,twain,397,austen,6.436728239059448
1,twain,397,fitzgerald,6.620806898389544
1,twain,397,twain,6.738422304391861
1,twain,398,train,5.551623344421387
1,twain,398,baum,6.362975478172302
1,twain,398,thompson,6.983854651451111
1,twain,398,dickens,6.497178236643474
1,twain,398,melville,7.225030369228786
1,twain,398,wells,6.5782850583394366
1,twain,398,austen,6.436008771260579
1,twain,398,fitzgerald,6.624212333134243
1,twain,398,twain,6.743346393108368
1,twain,399,train,5.5268553495407104
1,twain,399,baum,6.359172701835632
1,twain,399,thompson,6.977004170417786
1,twain,399,dickens,6.489730358123779
1,twain,399,melville,7.213650120629205
1,twain,399,wells,6.571181058883667
1,twain,399,austen,6.429929971694946
1,twain,399,fitzgerald,6.616569314684186
1,twain,399,twain,6.735852688550949
1,twain,400,train,5.539088249206543
1,twain,400,baum,6.365105986595154
1,twain,400,thompson,6.981025695800781
1,twain,400,dickens,6.495600859324138
1,twain,400,melville,7.220131980048285
1,twain,400,wells,6.578255256017049
1,twain,400,austen,6.4362452030181885
1,twain,400,fitzgerald,6.623006275721958
1,twain,400,twain,6.7407486736774445
1,twain,401,train,5.474271655082703
1,twain,401,baum,6.358075976371765
1,twain,401,thompson,6.976859331130981
1,twain,401,dickens,6.487407366434733
1,twain,401,melville,7.219457997216119
1,twain,401,wells,6.570853471755981
1,twain,401,austen,6.432665109634399
1,twain,401,fitzgerald,6.617298126220703
1,twain,401,twain,6.740196615457535
1,twain,402,train,5.5195430517196655
1,twain,402,baum,6.352593183517456
1,twain,402,thompson,6.97537624835968
1,twain,402,dickens,6.485198020935059
1,twain,402,melville,7.218521542019314
1,twain,402,wells,6.567286014556885
1,twain,402,austen,6.4246461391448975
1,twain,402,fitzgerald,6.612838200160435
1,twain,402,twain,6.734326511621475
1,twain,403,train,5.511454105377197
1,twain,403,baum,6.358108758926392
1,twain,403,thompson,6.980928540229797
1,twain,403,dickens,6.488248348236084
1,twain,403,melville,7.220071633656819
1,twain,403,wells,6.573271989822388
1,twain,403,austen,6.429899613062541
1,twain,403,fitzgerald,6.619200638362339
1,twain,403,twain,6.737592577934265
1,twain,404,train,5.436065077781677
1,twain,404,baum,6.358219623565674
1,twain,404,thompson,6.975681900978088
1,twain,404,dickens,6.487197717030843
1,twain,404,melville,7.215537865956624
1,twain,404,wells,6.571932315826416
1,twain,404,austen,6.431348959604899
1,twain,404,fitzgerald,6.615979807717459
1,twain,404,twain,6.732856005430222
1,twain,405,train,5.46080219745636
1,twain,405,baum,6.350652575492859
1,twain,405,thompson,6.971711158752441
1,twain,405,dickens,6.481396039326985
1,twain,405,melville,7.207655747731526
1,twain,405,wells,6.563985029856364
1,twain,405,austen,6.422871510187785
1,twain,405,fitzgerald,6.609573909214565
1,twain,405,twain,6.728647589683533
1,twain,406,train,5.506131649017334
1,twain,406,baum,6.359254121780396
1,twain,406,thompson,6.979002833366394
1,twain,406,dickens,6.489730358123779
1,twain,406,melville,7.219784842597114
1,twain,406,wells,6.571737607320149
1,twain,406,austen,6.43123197555542
1,twain,406,fitzgerald,6.617496081760952
1,twain,406,twain,6.734081447124481
1,twain,407,train,5.47258722782135
1,twain,407,baum,6.35712456703186
1,twain,407,thompson,6.976212501525879
1,twain,407,dickens,6.487858772277832
1,twain,407,melville,7.21761417388916
1,twain,407,wells,6.574933369954427
1,twain,407,austen,6.431199550628662
1,twain,407,fitzgerald,6.616115433829171
1,twain,407,twain,6.732898563146591
1,twain,408,train,5.471907734870911
1,twain,408,baum,6.35284435749054
1,twain,408,thompson,6.973409295082092
1,twain,408,dickens,6.48392120997111
1,twain,408,melville,7.215919547610813
1,twain,408,wells,6.567744811375936
1,twain,408,austen,6.424901962280273
1,twain,408,fitzgerald,6.61298622403826
1,twain,408,twain,6.727902114391327
1,twain,409,train,5.436419129371643
1,twain,409,baum,6.350856065750122
1,twain,409,thompson,6.9722830057144165
1,twain,409,dickens,6.482696533203125
1,twain,409,melville,7.214131408267551
1,twain,409,wells,6.5699582894643145
1,twain,409,austen,6.423709710439046
1,twain,409,fitzgerald,6.610667160579136
1,twain,409,twain,6.725881695747376
1,twain,410,train,5.47864305973053
1,twain,410,baum,6.35148298740387
1,twain,410,thompson,6.966081380844116
1,twain,410,dickens,6.477832635243733
1,twain,410,melville,7.205678304036458
1,twain,410,wells,6.564753532409668
1,twain,410,austen,6.421578645706177
1,twain,410,fitzgerald,6.607960496629987
1,twain,410,twain,6.718896418809891
1,twain,411,train,5.49610710144043
1,twain,411,baum,6.352020740509033
1,twain,411,thompson,6.96920907497406
1,twain,411,dickens,6.482292652130127
1,twain,411,melville,7.203633043501112
1,twain,411,wells,6.567022959391276
1,twain,411,austen,6.424554745356242
1,twain,411,fitzgerald,6.607858521597726
1,twain,411,twain,6.719065815210342
1,twain,412,train,5.495386242866516
1,twain,412,baum,6.349640846252441
1,twain,412,thompson,6.969770908355713
1,twain,412,dickens,6.479361852010091
1,twain,412,melville,7.20761505762736
1,twain,412,wells,6.566438277562459
1,twain,412,austen,6.420928239822388
1,twain,412,fitzgerald,6.606251444135394
1,twain,412,twain,6.719308316707611
1,twain,413,train,5.496086120605469
1,twain,413,baum,6.348015546798706
1,twain,413,thompson,6.971246719360352
1,twain,413,dickens,6.479115804036458
1,twain,413,melville,7.212018754747179
1,twain,413,wells,6.56732972462972
1,twain,413,austen,6.422853390375773
1,twain,413,fitzgerald,6.608801092420306
1,twain,413,twain,6.7211794555187225
1,twain,414,train,5.463740944862366
1,twain,414,baum,6.347438454627991
1,twain,414,thompson,6.96963357925415
1,twain,414,dickens,6.477053006490071
1,twain,414,melville,7.21399630440606
1,twain,414,wells,6.5596870581309
1,twain,414,austen,6.418976147969564
1,twain,414,fitzgerald,6.604155949183872
1,twain,414,twain,6.71842497587204
1,twain,415,train,5.516708135604858
1,twain,415,baum,6.345242977142334
1,twain,415,thompson,6.964968204498291
1,twain,415,dickens,6.475026766459147
1,twain,415,melville,7.206238269805908
1,twain,415,wells,6.561421473821004
1,twain,415,austen,6.417926629384358
1,twain,415,fitzgerald,6.602049827575684
1,twain,415,twain,6.712833881378174
1,twain,416,train,5.44644832611084
1,twain,416,baum,6.347178936004639
1,twain,416,thompson,6.965729475021362
1,twain,416,dickens,6.475329717000325
1,twain,416,melville,7.205663310156928
1,twain,416,wells,6.563069025675456
1,twain,416,austen,6.41877277692159
1,twain,416,fitzgerald,6.604028497423444
1,twain,416,twain,6.713844984769821
1,twain,417,train,5.3908281326293945
1,twain,417,baum,6.357064604759216
1,twain,417,thompson,6.982076525688171
1,twain,417,dickens,6.490947405497233
1,twain,417,melville,7.225857257843018
1,twain,417,wells,6.579829454421997
1,twain,417,austen,6.430757284164429
1,twain,417,fitzgerald,6.617318221500942
1,twain,417,twain,6.727087885141373
1,twain,418,train,5.451884508132935
1,twain,418,baum,6.341625452041626
1,twain,418,thompson,6.964083552360535
1,twain,418,dickens,6.472104390462239
1,twain,418,melville,7.204725689358181
1,twain,418,wells,6.556071122487386
1,twain,418,austen,6.412517150243123
1,twain,418,fitzgerald,6.598525319780622
1,twain,418,twain,6.709973752498627
1,twain,419,train,5.47674834728241
1,twain,419,baum,6.349921941757202
1,twain,419,thompson,6.967548131942749
1,twain,419,dickens,6.478263378143311
1,twain,419,melville,7.204472011990017
1,twain,419,wells,6.568723837534587
1,twain,419,austen,6.421056032180786
1,twain,419,fitzgerald,6.606720515659878
1,twain,419,twain,6.709875375032425
1,twain,420,train,5.409639596939087
1,twain,420,baum,6.344764828681946
1,twain,420,thompson,6.968544363975525
1,twain,420,dickens,6.47880744934082
1,twain,420,melville,7.208614932166205
1,twain,420,wells,6.5628745555877686
1,twain,420,austen,6.416216929753621
1,twain,420,fitzgerald,6.602675642286028
1,twain,420,twain,6.711428761482239
1,twain,421,train,5.447488188743591
1,twain,421,baum,6.345780611038208
1,twain,421,thompson,6.966039776802063
1,twain,421,dickens,6.476990699768066
1,twain,421,melville,7.206516000959608
1,twain,421,wells,6.563771804173787
1,twain,421,austen,6.41574239730835
1,twain,421,fitzgerald,6.603877816881452
1,twain,421,twain,6.709372043609619
1,twain,422,train,5.452905654907227
1,twain,422,baum,6.346376419067383
1,twain,422,thompson,6.969149947166443
1,twain,422,dickens,6.475661595662435
1,twain,422,melville,7.206888516743978
1,twain,422,wells,6.563572724660237
1,twain,422,austen,6.415656566619873
1,twain,422,fitzgerald,6.603163991655622
1,twain,422,twain,6.709274470806122
1,twain,423,train,5.442341446876526
1,twain,423,baum,6.346209645271301
1,twain,423,thompson,6.9638649225234985
1,twain,423,dickens,6.475726127624512
1,twain,423,melville,7.201617240905762
1,twain,423,wells,6.563458283742269
1,twain,423,austen,6.417325735092163
1,twain,423,fitzgerald,6.600221633911133
1,twain,423,twain,6.706434041261673
1,twain,424,train,5.473401069641113
1,twain,424,baum,6.345462441444397
1,twain,424,thompson,6.963054776191711
1,twain,424,dickens,6.47398026784261
1,twain,424,melville,7.201132138570149
1,twain,424,wells,6.562715768814087
1,twain,424,austen,6.415884892145793
1,twain,424,fitzgerald,6.601875577654157
1,twain,424,twain,6.702271342277527
1,twain,425,train,5.404029250144959
1,twain,425,baum,6.332164764404297
1,twain,425,thompson,6.960441708564758
1,twain,425,dickens,6.461985111236572
1,twain,425,melville,7.200988133748372
1,twain,425,wells,6.550631841023763
1,twain,425,austen,6.404134194056193
1,twain,425,fitzgerald,6.592400210244315
1,twain,425,twain,6.700077056884766
1,twain,426,train,5.400586128234863
1,twain,426,baum,6.345332384109497
1,twain,426,thompson,6.968413710594177
1,twain,426,dickens,6.47736390431722
1,twain,426,melville,7.209750970204671
1,twain,426,wells,6.568197011947632
1,twain,426,austen,6.418890078862508
1,twain,426,fitzgerald,6.603101321629116
1,twain,426,twain,6.708740174770355
1,twain,427,train,5.429540395736694
1,twain,427,baum,6.336055397987366
1,twain,427,thompson,6.960108637809753
1,twain,427,dickens,6.465659141540527
1,twain,427,melville,7.204919338226318
1,twain,427,wells,6.554212331771851
1,twain,427,austen,6.408007542292277
1,twain,427,fitzgerald,6.594469411032541
1,twain,427,twain,6.704257994890213
1,twain,428,train,5.437954664230347
1,twain,428,baum,6.334841728210449
1,twain,428,thompson,6.961806654930115
1,twain,428,dickens,6.470712184906006
1,twain,428,melville,7.207997428046332
1,twain,428,wells,6.555770079294841
1,twain,428,austen,6.403906345367432
1,twain,428,fitzgerald,6.593925339835031
1,twain,428,twain,6.701657980680466
1,twain,429,train,5.3828054666519165
1,twain,429,baum,6.33721649646759
1,twain,429,thompson,6.961604595184326
1,twain,429,dickens,6.472684860229492
1,twain,429,melville,7.209050549401177
1,twain,429,wells,6.5570690631866455
1,twain,429,austen,6.407731215159099
1,twain,429,fitzgerald,6.597062655857632
1,twain,429,twain,6.702473163604736
1,twain,430,train,5.423885107040405
1,twain,430,baum,6.337111353874207
1,twain,430,thompson,6.95106315612793
1,twain,430,dickens,6.46816873550415
1,twain,430,melville,7.191001786126031
1,twain,430,wells,6.553525447845459
1,twain,430,austen,6.401905536651611
1,twain,430,fitzgerald,6.590783596038818
1,twain,430,twain,6.688658177852631
1,twain,431,train,5.401751637458801
1,twain,431,baum,6.332377791404724
1,twain,431,thompson,6.9602952003479
1,twain,431,dickens,6.469220320383708
1,twain,431,melville,7.206355412801106
1,twain,431,wells,6.553294817606608
1,twain,431,austen,6.402470827102661
1,twain,431,fitzgerald,6.592109135219029
1,twain,431,twain,6.700077593326569
1,twain,432,train,5.407486438751221
1,twain,432,baum,6.337368488311768
1,twain,432,thompson,6.955891251564026
1,twain,432,dickens,6.469692548116048
1,twain,432,melville,7.199308448367649
1,twain,432,wells,6.558469295501709
1,twain,432,austen,6.406996011734009
1,twain,432,fitzgerald,6.592560427529471
1,twain,432,twain,6.694825351238251
1,twain,433,train,5.42252254486084
1,twain,433,baum,6.334354639053345
1,twain,433,thompson,6.9545063972473145
1,twain,433,dickens,6.4669389724731445
1,twain,433,melville,7.195824729071723
1,twain,433,wells,6.555105209350586
1,twain,433,austen,6.400600751241048
1,twain,433,fitzgerald,6.591420991080148
1,twain,433,twain,6.688536077737808
1,twain,434,train,5.409647107124329
1,twain,434,baum,6.333216190338135
1,twain,434,thompson,6.962411522865295
1,twain,434,dickens,6.471082210540772
1,twain,434,melville,7.208381334940593
1,twain,434,wells,6.556100606918335
1,twain,434,austen,6.401544173558553
1,twain,434,fitzgerald,6.5948262214660645
1,twain,434,twain,6.695809781551361
1,twain,435,train,5.426814079284668
1,twain,435,baum,6.330993890762329
1,twain,435,thompson,6.95342743396759
1,twain,435,dickens,6.463457266489665
1,twain,435,melville,7.198751184675428
1,twain,435,wells,6.549363295237224
1,twain,435,austen,6.399900674819946
1,twain,435,fitzgerald,6.587593010493687
1,twain,435,twain,6.690230041742325
1,twain,436,train,5.403358697891235
1,twain,436,baum,6.32989227771759
1,twain,436,thompson,6.955045461654663
1,twain,436,dickens,6.468289693196614
1,twain,436,melville,7.201782173580593
1,twain,436,wells,6.549338499704997
1,twain,436,austen,6.399230718612671
1,twain,436,fitzgerald,6.58775132043021
1,twain,436,twain,6.693290114402771
1,twain,437,train,5.359161972999573
1,twain,437,baum,6.336238503456116
1,twain,437,thompson,6.956453919410706
1,twain,437,dickens,6.471634387969971
1,twain,437,melville,7.192212846544054
1,twain,437,wells,6.557242075602214
1,twain,437,austen,6.405777215957642
1,twain,437,fitzgerald,6.592660358973912
1,twain,437,twain,6.6842637956142426
1,twain,438,train,5.365539312362671
1,twain,438,baum,6.331285238265991
1,twain,438,thompson,6.958165764808655
1,twain,438,dickens,6.471988519032796
1,twain,438,melville,7.20292001300388
1,twain,438,wells,6.55309001604716
1,twain,438,austen,6.401709000269572
1,twain,438,fitzgerald,6.5909600257873535
1,twain,438,twain,6.690305173397064
1,twain,439,train,5.351073265075684
1,twain,439,baum,6.33350133895874
1,twain,439,thompson,6.959954738616943
1,twain,439,dickens,6.470381736755371
1,twain,439,melville,7.201252089606391
1,twain,439,wells,6.551346778869629
1,twain,439,austen,6.401514768600464
1,twain,439,fitzgerald,6.589203902653286
1,twain,439,twain,6.688059031963348
1,twain,440,train,5.349573254585266
1,twain,440,baum,6.332712411880493
1,twain,440,thompson,6.957962274551392
1,twain,440,dickens,6.47027571996053
1,twain,440,melville,7.203585147857666
1,twain,440,wells,6.559454917907715
1,twain,440,austen,6.407534599304199
1,twain,440,fitzgerald,6.59243140901838
1,twain,440,twain,6.6902134120464325
1,twain,441,train,5.370995402336121
1,twain,441,baum,6.328261375427246
1,twain,441,thompson,6.950079321861267
1,twain,441,dickens,6.463293393452962
1,twain,441,melville,7.188834720187717
1,twain,441,wells,6.546168565750122
1,twain,441,austen,6.394502242406209
1,twain,441,fitzgerald,6.583210672651019
1,twain,441,twain,6.676133185625076
1,twain,442,train,5.330574631690979
1,twain,442,baum,6.334620475769043
1,twain,442,thompson,6.953420042991638
1,twain,442,dickens,6.471507867177327
1,twain,442,melville,7.190554406907824
1,twain,442,wells,6.558249870936076
1,twain,442,austen,6.406327327092488
1,twain,442,fitzgerald,6.5913382938929965
1,twain,442,twain,6.681092083454132
1,twain,443,train,5.325114130973816
1,twain,443,baum,6.328981518745422
1,twain,443,thompson,6.95479679107666
1,twain,443,dickens,6.466488202412923
1,twain,443,melville,7.192164368099636
1,twain,443,wells,6.549542744954427
1,twain,443,austen,6.397929668426514
1,twain,443,fitzgerald,6.584573064531599
1,twain,443,twain,6.680476129055023
1,twain,444,train,5.328674674034119
1,twain,444,baum,6.325269103050232
1,twain,444,thompson,6.951598644256592
1,twain,444,dickens,6.463101863861084
1,twain,444,melville,7.197153992123074
1,twain,444,wells,6.548429330190023
1,twain,444,austen,6.394569635391235
1,twain,444,fitzgerald,6.584023952484131
1,twain,444,twain,6.68437796831131
1,twain,445,train,5.379818320274353
1,twain,445,baum,6.326017737388611
1,twain,445,thompson,6.946668028831482
1,twain,445,dickens,6.462782700856526
1,twain,445,melville,7.193362447950575
1,twain,445,wells,6.5496932665507
1,twain,445,austen,6.395279248555501
1,twain,445,fitzgerald,6.58212423324585
1,twain,445,twain,6.681703567504883
1,twain,446,train,5.277329564094544
1,twain,446,baum,6.328433871269226
1,twain,446,thompson,6.955968499183655
1,twain,446,dickens,6.469451745351155
1,twain,446,melville,7.201106760236952
1,twain,446,wells,6.551059325536092
1,twain,446,austen,6.397647142410278
1,twain,446,fitzgerald,6.587850706917899
1,twain,446,twain,6.685671359300613
1,twain,447,train,5.407806396484375
1,twain,447,baum,6.328147530555725
1,twain,447,thompson,6.948855996131897
1,twain,447,dickens,6.463914712270101
1,twain,447,melville,7.188085503048367
1,twain,447,wells,6.549443960189819
1,twain,447,austen,6.397788286209106
1,twain,447,fitzgerald,6.581531047821045
1,twain,447,twain,6.677859544754028
1,twain,448,train,5.338017463684082
1,twain,448,baum,6.324944734573364
1,twain,448,thompson,6.946730852127075
1,twain,448,dickens,6.460402329762776
1,twain,448,melville,7.187031110127767
1,twain,448,wells,6.547082742055257
1,twain,448,austen,6.397671302159627
1,twain,448,fitzgerald,6.580239023481097
1,twain,448,twain,6.674914658069611
1,twain,449,train,5.335353851318359
1,twain,449,baum,6.324836373329163
1,twain,449,thompson,6.950449466705322
1,twain,449,dickens,6.4621016184488935
1,twain,449,melville,7.191519207424587
1,twain,449,wells,6.550064881642659
1,twain,449,austen,6.396697918574016
1,twain,449,fitzgerald,6.580948625292097
1,twain,449,twain,6.679787397384644
1,twain,450,train,5.373534679412842
1,twain,450,baum,6.325409293174744
1,twain,450,thompson,6.949942588806152
1,twain,450,dickens,6.459086577097575
1,twain,450,melville,7.196034855312771
1,twain,450,wells,6.545720259348552
1,twain,450,austen,6.392466147740682
1,twain,450,fitzgerald,6.580875873565674
1,twain,450,twain,6.680954784154892
1,twain,451,train,5.288940668106079
1,twain,451,baum,6.32384467124939
1,twain,451,thompson,6.947696208953857
1,twain,451,dickens,6.460748195648193
1,twain,451,melville,7.193170706431071
1,twain,451,wells,6.546284914016724
1,twain,451,austen,6.393437226613362
1,twain,451,fitzgerald,6.578611305781773
1,twain,451,twain,6.677244305610657
1,twain,452,train,5.348451256752014
1,twain,452,baum,6.31944477558136
1,twain,452,thompson,6.94816267490387
1,twain,452,dickens,6.460494677225749
1,twain,452,melville,7.195376714070638
1,twain,452,wells,6.5444159507751465
1,twain,452,austen,6.388514121373494
1,twain,452,fitzgerald,6.576983383723667
1,twain,452,twain,6.6760804653167725
1,twain,453,train,5.297008991241455
1,twain,453,baum,6.3223512172698975
1,twain,453,thompson,6.948918342590332
1,twain,453,dickens,6.45777686436971
1,twain,453,melville,7.198938528696696
1,twain,453,wells,6.550172011057536
1,twain,453,austen,6.395551363627116
1,twain,453,fitzgerald,6.581542764391218
1,twain,453,twain,6.6782466769218445
1,twain,454,train,5.281696557998657
1,twain,454,baum,6.324703574180603
1,twain,454,thompson,6.9487210512161255
1,twain,454,dickens,6.458933035532634
1,twain,454,melville,7.190601295895046
1,twain,454,wells,6.550153652826945
1,twain,454,austen,6.392704725265503
1,twain,454,fitzgerald,6.579826491219657
1,twain,454,twain,6.674967914819717
1,twain,455,train,5.287371397018433
1,twain,455,baum,6.330754399299622
1,twain,455,thompson,6.950643301010132
1,twain,455,dickens,6.4624505043029785
1,twain,455,melville,7.200314892662896
1,twain,455,wells,6.554272413253784
1,twain,455,austen,6.400434970855713
1,twain,455,fitzgerald,6.584114619663784
1,twain,455,twain,6.680129796266556
1,twain,456,train,5.3146278858184814
1,twain,456,baum,6.319620132446289
1,twain,456,thompson,6.944640040397644
1,twain,456,dickens,6.454551378885905
1,twain,456,melville,7.191384421454536
1,twain,456,wells,6.540184100468953
1,twain,456,austen,6.388094504674275
1,twain,456,fitzgerald,6.57449688230242
1,twain,456,twain,6.675130993127823
1,twain,457,train,5.3224135637283325
1,twain,457,baum,6.322396159172058
1,twain,457,thompson,6.951741337776184
1,twain,457,dickens,6.460713068644206
1,twain,457,melville,7.202753278944227
1,twain,457,wells,6.548655986785889
1,twain,457,austen,6.393047730127971
1,twain,457,fitzgerald,6.581096649169922
1,twain,457,twain,6.680069327354431
1,twain,458,train,5.382242560386658
1,twain,458,baum,6.32503068447113
1,twain,458,thompson,6.951682806015015
1,twain,458,dickens,6.46285883585612
1,twain,458,melville,7.195720778571235
1,twain,458,wells,6.550999482472737
1,twain,458,austen,6.395785411198934
1,twain,458,fitzgerald,6.580180168151856
1,twain,458,twain,6.676448494195938
1,twain,459,train,5.301378846168518
1,twain,459,baum,6.323529362678528
1,twain,459,thompson,6.945865154266357
1,twain,459,dickens,6.461805025736491
1,twain,459,melville,7.191366195678711
1,twain,459,wells,6.551610151926677
1,twain,459,austen,6.39458441734314
1,twain,459,fitzgerald,6.579136235373361
1,twain,459,twain,6.672506242990494
1,twain,460,train,5.31644082069397
1,twain,460,baum,6.309071898460388
1,twain,460,thompson,6.947410345077515
1,twain,460,dickens,6.445160071055095
1,twain,460,melville,7.199661996629503
1,twain,460,wells,6.536535104115804
1,twain,460,austen,6.380912224451701
1,twain,460,fitzgerald,6.569524083818708
1,twain,460,twain,6.675986617803574
1,twain,461,train,5.346280336380005
1,twain,461,baum,6.317931890487671
1,twain,461,thompson,6.951841473579407
1,twain,461,dickens,6.4598744710286455
1,twain,461,melville,7.199884626600477
1,twain,461,wells,6.546563466389974
1,twain,461,austen,6.38881516456604
1,twain,461,fitzgerald,6.576224872044155
1,twain,461,twain,6.675605893135071
1,twain,462,train,5.294014811515808
1,twain,462,baum,6.330228447914124
1,twain,462,thompson,6.956664443016052
1,twain,462,dickens,6.470737457275391
1,twain,462,melville,7.203972392612034
1,twain,462,wells,6.556536038716634
1,twain,462,austen,6.40112582842509
1,twain,462,fitzgerald,6.585836546761649
1,twain,462,twain,6.679627001285553
1,twain,463,train,5.300118207931519
1,twain,463,baum,6.317608952522278
1,twain,463,thompson,6.95135235786438
1,twain,463,dickens,6.458540439605713
1,twain,463,melville,7.203845394982232
1,twain,463,wells,6.546111583709717
1,twain,463,austen,6.3904439608256025
1,twain,463,fitzgerald,6.57650579724993
1,twain,463,twain,6.677507966756821
1,twain,464,train,5.307946681976318
1,twain,464,baum,6.321446418762207
1,twain,464,thompson,6.948525428771973
1,twain,464,dickens,6.461019198099772
1,twain,464,melville,7.200294229719374
1,twain,464,wells,6.548102776209514
1,twain,464,austen,6.392795165379842
1,twain,464,fitzgerald,6.577495166233608
1,twain,464,twain,6.675405949354172
1,twain,465,train,5.300945162773132
1,twain,465,baum,6.316181898117065
1,twain,465,thompson,6.945547938346863
1,twain,465,dickens,6.454671223958333
1,twain,465,melville,7.193965540991889
1,twain,465,wells,6.542245467503865
1,twain,465,austen,6.386802911758423
1,twain,465,fitzgerald,6.573209353855678
1,twain,465,twain,6.670208305120468
1,twain,466,train,5.290362596511841
1,twain,466,baum,6.314404487609863
1,twain,466,thompson,6.940931797027588
1,twain,466,dickens,6.459712187449138
1,twain,466,melville,7.189101854960124
1,twain,466,wells,6.542897939682007
1,twain,466,austen,6.385530948638916
1,twain,466,fitzgerald,6.570398875645229
1,twain,466,twain,6.665122836828232
1,twain,467,train,5.25083863735199
1,twain,467,baum,6.319784641265869
1,twain,467,thompson,6.940947890281677
1,twain,467,dickens,6.456692854563396
1,twain,467,melville,7.188852787017822
1,twain,467,wells,6.544031222661336
1,twain,467,austen,6.387953599294026
1,twain,467,fitzgerald,6.572148254939488
1,twain,467,twain,6.664431929588318
1,twain,468,train,5.257253766059876
1,twain,468,baum,6.313379049301148
1,twain,468,thompson,6.950241684913635
1,twain,468,dickens,6.450621604919434
1,twain,468,melville,7.199110190073649
1,twain,468,wells,6.539339383443196
1,twain,468,austen,6.380637407302856
1,twain,468,fitzgerald,6.571600437164307
1,twain,468,twain,6.670844733715057
1,twain,469,train,5.253724575042725
1,twain,469,baum,6.326231956481934
1,twain,469,thompson,6.953695297241211
1,twain,469,dickens,6.467027505238851
1,twain,469,melville,7.20503584543864
1,twain,469,wells,6.553683042526245
1,twain,469,austen,6.39676030476888
1,twain,469,fitzgerald,6.581839152744839
1,twain,469,twain,6.669729679822922
1,twain,470,train,5.276186227798462
1,twain,470,baum,6.3114306926727295
1,twain,470,thompson,6.940391302108765
1,twain,470,dickens,6.450641632080078
1,twain,470,melville,7.193597422705756
1,twain,470,wells,6.538842121760051
1,twain,470,austen,6.382878541946411
1,twain,470,fitzgerald,6.568651267460415
1,twain,470,twain,6.663731932640076
1,twain,471,train,5.312333822250366
1,twain,471,baum,6.315897703170776
1,twain,471,thompson,6.937479019165039
1,twain,471,dickens,6.452077865600586
1,twain,471,melville,7.182331932915582
1,twain,471,wells,6.536510944366455
1,twain,471,austen,6.38058066368103
1,twain,471,fitzgerald,6.5668101991925925
1,twain,471,twain,6.654867678880692
1,twain,472,train,5.269921541213989
1,twain,472,baum,6.31709623336792
1,twain,472,thompson,6.947487950325012
1,twain,472,dickens,6.462061246236165
1,twain,472,melville,7.201037406921387
1,twain,472,wells,6.545892635981242
1,twain,472,austen,6.390870412190755
1,twain,472,fitzgerald,6.573456355503628
1,twain,472,twain,6.66658627986908
1,twain,473,train,5.231761693954468
1,twain,473,baum,6.314469695091248
1,twain,473,thompson,6.940582990646362
1,twain,473,dickens,6.45153824488322
1,twain,473,melville,7.187485429975721
1,twain,473,wells,6.537940740585327
1,twain,473,austen,6.378455877304077
1,twain,473,fitzgerald,6.566685812813895
1,twain,473,twain,6.658251881599426
1,twain,474,train,5.309502124786377
1,twain,474,baum,6.319433689117432
1,twain,474,thompson,6.944160103797913
1,twain,474,dickens,6.454806009928386
1,twain,474,melville,7.191070344712999
1,twain,474,wells,6.543474197387695
1,twain,474,austen,6.386782725652059
1,twain,474,fitzgerald,6.572004795074463
1,twain,474,twain,6.658644586801529
1,twain,475,train,5.226056098937988
1,twain,475,baum,6.31519627571106
1,twain,475,thompson,6.937602758407593
1,twain,475,dickens,6.456857522328694
1,twain,475,melville,7.191177580091688
1,twain,475,wells,6.540498812993367
1,twain,475,austen,6.384528160095215
1,twain,475,fitzgerald,6.568394865308489
1,twain,475,twain,6.659196704626083
1,twain,476,train,5.264793395996094
1,twain,476,baum,6.31473183631897
1,twain,476,thompson,6.935853362083435
1,twain,476,dickens,6.449650923411052
1,twain,476,melville,7.181420962015788
1,twain,476,wells,6.541182120641072
1,twain,476,austen,6.381282965342204
1,twain,476,fitzgerald,6.56748764855521
1,twain,476,twain,6.649761140346527
1,twain,477,train,5.252889513969421
1,twain,477,baum,6.305469632148743
1,twain,477,thompson,6.939327239990234
1,twain,477,dickens,6.444127241770427
1,twain,477,melville,7.185735172695583
1,twain,477,wells,6.53357720375061
1,twain,477,austen,6.372865279515584
1,twain,477,fitzgerald,6.561684812818255
1,twain,477,twain,6.651275843381882
1,twain,478,train,5.309758901596069
1,twain,478,baum,6.313890099525452
1,twain,478,thompson,6.946795701980591
1,twain,478,dickens,6.456498622894287
1,twain,478,melville,7.192541970147027
1,twain,478,wells,6.544104973475139
1,twain,478,austen,6.380848169326782
1,twain,478,fitzgerald,6.570213454110282
1,twain,478,twain,6.65683114528656
1,twain,479,train,5.263652682304382
1,twain,479,baum,6.314689993858337
1,twain,479,thompson,6.94080114364624
1,twain,479,dickens,6.451768239339192
1,twain,479,melville,7.189165115356445
1,twain,479,wells,6.538456439971924
1,twain,479,austen,6.384093761444092
1,twain,479,fitzgerald,6.56628908429827
1,twain,479,twain,6.656942278146744
1,twain,480,train,5.22922945022583
1,twain,480,baum,6.307662487030029
1,twain,480,thompson,6.944482922554016
1,twain,480,dickens,6.4517448743184405
1,twain,480,melville,7.196716997358534
1,twain,480,wells,6.538835684458415
1,twain,480,austen,6.3784286181132
1,twain,480,fitzgerald,6.565304143088205
1,twain,480,twain,6.658059626817703
1,twain,481,train,5.261528849601746
1,twain,481,baum,6.31893265247345
1,twain,481,thompson,6.947465896606445
1,twain,481,dickens,6.459358056386312
1,twain,481,melville,7.1994237369961205
1,twain,481,wells,6.548120498657227
1,twain,481,austen,6.387137492497762
1,twain,481,fitzgerald,6.575262410300119
1,twain,481,twain,6.656322747468948
1,twain,482,train,5.2503193616867065
1,twain,482,baum,6.30840265750885
1,twain,482,thompson,6.940565466880798
1,twain,482,dickens,6.452836354573567
1,twain,482,melville,7.193257119920519
1,twain,482,wells,6.536496480305989
1,twain,482,austen,6.377806584040324
1,twain,482,fitzgerald,6.564352648598807
1,twain,482,twain,6.655377060174942
1,twain,483,train,5.218589782714844
1,twain,483,baum,6.317720293998718
1,twain,483,thompson,6.942330956459045
1,twain,483,dickens,6.461564064025879
1,twain,483,melville,7.197844081454807
1,twain,483,wells,6.547572135925293
1,twain,483,austen,6.385331392288208
1,twain,483,fitzgerald,6.571678842817034
1,twain,483,twain,6.65423983335495
1,twain,484,train,5.178961873054504
1,twain,484,baum,6.311081290245056
1,twain,484,thompson,6.945568680763245
1,twain,484,dickens,6.449952443440755
1,twain,484,melville,7.201521714528401
1,twain,484,wells,6.538207292556763
1,twain,484,austen,6.374639828999837
1,twain,484,fitzgerald,6.569356577736991
1,twain,484,twain,6.658164232969284
1,twain,485,train,5.275554060935974
1,twain,485,baum,6.310866355895996
1,twain,485,thompson,6.940062880516052
1,twain,485,dickens,6.455925623575847
1,twain,485,melville,7.198349740770128
1,twain,485,wells,6.540587345759074
1,twain,485,austen,6.378496885299683
1,twain,485,fitzgerald,6.5666608810424805
1,twain,485,twain,6.656097292900085
1,twain,486,train,5.2124738693237305
1,twain,486,baum,6.3091148138046265
1,twain,486,thompson,6.9386996030807495
1,twain,486,dickens,6.4534915288289385
1,twain,486,melville,7.194364017910427
1,twain,486,wells,6.537859121958415
1,twain,486,austen,6.374927441279094
1,twain,486,fitzgerald,6.563784054347447
1,twain,486,twain,6.65324005484581
1,twain,487,train,5.250366568565369
1,twain,487,baum,6.309351205825806
1,twain,487,thompson,6.94507622718811
1,twain,487,dickens,6.452726205190023
1,twain,487,melville,7.2022618717617455
1,twain,487,wells,6.536618073781331
1,twain,487,austen,6.375270128250122
1,twain,487,fitzgerald,6.5656841823032925
1,twain,487,twain,6.656891256570816
1,twain,488,train,5.237013936042786
1,twain,488,baum,6.304039120674133
1,twain,488,thompson,6.940553545951843
1,twain,488,dickens,6.449992020924886
1,twain,488,melville,7.197197914123535
1,twain,488,wells,6.534093459447225
1,twain,488,austen,6.370117823282878
1,twain,488,fitzgerald,6.560443810054234
1,twain,488,twain,6.653075337409973
1,twain,489,train,5.196505188941956
1,twain,489,baum,6.310784101486206
1,twain,489,thompson,6.939791917800903
1,twain,489,dickens,6.451741854349772
1,twain,489,melville,7.192919519212511
1,twain,489,wells,6.53896180788676
1,twain,489,austen,6.375231583913167
1,twain,489,fitzgerald,6.564723900386265
1,twain,489,twain,6.653833746910095
1,twain,490,train,5.250586032867432
1,twain,490,baum,6.310896277427673
1,twain,490,thompson,6.946691632270813
1,twain,490,dickens,6.454360008239746
1,twain,490,melville,7.202477031283909
1,twain,490,wells,6.542840719223023
1,twain,490,austen,6.376394828160604
1,twain,490,fitzgerald,6.568607466561454
1,twain,490,twain,6.656481146812439
1,twain,491,train,5.2279274463653564
1,twain,491,baum,6.30653989315033
1,twain,491,thompson,6.93939733505249
1,twain,491,dickens,6.44421911239624
1,twain,491,melville,7.190031899346246
1,twain,491,wells,6.534798622131348
1,twain,491,austen,6.369163115819295
1,twain,491,fitzgerald,6.561013289860317
1,twain,491,twain,6.649828255176544
1,twain,492,train,5.17254376411438
1,twain,492,baum,6.303623080253601
1,twain,492,thompson,6.938763737678528
1,twain,492,dickens,6.44428284962972
1,twain,492,melville,7.190661801232232
1,twain,492,wells,6.535378456115723
1,twain,492,austen,6.367780367533366
1,twain,492,fitzgerald,6.558912072862897
1,twain,492,twain,6.6491199135780334
1,twain,493,train,5.182758927345276
1,twain,493,baum,6.3056968450546265
1,twain,493,thompson,6.939189553260803
1,twain,493,dickens,6.447447141011556
1,twain,493,melville,7.19461562898424
1,twain,493,wells,6.539814313252767
1,twain,493,austen,6.37051796913147
1,twain,493,fitzgerald,6.56288834980556
1,twain,493,twain,6.653348118066788
1,twain,494,train,5.183207392692566
1,twain,494,baum,6.304006576538086
1,twain,494,thompson,6.941490054130554
1,twain,494,dickens,6.44895617167155
1,twain,494,melville,7.20523288514879
1,twain,494,wells,6.538280963897705
1,twain,494,austen,6.374178727467855
1,twain,494,fitzgerald,6.563203266688755
1,twain,494,twain,6.65541598200798
1,twain,495,train,5.179458379745483
1,twain,495,baum,6.305173397064209
1,twain,495,thompson,6.942950963973999
1,twain,495,dickens,6.452666282653809
1,twain,495,melville,7.202677567799886
1,twain,495,wells,6.540338436762492
1,twain,495,austen,6.370552142461141
1,twain,495,fitzgerald,6.56507362638201
1,twain,495,twain,6.653883218765259
1,twain,496,train,5.235594272613525
1,twain,496,baum,6.305811643600464
1,twain,496,thompson,6.936410069465637
1,twain,496,dickens,6.449530442555745
1,twain,496,melville,7.195434305402968
1,twain,496,wells,6.539096593856812
1,twain,496,austen,6.37270712852478
1,twain,496,fitzgerald,6.560943331037249
1,twain,496,twain,6.647134721279144
1,twain,497,train,5.184521794319153
1,twain,497,baum,6.306461334228516
1,twain,497,thompson,6.937660217285156
1,twain,497,dickens,6.450001398722331
1,twain,497,melville,7.191993607415093
1,twain,497,wells,6.536240021387736
1,twain,497,austen,6.373107989629109
1,twain,497,fitzgerald,6.559794425964356
1,twain,497,twain,6.647356688976288
1,twain,498,train,5.1898193359375
1,twain,498,baum,6.302104592323303
1,twain,498,thompson,6.941693544387817
1,twain,498,dickens,6.44757064183553
1,twain,498,melville,7.1959620581732855
1,twain,498,wells,6.537245750427246
1,twain,498,austen,6.371957063674927
1,twain,498,fitzgerald,6.561283247811454
1,twain,498,twain,6.646004319190979
1,twain,499,train,5.2187464237213135
1,twain,499,baum,6.301266551017761
1,twain,499,thompson,6.944060564041138
1,twain,499,dickens,6.445849895477295
1,twain,499,melville,7.198717859056261
1,twain,499,wells,6.535751740137736
1,twain,499,austen,6.371027787526448
1,twain,499,fitzgerald,6.5602200371878485
1,twain,499,twain,6.64802759885788
1,twain,500,train,5.2025920152664185
1,twain,500,baum,6.310834884643555
1,twain,500,thompson,6.945476293563843
1,twain,500,dickens,6.451189676920573
1,twain,500,melville,7.197807576921251
1,twain,500,wells,6.545215765635173
1,twain,500,austen,6.378451983133952
1,twain,500,fitzgerald,6.565600872039795
1,twain,500,twain,6.6470575630664825
1,twain,501,train,5.183396577835083
1,twain,501,baum,6.306109547615051
1,twain,501,thompson,6.94429612159729
1,twain,501,dickens,6.449881394704183
1,twain,501,melville,7.201676156785753
1,twain,501,wells,6.5414206981658936
1,twain,501,austen,6.375462452570598
1,twain,501,fitzgerald,6.561505726405552
1,twain,501,twain,6.649687618017197
1,twain,502,train,5.166537046432495
1,twain,502,baum,6.301566004753113
1,twain,502,thompson,6.947492599487305
1,twain,502,dickens,6.445329348246257
1,twain,502,melville,7.204500834147136
1,twain,502,wells,6.53528889020284
1,twain,502,austen,6.368434429168701
1,twain,502,fitzgerald,6.56107759475708
1,twain,502,twain,6.651981562376022
1,twain,503,train,5.216151595115662
1,twain,503,baum,6.308701276779175
1,twain,503,thompson,6.949744939804077
1,twain,503,dickens,6.457200209299724
1,twain,503,melville,7.207043647766113
1,twain,503,wells,6.544375816980998
1,twain,503,austen,6.377574443817139
1,twain,503,fitzgerald,6.566648074558803
1,twain,503,twain,6.650132358074188
1,twain,504,train,5.221178412437439
1,twain,504,baum,6.307978630065918
1,twain,504,thompson,6.943637013435364
1,twain,504,dickens,6.4530612627665205
1,twain,504,melville,7.201495965321858
1,twain,504,wells,6.54159688949585
1,twain,504,austen,6.377323547999064
1,twain,504,fitzgerald,6.563712801252093
1,twain,504,twain,6.648200303316116
1,twain,505,train,5.170135498046875
1,twain,505,baum,6.299540519714356
1,twain,505,thompson,6.93772280216217
1,twain,505,dickens,6.444845517476399
1,twain,505,melville,7.192980342441135
1,twain,505,wells,6.529532353083293
1,twain,505,austen,6.365722258885701
1,twain,505,fitzgerald,6.554629325866699
1,twain,505,twain,6.640628427267075
1,twain,506,train,5.122419953346252
1,twain,506,baum,6.302188277244568
1,twain,506,thompson,6.9417808055877686
1,twain,506,dickens,6.449921607971191
1,twain,506,melville,7.198993682861328
1,twain,506,wells,6.5371679464976
1,twain,506,austen,6.372493743896484
1,twain,506,fitzgerald,6.559055532727923
1,twain,506,twain,6.645723104476929
1,twain,507,train,5.214712023735046
1,twain,507,baum,6.31477689743042
1,twain,507,thompson,6.948776006698608
1,twain,507,dickens,6.463009675343831
1,twain,507,melville,7.203313668568929
1,twain,507,wells,6.547625144322713
1,twain,507,austen,6.379943609237671
1,twain,507,fitzgerald,6.569787842886789
1,twain,507,twain,6.645065456628799
1,twain,508,train,5.187962293624878
1,twain,508,baum,6.2994924783706665
1,twain,508,thompson,6.940191149711609
1,twain,508,dickens,6.444600423177083
1,twain,508,melville,7.19711881213718
1,twain,508,wells,6.53564977645874
1,twain,508,austen,6.365368048350017
1,twain,508,fitzgerald,6.5580741337367465
1,twain,508,twain,6.639930546283722
1,twain,509,train,5.089328646659851
1,twain,509,baum,6.301080226898193
1,twain,509,thompson,6.936686992645264
1,twain,509,dickens,6.444536050160726
1,twain,509,melville,7.2033674981859
1,twain,509,wells,6.531459967295329
1,twain,509,austen,6.364947319030762
1,twain,509,fitzgerald,6.557174410138812
1,twain,509,twain,6.643593013286591
1,twain,510,train,5.103772163391113
1,twain,510,baum,6.303574204444885
1,twain,510,thompson,6.94026792049408
1,twain,510,dickens,6.448099931081136
1,twain,510,melville,7.203273031446669
1,twain,510,wells,6.537161588668823
1,twain,510,austen,6.371526956558228
1,twain,510,fitzgerald,6.558801719120571
1,twain,510,twain,6.645274728536606
1,twain,511,train,5.1489574909210205
1,twain,511,baum,6.307767510414124
1,twain,511,thompson,6.943513989448547
1,twain,511,dickens,6.453218142191569
1,twain,511,melville,7.202679687076145
1,twain,511,wells,6.54518707593282
1,twain,511,austen,6.37248953183492
1,twain,511,fitzgerald,6.565465722765241
1,twain,511,twain,6.642342209815979
1,twain,512,train,5.183824896812439
1,twain,512,baum,6.308437943458557
1,twain,512,thompson,6.9392991065979
1,twain,512,dickens,6.457673072814941
1,twain,512,melville,7.1975381639268665
1,twain,512,wells,6.545029004414876
1,twain,512,austen,6.376972993214925
1,twain,512,fitzgerald,6.562439441680908
1,twain,512,twain,6.641078412532806
1,twain,513,train,5.183943748474121
1,twain,513,baum,6.296125173568726
1,twain,513,thompson,6.933445453643799
1,twain,513,dickens,6.440923690795898
1,twain,513,melville,7.191996680365668
1,twain,513,wells,6.530842701594035
1,twain,513,austen,6.36351219813029
1,twain,513,fitzgerald,6.551192283630371
1,twain,513,twain,6.635534167289734
1,twain,514,train,5.1793235540390015
1,twain,514,baum,6.297593712806702
1,twain,514,thompson,6.937007904052734
1,twain,514,dickens,6.444228490193685
1,twain,514,melville,7.1974376572502985
1,twain,514,wells,6.535263538360596
1,twain,514,austen,6.364188512166341
1,twain,514,fitzgerald,6.55520977292742
1,twain,514,twain,6.638869941234589
1,twain,515,train,5.111222982406616
1,twain,515,baum,6.305248022079468
1,twain,515,thompson,6.940210461616516
1,twain,515,dickens,6.452668190002441
1,twain,515,melville,7.2012876934475365
1,twain,515,wells,6.538259903589885
1,twain,515,austen,6.368654886881511
1,twain,515,fitzgerald,6.560742650713239
1,twain,515,twain,6.642077773809433
1,twain,516,train,5.1300694942474365
1,twain,516,baum,6.294270992279053
1,twain,516,thompson,6.9390212297439575
1,twain,516,dickens,6.443261941274007
1,twain,516,melville,7.203607294294569
1,twain,516,wells,6.529501994450887
1,twain,516,austen,6.360039869944255
1,twain,516,fitzgerald,6.5528959546770364
1,twain,516,twain,6.640062153339386
1,twain,517,train,5.110635280609131
1,twain,517,baum,6.297193169593811
1,twain,517,thompson,6.940282225608826
1,twain,517,dickens,6.442458470662435
1,twain,517,melville,7.20689508650038
1,twain,517,wells,6.530290047327678
1,twain,517,austen,6.360842863718669
1,twain,517,fitzgerald,6.555156707763672
1,twain,517,twain,6.642786115407944
1,twain,518,train,5.111153841018677
1,twain,518,baum,6.304203629493713
1,twain,518,thompson,6.940827012062073
1,twain,518,dickens,6.450121720631917
1,twain,518,melville,7.202027956644694
1,twain,518,wells,6.54071315129598
1,twain,518,austen,6.36875057220459
1,twain,518,fitzgerald,6.558182443891253
1,twain,518,twain,6.639670819044113
1,twain,519,train,5.092589020729065
1,twain,519,baum,6.297120094299316
1,twain,519,thompson,6.939358592033386
1,twain,519,dickens,6.441222349802653
1,twain,519,melville,7.200256029764812
1,twain,519,wells,6.5292862256368
1,twain,519,austen,6.361965735753377
1,twain,519,fitzgerald,6.553867748805454
1,twain,519,twain,6.6379202008247375
1,twain,520,train,5.107468962669373
1,twain,520,baum,6.3040032386779785
1,twain,520,thompson,6.942909121513367
1,twain,520,dickens,6.450700759887695
1,twain,520,melville,7.204031520419651
1,twain,520,wells,6.541236241658528
1,twain,520,austen,6.369858185450236
1,twain,520,fitzgerald,6.559121200016567
1,twain,520,twain,6.638442665338516
1,twain,521,train,5.108925938606262
1,twain,521,baum,6.305367469787598
1,twain,521,thompson,6.942505478858948
1,twain,521,dickens,6.456716060638428
1,twain,521,melville,7.199211650424534
1,twain,521,wells,6.544388612111409
1,twain,521,austen,6.371980905532837
1,twain,521,fitzgerald,6.560868876320975
1,twain,521,twain,6.6372489631176
1,twain,522,train,5.14484977722168
1,twain,522,baum,6.299599051475525
1,twain,522,thompson,6.938698649406433
1,twain,522,dickens,6.44692850112915
1,twain,522,melville,7.20413785510593
1,twain,522,wells,6.532900094985962
1,twain,522,austen,6.365414222081502
1,twain,522,fitzgerald,6.555176258087158
1,twain,522,twain,6.639189034700394
1,twain,523,train,5.0933921337127686
1,twain,523,baum,6.292851209640503
1,twain,523,thompson,6.943250894546509
1,twain,523,dickens,6.442103068033855
1,twain,523,melville,7.213142924838596
1,twain,523,wells,6.529724597930908
1,twain,523,austen,6.361385663350423
1,twain,523,fitzgerald,6.554015636444092
1,twain,523,twain,6.646338552236557
1,twain,524,train,5.16690719127655
1,twain,524,baum,6.300124287605286
1,twain,524,thompson,6.943292021751404
1,twain,524,dickens,6.445118586222331
1,twain,524,melville,7.207261244455974
1,twain,524,wells,6.536314328511556
1,twain,524,austen,6.368759314219157
1,twain,524,fitzgerald,6.556477001735142
1,twain,524,twain,6.638469308614731
1,twain,525,train,5.070484757423401
1,twain,525,baum,6.302960276603699
1,twain,525,thompson,6.944972515106201
1,twain,525,dickens,6.45646333694458
1,twain,525,melville,7.208952691819933
1,twain,525,wells,6.545598109563191
1,twain,525,austen,6.371239582697551
1,twain,525,fitzgerald,6.562256608690534
1,twain,525,twain,6.642455756664276
1,twain,526,train,5.128237247467041
1,twain,526,baum,6.294787168502808
1,twain,526,thompson,6.9372851848602295
1,twain,526,dickens,6.443798224131267
1,twain,526,melville,7.202023559146458
1,twain,526,wells,6.526387453079224
1,twain,526,austen,6.359111309051514
1,twain,526,fitzgerald,6.550531932285854
1,twain,526,twain,6.632551431655884
1,twain,527,train,5.109824299812317
1,twain,527,baum,6.299555420875549
1,twain,527,thompson,6.9482715129852295
1,twain,527,dickens,6.453556855519612
1,twain,527,melville,7.215567853715685
1,twain,527,wells,6.54335880279541
1,twain,527,austen,6.36788288752238
1,twain,527,fitzgerald,6.559563159942627
1,twain,527,twain,6.646077632904053
1,twain,528,train,5.154077768325806
1,twain,528,baum,6.307139754295349
1,twain,528,thompson,6.945912480354309
1,twain,528,dickens,6.456122398376465
1,twain,528,melville,7.20765315161811
1,twain,528,wells,6.5413899421691895
1,twain,528,austen,6.369362990061442
1,twain,528,fitzgerald,6.561328887939453
1,twain,528,twain,6.635833710432053
1,twain,529,train,5.094064474105835
1,twain,529,baum,6.290432095527649
1,twain,529,thompson,6.937339544296265
1,twain,529,dickens,6.439877351125081
1,twain,529,melville,7.203245957692464
1,twain,529,wells,6.52904200553894
1,twain,529,austen,6.357603232065837
1,twain,529,fitzgerald,6.54924065726144
1,twain,529,twain,6.634804308414459
1,twain,530,train,5.173066020011902
1,twain,530,baum,6.299971580505371
1,twain,530,thompson,6.950436353683472
1,twain,530,dickens,6.457267125447591
1,twain,530,melville,7.217421743604872
1,twain,530,wells,6.544212897618611
1,twain,530,austen,6.36873475710551
1,twain,530,fitzgerald,6.561277185167585
1,twain,530,twain,6.641041249036789
1,twain,531,train,5.108483076095581
1,twain,531,baum,6.300286531448364
1,twain,531,thompson,6.947976350784302
1,twain,531,dickens,6.458733081817627
1,twain,531,melville,7.218208260006374
1,twain,531,wells,6.54298734664917
1,twain,531,austen,6.370153586069743
1,twain,531,fitzgerald,6.562089443206787
1,twain,531,twain,6.641690641641617
1,twain,532,train,5.122613191604614
1,twain,532,baum,6.29302453994751
1,twain,532,thompson,6.937019944190979
1,twain,532,dickens,6.445159117380778
1,twain,532,melville,7.199492931365967
1,twain,532,wells,6.53139050801595
1,twain,532,austen,6.356914679209392
1,twain,532,fitzgerald,6.5500215121677945
1,twain,532,twain,6.630457609891892
1,twain,533,train,5.103733658790588
1,twain,533,baum,6.294813394546509
1,twain,533,thompson,6.938411235809326
1,twain,533,dickens,6.449463208516439
1,twain,533,melville,7.201432704925537
1,twain,533,wells,6.536895275115967
1,twain,533,austen,6.359991629918416
1,twain,533,fitzgerald,6.554131439753941
1,twain,533,twain,6.633126825094223
1,twain,534,train,5.089332580566406
1,twain,534,baum,6.299234509468079
1,twain,534,thompson,6.944058895111084
1,twain,534,dickens,6.45176347096761
1,twain,534,melville,7.208477867974175
1,twain,534,wells,6.536334117253621
1,twain,534,austen,6.362318197886149
1,twain,534,fitzgerald,6.556400503431048
1,twain,534,twain,6.63555833697319
1,twain,535,train,5.1040215492248535
1,twain,535,baum,6.299530744552612
1,twain,535,thompson,6.948940634727478
1,twain,535,dickens,6.454598426818848
1,twain,535,melville,7.211530950334337
1,twain,535,wells,6.542013963063558
1,twain,535,austen,6.367519855499268
1,twain,535,fitzgerald,6.559791633061001
1,twain,535,twain,6.63740086555481
1,twain,536,train,5.103308439254761
1,twain,536,baum,6.296157002449036
1,twain,536,thompson,6.9405659437179565
1,twain,536,dickens,6.443523089090983
1,twain,536,melville,7.205809434254964
1,twain,536,wells,6.533710559209188
1,twain,536,austen,6.3611875375111895
1,twain,536,fitzgerald,6.55528906413487
1,twain,536,twain,6.634233444929123
1,twain,537,train,5.0956995487213135
1,twain,537,baum,6.2959418296813965
1,twain,537,thompson,6.943307995796204
1,twain,537,dickens,6.447892665863037
1,twain,537,melville,7.20737197664049
1,twain,537,wells,6.538282791773479
1,twain,537,austen,6.360093673070272
1,twain,537,fitzgerald,6.55478184563773
1,twain,537,twain,6.631551057100296
1,twain,538,train,5.0717713832855225
1,twain,538,baum,6.302107572555542
1,twain,538,thompson,6.944405913352966
1,twain,538,dickens,6.452128251393636
1,twain,538,melville,7.204242335425483
1,twain,538,wells,6.542196750640869
1,twain,538,austen,6.368486086527507
1,twain,538,fitzgerald,6.560793059212821
1,twain,538,twain,6.62935996055603
1,twain,539,train,5.122814416885376
1,twain,539,baum,6.302584648132324
1,twain,539,thompson,6.943514704704285
1,twain,539,dickens,6.454023679097493
1,twain,539,melville,7.203805764516194
1,twain,539,wells,6.542419910430908
1,twain,539,austen,6.368564605712891
1,twain,539,fitzgerald,6.557095323290143
1,twain,539,twain,6.627798974514008
1,twain,540,train,5.063952207565308
1,twain,540,baum,6.290166974067688
1,twain,540,thompson,6.938328504562378
1,twain,540,dickens,6.4425843556722
1,twain,540,melville,7.205225308736165
1,twain,540,wells,6.52945081392924
1,twain,540,austen,6.356991052627564
1,twain,540,fitzgerald,6.550800732203892
1,twain,540,twain,6.630755305290222
1,twain,541,train,5.0466660261154175
1,twain,541,baum,6.296708703041077
1,twain,541,thompson,6.947404503822327
1,twain,541,dickens,6.448005676269531
1,twain,541,melville,7.211399343278673
1,twain,541,wells,6.538460652033488
1,twain,541,austen,6.36477263768514
1,twain,541,fitzgerald,6.558367320469448
1,twain,541,twain,6.6335921585559845
1,twain,542,train,5.063879728317261
1,twain,542,baum,6.30380654335022
1,twain,542,thompson,6.946085691452026
1,twain,542,dickens,6.454356988271077
1,twain,542,melville,7.210024038950602
1,twain,542,wells,6.54727840423584
1,twain,542,austen,6.369601249694824
1,twain,542,fitzgerald,6.56228460584368
1,twain,542,twain,6.631022423505783
1,twain,543,train,5.157235145568848
1,twain,543,baum,6.294928073883057
1,twain,543,thompson,6.944922924041748
1,twain,543,dickens,6.450933933258057
1,twain,543,melville,7.210217316945394
1,twain,543,wells,6.536949555079143
1,twain,543,austen,6.364034334818522
1,twain,543,fitzgerald,6.554545402526856
1,twain,543,twain,6.630540549755096
1,twain,544,train,5.102145195007324
1,twain,544,baum,6.295129895210266
1,twain,544,thompson,6.944212555885315
1,twain,544,dickens,6.447971026102702
1,twain,544,melville,7.207773950364855
1,twain,544,wells,6.535831928253174
1,twain,544,austen,6.35842760403951
1,twain,544,fitzgerald,6.554004805428641
1,twain,544,twain,6.629033088684082
1,twain,545,train,5.096623659133911
1,twain,545,baum,6.299776315689087
1,twain,545,thompson,6.947054982185364
1,twain,545,dickens,6.453857898712158
1,twain,545,melville,7.218392107221815
1,twain,545,wells,6.543728510538737
1,twain,545,austen,6.366777102152507
1,twain,545,fitzgerald,6.558997358594622
1,twain,545,twain,6.636154174804688
1,twain,546,train,5.079798936843872
1,twain,546,baum,6.294666051864624
1,twain,546,thompson,6.947842836380005
1,twain,546,dickens,6.452243169148763
1,twain,546,melville,7.217872884538439
1,twain,546,wells,6.537099679311116
1,twain,546,austen,6.362514654795329
1,twain,546,fitzgerald,6.557151113237653
1,twain,546,twain,6.635257124900818
1,twain,547,train,5.06371009349823
1,twain,547,baum,6.300773978233337
1,twain,547,thompson,6.948273181915283
1,twain,547,dickens,6.4528913497924805
1,twain,547,melville,7.2093879911634655
1,twain,547,wells,6.541441917419434
1,twain,547,austen,6.364797751108806
1,twain,547,fitzgerald,6.55949912752424
1,twain,547,twain,6.63259682059288
1,twain,548,train,5.03021776676178
1,twain,548,baum,6.301626682281494
1,twain,548,thompson,6.948152661323547
1,twain,548,dickens,6.46140988667806
1,twain,548,melville,7.222862190670437
1,twain,548,wells,6.546605984369914
1,twain,548,austen,6.369780778884888
1,twain,548,fitzgerald,6.561070578438895
1,twain,548,twain,6.63803967833519
1,twain,549,train,5.05092203617096
1,twain,549,baum,6.293162107467651
1,twain,549,thompson,6.936890125274658
1,twain,549,dickens,6.441404978434245
1,twain,549,melville,7.20615635977851
1,twain,549,wells,6.532064119974772
1,twain,549,austen,6.355132659276326
1,twain,549,fitzgerald,6.551838534218924
1,twain,549,twain,6.62536883354187
1,twain,550,train,5.065023422241211
1,twain,550,baum,6.299678921699524
1,twain,550,thompson,6.946208238601685
1,twain,550,dickens,6.449885845184326
1,twain,550,melville,7.219549179077148
1,twain,550,wells,6.540274461110433
1,twain,550,austen,6.3595437208811445
1,twain,550,fitzgerald,6.560985088348389
1,twain,550,twain,6.633266389369965
1,twain,551,train,5.063552379608154
1,twain,551,baum,6.301734685897827
1,twain,551,thompson,6.94677460193634
1,twain,551,dickens,6.453609307607015
1,twain,551,melville,7.214913368225098
1,twain,551,wells,6.542278051376343
1,twain,551,austen,6.361860593159993
1,twain,551,fitzgerald,6.560397011893136
1,twain,551,twain,6.629926860332489
1,twain,552,train,4.962817668914795
1,twain,552,baum,6.295935869216919
1,twain,552,thompson,6.949118137359619
1,twain,552,dickens,6.45550012588501
1,twain,552,melville,7.219055546654595
1,twain,552,wells,6.540254751841228
1,twain,552,austen,6.357709646224976
1,twain,552,fitzgerald,6.56076717376709
1,twain,552,twain,6.63415002822876
1,twain,553,train,5.010148406028748
1,twain,553,baum,6.29176652431488
1,twain,553,thompson,6.941994309425354
1,twain,553,dickens,6.446483294169108
1,twain,553,melville,7.208344247606066
1,twain,553,wells,6.537623802820842
1,twain,553,austen,6.358244101206462
1,twain,553,fitzgerald,6.552662372589111
1,twain,553,twain,6.627227336168289
1,twain,554,train,5.001738905906677
1,twain,554,baum,6.305528044700623
1,twain,554,thompson,6.947422981262207
1,twain,554,dickens,6.460784435272217
1,twain,554,melville,7.212639702690972
1,twain,554,wells,6.548170566558838
1,twain,554,austen,6.37338654200236
1,twain,554,fitzgerald,6.564144883837018
1,twain,554,twain,6.628094971179962
1,twain,555,train,5.0363359451293945
1,twain,555,baum,6.299957871437073
1,twain,555,thompson,6.946556448936462
1,twain,555,dickens,6.451484203338623
1,twain,555,melville,7.215288427140978
1,twain,555,wells,6.539456288019816
1,twain,555,austen,6.359498977661133
1,twain,555,fitzgerald,6.558588572910854
1,twain,555,twain,6.628846019506455
1,twain,556,train,5.072612881660461
1,twain,556,baum,6.297948002815247
1,twain,556,thompson,6.948873639106751
1,twain,556,dickens,6.458666801452637
1,twain,556,melville,7.227020369635688
1,twain,556,wells,6.551072915395101
1,twain,556,austen,6.368898630142212
1,twain,556,fitzgerald,6.563670567103794
1,twain,556,twain,6.638181895017624
1,twain,557,train,5.084135413169861
1,twain,557,baum,6.295015931129456
1,twain,557,thompson,6.947799563407898
1,twain,557,dickens,6.448069254557292
1,twain,557,melville,7.217648612128364
1,twain,557,wells,6.53741192817688
1,twain,557,austen,6.358025868733724
1,twain,557,fitzgerald,6.556435925619943
1,twain,557,twain,6.630480200052261
1,twain,558,train,5.069900274276733
1,twain,558,baum,6.295286536216736
1,twain,558,thompson,6.9515029191970825
1,twain,558,dickens,6.447580655415853
1,twain,558,melville,7.222476906246609
1,twain,558,wells,6.543790419896443
1,twain,558,austen,6.362323760986328
1,twain,558,fitzgerald,6.559354100908552
1,twain,558,twain,6.632699608802795
1,twain,559,train,5.001961946487427
1,twain,559,baum,6.302491307258606
1,twain,559,thompson,6.9457433223724365
1,twain,559,dickens,6.453755696614583
1,twain,559,melville,7.209334638383654
1,twain,559,wells,6.543048699696858
1,twain,559,austen,6.363519112269084
1,twain,559,fitzgerald,6.558076177324567
1,twain,559,twain,6.623823612928391
1,twain,560,train,5.027324318885803
1,twain,560,baum,6.293057084083557
1,twain,560,thompson,6.950282454490662
1,twain,560,dickens,6.4498359362284345
1,twain,560,melville,7.219080766042073
1,twain,560,wells,6.5404369831085205
1,twain,560,austen,6.357813040415446
1,twain,560,fitzgerald,6.55914306640625
1,twain,560,twain,6.634798526763916
1,twain,561,train,5.002594232559204
1,twain,561,baum,6.296265959739685
1,twain,561,thompson,6.952682495117188
1,twain,561,dickens,6.452630043029785
1,twain,561,melville,7.233258088429769
1,twain,561,wells,6.541187922159831
1,twain,561,austen,6.361810127894084
1,twain,561,fitzgerald,6.560630866459438
1,twain,561,twain,6.636720329523087
1,twain,562,train,4.979201674461365
1,twain,562,baum,6.300769090652466
1,twain,562,thompson,6.949881911277771
1,twain,562,dickens,6.456902186075847
1,twain,562,melville,7.219440036349827
1,twain,562,wells,6.545292139053345
1,twain,562,austen,6.36465843518575
1,twain,562,fitzgerald,6.560255186898368
1,twain,562,twain,6.628712356090546
1,twain,563,train,5.049580454826355
1,twain,563,baum,6.299030542373657
1,twain,563,thompson,6.952065348625183
1,twain,563,dickens,6.454501152038574
1,twain,563,melville,7.222396638658312
1,twain,563,wells,6.5452994505564375
1,twain,563,austen,6.362943887710571
1,twain,563,fitzgerald,6.561473165239606
1,twain,563,twain,6.63179624080658
1,twain,564,train,5.0489771366119385
1,twain,564,baum,6.300081491470337
1,twain,564,thompson,6.952765822410584
1,twain,564,dickens,6.456567287445068
1,twain,564,melville,7.222373856438531
1,twain,564,wells,6.543996651967366
1,twain,564,austen,6.3644992510477705
1,twain,564,fitzgerald,6.561263152531216
1,twain,564,twain,6.631787151098251
1,twain,565,train,4.988553524017334
1,twain,565,baum,6.304581880569458
1,twain,565,thompson,6.954269170761108
1,twain,565,dickens,6.457794189453125
1,twain,565,melville,7.22642003165351
1,twain,565,wells,6.549988905588786
1,twain,565,austen,6.36868691444397
1,twain,565,fitzgerald,6.567446368081229
1,twain,565,twain,6.63259282708168
1,twain,566,train,5.046252965927124
1,twain,566,baum,6.295260548591614
1,twain,566,thompson,6.954015374183655
1,twain,566,dickens,6.448701063791911
1,twain,566,melville,7.220393816630046
1,twain,566,wells,6.540772438049316
1,twain,566,austen,6.361687421798706
1,twain,566,fitzgerald,6.558003902435303
1,twain,566,twain,6.630952745676041
1,twain,567,train,5.005485773086548
1,twain,567,baum,6.305520057678223
1,twain,567,thompson,6.960412502288818
1,twain,567,dickens,6.458146095275879
1,twain,567,melville,7.232897811465794
1,twain,567,wells,6.550252278645833
1,twain,567,austen,6.370921532313029
1,twain,567,fitzgerald,6.567599092211042
1,twain,567,twain,6.634508043527603
1,twain,568,train,4.984456181526184
1,twain,568,baum,6.300361156463623
1,twain,568,thompson,6.949105501174927
1,twain,568,dickens,6.44710127512614
1,twain,568,melville,7.215055571662055
1,twain,568,wells,6.540136098861694
1,twain,568,austen,6.358549197514852
1,twain,568,fitzgerald,6.555204050881522
1,twain,568,twain,6.6286501586437225
1,twain,569,train,5.013469099998474
1,twain,569,baum,6.303238391876221
1,twain,569,thompson,6.9596065282821655
1,twain,569,dickens,6.454795042673747
1,twain,569,melville,7.232670042249891
1,twain,569,wells,6.550954659779866
1,twain,569,austen,6.3680313428243
1,twain,569,fitzgerald,6.565179552350726
1,twain,569,twain,6.635490953922272
1,twain,570,train,5.024467945098877
1,twain,570,baum,6.301227450370789
1,twain,570,thompson,6.955049395561218
1,twain,570,dickens,6.450791358947754
1,twain,570,melville,7.223961194356282
1,twain,570,wells,6.54251233736674
1,twain,570,austen,6.363578240076701
1,twain,570,fitzgerald,6.559741837637765
1,twain,570,twain,6.6305126547813416
1,twain,571,train,5.009294748306274
1,twain,571,baum,6.311483025550842
1,twain,571,thompson,6.962789535522461
1,twain,571,dickens,6.464303652445476
1,twain,571,melville,7.235234154595269
1,twain,571,wells,6.558370033899943
1,twain,571,austen,6.37445346514384
1,twain,571,fitzgerald,6.570945603506906
1,twain,571,twain,6.637662798166275
1,twain,572,train,5.05206573009491
1,twain,572,baum,6.297091960906982
1,twain,572,thompson,6.957328915596008
1,twain,572,dickens,6.4541551272074384
1,twain,572,melville,7.233329825931126
1,twain,572,wells,6.542970339457194
1,twain,572,austen,6.359549840291341
1,twain,572,fitzgerald,6.562114715576172
1,twain,572,twain,6.637173295021057
1,twain,573,train,5.003061771392822
1,twain,573,baum,6.2968748807907104
1,twain,573,thompson,6.950888514518738
1,twain,573,dickens,6.450427850087483
1,twain,573,melville,7.223841190338135
1,twain,573,wells,6.541411638259888
1,twain,573,austen,6.361000140508016
1,twain,573,fitzgerald,6.55727481842041
1,twain,573,twain,6.627987623214722
1,twain,574,train,5.032596230506897
1,twain,574,baum,6.303807616233826
1,twain,574,thompson,6.955034255981445
1,twain,574,dickens,6.455768744150798
1,twain,574,melville,7.225409295823839
1,twain,574,wells,6.547295490900676
1,twain,574,austen,6.363691091537476
1,twain,574,fitzgerald,6.562965324946812
1,twain,574,twain,6.62897327542305
1,twain,575,train,5.025243163108826
1,twain,575,baum,6.300474286079407
1,twain,575,thompson,6.955564498901367
1,twain,575,dickens,6.45535675684611
1,twain,575,melville,7.228660689459907
1,twain,575,wells,6.54619304339091
1,twain,575,austen,6.364536046981812
1,twain,575,fitzgerald,6.560508796146938
1,twain,575,twain,6.630020201206207
1,twain,576,train,4.995517015457153
1,twain,576,baum,6.304798126220703
1,twain,576,thompson,6.963847756385803
1,twain,576,dickens,6.449732144673665
1,twain,576,melville,7.235712793138292
1,twain,576,wells,6.546578566233317
1,twain,576,austen,6.363998730977376
1,twain,576,fitzgerald,6.5662031173706055
1,twain,576,twain,6.636284053325653
1,twain,577,train,4.9932122230529785
1,twain,577,baum,6.308146595954895
1,twain,577,thompson,6.967881441116333
1,twain,577,dickens,6.4583204587300616
1,twain,577,melville,7.240582413143581
1,twain,577,wells,6.5521589914957685
1,twain,577,austen,6.370049079259236
1,twain,577,fitzgerald,6.565189225333078
1,twain,577,twain,6.636376976966858
1,twain,578,train,4.999113917350769
1,twain,578,baum,6.3042614459991455
1,twain,578,thompson,6.958231449127197
1,twain,578,dickens,6.454586664835612
1,twain,578,melville,7.236307091183132
1,twain,578,wells,6.549186865488688
1,twain,578,austen,6.366068601608276
1,twain,578,fitzgerald,6.565863200596401
1,twain,578,twain,6.63066628575325
1,twain,579,train,4.963299512863159
1,twain,579,baum,6.303512692451477
1,twain,579,thompson,6.958352327346802
1,twain,579,dickens,6.458809534708659
1,twain,579,melville,7.235819339752197
1,twain,579,wells,6.5509105523427325
1,twain,579,austen,6.365813334782918
1,twain,579,fitzgerald,6.565173149108887
1,twain,579,twain,6.630636185407639
1,twain,580,train,4.974647879600525
1,twain,580,baum,6.3029539585113525
1,twain,580,thompson,6.962358713150024
1,twain,580,dickens,6.45472510655721
1,twain,580,melville,7.239771313137478
1,twain,580,wells,6.554006417592366
1,twain,580,austen,6.369733572006226
1,twain,580,fitzgerald,6.565707683563232
1,twain,580,twain,6.634348958730698
1,twain,581,train,4.993098974227905
1,twain,581,baum,6.306840419769287
1,twain,581,thompson,6.963338017463684
1,twain,581,dickens,6.455020427703857
1,twain,581,melville,7.235034200880262
1,twain,581,wells,6.552474578221639
1,twain,581,austen,6.368429501851399
1,twain,581,fitzgerald,6.565657138824463
1,twain,581,twain,6.631933808326721
1,twain,582,train,4.964804530143738
1,twain,582,baum,6.310457825660706
1,twain,582,thompson,6.958604335784912
1,twain,582,dickens,6.462136427561442
1,twain,582,melville,7.229859775967068
1,twain,582,wells,6.556935707728068
1,twain,582,austen,6.37404743830363
1,twain,582,fitzgerald,6.567126546587263
1,twain,582,twain,6.624971091747284
1,twain,583,train,4.979287028312683
1,twain,583,baum,6.301172614097595
1,twain,583,thompson,6.959023356437683
1,twain,583,dickens,6.45380179087321
1,twain,583,melville,7.231021298302545
1,twain,583,wells,6.547553936640422
1,twain,583,austen,6.362230539321899
1,twain,583,fitzgerald,6.563623632703509
1,twain,583,twain,6.625614523887634
1,twain,584,train,4.9437408447265625
1,twain,584,baum,6.30594003200531
1,twain,584,thompson,6.957818269729614
1,twain,584,dickens,6.459370772043864
1,twain,584,melville,7.233213636610243
1,twain,584,wells,6.551072518030803
1,twain,584,austen,6.364935159683228
1,twain,584,fitzgerald,6.564786911010742
1,twain,584,twain,6.626475065946579
1,twain,585,train,4.9213947057724
1,twain,585,baum,6.306710958480835
1,twain,585,thompson,6.968082666397095
1,twain,585,dickens,6.465602397918701
1,twain,585,melville,7.254710303412543
1,twain,585,wells,6.557353337605794
1,twain,585,austen,6.372403542200725
1,twain,585,fitzgerald,6.569542476109096
1,twain,585,twain,6.640320241451263
1,twain,586,train,4.981433987617493
1,twain,586,baum,6.301558494567871
1,twain,586,thompson,6.960958480834961
1,twain,586,dickens,6.454878966013591
1,twain,586,melville,7.239124086168077
1,twain,586,wells,6.548507610956828
1,twain,586,austen,6.366783380508423
1,twain,586,fitzgerald,6.564554146357945
1,twain,586,twain,6.630226999521256
1,twain,587,train,4.960621118545532
1,twain,587,baum,6.30665135383606
1,twain,587,thompson,6.95592188835144
1,twain,587,dickens,6.455627123514812
1,twain,587,melville,7.2318482928805885
1,twain,587,wells,6.552631298700969
1,twain,587,austen,6.369855244954427
1,twain,587,fitzgerald,6.563197476523263
1,twain,587,twain,6.6238183081150055
1,twain,588,train,4.987230181694031
1,twain,588,baum,6.304878234863281
1,twain,588,thompson,6.966677904129028
1,twain,588,dickens,6.457849184672038
1,twain,588,melville,7.249436802334255
1,twain,588,wells,6.552353382110596
1,twain,588,austen,6.367798407872518
1,twain,588,fitzgerald,6.568796907152448
1,twain,588,twain,6.636111348867416
1,twain,589,train,4.947357058525085
1,twain,589,baum,6.303711414337158
1,twain,589,thompson,6.965320348739624
1,twain,589,dickens,6.460409641265869
1,twain,589,melville,7.2502593994140625
1,twain,589,wells,6.555015007654826
1,twain,589,austen,6.367717425028483
1,twain,589,fitzgerald,6.567889962877546
1,twain,589,twain,6.634472250938416
1,twain,590,train,4.984903693199158
1,twain,590,baum,6.304164290428162
1,twain,590,thompson,6.965103387832642
1,twain,590,dickens,6.46194585164388
1,twain,590,melville,7.24921014573839
1,twain,590,wells,6.554654518763225
1,twain,590,austen,6.368604898452759
1,twain,590,fitzgerald,6.5690838268824985
1,twain,590,twain,6.632539808750153
1,twain,591,train,4.985085368156433
1,twain,591,baum,6.3065879344940186
1,twain,591,thompson,6.965021014213562
1,twain,591,dickens,6.462416489919026
1,twain,591,melville,7.243771341111925
1,twain,591,wells,6.554925521214803
1,twain,591,austen,6.36869215965271
1,twain,591,fitzgerald,6.567920752934048
1,twain,591,twain,6.6285505294799805
1,twain,592,train,4.896312594413757
1,twain,592,baum,6.302852749824524
1,twain,592,thompson,6.961583971977234
1,twain,592,dickens,6.458299954732259
1,twain,592,melville,7.235365814632839
1,twain,592,wells,6.548676411310832
1,twain,592,austen,6.362729549407959
1,twain,592,fitzgerald,6.565369129180908
1,twain,592,twain,6.624344438314438
1,twain,593,train,4.936350107192993
1,twain,593,baum,6.299717545509338
1,twain,593,thompson,6.963486790657044
1,twain,593,dickens,6.455054918924968
1,twain,593,melville,7.248338328467475
1,twain,593,wells,6.548370758692424
1,twain,593,austen,6.3626705805460615
1,twain,593,fitzgerald,6.565641335078648
1,twain,593,twain,6.632155895233154
1,twain,594,train,4.922195196151733
1,twain,594,baum,6.306855201721191
1,twain,594,thompson,6.960959434509277
1,twain,594,dickens,6.461197694142659
1,twain,594,melville,7.239496972825792
1,twain,594,wells,6.556712547938029
1,twain,594,austen,6.372970422108968
1,twain,594,fitzgerald,6.5673604011535645
1,twain,594,twain,6.6270714700222015
1,twain,595,train,4.960468649864197
1,twain,595,baum,6.307154893875122
1,twain,595,thompson,6.966416239738464
1,twain,595,dickens,6.470376491546631
1,twain,595,melville,7.244792408413357
1,twain,595,wells,6.558141787846883
1,twain,595,austen,6.372499545415242
1,twain,595,fitzgerald,6.56822851725987
1,twain,595,twain,6.6278097331523895
1,twain,596,train,4.958090543746948
1,twain,596,baum,6.3025102615356445
1,twain,596,thompson,6.965580344200134
1,twain,596,dickens,6.458744208017985
1,twain,596,melville,7.245911863115099
1,twain,596,wells,6.5530580679575605
1,twain,596,austen,6.367870966593425
1,twain,596,fitzgerald,6.56601619720459
1,twain,596,twain,6.629609793424606
1,twain,597,train,4.933994889259338
1,twain,597,baum,6.309275627136231
1,twain,597,thompson,6.968212842941284
1,twain,597,dickens,6.463192462921143
1,twain,597,melville,7.246877935197618
1,twain,597,wells,6.554142157236735
1,twain,597,austen,6.367419242858887
1,twain,597,fitzgerald,6.570102759769985
1,twain,597,twain,6.630225390195847
1,twain,598,train,4.891299605369568
1,twain,598,baum,6.304183006286621
1,twain,598,thompson,6.962552309036255
1,twain,598,dickens,6.458322525024414
1,twain,598,melville,7.236395570966932
1,twain,598,wells,6.551634788513184
1,twain,598,austen,6.36452301343282
1,twain,598,fitzgerald,6.564060824257987
1,twain,598,twain,6.625039964914322
1,twain,599,train,4.932693600654602
1,twain,599,baum,6.305132150650024
1,twain,599,thompson,6.964246869087219
1,twain,599,dickens,6.4557210604349775
1,twain,599,melville,7.238424036237928
1,twain,599,wells,6.547999143600464
1,twain,599,austen,6.360725323359172
1,twain,599,fitzgerald,6.561926092420306
1,twain,599,twain,6.624250262975693
1,twain,600,train,4.952879548072815
1,twain,600,baum,6.313542366027832
1,twain,600,thompson,6.975953817367554
1,twain,600,dickens,6.473230838775635
1,twain,600,melville,7.254453341166179
1,twain,600,wells,6.565233627955119
1,twain,600,austen,6.38007664680481
1,twain,600,fitzgerald,6.574509348188128
1,twain,600,twain,6.632747918367386
1,twain,601,train,4.921446800231934
1,twain,601,baum,6.314002990722656
1,twain,601,thompson,6.971496224403381
1,twain,601,dickens,6.468790690104167
1,twain,601,melville,7.255143483479817
1,twain,601,wells,6.565752188364665
1,twain,601,austen,6.377963304519653
1,twain,601,fitzgerald,6.577272551400321
1,twain,601,twain,6.635523229837418
1,twain,602,train,4.914311408996582
1,twain,602,baum,6.305798411369324
1,twain,602,thompson,6.972474575042725
1,twain,602,dickens,6.464810212453206
1,twain,602,melville,7.257751676771376
1,twain,602,wells,6.556612332661946
1,twain,602,austen,6.370537042617798
1,twain,602,fitzgerald,6.573258808680943
1,twain,602,twain,6.629536151885986
1,twain,603,train,4.928878784179688
1,twain,603,baum,6.304185152053833
1,twain,603,thompson,6.969111084938049
1,twain,603,dickens,6.459691842397054
1,twain,603,melville,7.248938242594401
1,twain,603,wells,6.55123774210612
1,twain,603,austen,6.364052693049113
1,twain,603,fitzgerald,6.56686932700021
1,twain,603,twain,6.625393182039261
1,twain,604,train,4.900217771530151
1,twain,604,baum,6.312665343284607
1,twain,604,thompson,6.971869587898254
1,twain,604,dickens,6.469717343648274
1,twain,604,melville,7.254013697306315
1,twain,604,wells,6.562195221583049
1,twain,604,austen,6.375458002090454
1,twain,604,fitzgerald,6.572330611092704
1,twain,604,twain,6.63428270816803
1,twain,605,train,4.91747522354126
1,twain,605,baum,6.299883127212524
1,twain,605,thompson,6.975947856903076
1,twain,605,dickens,6.455479145050049
1,twain,605,melville,7.264661312103271
1,twain,605,wells,6.549029191335042
1,twain,605,austen,6.363329887390137
1,twain,605,fitzgerald,6.5676502500261575
1,twain,605,twain,6.636983394622803
1,twain,606,train,4.922096490859985
1,twain,606,baum,6.307966232299805
1,twain,606,thompson,6.966316103935242
1,twain,606,dickens,6.461932023366292
1,twain,606,melville,7.248240100012885
1,twain,606,wells,6.558819055557251
1,twain,606,austen,6.370099862416585
1,twain,606,fitzgerald,6.565679958888462
1,twain,606,twain,6.630258351564407
1,twain,607,train,4.872477650642395
1,twain,607,baum,6.302640080451965
1,twain,607,thompson,6.969746947288513
1,twain,607,dickens,6.463519255320231
1,twain,607,melville,7.258502907223171
1,twain,607,wells,6.552275021870931
1,twain,607,austen,6.365631580352783
1,twain,607,fitzgerald,6.569442204066685
1,twain,607,twain,6.632335007190704
1,twain,608,train,4.886545300483704
1,twain,608,baum,6.306156158447266
1,twain,608,thompson,6.975620746612549
1,twain,608,dickens,6.4625420570373535
1,twain,608,melville,7.2528168890211315
1,twain,608,wells,6.555403153101604
1,twain,608,austen,6.36645491917928
1,twain,608,fitzgerald,6.569924490792411
1,twain,608,twain,6.635026037693024
1,twain,609,train,4.965558052062988
1,twain,609,baum,6.323055386543274
1,twain,609,thompson,6.976061582565308
1,twain,609,dickens,6.474934736887614
1,twain,609,melville,7.252439498901367
1,twain,609,wells,6.565728425979614
1,twain,609,austen,6.379586378733317
1,twain,609,fitzgerald,6.57747391292027
1,twain,609,twain,6.629480868577957
1,twain,610,train,4.902349591255188
1,twain,610,baum,6.297256827354431
1,twain,610,thompson,6.970906138420105
1,twain,610,dickens,6.455797036488851
1,twain,610,melville,7.247549586825901
1,twain,610,wells,6.547883907953898
1,twain,610,austen,6.360174894332886
1,twain,610,fitzgerald,6.562818459102085
1,twain,610,twain,6.625878572463989
1,twain,611,train,4.926466703414917
1,twain,611,baum,6.315167427062988
1,twain,611,thompson,6.974199175834656
1,twain,611,dickens,6.471180438995361
1,twain,611,melville,7.24794069925944
1,twain,611,wells,6.563316822052002
1,twain,611,austen,6.37434983253479
1,twain,611,fitzgerald,6.573017665318081
1,twain,611,twain,6.623683303594589
1,twain,612,train,4.854371190071106
1,twain,612,baum,6.313761115074158
1,twain,612,thompson,6.9732749462127686
1,twain,612,dickens,6.471786657969157
1,twain,612,melville,7.251766787634955
1,twain,612,wells,6.562819878260295
1,twain,612,austen,6.375479221343994
1,twain,612,fitzgerald,6.572990621839251
1,twain,612,twain,6.62789860367775
1,twain,613,train,4.927957653999329
1,twain,613,baum,6.304037094116211
1,twain,613,thompson,6.976705193519592
1,twain,613,dickens,6.457520008087158
1,twain,613,melville,7.264779302808973
1,twain,613,wells,6.5539900461832685
1,twain,613,austen,6.36273177464803
1,twain,613,fitzgerald,6.570168154580252
1,twain,613,twain,6.636750489473343
1,twain,614,train,4.868027687072754
1,twain,614,baum,6.310745000839233
1,twain,614,thompson,6.9787315130233765
1,twain,614,dickens,6.466386795043945
1,twain,614,melville,7.26390282313029
1,twain,614,wells,6.562450488408406
1,twain,614,austen,6.373917023340861
1,twain,614,fitzgerald,6.574127197265625
1,twain,614,twain,6.636271297931671
1,twain,615,train,4.861037611961365
1,twain,615,baum,6.313843727111816
1,twain,615,thompson,6.974326252937317
1,twain,615,dickens,6.471259593963623
1,twain,615,melville,7.263274669647217
1,twain,615,wells,6.568372249603272
1,twain,615,austen,6.3799622853597
1,twain,615,fitzgerald,6.5764729636056085
1,twain,615,twain,6.632270008325577
1,twain,616,train,4.894325375556946
1,twain,616,baum,6.309203743934631
1,twain,616,thompson,6.975975871086121
1,twain,616,dickens,6.466231346130371
1,twain,616,melville,7.260384241739909
1,twain,616,wells,6.558136304219564
1,twain,616,austen,6.365730285644531
1,twain,616,fitzgerald,6.571546213967459
1,twain,616,twain,6.631100296974182
1,twain,617,train,4.88221549987793
1,twain,617,baum,6.312788963317871
1,twain,617,thompson,6.976145625114441
1,twain,617,dickens,6.468838691711426
1,twain,617,melville,7.2615556716918945
1,twain,617,wells,6.562226057052612
1,twain,617,austen,6.373719135920207
1,twain,617,fitzgerald,6.574304376329694
1,twain,617,twain,6.632697910070419
1,twain,618,train,4.844305753707886
1,twain,618,baum,6.307647943496704
1,twain,618,thompson,6.978638052940369
1,twain,618,dickens,6.463573932647705
1,twain,618,melville,7.262779871622722
1,twain,618,wells,6.5617077350616455
1,twain,618,austen,6.368870496749878
1,twain,618,fitzgerald,6.572352681841169
1,twain,618,twain,6.633468896150589
1,twain,619,train,4.852332592010498
1,twain,619,baum,6.316691517829895
1,twain,619,thompson,6.982048392295837
1,twain,619,dickens,6.478040377298991
1,twain,619,melville,7.262753168741862
1,twain,619,wells,6.569111347198486
1,twain,619,austen,6.378727912902832
1,twain,619,fitzgerald,6.580279418400356
1,twain,619,twain,6.636112779378891
1,twain,620,train,4.913355708122253
1,twain,620,baum,6.311099290847778
1,twain,620,thompson,6.981110215187073
1,twain,620,dickens,6.46991777420044
1,twain,620,melville,7.260298675960964
1,twain,620,wells,6.567330360412598
1,twain,620,austen,6.3766865730285645
1,twain,620,fitzgerald,6.576621464320591
1,twain,620,twain,6.632690012454987
1,twain,621,train,4.904352307319641
1,twain,621,baum,6.307504296302795
1,twain,621,thompson,6.973880648612976
1,twain,621,dickens,6.46242109934489
1,twain,621,melville,7.249401410420735
1,twain,621,wells,6.556568543116252
1,twain,621,austen,6.36662483215332
1,twain,621,fitzgerald,6.570958273751395
1,twain,621,twain,6.623250484466553
1,twain,622,train,4.902371406555176
1,twain,622,baum,6.314297914505005
1,twain,622,thompson,6.982956528663635
1,twain,622,dickens,6.480064868927002
1,twain,622,melville,7.266068617502849
1,twain,622,wells,6.572556098302205
1,twain,622,austen,6.380979617436727
1,twain,622,fitzgerald,6.580892699105399
1,twain,622,twain,6.635082542896271
1,twain,623,train,4.839770555496216
1,twain,623,baum,6.31882917881012
1,twain,623,thompson,6.984701752662659
1,twain,623,dickens,6.4698154131571455
1,twain,623,melville,7.263445854187012
1,twain,623,wells,6.566789388656616
1,twain,623,austen,6.376817146937053
1,twain,623,fitzgerald,6.578951290675572
1,twain,623,twain,6.630393445491791
1,twain,624,train,4.844831585884094
1,twain,624,baum,6.311919093132019
1,twain,624,thompson,6.988055348396301
1,twain,624,dickens,6.473120371500651
1,twain,624,melville,7.275673071543376
1,twain,624,wells,6.571032285690308
1,twain,624,austen,6.374816974004109
1,twain,624,fitzgerald,6.581237316131592
1,twain,624,twain,6.642500162124634
1,twain,625,train,4.810476660728455
1,twain,625,baum,6.328786373138428
1,twain,625,thompson,6.979062080383301
1,twain,625,dickens,6.475526809692383
1,twain,625,melville,7.251883612738715
1,twain,625,wells,6.570222536722819
1,twain,625,austen,6.382475137710571
1,twain,625,fitzgerald,6.58222416469029
1,twain,625,twain,6.622658133506775
1,twain,626,train,4.816901445388794
1,twain,626,baum,6.313310027122498
1,twain,626,thompson,6.993191719055176
1,twain,626,dickens,6.478798707326253
1,twain,626,melville,7.277065489027235
1,twain,626,wells,6.574300209681193
1,twain,626,austen,6.378843943277995
1,twain,626,fitzgerald,6.585179805755615
1,twain,626,twain,6.638284802436829
1,twain,627,train,4.862454414367676
1,twain,627,baum,6.320743918418884
1,twain,627,thompson,6.981361627578735
1,twain,627,dickens,6.478612263997396
1,twain,627,melville,7.261296537187365
1,twain,627,wells,6.571367025375366
1,twain,627,austen,6.378836234410604
1,twain,627,fitzgerald,6.579726355416434
1,twain,627,twain,6.625461518764496
1,twain,628,train,4.917149901390076
1,twain,628,baum,6.31099808216095
1,twain,628,thompson,6.986030697822571
1,twain,628,dickens,6.473563989003499
1,twain,628,melville,7.275467024909125
1,twain,628,wells,6.561007817586263
1,twain,628,austen,6.370394706726074
1,twain,628,fitzgerald,6.5788286072867255
1,twain,628,twain,6.636969178915024
1,twain,629,train,4.827481389045715
1,twain,629,baum,6.317609786987305
1,twain,629,thompson,6.989379286766052
1,twain,629,dickens,6.4724626541137695
1,twain,629,melville,7.2685615221659345
1,twain,629,wells,6.567603905995687
1,twain,629,austen,6.374646186828613
1,twain,629,fitzgerald,6.580607822963169
1,twain,629,twain,6.631555885076523
1,twain,630,train,4.863834500312805
1,twain,630,baum,6.324700355529785
1,twain,630,thompson,6.992409110069275
1,twain,630,dickens,6.484508673350017
1,twain,630,melville,7.273396492004394
1,twain,630,wells,6.579599857330322
1,twain,630,austen,6.389212846755981
1,twain,630,fitzgerald,6.587892259870257
1,twain,630,twain,6.637399196624756
1,twain,631,train,4.930135011672974
1,twain,631,baum,6.317761540412903
1,twain,631,thompson,6.985491394996643
1,twain,631,dickens,6.47267484664917
1,twain,631,melville,7.2660813331604
1,twain,631,wells,6.567010641098023
1,twain,631,austen,6.373939196268718
1,twain,631,fitzgerald,6.57933623450143
1,twain,631,twain,6.629580050706863
1,twain,632,train,4.8931368589401245
1,twain,632,baum,6.314927577972412
1,twain,632,thompson,6.988316655158997
1,twain,632,dickens,6.47116231918335
1,twain,632,melville,7.270399782392714
1,twain,632,wells,6.567627350489299
1,twain,632,austen,6.375678936640422
1,twain,632,fitzgerald,6.580419267926898
1,twain,632,twain,6.632405191659927
1,twain,633,train,4.862696051597595
1,twain,633,baum,6.316346049308777
1,twain,633,thompson,6.985391855239868
1,twain,633,dickens,6.479588349660237
1,twain,633,melville,7.268438551161024
1,twain,633,wells,6.571774800618489
1,twain,633,austen,6.376514911651611
1,twain,633,fitzgerald,6.581919806344168
1,twain,633,twain,6.633897751569748
1,twain,634,train,4.827737927436829
1,twain,634,baum,6.320099353790283
1,twain,634,thompson,6.981371164321899
1,twain,634,dickens,6.475900808970134
1,twain,634,melville,7.262289153205024
1,twain,634,wells,6.573545535405477
1,twain,634,austen,6.378077665964763
1,twain,634,fitzgerald,6.581454140799386
1,twain,634,twain,6.627778440713882
1,twain,635,train,4.816481232643127
1,twain,635,baum,6.3141337633132935
1,twain,635,thompson,6.989561319351196
1,twain,635,dickens,6.473148822784424
1,twain,635,melville,7.274556848737928
1,twain,635,wells,6.569145043690999
1,twain,635,austen,6.374172608057658
1,twain,635,fitzgerald,6.57995925630842
1,twain,635,twain,6.635295122861862
1,twain,636,train,4.800368905067444
1,twain,636,baum,6.325609445571899
1,twain,636,thompson,6.993229866027832
1,twain,636,dickens,6.48427693049113
1,twain,636,melville,7.274355888366699
1,twain,636,wells,6.579898436864217
1,twain,636,austen,6.38399608929952
1,twain,636,fitzgerald,6.589206899915423
1,twain,636,twain,6.635753631591797
1,twain,637,train,4.838542819023132
1,twain,637,baum,6.317823767662048
1,twain,637,thompson,6.983202576637268
1,twain,637,dickens,6.4730634689331055
1,twain,637,melville,7.258971638149685
1,twain,637,wells,6.563310146331787
1,twain,637,austen,6.368938048680623
1,twain,637,fitzgerald,6.576375484466553
1,twain,637,twain,6.622286766767502
1,twain,638,train,4.851786613464356
1,twain,638,baum,6.327100872993469
1,twain,638,thompson,6.994675636291504
1,twain,638,dickens,6.483479022979736
1,twain,638,melville,7.281927214728461
1,twain,638,wells,6.58536680539449
1,twain,638,austen,6.3861320813496905
1,twain,638,fitzgerald,6.590535027640207
1,twain,638,twain,6.6394840478897095
1,twain,639,train,4.830702900886536
1,twain,639,baum,6.316505789756775
1,twain,639,thompson,6.985779285430908
1,twain,639,dickens,6.4740902582804365
1,twain,639,melville,7.267587237887913
1,twain,639,wells,6.568305412928264
1,twain,639,austen,6.371200958887736
1,twain,639,fitzgerald,6.579117911202567
1,twain,639,twain,6.629480272531509
1,twain,640,train,4.885858178138733
1,twain,640,baum,6.317702054977417
1,twain,640,thompson,6.988898277282715
1,twain,640,dickens,6.476473967234294
1,twain,640,melville,7.273996141221788
1,twain,640,wells,6.5743177731831866
1,twain,640,austen,6.376898606618245
1,twain,640,fitzgerald,6.581453459603446
1,twain,640,twain,6.632153242826462
1,twain,641,train,4.898263931274414
1,twain,641,baum,6.326824188232422
1,twain,641,thompson,6.992868423461914
1,twain,641,dickens,6.482979933420817
1,twain,641,melville,7.265759785970052
1,twain,641,wells,6.577847003936768
1,twain,641,austen,6.381575584411621
1,twain,641,fitzgerald,6.585979121071952
1,twain,641,twain,6.628355652093887
1,twain,642,train,4.786852955818176
1,twain,642,baum,6.322521328926086
1,twain,642,thompson,6.996378779411316
1,twain,642,dickens,6.488089084625244
1,twain,642,melville,7.275333457522922
1,twain,642,wells,6.582227945327759
1,twain,642,austen,6.384502410888672
1,twain,642,fitzgerald,6.587710653032575
1,twain,642,twain,6.631018817424774
1,twain,643,train,4.896137237548828
1,twain,643,baum,6.319031715393066
1,twain,643,thompson,6.987249255180359
1,twain,643,dickens,6.473480701446533
1,twain,643,melville,7.261436939239502
1,twain,643,wells,6.568566640218099
1,twain,643,austen,6.373614470163981
1,twain,643,fitzgerald,6.579553127288818
1,twain,643,twain,6.625990509986877
1,twain,644,train,4.875038266181946
1,twain,644,baum,6.321303009986877
1,twain,644,thompson,7.000919938087463
1,twain,644,dickens,6.492010593414307
1,twain,644,melville,7.296628952026367
1,twain,644,wells,6.584844589233398
1,twain,644,austen,6.387409210205078
1,twain,644,fitzgerald,6.592850685119629
1,twain,644,twain,6.646810680627823
1,twain,645,train,4.77495813369751
1,twain,645,baum,6.325897932052612
1,twain,645,thompson,6.992244005203247
1,twain,645,dickens,6.483727773030599
1,twain,645,melville,7.275968922509087
1,twain,645,wells,6.576909462610881
1,twain,645,austen,6.384159247080485
1,twain,645,fitzgerald,6.589050769805908
1,twain,645,twain,6.632934033870697
1,twain,646,train,4.776644945144653
1,twain,646,baum,6.321535706520081
1,twain,646,thompson,6.996416330337524
1,twain,646,dickens,6.49177090326945
1,twain,646,melville,7.289394908481174
1,twain,646,wells,6.585700194040935
1,twain,646,austen,6.384889920552571
1,twain,646,fitzgerald,6.590765816824777
1,twain,646,twain,6.640322953462601
1,twain,647,train,4.817341566085815
1,twain,647,baum,6.327156066894531
1,twain,647,thompson,6.99581778049469
1,twain,647,dickens,6.486816883087158
1,twain,647,melville,7.280277093251546
1,twain,647,wells,6.580499728520711
1,twain,647,austen,6.3849436442057295
1,twain,647,fitzgerald,6.588537488664899
1,twain,647,twain,6.6326689422130585
1,twain,648,train,4.824285387992859
1,twain,648,baum,6.32263457775116
1,twain,648,thompson,6.997033596038818
1,twain,648,dickens,6.488323370615642
1,twain,648,melville,7.290906058417426
1,twain,648,wells,6.583488702774048
1,twain,648,austen,6.385796387990316
1,twain,648,fitzgerald,6.590085370200021
1,twain,648,twain,6.638344645500183
1,twain,649,train,4.835861802101135
1,twain,649,baum,6.32694149017334
1,twain,649,thompson,6.994960188865662
1,twain,649,dickens,6.486697673797607
1,twain,649,melville,7.279334439171685
1,twain,649,wells,6.57861868540446
1,twain,649,austen,6.383794943491618
1,twain,649,fitzgerald,6.58975887298584
1,twain,649,twain,6.627761870622635
1,twain,650,train,4.815681576728821
1,twain,650,baum,6.318412899971008
1,twain,650,thompson,6.992188215255737
1,twain,650,dickens,6.48637040456136
1,twain,650,melville,7.282944043477376
1,twain,650,wells,6.578066905339559
1,twain,650,austen,6.382562557856242
1,twain,650,fitzgerald,6.584781782967704
1,twain,650,twain,6.634232670068741
1,twain,651,train,4.796931028366089
1,twain,651,baum,6.3242655992507935
1,twain,651,thompson,6.995215535163879
1,twain,651,dickens,6.482996781667073
1,twain,651,melville,7.277110947502984
1,twain,651,wells,6.578011194864909
1,twain,651,austen,6.379241307576497
1,twain,651,fitzgerald,6.587801933288574
1,twain,651,twain,6.631857305765152
1,twain,652,train,4.809448480606079
1,twain,652,baum,6.3242892026901245
1,twain,652,thompson,7.002566695213318
1,twain,652,dickens,6.48941707611084
1,twain,652,melville,7.292713165283203
1,twain,652,wells,6.584465742111206
1,twain,652,austen,6.388700087865193
1,twain,652,fitzgerald,6.593849727085659
1,twain,652,twain,6.637413889169693
1,twain,653,train,4.768434524536133
1,twain,653,baum,6.322347521781921
1,twain,653,thompson,6.995976567268372
1,twain,653,dickens,6.485382397969564
1,twain,653,melville,7.287264241112603
1,twain,653,wells,6.5754319826761884
1,twain,653,austen,6.380402406056722
1,twain,653,fitzgerald,6.587025778634208
1,twain,653,twain,6.636836022138596
1,twain,654,train,4.843628644943237
1,twain,654,baum,6.326000809669495
1,twain,654,thompson,7.003477096557617
1,twain,654,dickens,6.490138530731201
1,twain,654,melville,7.296550008985731
1,twain,654,wells,6.588000297546387
1,twain,654,austen,6.3872865835825605
1,twain,654,fitzgerald,6.592053481510708
1,twain,654,twain,6.640789777040482
1,twain,655,train,4.851933717727661
1,twain,655,baum,6.319984316825867
1,twain,655,thompson,6.994230628013611
1,twain,655,dickens,6.47748597462972
1,twain,655,melville,7.277617825402154
1,twain,655,wells,6.5737067858378095
1,twain,655,austen,6.374162673950195
1,twain,655,fitzgerald,6.584596565791538
1,twain,655,twain,6.629201650619507
1,twain,656,train,4.7881178855896
1,twain,656,baum,6.318078994750977
1,twain,656,thompson,6.988775253295898
1,twain,656,dickens,6.482376257578532
1,twain,656,melville,7.278941949208577
1,twain,656,wells,6.574144124984741
1,twain,656,austen,6.376610676447551
1,twain,656,fitzgerald,6.585461071559361
1,twain,656,twain,6.628143399953842
1,twain,657,train,4.856982469558716
1,twain,657,baum,6.322375059127808
1,twain,657,thompson,6.996930956840515
1,twain,657,dickens,6.48593282699585
1,twain,657,melville,7.293149259355333
1,twain,657,wells,6.582173426946004
1,twain,657,austen,6.382271369298299
1,twain,657,fitzgerald,6.589620453970773
1,twain,657,twain,6.638765335083008
1,twain,658,train,4.703781485557556
1,twain,658,baum,6.331622242927551
1,twain,658,thompson,7.008929014205933
1,twain,658,dickens,6.498521169026692
1,twain,658,melville,7.306811067793104
1,twain,658,wells,6.591626405715942
1,twain,658,austen,6.390093326568604
1,twain,658,fitzgerald,6.6029753003801614
1,twain,658,twain,6.647405177354813
1,twain,659,train,4.7596904039382935
1,twain,659,baum,6.322238326072693
1,twain,659,thompson,6.996988892555237
1,twain,659,dickens,6.4859490394592285
1,twain,659,melville,7.286504533555773
1,twain,659,wells,6.5764243602752686
1,twain,659,austen,6.377867539723714
1,twain,659,fitzgerald,6.587530544825962
1,twain,659,twain,6.633388787508011
1,twain,660,train,4.7684972286224365
1,twain,660,baum,6.3284913301467896
1,twain,660,thompson,7.005419731140137
1,twain,660,dickens,6.492747942606608
1,twain,660,melville,7.298707485198975
1,twain,660,wells,6.583154916763306
1,twain,660,austen,6.387454827626546
1,twain,660,fitzgerald,6.594766412462507
1,twain,660,twain,6.642663508653641
1,twain,661,train,4.772138595581055
1,twain,661,baum,6.328352332115173
1,twain,661,thompson,7.007168889045715
1,twain,661,dickens,6.49119504292806
1,twain,661,melville,7.304394986894396
1,twain,661,wells,6.58811887105306
1,twain,661,austen,6.3855299949646
1,twain,661,fitzgerald,6.597911425999233
1,twain,661,twain,6.64314478635788
1,twain,662,train,4.818076252937317
1,twain,662,baum,6.327868700027466
1,twain,662,thompson,7.006103992462158
1,twain,662,dickens,6.488837242126465
1,twain,662,melville,7.299983660380046
1,twain,662,wells,6.584260543187459
1,twain,662,austen,6.386241277058919
1,twain,662,fitzgerald,6.596957956041608
1,twain,662,twain,6.639535248279572
1,twain,663,train,4.818338513374329
1,twain,663,baum,6.32955002784729
1,twain,663,thompson,7.007710695266724
1,twain,663,dickens,6.489752769470215
1,twain,663,melville,7.297588083479139
1,twain,663,wells,6.589605808258057
1,twain,663,austen,6.384963750839233
1,twain,663,fitzgerald,6.596471854618618
1,twain,663,twain,6.639918208122253
1,twain,664,train,4.76741898059845
1,twain,664,baum,6.331019878387451
1,twain,664,thompson,7.007513880729675
1,twain,664,dickens,6.494849522908528
1,twain,664,melville,7.299827310774061
1,twain,664,wells,6.592021067937215
1,twain,664,austen,6.392285108566284
1,twain,664,fitzgerald,6.60190555027553
1,twain,664,twain,6.64011824131012
1,twain,665,train,4.79870080947876
1,twain,665,baum,6.331157803535461
1,twain,665,thompson,7.002493619918823
1,twain,665,dickens,6.494273980458577
1,twain,665,melville,7.290049288007948
1,twain,665,wells,6.591064214706421
1,twain,665,austen,6.389272371927897
1,twain,665,fitzgerald,6.597128663744245
1,twain,665,twain,6.635360598564148
1,twain,666,train,4.736996293067932
1,twain,666,baum,6.318166732788086
1,twain,666,thompson,7.00319504737854
1,twain,666,dickens,6.485990683237712
1,twain,666,melville,7.301504558987087
1,twain,666,wells,6.58320411046346
1,twain,666,austen,6.381598154703776
1,twain,666,fitzgerald,6.594917910439627
1,twain,666,twain,6.642207145690918
1,twain,667,train,4.821268558502197
1,twain,667,baum,6.332988023757935
1,twain,667,thompson,7.000850081443787
1,twain,667,dickens,6.493332862854004
1,twain,667,melville,7.290091090732151
1,twain,667,wells,6.588599681854248
1,twain,667,austen,6.393054644266765
1,twain,667,fitzgerald,6.595641681126186
1,twain,667,twain,6.632128834724426
1,twain,668,train,4.796992063522339
1,twain,668,baum,6.3317036628723145
1,twain,668,thompson,7.009185552597046
1,twain,668,dickens,6.497355937957764
1,twain,668,melville,7.301903194851345
1,twain,668,wells,6.594333092371623
1,twain,668,austen,6.388588110605876
1,twain,668,fitzgerald,6.602714266095843
1,twain,668,twain,6.640336900949478
1,twain,669,train,4.713017582893372
1,twain,669,baum,6.326127052307129
1,twain,669,thompson,7.005479097366333
1,twain,669,dickens,6.492574055989583
1,twain,669,melville,7.295244587792291
1,twain,669,wells,6.5798812707265215
1,twain,669,austen,6.384299993515015
1,twain,669,fitzgerald,6.594275678907122
1,twain,669,twain,6.637748956680298
1,twain,670,train,4.845294952392578
1,twain,670,baum,6.337450861930847
1,twain,670,thompson,7.00892448425293
1,twain,670,dickens,6.496700922648112
1,twain,670,melville,7.299451722039117
1,twain,670,wells,6.595236857732137
1,twain,670,austen,6.394150336583455
1,twain,670,fitzgerald,6.600490161350796
1,twain,670,twain,6.635509133338928
1,twain,671,train,4.764517784118652
1,twain,671,baum,6.327961444854736
1,twain,671,thompson,7.008744955062866
1,twain,671,dickens,6.49449634552002
1,twain,671,melville,7.300771130455865
1,twain,671,wells,6.58925724029541
1,twain,671,austen,6.390582640965779
1,twain,671,fitzgerald,6.596367631639753
1,twain,671,twain,6.640060126781464
1,twain,672,train,4.834855914115906
1,twain,672,baum,6.326864957809448
1,twain,672,thompson,7.006423115730286
1,twain,672,dickens,6.494314034779866
1,twain,672,melville,7.304728825887044
1,twain,672,wells,6.588363170623779
1,twain,672,austen,6.388970931371053
1,twain,672,fitzgerald,6.597111429486956
1,twain,672,twain,6.638871014118195
1,twain,673,train,4.788317441940308
1,twain,673,baum,6.337469696998596
1,twain,673,thompson,7.015502452850342
1,twain,673,dickens,6.505044142405192
1,twain,673,melville,7.31551096174452
1,twain,673,wells,6.602212031682332
1,twain,673,austen,6.39579701423645
1,twain,673,fitzgerald,6.60754258292062
1,twain,673,twain,6.646447986364365
1,twain,674,train,4.739685893058777
1,twain,674,baum,6.328126311302185
1,twain,674,thompson,7.010430455207825
1,twain,674,dickens,6.492792129516602
1,twain,674,melville,7.311717404259576
1,twain,674,wells,6.590236743291219
1,twain,674,austen,6.390547752380371
1,twain,674,fitzgerald,6.599209717341831
1,twain,674,twain,6.641797333955765
1,twain,675,train,4.7851725816726685
1,twain,675,baum,6.334104180335999
1,twain,675,thompson,7.010935664176941
1,twain,675,dickens,6.496875762939453
1,twain,675,melville,7.306172476874457
1,twain,675,wells,6.593647480010986
1,twain,675,austen,6.389426708221436
1,twain,675,fitzgerald,6.601157460893903
1,twain,675,twain,6.639435946941376
1,twain,676,train,4.76769495010376
1,twain,676,baum,6.3341381549835205
1,twain,676,thompson,7.0141026973724365
1,twain,676,dickens,6.495955308278401
1,twain,676,melville,7.305512587229411
1,twain,676,wells,6.596869786580403
1,twain,676,austen,6.3919219970703125
1,twain,676,fitzgerald,6.604389803750174
1,twain,676,twain,6.6412672102451324
1,twain,677,train,4.706570863723755
1,twain,677,baum,6.327341198921204
1,twain,677,thompson,7.008544921875
1,twain,677,dickens,6.492630481719971
1,twain,677,melville,7.306398868560791
1,twain,677,wells,6.584991534550984
1,twain,677,austen,6.387850522994995
1,twain,677,fitzgerald,6.596072810036795
1,twain,677,twain,6.637880444526672
1,twain,678,train,4.718528747558594
1,twain,678,baum,6.342730164527893
1,twain,678,thompson,7.010331988334656
1,twain,678,dickens,6.504866123199463
1,twain,678,melville,7.296784559885661
1,twain,678,wells,6.5988663037618
1,twain,678,austen,6.396039247512817
1,twain,678,fitzgerald,6.604123456137521
1,twain,678,twain,6.630626887083054
1,twain,679,train,4.732929110527039
1,twain,679,baum,6.337400555610657
1,twain,679,thompson,7.019112706184387
1,twain,679,dickens,6.502981344858806
1,twain,679,melville,7.307225121392144
1,twain,679,wells,6.597038825352986
1,twain,679,austen,6.396401802698772
1,twain,679,fitzgerald,6.604467051369803
1,twain,679,twain,6.636426150798798
1,twain,680,train,4.727955102920532
1,twain,680,baum,6.331202149391174
1,twain,680,thompson,7.013305425643921
1,twain,680,dickens,6.498859882354736
1,twain,680,melville,7.305507024129231
1,twain,680,wells,6.589287996292114
1,twain,680,austen,6.38955028851827
1,twain,680,fitzgerald,6.59927613394601
1,twain,680,twain,6.642292380332947
1,twain,681,train,4.773691296577454
1,twain,681,baum,6.3364609479904175
1,twain,681,thompson,7.016378283500671
1,twain,681,dickens,6.508060614267985
1,twain,681,melville,7.311709827846951
1,twain,681,wells,6.604565699895223
1,twain,681,austen,6.401448249816895
1,twain,681,fitzgerald,6.607674394335065
1,twain,681,twain,6.64210444688797
1,twain,682,train,4.779810428619385
1,twain,682,baum,6.331789016723633
1,twain,682,thompson,7.0136425495147705
1,twain,682,dickens,6.497056325276692
1,twain,682,melville,7.302052921719021
1,twain,682,wells,6.589678366978963
1,twain,682,austen,6.390734434127808
1,twain,682,fitzgerald,6.600616250719343
1,twain,682,twain,6.634978711605072
1,twain,683,train,4.724512100219727
1,twain,683,baum,6.332956671714783
1,twain,683,thompson,7.014442801475525
1,twain,683,dickens,6.503065745035808
1,twain,683,melville,7.306325011783176
1,twain,683,wells,6.596646229426066
1,twain,683,austen,6.394447326660156
1,twain,683,fitzgerald,6.604279177529471
1,twain,683,twain,6.639909416437149
1,twain,684,train,4.756113409996033
1,twain,684,baum,6.333004355430603
1,twain,684,thompson,7.016187906265259
1,twain,684,dickens,6.498656113942464
1,twain,684,melville,7.305594656202528
1,twain,684,wells,6.594719568888347
1,twain,684,austen,6.395087480545044
1,twain,684,fitzgerald,6.602380616324289
1,twain,684,twain,6.642105162143707
1,twain,685,train,4.752703428268433
1,twain,685,baum,6.344587683677673
1,twain,685,thompson,7.022626042366028
1,twain,685,dickens,6.512442747751872
1,twain,685,melville,7.319608794318305
1,twain,685,wells,6.613516887029012
1,twain,685,austen,6.410880406697591
1,twain,685,fitzgerald,6.617478847503662
1,twain,685,twain,6.647410303354263
1,twain,686,train,4.759547233581543
1,twain,686,baum,6.322548031806946
1,twain,686,thompson,7.017483592033386
1,twain,686,dickens,6.497838020324707
1,twain,686,melville,7.311223189036052
1,twain,686,wells,6.58764402071635
1,twain,686,austen,6.382579247156779
1,twain,686,fitzgerald,6.600509030478341
1,twain,686,twain,6.64503738284111
1,twain,687,train,4.779090523719788
1,twain,687,baum,6.340183615684509
1,twain,687,thompson,7.019819021224976
1,twain,687,dickens,6.507909933725993
1,twain,687,melville,7.305251386430529
1,twain,687,wells,6.602992137273152
1,twain,687,austen,6.400303840637207
1,twain,687,fitzgerald,6.606094019753592
1,twain,687,twain,6.639091044664383
1,twain,688,train,4.739478349685669
1,twain,688,baum,6.337711572647095
1,twain,688,thompson,7.020457863807678
1,twain,688,dickens,6.5089906056722
1,twain,688,melville,7.316071563296848
1,twain,688,wells,6.605876127878825
1,twain,688,austen,6.400785764058431
1,twain,688,fitzgerald,6.611579690660749
1,twain,688,twain,6.642999976873398
1,twain,689,train,4.718069672584534
1,twain,689,baum,6.334760546684265
1,twain,689,thompson,7.0175453424453735
1,twain,689,dickens,6.501000245412191
1,twain,689,melville,7.314674006568061
1,twain,689,wells,6.597318808237712
1,twain,689,austen,6.3965574105580645
1,twain,689,fitzgerald,6.605559825897217
1,twain,689,twain,6.638385593891144
1,twain,690,train,4.714504718780518
1,twain,690,baum,6.34236466884613
1,twain,690,thompson,7.022329688072205
1,twain,690,dickens,6.506561756134033
1,twain,690,melville,7.306714799669054
1,twain,690,wells,6.606890916824341
1,twain,690,austen,6.399115085601807
1,twain,690,fitzgerald,6.610626970018659
1,twain,690,twain,6.6361163854599
1,twain,691,train,4.71419882774353
1,twain,691,baum,6.343631863594055
1,twain,691,thompson,7.022172570228577
1,twain,691,dickens,6.512233257293701
1,twain,691,melville,7.324342886606852
1,twain,691,wells,6.618246555328369
1,twain,691,austen,6.41175119082133
1,twain,691,fitzgerald,6.61542626789638
1,twain,691,twain,6.648318141698837
1,twain,692,train,4.710132718086243
1,twain,692,baum,6.335785150527954
1,twain,692,thompson,7.016226649284363
1,twain,692,dickens,6.5073591868082685
1,twain,692,melville,7.308882024553087
1,twain,692,wells,6.598384380340576
1,twain,692,austen,6.397807916005452
1,twain,692,fitzgerald,6.607224600655692
1,twain,692,twain,6.639361023902893
1,twain,693,train,4.708388090133667
1,twain,693,baum,6.338352203369141
1,twain,693,thompson,7.018093943595886
1,twain,693,dickens,6.505884011586507
1,twain,693,melville,7.314403851826985
1,twain,693,wells,6.605326890945435
1,twain,693,austen,6.398829857508342
1,twain,693,fitzgerald,6.610858304159982
1,twain,693,twain,6.64061850309372
1,twain,694,train,4.7029789686203
1,twain,694,baum,6.345049977302551
1,twain,694,thompson,7.028911113739014
1,twain,694,dickens,6.517755031585693
1,twain,694,melville,7.328039858076307
1,twain,694,wells,6.610289494196574
1,twain,694,austen,6.408254782358806
1,twain,694,fitzgerald,6.617342335837228
1,twain,694,twain,6.651210218667984
1,twain,695,train,4.718178033828735
1,twain,695,baum,6.333183526992798
1,twain,695,thompson,7.015981435775757
1,twain,695,dickens,6.507206122080485
1,twain,695,melville,7.321187072330051
1,twain,695,wells,6.5962278842926025
1,twain,695,austen,6.397130091985066
1,twain,695,fitzgerald,6.6068315505981445
1,twain,695,twain,6.649073451757431
1,twain,696,train,4.724361896514893
1,twain,696,baum,6.334208726882935
1,twain,696,thompson,7.023766398429871
1,twain,696,dickens,6.507181962331136
1,twain,696,melville,7.328828864627415
1,twain,696,wells,6.602072556813558
1,twain,696,austen,6.397969722747803
1,twain,696,fitzgerald,6.610043253217425
1,twain,696,twain,6.647363305091858
1,twain,697,train,4.710392951965332
1,twain,697,baum,6.336828827857971
1,twain,697,thompson,7.019580364227295
1,twain,697,dickens,6.5072072347005205
1,twain,697,melville,7.309612698025173
1,twain,697,wells,6.602452993392944
1,twain,697,austen,6.398258288701375
1,twain,697,fitzgerald,6.6080169677734375
1,twain,697,twain,6.639482915401459
1,twain,698,train,4.7557337284088135
1,twain,698,baum,6.33751904964447
1,twain,698,thompson,7.019992828369141
1,twain,698,dickens,6.510384718577067
1,twain,698,melville,7.322578324211968
1,twain,698,wells,6.606703996658325
1,twain,698,austen,6.403839747111003
1,twain,698,fitzgerald,6.6099965912955145
1,twain,698,twain,6.645201474428177
1,twain,699,train,4.707526683807373
1,twain,699,baum,6.333130240440369
1,twain,699,thompson,7.029635429382324
1,twain,699,dickens,6.512182076772054
1,twain,699,melville,7.336219045850965
1,twain,699,wells,6.605034112930298
1,twain,699,austen,6.400225003560384
1,twain,699,fitzgerald,6.614335400717599
1,twain,699,twain,6.653268128633499
1,twain,700,train,4.729767799377441
1,twain,700,baum,6.3458685874938965
1,twain,700,thompson,7.028793096542358
1,twain,700,dickens,6.513733545939128
1,twain,700,melville,7.330507278442383
1,twain,700,wells,6.612371603647868
1,twain,700,austen,6.406107664108276
1,twain,700,fitzgerald,6.619291169302804
1,twain,700,twain,6.646172970533371
1,twain,701,train,4.694216966629028
1,twain,701,baum,6.344063997268677
1,twain,701,thompson,7.029862403869629
1,twain,701,dickens,6.5183900197347
1,twain,701,melville,7.330773724450005
1,twain,701,wells,6.61173399289449
1,twain,701,austen,6.404054005940755
1,twain,701,fitzgerald,6.617891788482666
1,twain,701,twain,6.646071434020996
1,twain,702,train,4.688971519470215
1,twain,702,baum,6.345708250999451
1,twain,702,thompson,7.02193284034729
1,twain,702,dickens,6.515233039855957
1,twain,702,melville,7.31854083802965
1,twain,702,wells,6.607238133748372
1,twain,702,austen,6.402837912241618
1,twain,702,fitzgerald,6.6138288634164
1,twain,702,twain,6.638899981975555
1,twain,703,train,4.707348704338074
1,twain,703,baum,6.343523025512695
1,twain,703,thompson,7.031523823738098
1,twain,703,dickens,6.510945955912272
1,twain,703,melville,7.324634022182888
1,twain,703,wells,6.606317599614461
1,twain,703,austen,6.401726404825847
1,twain,703,fitzgerald,6.616266999925886
1,twain,703,twain,6.643433153629303
1,twain,704,train,4.66819953918457
1,twain,704,baum,6.347434639930725
1,twain,704,thompson,7.031545519828796
1,twain,704,dickens,6.519348939259847
1,twain,704,melville,7.329880661434597
1,twain,704,wells,6.614595810572307
1,twain,704,austen,6.412826061248779
1,twain,704,fitzgerald,6.617953300476074
1,twain,704,twain,6.649368166923523
1,twain,705,train,4.7333983182907104
1,twain,705,baum,6.347031116485596
1,twain,705,thompson,7.0299766063690186
1,twain,705,dickens,6.517506758371989
1,twain,705,melville,7.326221889919704
1,twain,705,wells,6.610899527867635
1,twain,705,austen,6.404560407002767
1,twain,705,fitzgerald,6.616733891623361
1,twain,705,twain,6.64541894197464
1,twain,706,train,4.687519192695618
1,twain,706,baum,6.346872448921204
1,twain,706,thompson,7.030604958534241
1,twain,706,dickens,6.517123222351074
1,twain,706,melville,7.323884858025445
1,twain,706,wells,6.61207930246989
1,twain,706,austen,6.405975421269734
1,twain,706,fitzgerald,6.620490823473249
1,twain,706,twain,6.644455999135971
1,twain,707,train,4.63010036945343
1,twain,707,baum,6.352840185165405
1,twain,707,thompson,7.033027410507202
1,twain,707,dickens,6.525267124176025
1,twain,707,melville,7.324364132351345
1,twain,707,wells,6.61437710126241
1,twain,707,austen,6.411943276723226
1,twain,707,fitzgerald,6.622201442718506
1,twain,707,twain,6.644511342048645
1,twain,708,train,4.72072970867157
1,twain,708,baum,6.347650170326233
1,twain,708,thompson,7.034160733222961
1,twain,708,dickens,6.520870367685954
1,twain,708,melville,7.325445281134711
1,twain,708,wells,6.617043654123942
1,twain,708,austen,6.405481735865275
1,twain,708,fitzgerald,6.621888705662319
1,twain,708,twain,6.6455042362213135
1,twain,709,train,4.769859671592712
1,twain,709,baum,6.347281336784363
1,twain,709,thompson,7.026267766952515
1,twain,709,dickens,6.514050801595052
1,twain,709,melville,7.315048588646783
1,twain,709,wells,6.607271353403728
1,twain,709,austen,6.401227394739787
1,twain,709,fitzgerald,6.614170278821673
1,twain,709,twain,6.639262765645981
1,twain,710,train,4.675209403038025
1,twain,710,baum,6.352798104286194
1,twain,710,thompson,7.035696625709534
1,twain,710,dickens,6.516083240509033
1,twain,710,melville,7.323233021630181
1,twain,710,wells,6.615670760472615
1,twain,710,austen,6.41022006670634
1,twain,710,fitzgerald,6.621236460549491
1,twain,710,twain,6.645753920078278
1,twain,711,train,4.673364639282227
1,twain,711,baum,6.348178744316101
1,twain,711,thompson,7.028361439704895
1,twain,711,dickens,6.511147816975911
1,twain,711,melville,7.319326718648274
1,twain,711,wells,6.61040472984314
1,twain,711,austen,6.403836886088054
1,twain,711,fitzgerald,6.616150515420096
1,twain,711,twain,6.638754189014435
1,twain,712,train,4.6437894105911255
1,twain,712,baum,6.345655798912048
1,twain,712,thompson,7.0268402099609375
1,twain,712,dickens,6.516214529673259
1,twain,712,melville,7.319050788879394
1,twain,712,wells,6.611526012420654
1,twain,712,austen,6.399534702301025
1,twain,712,fitzgerald,6.616060870034354
1,twain,712,twain,6.641110271215439
1,twain,713,train,4.743051171302795
1,twain,713,baum,6.355439782142639
1,twain,713,thompson,7.036213874816895
1,twain,713,dickens,6.516848564147949
1,twain,713,melville,7.333020157284206
1,twain,713,wells,6.61975638071696
1,twain,713,austen,6.4178360303243
1,twain,713,fitzgerald,6.622717039925711
1,twain,713,twain,6.647655367851257
1,twain,714,train,4.705642819404602
1,twain,714,baum,6.35110330581665
1,twain,714,thompson,7.033726930618286
1,twain,714,dickens,6.516228357950847
1,twain,714,melville,7.325382073720296
1,twain,714,wells,6.611463626225789
1,twain,714,austen,6.40574296315511
1,twain,714,fitzgerald,6.617516108921596
1,twain,714,twain,6.642450928688049
1,twain,715,train,4.668308734893799
1,twain,715,baum,6.357097268104553
1,twain,715,thompson,7.037177085876465
1,twain,715,dickens,6.520459810892741
1,twain,715,melville,7.338275909423828
1,twain,715,wells,6.624828974405925
1,twain,715,austen,6.416399161020915
1,twain,715,fitzgerald,6.6270599365234375
1,twain,715,twain,6.647973388433456
1,twain,716,train,4.684298515319824
1,twain,716,baum,6.342417001724243
1,twain,716,thompson,7.032825589179993
1,twain,716,dickens,6.515622774759929
1,twain,716,melville,7.333263397216797
1,twain,716,wells,6.605583429336548
1,twain,716,austen,6.400769790013631
1,twain,716,fitzgerald,6.613822528294155
1,twain,716,twain,6.647276788949966
1,twain,717,train,4.663391947746277
1,twain,717,baum,6.348309636116028
1,twain,717,thompson,7.035823941230774
1,twain,717,dickens,6.525520006815593
1,twain,717,melville,7.337815178765191
1,twain,717,wells,6.615602572758992
1,twain,717,austen,6.408849557240804
1,twain,717,fitzgerald,6.6231697627476285
1,twain,717,twain,6.65021362900734
1,twain,718,train,4.664430499076843
1,twain,718,baum,6.353360533714294
1,twain,718,thompson,7.036325097084045
1,twain,718,dickens,6.526427745819092
1,twain,718,melville,7.338885254330105
1,twain,718,wells,6.619596560796102
1,twain,718,austen,6.412152846654256
1,twain,718,fitzgerald,6.621723243168423
1,twain,718,twain,6.652342587709427
1,twain,719,train,4.669180870056152
1,twain,719,baum,6.350700616836548
1,twain,719,thompson,7.033431172370911
1,twain,719,dickens,6.518178304036458
1,twain,719,melville,7.332439846462673
1,twain,719,wells,6.611332098642985
1,twain,719,austen,6.408402681350708
1,twain,719,fitzgerald,6.619179248809815
1,twain,719,twain,6.646442502737045
1,twain,720,train,4.66935122013092
1,twain,720,baum,6.360047340393066
1,twain,720,thompson,7.044862985610962
1,twain,720,dickens,6.530576705932617
1,twain,720,melville,7.340370549096002
1,twain,720,wells,6.624268929163615
1,twain,720,austen,6.416353146235148
1,twain,720,fitzgerald,6.629190444946289
1,twain,720,twain,6.651161998510361
1,twain,721,train,4.68390965461731
1,twain,721,baum,6.365909814834595
1,twain,721,thompson,7.045408129692078
1,twain,721,dickens,6.535630861918132
1,twain,721,melville,7.334985627068414
1,twain,721,wells,6.62836480140686
1,twain,721,austen,6.420752922693889
1,twain,721,fitzgerald,6.633569921766009
1,twain,721,twain,6.649019330739975
1,twain,722,train,4.709951639175415
1,twain,722,baum,6.350780606269836
1,twain,722,thompson,7.033988118171692
1,twain,722,dickens,6.521951198577881
1,twain,722,melville,7.341720316145155
1,twain,722,wells,6.613338867823283
1,twain,722,austen,6.408580303192139
1,twain,722,fitzgerald,6.6198192323957175
1,twain,722,twain,6.648725122213364
1,twain,723,train,4.707488417625427
1,twain,723,baum,6.343019962310791
1,twain,723,thompson,7.033504843711853
1,twain,723,dickens,6.517786979675293
1,twain,723,melville,7.324953556060791
1,twain,723,wells,6.60265835126241
1,twain,723,austen,6.399148225784302
1,twain,723,fitzgerald,6.616181441715786
1,twain,723,twain,6.643810331821442
1,twain,724,train,4.680355310440064
1,twain,724,baum,6.358009576797485
1,twain,724,thompson,7.042925596237183
1,twain,724,dickens,6.532433827718099
1,twain,724,melville,7.348700841267903
1,twain,724,wells,6.625181595484416
1,twain,724,austen,6.414870818456014
1,twain,724,fitzgerald,6.63106278010777
1,twain,724,twain,6.65387162566185
1,twain,725,train,4.6213812828063965
1,twain,725,baum,6.361790657043457
1,twain,725,thompson,7.048112630844116
1,twain,725,dickens,6.539695739746094
1,twain,725,melville,7.348950386047363
1,twain,725,wells,6.624085267384847
1,twain,725,austen,6.418308178583781
1,twain,725,fitzgerald,6.633727414267404
1,twain,725,twain,6.656411498785019
1,twain,726,train,4.712716817855835
1,twain,726,baum,6.363742709159851
1,twain,726,thompson,7.042644023895264
1,twain,726,dickens,6.533999919891357
1,twain,726,melville,7.33853186501397
1,twain,726,wells,6.631584008534749
1,twain,726,austen,6.42409102121989
1,twain,726,fitzgerald,6.632620334625244
1,twain,726,twain,6.649032533168793
1,twain,727,train,4.662928223609924
1,twain,727,baum,6.353488087654114
1,twain,727,thompson,7.046679735183716
1,twain,727,dickens,6.529174327850342
1,twain,727,melville,7.346449057261149
1,twain,727,wells,6.622371912002564
1,twain,727,austen,6.417421738306682
1,twain,727,fitzgerald,6.627479416983468
1,twain,727,twain,6.654194802045822
1,twain,728,train,4.633901596069336
1,twain,728,baum,6.370997309684753
1,twain,728,thompson,7.061376452445984
1,twain,728,dickens,6.543404738108317
1,twain,728,melville,7.360446506076389
1,twain,728,wells,6.637622753779094
1,twain,728,austen,6.429348866144816
1,twain,728,fitzgerald,6.646740845271519
1,twain,728,twain,6.661897391080856
1,twain,729,train,4.707125544548035
1,twain,729,baum,6.363034009933472
1,twain,729,thompson,7.048093795776367
1,twain,729,dickens,6.530688285827637
1,twain,729,melville,7.345969782935248
1,twain,729,wells,6.62937053044637
1,twain,729,austen,6.416526397069295
1,twain,729,fitzgerald,6.6305999755859375
1,twain,729,twain,6.653011649847031
1,twain,730,train,4.635859608650208
1,twain,730,baum,6.357494950294495
1,twain,730,thompson,7.053903937339783
1,twain,730,dickens,6.535464604695638
1,twain,730,melville,7.357767317030165
1,twain,730,wells,6.63193694750468
1,twain,730,austen,6.421144962310791
1,twain,730,fitzgerald,6.638220650809152
1,twain,730,twain,6.657273709774017
1,twain,731,train,4.614767909049988
1,twain,731,baum,6.352245330810547
1,twain,731,thompson,7.0442891120910645
1,twain,731,dickens,6.528101762135823
1,twain,731,melville,7.33893797132704
1,twain,731,wells,6.616385539372762
1,twain,731,austen,6.40831716855367
1,twain,731,fitzgerald,6.623304026467459
1,twain,731,twain,6.648147910833359
1,twain,732,train,4.608372092247009
1,twain,732,baum,6.371021628379822
1,twain,732,thompson,7.055102705955505
1,twain,732,dickens,6.541955629984538
1,twain,732,melville,7.352085484398736
1,twain,732,wells,6.638578653335571
1,twain,732,austen,6.426494836807251
1,twain,732,fitzgerald,6.64136096409389
1,twain,732,twain,6.652505069971085
1,twain,733,train,4.608293056488037
1,twain,733,baum,6.36141562461853
1,twain,733,thompson,7.055073857307434
1,twain,733,dickens,6.542529741923015
1,twain,733,melville,7.356922785441081
1,twain,733,wells,6.635024944941203
1,twain,733,austen,6.422829071680705
1,twain,733,fitzgerald,6.638824326651437
1,twain,733,twain,6.658345252275467
1,twain,734,train,4.637710332870483
1,twain,734,baum,6.371763467788696
1,twain,734,thompson,7.0580878257751465
1,twain,734,dickens,6.544471899668376
1,twain,734,melville,7.348232216305202
1,twain,734,wells,6.640616814295451
1,twain,734,austen,6.428599278132121
1,twain,734,fitzgerald,6.645244666508266
1,twain,734,twain,6.651210576295853
1,twain,735,train,4.676233530044556
1,twain,735,baum,6.366779685020447
1,twain,735,thompson,7.057108163833618
1,twain,735,dickens,6.538919607798259
1,twain,735,melville,7.343432320488824
1,twain,735,wells,6.632339557011922
1,twain,735,austen,6.424710909525554
1,twain,735,fitzgerald,6.635683059692383
1,twain,735,twain,6.6492889523506165
1,twain,736,train,4.604675769805908
1,twain,736,baum,6.373954892158508
1,twain,736,thompson,7.050955057144165
1,twain,736,dickens,6.539645989735921
1,twain,736,melville,7.3502475420633955
1,twain,736,wells,6.6369030475616455
1,twain,736,austen,6.42995285987854
1,twain,736,fitzgerald,6.640940189361572
1,twain,736,twain,6.649239182472229
1,twain,737,train,4.604828357696533
1,twain,737,baum,6.357105851173401
1,twain,737,thompson,7.055909991264343
1,twain,737,dickens,6.529298464457194
1,twain,737,melville,7.35758728451199
1,twain,737,wells,6.618590990702312
1,twain,737,austen,6.410451173782349
1,twain,737,fitzgerald,6.6313347816467285
1,twain,737,twain,6.654891014099121
1,twain,738,train,4.63534152507782
1,twain,738,baum,6.371819019317627
1,twain,738,thompson,7.058888077735901
1,twain,738,dickens,6.546403090159099
1,twain,738,melville,7.349001195695665
1,twain,738,wells,6.641481002171834
1,twain,738,austen,6.431771357854207
1,twain,738,fitzgerald,6.643373080662319
1,twain,738,twain,6.652815401554108
1,twain,739,train,4.603912353515625
1,twain,739,baum,6.367113828659058
1,twain,739,thompson,7.061379313468933
1,twain,739,dickens,6.547041893005371
1,twain,739,melville,7.3619357744852705
1,twain,739,wells,6.641546646753947
1,twain,739,austen,6.430680354436238
1,twain,739,fitzgerald,6.64305169241769
1,twain,739,twain,6.657988101243973
1,twain,740,train,4.609554886817932
1,twain,740,baum,6.361901044845581
1,twain,740,thompson,7.054078221321106
1,twain,740,dickens,6.529134591420491
1,twain,740,melville,7.343083222707112
1,twain,740,wells,6.627498308817546
1,twain,740,austen,6.419294913609822
1,twain,740,fitzgerald,6.635542528969901
1,twain,740,twain,6.647599995136261
1,twain,741,train,4.614607572555542
1,twain,741,baum,6.376844882965088
1,twain,741,thompson,7.06502902507782
1,twain,741,dickens,6.54975954691569
1,twain,741,melville,7.365353849199083
1,twain,741,wells,6.649310032526652
1,twain,741,austen,6.440988143285115
1,twain,741,fitzgerald,6.650898184095111
1,twain,741,twain,6.660233289003372
1,twain,742,train,4.65436327457428
1,twain,742,baum,6.367721080780029
1,twain,742,thompson,7.059990286827087
1,twain,742,dickens,6.53786563873291
1,twain,742,melville,7.348979949951172
1,twain,742,wells,6.632063388824463
1,twain,742,austen,6.422247966130574
1,twain,742,fitzgerald,6.64210673740932
1,twain,742,twain,6.652029693126679
1,twain,743,train,4.595412969589233
1,twain,743,baum,6.365349054336548
1,twain,743,thompson,7.059095978736877
1,twain,743,dickens,6.542614777882894
1,twain,743,melville,7.363275263044569
1,twain,743,wells,6.636566162109375
1,twain,743,austen,6.42423137029012
1,twain,743,fitzgerald,6.641545295715332
1,twain,743,twain,6.660332351922989
1,twain,744,train,4.591530919075012
1,twain,744,baum,6.362807393074036
1,twain,744,thompson,7.056487679481506
1,twain,744,dickens,6.531104564666748
1,twain,744,melville,7.352654510074192
1,twain,744,wells,6.626206159591675
1,twain,744,austen,6.418294827143352
1,twain,744,fitzgerald,6.636277266911098
1,twain,744,twain,6.65295735001564
1,twain,745,train,4.6282840967178345
1,twain,745,baum,6.382113456726074
1,twain,745,thompson,7.066979169845581
1,twain,745,dickens,6.54896895090739
1,twain,745,melville,7.355511983235677
1,twain,745,wells,6.652332226435344
1,twain,745,austen,6.441371281941732
1,twain,745,fitzgerald,6.653168405805316
1,twain,745,twain,6.653454035520554
1,twain,746,train,4.62076723575592
1,twain,746,baum,6.364469528198242
1,twain,746,thompson,7.053651332855225
1,twain,746,dickens,6.535279432932536
1,twain,746,melville,7.3424099286397295
1,twain,746,wells,6.631573677062988
1,twain,746,austen,6.420276880264282
1,twain,746,fitzgerald,6.639077322823661
1,twain,746,twain,6.644914627075195
1,twain,747,train,4.6511335372924805
1,twain,747,baum,6.3678789138793945
1,twain,747,thompson,7.062350153923035
1,twain,747,dickens,6.543019930521647
1,twain,747,melville,7.364930046929254
1,twain,747,wells,6.646719217300415
1,twain,747,austen,6.431871175765991
1,twain,747,fitzgerald,6.648920059204102
1,twain,747,twain,6.659429401159287
1,twain,748,train,4.548758029937744
1,twain,748,baum,6.369516372680664
1,twain,748,thompson,7.059263944625855
1,twain,748,dickens,6.539968172709147
1,twain,748,melville,7.35287078221639
1,twain,748,wells,6.639574527740479
1,twain,748,austen,6.425821701685588
1,twain,748,fitzgerald,6.642460891178676
1,twain,748,twain,6.653538197278976
1,twain,749,train,4.617117285728455
1,twain,749,baum,6.36593770980835
1,twain,749,thompson,7.075886607170105
1,twain,749,dickens,6.544636408487956
1,twain,749,melville,7.389875306023492
1,twain,749,wells,6.639912923177083
1,twain,749,austen,6.42706576983134
1,twain,749,fitzgerald,6.64999212537493
1,twain,749,twain,6.670616805553436
1,twain,750,train,4.576382637023926
1,twain,750,baum,6.377281904220581
1,twain,750,thompson,7.065351486206055
1,twain,750,dickens,6.549325942993164
1,twain,750,melville,7.371409893035889
1,twain,750,wells,6.6475733915964765
1,twain,750,austen,6.435887813568115
1,twain,750,fitzgerald,6.647777761731829
1,twain,750,twain,6.659874558448792
1,twain,751,train,4.538439393043518
1,twain,751,baum,6.370805263519287
1,twain,751,thompson,7.067163348197937
1,twain,751,dickens,6.542164484659831
1,twain,751,melville,7.363673316107856
1,twain,751,wells,6.638503789901733
1,twain,751,austen,6.42569629351298
1,twain,751,fitzgerald,6.645927565438407
1,twain,751,twain,6.656131327152252
1,twain,752,train,4.584032416343689
1,twain,752,baum,6.371731400489807
1,twain,752,thompson,7.066750764846802
1,twain,752,dickens,6.552564303080241
1,twain,752,melville,7.361863560146755
1,twain,752,wells,6.645609537760417
1,twain,752,austen,6.4317893187205
1,twain,752,fitzgerald,6.648558684757778
1,twain,752,twain,6.6618615090847015
1,twain,753,train,4.615172863006592
1,twain,753,baum,6.374533176422119
1,twain,753,thompson,7.061657547950745
1,twain,753,dickens,6.551424344380696
1,twain,753,melville,7.353188938564724
1,twain,753,wells,6.648071527481079
1,twain,753,austen,6.437921524047852
1,twain,753,fitzgerald,6.647255216326032
1,twain,753,twain,6.652039408683777
1,twain,754,train,4.562610149383545
1,twain,754,baum,6.372458577156067
1,twain,754,thompson,7.065527319908142
1,twain,754,dickens,6.547439416249593
1,twain,754,melville,7.362872706519233
1,twain,754,wells,6.637800216674805
1,twain,754,austen,6.427419185638428
1,twain,754,fitzgerald,6.649416719164167
1,twain,754,twain,6.653247684240341
1,twain,755,train,4.584686279296875
1,twain,755,baum,6.38122034072876
1,twain,755,thompson,7.070919036865234
1,twain,755,dickens,6.553801377614339
1,twain,755,melville,7.36694531970554
1,twain,755,wells,6.652678648630778
1,twain,755,austen,6.436856826146443
1,twain,755,fitzgerald,6.652882099151611
1,twain,755,twain,6.655847191810608
1,twain,756,train,4.594457626342773
1,twain,756,baum,6.3798253536224365
1,twain,756,thompson,7.074701428413391
1,twain,756,dickens,6.560511112213135
1,twain,756,melville,7.376044856177436
1,twain,756,wells,6.653962771097819
1,twain,756,austen,6.437257766723633
1,twain,756,fitzgerald,6.658050945826939
1,twain,756,twain,6.665003180503845
1,twain,757,train,4.61665141582489
1,twain,757,baum,6.378806948661804
1,twain,757,thompson,7.07356333732605
1,twain,757,dickens,6.552765846252441
1,twain,757,melville,7.374937693277995
1,twain,757,wells,6.6480796337127686
1,twain,757,austen,6.434502124786377
1,twain,757,fitzgerald,6.65450804574149
1,twain,757,twain,6.664848119020462
1,twain,758,train,4.4925113916397095
1,twain,758,baum,6.373727202415466
1,twain,758,thompson,7.074769735336304
1,twain,758,dickens,6.552537282307942
1,twain,758,melville,7.378086566925049
1,twain,758,wells,6.651853164037068
1,twain,758,austen,6.434181133906047
1,twain,758,fitzgerald,6.653234686170306
1,twain,758,twain,6.667030304670334
1,twain,759,train,4.570200085639954
1,twain,759,baum,6.3872538805007935
1,twain,759,thompson,7.07800018787384
1,twain,759,dickens,6.561810811360677
1,twain,759,melville,7.371304035186768
1,twain,759,wells,6.660838524500529
1,twain,759,austen,6.448016961415608
1,twain,759,fitzgerald,6.660414355141776
1,twain,759,twain,6.6629451513290405
1,twain,760,train,4.610581636428833
1,twain,760,baum,6.386291980743408
1,twain,760,thompson,7.078637719154358
1,twain,760,dickens,6.556171576182048
1,twain,760,melville,7.36972098880344
1,twain,760,wells,6.65331490834554
1,twain,760,austen,6.445124467213948
1,twain,760,fitzgerald,6.656115600040981
1,twain,760,twain,6.656900972127914
1,twain,761,train,4.531621932983398
1,twain,761,baum,6.38720428943634
1,twain,761,thompson,7.0739666223526
1,twain,761,dickens,6.5576785405476885
1,twain,761,melville,7.360824373033312
1,twain,761,wells,6.657784620920817
1,twain,761,austen,6.444164435068767
1,twain,761,fitzgerald,6.657746859959194
1,twain,761,twain,6.65701150894165
1,twain,762,train,4.604219079017639
1,twain,762,baum,6.3847798109054565
1,twain,762,thompson,7.082913041114807
1,twain,762,dickens,6.567044576009114
1,twain,762,melville,7.380350748697917
1,twain,762,wells,6.663185834884644
1,twain,762,austen,6.445951064427693
1,twain,762,fitzgerald,6.661998612540109
1,twain,762,twain,6.669151723384857
1,twain,763,train,4.594578385353088
1,twain,763,baum,6.383251190185547
1,twain,763,thompson,7.069163799285889
1,twain,763,dickens,6.555427710215251
1,twain,763,melville,7.350989659627278
1,twain,763,wells,6.651593844095866
1,twain,763,austen,6.440294663111369
1,twain,763,fitzgerald,6.6540237835475375
1,twain,763,twain,6.6530143320560455
1,twain,764,train,4.58849823474884
1,twain,764,baum,6.385024428367615
1,twain,764,thompson,7.071663498878479
1,twain,764,dickens,6.55962610244751
1,twain,764,melville,7.371629503038195
1,twain,764,wells,6.658582766850789
1,twain,764,austen,6.444826443990071
1,twain,764,fitzgerald,6.65745210647583
1,twain,764,twain,6.662107855081558
1,twain,765,train,4.567519783973694
1,twain,765,baum,6.376589059829712
1,twain,765,thompson,7.069890379905701
1,twain,765,dickens,6.550411383310954
1,twain,765,melville,7.362580723232693
1,twain,765,wells,6.6448118686676025
1,twain,765,austen,6.434407075246175
1,twain,765,fitzgerald,6.650776590619769
1,twain,765,twain,6.657237261533737
1,twain,766,train,4.62929892539978
1,twain,766,baum,6.378352522850037
1,twain,766,thompson,7.074039340019226
1,twain,766,dickens,6.552850246429443
1,twain,766,melville,7.370367368062337
1,twain,766,wells,6.655386050542195
1,twain,766,austen,6.437217394510905
1,twain,766,fitzgerald,6.655657700129917
1,twain,766,twain,6.66192364692688
1,twain,767,train,4.582188606262207
1,twain,767,baum,6.382532596588135
1,twain,767,thompson,7.0765544176101685
1,twain,767,dickens,6.562608242034912
1,twain,767,melville,7.375647968716091
1,twain,767,wells,6.6605658531188965
1,twain,767,austen,6.441562016805013
1,twain,767,fitzgerald,6.657904216221401
1,twain,767,twain,6.664901852607727
1,twain,768,train,4.567622303962708
1,twain,768,baum,6.396212458610535
1,twain,768,thompson,7.085907220840454
1,twain,768,dickens,6.5762513478597
1,twain,768,melville,7.374935203128391
1,twain,768,wells,6.669684807459514
1,twain,768,austen,6.451920906702678
1,twain,768,fitzgerald,6.668411391122
1,twain,768,twain,6.66467359662056
1,twain,769,train,4.567052841186523
1,twain,769,baum,6.388103008270264
1,twain,769,thompson,7.081297755241394
1,twain,769,dickens,6.5666704177856445
1,twain,769,melville,7.38004567888048
1,twain,769,wells,6.660674254099528
1,twain,769,austen,6.439926862716675
1,twain,769,fitzgerald,6.662006105695452
1,twain,769,twain,6.66242328286171
1,twain,770,train,4.540315508842468
1,twain,770,baum,6.3846317529678345
1,twain,770,thompson,7.080307364463806
1,twain,770,dickens,6.563069025675456
1,twain,770,melville,7.375547303093804
1,twain,770,wells,6.65328574180603
1,twain,770,austen,6.442071040471395
1,twain,770,fitzgerald,6.659371852874756
1,twain,770,twain,6.660113960504532
1,twain,771,train,4.538748145103455
1,twain,771,baum,6.398515105247498
1,twain,771,thompson,7.09173309803009
1,twain,771,dickens,6.57274595896403
1,twain,771,melville,7.382496727837457
1,twain,771,wells,6.669409513473511
1,twain,771,austen,6.455458561579387
1,twain,771,fitzgerald,6.670835971832275
1,twain,771,twain,6.66438090801239
1,twain,772,train,4.565060138702393
1,twain,772,baum,6.397536754608154
1,twain,772,thompson,7.085734844207764
1,twain,772,dickens,6.571074803670247
1,twain,772,melville,7.381916681925456
1,twain,772,wells,6.676387071609497
1,twain,772,austen,6.456125815709432
1,twain,772,fitzgerald,6.66997902733939
1,twain,772,twain,6.663090229034424
1,twain,773,train,4.508129477500916
1,twain,773,baum,6.382991313934326
1,twain,773,thompson,7.08377468585968
1,twain,773,dickens,6.556747913360596
1,twain,773,melville,7.375001218583849
1,twain,773,wells,6.652939637502034
1,twain,773,austen,6.440500179926555
1,twain,773,fitzgerald,6.658248424530029
1,twain,773,twain,6.66251927614212
1,twain,774,train,4.514391779899597
1,twain,774,baum,6.398321986198425
1,twain,774,thompson,7.09200382232666
1,twain,774,dickens,6.568921407063802
1,twain,774,melville,7.39042313893636
1,twain,774,wells,6.672638416290283
1,twain,774,austen,6.456020434697469
1,twain,774,fitzgerald,6.669845512935093
1,twain,774,twain,6.668477386236191
1,twain,775,train,4.549218416213989
1,twain,775,baum,6.392444014549255
1,twain,775,thompson,7.097419857978821
1,twain,775,dickens,6.568853219350179
1,twain,775,melville,7.40114884906345
1,twain,775,wells,6.6673816839853925
1,twain,775,austen,6.454322735468547
1,twain,775,fitzgerald,6.67088794708252
1,twain,775,twain,6.674585193395615
1,twain,776,train,4.55939793586731
1,twain,776,baum,6.389753580093384
1,twain,776,thompson,7.086608648300171
1,twain,776,dickens,6.565177122751872
1,twain,776,melville,7.388825681474474
1,twain,776,wells,6.658172527949016
1,twain,776,austen,6.449275573094686
1,twain,776,fitzgerald,6.663063662392752
1,twain,776,twain,6.666906982660294
1,twain,777,train,4.539568543434143
1,twain,777,baum,6.383091330528259
1,twain,777,thompson,7.085297226905823
1,twain,777,dickens,6.568376223246257
1,twain,777,melville,7.402811368306478
1,twain,777,wells,6.665011564890544
1,twain,777,austen,6.443777958552043
1,twain,777,fitzgerald,6.664256300245013
1,twain,777,twain,6.674074739217758
1,twain,778,train,4.5516263246536255
1,twain,778,baum,6.394980311393738
1,twain,778,thompson,7.091495513916016
1,twain,778,dickens,6.571767807006836
1,twain,778,melville,7.397864394717747
1,twain,778,wells,6.668346166610718
1,twain,778,austen,6.451065381368001
1,twain,778,fitzgerald,6.673748901912144
1,twain,778,twain,6.670987755060196
1,twain,779,train,4.545275926589966
1,twain,779,baum,6.406956672668457
1,twain,779,thompson,7.0955095291137695
1,twain,779,dickens,6.580530007680257
1,twain,779,melville,7.395158714718288
1,twain,779,wells,6.67919921875
1,twain,779,austen,6.463217655817668
1,twain,779,fitzgerald,6.679622513907296
1,twain,779,twain,6.669772684574127
1,twain,780,train,4.5310221910476685
1,twain,780,baum,6.394659399986267
1,twain,780,thompson,7.090774416923523
1,twain,780,dickens,6.565255324045817
1,twain,780,melville,7.392905447218153
1,twain,780,wells,6.671679496765137
1,twain,780,austen,6.450163761774699
1,twain,780,fitzgerald,6.672299316951206
1,twain,780,twain,6.670816838741303
1,twain,781,train,4.593534469604492
1,twain,781,baum,6.40082061290741
1,twain,781,thompson,7.093958854675293
1,twain,781,dickens,6.573623339335124
1,twain,781,melville,7.392284287346734
1,twain,781,wells,6.672369877497355
1,twain,781,austen,6.453108151753743
1,twain,781,fitzgerald,6.676308223179409
1,twain,781,twain,6.6730771362781525
1,twain,782,train,4.494154214859009
1,twain,782,baum,6.408700704574585
1,twain,782,thompson,7.099796414375305
1,twain,782,dickens,6.580211162567139
1,twain,782,melville,7.397809876335992
1,twain,782,wells,6.680081288019816
1,twain,782,austen,6.462110122044881
1,twain,782,fitzgerald,6.679761545998709
1,twain,782,twain,6.673237383365631
1,twain,783,train,4.552271366119385
1,twain,783,baum,6.3936885595321655
1,twain,783,thompson,7.086199045181274
1,twain,783,dickens,6.567919095357259
1,twain,783,melville,7.377385192447239
1,twain,783,wells,6.667700449625651
1,twain,783,austen,6.447793960571289
1,twain,783,fitzgerald,6.665278094155448
1,twain,783,twain,6.661273717880249
1,twain,784,train,4.416888117790222
1,twain,784,baum,6.401562333106995
1,twain,784,thompson,7.100406050682068
1,twain,784,dickens,6.576916535695394
1,twain,784,melville,7.400691244337294
1,twain,784,wells,6.677117427190145
1,twain,784,austen,6.453297058741252
1,twain,784,fitzgerald,6.676101275852749
1,twain,784,twain,6.671505033969879
1,twain,785,train,4.514975666999817
1,twain,785,baum,6.397645711898804
1,twain,785,thompson,7.094273805618286
1,twain,785,dickens,6.57034969329834
1,twain,785,melville,7.386210600535075
1,twain,785,wells,6.662872632344564
1,twain,785,austen,6.4424623648325605
1,twain,785,fitzgerald,6.674478735242571
1,twain,785,twain,6.663135886192322
1,twain,786,train,4.525086879730225
1,twain,786,baum,6.396952748298645
1,twain,786,thompson,7.10103976726532
1,twain,786,dickens,6.574391841888428
1,twain,786,melville,7.403055244021946
1,twain,786,wells,6.675856272379558
1,twain,786,austen,6.452553590138753
1,twain,786,fitzgerald,6.675908429282052
1,twain,786,twain,6.676262557506561
1,twain,787,train,4.5560808181762695
1,twain,787,baum,6.395428895950317
1,twain,787,thompson,7.098712801933289
1,twain,787,dickens,6.580675760904948
1,twain,787,melville,7.401043309105767
1,twain,787,wells,6.667124112447103
1,twain,787,austen,6.450865825017293
1,twain,787,fitzgerald,6.67279999596732
1,twain,787,twain,6.671858966350555
1,twain,788,train,4.504961967468262
1,twain,788,baum,6.40364146232605
1,twain,788,thompson,7.096506595611572
1,twain,788,dickens,6.57931391398112
1,twain,788,melville,7.399159537421332
1,twain,788,wells,6.673896551132202
1,twain,788,austen,6.456820885340373
1,twain,788,fitzgerald,6.677212510790143
1,twain,788,twain,6.668706655502319
1,twain,789,train,4.463393926620483
1,twain,789,baum,6.389452219009399
1,twain,789,thompson,7.101895213127136
1,twain,789,dickens,6.576993783315023
1,twain,789,melville,7.407406436072455
1,twain,789,wells,6.662412007649739
1,twain,789,austen,6.445213476816813
1,twain,789,fitzgerald,6.672552585601807
1,twain,789,twain,6.678306579589844
1,twain,790,train,4.510648250579834
1,twain,790,baum,6.405176997184753
1,twain,790,thompson,7.1057049036026
1,twain,790,dickens,6.585371017456055
1,twain,790,melville,7.408137109544542
1,twain,790,wells,6.672696749369304
1,twain,790,austen,6.4580434163411455
1,twain,790,fitzgerald,6.6843165670122415
1,twain,790,twain,6.673927426338196
1,twain,791,train,4.500589966773987
1,twain,791,baum,6.405120491981506
1,twain,791,thompson,7.103711128234863
1,twain,791,dickens,6.58828608194987
1,twain,791,melville,7.409325387742784
1,twain,791,wells,6.685331106185913
1,twain,791,austen,6.461804787317912
1,twain,791,fitzgerald,6.682560443878174
1,twain,791,twain,6.673580884933472
1,twain,792,train,4.561906456947327
1,twain,792,baum,6.393961548805237
1,twain,792,thompson,7.09477162361145
1,twain,792,dickens,6.578720728556315
1,twain,792,melville,7.394313441382514
1,twain,792,wells,6.658496618270874
1,twain,792,austen,6.443726539611816
1,twain,792,fitzgerald,6.672874518803188
1,twain,792,twain,6.664322882890701
1,twain,793,train,4.539363384246826
1,twain,793,baum,6.402126550674439
1,twain,793,thompson,7.101460218429565
1,twain,793,dickens,6.584809303283691
1,twain,793,melville,7.411108175913493
1,twain,793,wells,6.6816621621449785
1,twain,793,austen,6.458095947901408
1,twain,793,fitzgerald,6.67846018927438
1,twain,793,twain,6.676824331283569
1,twain,794,train,4.519922614097595
1,twain,794,baum,6.408069133758545
1,twain,794,thompson,7.108493685722351
1,twain,794,dickens,6.588438987731934
1,twain,794,melville,7.398556550343831
1,twain,794,wells,6.675801992416382
1,twain,794,austen,6.459037144978841
1,twain,794,fitzgerald,6.684819834572928
1,twain,794,twain,6.671324610710144
1,twain,795,train,4.527179837226868
1,twain,795,baum,6.398053050041199
1,twain,795,thompson,7.105628132820129
1,twain,795,dickens,6.581492265065511
1,twain,795,melville,7.42150682873196
1,twain,795,wells,6.672099510828654
1,twain,795,austen,6.455824136734009
1,twain,795,fitzgerald,6.6824396678379605
1,twain,795,twain,6.683745861053467
1,twain,796,train,4.492347836494446
1,twain,796,baum,6.412577271461487
1,twain,796,thompson,7.101202607154846
1,twain,796,dickens,6.5933122634887695
1,twain,796,melville,7.406161255306667
1,twain,796,wells,6.684629678726196
1,twain,796,austen,6.465146541595459
1,twain,796,fitzgerald,6.685708659035819
1,twain,796,twain,6.675244837999344
1,twain,797,train,4.499595284461975
1,twain,797,baum,6.409464716911316
1,twain,797,thompson,7.1062458753585815
1,twain,797,dickens,6.583601474761963
1,twain,797,melville,7.408269829220242
1,twain,797,wells,6.676908413569133
1,twain,797,austen,6.456832408905029
1,twain,797,fitzgerald,6.6863218035016745
1,twain,797,twain,6.673047870397568
1,twain,798,train,4.508220553398132
1,twain,798,baum,6.406480073928833
1,twain,798,thompson,7.1061530113220215
1,twain,798,dickens,6.5893785158793134
1,twain,798,melville,7.416493945651585
1,twain,798,wells,6.678465922673543
1,twain,798,austen,6.462868849436442
1,twain,798,fitzgerald,6.682409558977399
1,twain,798,twain,6.678133606910706
1,twain,799,train,4.517386674880981
1,twain,799,baum,6.412159323692322
1,twain,799,thompson,7.113457441329956
1,twain,799,dickens,6.587298075358073
1,twain,799,melville,7.419272899627685
1,twain,799,wells,6.684186061223348
1,twain,799,austen,6.463401714960734
1,twain,799,fitzgerald,6.690391336168561
1,twain,799,twain,6.681712001562119
1,twain,800,train,4.529053688049316
1,twain,800,baum,6.40260374546051
1,twain,800,thompson,7.112651348114014
1,twain,800,dickens,6.578502019246419
1,twain,800,melville,7.42681704627143
1,twain,800,wells,6.671138207117717
1,twain,800,austen,6.452637195587158
1,twain,800,fitzgerald,6.682762827192034
1,twain,800,twain,6.681390553712845
1,twain,801,train,4.501607179641724
1,twain,801,baum,6.4194934368133545
1,twain,801,thompson,7.116770386695862
1,twain,801,dickens,6.596965154012044
1,twain,801,melville,7.423842165205214
1,twain,801,wells,6.690295457839966
1,twain,801,austen,6.471539417902629
1,twain,801,fitzgerald,6.696350642613003
1,twain,801,twain,6.682802736759186
1,twain,802,train,4.54241669178009
1,twain,802,baum,6.41077733039856
1,twain,802,thompson,7.115022659301758
1,twain,802,dickens,6.578261216481526
1,twain,802,melville,7.423303604125977
1,twain,802,wells,6.681854168574016
1,twain,802,austen,6.461848735809326
1,twain,802,fitzgerald,6.687899248940604
1,twain,802,twain,6.681278675794601
1,twain,803,train,4.492171287536621
1,twain,803,baum,6.400898218154907
1,twain,803,thompson,7.106634736061096
1,twain,803,dickens,6.579298337300618
1,twain,803,melville,7.413236035241021
1,twain,803,wells,6.670100291570027
1,twain,803,austen,6.455926656723023
1,twain,803,fitzgerald,6.681030886513846
1,twain,803,twain,6.677975028753281
1,twain,804,train,4.509148955345154
1,twain,804,baum,6.41575562953949
1,twain,804,thompson,7.117229342460632
1,twain,804,dickens,6.590791861216228
1,twain,804,melville,7.41932831870185
1,twain,804,wells,6.689863840738933
1,twain,804,austen,6.466760555903117
1,twain,804,fitzgerald,6.69083799634661
1,twain,804,twain,6.682980179786682
1,twain,805,train,4.48856246471405
1,twain,805,baum,6.406128764152527
1,twain,805,thompson,7.122956037521362
1,twain,805,dickens,6.588085015614827
1,twain,805,melville,7.425149493747288
1,twain,805,wells,6.67691707611084
1,twain,805,austen,6.45813266436259
1,twain,805,fitzgerald,6.689272948673794
1,twain,805,twain,6.684486895799637
1,twain,806,train,4.466074705123901
1,twain,806,baum,6.413271903991699
1,twain,806,thompson,7.110944509506226
1,twain,806,dickens,6.599031448364258
1,twain,806,melville,7.411272737714979
1,twain,806,wells,6.69181752204895
1,twain,806,austen,6.470477978388469
1,twain,806,fitzgerald,6.693249838692801
1,twain,806,twain,6.678033471107483
1,twain,807,train,4.497996687889099
1,twain,807,baum,6.412124752998352
1,twain,807,thompson,7.1206406354904175
1,twain,807,dickens,6.591992378234863
1,twain,807,melville,7.423436641693115
1,twain,807,wells,6.69265611966451
1,twain,807,austen,6.466788291931152
1,twain,807,fitzgerald,6.695218631199428
1,twain,807,twain,6.682090938091278
1,twain,808,train,4.460582494735718
1,twain,808,baum,6.41586709022522
1,twain,808,thompson,7.12329375743866
1,twain,808,dickens,6.597713629404704
1,twain,808,melville,7.423956076304118
1,twain,808,wells,6.68826977411906
1,twain,808,austen,6.468128840128581
1,twain,808,fitzgerald,6.693965571267264
1,twain,808,twain,6.683064013719559
1,twain,809,train,4.465241074562073
1,twain,809,baum,6.410679221153259
1,twain,809,thompson,7.125976085662842
1,twain,809,dickens,6.589198748270671
1,twain,809,melville,7.436880588531494
1,twain,809,wells,6.692417860031128
1,twain,809,austen,6.468796730041504
1,twain,809,fitzgerald,6.697824341910226
1,twain,809,twain,6.690619915723801
1,twain,810,train,4.449035286903381
1,twain,810,baum,6.418619871139526
1,twain,810,thompson,7.114725470542908
1,twain,810,dickens,6.595368385314941
1,twain,810,melville,7.403234004974365
1,twain,810,wells,6.6896852652231855
1,twain,810,austen,6.466942548751831
1,twain,810,fitzgerald,6.694310256413051
1,twain,810,twain,6.671500653028488
1,twain,811,train,4.478434681892395
1,twain,811,baum,6.413225054740906
1,twain,811,thompson,7.124226212501526
1,twain,811,dickens,6.589521090189616
1,twain,811,melville,7.425040668911404
1,twain,811,wells,6.686576684315999
1,twain,811,austen,6.467920223871867
1,twain,811,fitzgerald,6.69381182534354
1,twain,811,twain,6.683431446552277
1,twain,812,train,4.481364369392395
1,twain,812,baum,6.408114671707153
1,twain,812,thompson,7.113186717033386
1,twain,812,dickens,6.587157567342122
1,twain,812,melville,7.415279017554389
1,twain,812,wells,6.680858532587688
1,twain,812,austen,6.460413614908855
1,twain,812,fitzgerald,6.689088753291538
1,twain,812,twain,6.679129302501679
1,twain,813,train,4.471688270568848
1,twain,813,baum,6.409337162971497
1,twain,813,thompson,7.1244659423828125
1,twain,813,dickens,6.590651194254558
1,twain,813,melville,7.429647074805366
1,twain,813,wells,6.681442022323608
1,twain,813,austen,6.464475393295288
1,twain,813,fitzgerald,6.69376141684396
1,twain,813,twain,6.68594691157341
1,twain,814,train,4.478439807891846
1,twain,814,baum,6.4184043407440186
1,twain,814,thompson,7.128767490386963
1,twain,814,dickens,6.598172346750896
1,twain,814,melville,7.432170814938015
1,twain,814,wells,6.692689736684163
1,twain,814,austen,6.469907522201538
1,twain,814,fitzgerald,6.697763783591134
1,twain,814,twain,6.689443975687027
1,twain,815,train,4.460554718971252
1,twain,815,baum,6.419766902923584
1,twain,815,thompson,7.124746680259705
1,twain,815,dickens,6.594287713368733
1,twain,815,melville,7.423439184824626
1,twain,815,wells,6.68850843111674
1,twain,815,austen,6.469370683034261
1,twain,815,fitzgerald,6.69518654687064
1,twain,815,twain,6.680373638868332
1,twain,816,train,4.4467469453811646
1,twain,816,baum,6.416446328163147
1,twain,816,thompson,7.121681571006775
1,twain,816,dickens,6.590716203053792
1,twain,816,melville,7.430754555596246
1,twain,816,wells,6.691112677256267
1,twain,816,austen,6.464768648147583
1,twain,816,fitzgerald,6.695759637015207
1,twain,816,twain,6.688980787992477
1,twain,817,train,4.453026175498962
1,twain,817,baum,6.421524167060852
1,twain,817,thompson,7.131763219833374
1,twain,817,dickens,6.600824038187663
1,twain,817,melville,7.429269843631321
1,twain,817,wells,6.699138879776001
1,twain,817,austen,6.474749247233073
1,twain,817,fitzgerald,6.704440525599888
1,twain,817,twain,6.689550936222076
1,twain,818,train,4.471369981765747
1,twain,818,baum,6.410242676734924
1,twain,818,thompson,7.121084928512573
1,twain,818,dickens,6.595143477121989
1,twain,818,melville,7.424827787611219
1,twain,818,wells,6.681283871332805
1,twain,818,austen,6.462336142857869
1,twain,818,fitzgerald,6.6903582981654575
1,twain,818,twain,6.685688078403473
1,twain,819,train,4.471606016159058
1,twain,819,baum,6.421222805976868
1,twain,819,thompson,7.12894880771637
1,twain,819,dickens,6.5986809730529785
1,twain,819,melville,7.424019760555691
1,twain,819,wells,6.69421633084615
1,twain,819,austen,6.476606448491414
1,twain,819,fitzgerald,6.69849613734654
1,twain,819,twain,6.685996741056442
1,twain,820,train,4.467042446136475
1,twain,820,baum,6.435569286346436
1,twain,820,thompson,7.134402871131897
1,twain,820,dickens,6.608205477396647
1,twain,820,melville,7.422220230102539
1,twain,820,wells,6.7043328285217285
1,twain,820,austen,6.482379833857219
1,twain,820,fitzgerald,6.70867007119315
1,twain,820,twain,6.683736681938171
1,twain,821,train,4.432568907737732
1,twain,821,baum,6.423780202865601
1,twain,821,thompson,7.125016093254089
1,twain,821,dickens,6.596822738647461
1,twain,821,melville,7.421417448255751
1,twain,821,wells,6.693208694458008
1,twain,821,austen,6.473659674326579
1,twain,821,fitzgerald,6.70042439869472
1,twain,821,twain,6.684308052062988
1,twain,822,train,4.510086417198181
1,twain,822,baum,6.417578101158142
1,twain,822,thompson,7.128135919570923
1,twain,822,dickens,6.598857561747233
1,twain,822,melville,7.433785650465223
1,twain,822,wells,6.685653765996297
1,twain,822,austen,6.471565802892049
1,twain,822,fitzgerald,6.695647920880999
1,twain,822,twain,6.688485413789749
1,twain,823,train,4.448084235191345
1,twain,823,baum,6.429192304611206
1,twain,823,thompson,7.137142896652222
1,twain,823,dickens,6.610042413075765
1,twain,823,melville,7.450016286638048
1,twain,823,wells,6.704931735992432
1,twain,823,austen,6.479625384012858
1,twain,823,fitzgerald,6.71229921068464
1,twain,823,twain,6.696245431900024
1,twain,824,train,4.497507929801941
1,twain,824,baum,6.419880032539368
1,twain,824,thompson,7.128653407096863
1,twain,824,dickens,6.597071170806885
1,twain,824,melville,7.4240386750963
1,twain,824,wells,6.686166922251384
1,twain,824,austen,6.466520071029663
1,twain,824,fitzgerald,6.698015076773507
1,twain,824,twain,6.683859884738922
1,twain,825,train,4.458021402359009
1,twain,825,baum,6.428575038909912
1,twain,825,thompson,7.132733941078186
1,twain,825,dickens,6.618595441182454
1,twain,825,melville,7.438071144951714
1,twain,825,wells,6.709939320882161
1,twain,825,austen,6.483284950256348
1,twain,825,fitzgerald,6.708706106458392
1,twain,825,twain,6.69044503569603
1,twain,826,train,4.473912477493286
1,twain,826,baum,6.4254419803619385
1,twain,826,thompson,7.130650520324707
1,twain,826,dickens,6.6061147054036455
1,twain,826,melville,7.42461813820733
1,twain,826,wells,6.697878360748291
1,twain,826,austen,6.475204626719157
1,twain,826,fitzgerald,6.703026635306222
1,twain,826,twain,6.681091457605362
1,twain,827,train,4.436790347099304
1,twain,827,baum,6.418417572975159
1,twain,827,thompson,7.132848381996155
1,twain,827,dickens,6.606623967488607
1,twain,827,melville,7.438545121086968
1,twain,827,wells,6.691890319188436
1,twain,827,austen,6.469450791676839
1,twain,827,fitzgerald,6.704822880881173
1,twain,827,twain,6.6900074779987335
1,twain,828,train,4.467503309249878
1,twain,828,baum,6.426860094070435
1,twain,828,thompson,7.140336394309998
1,twain,828,dickens,6.607142607371013
1,twain,828,melville,7.447300804985894
1,twain,828,wells,6.700399557749431
1,twain,828,austen,6.478931983311971
1,twain,828,fitzgerald,6.708099842071533
1,twain,828,twain,6.692404538393021
1,twain,829,train,4.427175164222717
1,twain,829,baum,6.428700804710388
1,twain,829,thompson,7.1362855434417725
1,twain,829,dickens,6.604306697845459
1,twain,829,melville,7.437226136525472
1,twain,829,wells,6.694425662358602
1,twain,829,austen,6.481506903966268
1,twain,829,fitzgerald,6.705953257424491
1,twain,829,twain,6.6888724863529205
1,twain,830,train,4.442126512527466
1,twain,830,baum,6.425269365310669
1,twain,830,thompson,7.136868000030518
1,twain,830,dickens,6.605730851491292
1,twain,830,melville,7.447070492638482
1,twain,830,wells,6.704988161722819
1,twain,830,austen,6.480742454528809
1,twain,830,fitzgerald,6.709626742771694
1,twain,830,twain,6.695763647556305
1,twain,831,train,4.462891340255737
1,twain,831,baum,6.426956295967102
1,twain,831,thompson,7.141400337219238
1,twain,831,dickens,6.608965396881104
1,twain,831,melville,7.439965830908881
1,twain,831,wells,6.695638497670491
1,twain,831,austen,6.474003950754802
1,twain,831,fitzgerald,6.70757600239345
1,twain,831,twain,6.690511405467987
1,twain,832,train,4.454386830329895
1,twain,832,baum,6.426951766014099
1,twain,832,thompson,7.134471297264099
1,twain,832,dickens,6.609339714050293
1,twain,832,melville,7.437599764929877
1,twain,832,wells,6.702281634012858
1,twain,832,austen,6.477660179138184
1,twain,832,fitzgerald,6.70710175377982
1,twain,832,twain,6.690990507602692
1,twain,833,train,4.394931435585022
1,twain,833,baum,6.427159667015076
1,twain,833,thompson,7.139418005943298
1,twain,833,dickens,6.609171072642009
1,twain,833,melville,7.443754090203179
1,twain,833,wells,6.693015178044637
1,twain,833,austen,6.476592381795247
1,twain,833,fitzgerald,6.706890310559954
1,twain,833,twain,6.691827267408371
1,twain,834,train,4.391803860664368
1,twain,834,baum,6.431485176086426
1,twain,834,thompson,7.144022703170776
1,twain,834,dickens,6.613744894663493
1,twain,834,melville,7.44596529006958
1,twain,834,wells,6.7048925558726
1,twain,834,austen,6.483883539835612
1,twain,834,fitzgerald,6.714675562722342
1,twain,834,twain,6.695432275533676
1,twain,835,train,4.460171222686768
1,twain,835,baum,6.423040628433228
1,twain,835,thompson,7.143460750579834
1,twain,835,dickens,6.607645829518636
1,twain,835,melville,7.460677941640218
1,twain,835,wells,6.69550879796346
1,twain,835,austen,6.474669694900513
1,twain,835,fitzgerald,6.712246417999268
1,twain,835,twain,6.7028197050094604
1,twain,836,train,4.3749001026153564
1,twain,836,baum,6.426463961601257
1,twain,836,thompson,7.137885093688965
1,twain,836,dickens,6.6114265124003095
1,twain,836,melville,7.450457784864637
1,twain,836,wells,6.699678659439087
1,twain,836,austen,6.479416608810425
1,twain,836,fitzgerald,6.710331439971924
1,twain,836,twain,6.694649368524551
1,twain,837,train,4.458155035972595
1,twain,837,baum,6.436540603637695
1,twain,837,thompson,7.146917939186096
1,twain,837,dickens,6.61877425511678
1,twain,837,melville,7.457894060346815
1,twain,837,wells,6.713322480519612
1,twain,837,austen,6.489012320836385
1,twain,837,fitzgerald,6.7169205120631625
1,twain,837,twain,6.697082221508026
1,twain,838,train,4.422203421592712
1,twain,838,baum,6.436975359916687
1,twain,838,thompson,7.143924832344055
1,twain,838,dickens,6.61961015065511
1,twain,838,melville,7.451342582702637
1,twain,838,wells,6.710333188374837
1,twain,838,austen,6.485138972600301
1,twain,838,fitzgerald,6.717974117824009
1,twain,838,twain,6.698571622371674
1,twain,839,train,4.4251868724823
1,twain,839,baum,6.432627320289612
1,twain,839,thompson,7.140058875083923
1,twain,839,dickens,6.618772665659587
1,twain,839,melville,7.436030281914605
1,twain,839,wells,6.70140814781189
1,twain,839,austen,6.483112255732219
1,twain,839,fitzgerald,6.711573192051479
1,twain,839,twain,6.685377359390259
1,twain,840,train,4.421806335449219
1,twain,840,baum,6.441998243331909
1,twain,840,thompson,7.141186594963074
1,twain,840,dickens,6.624279181162517
1,twain,840,melville,7.452349026997884
1,twain,840,wells,6.716359217961629
1,twain,840,austen,6.493997812271118
1,twain,840,fitzgerald,6.720359802246094
1,twain,840,twain,6.6953597366809845
1,twain,841,train,4.397112131118774
1,twain,841,baum,6.430107593536377
1,twain,841,thompson,7.144417762756348
1,twain,841,dickens,6.621426582336426
1,twain,841,melville,7.45293468899197
1,twain,841,wells,6.705806414286296
1,twain,841,austen,6.484417120615642
1,twain,841,fitzgerald,6.716662066323416
1,twain,841,twain,6.696045815944672
1,twain,842,train,4.467323899269104
1,twain,842,baum,6.43810510635376
1,twain,842,thompson,7.138947129249573
1,twain,842,dickens,6.62166706720988
1,twain,842,melville,7.447887738545735
1,twain,842,wells,6.718973557154338
1,twain,842,austen,6.489471912384033
1,twain,842,fitzgerald,6.716184888567243
1,twain,842,twain,6.693300515413284
1,twain,843,train,4.386605978012085
1,twain,843,baum,6.43499493598938
1,twain,843,thompson,7.1488847732543945
1,twain,843,dickens,6.621527671813965
1,twain,843,melville,7.457633177439372
1,twain,843,wells,6.70856777826945
1,twain,843,austen,6.488972504933675
1,twain,843,fitzgerald,6.718334334237235
1,twain,843,twain,6.6980040073394775
1,twain,844,train,4.397566437721252
1,twain,844,baum,6.438142418861389
1,twain,844,thompson,7.140996694564819
1,twain,844,dickens,6.620775063832601
1,twain,844,melville,7.447124269273546
1,twain,844,wells,6.713902393976848
1,twain,844,austen,6.488242705663045
1,twain,844,fitzgerald,6.71525628226144
1,twain,844,twain,6.693490326404572
1,twain,845,train,4.437431454658508
1,twain,845,baum,6.437651038169861
1,twain,845,thompson,7.145937085151672
1,twain,845,dickens,6.625179926554362
1,twain,845,melville,7.452997419569227
1,twain,845,wells,6.713401317596436
1,twain,845,austen,6.490530808766683
1,twain,845,fitzgerald,6.718503407069615
1,twain,845,twain,6.69453626871109
1,twain,846,train,4.438642144203186
1,twain,846,baum,6.443479061126709
1,twain,846,thompson,7.152647614479065
1,twain,846,dickens,6.625014305114746
1,twain,846,melville,7.456835587819417
1,twain,846,wells,6.717681805292766
1,twain,846,austen,6.492723703384399
1,twain,846,fitzgerald,6.722806317465646
1,twain,846,twain,6.698375284671784
1,twain,847,train,4.414340972900391
1,twain,847,baum,6.440893054008484
1,twain,847,thompson,7.147591590881348
1,twain,847,dickens,6.622794628143311
1,twain,847,melville,7.442529148525661
1,twain,847,wells,6.710925340652466
1,twain,847,austen,6.488233009974162
1,twain,847,fitzgerald,6.718259879520962
1,twain,847,twain,6.688175618648529
1,twain,848,train,4.441372871398926
1,twain,848,baum,6.4445860385894775
1,twain,848,thompson,7.15133547782898
1,twain,848,dickens,6.629177093505859
1,twain,848,melville,7.457671430375841
1,twain,848,wells,6.722195148468018
1,twain,848,austen,6.497435410817464
1,twain,848,fitzgerald,6.725311074938093
1,twain,848,twain,6.698111057281494
1,twain,849,train,4.451000571250916
1,twain,849,baum,6.447948694229126
1,twain,849,thompson,7.145009994506836
1,twain,849,dickens,6.624953269958496
1,twain,849,melville,7.446013556586371
1,twain,849,wells,6.721657514572144
1,twain,849,austen,6.496498346328735
1,twain,849,fitzgerald,6.724411419459751
1,twain,849,twain,6.694414347410202
1,twain,850,train,4.405823230743408
1,twain,850,baum,6.451778054237366
1,twain,850,thompson,7.157548189163208
1,twain,850,dickens,6.63631010055542
1,twain,850,melville,7.464988655514187
1,twain,850,wells,6.728570143381755
1,twain,850,austen,6.50367283821106
1,twain,850,fitzgerald,6.729843957083566
1,twain,850,twain,6.701707184314728
1,twain,851,train,4.386633992195129
1,twain,851,baum,6.444069027900696
1,twain,851,thompson,7.158708095550537
1,twain,851,dickens,6.625895341237386
1,twain,851,melville,7.453814665476481
1,twain,851,wells,6.719035943349202
1,twain,851,austen,6.494987885157268
1,twain,851,fitzgerald,6.7236095155988425
1,twain,851,twain,6.695237934589386
1,twain,852,train,4.396612882614136
1,twain,852,baum,6.444006562232971
1,twain,852,thompson,7.154469728469849
1,twain,852,dickens,6.624849001566569
1,twain,852,melville,7.465979841020372
1,twain,852,wells,6.717432339986165
1,twain,852,austen,6.49126124382019
1,twain,852,fitzgerald,6.723058973039899
1,twain,852,twain,6.701556771993637
1,twain,853,train,4.365958571434021
1,twain,853,baum,6.449886679649353
1,twain,853,thompson,7.159741282463074
1,twain,853,dickens,6.6269157727559405
1,twain,853,melville,7.44501887427436
1,twain,853,wells,6.714573621749878
1,twain,853,austen,6.493593215942383
1,twain,853,fitzgerald,6.72914811543056
1,twain,853,twain,6.691652834415436
1,twain,854,train,4.376518845558167
1,twain,854,baum,6.449453711509705
1,twain,854,thompson,7.156200408935547
1,twain,854,dickens,6.6365095774332685
1,twain,854,melville,7.456477271185981
1,twain,854,wells,6.728344917297363
1,twain,854,austen,6.508417288462321
1,twain,854,fitzgerald,6.729149205344064
1,twain,854,twain,6.700381815433502
1,twain,855,train,4.424604296684265
1,twain,855,baum,6.449283719062805
1,twain,855,thompson,7.162210464477539
1,twain,855,dickens,6.627747535705566
1,twain,855,melville,7.456852330101861
1,twain,855,wells,6.715033133824666
1,twain,855,austen,6.494643131891887
1,twain,855,fitzgerald,6.7285429409572055
1,twain,855,twain,6.697231978178024
1,twain,856,train,4.4259068965911865
1,twain,856,baum,6.452853441238403
1,twain,856,thompson,7.164889574050903
1,twain,856,dickens,6.631371021270752
1,twain,856,melville,7.459982924991184
1,twain,856,wells,6.724536577860515
1,twain,856,austen,6.502220789591472
1,twain,856,fitzgerald,6.730770996638706
1,twain,856,twain,6.698968470096588
1,twain,857,train,4.4159486293792725
1,twain,857,baum,6.443337798118591
1,twain,857,thompson,7.156955242156982
1,twain,857,dickens,6.632500012715657
1,twain,857,melville,7.4637787077162
1,twain,857,wells,6.716331243515015
1,twain,857,austen,6.490294059117635
1,twain,857,fitzgerald,6.72867488861084
1,twain,857,twain,6.699221312999725
1,twain,858,train,4.3895024061203
1,twain,858,baum,6.4508079290390015
1,twain,858,thompson,7.158326983451843
1,twain,858,dickens,6.637996355692546
1,twain,858,melville,7.4529895252651635
1,twain,858,wells,6.721453110376994
1,twain,858,austen,6.494907697041829
1,twain,858,fitzgerald,6.731019360678537
1,twain,858,twain,6.693221300840378
1,twain,859,train,4.406813979148865
1,twain,859,baum,6.45921528339386
1,twain,859,thompson,7.15784752368927
1,twain,859,dickens,6.641216437021892
1,twain,859,melville,7.449150191413032
1,twain,859,wells,6.727802038192749
1,twain,859,austen,6.503743966420491
1,twain,859,fitzgerald,6.733729362487793
1,twain,859,twain,6.693765491247177
1,twain,860,train,4.424594283103943
1,twain,860,baum,6.453103184700012
1,twain,860,thompson,7.156253814697266
1,twain,860,dickens,6.639295895894368
1,twain,860,melville,7.46375486585829
1,twain,860,wells,6.7287202676137285
1,twain,860,austen,6.502873420715332
1,twain,860,fitzgerald,6.733654226575579
1,twain,860,twain,6.703137397766113
1,twain,861,train,4.391864657402039
1,twain,861,baum,6.452790260314941
1,twain,861,thompson,7.1590834856033325
1,twain,861,dickens,6.638086001078288
1,twain,861,melville,7.461236211988661
1,twain,861,wells,6.732323328653972
1,twain,861,austen,6.5034745534261065
1,twain,861,fitzgerald,6.733969347817557
1,twain,861,twain,6.704369455575943
1,twain,862,train,4.384522318840027
1,twain,862,baum,6.457191348075867
1,twain,862,thompson,7.165842533111572
1,twain,862,dickens,6.641133626302083
1,twain,862,melville,7.466239982181126
1,twain,862,wells,6.728041489919026
1,twain,862,austen,6.502996842066447
1,twain,862,fitzgerald,6.736937046051025
1,twain,862,twain,6.698458224534988
1,twain,863,train,4.397127628326416
1,twain,863,baum,6.461098909378052
1,twain,863,thompson,7.175315380096436
1,twain,863,dickens,6.644308408101399
1,twain,863,melville,7.491828547583686
1,twain,863,wells,6.739788214365642
1,twain,863,austen,6.516349633534749
1,twain,863,fitzgerald,6.745633602142334
1,twain,863,twain,6.7156131863594055
1,twain,864,train,4.383890390396118
1,twain,864,baum,6.453874588012695
1,twain,864,thompson,7.169504642486572
1,twain,864,dickens,6.6391448974609375
1,twain,864,melville,7.470853275722927
1,twain,864,wells,6.730244398117065
1,twain,864,austen,6.503392299016316
1,twain,864,fitzgerald,6.738934653145926
1,twain,864,twain,6.705670148134232
1,twain,865,train,4.366187453269959
1,twain,865,baum,6.46666944026947
1,twain,865,thompson,7.171915292739868
1,twain,865,dickens,6.643527189890544
1,twain,865,melville,7.470853805541992
1,twain,865,wells,6.741104284922282
1,twain,865,austen,6.5100477536519366
1,twain,865,fitzgerald,6.745143277304513
1,twain,865,twain,6.702613562345505
1,twain,866,train,4.388624310493469
1,twain,866,baum,6.467578411102295
1,twain,866,thompson,7.171148777008057
1,twain,866,dickens,6.646473248799642
1,twain,866,melville,7.468466016981337
1,twain,866,wells,6.739251931508382
1,twain,866,austen,6.51450236638387
1,twain,866,fitzgerald,6.743790626525879
1,twain,866,twain,6.704915046691895
1,twain,867,train,4.346375346183777
1,twain,867,baum,6.4667054414749146
1,twain,867,thompson,7.1747366189956665
1,twain,867,dickens,6.651354789733887
1,twain,867,melville,7.482935057746039
1,twain,867,wells,6.7399115562438965
1,twain,867,austen,6.515505949656169
1,twain,867,fitzgerald,6.745822974613735
1,twain,867,twain,6.709490656852722
1,twain,868,train,4.388260006904602
1,twain,868,baum,6.450008630752564
1,twain,868,thompson,7.171894669532776
1,twain,868,dickens,6.634707450866699
1,twain,868,melville,7.46709664662679
1,twain,868,wells,6.724020322163899
1,twain,868,austen,6.491658131281535
1,twain,868,fitzgerald,6.735139233725412
1,twain,868,twain,6.705927401781082
1,twain,869,train,4.372548341751099
1,twain,869,baum,6.471851110458374
1,twain,869,thompson,7.170408010482788
1,twain,869,dickens,6.647665023803711
1,twain,869,melville,7.464277956220839
1,twain,869,wells,6.743321895599365
1,twain,869,austen,6.516068696975708
1,twain,869,fitzgerald,6.744722979409354
1,twain,869,twain,6.700363725423813
1,twain,870,train,4.366083383560181
1,twain,870,baum,6.465620517730713
1,twain,870,thompson,7.177348494529724
1,twain,870,dickens,6.644155979156494
1,twain,870,melville,7.489211082458496
1,twain,870,wells,6.73865286509196
1,twain,870,austen,6.509484608968099
1,twain,870,fitzgerald,6.744576590401786
1,twain,870,twain,6.712019622325897
1,twain,871,train,4.345899939537048
1,twain,871,baum,6.467116117477417
1,twain,871,thompson,7.1711106300354
1,twain,871,dickens,6.646437327067058
1,twain,871,melville,7.478241072760688
1,twain,871,wells,6.736362298329671
1,twain,871,austen,6.510484218597412
1,twain,871,fitzgerald,6.738848958696638
1,twain,871,twain,6.704538762569428
1,twain,872,train,4.3515321016311646
1,twain,872,baum,6.459506034851074
1,twain,872,thompson,7.179433107376099
1,twain,872,dickens,6.640976270039876
1,twain,872,melville,7.483397695753309
1,twain,872,wells,6.730217456817627
1,twain,872,austen,6.507915178934733
1,twain,872,fitzgerald,6.737866401672363
1,twain,872,twain,6.707793623209
1,twain,873,train,4.328958988189697
1,twain,873,baum,6.476054906845093
1,twain,873,thompson,7.186462640762329
1,twain,873,dickens,6.660103956858317
1,twain,873,melville,7.491280767652723
1,twain,873,wells,6.752053896586101
1,twain,873,austen,6.521002292633057
1,twain,873,fitzgerald,6.756990568978446
1,twain,873,twain,6.71419283747673
1,twain,874,train,4.330108165740967
1,twain,874,baum,6.473345994949341
1,twain,874,thompson,7.18882417678833
1,twain,874,dickens,6.655637582143148
1,twain,874,melville,7.49091985490587
1,twain,874,wells,6.746773719787598
1,twain,874,austen,6.522021611531575
1,twain,874,fitzgerald,6.753130708421979
1,twain,874,twain,6.710180222988129
1,twain,875,train,4.366750478744507
1,twain,875,baum,6.466152667999268
1,twain,875,thompson,7.178123474121094
1,twain,875,dickens,6.654610633850098
1,twain,875,melville,7.495153268178304
1,twain,875,wells,6.737088839213054
1,twain,875,austen,6.517802635828654
1,twain,875,fitzgerald,6.745238849094936
1,twain,875,twain,6.7125555872917175
1,twain,876,train,4.3209885358810425
1,twain,876,baum,6.464674711227417
1,twain,876,thompson,7.185672283172607
1,twain,876,dickens,6.649886926015218
1,twain,876,melville,7.517015775044759
1,twain,876,wells,6.7383434772491455
1,twain,876,austen,6.516280651092529
1,twain,876,fitzgerald,6.749417986188616
1,twain,876,twain,6.723134994506836
1,twain,877,train,4.361051678657532
1,twain,877,baum,6.482707142829895
1,twain,877,thompson,7.190400838851929
1,twain,877,dickens,6.665118376413981
1,twain,877,melville,7.502125528123644
1,twain,877,wells,6.752587795257568
1,twain,877,austen,6.525978962580363
1,twain,877,fitzgerald,6.760472570146833
1,twain,877,twain,6.7161630392074585
1,twain,878,train,4.313477993011475
1,twain,878,baum,6.478049397468567
1,twain,878,thompson,7.188460826873779
1,twain,878,dickens,6.661221504211426
1,twain,878,melville,7.486286640167236
1,twain,878,wells,6.756847778956096
1,twain,878,austen,6.522267580032349
1,twain,878,fitzgerald,6.759975910186768
1,twain,878,twain,6.710399746894836
1,twain,879,train,4.301418900489807
1,twain,879,baum,6.469483375549316
1,twain,879,thompson,7.191380858421326
1,twain,879,dickens,6.657948176066081
1,twain,879,melville,7.505936834547255
1,twain,879,wells,6.742319186528524
1,twain,879,austen,6.520721356074016
1,twain,879,fitzgerald,6.752389771597726
1,twain,879,twain,6.719302296638489
1,twain,880,train,4.344907522201538
1,twain,880,baum,6.476755142211914
1,twain,880,thompson,7.199229598045349
1,twain,880,dickens,6.658126672108968
1,twain,880,melville,7.490947829352485
1,twain,880,wells,6.7417817910512285
1,twain,880,austen,6.519522587458293
1,twain,880,fitzgerald,6.758192266736712
1,twain,880,twain,6.713377445936203
1,twain,881,train,4.303017020225525
1,twain,881,baum,6.483435750007629
1,twain,881,thompson,7.189151644706726
1,twain,881,dickens,6.657912254333496
1,twain,881,melville,7.481882784101698
1,twain,881,wells,6.750865459442139
1,twain,881,austen,6.523711125055949
1,twain,881,fitzgerald,6.758104664938791
1,twain,881,twain,6.710273176431656
1,twain,882,train,4.396317839622498
1,twain,882,baum,6.476832270622253
1,twain,882,thompson,7.194955348968506
1,twain,882,dickens,6.6565704345703125
1,twain,882,melville,7.485619174109565
1,twain,882,wells,6.741676171620687
1,twain,882,austen,6.520771106084188
1,twain,882,fitzgerald,6.758816174098423
1,twain,882,twain,6.709704756736755
1,twain,883,train,4.374561905860901
1,twain,883,baum,6.490353584289551
1,twain,883,thompson,7.194025754928589
1,twain,883,dickens,6.668818314870198
1,twain,883,melville,7.48193359375
1,twain,883,wells,6.753871917724609
1,twain,883,austen,6.534294684727986
1,twain,883,fitzgerald,6.76794753755842
1,twain,883,twain,6.706488519906998
1,twain,884,train,4.287556409835815
1,twain,884,baum,6.475305438041687
1,twain,884,thompson,7.192643880844116
1,twain,884,dickens,6.654130776723226
1,twain,884,melville,7.496432410346137
1,twain,884,wells,6.745844602584839
1,twain,884,austen,6.523543039957683
1,twain,884,fitzgerald,6.757791927882603
1,twain,884,twain,6.714355438947678
1,twain,885,train,4.339298129081726
1,twain,885,baum,6.476911544799805
1,twain,885,thompson,7.190175414085388
1,twain,885,dickens,6.662265777587891
1,twain,885,melville,7.493546432918972
1,twain,885,wells,6.749820709228516
1,twain,885,austen,6.524008512496948
1,twain,885,fitzgerald,6.759141990116665
1,twain,885,twain,6.713283061981201
1,twain,886,train,4.350587844848633
1,twain,886,baum,6.477290868759155
1,twain,886,thompson,7.1923874616622925
1,twain,886,dickens,6.666701475779216
1,twain,886,melville,7.485765086279975
1,twain,886,wells,6.750029404958089
1,twain,886,austen,6.523851712544759
1,twain,886,fitzgerald,6.756426538739886
1,twain,886,twain,6.711425393819809
1,twain,887,train,4.33763575553894
1,twain,887,baum,6.474445819854736
1,twain,887,thompson,7.194580674171448
1,twain,887,dickens,6.659398237864177
1,twain,887,melville,7.490508556365967
1,twain,887,wells,6.745368321736653
1,twain,887,austen,6.522427082061768
1,twain,887,fitzgerald,6.758689880371094
1,twain,887,twain,6.712050348520279
1,twain,888,train,4.386383652687073
1,twain,888,baum,6.472646474838257
1,twain,888,thompson,7.198976397514343
1,twain,888,dickens,6.666378498077393
1,twain,888,melville,7.499909983740912
1,twain,888,wells,6.744297345479329
1,twain,888,austen,6.524528662363688
1,twain,888,fitzgerald,6.7598468235560825
1,twain,888,twain,6.724273830652237
1,twain,889,train,4.288255572319031
1,twain,889,baum,6.490247011184692
1,twain,889,thompson,7.207182049751282
1,twain,889,dickens,6.673940181732178
1,twain,889,melville,7.502850002712673
1,twain,889,wells,6.764110008875529
1,twain,889,austen,6.535598357518514
1,twain,889,fitzgerald,6.773657185690744
1,twain,889,twain,6.717420756816864
1,twain,890,train,4.3392497301101685
1,twain,890,baum,6.482284426689148
1,twain,890,thompson,7.206098079681396
1,twain,890,dickens,6.672073046366374
1,twain,890,melville,7.512418217129177
1,twain,890,wells,6.752964735031128
1,twain,890,austen,6.52819299697876
1,twain,890,fitzgerald,6.770486422947475
1,twain,890,twain,6.725425332784653
1,twain,891,train,4.285560607910156
1,twain,891,baum,6.48466956615448
1,twain,891,thompson,7.20297372341156
1,twain,891,dickens,6.670677820841472
1,twain,891,melville,7.513443999820286
1,twain,891,wells,6.766127983729045
1,twain,891,austen,6.538404544194539
1,twain,891,fitzgerald,6.769897188459124
1,twain,891,twain,6.728741019964218
1,twain,892,train,4.294548869132996
1,twain,892,baum,6.480662822723389
1,twain,892,thompson,7.205901861190796
1,twain,892,dickens,6.662516276041667
1,twain,892,melville,7.498448954688178
1,twain,892,wells,6.75113304456075
1,twain,892,austen,6.527653455734253
1,twain,892,fitzgerald,6.766943114144461
1,twain,892,twain,6.716174989938736
1,twain,893,train,4.393603682518005
1,twain,893,baum,6.478352069854736
1,twain,893,thompson,7.204947113990784
1,twain,893,dickens,6.667823950449626
1,twain,893,melville,7.514755037095812
1,twain,893,wells,6.7548971970876055
1,twain,893,austen,6.5279388427734375
1,twain,893,fitzgerald,6.768478121076312
1,twain,893,twain,6.726049900054932
1,twain,894,train,4.300049066543579
1,twain,894,baum,6.487697958946228
1,twain,894,thompson,7.202534317970276
1,twain,894,dickens,6.666726589202881
1,twain,894,melville,7.5000583330790205
1,twain,894,wells,6.75377098719279
1,twain,894,austen,6.531591097513835
1,twain,894,fitzgerald,6.768950326102121
1,twain,894,twain,6.7132934629917145
1,twain,895,train,4.332439661026001
1,twain,895,baum,6.494593381881714
1,twain,895,thompson,7.210645198822021
1,twain,895,dickens,6.675810654958089
1,twain,895,melville,7.516593562232123
1,twain,895,wells,6.775579452514648
1,twain,895,austen,6.544282754262288
1,twain,895,fitzgerald,6.780773980276925
1,twain,895,twain,6.730466306209564
1,twain,896,train,4.303771495819092
1,twain,896,baum,6.487563490867615
1,twain,896,thompson,7.206153392791748
1,twain,896,dickens,6.6721242268880205
1,twain,896,melville,7.506836891174316
1,twain,896,wells,6.765633503595988
1,twain,896,austen,6.539951006571452
1,twain,896,fitzgerald,6.769957474299839
1,twain,896,twain,6.728358417749405
1,twain,897,train,4.294214963912964
1,twain,897,baum,6.480074882507324
1,twain,897,thompson,7.213656544685364
1,twain,897,dickens,6.668953100840251
1,twain,897,melville,7.521515369415283
1,twain,897,wells,6.753552277882894
1,twain,897,austen,6.52891476949056
1,twain,897,fitzgerald,6.774925095694406
1,twain,897,twain,6.734394043684006
1,twain,898,train,4.353435635566711
1,twain,898,baum,6.483861088752747
1,twain,898,thompson,7.200321674346924
1,twain,898,dickens,6.669005393981934
1,twain,898,melville,7.512015713585748
1,twain,898,wells,6.762629111607869
1,twain,898,austen,6.534403483072917
1,twain,898,fitzgerald,6.7710394859313965
1,twain,898,twain,6.72918176651001
1,twain,899,train,4.285353302955627
1,twain,899,baum,6.482749938964844
1,twain,899,thompson,7.207429528236389
1,twain,899,dickens,6.668766498565674
1,twain,899,melville,7.510659429762098
1,twain,899,wells,6.761032025019328
1,twain,899,austen,6.532445907592773
1,twain,899,fitzgerald,6.771882125309536
1,twain,899,twain,6.727634966373444
1,twain,900,train,4.27533483505249
1,twain,900,baum,6.48496413230896
1,twain,900,thompson,7.203806638717651
1,twain,900,dickens,6.676389853159587
1,twain,900,melville,7.509137524498834
1,twain,900,wells,6.7660330931345625
1,twain,900,austen,6.530162970225017
1,twain,900,fitzgerald,6.772092342376709
1,twain,900,twain,6.726464867591858
1,twain,901,train,4.261875748634338
1,twain,901,baum,6.493703484535217
1,twain,901,thompson,7.210919618606567
1,twain,901,dickens,6.686409791310628
1,twain,901,melville,7.524073759714763
1,twain,901,wells,6.771724144617717
1,twain,901,austen,6.543014764785767
1,twain,901,fitzgerald,6.779180322374616
1,twain,901,twain,6.729976624250412
1,twain,902,train,4.315112113952637
1,twain,902,baum,6.494114756584168
1,twain,902,thompson,7.215037703514099
1,twain,902,dickens,6.678697427113851
1,twain,902,melville,7.511352062225342
1,twain,902,wells,6.769053220748901
1,twain,902,austen,6.535533984502156
1,twain,902,fitzgerald,6.779845714569092
1,twain,902,twain,6.72705340385437
1,twain,903,train,4.28911018371582
1,twain,903,baum,6.493568301200867
1,twain,903,thompson,7.2139892578125
1,twain,903,dickens,6.677053292592366
1,twain,903,melville,7.526469919416639
1,twain,903,wells,6.767429033915202
1,twain,903,austen,6.5368266105651855
1,twain,903,fitzgerald,6.777919292449951
1,twain,903,twain,6.73167285323143
1,twain,904,train,4.2819435596466064
1,twain,904,baum,6.48284912109375
1,twain,904,thompson,7.221443057060242
1,twain,904,dickens,6.676249980926514
1,twain,904,melville,7.527323404947917
1,twain,904,wells,6.759849945704143
1,twain,904,austen,6.526851495107015
1,twain,904,fitzgerald,6.773845263889858
1,twain,904,twain,6.739286750555039
1,twain,905,train,4.313507080078125
1,twain,905,baum,6.497923493385315
1,twain,905,thompson,7.218519449234009
1,twain,905,dickens,6.680492877960205
1,twain,905,melville,7.52426020304362
1,twain,905,wells,6.776171922683716
1,twain,905,austen,6.545584122339885
1,twain,905,fitzgerald,6.78018399647304
1,twain,905,twain,6.735631227493286
1,twain,906,train,4.287520885467529
1,twain,906,baum,6.497090220451355
1,twain,906,thompson,7.216365337371826
1,twain,906,dickens,6.68298323949178
1,twain,906,melville,7.51241413752238
1,twain,906,wells,6.770910501480103
1,twain,906,austen,6.545168558756511
1,twain,906,fitzgerald,6.782581738063267
1,twain,906,twain,6.724033892154694
1,twain,907,train,4.262155652046204
1,twain,907,baum,6.489407062530518
1,twain,907,thompson,7.215703845024109
1,twain,907,dickens,6.678762276967366
1,twain,907,melville,7.520282162560357
1,twain,907,wells,6.769772370656331
1,twain,907,austen,6.543252309163411
1,twain,907,fitzgerald,6.774689878736224
1,twain,907,twain,6.7304160594940186
1,twain,908,train,4.282878994941711
1,twain,908,baum,6.498671531677246
1,twain,908,thompson,7.216447591781616
1,twain,908,dickens,6.686432202657064
1,twain,908,melville,7.505563841925727
1,twain,908,wells,6.776261568069458
1,twain,908,austen,6.546583652496338
1,twain,908,fitzgerald,6.785279955182757
1,twain,908,twain,6.723471432924271
1,twain,909,train,4.282472610473633
1,twain,909,baum,6.491094589233398
1,twain,909,thompson,7.215687155723572
1,twain,909,dickens,6.680345217386882
1,twain,909,melville,7.520066420237224
1,twain,909,wells,6.76526419321696
1,twain,909,austen,6.538681983947754
1,twain,909,fitzgerald,6.775031566619873
1,twain,909,twain,6.732172876596451
1,twain,910,train,4.348396182060242
1,twain,910,baum,6.493645191192627
1,twain,910,thompson,7.225927829742432
1,twain,910,dickens,6.684145450592041
1,twain,910,melville,7.530837800767687
1,twain,910,wells,6.769321123758952
1,twain,910,austen,6.540512164433797
1,twain,910,fitzgerald,6.782820292881557
1,twain,910,twain,6.73708239197731
1,twain,911,train,4.295739054679871
1,twain,911,baum,6.487237095832825
1,twain,911,thompson,7.214583992958069
1,twain,911,dickens,6.672944863637288
1,twain,911,melville,7.519663704766168
1,twain,911,wells,6.765114863713582
1,twain,911,austen,6.532446543375651
1,twain,911,fitzgerald,6.771499633789063
1,twain,911,twain,6.727782875299454
1,twain,912,train,4.303460597991943
1,twain,912,baum,6.500505089759827
1,twain,912,thompson,7.221598267555237
1,twain,912,dickens,6.685141563415527
1,twain,912,melville,7.517223676045735
1,twain,912,wells,6.775237003962199
1,twain,912,austen,6.548758029937744
1,twain,912,fitzgerald,6.782420839582171
1,twain,912,twain,6.728022009134293
1,twain,913,train,4.274790406227112
1,twain,913,baum,6.488232254981995
1,twain,913,thompson,7.217779397964477
1,twain,913,dickens,6.6776885986328125
1,twain,913,melville,7.508508841196696
1,twain,913,wells,6.759919802347819
1,twain,913,austen,6.532346725463867
1,twain,913,fitzgerald,6.773908342633929
1,twain,913,twain,6.728229433298111
1,twain,914,train,4.243274688720703
1,twain,914,baum,6.49422562122345
1,twain,914,thompson,7.22444486618042
1,twain,914,dickens,6.6891608238220215
1,twain,914,melville,7.536079353756374
1,twain,914,wells,6.781431595484416
1,twain,914,austen,6.544833978017171
1,twain,914,fitzgerald,6.7843756675720215
1,twain,914,twain,6.746409922838211
1,twain,915,train,4.257142543792725
1,twain,915,baum,6.509009599685669
1,twain,915,thompson,7.226160168647766
1,twain,915,dickens,6.694295088450114
1,twain,915,melville,7.5204033851623535
1,twain,915,wells,6.780500014623006
1,twain,915,austen,6.550635655721028
1,twain,915,fitzgerald,6.791269642966134
1,twain,915,twain,6.731498539447784
1,twain,916,train,4.299102425575256
1,twain,916,baum,6.511412739753723
1,twain,916,thompson,7.225085496902466
1,twain,916,dickens,6.7002434730529785
1,twain,916,melville,7.535683472951253
1,twain,916,wells,6.790049314498901
1,twain,916,austen,6.5562615394592285
1,twain,916,fitzgerald,6.794306686946324
1,twain,916,twain,6.739077210426331
1,twain,917,train,4.262761235237122
1,twain,917,baum,6.507379412651062
1,twain,917,thompson,7.232601165771484
1,twain,917,dickens,6.695216655731201
1,twain,917,melville,7.529784573449029
1,twain,917,wells,6.772609710693359
1,twain,917,austen,6.549403587977092
1,twain,917,fitzgerald,6.791256632123675
1,twain,917,twain,6.730024427175522
1,twain,918,train,4.323266625404358
1,twain,918,baum,6.506699085235596
1,twain,918,thompson,7.233800530433655
1,twain,918,dickens,6.6949888865153
1,twain,918,melville,7.540439234839545
1,twain,918,wells,6.785187482833862
1,twain,918,austen,6.553968667984009
1,twain,918,fitzgerald,6.788021564483643
1,twain,918,twain,6.741065084934235
1,twain,919,train,4.287470102310181
1,twain,919,baum,6.511552572250366
1,twain,919,thompson,7.229950189590454
1,twain,919,dickens,6.699042002360026
1,twain,919,melville,7.526485972934299
1,twain,919,wells,6.784644444783528
1,twain,919,austen,6.559142589569092
1,twain,919,fitzgerald,6.793676035744803
1,twain,919,twain,6.725802779197693
1,twain,920,train,4.281304121017456
1,twain,920,baum,6.514499068260193
1,twain,920,thompson,7.230289340019226
1,twain,920,dickens,6.697568416595459
1,twain,920,melville,7.5331339836120605
1,twain,920,wells,6.79127820332845
1,twain,920,austen,6.563625971476237
1,twain,920,fitzgerald,6.795719623565674
1,twain,920,twain,6.73773118853569
1,twain,921,train,4.253009080886841
1,twain,921,baum,6.51360821723938
1,twain,921,thompson,7.237517833709717
1,twain,921,dickens,6.708100159962972
1,twain,921,melville,7.540630870395237
1,twain,921,wells,6.793475707372029
1,twain,921,austen,6.565309206644694
1,twain,921,fitzgerald,6.800335611615862
1,twain,921,twain,6.742725610733032
1,twain,922,train,4.248456835746765
1,twain,922,baum,6.508439660072327
1,twain,922,thompson,7.238075494766235
1,twain,922,dickens,6.691487630208333
1,twain,922,melville,7.540694130791558
1,twain,922,wells,6.775348981221517
1,twain,922,austen,6.551384290059407
1,twain,922,fitzgerald,6.796058586665562
1,twain,922,twain,6.736420929431915
1,twain,923,train,4.261247992515564
1,twain,923,baum,6.513843417167664
1,twain,923,thompson,7.243311882019043
1,twain,923,dickens,6.702925205230713
1,twain,923,melville,7.5419643190171985
1,twain,923,wells,6.781043132146199
1,twain,923,austen,6.553339083989461
1,twain,923,fitzgerald,6.79819529397147
1,twain,923,twain,6.737368643283844
1,twain,924,train,4.261155962944031
1,twain,924,baum,6.520535707473755
1,twain,924,thompson,7.239836096763611
1,twain,924,dickens,6.704553286234538
1,twain,924,melville,7.532115459442139
1,twain,924,wells,6.788264989852905
1,twain,924,austen,6.562060276667277
1,twain,924,fitzgerald,6.800755841391427
1,twain,924,twain,6.730540096759796
1,twain,925,train,4.287382125854492
1,twain,925,baum,6.506673455238342
1,twain,925,thompson,7.243085980415344
1,twain,925,dickens,6.699434598286946
1,twain,925,melville,7.54859103096856
1,twain,925,wells,6.773213148117065
1,twain,925,austen,6.545517762502034
1,twain,925,fitzgerald,6.797646999359131
1,twain,925,twain,6.743838310241699
1,twain,926,train,4.245545268058777
1,twain,926,baum,6.532227516174316
1,twain,926,thompson,7.242247700691223
1,twain,926,dickens,6.708112875620524
1,twain,926,melville,7.542320357428657
1,twain,926,wells,6.806757132212321
1,twain,926,austen,6.575384457906087
1,twain,926,fitzgerald,6.810026713779995
1,twain,926,twain,6.737705707550049
1,twain,927,train,4.262445092201233
1,twain,927,baum,6.501311659812927
1,twain,927,thompson,7.232444167137146
1,twain,927,dickens,6.692729314168294
1,twain,927,melville,7.552370071411133
1,twain,927,wells,6.777976671854655
1,twain,927,austen,6.551420529683431
1,twain,927,fitzgerald,6.788997445787702
1,twain,927,twain,6.739117294549942
1,twain,928,train,4.271904468536377
1,twain,928,baum,6.522900342941284
1,twain,928,thompson,7.233393430709839
1,twain,928,dickens,6.703427314758301
1,twain,928,melville,7.538803524441189
1,twain,928,wells,6.792784690856934
1,twain,928,austen,6.558640877405803
1,twain,928,fitzgerald,6.80368253162929
1,twain,928,twain,6.733316361904144
1,twain,929,train,4.268337965011597
1,twain,929,baum,6.5095566511154175
1,twain,929,thompson,7.244938492774963
1,twain,929,dickens,6.699110507965088
1,twain,929,melville,7.558824168311225
1,twain,929,wells,6.781646092732747
1,twain,929,austen,6.5556005636851
1,twain,929,fitzgerald,6.797147818974087
1,twain,929,twain,6.743068337440491
1,twain,930,train,4.26053249835968
1,twain,930,baum,6.525053381919861
1,twain,930,thompson,7.2434234619140625
1,twain,930,dickens,6.706453641255696
1,twain,930,melville,7.552835040622288
1,twain,930,wells,6.797954559326172
1,twain,930,austen,6.56537405649821
1,twain,930,fitzgerald,6.804127011980329
1,twain,930,twain,6.742720991373062
1,twain,931,train,4.171963453292847
1,twain,931,baum,6.509915828704834
1,twain,931,thompson,7.235323309898376
1,twain,931,dickens,6.691446145375569
1,twain,931,melville,7.539946715037028
1,twain,931,wells,6.777555068333943
1,twain,931,austen,6.551059246063232
1,twain,931,fitzgerald,6.792018617902484
1,twain,931,twain,6.735587447881699
1,twain,932,train,4.327589631080627
1,twain,932,baum,6.51406729221344
1,twain,932,thompson,7.233057498931885
1,twain,932,dickens,6.694456736246745
1,twain,932,melville,7.542226261562771
1,twain,932,wells,6.787629763285319
1,twain,932,austen,6.555379152297974
1,twain,932,fitzgerald,6.796575614384243
1,twain,932,twain,6.738044112920761
1,twain,933,train,4.255369186401367
1,twain,933,baum,6.521989822387695
1,twain,933,thompson,7.244250535964966
1,twain,933,dickens,6.700610796610515
1,twain,933,melville,7.552480432722303
1,twain,933,wells,6.797796249389648
1,twain,933,austen,6.561504522959392
1,twain,933,fitzgerald,6.8052795955113
1,twain,933,twain,6.744019240140915
1,twain,934,train,4.167766094207764
1,twain,934,baum,6.520372748374939
1,twain,934,thompson,7.244834303855896
1,twain,934,dickens,6.700967788696289
1,twain,934,melville,7.538408491346571
1,twain,934,wells,6.792833566665649
1,twain,934,austen,6.559911886850993
1,twain,934,fitzgerald,6.805619035448347
1,twain,934,twain,6.736154109239578
1,twain,935,train,4.22552216053009
1,twain,935,baum,6.519665241241455
1,twain,935,thompson,7.2451324462890625
1,twain,935,dickens,6.702779610951741
1,twain,935,melville,7.563347021738688
1,twain,935,wells,6.790866136550903
1,twain,935,austen,6.560524304707845
1,twain,935,fitzgerald,6.804015091487339
1,twain,935,twain,6.7432286739349365
1,twain,936,train,4.181415319442749
1,twain,936,baum,6.528327345848084
1,twain,936,thompson,7.258705854415893
1,twain,936,dickens,6.708990891774495
1,twain,936,melville,7.575880951351589
1,twain,936,wells,6.801916360855103
1,twain,936,austen,6.572528918584188
1,twain,936,fitzgerald,6.813724654061454
1,twain,936,twain,6.752402305603027
1,twain,937,train,4.236554384231567
1,twain,937,baum,6.5224961042404175
1,twain,937,thompson,7.254078865051269
1,twain,937,dickens,6.709377765655518
1,twain,937,melville,7.574756357404921
1,twain,937,wells,6.795354127883911
1,twain,937,austen,6.565405925114949
1,twain,937,fitzgerald,6.80751929964338
1,twain,937,twain,6.751531571149826
1,twain,938,train,4.209100008010864
1,twain,938,baum,6.525155544281006
1,twain,938,thompson,7.254780173301697
1,twain,938,dickens,6.717575073242188
1,twain,938,melville,7.567633734809028
1,twain,938,wells,6.797668377558391
1,twain,938,austen,6.571162621180217
1,twain,938,fitzgerald,6.8118632180350165
1,twain,938,twain,6.751371175050736
1,twain,939,train,4.223402738571167
1,twain,939,baum,6.527795076370239
1,twain,939,thompson,7.247564077377319
1,twain,939,dickens,6.713550090789795
1,twain,939,melville,7.550366030799018
1,twain,939,wells,6.799362818400065
1,twain,939,austen,6.569324254989624
1,twain,939,fitzgerald,6.808792386736188
1,twain,939,twain,6.742816537618637
1,twain,940,train,4.229985356330872
1,twain,940,baum,6.522762537002564
1,twain,940,thompson,7.25043511390686
1,twain,940,dickens,6.714030583699544
1,twain,940,melville,7.567884604136149
1,twain,940,wells,6.798740863800049
1,twain,940,austen,6.562317291895549
1,twain,940,fitzgerald,6.808880601610456
1,twain,940,twain,6.752610564231873
1,twain,941,train,4.262104868888855
1,twain,941,baum,6.535709500312805
1,twain,941,thompson,7.254979610443115
1,twain,941,dickens,6.71805477142334
1,twain,941,melville,7.550615734524197
1,twain,941,wells,6.80051326751709
1,twain,941,austen,6.576033433278401
1,twain,941,fitzgerald,6.813692365373884
1,twain,941,twain,6.739566802978516
1,twain,942,train,4.225967288017273
1,twain,942,baum,6.521151900291443
1,twain,942,thompson,7.24487578868866
1,twain,942,dickens,6.709567546844482
1,twain,942,melville,7.55053726832072
1,twain,942,wells,6.794238885243733
1,twain,942,austen,6.561552047729492
1,twain,942,fitzgerald,6.80707311630249
1,twain,942,twain,6.7436633706092834
1,twain,943,train,4.24757444858551
1,twain,943,baum,6.52021586894989
1,twain,943,thompson,7.244658350944519
1,twain,943,dickens,6.709981441497803
1,twain,943,melville,7.5581105550130205
1,twain,943,wells,6.788790067036946
1,twain,943,austen,6.560208479563396
1,twain,943,fitzgerald,6.804306847708566
1,twain,943,twain,6.746412873268127
1,twain,944,train,4.160596966743469
1,twain,944,baum,6.522649526596069
1,twain,944,thompson,7.253982305526733
1,twain,944,dickens,6.708919843037923
1,twain,944,melville,7.569419331020779
1,twain,944,wells,6.79104741414388
1,twain,944,austen,6.565416971842448
1,twain,944,fitzgerald,6.810875279562814
1,twain,944,twain,6.752062082290649
1,twain,945,train,4.253660082817078
1,twain,945,baum,6.519781112670898
1,twain,945,thompson,7.248467087745666
1,twain,945,dickens,6.714394251505534
1,twain,945,melville,7.561836401621501
1,twain,945,wells,6.795811653137207
1,twain,945,austen,6.5661492347717285
1,twain,945,fitzgerald,6.810308115822928
1,twain,945,twain,6.75233069062233
1,twain,946,train,4.248765707015991
1,twain,946,baum,6.52566933631897
1,twain,946,thompson,7.254705309867859
1,twain,946,dickens,6.710587024688721
1,twain,946,melville,7.556836446126302
1,twain,946,wells,6.799151182174683
1,twain,946,austen,6.572829802831014
1,twain,946,fitzgerald,6.816393307277134
1,twain,946,twain,6.747760832309723
1,twain,947,train,4.188418865203857
1,twain,947,baum,6.536888122558594
1,twain,947,thompson,7.254370331764221
1,twain,947,dickens,6.723360538482666
1,twain,947,melville,7.556518925560845
1,twain,947,wells,6.812456607818604
1,twain,947,austen,6.579232056935628
1,twain,947,fitzgerald,6.819418839045933
1,twain,947,twain,6.748580574989319
1,twain,948,train,4.227252125740051
1,twain,948,baum,6.540870308876038
1,twain,948,thompson,7.265809893608093
1,twain,948,dickens,6.720231850941976
1,twain,948,melville,7.570418463812934
1,twain,948,wells,6.804863532384236
1,twain,948,austen,6.579732735951741
1,twain,948,fitzgerald,6.823160171508789
1,twain,948,twain,6.754632472991943
1,twain,949,train,4.223548650741577
1,twain,949,baum,6.539406776428223
1,twain,949,thompson,7.261820435523987
1,twain,949,dickens,6.727281411488851
1,twain,949,melville,7.574076758490668
1,twain,949,wells,6.807748158772786
1,twain,949,austen,6.577547391255696
1,twain,949,fitzgerald,6.824058532714844
1,twain,949,twain,6.762201726436615
1,twain,950,train,4.19847583770752
1,twain,950,baum,6.525920271873474
1,twain,950,thompson,7.2671438455581665
1,twain,950,dickens,6.719130992889404
1,twain,950,melville,7.59263637330797
1,twain,950,wells,6.795108159383138
1,twain,950,austen,6.570776144663493
1,twain,950,fitzgerald,6.815985270908901
1,twain,950,twain,6.770567744970322
1,twain,951,train,4.1901445388793945
1,twain,951,baum,6.535730957984924
1,twain,951,thompson,7.264341831207275
1,twain,951,dickens,6.725322723388672
1,twain,951,melville,7.576235241360134
1,twain,951,wells,6.801380077997844
1,twain,951,austen,6.578019539515178
1,twain,951,fitzgerald,6.818342549460275
1,twain,951,twain,6.760533452033997
1,twain,952,train,4.244778037071228
1,twain,952,baum,6.541625380516052
1,twain,952,thompson,7.266942501068115
1,twain,952,dickens,6.735778013865153
1,twain,952,melville,7.587199899885389
1,twain,952,wells,6.816320180892944
1,twain,952,austen,6.581514914830525
1,twain,952,fitzgerald,6.8290574210030695
1,twain,952,twain,6.7613222897052765
1,twain,953,train,4.225616693496704
1,twain,953,baum,6.542345762252808
1,twain,953,thompson,7.266286730766296
1,twain,953,dickens,6.727281093597412
1,twain,953,melville,7.579820579952663
1,twain,953,wells,6.814579566319783
1,twain,953,austen,6.585475206375122
1,twain,953,fitzgerald,6.823395797184536
1,twain,953,twain,6.75977811217308
1,twain,954,train,4.21086847782135
1,twain,954,baum,6.538044452667236
1,twain,954,thompson,7.265426993370056
1,twain,954,dickens,6.726279417673747
1,twain,954,melville,7.58092557059394
1,twain,954,wells,6.811547517776489
1,twain,954,austen,6.576597452163696
1,twain,954,fitzgerald,6.824254649026053
1,twain,954,twain,6.759544163942337
1,twain,955,train,4.178919434547424
1,twain,955,baum,6.545658588409424
1,twain,955,thompson,7.277419805526733
1,twain,955,dickens,6.732046604156494
1,twain,955,melville,7.598279264238146
1,twain,955,wells,6.81099271774292
1,twain,955,austen,6.585346778233846
1,twain,955,fitzgerald,6.83140618460519
1,twain,955,twain,6.765447854995728
1,twain,956,train,4.2226643562316895
1,twain,956,baum,6.540761113166809
1,twain,956,thompson,7.265120983123779
1,twain,956,dickens,6.726513385772705
1,twain,956,melville,7.574317773183186
1,twain,956,wells,6.807644605636597
1,twain,956,austen,6.5749564965566
1,twain,956,fitzgerald,6.825360025678362
1,twain,956,twain,6.754533171653748
1,twain,957,train,4.22203803062439
1,twain,957,baum,6.542700886726379
1,twain,957,thompson,7.276050329208374
1,twain,957,dickens,6.733359654744466
1,twain,957,melville,7.581430011325413
1,twain,957,wells,6.819424390792847
1,twain,957,austen,6.58352796236674
1,twain,957,fitzgerald,6.831875324249268
1,twain,957,twain,6.7659812271595
1,twain,958,train,4.2149418592453
1,twain,958,baum,6.546170115470886
1,twain,958,thompson,7.271978974342346
1,twain,958,dickens,6.736021836598714
1,twain,958,melville,7.585024833679199
1,twain,958,wells,6.820090691248576
1,twain,958,austen,6.5908463795979815
1,twain,958,fitzgerald,6.830725193023682
1,twain,958,twain,6.76045235991478
1,twain,959,train,4.223818421363831
1,twain,959,baum,6.541040062904358
1,twain,959,thompson,7.277899384498596
1,twain,959,dickens,6.738245964050293
1,twain,959,melville,7.586974091000027
1,twain,959,wells,6.813562552134196
1,twain,959,austen,6.584110816319783
1,twain,959,fitzgerald,6.833538123539516
1,twain,959,twain,6.765991896390915
1,twain,960,train,4.178959250450134
1,twain,960,baum,6.555638909339905
1,twain,960,thompson,7.277431488037109
1,twain,960,dickens,6.750583171844482
1,twain,960,melville,7.592874579959446
1,twain,960,wells,6.838590701421102
1,twain,960,austen,6.600891351699829
1,twain,960,fitzgerald,6.840488910675049
1,twain,960,twain,6.769003212451935
1,twain,961,train,4.192214488983154
1,twain,961,baum,6.554136037826538
1,twain,961,thompson,7.275778889656067
1,twain,961,dickens,6.740058898925781
1,twain,961,melville,7.572415192921956
1,twain,961,wells,6.8244954744974775
1,twain,961,austen,6.597865740458171
1,twain,961,fitzgerald,6.833779403141567
1,twain,961,twain,6.76189523935318
1,twain,962,train,4.243444561958313
1,twain,962,baum,6.5458292961120605
1,twain,962,thompson,7.277163028717041
1,twain,962,dickens,6.733388900756836
1,twain,962,melville,7.592654122246636
1,twain,962,wells,6.820110003153483
1,twain,962,austen,6.589346567789714
1,twain,962,fitzgerald,6.829683780670166
1,twain,962,twain,6.7722156047821045
1,twain,963,train,4.179937481880188
1,twain,963,baum,6.553107142448425
1,twain,963,thompson,7.282130122184753
1,twain,963,dickens,6.739584287007649
1,twain,963,melville,7.585256046719021
1,twain,963,wells,6.820357163747151
1,twain,963,austen,6.59203592936198
1,twain,963,fitzgerald,6.837859358106341
1,twain,963,twain,6.765169620513916
1,twain,964,train,4.182111978530884
1,twain,964,baum,6.558092355728149
1,twain,964,thompson,7.2748671770095825
1,twain,964,dickens,6.743221441904704
1,twain,964,melville,7.5943002170986595
1,twain,964,wells,6.83072288831075
1,twain,964,austen,6.599835236867269
1,twain,964,fitzgerald,6.837836606161935
1,twain,964,twain,6.771634966135025
1,twain,965,train,4.138330698013306
1,twain,965,baum,6.5485206842422485
1,twain,965,thompson,7.277848243713379
1,twain,965,dickens,6.738643169403076
1,twain,965,melville,7.601588884989421
1,twain,965,wells,6.82644526163737
1,twain,965,austen,6.598135709762573
1,twain,965,fitzgerald,6.834764548710415
1,twain,965,twain,6.77101269364357
1,twain,966,train,4.118872404098511
1,twain,966,baum,6.557817697525024
1,twain,966,thompson,7.279957056045532
1,twain,966,dickens,6.7469096183776855
1,twain,966,melville,7.592844857109918
1,twain,966,wells,6.831331173578898
1,twain,966,austen,6.600147485733032
1,twain,966,fitzgerald,6.84052848815918
1,twain,966,twain,6.771839261054993
1,twain,967,train,4.217723608016968
1,twain,967,baum,6.548288464546204
1,twain,967,thompson,7.295114278793335
1,twain,967,dickens,6.742431640625
1,twain,967,melville,7.600667105780707
1,twain,967,wells,6.825351715087891
1,twain,967,austen,6.593390941619873
1,twain,967,fitzgerald,6.841840948377337
1,twain,967,twain,6.7762431204319
1,twain,968,train,4.134588003158569
1,twain,968,baum,6.552393913269043
1,twain,968,thompson,7.285660624504089
1,twain,968,dickens,6.7435557047526045
1,twain,968,melville,7.588660293155247
1,twain,968,wells,6.823799212773641
1,twain,968,austen,6.594355980555217
1,twain,968,fitzgerald,6.84028114591326
1,twain,968,twain,6.767320781946182
1,twain,969,train,4.195210099220276
1,twain,969,baum,6.552028298377991
1,twain,969,thompson,7.289380311965942
1,twain,969,dickens,6.744452317555745
1,twain,969,melville,7.60177575217353
1,twain,969,wells,6.827624241511027
1,twain,969,austen,6.59441343943278
1,twain,969,fitzgerald,6.842568397521973
1,twain,969,twain,6.7737055122852325
1,twain,970,train,4.177873134613037
1,twain,970,baum,6.566538095474243
1,twain,970,thompson,7.288575172424316
1,twain,970,dickens,6.747994740804036
1,twain,970,melville,7.583571804894341
1,twain,970,wells,6.829196850458781
1,twain,970,austen,6.601777235666911
1,twain,970,fitzgerald,6.84758016041347
1,twain,970,twain,6.752792209386826
1,twain,971,train,4.1479068994522095
1,twain,971,baum,6.557858824729919
1,twain,971,thompson,7.287333726882935
1,twain,971,dickens,6.745390733083089
1,twain,971,melville,7.609846697913276
1,twain,971,wells,6.830684105555217
1,twain,971,austen,6.599003712336223
1,twain,971,fitzgerald,6.844845567430768
1,twain,971,twain,6.776419550180435
1,twain,972,train,4.198809504508972
1,twain,972,baum,6.568113565444946
1,twain,972,thompson,7.294586062431335
1,twain,972,dickens,6.757171789805095
1,twain,972,melville,7.591773351033528
1,twain,972,wells,6.837036212285359
1,twain,972,austen,6.610006332397461
1,twain,972,fitzgerald,6.853272029331753
1,twain,972,twain,6.762572109699249
1,twain,973,train,4.185362935066223
1,twain,973,baum,6.550933122634888
1,twain,973,thompson,7.283210515975952
1,twain,973,dickens,6.745899200439453
1,twain,973,melville,7.603538248274061
1,twain,973,wells,6.8310546875
1,twain,973,austen,6.598378817240397
1,twain,973,fitzgerald,6.840296064104352
1,twain,973,twain,6.772394746541977
1,twain,974,train,4.139129877090454
1,twain,974,baum,6.558821082115173
1,twain,974,thompson,7.289790511131287
1,twain,974,dickens,6.747119108835856
1,twain,974,melville,7.60325484805637
1,twain,974,wells,6.83249553044637
1,twain,974,austen,6.599338928858439
1,twain,974,fitzgerald,6.851461274283273
1,twain,974,twain,6.77636194229126
1,twain,975,train,4.200054049491882
1,twain,975,baum,6.566638469696045
1,twain,975,thompson,7.293619990348816
1,twain,975,dickens,6.754664897918701
1,twain,975,melville,7.60880872938368
1,twain,975,wells,6.842894554138184
1,twain,975,austen,6.604698896408081
1,twain,975,fitzgerald,6.851135049547468
1,twain,975,twain,6.7750129997730255
1,twain,976,train,4.208038926124573
1,twain,976,baum,6.5593754053115845
1,twain,976,thompson,7.297319531440735
1,twain,976,dickens,6.74835475285848
1,twain,976,melville,7.625837590959337
1,twain,976,wells,6.83557407061259
1,twain,976,austen,6.596645514170329
1,twain,976,fitzgerald,6.84892395564488
1,twain,976,twain,6.782822757959366
1,twain,977,train,4.170208334922791
1,twain,977,baum,6.560557007789612
1,twain,977,thompson,7.291132688522339
1,twain,977,dickens,6.750259558359782
1,twain,977,melville,7.625496864318848
1,twain,977,wells,6.837485472361247
1,twain,977,austen,6.602024873097737
1,twain,977,fitzgerald,6.851266724722726
1,twain,977,twain,6.783744156360626
1,twain,978,train,4.139814615249634
1,twain,978,baum,6.563151121139526
1,twain,978,thompson,7.292535066604614
1,twain,978,dickens,6.752608935038249
1,twain,978,melville,7.617819044325087
1,twain,978,wells,6.832804838816325
1,twain,978,austen,6.6025623480478925
1,twain,978,fitzgerald,6.846636567796979
1,twain,978,twain,6.779401034116745
1,twain,979,train,4.160794496536255
1,twain,979,baum,6.558245420455933
1,twain,979,thompson,7.295143008232117
1,twain,979,dickens,6.747196197509766
1,twain,979,melville,7.614632182651096
1,twain,979,wells,6.82853905359904
1,twain,979,austen,6.597803672154744
1,twain,979,fitzgerald,6.844657489231655
1,twain,979,twain,6.776684612035751
1,twain,980,train,4.170482754707336
1,twain,980,baum,6.563454866409302
1,twain,980,thompson,7.290361762046814
1,twain,980,dickens,6.755331675211589
1,twain,980,melville,7.599407619900173
1,twain,980,wells,6.84108320871989
1,twain,980,austen,6.6048656304677325
1,twain,980,fitzgerald,6.8479768208095
1,twain,980,twain,6.773407310247421
1,twain,981,train,4.157622575759888
1,twain,981,baum,6.557053804397583
1,twain,981,thompson,7.287685036659241
1,twain,981,dickens,6.743740558624268
1,twain,981,melville,7.606763892703586
1,twain,981,wells,6.830588817596436
1,twain,981,austen,6.596635977427165
1,twain,981,fitzgerald,6.8447032655988425
1,twain,981,twain,6.770325779914856
1,twain,982,train,4.163182020187378
1,twain,982,baum,6.560542464256287
1,twain,982,thompson,7.299100637435913
1,twain,982,dickens,6.752894242604573
1,twain,982,melville,7.62687185075548
1,twain,982,wells,6.836193958918254
1,twain,982,austen,6.5992692311604815
1,twain,982,fitzgerald,6.852962630135672
1,twain,982,twain,6.786134302616119
1,twain,983,train,4.158485174179077
1,twain,983,baum,6.577812433242798
1,twain,983,thompson,7.298642516136169
1,twain,983,dickens,6.761698087056478
1,twain,983,melville,7.609283553229438
1,twain,983,wells,6.8582695325215655
1,twain,983,austen,6.616151173909505
1,twain,983,fitzgerald,6.8626307759966165
1,twain,983,twain,6.775878608226776
1,twain,984,train,4.21422290802002
1,twain,984,baum,6.556488633155823
1,twain,984,thompson,7.288554430007935
1,twain,984,dickens,6.755666414896647
1,twain,984,melville,7.609288215637207
1,twain,984,wells,6.833407481511434
1,twain,984,austen,6.602220853169759
1,twain,984,fitzgerald,6.848485742296491
1,twain,984,twain,6.773639440536499
1,twain,985,train,4.168186068534851
1,twain,985,baum,6.573045134544373
1,twain,985,thompson,7.296564698219299
1,twain,985,dickens,6.756546179453532
1,twain,985,melville,7.615210586123997
1,twain,985,wells,6.85335127512614
1,twain,985,austen,6.613927125930786
1,twain,985,fitzgerald,6.858640330178397
1,twain,985,twain,6.781269818544388
1,twain,986,train,4.159319043159485
1,twain,986,baum,6.574671626091003
1,twain,986,thompson,7.302285671234131
1,twain,986,dickens,6.760814507802327
1,twain,986,melville,7.606493208143446
1,twain,986,wells,6.839739481608073
1,twain,986,austen,6.61398450533549
1,twain,986,fitzgerald,6.855257511138916
1,twain,986,twain,6.773614913225174
1,twain,987,train,4.155037045478821
1,twain,987,baum,6.567825555801392
1,twain,987,thompson,7.294394850730896
1,twain,987,dickens,6.764351526896159
1,twain,987,melville,7.616228527492947
1,twain,987,wells,6.849748690923055
1,twain,987,austen,6.61011282602946
1,twain,987,fitzgerald,6.857082094464984
1,twain,987,twain,6.780119568109512
1,twain,988,train,4.152597904205322
1,twain,988,baum,6.559994220733643
1,twain,988,thompson,7.30103588104248
1,twain,988,dickens,6.761102835337321
1,twain,988,melville,7.6316226323445635
1,twain,988,wells,6.836046775182088
1,twain,988,austen,6.603225310643514
1,twain,988,fitzgerald,6.853006703513009
1,twain,988,twain,6.789476990699768
1,twain,989,train,4.154821157455444
1,twain,989,baum,6.569419622421265
1,twain,989,thompson,7.301254391670227
1,twain,989,dickens,6.758633295694987
1,twain,989,melville,7.611287064022488
1,twain,989,wells,6.835213581720988
1,twain,989,austen,6.603611469268799
1,twain,989,fitzgerald,6.855273519243513
1,twain,989,twain,6.7709079682827
1,twain,990,train,4.071707844734192
1,twain,990,baum,6.565401673316956
1,twain,990,thompson,7.310553789138794
1,twain,990,dickens,6.760997772216797
1,twain,990,melville,7.636404567294651
1,twain,990,wells,6.837042888005574
1,twain,990,austen,6.605874379475911
1,twain,990,fitzgerald,6.856407914842878
1,twain,990,twain,6.793019860982895
1,twain,991,train,4.139206051826477
1,twain,991,baum,6.578397154808044
1,twain,991,thompson,7.308997750282288
1,twain,991,dickens,6.763744354248047
1,twain,991,melville,7.616617043813069
1,twain,991,wells,6.850583553314209
1,twain,991,austen,6.615994294484456
1,twain,991,fitzgerald,6.862402643476214
1,twain,991,twain,6.781355917453766
1,twain,992,train,4.109908163547516
1,twain,992,baum,6.569371938705444
1,twain,992,thompson,7.3077552318573
1,twain,992,dickens,6.762619336446126
1,twain,992,melville,7.624726030561659
1,twain,992,wells,6.85012944539388
1,twain,992,austen,6.614225625991821
1,twain,992,fitzgerald,6.862030369894845
1,twain,992,twain,6.785005331039429
1,twain,993,train,4.073903918266296
1,twain,993,baum,6.569482088088989
1,twain,993,thompson,7.307743668556213
1,twain,993,dickens,6.76296329498291
1,twain,993,melville,7.619830555386013
1,twain,993,wells,6.842568238576253
1,twain,993,austen,6.609591801961263
1,twain,993,fitzgerald,6.85960408619472
1,twain,993,twain,6.783920735120773
1,twain,994,train,4.152759552001953
1,twain,994,baum,6.570924758911133
1,twain,994,thompson,7.311637163162231
1,twain,994,dickens,6.764816919962565
1,twain,994,melville,7.641407913631863
1,twain,994,wells,6.845382372538249
1,twain,994,austen,6.611083189646403
1,twain,994,fitzgerald,6.864040851593018
1,twain,994,twain,6.794201761484146
1,twain,995,train,4.107258439064026
1,twain,995,baum,6.582558631896973
1,twain,995,thompson,7.3152244091033936
1,twain,995,dickens,6.770138899485271
1,twain,995,melville,7.628281540340847
1,twain,995,wells,6.8442442417144775
1,twain,995,austen,6.621988932291667
1,twain,995,fitzgerald,6.866597243717739
1,twain,995,twain,6.781730651855469
1,twain,996,train,4.105505108833313
1,twain,996,baum,6.583590030670166
1,twain,996,thompson,7.32190465927124
1,twain,996,dickens,6.779547532399495
1,twain,996,melville,7.649522304534912
1,twain,996,wells,6.85901419321696
1,twain,996,austen,6.626961549123128
1,twain,996,fitzgerald,6.876617635999407
1,twain,996,twain,6.79089343547821
1,twain,997,train,4.137168765068054
1,twain,997,baum,6.573422312736511
1,twain,997,thompson,7.312427759170532
1,twain,997,dickens,6.777616024017334
1,twain,997,melville,7.635171095530192
1,twain,997,wells,6.848864237467448
1,twain,997,austen,6.614066521326701
1,twain,997,fitzgerald,6.868359293256487
1,twain,997,twain,6.789431571960449
1,twain,998,train,4.113056540489197
1,twain,998,baum,6.5770344734191895
1,twain,998,thompson,7.314239859580994
1,twain,998,dickens,6.774609406789144
1,twain,998,melville,7.632210413614909
1,twain,998,wells,6.855368932088216
1,twain,998,austen,6.619184414545695
1,twain,998,fitzgerald,6.867918831961496
1,twain,998,twain,6.785656720399857
1,twain,999,train,4.106973052024841
1,twain,999,baum,6.578884124755859
1,twain,999,thompson,7.310350298881531
1,twain,999,dickens,6.772571245829265
1,twain,999,melville,7.612230724758572
1,twain,999,wells,6.840744654337565
1,twain,999,austen,6.616788546244304
1,twain,999,fitzgerald,6.863980838230678
1,twain,999,twain,6.774695158004761
1,twain,1000,train,4.123630881309509
1,twain,1000,baum,6.583289980888367
1,twain,1000,thompson,7.321100115776062
1,twain,1000,dickens,6.777692953745524
1,twain,1000,melville,7.648927105797662
1,twain,1000,wells,6.859103361765544
1,twain,1000,austen,6.625800848007202
1,twain,1000,fitzgerald,6.871888160705566
1,twain,1000,twain,6.803064793348312
1,twain,1001,train,4.156290054321289
1,twain,1001,baum,6.584590315818787
1,twain,1001,thompson,7.318821549415588
1,twain,1001,dickens,6.776520888010661
1,twain,1001,melville,7.645873069763184
1,twain,1001,wells,6.859943787256877
1,twain,1001,austen,6.624560515085856
1,twain,1001,fitzgerald,6.872352531978062
1,twain,1001,twain,6.803782880306244
1,twain,1002,train,4.103483438491821
1,twain,1002,baum,6.570785641670227
1,twain,1002,thompson,7.319573163986206
1,twain,1002,dickens,6.774064540863037
1,twain,1002,melville,7.657687293158637
1,twain,1002,wells,6.845714012781779
1,twain,1002,austen,6.617054144541423
1,twain,1002,fitzgerald,6.866229125431606
1,twain,1002,twain,6.804151833057404
1,twain,1003,train,4.083402991294861
1,twain,1003,baum,6.573869705200195
1,twain,1003,thompson,7.313766598701477
1,twain,1003,dickens,6.7767588297526045
1,twain,1003,melville,7.636298497517903
1,twain,1003,wells,6.851904312769572
1,twain,1003,austen,6.617874622344971
1,twain,1003,fitzgerald,6.867376872471401
1,twain,1003,twain,6.794800847768784
1,twain,1004,train,4.11369526386261
1,twain,1004,baum,6.599993586540222
1,twain,1004,thompson,7.329025030136108
1,twain,1004,dickens,6.794599692026774
1,twain,1004,melville,7.634804778628879
1,twain,1004,wells,6.883236487706502
1,twain,1004,austen,6.642613252003987
1,twain,1004,fitzgerald,6.886363574436733
1,twain,1004,twain,6.7966402769088745
1,twain,1005,train,4.11449933052063
1,twain,1005,baum,6.581611752510071
1,twain,1005,thompson,7.325331330299377
1,twain,1005,dickens,6.775975863138835
1,twain,1005,melville,7.64487886428833
1,twain,1005,wells,6.849971294403076
1,twain,1005,austen,6.623356421788533
1,twain,1005,fitzgerald,6.872002397264753
1,twain,1005,twain,6.797443807125092
1,twain,1006,train,4.062870144844055
1,twain,1006,baum,6.580928802490234
1,twain,1006,thompson,7.324160933494568
1,twain,1006,dickens,6.777250289916992
1,twain,1006,melville,7.6414690017700195
1,twain,1006,wells,6.85086186726888
1,twain,1006,austen,6.619731505711873
1,twain,1006,fitzgerald,6.873566899980817
1,twain,1006,twain,6.796231597661972
1,twain,1007,train,4.114624500274658
1,twain,1007,baum,6.589731216430664
1,twain,1007,thompson,7.330742478370666
1,twain,1007,dickens,6.786425908406575
1,twain,1007,melville,7.66339275572035
1,twain,1007,wells,6.862676779429118
1,twain,1007,austen,6.628024180730184
1,twain,1007,fitzgerald,6.88520233971732
1,twain,1007,twain,6.809649378061295
1,twain,1008,train,4.092603325843811
1,twain,1008,baum,6.580423951148987
1,twain,1008,thompson,7.319991707801819
1,twain,1008,dickens,6.777424176534017
1,twain,1008,melville,7.650305800967747
1,twain,1008,wells,6.85437798500061
1,twain,1008,austen,6.62618088722229
1,twain,1008,fitzgerald,6.874653543744769
1,twain,1008,twain,6.796871602535248
1,twain,1009,train,4.080892562866211
1,twain,1009,baum,6.5856019258499146
1,twain,1009,thompson,7.329172849655151
1,twain,1009,dickens,6.790837605794271
1,twain,1009,melville,7.676965872446696
1,twain,1009,wells,6.8778886795043945
1,twain,1009,austen,6.6365987459818525
1,twain,1009,fitzgerald,6.885842732020786
1,twain,1009,twain,6.824698984622955
1,twain,1010,train,4.059005320072174
1,twain,1010,baum,6.599672913551331
1,twain,1010,thompson,7.336443901062012
1,twain,1010,dickens,6.787088235219319
1,twain,1010,melville,7.634240468343099
1,twain,1010,wells,6.86805272102356
1,twain,1010,austen,6.638715505599976
1,twain,1010,fitzgerald,6.887088707515171
1,twain,1010,twain,6.796078979969025
1,twain,1011,train,4.091183423995972
1,twain,1011,baum,6.590339779853821
1,twain,1011,thompson,7.333590269088745
1,twain,1011,dickens,6.788062413533528
1,twain,1011,melville,7.672378116183811
1,twain,1011,wells,6.874089082082112
1,twain,1011,austen,6.633394956588745
1,twain,1011,fitzgerald,6.885042463030134
1,twain,1011,twain,6.813507080078125
1,twain,1012,train,4.108479261398315
1,twain,1012,baum,6.602400898933411
1,twain,1012,thompson,7.331546902656555
1,twain,1012,dickens,6.789008140563965
1,twain,1012,melville,7.633264912499322
1,twain,1012,wells,6.864798069000244
1,twain,1012,austen,6.634454011917114
1,twain,1012,fitzgerald,6.885287284851074
1,twain,1012,twain,6.79188460111618
1,twain,1013,train,4.114916920661926
1,twain,1013,baum,6.594618082046509
1,twain,1013,thompson,7.330731511116028
1,twain,1013,dickens,6.790497779846191
1,twain,1013,melville,7.652177015940349
1,twain,1013,wells,6.877505620320638
1,twain,1013,austen,6.635582288106282
1,twain,1013,fitzgerald,6.88709340776716
1,twain,1013,twain,6.802925556898117
1,twain,1014,train,4.079590797424316
1,twain,1014,baum,6.608548521995544
1,twain,1014,thompson,7.332361936569214
1,twain,1014,dickens,6.791304429372151
1,twain,1014,melville,7.6376291910807295
1,twain,1014,wells,6.878068367640178
1,twain,1014,austen,6.642681916554769
1,twain,1014,fitzgerald,6.887546266828265
1,twain,1014,twain,6.796993255615234
1,twain,1015,train,4.113569259643555
1,twain,1015,baum,6.594716668128967
1,twain,1015,thompson,7.3414247035980225
1,twain,1015,dickens,6.786144256591797
1,twain,1015,melville,7.673758824666341
1,twain,1015,wells,6.874404827753703
1,twain,1015,austen,6.635594288508098
1,twain,1015,fitzgerald,6.887904712132046
1,twain,1015,twain,6.823000013828278
1,twain,1016,train,4.0586559772491455
1,twain,1016,baum,6.597026586532593
1,twain,1016,thompson,7.336941480636597
1,twain,1016,dickens,6.788039366404216
1,twain,1016,melville,7.655820263756646
1,twain,1016,wells,6.867311716079712
1,twain,1016,austen,6.633557160695394
1,twain,1016,fitzgerald,6.886499268668039
1,twain,1016,twain,6.808227837085724
1,twain,1017,train,4.056272029876709
1,twain,1017,baum,6.592204809188843
1,twain,1017,thompson,7.345844626426697
1,twain,1017,dickens,6.7971870104471845
1,twain,1017,melville,7.687081072065565
1,twain,1017,wells,6.873055378595988
1,twain,1017,austen,6.631087144215901
1,twain,1017,fitzgerald,6.889448710850307
1,twain,1017,twain,6.822596281766892
1,twain,1018,train,4.063558101654053
1,twain,1018,baum,6.612841963768005
1,twain,1018,thompson,7.334797620773315
1,twain,1018,dickens,6.805278778076172
1,twain,1018,melville,7.65280654695299
1,twain,1018,wells,6.887048085530599
1,twain,1018,austen,6.64551838239034
1,twain,1018,fitzgerald,6.894848755427769
1,twain,1018,twain,6.802824795246124
1,twain,1019,train,4.117440581321716
1,twain,1019,baum,6.582125186920166
1,twain,1019,thompson,7.337029933929443
1,twain,1019,dickens,6.782773971557617
1,twain,1019,melville,7.680098639594184
1,twain,1019,wells,6.859789848327637
1,twain,1019,austen,6.620283206303914
1,twain,1019,fitzgerald,6.879069532666888
1,twain,1019,twain,6.821893066167831
1,twain,1020,train,4.053402304649353
1,twain,1020,baum,6.587200880050659
1,twain,1020,thompson,7.322073340415955
1,twain,1020,dickens,6.789500236511231
1,twain,1020,melville,7.6487130588955345
1,twain,1020,wells,6.866252183914185
1,twain,1020,austen,6.62532114982605
1,twain,1020,fitzgerald,6.878919737679618
1,twain,1020,twain,6.805694699287415
1,twain,1021,train,4.082505822181702
1,twain,1021,baum,6.605378150939941
1,twain,1021,thompson,7.342133402824402
1,twain,1021,dickens,6.800707817077637
1,twain,1021,melville,7.670531272888184
1,twain,1021,wells,6.888593117396037
1,twain,1021,austen,6.6430128415425616
1,twain,1021,fitzgerald,6.8975075994219095
1,twain,1021,twain,6.813772737979889
1,twain,1022,train,4.0724300146102905
1,twain,1022,baum,6.604681372642517
1,twain,1022,thompson,7.337287664413452
1,twain,1022,dickens,6.798080921173096
1,twain,1022,melville,7.661563078562419
1,twain,1022,wells,6.8767322699228925
1,twain,1022,austen,6.639191309611003
1,twain,1022,fitzgerald,6.89283949988229
1,twain,1022,twain,6.8133880496025085
1,twain,1023,train,4.1300190687179565
1,twain,1023,baum,6.614463806152344
1,twain,1023,thompson,7.347917318344116
1,twain,1023,dickens,6.812365690867106
1,twain,1023,melville,7.687869177924262
1,twain,1023,wells,6.897244930267334
1,twain,1023,austen,6.647027969360352
1,twain,1023,fitzgerald,6.9051167624337335
1,twain,1023,twain,6.828647315502167
1,twain,1024,train,4.027626991271973
1,twain,1024,baum,6.608239054679871
1,twain,1024,thompson,7.347773551940918
1,twain,1024,dickens,6.8018167813618975
1,twain,1024,melville,7.673450787862142
1,twain,1024,wells,6.8814748128255205
1,twain,1024,austen,6.641803979873657
1,twain,1024,fitzgerald,6.900458744594029
1,twain,1024,twain,6.817946672439575
1,twain,1025,train,4.037916660308838
1,twain,1025,baum,6.614359498023987
1,twain,1025,thompson,7.343814253807068
1,twain,1025,dickens,6.803523063659668
1,twain,1025,melville,7.666875097486708
1,twain,1025,wells,6.892800966898601
1,twain,1025,austen,6.650009552637736
1,twain,1025,fitzgerald,6.903321811131069
1,twain,1025,twain,6.814568728208542
1,twain,1026,train,4.104465007781982
1,twain,1026,baum,6.605491995811462
1,twain,1026,thompson,7.342602968215942
1,twain,1026,dickens,6.801757176717122
1,twain,1026,melville,7.667945173051622
1,twain,1026,wells,6.8806008497873945
1,twain,1026,austen,6.643531481424968
1,twain,1026,fitzgerald,6.892921515873501
1,twain,1026,twain,6.815240055322647
1,twain,1027,train,4.046822905540466
1,twain,1027,baum,6.610466718673706
1,twain,1027,thompson,7.348762273788452
1,twain,1027,dickens,6.802243868509929
1,twain,1027,melville,7.67315329445733
1,twain,1027,wells,6.885611613591512
1,twain,1027,austen,6.644594828287761
1,twain,1027,fitzgerald,6.900595664978027
1,twain,1027,twain,6.814971476793289
1,twain,1028,train,4.073256492614746
1,twain,1028,baum,6.616839170455933
1,twain,1028,thompson,7.345162868499756
1,twain,1028,dickens,6.813218116760254
1,twain,1028,melville,7.670253488752577
1,twain,1028,wells,6.891504287719727
1,twain,1028,austen,6.661577304204305
1,twain,1028,fitzgerald,6.899673053196499
1,twain,1028,twain,6.818334877490997
1,twain,1029,train,4.101736068725586
1,twain,1029,baum,6.611442685127258
1,twain,1029,thompson,7.355416893959045
1,twain,1029,dickens,6.806312719980876
1,twain,1029,melville,7.674546718597412
1,twain,1029,wells,6.881511131922404
1,twain,1029,austen,6.647134462992351
1,twain,1029,fitzgerald,6.90226548058646
1,twain,1029,twain,6.813048839569092
1,twain,1030,train,4.103793025016785
1,twain,1030,baum,6.620391488075256
1,twain,1030,thompson,7.342850685119629
1,twain,1030,dickens,6.811553319295247
1,twain,1030,melville,7.6549900902642145
1,twain,1030,wells,6.8880635897318525
1,twain,1030,austen,6.652098178863525
1,twain,1030,fitzgerald,6.901526655469622
1,twain,1030,twain,6.806463569402695
1,twain,1031,train,4.087870597839356
1,twain,1031,baum,6.614193797111511
1,twain,1031,thompson,7.3503371477127075
1,twain,1031,dickens,6.80686076482137
1,twain,1031,melville,7.682599809434679
1,twain,1031,wells,6.897991021474202
1,twain,1031,austen,6.6532520453135175
1,twain,1031,fitzgerald,6.904778753008161
1,twain,1031,twain,6.8331888020038605
1,twain,1032,train,4.065803408622742
1,twain,1032,baum,6.6159515380859375
1,twain,1032,thompson,7.353067755699158
1,twain,1032,dickens,6.807060400644938
1,twain,1032,melville,7.6670274204678
1,twain,1032,wells,6.886980930964152
1,twain,1032,austen,6.653508265813191
1,twain,1032,fitzgerald,6.9032745361328125
1,twain,1032,twain,6.812643676996231
1,twain,1033,train,4.017005443572998
1,twain,1033,baum,6.606675148010254
1,twain,1033,thompson,7.349117040634155
1,twain,1033,dickens,6.804419835408528
1,twain,1033,melville,7.684548960791694
1,twain,1033,wells,6.886232296625773
1,twain,1033,austen,6.649179617563884
1,twain,1033,fitzgerald,6.905489989689419
1,twain,1033,twain,6.818712532520294
1,twain,1034,train,4.0905375480651855
1,twain,1034,baum,6.604130029678345
1,twain,1034,thompson,7.346493601799011
1,twain,1034,dickens,6.800825595855713
1,twain,1034,melville,7.678358130984835
1,twain,1034,wells,6.88036847114563
1,twain,1034,austen,6.646403630574544
1,twain,1034,fitzgerald,6.899872098650251
1,twain,1034,twain,6.819462299346924
1,twain,1035,train,4.086497902870178
1,twain,1035,baum,6.62683641910553
1,twain,1035,thompson,7.353822350502014
1,twain,1035,dickens,6.814698378245036
1,twain,1035,melville,7.6780553923712835
1,twain,1035,wells,6.901235580444336
1,twain,1035,austen,6.6627107461293535
1,twain,1035,fitzgerald,6.913559913635254
1,twain,1035,twain,6.82079404592514
1,twain,1036,train,4.056248426437378
1,twain,1036,baum,6.617846012115479
1,twain,1036,thompson,7.358573794364929
1,twain,1036,dickens,6.804895083109538
1,twain,1036,melville,7.675197283426921
1,twain,1036,wells,6.88239852587382
1,twain,1036,austen,6.645194212595622
1,twain,1036,fitzgerald,6.904444217681885
1,twain,1036,twain,6.816000014543533
1,twain,1037,train,4.022779643535614
1,twain,1037,baum,6.614961862564087
1,twain,1037,thompson,7.359081506729126
1,twain,1037,dickens,6.806049823760986
1,twain,1037,melville,7.673433250851101
1,twain,1037,wells,6.886285305023193
1,twain,1037,austen,6.6462539831797285
1,twain,1037,fitzgerald,6.904468127659389
1,twain,1037,twain,6.81871622800827
1,twain,1038,train,4.07140064239502
1,twain,1038,baum,6.613154053688049
1,twain,1038,thompson,7.360743045806885
1,twain,1038,dickens,6.809495608011882
1,twain,1038,melville,7.689809428320991
1,twain,1038,wells,6.882196664810181
1,twain,1038,austen,6.656645933787028
1,twain,1038,fitzgerald,6.906846114567348
1,twain,1038,twain,6.824226677417755
1,twain,1039,train,4.059852123260498
1,twain,1039,baum,6.632000923156738
1,twain,1039,thompson,7.363546133041382
1,twain,1039,dickens,6.824833234151204
1,twain,1039,melville,7.685495111677381
1,twain,1039,wells,6.906678835550944
1,twain,1039,austen,6.668669859568278
1,twain,1039,fitzgerald,6.920257500239781
1,twain,1039,twain,6.818683296442032
1,twain,1040,train,4.029504060745239
1,twain,1040,baum,6.615392923355103
1,twain,1040,thompson,7.363005518913269
1,twain,1040,dickens,6.806062380472819
1,twain,1040,melville,7.704672018686931
1,twain,1040,wells,6.88644544283549
1,twain,1040,austen,6.651187817255656
1,twain,1040,fitzgerald,6.906857013702393
1,twain,1040,twain,6.8310339748859406
1,twain,1041,train,4.032262325286865
1,twain,1041,baum,6.633075714111328
1,twain,1041,thompson,7.363986968994141
1,twain,1041,dickens,6.821841398874919
1,twain,1041,melville,7.687044673495823
1,twain,1041,wells,6.896184682846069
1,twain,1041,austen,6.667336781819661
1,twain,1041,fitzgerald,6.914683614458356
1,twain,1041,twain,6.817459315061569
1,twain,1042,train,4.067322075366974
1,twain,1042,baum,6.62350070476532
1,twain,1042,thompson,7.366854548454285
1,twain,1042,dickens,6.815682411193848
1,twain,1042,melville,7.700507428910997
1,twain,1042,wells,6.900946617126465
1,twain,1042,austen,6.660608212153117
1,twain,1042,fitzgerald,6.911897318703788
1,twain,1042,twain,6.830347985029221
1,twain,1043,train,4.066269159317017
1,twain,1043,baum,6.62848687171936
1,twain,1043,thompson,7.373176217079163
1,twain,1043,dickens,6.826831022898356
1,twain,1043,melville,7.709137386745876
1,twain,1043,wells,6.90312401453654
1,twain,1043,austen,6.6654121081034345
1,twain,1043,fitzgerald,6.920227731977191
1,twain,1043,twain,6.835470497608185
1,twain,1044,train,3.965993285179138
1,twain,1044,baum,6.637851357460022
1,twain,1044,thompson,7.374500870704651
1,twain,1044,dickens,6.824196179707845
1,twain,1044,melville,7.694483333163792
1,twain,1044,wells,6.911513249079387
1,twain,1044,austen,6.671132802963257
1,twain,1044,fitzgerald,6.928877830505371
1,twain,1044,twain,6.830708056688309
1,twain,1045,train,4.0713595151901245
1,twain,1045,baum,6.643224358558655
1,twain,1045,thompson,7.375020980834961
1,twain,1045,dickens,6.839767138163249
1,twain,1045,melville,7.702469401889378
1,twain,1045,wells,6.916395505269368
1,twain,1045,austen,6.679822683334351
1,twain,1045,fitzgerald,6.931793008531843
1,twain,1045,twain,6.842795103788376
1,twain,1046,train,4.0696680545806885
1,twain,1046,baum,6.645230054855347
1,twain,1046,thompson,7.37522292137146
1,twain,1046,dickens,6.8323319753011065
1,twain,1046,melville,7.675698863135444
1,twain,1046,wells,6.91327977180481
1,twain,1046,austen,6.682557026545207
1,twain,1046,fitzgerald,6.926007883889334
1,twain,1046,twain,6.821570545434952
1,twain,1047,train,4.033175468444824
1,twain,1047,baum,6.628491044044495
1,twain,1047,thompson,7.377147316932678
1,twain,1047,dickens,6.824747085571289
1,twain,1047,melville,7.711731327904595
1,twain,1047,wells,6.909077882766724
1,twain,1047,austen,6.670330762863159
1,twain,1047,fitzgerald,6.923545837402344
1,twain,1047,twain,6.839549541473389
1,twain,1048,train,4.071802973747253
1,twain,1048,baum,6.6283180713653564
1,twain,1048,thompson,7.366871118545532
1,twain,1048,dickens,6.819914817810059
1,twain,1048,melville,7.7087554931640625
1,twain,1048,wells,6.901357094446818
1,twain,1048,austen,6.667411009470622
1,twain,1048,fitzgerald,6.916778496333531
1,twain,1048,twain,6.8330118060112
1,twain,1049,train,3.990115225315094
1,twain,1049,baum,6.632716178894043
1,twain,1049,thompson,7.378909587860107
1,twain,1049,dickens,6.824076016743978
1,twain,1049,melville,7.715088844299316
1,twain,1049,wells,6.9067050615946455
1,twain,1049,austen,6.671764135360718
1,twain,1049,fitzgerald,6.922716821943011
1,twain,1049,twain,6.838728338479996
1,twain,1050,train,4.048214554786682
1,twain,1050,baum,6.627816915512085
1,twain,1050,thompson,7.37308669090271
1,twain,1050,dickens,6.827805042266846
1,twain,1050,melville,7.7053614722357855
1,twain,1050,wells,6.905947208404541
1,twain,1050,austen,6.66630220413208
1,twain,1050,fitzgerald,6.922071252550397
1,twain,1050,twain,6.839191973209381
1,twain,1051,train,3.990966379642487
1,twain,1051,baum,6.625255703926086
1,twain,1051,thompson,7.373081922531128
1,twain,1051,dickens,6.826251029968262
1,twain,1051,melville,7.706654760572645
1,twain,1051,wells,6.90232268969218
1,twain,1051,austen,6.667208989461263
1,twain,1051,fitzgerald,6.91960723059518
1,twain,1051,twain,6.840869277715683
1,twain,1052,train,4.031211018562317
1,twain,1052,baum,6.637589693069458
1,twain,1052,thompson,7.365344285964966
1,twain,1052,dickens,6.827022075653076
1,twain,1052,melville,7.681045161353217
1,twain,1052,wells,6.908064126968384
1,twain,1052,austen,6.671529213587443
1,twain,1052,fitzgerald,6.924720900399344
1,twain,1052,twain,6.822456061840057
1,twain,1053,train,4.013523876667023
1,twain,1053,baum,6.623318433761597
1,twain,1053,thompson,7.372120141983032
1,twain,1053,dickens,6.827548027038574
1,twain,1053,melville,7.719255659315321
1,twain,1053,wells,6.897084474563599
1,twain,1053,austen,6.660436073939006
1,twain,1053,fitzgerald,6.915904726300921
1,twain,1053,twain,6.848038196563721
1,twain,1054,train,4.021829843521118
1,twain,1054,baum,6.644823789596558
1,twain,1054,thompson,7.376785159111023
1,twain,1054,dickens,6.832898298899333
1,twain,1054,melville,7.696337434980604
1,twain,1054,wells,6.917160431543986
1,twain,1054,austen,6.683117548624675
1,twain,1054,fitzgerald,6.927983624594552
1,twain,1054,twain,6.8419618010520935
1,twain,1055,train,4.016678631305695
1,twain,1055,baum,6.64576530456543
1,twain,1055,thompson,7.373817205429077
1,twain,1055,dickens,6.832316239674886
1,twain,1055,melville,7.681182066599528
1,twain,1055,wells,6.915477673212688
1,twain,1055,austen,6.67665163675944
1,twain,1055,fitzgerald,6.9311990056719095
1,twain,1055,twain,6.826369494199753
1,twain,1056,train,4.010081470012665
1,twain,1056,baum,6.635470986366272
1,twain,1056,thompson,7.376456379890442
1,twain,1056,dickens,6.826693852742513
1,twain,1056,melville,7.697455300225152
1,twain,1056,wells,6.909045378367106
1,twain,1056,austen,6.674283345540364
1,twain,1056,fitzgerald,6.925946440015521
1,twain,1056,twain,6.837577790021896
1,twain,1057,train,3.972760319709778
1,twain,1057,baum,6.6398138999938965
1,twain,1057,thompson,7.384282827377319
1,twain,1057,dickens,6.83708127339681
1,twain,1057,melville,7.707386440700954
1,twain,1057,wells,6.908514817555745
1,twain,1057,austen,6.677046775817871
1,twain,1057,fitzgerald,6.932882172720773
1,twain,1057,twain,6.8373507261276245
1,twain,1058,train,4.013617157936096
1,twain,1058,baum,6.6348161697387695
1,twain,1058,thompson,7.381658911705017
1,twain,1058,dickens,6.832165400187175
1,twain,1058,melville,7.725104173024495
1,twain,1058,wells,6.904409090677897
1,twain,1058,austen,6.666842937469482
1,twain,1058,fitzgerald,6.928206443786621
1,twain,1058,twain,6.847650498151779
1,twain,1059,train,4.031409859657288
1,twain,1059,baum,6.638575911521912
1,twain,1059,thompson,7.382369160652161
1,twain,1059,dickens,6.833279768625896
1,twain,1059,melville,7.713727262285021
1,twain,1059,wells,6.912400007247925
1,twain,1059,austen,6.6766345500946045
1,twain,1059,fitzgerald,6.932112421308245
1,twain,1059,twain,6.845024406909943
1,twain,1060,train,3.980333387851715
1,twain,1060,baum,6.650906205177307
1,twain,1060,thompson,7.385913133621216
1,twain,1060,dickens,6.838587443033855
1,twain,1060,melville,7.712420145670573
1,twain,1060,wells,6.924320459365845
1,twain,1060,austen,6.688217719395955
1,twain,1060,fitzgerald,6.940874576568604
1,twain,1060,twain,6.84786856174469
1,twain,1061,train,3.9843013882637024
1,twain,1061,baum,6.636084079742432
1,twain,1061,thompson,7.383301138877869
1,twain,1061,dickens,6.836961587270101
1,twain,1061,melville,7.715269830491808
1,twain,1061,wells,6.913747946421306
1,twain,1061,austen,6.67833964029948
1,twain,1061,fitzgerald,6.933215958731515
1,twain,1061,twain,6.847542971372604
1,twain,1062,train,3.9854623675346375
1,twain,1062,baum,6.64335560798645
1,twain,1062,thompson,7.380543947219849
1,twain,1062,dickens,6.838237444559733
1,twain,1062,melville,7.695590549045139
1,twain,1062,wells,6.916021903355916
1,twain,1062,austen,6.680416504542033
1,twain,1062,fitzgerald,6.93508768081665
1,twain,1062,twain,6.835020929574966
1,twain,1063,train,3.944503903388977
1,twain,1063,baum,6.653157711029053
1,twain,1063,thompson,7.383682489395142
1,twain,1063,dickens,6.8494720458984375
1,twain,1063,melville,7.70740286509196
1,twain,1063,wells,6.929526487986247
1,twain,1063,austen,6.689829508463542
1,twain,1063,fitzgerald,6.940282276698521
1,twain,1063,twain,6.840212404727936
1,twain,1064,train,4.000645458698273
1,twain,1064,baum,6.65520167350769
1,twain,1064,thompson,7.399773716926575
1,twain,1064,dickens,6.847700119018555
1,twain,1064,melville,7.717406590779622
1,twain,1064,wells,6.924899657567342
1,twain,1064,austen,6.69113818804423
1,twain,1064,fitzgerald,6.9471884454999655
1,twain,1064,twain,6.836137115955353
1,twain,1065,train,4.017597138881683
1,twain,1065,baum,6.648873805999756
1,twain,1065,thompson,7.398502469062805
1,twain,1065,dickens,6.847900390625
1,twain,1065,melville,7.742774486541748
1,twain,1065,wells,6.932048161824544
1,twain,1065,austen,6.688319444656372
1,twain,1065,fitzgerald,6.946395124707903
1,twain,1065,twain,6.865535825490952
1,twain,1066,train,3.99640291929245
1,twain,1066,baum,6.65897011756897
1,twain,1066,thompson,7.399672865867615
1,twain,1066,dickens,6.847272396087647
1,twain,1066,melville,7.714874055650499
1,twain,1066,wells,6.925845305124919
1,twain,1066,austen,6.69232193628947
1,twain,1066,fitzgerald,6.94640166418893
1,twain,1066,twain,6.846363633871079
1,twain,1067,train,4.011722683906555
1,twain,1067,baum,6.639185547828674
1,twain,1067,thompson,7.404718637466431
1,twain,1067,dickens,6.838748613993327
1,twain,1067,melville,7.75238021214803
1,twain,1067,wells,6.927443186442058
1,twain,1067,austen,6.682447671890259
1,twain,1067,fitzgerald,6.946454661233084
1,twain,1067,twain,6.871347934007645
1,twain,1068,train,4.035997152328491
1,twain,1068,baum,6.660839915275574
1,twain,1068,thompson,7.398405313491821
1,twain,1068,dickens,6.852027416229248
1,twain,1068,melville,7.72305785285102
1,twain,1068,wells,6.938766479492188
1,twain,1068,austen,6.695539633433024
1,twain,1068,fitzgerald,6.948970658438546
1,twain,1068,twain,6.850114852190018
1,twain,1069,train,3.9748575091362
1,twain,1069,baum,6.652914643287659
1,twain,1069,thompson,7.405013680458069
1,twain,1069,dickens,6.848051230112712
1,twain,1069,melville,7.716155423058404
1,twain,1069,wells,6.922200918197632
1,twain,1069,austen,6.6909323533376055
1,twain,1069,fitzgerald,6.944032260349819
1,twain,1069,twain,6.843187689781189
1,twain,1070,train,4.010245978832245
1,twain,1070,baum,6.662192344665527
1,twain,1070,thompson,7.402746200561523
1,twain,1070,dickens,6.860956350962321
1,twain,1070,melville,7.713041464487712
1,twain,1070,wells,6.943697293599446
1,twain,1070,austen,6.702280203501384
1,twain,1070,fitzgerald,6.952804156712124
1,twain,1070,twain,6.856553643941879
1,twain,1071,train,4.0030158162117
1,twain,1071,baum,6.646562814712524
1,twain,1071,thompson,7.394903182983398
1,twain,1071,dickens,6.848959287007649
1,twain,1071,melville,7.724126815795898
1,twain,1071,wells,6.917456706364949
1,twain,1071,austen,6.689315478006999
1,twain,1071,fitzgerald,6.941479955400739
1,twain,1071,twain,6.85445499420166
1,twain,1072,train,4.045329689979553
1,twain,1072,baum,6.668937206268311
1,twain,1072,thompson,7.40508496761322
1,twain,1072,dickens,6.853928407033284
1,twain,1072,melville,7.7208889325459795
1,twain,1072,wells,6.9526277383168535
1,twain,1072,austen,6.705831289291382
1,twain,1072,fitzgerald,6.958399977002825
1,twain,1072,twain,6.850719064474106
1,twain,1073,train,4.009336888790131
1,twain,1073,baum,6.648336529731751
1,twain,1073,thompson,7.403732299804687
1,twain,1073,dickens,6.849310239156087
1,twain,1073,melville,7.739196883307563
1,twain,1073,wells,6.926450332005818
1,twain,1073,austen,6.681424776713054
1,twain,1073,fitzgerald,6.943644932338169
1,twain,1073,twain,6.858998715877533
1,twain,1074,train,3.994425594806671
1,twain,1074,baum,6.6543731689453125
1,twain,1074,thompson,7.406174182891846
1,twain,1074,dickens,6.846593697865804
1,twain,1074,melville,7.731836054060194
1,twain,1074,wells,6.926768859227498
1,twain,1074,austen,6.686816612879436
1,twain,1074,fitzgerald,6.951109204973493
1,twain,1074,twain,6.857457488775253
1,twain,1075,train,3.999083936214447
1,twain,1075,baum,6.663136601448059
1,twain,1075,thompson,7.4086750745773315
1,twain,1075,dickens,6.857158819834392
1,twain,1075,melville,7.74456591076321
1,twain,1075,wells,6.946866591771443
1,twain,1075,austen,6.702638546625773
1,twain,1075,fitzgerald,6.956324781690325
1,twain,1075,twain,6.864385575056076
1,twain,1076,train,3.94405198097229
1,twain,1076,baum,6.64464282989502
1,twain,1076,thompson,7.434824705123901
1,twain,1076,dickens,6.846004803975423
1,twain,1076,melville,7.803377045525445
1,twain,1076,wells,6.923761049906413
1,twain,1076,austen,6.687257051467896
1,twain,1076,fitzgerald,6.954736300877163
1,twain,1076,twain,6.894763916730881
1,twain,1077,train,3.969330430030823
1,twain,1077,baum,6.659433364868164
1,twain,1077,thompson,7.397205114364624
1,twain,1077,dickens,6.850991566975911
1,twain,1077,melville,7.731619834899902
1,twain,1077,wells,6.934880415598552
1,twain,1077,austen,6.699846982955933
1,twain,1077,fitzgerald,6.9444684982299805
1,twain,1077,twain,6.859163701534271
1,twain,1078,train,3.99268901348114
1,twain,1078,baum,6.656755328178406
1,twain,1078,thompson,7.404675245285034
1,twain,1078,dickens,6.853129863739014
1,twain,1078,melville,7.742066383361816
1,twain,1078,wells,6.936671018600464
1,twain,1078,austen,6.696393013000488
1,twain,1078,fitzgerald,6.95542573928833
1,twain,1078,twain,6.870523363351822
1,twain,1079,train,3.99677723646164
1,twain,1079,baum,6.665127992630005
1,twain,1079,thompson,7.397776484489441
1,twain,1079,dickens,6.856427987416585
1,twain,1079,melville,7.715389304690891
1,twain,1079,wells,6.933682044347127
1,twain,1079,austen,6.700594345728557
1,twain,1079,fitzgerald,6.947813034057617
1,twain,1079,twain,6.847964763641357
1,twain,1080,train,4.052599132061005
1,twain,1080,baum,6.655704975128174
1,twain,1080,thompson,7.410826325416565
1,twain,1080,dickens,6.858688195546468
1,twain,1080,melville,7.761420302920872
1,twain,1080,wells,6.939001242319743
1,twain,1080,austen,6.696865876515706
1,twain,1080,fitzgerald,6.956452710287912
1,twain,1080,twain,6.871194511651993
1,twain,1081,train,3.980867326259613
1,twain,1081,baum,6.667246103286743
1,twain,1081,thompson,7.39957070350647
1,twain,1081,dickens,6.860269546508789
1,twain,1081,melville,7.723044289482964
1,twain,1081,wells,6.940043846766154
1,twain,1081,austen,6.703987042109172
1,twain,1081,fitzgerald,6.95151104245867
1,twain,1081,twain,6.848994880914688
1,twain,1082,train,4.02394312620163
1,twain,1082,baum,6.663458585739136
1,twain,1082,thompson,7.41048002243042
1,twain,1082,dickens,6.8570014635721845
1,twain,1082,melville,7.744208653767903
1,twain,1082,wells,6.944610913594564
1,twain,1082,austen,6.704477469126384
1,twain,1082,fitzgerald,6.957553659166608
1,twain,1082,twain,6.863804876804352
1,twain,1083,train,3.999592125415802
1,twain,1083,baum,6.6673784255981445
1,twain,1083,thompson,7.401960492134094
1,twain,1083,dickens,6.865399519602458
1,twain,1083,melville,7.717526223924425
1,twain,1083,wells,6.950994809468587
1,twain,1083,austen,6.7060840129852295
1,twain,1083,fitzgerald,6.955720220293317
1,twain,1083,twain,6.849258065223694
1,twain,1084,train,3.955159366130829
1,twain,1084,baum,6.670437574386597
1,twain,1084,thompson,7.41507887840271
1,twain,1084,dickens,6.868607838948567
1,twain,1084,melville,7.739631493886311
1,twain,1084,wells,6.951472838719686
1,twain,1084,austen,6.706529537836711
1,twain,1084,fitzgerald,6.960593155452183
1,twain,1084,twain,6.861773371696472
1,twain,1085,train,3.987078368663788
1,twain,1085,baum,6.678260326385498
1,twain,1085,thompson,7.409480214118957
1,twain,1085,dickens,6.864033857981364
1,twain,1085,melville,7.730984528859456
1,twain,1085,wells,6.956581433614095
1,twain,1085,austen,6.712990125020345
1,twain,1085,fitzgerald,6.960436207907541
1,twain,1085,twain,6.859712660312653
1,twain,1086,train,3.991530478000641
1,twain,1086,baum,6.676002383232117
1,twain,1086,thompson,7.416786551475525
1,twain,1086,dickens,6.859628836313884
1,twain,1086,melville,7.740504635704888
1,twain,1086,wells,6.950797955195109
1,twain,1086,austen,6.707176287968953
1,twain,1086,fitzgerald,6.96085820879255
1,twain,1086,twain,6.8659670650959015
1,twain,1087,train,3.910682559013367
1,twain,1087,baum,6.6796568632125854
1,twain,1087,thompson,7.420077443122864
1,twain,1087,dickens,6.869735399881999
1,twain,1087,melville,7.738071653578016
1,twain,1087,wells,6.962153355280559
1,twain,1087,austen,6.712614059448242
1,twain,1087,fitzgerald,6.972640786852155
1,twain,1087,twain,6.8621715903282166
1,twain,1088,train,3.987408041954041
1,twain,1088,baum,6.665994644165039
1,twain,1088,thompson,7.406655430793762
1,twain,1088,dickens,6.861308892567952
1,twain,1088,melville,7.736014631059435
1,twain,1088,wells,6.941628615061442
1,twain,1088,austen,6.704171021779378
1,twain,1088,fitzgerald,6.954629966190884
1,twain,1088,twain,6.857807695865631
1,twain,1089,train,3.9538772106170654
1,twain,1089,baum,6.676006555557251
1,twain,1089,thompson,7.420013904571533
1,twain,1089,dickens,6.863621393839519
1,twain,1089,melville,7.744143168131511
1,twain,1089,wells,6.947884798049927
1,twain,1089,austen,6.7062093416849775
1,twain,1089,fitzgerald,6.965263911655971
1,twain,1089,twain,6.862741142511368
1,twain,1090,train,3.984615862369538
1,twain,1090,baum,6.669390797615051
1,twain,1090,thompson,7.419429540634155
1,twain,1090,dickens,6.86092472076416
1,twain,1090,melville,7.748245663113064
1,twain,1090,wells,6.947826067606608
1,twain,1090,austen,6.703449249267578
1,twain,1090,fitzgerald,6.958436965942383
1,twain,1090,twain,6.867211639881134
1,twain,1091,train,3.974169671535492
1,twain,1091,baum,6.66190505027771
1,twain,1091,thompson,7.411221146583557
1,twain,1091,dickens,6.855004946390788
1,twain,1091,melville,7.742272112104628
1,twain,1091,wells,6.941905498504639
1,twain,1091,austen,6.70104471842448
1,twain,1091,fitzgerald,6.954179218837193
1,twain,1091,twain,6.866180658340454
1,twain,1092,train,3.955304503440857
1,twain,1092,baum,6.665824294090271
1,twain,1092,thompson,7.406153678894043
1,twain,1092,dickens,6.86528205871582
1,twain,1092,melville,7.7385550075107155
1,twain,1092,wells,6.948956569035848
1,twain,1092,austen,6.707662900288899
1,twain,1092,fitzgerald,6.960072244916644
1,twain,1092,twain,6.870421767234802
1,twain,1093,train,3.9639528393745422
1,twain,1093,baum,6.665831804275513
1,twain,1093,thompson,7.414614319801331
1,twain,1093,dickens,6.867752393086751
1,twain,1093,melville,7.742073535919189
1,twain,1093,wells,6.9456658363342285
1,twain,1093,austen,6.708383719126384
1,twain,1093,fitzgerald,6.957692895616804
1,twain,1093,twain,6.861165821552277
1,twain,1094,train,3.956408381462097
1,twain,1094,baum,6.67861807346344
1,twain,1094,thompson,7.417734146118164
1,twain,1094,dickens,6.876723607381185
1,twain,1094,melville,7.759393162197536
1,twain,1094,wells,6.954984188079834
1,twain,1094,austen,6.711144765218099
1,twain,1094,fitzgerald,6.967647688729422
1,twain,1094,twain,6.874848812818527
1,twain,1095,train,3.96293842792511
1,twain,1095,baum,6.674001097679138
1,twain,1095,thompson,7.428966283798218
1,twain,1095,dickens,6.869840145111084
1,twain,1095,melville,7.767906665802002
1,twain,1095,wells,6.945427576700847
1,twain,1095,austen,6.707576195398967
1,twain,1095,fitzgerald,6.970554419926235
1,twain,1095,twain,6.880675405263901
1,twain,1096,train,3.936569213867188
1,twain,1096,baum,6.6950763463974
1,twain,1096,thompson,7.43654990196228
1,twain,1096,dickens,6.891851584116618
1,twain,1096,melville,7.759977022806804
1,twain,1096,wells,6.97284205754598
1,twain,1096,austen,6.7279112339019775
1,twain,1096,fitzgerald,6.98638357434954
1,twain,1096,twain,6.882853955030441
1,twain,1097,train,3.9452022910118094
1,twain,1097,baum,6.678676724433899
1,twain,1097,thompson,7.432108163833618
1,twain,1097,dickens,6.875119050343831
1,twain,1097,melville,7.765516863928901
1,twain,1097,wells,6.953093369801839
1,twain,1097,austen,6.711493968963623
1,twain,1097,fitzgerald,6.97192028590611
1,twain,1097,twain,6.885869085788727
1,twain,1098,train,3.952887237071991
1,twain,1098,baum,6.685057044029236
1,twain,1098,thompson,7.422953367233276
1,twain,1098,dickens,6.879412651062012
1,twain,1098,melville,7.74554263220893
1,twain,1098,wells,6.958494663238525
1,twain,1098,austen,6.722098271052043
1,twain,1098,fitzgerald,6.971229416983468
1,twain,1098,twain,6.867827296257019
1,twain,1099,train,3.943029165267944
1,twain,1099,baum,6.697576403617859
1,twain,1099,thompson,7.441935539245605
1,twain,1099,dickens,6.883841673533122
1,twain,1099,melville,7.766152858734131
1,twain,1099,wells,6.969672203063965
1,twain,1099,austen,6.725608189900716
1,twain,1099,fitzgerald,6.982702323368618
1,twain,1099,twain,6.879266142845154
1,twain,1100,train,3.906031966209412
1,twain,1100,baum,6.689284563064575
1,twain,1100,thompson,7.451208829879761
1,twain,1100,dickens,6.887606143951416
1,twain,1100,melville,7.795525868733724
1,twain,1100,wells,6.9602789878845215
1,twain,1100,austen,6.721639076868693
1,twain,1100,fitzgerald,6.984996318817139
1,twain,1100,twain,6.896557509899139
1,twain,1101,train,3.949039876461029
1,twain,1101,baum,6.687165141105652
1,twain,1101,thompson,7.439033269882202
1,twain,1101,dickens,6.874433517456055
1,twain,1101,melville,7.780191580454509
1,twain,1101,wells,6.961636384328206
1,twain,1101,austen,6.720881938934326
1,twain,1101,fitzgerald,6.977073873792376
1,twain,1101,twain,6.881622314453125
1,twain,1102,train,3.922830879688263
1,twain,1102,baum,6.69062340259552
1,twain,1102,thompson,7.429105043411255
1,twain,1102,dickens,6.887526988983154
1,twain,1102,melville,7.746280034383138
1,twain,1102,wells,6.969735145568848
1,twain,1102,austen,6.730797290802002
1,twain,1102,fitzgerald,6.9780866759164
1,twain,1102,twain,6.868836343288422
1,twain,1103,train,3.958995401859283
1,twain,1103,baum,6.6774678230285645
1,twain,1103,thompson,7.433641076087952
1,twain,1103,dickens,6.880567232767741
1,twain,1103,melville,7.76823001437717
1,twain,1103,wells,6.957710425059001
1,twain,1103,austen,6.719627221425374
1,twain,1103,fitzgerald,6.9730231421334405
1,twain,1103,twain,6.87730672955513
1,twain,1104,train,3.949506580829621
1,twain,1104,baum,6.69248628616333
1,twain,1104,thompson,7.43454897403717
1,twain,1104,dickens,6.889305591583252
1,twain,1104,melville,7.765643066830105
1,twain,1104,wells,6.962323268254598
1,twain,1104,austen,6.721997102101644
1,twain,1104,fitzgerald,6.982170854296003
1,twain,1104,twain,6.878508925437927
1,twain,1105,train,3.8640465140342712
1,twain,1105,baum,6.694291114807129
1,twain,1105,thompson,7.441542983055115
1,twain,1105,dickens,6.888741334279378
1,twain,1105,melville,7.7699187066819935
1,twain,1105,wells,6.973265965779622
1,twain,1105,austen,6.729252417882283
1,twain,1105,fitzgerald,6.982349463871548
1,twain,1105,twain,6.885416269302368
1,twain,1106,train,3.888307750225067
1,twain,1106,baum,6.696532726287842
1,twain,1106,thompson,7.443569302558899
1,twain,1106,dickens,6.89365275700887
1,twain,1106,melville,7.765750726064046
1,twain,1106,wells,6.9631814161936445
1,twain,1106,austen,6.726227442423503
1,twain,1106,fitzgerald,6.98294312613351
1,twain,1106,twain,6.879705935716629
1,twain,1107,train,3.944296479225159
1,twain,1107,baum,6.6918076276779175
1,twain,1107,thompson,7.437088847160339
1,twain,1107,dickens,6.886681238810222
1,twain,1107,melville,7.76610803604126
1,twain,1107,wells,6.967634518941243
1,twain,1107,austen,6.724575122197469
1,twain,1107,fitzgerald,6.983016286577497
1,twain,1107,twain,6.88185179233551
1,twain,1108,train,3.888296365737915
1,twain,1108,baum,6.692287802696228
1,twain,1108,thompson,7.442190289497375
1,twain,1108,dickens,6.88861894607544
1,twain,1108,melville,7.788749323950873
1,twain,1108,wells,6.961738030115764
1,twain,1108,austen,6.72722061475118
1,twain,1108,fitzgerald,6.981606687818255
1,twain,1108,twain,6.893543243408203
1,twain,1109,train,3.9447423815727234
1,twain,1109,baum,6.693869352340698
1,twain,1109,thompson,7.44361138343811
1,twain,1109,dickens,6.889102300008138
1,twain,1109,melville,7.790742503272162
1,twain,1109,wells,6.9713028271993
1,twain,1109,austen,6.732849995295207
1,twain,1109,fitzgerald,6.984716483524868
1,twain,1109,twain,6.901977360248566
1,twain,1110,train,3.9278778433799744
1,twain,1110,baum,6.708322048187256
1,twain,1110,thompson,7.450095653533935
1,twain,1110,dickens,6.898967742919922
1,twain,1110,melville,7.770408259497748
1,twain,1110,wells,6.974187135696411
1,twain,1110,austen,6.737497011820476
1,twain,1110,fitzgerald,6.994758810315814
1,twain,1110,twain,6.886221766471863
1,twain,1111,train,3.919273912906647
1,twain,1111,baum,6.702639102935791
1,twain,1111,thompson,7.446746230125427
1,twain,1111,dickens,6.891312758127849
1,twain,1111,melville,7.783613204956055
1,twain,1111,wells,6.976244846979777
1,twain,1111,austen,6.734040339787801
1,twain,1111,fitzgerald,6.993598869868687
1,twain,1111,twain,6.892034590244293
1,twain,1112,train,3.997743487358093
1,twain,1112,baum,6.709866046905518
1,twain,1112,thompson,7.465055823326111
1,twain,1112,dickens,6.905950546264648
1,twain,1112,melville,7.798849900563558
1,twain,1112,wells,6.975342591603597
1,twain,1112,austen,6.742676973342896
1,twain,1112,fitzgerald,6.998531069074359
1,twain,1112,twain,6.905437976121903
1,twain,1113,train,3.9043008685112
1,twain,1113,baum,6.710268259048462
1,twain,1113,thompson,7.460569143295288
1,twain,1113,dickens,6.889973640441895
1,twain,1113,melville,7.77028406990899
1,twain,1113,wells,6.977418661117554
1,twain,1113,austen,6.737660090128581
1,twain,1113,fitzgerald,6.994871003287179
1,twain,1113,twain,6.891913056373596
1,twain,1114,train,3.901594936847687
1,twain,1114,baum,6.709438800811768
1,twain,1114,thompson,7.450358271598816
1,twain,1114,dickens,6.895712216695149
1,twain,1114,melville,7.768364959292942
1,twain,1114,wells,6.972685098648071
1,twain,1114,austen,6.735632022221883
1,twain,1114,fitzgerald,6.992072718484061
1,twain,1114,twain,6.89050555229187
1,twain,1115,train,3.9124406576156616
1,twain,1115,baum,6.7176899909973145
1,twain,1115,thompson,7.45634388923645
1,twain,1115,dickens,6.898531595865886
1,twain,1115,melville,7.781145519680447
1,twain,1115,wells,6.984424432118733
1,twain,1115,austen,6.743707338968913
1,twain,1115,fitzgerald,6.997049808502197
1,twain,1115,twain,6.897424966096878
1,twain,1116,train,3.910033166408539
1,twain,1116,baum,6.714333772659302
1,twain,1116,thompson,7.454160809516907
1,twain,1116,dickens,6.895130475362142
1,twain,1116,melville,7.763550016615126
1,twain,1116,wells,6.973272323608398
1,twain,1116,austen,6.741155385971069
1,twain,1116,fitzgerald,6.99587345123291
1,twain,1116,twain,6.874407857656479
1,twain,1117,train,3.864032745361328
1,twain,1117,baum,6.698021411895752
1,twain,1117,thompson,7.45188045501709
1,twain,1117,dickens,6.882858594258626
1,twain,1117,melville,7.778565565745036
1,twain,1117,wells,6.969397226969401
1,twain,1117,austen,6.727001984914144
1,twain,1117,fitzgerald,6.988029275621686
1,twain,1117,twain,6.891801327466965
1,twain,1118,train,3.914816796779633
1,twain,1118,baum,6.726928472518921
1,twain,1118,thompson,7.476280927658081
1,twain,1118,dickens,6.916236877441406
1,twain,1118,melville,7.792462242974175
1,twain,1118,wells,7.003637234369914
1,twain,1118,austen,6.762122869491577
1,twain,1118,fitzgerald,7.014003140585763
1,twain,1118,twain,6.903474926948547
1,twain,1119,train,3.925629436969757
1,twain,1119,baum,6.715258121490479
1,twain,1119,thompson,7.45046603679657
1,twain,1119,dickens,6.904989878336589
1,twain,1119,melville,7.77351713180542
1,twain,1119,wells,6.98703400293986
1,twain,1119,austen,6.74084226290385
1,twain,1119,fitzgerald,6.998257841382708
1,twain,1119,twain,6.891305446624756
1,twain,1120,train,3.8954398036003113
1,twain,1120,baum,6.714746236801148
1,twain,1120,thompson,7.470971584320068
1,twain,1120,dickens,6.901068687438965
1,twain,1120,melville,7.797341187795003
1,twain,1120,wells,6.981720050175984
1,twain,1120,austen,6.742942810058594
1,twain,1120,fitzgerald,7.004135608673096
1,twain,1120,twain,6.902240693569183
1,twain,1121,train,3.879860758781433
1,twain,1121,baum,6.722196102142334
1,twain,1121,thompson,7.458391308784485
1,twain,1121,dickens,6.908970355987549
1,twain,1121,melville,7.773944060007731
1,twain,1121,wells,6.995073715845744
1,twain,1121,austen,6.753411213556926
1,twain,1121,fitzgerald,7.005751746041434
1,twain,1121,twain,6.889122426509857
1,twain,1122,train,3.907547950744629
1,twain,1122,baum,6.709907293319702
1,twain,1122,thompson,7.46542763710022
1,twain,1122,dickens,6.9026557604471845
1,twain,1122,melville,7.795990943908691
1,twain,1122,wells,6.986552158991496
1,twain,1122,austen,6.74149473508199
1,twain,1122,fitzgerald,7.0005934579031805
1,twain,1122,twain,6.907230913639069
1,twain,1123,train,3.928395092487335
1,twain,1123,baum,6.694122314453125
1,twain,1123,thompson,7.457974553108215
1,twain,1123,dickens,6.884383042653401
1,twain,1123,melville,7.791442129347059
1,twain,1123,wells,6.967808246612549
1,twain,1123,austen,6.7291561762491865
1,twain,1123,fitzgerald,6.990292753492083
1,twain,1123,twain,6.896488636732101
1,twain,1124,train,3.8374447226524353
1,twain,1124,baum,6.709615111351013
1,twain,1124,thompson,7.468912124633789
1,twain,1124,dickens,6.898478349049886
1,twain,1124,melville,7.806604597303602
1,twain,1124,wells,6.98004428545634
1,twain,1124,austen,6.746083895365397
1,twain,1124,fitzgerald,7.002047061920166
1,twain,1124,twain,6.9071080684661865
1,twain,1125,train,3.925503611564636
1,twain,1125,baum,6.714988231658936
1,twain,1125,thompson,7.4637309312820435
1,twain,1125,dickens,6.907317479451497
1,twain,1125,melville,7.793676482306586
1,twain,1125,wells,6.9878515402476
1,twain,1125,austen,6.749627431233724
1,twain,1125,fitzgerald,7.0060882568359375
1,twain,1125,twain,6.906446486711502
1,twain,1126,train,3.874847710132599
1,twain,1126,baum,6.713055849075317
1,twain,1126,thompson,7.482336163520813
1,twain,1126,dickens,6.902760823567708
1,twain,1126,melville,7.822531382242839
1,twain,1126,wells,6.98692512512207
1,twain,1126,austen,6.742896397908528
1,twain,1126,fitzgerald,7.011109897068569
1,twain,1126,twain,6.915981143712997
1,twain,1127,train,3.92684406042099
1,twain,1127,baum,6.711743950843811
1,twain,1127,thompson,7.468831300735474
1,twain,1127,dickens,6.90974489847819
1,twain,1127,melville,7.8159111340840655
1,twain,1127,wells,6.99042288462321
1,twain,1127,austen,6.752178271611531
1,twain,1127,fitzgerald,7.00979791368757
1,twain,1127,twain,6.916682243347168
1,twain,1128,train,3.898122787475586
1,twain,1128,baum,6.715791344642639
1,twain,1128,thompson,7.485079884529114
1,twain,1128,dickens,6.915976683298747
1,twain,1128,melville,7.839381006028917
1,twain,1128,wells,6.993986368179321
1,twain,1128,austen,6.753645261128743
1,twain,1128,fitzgerald,7.01889215196882
1,twain,1128,twain,6.938409984111786
1,twain,1129,train,3.9186840653419495
1,twain,1129,baum,6.717740178108215
1,twain,1129,thompson,7.457439422607422
1,twain,1129,dickens,6.917180220286052
1,twain,1129,melville,7.776939974890815
1,twain,1129,wells,6.988685528437297
1,twain,1129,austen,6.745187600453694
1,twain,1129,fitzgerald,7.0022172927856445
1,twain,1129,twain,6.886922001838684
1,twain,1130,train,3.8811482191085815
1,twain,1130,baum,6.697421789169312
1,twain,1130,thompson,7.494956612586975
1,twain,1130,dickens,6.896047274271647
1,twain,1130,melville,7.8634827931722
1,twain,1130,wells,6.971084435780843
1,twain,1130,austen,6.735665877660115
1,twain,1130,fitzgerald,7.011046613965716
1,twain,1130,twain,6.9500875771045685
1,twain,1131,train,3.890488743782044
1,twain,1131,baum,6.746026039123535
1,twain,1131,thompson,7.473561286926269
1,twain,1131,dickens,6.92909574508667
1,twain,1131,melville,7.788808928595649
1,twain,1131,wells,7.023766835530599
1,twain,1131,austen,6.772174040476481
1,twain,1131,fitzgerald,7.024326869419643
1,twain,1131,twain,6.904263705015183
1,twain,1132,train,3.907722294330597
1,twain,1132,baum,6.719449400901794
1,twain,1132,thompson,7.496973633766174
1,twain,1132,dickens,6.910786310831706
1,twain,1132,melville,7.853607018788655
1,twain,1132,wells,6.996015310287476
1,twain,1132,austen,6.75659195582072
1,twain,1132,fitzgerald,7.020050116947719
1,twain,1132,twain,6.940673261880875
1,twain,1133,train,3.896464705467224
1,twain,1133,baum,6.73062801361084
1,twain,1133,thompson,7.467683911323547
1,twain,1133,dickens,6.924962997436523
1,twain,1133,melville,7.8021363152398
1,twain,1133,wells,7.005048354466756
1,twain,1133,austen,6.764468987782796
1,twain,1133,fitzgerald,7.018845626286098
1,twain,1133,twain,6.913911759853363
1,twain,1134,train,3.874070465564728
1,twain,1134,baum,6.730192422866821
1,twain,1134,thompson,7.474819302558899
1,twain,1134,dickens,6.9270860354105634
1,twain,1134,melville,7.808479679955377
1,twain,1134,wells,7.004854520161946
1,twain,1134,austen,6.762107292811076
1,twain,1134,fitzgerald,7.020371913909912
1,twain,1134,twain,6.917443692684174
1,twain,1135,train,3.869107723236084
1,twain,1135,baum,6.72411322593689
1,twain,1135,thompson,7.48458731174469
1,twain,1135,dickens,6.921669483184815
1,twain,1135,melville,7.821578608618842
1,twain,1135,wells,7.004230499267578
1,twain,1135,austen,6.759717543919881
1,twain,1135,fitzgerald,7.021559783390591
1,twain,1135,twain,6.9240670800209045
1,twain,1136,train,3.89880234003067
1,twain,1136,baum,6.722174048423767
1,twain,1136,thompson,7.48272430896759
1,twain,1136,dickens,6.915726979573567
1,twain,1136,melville,7.823840618133545
1,twain,1136,wells,6.990580638249715
1,twain,1136,austen,6.753220637639363
1,twain,1136,fitzgerald,7.013162749154227
1,twain,1136,twain,6.928332656621933
1,twain,1137,train,3.853460311889648
1,twain,1137,baum,6.737286567687988
1,twain,1137,thompson,7.488029479980469
1,twain,1137,dickens,6.933101336161296
1,twain,1137,melville,7.825948768191868
1,twain,1137,wells,7.013005574544271
1,twain,1137,austen,6.774150530497233
1,twain,1137,fitzgerald,7.029246534620013
1,twain,1137,twain,6.928582727909088
1,twain,1138,train,3.8612914085388175
1,twain,1138,baum,6.7272151708602905
1,twain,1138,thompson,7.486655235290527
1,twain,1138,dickens,6.918037414550781
1,twain,1138,melville,7.822724236382379
1,twain,1138,wells,7.000669956207275
1,twain,1138,austen,6.761313676834106
1,twain,1138,fitzgerald,7.017862864903042
1,twain,1138,twain,6.930114030838013
1,twain,1139,train,3.917000830173493
1,twain,1139,baum,6.726528763771057
1,twain,1139,thompson,7.481128215789795
1,twain,1139,dickens,6.923628171284993
1,twain,1139,melville,7.820829285515679
1,twain,1139,wells,7.004798412322998
1,twain,1139,austen,6.760048230489095
1,twain,1139,fitzgerald,7.020283154078892
1,twain,1139,twain,6.918553173542023
1,twain,1140,train,3.895121932029724
1,twain,1140,baum,6.712456583976746
1,twain,1140,thompson,7.489402651786804
1,twain,1140,dickens,6.9166789054870605
1,twain,1140,melville,7.844648996988933
1,twain,1140,wells,6.982006152470906
1,twain,1140,austen,6.753116448720296
1,twain,1140,fitzgerald,7.014442375728062
1,twain,1140,twain,6.941138923168182
1,twain,1141,train,3.881999611854553
1,twain,1141,baum,6.730631232261658
1,twain,1141,thompson,7.481012225151062
1,twain,1141,dickens,6.93112325668335
1,twain,1141,melville,7.823483096228705
1,twain,1141,wells,7.007709900538127
1,twain,1141,austen,6.766817569732666
1,twain,1141,fitzgerald,7.019625323159354
1,twain,1141,twain,6.92206197977066
1,twain,1142,train,3.845219075679779
1,twain,1142,baum,6.724812626838684
1,twain,1142,thompson,7.485772013664246
1,twain,1142,dickens,6.928175926208496
1,twain,1142,melville,7.844902939266628
1,twain,1142,wells,7.003013690312703
1,twain,1142,austen,6.763919512430827
1,twain,1142,fitzgerald,7.01987430027553
1,twain,1142,twain,6.934676200151444
1,twain,1143,train,3.774822413921356
1,twain,1143,baum,6.7299357652664185
1,twain,1143,thompson,7.481327414512634
1,twain,1143,dickens,6.925303300221761
1,twain,1143,melville,7.823298666212294
1,twain,1143,wells,6.997267564137776
1,twain,1143,austen,6.763547976811727
1,twain,1143,fitzgerald,7.01816075188773
1,twain,1143,twain,6.922151625156403
1,twain,1144,train,3.826950252056122
1,twain,1144,baum,6.727211236953735
1,twain,1144,thompson,7.483570694923401
1,twain,1144,dickens,6.921514828999837
1,twain,1144,melville,7.815627204047309
1,twain,1144,wells,7.002547820409139
1,twain,1144,austen,6.760200421015422
1,twain,1144,fitzgerald,7.022127492087228
1,twain,1144,twain,6.91863951086998
1,twain,1145,train,3.890263915061951
1,twain,1145,baum,6.719406127929688
1,twain,1145,thompson,7.486872792243957
1,twain,1145,dickens,6.917156060536702
1,twain,1145,melville,7.8283694585164385
1,twain,1145,wells,6.987858851750691
1,twain,1145,austen,6.753057877222697
1,twain,1145,fitzgerald,7.015138626098633
1,twain,1145,twain,6.930755436420441
1,twain,1146,train,3.84276294708252
1,twain,1146,baum,6.735901832580566
1,twain,1146,thompson,7.495333790779114
1,twain,1146,dickens,6.931024233500163
1,twain,1146,melville,7.843363973829481
1,twain,1146,wells,7.001858472824097
1,twain,1146,austen,6.762939214706421
1,twain,1146,fitzgerald,7.02578067779541
1,twain,1146,twain,6.9297716319561005
1,twain,1147,train,3.8622055053710938
1,twain,1147,baum,6.744744896888733
1,twain,1147,thompson,7.490692853927612
1,twain,1147,dickens,6.939788977305095
1,twain,1147,melville,7.827730761633979
1,twain,1147,wells,7.011743545532227
1,twain,1147,austen,6.776299238204956
1,twain,1147,fitzgerald,7.029904501778739
1,twain,1147,twain,6.933907389640808
1,twain,1148,train,3.880097389221192
1,twain,1148,baum,6.751353979110718
1,twain,1148,thompson,7.499299883842468
1,twain,1148,dickens,6.931475321451823
1,twain,1148,melville,7.827332814534505
1,twain,1148,wells,7.014079332351685
1,twain,1148,austen,6.773906469345093
1,twain,1148,fitzgerald,7.039130415235247
1,twain,1148,twain,6.9166746735572815
1,twain,1149,train,3.872890710830689
1,twain,1149,baum,6.732128024101257
1,twain,1149,thompson,7.491254448890686
1,twain,1149,dickens,6.923965136210124
1,twain,1149,melville,7.837691466013591
1,twain,1149,wells,7.006684541702271
1,twain,1149,austen,6.756913900375366
1,twain,1149,fitzgerald,7.026520933423724
1,twain,1149,twain,6.928943067789078
1,twain,1150,train,3.8202563524246216
1,twain,1150,baum,6.733571290969849
1,twain,1150,thompson,7.500155806541443
1,twain,1150,dickens,6.929435729980469
1,twain,1150,melville,7.844754060109456
1,twain,1150,wells,7.008083899815877
1,twain,1150,austen,6.771141211191813
1,twain,1150,fitzgerald,7.031234400612967
1,twain,1150,twain,6.941174119710922
1,twain,1151,train,3.8515159487724304
1,twain,1151,baum,6.751282811164856
1,twain,1151,thompson,7.499634146690369
1,twain,1151,dickens,6.948024908701579
1,twain,1151,melville,7.834501690334743
1,twain,1151,wells,7.02170976003011
1,twain,1151,austen,6.7794225215911865
1,twain,1151,fitzgerald,7.040615286145892
1,twain,1151,twain,6.930523872375488
1,twain,1152,train,3.859124720096588
1,twain,1152,baum,6.753435730934143
1,twain,1152,thompson,7.50303852558136
1,twain,1152,dickens,6.9446431795756025
1,twain,1152,melville,7.83408424589369
1,twain,1152,wells,7.025047143300374
1,twain,1152,austen,6.782045761744182
1,twain,1152,fitzgerald,7.042979308537075
1,twain,1152,twain,6.932407230138779
1,twain,1153,train,3.863957047462464
1,twain,1153,baum,6.740253448486328
1,twain,1153,thompson,7.502003192901611
1,twain,1153,dickens,6.942858854929606
1,twain,1153,melville,7.859326945410834
1,twain,1153,wells,7.013824462890625
1,twain,1153,austen,6.773200909296672
1,twain,1153,fitzgerald,7.03321817943028
1,twain,1153,twain,6.953365117311478
1,twain,1154,train,3.867556273937225
1,twain,1154,baum,6.752817869186401
1,twain,1154,thompson,7.496773481369018
1,twain,1154,dickens,6.942211310068767
1,twain,1154,melville,7.823402086893718
1,twain,1154,wells,7.028768459955852
1,twain,1154,austen,6.782116413116455
1,twain,1154,fitzgerald,7.039541516985212
1,twain,1154,twain,6.929909020662308
1,twain,1155,train,3.8586175441741934
1,twain,1155,baum,6.755528092384338
1,twain,1155,thompson,7.496573090553284
1,twain,1155,dickens,6.947436650594075
1,twain,1155,melville,7.816100438435872
1,twain,1155,wells,7.023449818293254
1,twain,1155,austen,6.7868374188741045
1,twain,1155,fitzgerald,7.037984916142055
1,twain,1155,twain,6.923971563577652
1,twain,1156,train,3.857369363307953
1,twain,1156,baum,6.751237869262695
1,twain,1156,thompson,7.497580647468567
1,twain,1156,dickens,6.948567867279053
1,twain,1156,melville,7.826465129852295
1,twain,1156,wells,7.026221593221028
1,twain,1156,austen,6.782448927561442
1,twain,1156,fitzgerald,7.041669573102679
1,twain,1156,twain,6.930804818868637
1,twain,1157,train,3.8225656151771545
1,twain,1157,baum,6.740683436393738
1,twain,1157,thompson,7.508390307426453
1,twain,1157,dickens,6.936276912689209
1,twain,1157,melville,7.856289227803548
1,twain,1157,wells,7.002116521199544
1,twain,1157,austen,6.7758998076121015
1,twain,1157,fitzgerald,7.033093452453613
1,twain,1157,twain,6.949327319860458
1,twain,1158,train,3.821704149246216
1,twain,1158,baum,6.749120593070984
1,twain,1158,thompson,7.498342275619507
1,twain,1158,dickens,6.9451907475789385
1,twain,1158,melville,7.834724373287624
1,twain,1158,wells,7.026156028111775
1,twain,1158,austen,6.78475546836853
1,twain,1158,fitzgerald,7.038880620683942
1,twain,1158,twain,6.941702604293823
1,twain,1159,train,3.8251091837883
1,twain,1159,baum,6.750504493713379
1,twain,1159,thompson,7.514408349990845
1,twain,1159,dickens,6.944713274637858
1,twain,1159,melville,7.843284659915501
1,twain,1159,wells,7.02167805035909
1,twain,1159,austen,6.785894473393758
1,twain,1159,fitzgerald,7.041539805276053
1,twain,1159,twain,6.935180217027664
1,twain,1160,train,3.854973733425141
1,twain,1160,baum,6.751478552818298
1,twain,1160,thompson,7.514516115188599
1,twain,1160,dickens,6.941528956095378
1,twain,1160,melville,7.862978087531196
1,twain,1160,wells,7.030947208404541
1,twain,1160,austen,6.783571720123291
1,twain,1160,fitzgerald,7.049113818577358
1,twain,1160,twain,6.954334139823914
1,twain,1161,train,3.817972540855408
1,twain,1161,baum,6.749193429946899
1,twain,1161,thompson,7.512282133102417
1,twain,1161,dickens,6.937636375427246
1,twain,1161,melville,7.85379515753852
1,twain,1161,wells,7.009566466013591
1,twain,1161,austen,6.777870734532674
1,twain,1161,fitzgerald,7.043754509517124
1,twain,1161,twain,6.944715231657028
1,twain,1162,train,3.819890677928925
1,twain,1162,baum,6.747267127037048
1,twain,1162,thompson,7.53220272064209
1,twain,1162,dickens,6.950295607248942
1,twain,1162,melville,7.8905381626553
1,twain,1162,wells,7.028579950332642
1,twain,1162,austen,6.788080930709839
1,twain,1162,fitzgerald,7.048758506774902
1,twain,1162,twain,6.977416098117828
1,twain,1163,train,3.8311365842819214
1,twain,1163,baum,6.772769570350647
1,twain,1163,thompson,7.532714128494263
1,twain,1163,dickens,6.962055842081706
1,twain,1163,melville,7.854253133138019
1,twain,1163,wells,7.040663560231526
1,twain,1163,austen,6.802935361862183
1,twain,1163,fitzgerald,7.062213557107108
1,twain,1163,twain,6.94012638926506
1,twain,1164,train,3.812599778175354
1,twain,1164,baum,6.756709694862366
1,twain,1164,thompson,7.528836846351623
1,twain,1164,dickens,6.952000300089519
1,twain,1164,melville,7.885149319966634
1,twain,1164,wells,7.031558354695638
1,twain,1164,austen,6.79084316889445
1,twain,1164,fitzgerald,7.053130626678467
1,twain,1164,twain,6.956494569778442
1,twain,1165,train,3.815922498703003
1,twain,1165,baum,6.746216416358948
1,twain,1165,thompson,7.525522947311401
1,twain,1165,dickens,6.949318567911784
1,twain,1165,melville,7.88493808110555
1,twain,1165,wells,7.025301376978557
1,twain,1165,austen,6.792922019958496
1,twain,1165,fitzgerald,7.048796858106341
1,twain,1165,twain,6.965675264596939
1,twain,1166,train,3.866611301898956
1,twain,1166,baum,6.777010679244995
1,twain,1166,thompson,7.532979130744934
1,twain,1166,dickens,6.964733918507894
1,twain,1166,melville,7.845815128750271
1,twain,1166,wells,7.051327149073283
1,twain,1166,austen,6.807211955388387
1,twain,1166,fitzgerald,7.074923992156982
1,twain,1166,twain,6.935693621635437
1,twain,1167,train,3.838121771812439
1,twain,1167,baum,6.754785060882568
1,twain,1167,thompson,7.532811522483826
1,twain,1167,dickens,6.956823507944743
1,twain,1167,melville,7.889873027801514
1,twain,1167,wells,7.036243200302124
1,twain,1167,austen,6.7950765291849775
1,twain,1167,fitzgerald,7.056984083993094
1,twain,1167,twain,6.973306268453598
1,twain,1168,train,3.7941757440567017
1,twain,1168,baum,6.754865884780884
1,twain,1168,thompson,7.533804893493652
1,twain,1168,dickens,6.958430608113607
1,twain,1168,melville,7.8748991754319935
1,twain,1168,wells,7.0310564041137695
1,twain,1168,austen,6.791631539662679
1,twain,1168,fitzgerald,7.059023516518729
1,twain,1168,twain,6.958321303129196
1,twain,1169,train,3.8046025037765503
1,twain,1169,baum,6.7670217752456665
1,twain,1169,thompson,7.532152056694031
1,twain,1169,dickens,6.964123566945394
1,twain,1169,melville,7.854459550645616
1,twain,1169,wells,7.041253169377645
1,twain,1169,austen,6.797566334406535
1,twain,1169,fitzgerald,7.0590740612574985
1,twain,1169,twain,6.948820203542709
1,twain,1170,train,3.8091785311698914
1,twain,1170,baum,6.756994009017944
1,twain,1170,thompson,7.532497525215149
1,twain,1170,dickens,6.956340154012044
1,twain,1170,melville,7.87737841076321
1,twain,1170,wells,7.038881619771321
1,twain,1170,austen,6.799977461496989
1,twain,1170,fitzgerald,7.056415898459298
1,twain,1170,twain,6.966971695423126
1,twain,1171,train,3.766688823699951
1,twain,1171,baum,6.7695008516311646
1,twain,1171,thompson,7.518228888511658
1,twain,1171,dickens,6.959379514058431
1,twain,1171,melville,7.850563261244032
1,twain,1171,wells,7.052410999933879
1,twain,1171,austen,6.801181316375732
1,twain,1171,fitzgerald,7.062871047428676
1,twain,1171,twain,6.955355256795883
1,twain,1172,train,3.817604601383209
1,twain,1172,baum,6.770358562469482
1,twain,1172,thompson,7.534536361694336
1,twain,1172,dickens,6.954646587371826
1,twain,1172,melville,7.863167497846815
1,twain,1172,wells,7.039228359858195
1,twain,1172,austen,6.803390502929688
1,twain,1172,fitzgerald,7.064158439636231
1,twain,1172,twain,6.955441504716873
1,twain,1173,train,3.841386079788208
1,twain,1173,baum,6.759899139404297
1,twain,1173,thompson,7.527820110321045
1,twain,1173,dickens,6.959179719289144
1,twain,1173,melville,7.8772980901930065
1,twain,1173,wells,7.0416343212127686
1,twain,1173,austen,6.793028275171916
1,twain,1173,fitzgerald,7.059992177145822
1,twain,1173,twain,6.9628099501132965
1,twain,1174,train,3.76871520280838
1,twain,1174,baum,6.762633919715881
1,twain,1174,thompson,7.520088076591492
1,twain,1174,dickens,6.960042635599772
1,twain,1174,melville,7.862759696112739
1,twain,1174,wells,7.039790312449138
1,twain,1174,austen,6.798466444015503
1,twain,1174,fitzgerald,7.064205918993268
1,twain,1174,twain,6.956652104854584
1,twain,1175,train,3.8131839632987976
1,twain,1175,baum,6.770485520362854
1,twain,1175,thompson,7.536260962486267
1,twain,1175,dickens,6.961575984954834
1,twain,1175,melville,7.869731426239014
1,twain,1175,wells,7.037165403366089
1,twain,1175,austen,6.801383256912232
1,twain,1175,fitzgerald,7.067280224391392
1,twain,1175,twain,6.953515559434891
1,twain,1176,train,3.828070282936096
1,twain,1176,baum,6.767246007919312
1,twain,1176,thompson,7.528998136520386
1,twain,1176,dickens,6.962976773579915
1,twain,1176,melville,7.850933445824517
1,twain,1176,wells,7.043991565704346
1,twain,1176,austen,6.7991195519765215
1,twain,1176,fitzgerald,7.064181736537388
1,twain,1176,twain,6.950080841779709
1,twain,1177,train,3.7396010160446167
1,twain,1177,baum,6.767695784568787
1,twain,1177,thompson,7.535277724266052
1,twain,1177,dickens,6.965275764465332
1,twain,1177,melville,7.874650001525879
1,twain,1177,wells,7.050251642862956
1,twain,1177,austen,6.802964051564534
1,twain,1177,fitzgerald,7.069014821733747
1,twain,1177,twain,6.974209100008011
1,twain,1178,train,3.7916060090065
1,twain,1178,baum,6.771944880485535
1,twain,1178,thompson,7.540822625160217
1,twain,1178,dickens,6.967672030131022
1,twain,1178,melville,7.871429178449842
1,twain,1178,wells,7.04552682240804
1,twain,1178,austen,6.801442305246989
1,twain,1178,fitzgerald,7.069608007158552
1,twain,1178,twain,6.959826469421387
1,twain,1179,train,3.798670589923858
1,twain,1179,baum,6.758310437202454
1,twain,1179,thompson,7.5391281843185425
1,twain,1179,dickens,6.964252789815267
1,twain,1179,melville,7.886149830288357
1,twain,1179,wells,7.043943881988525
1,twain,1179,austen,6.792446931203206
1,twain,1179,fitzgerald,7.064288071223667
1,twain,1179,twain,6.972718566656113
1,twain,1180,train,3.788086533546448
1,twain,1180,baum,6.774314403533936
1,twain,1180,thompson,7.533017158508301
1,twain,1180,dickens,6.971463362375896
1,twain,1180,melville,7.857850180731879
1,twain,1180,wells,7.059707244237264
1,twain,1180,austen,6.806071122487386
1,twain,1180,fitzgerald,7.068212645394461
1,twain,1180,twain,6.953871130943298
1,twain,1181,train,3.777040600776672
1,twain,1181,baum,6.770350217819214
1,twain,1181,thompson,7.541154265403748
1,twain,1181,dickens,6.964063326517741
1,twain,1181,melville,7.877363469865587
1,twain,1181,wells,7.039268334706624
1,twain,1181,austen,6.795085748036702
1,twain,1181,fitzgerald,7.067856584276472
1,twain,1181,twain,6.970349878072739
1,twain,1182,train,3.8195221424102783
1,twain,1182,baum,6.773463606834412
1,twain,1182,thompson,7.544334650039673
1,twain,1182,dickens,6.974013169606526
1,twain,1182,melville,7.899768617418077
1,twain,1182,wells,7.055818955103557
1,twain,1182,austen,6.807685772577922
1,twain,1182,fitzgerald,7.075789111001151
1,twain,1182,twain,6.976988762617111
1,twain,1183,train,3.7756834030151367
1,twain,1183,baum,6.786260724067688
1,twain,1183,thompson,7.5492472648620605
1,twain,1183,dickens,6.978423277537028
1,twain,1183,melville,7.886717054578993
1,twain,1183,wells,7.056177059809367
1,twain,1183,austen,6.814201275507609
1,twain,1183,fitzgerald,7.079226970672607
1,twain,1183,twain,6.9610079526901245
1,twain,1184,train,3.798009157180786
1,twain,1184,baum,6.780198574066162
1,twain,1184,thompson,7.547937631607056
1,twain,1184,dickens,6.979829629262288
1,twain,1184,melville,7.899456765916613
1,twain,1184,wells,7.052506287892659
1,twain,1184,austen,6.807073911031087
1,twain,1184,fitzgerald,7.077195371900286
1,twain,1184,twain,6.961110353469849
1,twain,1185,train,3.7931432127952576
1,twain,1185,baum,6.788955330848694
1,twain,1185,thompson,7.558231234550476
1,twain,1185,dickens,6.981142520904541
1,twain,1185,melville,7.893065346611871
1,twain,1185,wells,7.0526158809661865
1,twain,1185,austen,6.8155131340026855
1,twain,1185,fitzgerald,7.081253460475376
1,twain,1185,twain,6.95906800031662
1,twain,1186,train,3.7933484315872192
1,twain,1186,baum,6.781846046447754
1,twain,1186,thompson,7.566792726516724
1,twain,1186,dickens,6.981640974680583
1,twain,1186,melville,7.932605849372016
1,twain,1186,wells,7.060476620992024
1,twain,1186,austen,6.815861543019612
1,twain,1186,fitzgerald,7.086724758148193
1,twain,1186,twain,6.9970802664756775
1,twain,1187,train,3.759334743022919
1,twain,1187,baum,6.781266212463379
1,twain,1187,thompson,7.547012329101562
1,twain,1187,dickens,6.975760300954183
1,twain,1187,melville,7.889236556159125
1,twain,1187,wells,7.0533985296885175
1,twain,1187,austen,6.810263792673747
1,twain,1187,fitzgerald,7.073801517486572
1,twain,1187,twain,6.976123243570328
1,twain,1188,train,3.7829205989837646
1,twain,1188,baum,6.785898804664612
1,twain,1188,thompson,7.553607940673828
1,twain,1188,dickens,6.980362892150879
1,twain,1188,melville,7.884758896297878
1,twain,1188,wells,7.059995730717977
1,twain,1188,austen,6.8097984790802
1,twain,1188,fitzgerald,7.079417160579136
1,twain,1188,twain,6.965416818857193
1,twain,1189,train,3.772258281707764
1,twain,1189,baum,6.792821407318115
1,twain,1189,thompson,7.562631368637085
1,twain,1189,dickens,6.985563278198242
1,twain,1189,melville,7.907411840226915
1,twain,1189,wells,7.06968879699707
1,twain,1189,austen,6.826788822809855
1,twain,1189,fitzgerald,7.088892459869385
1,twain,1189,twain,6.989412277936935
1,twain,1190,train,3.753376424312592
1,twain,1190,baum,6.792355060577393
1,twain,1190,thompson,7.553595304489136
1,twain,1190,dickens,6.982778549194336
1,twain,1190,melville,7.898479726579454
1,twain,1190,wells,7.058016141255696
1,twain,1190,austen,6.819036483764648
1,twain,1190,fitzgerald,7.083931514195034
1,twain,1190,twain,6.974146336317062
1,twain,1191,train,3.823948800563812
1,twain,1191,baum,6.801711320877075
1,twain,1191,thompson,7.562637329101562
1,twain,1191,dickens,6.991161187489827
1,twain,1191,melville,7.8985066413879395
1,twain,1191,wells,7.071242252985637
1,twain,1191,austen,6.821642875671387
1,twain,1191,fitzgerald,7.092898505074637
1,twain,1191,twain,6.978544533252716
1,twain,1192,train,3.750173509120941
1,twain,1192,baum,6.797009944915772
1,twain,1192,thompson,7.568999886512756
1,twain,1192,dickens,6.988355318705241
1,twain,1192,melville,7.908204873402913
1,twain,1192,wells,7.070100545883179
1,twain,1192,austen,6.825807412465413
1,twain,1192,fitzgerald,7.090175083705357
1,twain,1192,twain,6.982155591249466
1,twain,1193,train,3.805732011795044
1,twain,1193,baum,6.79577100276947
1,twain,1193,thompson,7.570286631584167
1,twain,1193,dickens,6.989100933074951
1,twain,1193,melville,7.911796781751844
1,twain,1193,wells,7.06952699025472
1,twain,1193,austen,6.824325879414876
1,twain,1193,fitzgerald,7.090507984161377
1,twain,1193,twain,6.986808598041534
1,twain,1194,train,3.763836085796356
1,twain,1194,baum,6.781514525413513
1,twain,1194,thompson,7.571613550186157
1,twain,1194,dickens,6.96747350692749
1,twain,1194,melville,7.930201371510823
1,twain,1194,wells,7.047784090042114
1,twain,1194,austen,6.805625518163045
1,twain,1194,fitzgerald,7.085014956338065
1,twain,1194,twain,6.996878057718277
1,twain,1195,train,3.7852670550346375
1,twain,1195,baum,6.796193599700928
1,twain,1195,thompson,7.558082938194275
1,twain,1195,dickens,6.986933549245198
1,twain,1195,melville,7.899958981408013
1,twain,1195,wells,7.069240570068359
1,twain,1195,austen,6.82611346244812
1,twain,1195,fitzgerald,7.092667920248849
1,twain,1195,twain,6.984784632921219
1,twain,1196,train,3.770011007785797
1,twain,1196,baum,6.79718804359436
1,twain,1196,thompson,7.58091413974762
1,twain,1196,dickens,6.986410935719808
1,twain,1196,melville,7.923725128173828
1,twain,1196,wells,7.068488836288452
1,twain,1196,austen,6.82598892847697
1,twain,1196,fitzgerald,7.105334350040981
1,twain,1196,twain,6.991815507411957
1,twain,1197,train,3.819969117641449
1,twain,1197,baum,6.790053367614746
1,twain,1197,thompson,7.5799572467803955
1,twain,1197,dickens,6.988426208496094
1,twain,1197,melville,7.953451315561931
1,twain,1197,wells,7.068843364715576
1,twain,1197,austen,6.821786801020305
1,twain,1197,fitzgerald,7.099629878997803
1,twain,1197,twain,7.024028480052948
1,twain,1198,train,3.785050690174103
1,twain,1198,baum,6.7858017683029175
1,twain,1198,thompson,7.5756531953811646
1,twain,1198,dickens,6.967065175374349
1,twain,1198,melville,7.927654690212673
1,twain,1198,wells,7.051003694534302
1,twain,1198,austen,6.8088884353637695
1,twain,1198,fitzgerald,7.095238276890346
1,twain,1198,twain,6.993912875652313
1,twain,1199,train,3.7929399609565735
1,twain,1199,baum,6.789308309555054
1,twain,1199,thompson,7.562798500061035
1,twain,1199,dickens,6.981359481811523
1,twain,1199,melville,7.909032344818115
1,twain,1199,wells,7.061150948206584
1,twain,1199,austen,6.8144973913828535
1,twain,1199,fitzgerald,7.08901173727853
1,twain,1199,twain,6.9992615878582
1,twain,1200,train,3.820672631263733
1,twain,1200,baum,6.81672990322113
1,twain,1200,thompson,7.573611736297607
1,twain,1200,dickens,6.9989064534505205
1,twain,1200,melville,7.904968526628282
1,twain,1200,wells,7.096740484237671
1,twain,1200,austen,6.848540385564168
1,twain,1200,fitzgerald,7.111170496259417
1,twain,1200,twain,6.980613321065903
1,twain,1201,train,3.768881857395172
1,twain,1201,baum,6.8016510009765625
1,twain,1201,thompson,7.572819232940674
1,twain,1201,dickens,6.987058162689209
1,twain,1201,melville,7.904892815483941
1,twain,1201,wells,7.074085235595703
1,twain,1201,austen,6.826563994089763
1,twain,1201,fitzgerald,7.099136080060687
1,twain,1201,twain,6.979963481426239
1,twain,1202,train,3.763960301876068
1,twain,1202,baum,6.798479914665222
1,twain,1202,thompson,7.575409770011902
1,twain,1202,dickens,6.991158644358317
1,twain,1202,melville,7.931750880347358
1,twain,1202,wells,7.069522539774577
1,twain,1202,austen,6.827675660451253
1,twain,1202,fitzgerald,7.099936553410122
1,twain,1202,twain,7.002244740724564
1,twain,1203,train,3.742926955223084
1,twain,1203,baum,6.802776217460632
1,twain,1203,thompson,7.583266139030456
1,twain,1203,dickens,6.986929098765056
1,twain,1203,melville,7.935778299967448
1,twain,1203,wells,7.075378815333049
1,twain,1203,austen,6.82827623685201
1,twain,1203,fitzgerald,7.104516438075474
1,twain,1203,twain,6.993500739336014
1,twain,1204,train,3.759647846221924
1,twain,1204,baum,6.8062504529953
1,twain,1204,thompson,7.575458765029907
1,twain,1204,dickens,6.994136810302734
1,twain,1204,melville,7.9176704618665905
1,twain,1204,wells,7.082054932912191
1,twain,1204,austen,6.836182276407878
1,twain,1204,fitzgerald,7.099154881068638
1,twain,1204,twain,6.996990084648132
1,twain,1205,train,3.714242219924927
1,twain,1205,baum,6.8016650676727295
1,twain,1205,thompson,7.580909967422485
1,twain,1205,dickens,6.994543075561523
1,twain,1205,melville,7.931814988454183
1,twain,1205,wells,7.070355812708537
1,twain,1205,austen,6.831602334976196
1,twain,1205,fitzgerald,7.1009931564331055
1,twain,1205,twain,6.997953474521637
1,twain,1206,train,3.794335305690765
1,twain,1206,baum,6.795912146568298
1,twain,1206,thompson,7.5614800453186035
1,twain,1206,dickens,6.994279384613037
1,twain,1206,melville,7.8958174917432995
1,twain,1206,wells,7.064229567845662
1,twain,1206,austen,6.827342033386231
1,twain,1206,fitzgerald,7.093516281672886
1,twain,1206,twain,6.988930732011795
1,twain,1207,train,3.7241480946540833
1,twain,1207,baum,6.80089282989502
1,twain,1207,thompson,7.565729975700378
1,twain,1207,dickens,6.996087551116943
1,twain,1207,melville,7.904314729902479
1,twain,1207,wells,7.075001955032349
1,twain,1207,austen,6.833236376444499
1,twain,1207,fitzgerald,7.100339685167585
1,twain,1207,twain,7.002011835575104
1,twain,1208,train,3.723112344741821
1,twain,1208,baum,6.808212757110596
1,twain,1208,thompson,7.573025584220886
1,twain,1208,dickens,6.999411900838216
1,twain,1208,melville,7.902129703097874
1,twain,1208,wells,7.07393217086792
1,twain,1208,austen,6.839285532633464
1,twain,1208,fitzgerald,7.099789687565395
1,twain,1208,twain,6.984900683164597
1,twain,1209,train,3.772933304309845
1,twain,1209,baum,6.812322020530701
1,twain,1209,thompson,7.568442583084106
1,twain,1209,dickens,6.997722148895264
1,twain,1209,melville,7.91811286078559
1,twain,1209,wells,7.090868790944417
1,twain,1209,austen,6.839059114456177
1,twain,1209,fitzgerald,7.110757555280413
1,twain,1209,twain,7.004056543111801
1,twain,1210,train,3.7707056403160095
1,twain,1210,baum,6.810350775718689
1,twain,1210,thompson,7.579462647438049
1,twain,1210,dickens,7.000405947367351
1,twain,1210,melville,7.928108427259657
1,twain,1210,wells,7.068686326344808
1,twain,1210,austen,6.835807005564372
1,twain,1210,fitzgerald,7.10548904963902
1,twain,1210,twain,6.999542385339737
1,twain,1211,train,3.744364738464356
1,twain,1211,baum,6.810049653053284
1,twain,1211,thompson,7.597782969474792
1,twain,1211,dickens,7.004594802856445
1,twain,1211,melville,7.96476682027181
1,twain,1211,wells,7.084751049677531
1,twain,1211,austen,6.837566773096721
1,twain,1211,fitzgerald,7.111400263650077
1,twain,1211,twain,7.024702489376068
1,twain,1212,train,3.732909917831421
1,twain,1212,baum,6.823267459869385
1,twain,1212,thompson,7.586009383201599
1,twain,1212,dickens,7.011995156606038
1,twain,1212,melville,7.929625034332275
1,twain,1212,wells,7.086306730906169
1,twain,1212,austen,6.84387731552124
1,twain,1212,fitzgerald,7.112372807094029
1,twain,1212,twain,7.000069588422775
1,twain,1213,train,3.787583589553833
1,twain,1213,baum,6.817089200019836
1,twain,1213,thompson,7.573787808418274
1,twain,1213,dickens,7.00786813100179
1,twain,1213,melville,7.918306986490886
1,twain,1213,wells,7.092200597127278
1,twain,1213,austen,6.847913265228272
1,twain,1213,fitzgerald,7.110368660518101
1,twain,1213,twain,6.999197244644165
1,twain,1214,train,3.758878529071808
1,twain,1214,baum,6.816410303115845
1,twain,1214,thompson,7.573648810386658
1,twain,1214,dickens,7.004741350809733
1,twain,1214,melville,7.915017975701226
1,twain,1214,wells,7.090816338857015
1,twain,1214,austen,6.843059778213501
1,twain,1214,fitzgerald,7.106686319623675
1,twain,1214,twain,6.9890154004096985
1,twain,1215,train,3.691372275352478
1,twain,1215,baum,6.807545900344849
1,twain,1215,thompson,7.599488019943237
1,twain,1215,dickens,7.0063902537028
1,twain,1215,melville,7.968876308865017
1,twain,1215,wells,7.088714122772217
1,twain,1215,austen,6.841273546218872
1,twain,1215,fitzgerald,7.112152167728969
1,twain,1215,twain,7.02697628736496
1,twain,1216,train,3.718342423439026
1,twain,1216,baum,6.825432538986206
1,twain,1216,thompson,7.589428186416626
1,twain,1216,dickens,7.014568328857422
1,twain,1216,melville,7.925386746724446
1,twain,1216,wells,7.0974868933359785
1,twain,1216,austen,6.853502511978149
1,twain,1216,fitzgerald,7.118707248142788
1,twain,1216,twain,7.003004461526871
1,twain,1217,train,3.760533750057221
1,twain,1217,baum,6.81692361831665
1,twain,1217,thompson,7.572336912155151
1,twain,1217,dickens,7.005860964457194
1,twain,1217,melville,7.903783374362522
1,twain,1217,wells,7.089152971903483
1,twain,1217,austen,6.844707568486531
1,twain,1217,fitzgerald,7.107810701642718
1,twain,1217,twain,6.986275851726532
1,twain,1218,train,3.692923069000244
1,twain,1218,baum,6.825027942657471
1,twain,1218,thompson,7.597634196281433
1,twain,1218,dickens,7.0156270662943525
1,twain,1218,melville,7.9417398240831165
1,twain,1218,wells,7.099844614664714
1,twain,1218,austen,6.843997001647949
1,twain,1218,fitzgerald,7.122558525630406
1,twain,1218,twain,7.018094837665558
1,twain,1219,train,3.730744481086731
1,twain,1219,baum,6.827681064605713
1,twain,1219,thompson,7.593595862388611
1,twain,1219,dickens,7.01670503616333
1,twain,1219,melville,7.933298534817165
1,twain,1219,wells,7.099792162577312
1,twain,1219,austen,6.8539027372996015
1,twain,1219,fitzgerald,7.118866647992816
1,twain,1219,twain,7.00785756111145
1,twain,1220,train,3.7177290320396414
1,twain,1220,baum,6.8296486139297485
1,twain,1220,thompson,7.6010355949401855
1,twain,1220,dickens,7.019701321919759
1,twain,1220,melville,7.94158050749037
1,twain,1220,wells,7.117590586344401
1,twain,1220,austen,6.859037001927693
1,twain,1220,fitzgerald,7.124744960239956
1,twain,1220,twain,7.021675556898117
1,twain,1221,train,3.70540851354599
1,twain,1221,baum,6.827590346336365
1,twain,1221,thompson,7.588478684425354
1,twain,1221,dickens,7.0111589431762695
1,twain,1221,melville,7.911575582292345
1,twain,1221,wells,7.097847938537598
1,twain,1221,austen,6.851125399271647
1,twain,1221,fitzgerald,7.116728101457868
1,twain,1221,twain,7.0044960379600525
1,twain,1222,train,3.748265027999878
1,twain,1222,baum,6.841987490653992
1,twain,1222,thompson,7.605839729309082
1,twain,1222,dickens,7.029648462931315
1,twain,1222,melville,7.930847856733534
1,twain,1222,wells,7.122376283009847
1,twain,1222,austen,6.865637540817261
1,twain,1222,fitzgerald,7.137481144496372
1,twain,1222,twain,7.0143294632434845
1,twain,1223,train,3.762659788131714
1,twain,1223,baum,6.831023573875427
1,twain,1223,thompson,7.595035195350647
1,twain,1223,dickens,7.019499142964681
1,twain,1223,melville,7.932312064700657
1,twain,1223,wells,7.10310697555542
1,twain,1223,austen,6.856166521708171
1,twain,1223,fitzgerald,7.118073395320347
1,twain,1223,twain,7.012342691421509
1,twain,1224,train,3.6977776288986206
1,twain,1224,baum,6.828344464302063
1,twain,1224,thompson,7.606823801994324
1,twain,1224,dickens,7.018710613250732
1,twain,1224,melville,7.971027427249485
1,twain,1224,wells,7.105246067047119
1,twain,1224,austen,6.855298598607381
1,twain,1224,fitzgerald,7.127106939043317
1,twain,1224,twain,7.047105312347412
1,twain,1225,train,3.652875244617462
1,twain,1225,baum,6.840436100959778
1,twain,1225,thompson,7.607111930847168
1,twain,1225,dickens,7.024107774098714
1,twain,1225,melville,7.944053543938531
1,twain,1225,wells,7.111196279525757
1,twain,1225,austen,6.858144521713257
1,twain,1225,fitzgerald,7.127636364528111
1,twain,1225,twain,7.020822793245316
1,twain,1226,train,3.705038607120514
1,twain,1226,baum,6.831319093704224
1,twain,1226,thompson,7.605574727058411
1,twain,1226,dickens,7.027036984761556
1,twain,1226,melville,7.955976751115587
1,twain,1226,wells,7.113488674163818
1,twain,1226,austen,6.860576073328654
1,twain,1226,fitzgerald,7.1322238104684015
1,twain,1226,twain,7.024389803409576
1,twain,1227,train,3.6965065002441406
1,twain,1227,baum,6.812436819076538
1,twain,1227,thompson,7.600250363349914
1,twain,1227,dickens,7.005374113718669
1,twain,1227,melville,7.968948311275906
1,twain,1227,wells,7.082393169403076
1,twain,1227,austen,6.83598796526591
1,twain,1227,fitzgerald,7.113964489528111
1,twain,1227,twain,7.03202810883522
1,twain,1228,train,3.751203954219818
1,twain,1228,baum,6.821026921272278
1,twain,1228,thompson,7.592965722084045
1,twain,1228,dickens,7.009037971496582
1,twain,1228,melville,7.9588667551676435
1,twain,1228,wells,7.102860609690349
1,twain,1228,austen,6.85049565633138
1,twain,1228,fitzgerald,7.122194085802351
1,twain,1228,twain,7.031132221221924
1,twain,1229,train,3.742604970932007
1,twain,1229,baum,6.835861921310425
1,twain,1229,thompson,7.591163039207458
1,twain,1229,dickens,7.025836785634358
1,twain,1229,melville,7.93384509616428
1,twain,1229,wells,7.111228386561076
1,twain,1229,austen,6.86301318804423
1,twain,1229,fitzgerald,7.128243855067661
1,twain,1229,twain,7.010161429643631
1,twain,1230,train,3.688197255134584
1,twain,1230,baum,6.829059481620789
1,twain,1230,thompson,7.600338697433472
1,twain,1230,dickens,7.023834864298503
1,twain,1230,melville,7.954170280032688
1,twain,1230,wells,7.11060897509257
1,twain,1230,austen,6.853167215983073
1,twain,1230,fitzgerald,7.127383095877511
1,twain,1230,twain,7.02103054523468
1,twain,1231,train,3.682811439037323
1,twain,1231,baum,6.8251341581344604
1,twain,1231,thompson,7.609350562095642
1,twain,1231,dickens,7.020535786946614
1,twain,1231,melville,7.979514969719781
1,twain,1231,wells,7.098365465799968
1,twain,1231,austen,6.848629474639893
1,twain,1231,fitzgerald,7.122491564069476
1,twain,1231,twain,7.038619369268417
1,twain,1232,train,3.769179522991181
1,twain,1232,baum,6.8414915800094604
1,twain,1232,thompson,7.604295492172241
1,twain,1232,dickens,7.039204120635986
1,twain,1232,melville,7.973511219024658
1,twain,1232,wells,7.126122395197551
1,twain,1232,austen,6.864900271097819
1,twain,1232,fitzgerald,7.139753886631557
1,twain,1232,twain,7.028474509716034
1,twain,1233,train,3.7226972579956055
1,twain,1233,baum,6.831151723861694
1,twain,1233,thompson,7.602059960365295
1,twain,1233,dickens,7.031495094299316
1,twain,1233,melville,7.974642223782009
1,twain,1233,wells,7.104081471761067
1,twain,1233,austen,6.858862559000651
1,twain,1233,fitzgerald,7.129895482744489
1,twain,1233,twain,7.030595421791077
1,twain,1234,train,3.761613965034485
1,twain,1234,baum,6.827104210853577
1,twain,1234,thompson,7.613866090774536
1,twain,1234,dickens,7.024546941121419
1,twain,1234,melville,7.994811640845405
1,twain,1234,wells,7.111183245976766
1,twain,1234,austen,6.858864863713582
1,twain,1234,fitzgerald,7.134913035801479
1,twain,1234,twain,7.056577235460281
1,twain,1235,train,3.708894610404968
1,twain,1235,baum,6.838748812675476
1,twain,1235,thompson,7.610681772232056
1,twain,1235,dickens,7.028334617614746
1,twain,1235,melville,7.972335285610622
1,twain,1235,wells,7.1219871044158936
1,twain,1235,austen,6.866462786992391
1,twain,1235,fitzgerald,7.132781641823905
1,twain,1235,twain,7.04307895898819
1,twain,1236,train,3.712675452232361
1,twain,1236,baum,6.840883255004883
1,twain,1236,thompson,7.623250246047974
1,twain,1236,dickens,7.028186798095703
1,twain,1236,melville,7.9781885676913795
1,twain,1236,wells,7.1065910657246905
1,twain,1236,austen,6.86524510383606
1,twain,1236,fitzgerald,7.138153553009033
1,twain,1236,twain,7.035198539495468
1,twain,1237,train,3.714247882366181
1,twain,1237,baum,6.842493414878845
1,twain,1237,thompson,7.608769536018372
1,twain,1237,dickens,7.035664717356364
1,twain,1237,melville,7.957709153493245
1,twain,1237,wells,7.1197919845581055
1,twain,1237,austen,6.867799123128255
1,twain,1237,fitzgerald,7.143323966435024
1,twain,1237,twain,7.028081089258194
1,twain,1238,train,3.746066689491272
1,twain,1238,baum,6.85719358921051
1,twain,1238,thompson,7.609278440475464
1,twain,1238,dickens,7.044809341430664
1,twain,1238,melville,7.916921721564399
1,twain,1238,wells,7.133122682571411
1,twain,1238,austen,6.881205797195435
1,twain,1238,fitzgerald,7.148319925580706
1,twain,1238,twain,6.9985315799713135
1,twain,1239,train,3.7065120339393616
1,twain,1239,baum,6.829750657081604
1,twain,1239,thompson,7.615584254264831
1,twain,1239,dickens,7.030574957529704
1,twain,1239,melville,7.983003351423475
1,twain,1239,wells,7.112476189931233
1,twain,1239,austen,6.859899044036865
1,twain,1239,fitzgerald,7.133234977722168
1,twain,1239,twain,7.033321261405945
1,twain,1240,train,3.742155253887177
1,twain,1240,baum,6.839136481285095
1,twain,1240,thompson,7.622389078140259
1,twain,1240,dickens,7.029065291086833
1,twain,1240,melville,7.986942238277859
1,twain,1240,wells,7.112683614095052
1,twain,1240,austen,6.870730638504028
1,twain,1240,fitzgerald,7.140237740107945
1,twain,1240,twain,7.024851202964783
1,twain,1241,train,3.664069712162018
1,twain,1241,baum,6.860046029090881
1,twain,1241,thompson,7.613360524177551
1,twain,1241,dickens,7.047605037689209
1,twain,1241,melville,7.954930093553331
1,twain,1241,wells,7.134766022364299
1,twain,1241,austen,6.883533954620361
1,twain,1241,fitzgerald,7.149792330605643
1,twain,1241,twain,7.016490429639816
1,twain,1242,train,3.711259365081787
1,twain,1242,baum,6.842606663703919
1,twain,1242,thompson,7.622253656387329
1,twain,1242,dickens,7.03198226292928
1,twain,1242,melville,7.978953043619792
1,twain,1242,wells,7.121656894683838
1,twain,1242,austen,6.874753713607788
1,twain,1242,fitzgerald,7.145741053989956
1,twain,1242,twain,7.036577254533768
1,twain,1243,train,3.701925575733185
1,twain,1243,baum,6.843906760215759
1,twain,1243,thompson,7.608268737792969
1,twain,1243,dickens,7.041973908742269
1,twain,1243,melville,7.966333654191759
1,twain,1243,wells,7.120906511942546
1,twain,1243,austen,6.874258359273274
1,twain,1243,fitzgerald,7.137882709503174
1,twain,1243,twain,7.038285702466965
1,twain,1244,train,3.7109609842300415
1,twain,1244,baum,6.83992600440979
1,twain,1244,thompson,7.610391855239868
1,twain,1244,dickens,7.035465399424235
1,twain,1244,melville,7.972601996527778
1,twain,1244,wells,7.119109948476155
1,twain,1244,austen,6.874365250269572
1,twain,1244,fitzgerald,7.138853141239712
1,twain,1244,twain,7.044494420289993
1,twain,1245,train,3.699965953826904
1,twain,1245,baum,6.839108228683472
1,twain,1245,thompson,7.631319046020508
1,twain,1245,dickens,7.034278392791748
1,twain,1245,melville,7.996882597605388
1,twain,1245,wells,7.132952928543091
1,twain,1245,austen,6.879451513290405
1,twain,1245,fitzgerald,7.150068759918213
1,twain,1245,twain,7.059006631374359
1,twain,1246,train,3.6819663047790527
1,twain,1246,baum,6.85406768321991
1,twain,1246,thompson,7.633838534355164
1,twain,1246,dickens,7.037323633829753
1,twain,1246,melville,7.983565542432997
1,twain,1246,wells,7.119769811630249
1,twain,1246,austen,6.87874714533488
1,twain,1246,fitzgerald,7.149257523672921
1,twain,1246,twain,7.046144902706146
1,twain,1247,train,3.638074338436127
1,twain,1247,baum,6.859301924705505
1,twain,1247,thompson,7.632219195365906
1,twain,1247,dickens,7.047506173451741
1,twain,1247,melville,7.970628049638536
1,twain,1247,wells,7.146817922592163
1,twain,1247,austen,6.890400171279907
1,twain,1247,fitzgerald,7.159501961299351
1,twain,1247,twain,7.041764587163925
1,twain,1248,train,3.7033615112304688
1,twain,1248,baum,6.853057503700256
1,twain,1248,thompson,7.658236026763916
1,twain,1248,dickens,7.047479311625163
1,twain,1248,melville,8.024349265628391
1,twain,1248,wells,7.137758096059163
1,twain,1248,austen,6.885654846827189
1,twain,1248,fitzgerald,7.163597243172782
1,twain,1248,twain,7.070815831422806
1,twain,1249,train,3.6937988996505737
1,twain,1249,baum,6.859981417655945
1,twain,1249,thompson,7.652860045433044
1,twain,1249,dickens,7.04464848836263
1,twain,1249,melville,8.008071687486437
1,twain,1249,wells,7.131656010945638
1,twain,1249,austen,6.88929835955302
1,twain,1249,fitzgerald,7.162442207336426
1,twain,1249,twain,7.0576551258564
1,twain,1250,train,3.710484921932221
1,twain,1250,baum,6.852367639541626
1,twain,1250,thompson,7.645038604736328
1,twain,1250,dickens,7.0510938962300616
1,twain,1250,melville,7.993918842739529
1,twain,1250,wells,7.127664089202881
1,twain,1250,austen,6.881429036458333
1,twain,1250,fitzgerald,7.156999928610666
1,twain,1250,twain,7.059972196817398
1,twain,1251,train,3.661424160003662
1,twain,1251,baum,6.861544966697693
1,twain,1251,thompson,7.633389711380005
1,twain,1251,dickens,7.054864247639974
1,twain,1251,melville,7.972573598225911
1,twain,1251,wells,7.141433795293172
1,twain,1251,austen,6.894476254781087
1,twain,1251,fitzgerald,7.156933920724051
1,twain,1251,twain,7.049871414899826
1,twain,1252,train,3.648324489593506
1,twain,1252,baum,6.868258237838745
1,twain,1252,thompson,7.626340985298157
1,twain,1252,dickens,7.055757522583008
1,twain,1252,melville,7.953534868028429
1,twain,1252,wells,7.131844600041707
1,twain,1252,austen,6.889861583709717
1,twain,1252,fitzgerald,7.15466628755842
1,twain,1252,twain,7.028049826622009
1,twain,1253,train,3.632897913455963
1,twain,1253,baum,6.848819255828857
1,twain,1253,thompson,7.628773927688599
1,twain,1253,dickens,7.039644241333008
1,twain,1253,melville,7.9729856385125055
1,twain,1253,wells,7.125477155049642
1,twain,1253,austen,6.87258776028951
1,twain,1253,fitzgerald,7.151495252336774
1,twain,1253,twain,7.045823037624359
1,twain,1254,train,3.691953361034393
1,twain,1254,baum,6.856555223464966
1,twain,1254,thompson,7.632983684539795
1,twain,1254,dickens,7.04579226175944
1,twain,1254,melville,7.967255486382379
1,twain,1254,wells,7.125333388646443
1,twain,1254,austen,6.881330172220866
1,twain,1254,fitzgerald,7.153092588697161
1,twain,1254,twain,7.046408027410507
1,twain,1255,train,3.6718419790267935
1,twain,1255,baum,6.862342953681946
1,twain,1255,thompson,7.633663058280945
1,twain,1255,dickens,7.049421787261963
1,twain,1255,melville,7.965822749667698
1,twain,1255,wells,7.134027322133382
1,twain,1255,austen,6.888027270634969
1,twain,1255,fitzgerald,7.164700712476458
1,twain,1255,twain,7.047864586114883
1,twain,1256,train,3.661205112934113
1,twain,1256,baum,6.883357644081116
1,twain,1256,thompson,7.650286436080933
1,twain,1256,dickens,7.070416609446208
1,twain,1256,melville,7.98059426413642
1,twain,1256,wells,7.161285161972046
1,twain,1256,austen,6.907538890838623
1,twain,1256,fitzgerald,7.177216393607004
1,twain,1256,twain,7.05781477689743
1,twain,1257,train,3.694942533969879
1,twain,1257,baum,6.868511438369751
1,twain,1257,thompson,7.648968458175659
1,twain,1257,dickens,7.0553388595581055
1,twain,1257,melville,7.996525393591987
1,twain,1257,wells,7.138016541798909
1,twain,1257,austen,6.893813689549764
1,twain,1257,fitzgerald,7.171834128243583
1,twain,1257,twain,7.060175806283951
1,twain,1258,train,3.687023997306824
1,twain,1258,baum,6.855921506881714
1,twain,1258,thompson,7.644242167472839
1,twain,1258,dickens,7.052159468332927
1,twain,1258,melville,7.998018264770508
1,twain,1258,wells,7.130154609680176
1,twain,1258,austen,6.883723179499309
1,twain,1258,fitzgerald,7.1603836332048685
1,twain,1258,twain,7.062111467123032
1,twain,1259,train,3.675391674041748
1,twain,1259,baum,6.890254497528076
1,twain,1259,thompson,7.660430669784546
1,twain,1259,dickens,7.079914569854736
1,twain,1259,melville,7.983012623257107
1,twain,1259,wells,7.175110340118408
1,twain,1259,austen,6.924808184305827
1,twain,1259,fitzgerald,7.184699126652309
1,twain,1259,twain,7.054570287466049
1,twain,1260,train,3.62540066242218
1,twain,1260,baum,6.869027018547058
1,twain,1260,thompson,7.646263241767883
1,twain,1260,dickens,7.056677500406901
1,twain,1260,melville,7.984850035773383
1,twain,1260,wells,7.141237338383992
1,twain,1260,austen,6.896393458048503
1,twain,1260,fitzgerald,7.168580940791538
1,twain,1260,twain,7.051613569259644
1,twain,1261,train,3.721555352210999
1,twain,1261,baum,6.877567529678345
1,twain,1261,thompson,7.644621253013611
1,twain,1261,dickens,7.061942895253499
1,twain,1261,melville,7.970488336351183
1,twain,1261,wells,7.154032389322917
1,twain,1261,austen,6.901606321334839
1,twain,1261,fitzgerald,7.173000880650112
1,twain,1261,twain,7.0349918603897095
1,twain,1262,train,3.673831224441528
1,twain,1262,baum,6.869129776954651
1,twain,1262,thompson,7.639586687088013
1,twain,1262,dickens,7.062270164489746
1,twain,1262,melville,7.985113302866618
1,twain,1262,wells,7.155972480773926
1,twain,1262,austen,6.901448408762614
1,twain,1262,fitzgerald,7.17114577974592
1,twain,1262,twain,7.057707965373993
1,twain,1263,train,3.696840047836304
1,twain,1263,baum,6.871290922164917
1,twain,1263,thompson,7.640637755393982
1,twain,1263,dickens,7.058105786641439
1,twain,1263,melville,7.971730179256863
1,twain,1263,wells,7.153800408045451
1,twain,1263,austen,6.894639730453491
1,twain,1263,fitzgerald,7.172627925872803
1,twain,1263,twain,7.037492901086807
1,twain,1264,train,3.652134120464325
1,twain,1264,baum,6.86610209941864
1,twain,1264,thompson,7.654353976249695
1,twain,1264,dickens,7.06663449605306
1,twain,1264,melville,8.009747293260363
1,twain,1264,wells,7.155697345733643
1,twain,1264,austen,6.904119650522868
1,twain,1264,fitzgerald,7.176704202379499
1,twain,1264,twain,7.071480244398117
1,twain,1265,train,3.6505531072616577
1,twain,1265,baum,6.86118471622467
1,twain,1265,thompson,7.641843914985657
1,twain,1265,dickens,7.060677369435628
1,twain,1265,melville,7.997377236684163
1,twain,1265,wells,7.145854949951172
1,twain,1265,austen,6.89510703086853
1,twain,1265,fitzgerald,7.166554519108364
1,twain,1265,twain,7.069745779037476
1,twain,1266,train,3.631903111934662
1,twain,1266,baum,6.8759578466415405
1,twain,1266,thompson,7.643979072570801
1,twain,1266,dickens,7.069839000701904
1,twain,1266,melville,7.991611374749078
1,twain,1266,wells,7.161800702412923
1,twain,1266,austen,6.902178923288981
1,twain,1266,fitzgerald,7.176568712506976
1,twain,1266,twain,7.0557030737400055
1,twain,1267,train,3.646810531616211
1,twain,1267,baum,6.8676605224609375
1,twain,1267,thompson,7.660817980766296
1,twain,1267,dickens,7.064517021179199
1,twain,1267,melville,8.01625066333347
1,twain,1267,wells,7.138937791188558
1,twain,1267,austen,6.889748811721802
1,twain,1267,fitzgerald,7.169296332768032
1,twain,1267,twain,7.070492476224899
1,twain,1268,train,3.632248878479004
1,twain,1268,baum,6.867371082305908
1,twain,1268,thompson,7.644761085510254
1,twain,1268,dickens,7.074697335561116
1,twain,1268,melville,8.002451737721762
1,twain,1268,wells,7.151535193125407
1,twain,1268,austen,6.893662532170613
1,twain,1268,fitzgerald,7.1686966078622
1,twain,1268,twain,7.062256872653961
1,twain,1269,train,3.6623862981796265
1,twain,1269,baum,6.87363588809967
1,twain,1269,thompson,7.654379606246948
1,twain,1269,dickens,7.076771259307861
1,twain,1269,melville,8.009983486599392
1,twain,1269,wells,7.14956267674764
1,twain,1269,austen,6.909281015396118
1,twain,1269,fitzgerald,7.175892353057861
1,twain,1269,twain,7.061626493930817
1,twain,1270,train,3.649430751800537
1,twain,1270,baum,6.890711069107056
1,twain,1270,thompson,7.655146598815918
1,twain,1270,dickens,7.094180266062419
1,twain,1270,melville,7.972887251112196
1,twain,1270,wells,7.17766261100769
1,twain,1270,austen,6.919152577718099
1,twain,1270,fitzgerald,7.188930920192173
1,twain,1270,twain,7.042188853025436
1,twain,1271,train,3.6312954425811768
1,twain,1271,baum,6.872973203659058
1,twain,1271,thompson,7.634397387504578
1,twain,1271,dickens,7.069207509358724
1,twain,1271,melville,7.9490053918626575
1,twain,1271,wells,7.151224613189697
1,twain,1271,austen,6.891131083170573
1,twain,1271,fitzgerald,7.165792124611991
1,twain,1271,twain,7.031405597925186
1,twain,1272,train,3.611958146095276
1,twain,1272,baum,6.881095767021179
1,twain,1272,thompson,7.664827466011047
1,twain,1272,dickens,7.079291820526123
1,twain,1272,melville,8.010897318522135
1,twain,1272,wells,7.163647492726644
1,twain,1272,austen,6.910606861114502
1,twain,1272,fitzgerald,7.186052254268101
1,twain,1272,twain,7.069128662347794
1,twain,1273,train,3.6786622405052185
1,twain,1273,baum,6.869940400123596
1,twain,1273,thompson,7.676342248916626
1,twain,1273,dickens,7.069860140482585
1,twain,1273,melville,8.035216119554308
1,twain,1273,wells,7.149698257446289
1,twain,1273,austen,6.902569214502971
1,twain,1273,fitzgerald,7.176959037780762
1,twain,1273,twain,7.081468522548676
1,twain,1274,train,3.6461416482925415
1,twain,1274,baum,6.889096260070801
1,twain,1274,thompson,7.677676320075989
1,twain,1274,dickens,7.085119247436523
1,twain,1274,melville,8.008882681528727
1,twain,1274,wells,7.170046488444011
1,twain,1274,austen,6.917346795399983
1,twain,1274,fitzgerald,7.196729523794992
1,twain,1274,twain,7.068683326244354
1,twain,1275,train,3.682642161846161
1,twain,1275,baum,6.879478693008423
1,twain,1275,thompson,7.663468360900879
1,twain,1275,dickens,7.077229976654053
1,twain,1275,melville,8.003767331441244
1,twain,1275,wells,7.1550657749176025
1,twain,1275,austen,6.910698413848877
1,twain,1275,fitzgerald,7.18336684363229
1,twain,1275,twain,7.070219844579697
1,twain,1276,train,3.61168372631073
1,twain,1276,baum,6.891275405883789
1,twain,1276,thompson,7.674152970314026
1,twain,1276,dickens,7.090991655985515
1,twain,1276,melville,8.012800004747179
1,twain,1276,wells,7.173967043558757
1,twain,1276,austen,6.919843594233195
1,twain,1276,fitzgerald,7.191606998443604
1,twain,1276,twain,7.077396154403687
1,twain,1277,train,3.6524407267570496
1,twain,1277,baum,6.880552530288696
1,twain,1277,thompson,7.677072882652283
1,twain,1277,dickens,7.069311459859212
1,twain,1277,melville,8.022825400034586
1,twain,1277,wells,7.150328000386556
1,twain,1277,austen,6.910156567891439
1,twain,1277,fitzgerald,7.1799270766122
1,twain,1277,twain,7.08467909693718
1,twain,1278,train,3.620074152946472
1,twain,1278,baum,6.885488152503967
1,twain,1278,thompson,7.669402003288269
1,twain,1278,dickens,7.073108990987142
1,twain,1278,melville,7.997884750366211
1,twain,1278,wells,7.160693486531575
1,twain,1278,austen,6.908528168996175
1,twain,1278,fitzgerald,7.1852279390607565
1,twain,1278,twain,7.065750867128372
1,twain,1279,train,3.6798770427703857
1,twain,1279,baum,6.89232349395752
1,twain,1279,thompson,7.683909773826599
1,twain,1279,dickens,7.090506235758464
1,twain,1279,melville,8.03590398364597
1,twain,1279,wells,7.175203323364258
1,twain,1279,austen,6.923607667287191
1,twain,1279,fitzgerald,7.198860577174595
1,twain,1279,twain,7.083026021718979
1,twain,1280,train,3.642957031726837
1,twain,1280,baum,6.896711826324463
1,twain,1280,thompson,7.668566942214966
1,twain,1280,dickens,7.093575159708659
1,twain,1280,melville,8.018342441982693
1,twain,1280,wells,7.183356523513794
1,twain,1280,austen,6.930109977722168
1,twain,1280,fitzgerald,7.197554928915841
1,twain,1280,twain,7.077072650194168
1,twain,1281,train,3.638352930545807
1,twain,1281,baum,6.872586011886597
1,twain,1281,thompson,7.674994230270386
1,twain,1281,dickens,7.076184272766113
1,twain,1281,melville,8.039623896280924
1,twain,1281,wells,7.151226123174031
1,twain,1281,austen,6.903056303660075
1,twain,1281,fitzgerald,7.185181277138846
1,twain,1281,twain,7.0888751745224
1,twain,1282,train,3.660078525543213
1,twain,1282,baum,6.896518111228943
1,twain,1282,thompson,7.664056301116943
1,twain,1282,dickens,7.088093280792236
1,twain,1282,melville,7.994003613789876
1,twain,1282,wells,7.178601185480754
1,twain,1282,austen,6.929319699605306
1,twain,1282,fitzgerald,7.19084187916347
1,twain,1282,twain,7.0712834894657135
1,twain,1283,train,3.62009871006012
1,twain,1283,baum,6.880852937698364
1,twain,1283,thompson,7.681459903717041
1,twain,1283,dickens,7.07963212331136
1,twain,1283,melville,8.028119034237331
1,twain,1283,wells,7.15618109703064
1,twain,1283,austen,6.909844398498535
1,twain,1283,fitzgerald,7.189629214150565
1,twain,1283,twain,7.085772603750229
1,twain,1284,train,3.612249732017517
1,twain,1284,baum,6.899859309196472
1,twain,1284,thompson,7.676908373832703
1,twain,1284,dickens,7.095860004425049
1,twain,1284,melville,7.997490564982097
1,twain,1284,wells,7.175168673197429
1,twain,1284,austen,6.926923036575317
1,twain,1284,fitzgerald,7.200852802821568
1,twain,1284,twain,7.067097395658493
1,twain,1285,train,3.6181915402412415
1,twain,1285,baum,6.900879979133606
1,twain,1285,thompson,7.701968431472778
1,twain,1285,dickens,7.094594955444336
1,twain,1285,melville,8.040342648824057
1,twain,1285,wells,7.1734232902526855
1,twain,1285,austen,6.936079502105713
1,twain,1285,fitzgerald,7.208650316510882
1,twain,1285,twain,7.087456434965134
1,twain,1286,train,3.601748168468476
1,twain,1286,baum,6.9032217264175415
1,twain,1286,thompson,7.683086633682251
1,twain,1286,dickens,7.099318504333496
1,twain,1286,melville,8.026785532633463
1,twain,1286,wells,7.189126173655192
1,twain,1286,austen,6.926210403442383
1,twain,1286,fitzgerald,7.210141658782959
1,twain,1286,twain,7.092119246721268
1,twain,1287,train,3.625715136528015
1,twain,1287,baum,6.897897720336914
1,twain,1287,thompson,7.706656575202942
1,twain,1287,dickens,7.095750013987224
1,twain,1287,melville,8.06465318467882
1,twain,1287,wells,7.168381452560425
1,twain,1287,austen,6.929806550343831
1,twain,1287,fitzgerald,7.213390282222202
1,twain,1287,twain,7.1048489809036255
1,twain,1288,train,3.615001499652863
1,twain,1288,baum,6.911970496177673
1,twain,1288,thompson,7.680563569068909
1,twain,1288,dickens,7.11233123143514
1,twain,1288,melville,8.020618968539768
1,twain,1288,wells,7.1983100573221845
1,twain,1288,austen,6.935926914215088
1,twain,1288,fitzgerald,7.215120043073382
1,twain,1288,twain,7.082348585128784
1,twain,1289,train,3.599403738975525
1,twain,1289,baum,6.895155191421509
1,twain,1289,thompson,7.683337092399597
1,twain,1289,dickens,7.087294578552246
1,twain,1289,melville,8.015435218811035
1,twain,1289,wells,7.16708517074585
1,twain,1289,austen,6.921724398930867
1,twain,1289,fitzgerald,7.204278128487723
1,twain,1289,twain,7.069191604852676
1,twain,1290,train,3.660836696624756
1,twain,1290,baum,6.905051112174988
1,twain,1290,thompson,7.691726565361023
1,twain,1290,dickens,7.097361564636231
1,twain,1290,melville,8.03414429558648
1,twain,1290,wells,7.177603801091512
1,twain,1290,austen,6.931728521982829
1,twain,1290,fitzgerald,7.207466806684222
1,twain,1290,twain,7.085607409477234
1,twain,1291,train,3.587623119354248
1,twain,1291,baum,6.88752555847168
1,twain,1291,thompson,7.675817370414734
1,twain,1291,dickens,7.071013450622559
1,twain,1291,melville,8.030618296729195
1,twain,1291,wells,7.146810372670491
1,twain,1291,austen,6.9075927734375
1,twain,1291,fitzgerald,7.191095147814069
1,twain,1291,twain,7.082500070333481
1,twain,1292,train,3.63198584318161
1,twain,1292,baum,6.890070915222168
1,twain,1292,thompson,7.67873477935791
1,twain,1292,dickens,7.086315790812175
1,twain,1292,melville,8.024482674068874
1,twain,1292,wells,7.16428271929423
1,twain,1292,austen,6.911579688390096
1,twain,1292,fitzgerald,7.198931353432792
1,twain,1292,twain,7.086837023496628
1,twain,1293,train,3.601887345314026
1,twain,1293,baum,6.889578104019165
1,twain,1293,thompson,7.681938648223877
1,twain,1293,dickens,7.087747573852539
1,twain,1293,melville,8.026187313927544
1,twain,1293,wells,7.172698895136516
1,twain,1293,austen,6.917704741160075
1,twain,1293,fitzgerald,7.197701590401786
1,twain,1293,twain,7.090576112270355
1,twain,1294,train,3.56686806678772
1,twain,1294,baum,6.895199537277222
1,twain,1294,thompson,7.673073053359985
1,twain,1294,dickens,7.0975697835286455
1,twain,1294,melville,8.022161960601807
1,twain,1294,wells,7.170770804087321
1,twain,1294,austen,6.928326606750488
1,twain,1294,fitzgerald,7.19596358707973
1,twain,1294,twain,7.082519710063934
1,twain,1295,train,3.608974874019623
1,twain,1295,baum,6.903472542762756
1,twain,1295,thompson,7.675842761993408
1,twain,1295,dickens,7.095976193745931
1,twain,1295,melville,8.022754669189453
1,twain,1295,wells,7.17850931485494
1,twain,1295,austen,6.924575805664063
1,twain,1295,fitzgerald,7.201769896915981
1,twain,1295,twain,7.092880994081497
1,twain,1296,train,3.5800585746765137
1,twain,1296,baum,6.903239727020264
1,twain,1296,thompson,7.682718515396118
1,twain,1296,dickens,7.106459935506185
1,twain,1296,melville,8.025954829321968
1,twain,1296,wells,7.186701774597168
1,twain,1296,austen,6.931061029434204
1,twain,1296,fitzgerald,7.207620212009975
1,twain,1296,twain,7.092974603176117
1,twain,1297,train,3.5707613229751587
1,twain,1297,baum,6.922860026359558
1,twain,1297,thompson,7.683946371078491
1,twain,1297,dickens,7.111205418904622
1,twain,1297,melville,8.005743980407715
1,twain,1297,wells,7.188714663187663
1,twain,1297,austen,6.944079399108887
1,twain,1297,fitzgerald,7.218138967241559
1,twain,1297,twain,7.073816567659378
1,twain,1298,train,3.577759087085724
1,twain,1298,baum,6.914565443992615
1,twain,1298,thompson,7.690460681915283
1,twain,1298,dickens,7.108846823374431
1,twain,1298,melville,8.041707833607992
1,twain,1298,wells,7.18975027402242
1,twain,1298,austen,6.935219049453735
1,twain,1298,fitzgerald,7.210668359483991
1,twain,1298,twain,7.105161815881729
1,twain,1299,train,3.5955511331558228
1,twain,1299,baum,6.905815839767456
1,twain,1299,thompson,7.692941665649414
1,twain,1299,dickens,7.09464963277181
1,twain,1299,melville,8.028963141971165
1,twain,1299,wells,7.179818153381348
1,twain,1299,austen,6.931419849395752
1,twain,1299,fitzgerald,7.210055215018136
1,twain,1299,twain,7.092271059751511
1,twain,1300,train,3.647652804851532
1,twain,1300,baum,6.934561133384705
1,twain,1300,thompson,7.693444848060608
1,twain,1300,dickens,7.125988483428955
1,twain,1300,melville,7.999680042266846
1,twain,1300,wells,7.21540355682373
1,twain,1300,austen,6.956515312194824
1,twain,1300,fitzgerald,7.228748321533203
1,twain,1300,twain,7.074053883552551
1,twain,1301,train,3.5932016372680664
1,twain,1301,baum,6.892053127288818
1,twain,1301,thompson,7.703696727752685
1,twain,1301,dickens,7.091269493103027
1,twain,1301,melville,8.064074357350668
1,twain,1301,wells,7.178687493006389
1,twain,1301,austen,6.924455324808757
1,twain,1301,fitzgerald,7.213721888405936
1,twain,1301,twain,7.115746349096298
1,twain,1302,train,3.5990588068962097
1,twain,1302,baum,6.933954954147339
1,twain,1302,thompson,7.685936808586121
1,twain,1302,dickens,7.11655855178833
1,twain,1302,melville,7.98956134584215
1,twain,1302,wells,7.204201698303223
1,twain,1302,austen,6.953601757685344
1,twain,1302,fitzgerald,7.221255574907575
1,twain,1302,twain,7.067482501268387
1,twain,1303,train,3.559826672077179
1,twain,1303,baum,6.909437894821167
1,twain,1303,thompson,7.701494812965393
1,twain,1303,dickens,7.109041849772136
1,twain,1303,melville,8.038468837738037
1,twain,1303,wells,7.180891116460164
1,twain,1303,austen,6.937926054000855
1,twain,1303,fitzgerald,7.212721756526402
1,twain,1303,twain,7.098430693149567
1,twain,1304,train,3.638806641101837
1,twain,1304,baum,6.911885499954224
1,twain,1304,thompson,7.68228816986084
1,twain,1304,dickens,7.111225287119548
1,twain,1304,melville,8.008207374148899
1,twain,1304,wells,7.195756276448567
1,twain,1304,austen,6.935741583506267
1,twain,1304,fitzgerald,7.210582801273891
1,twain,1304,twain,7.0844219624996185
1,twain,1305,train,3.619405448436737
1,twain,1305,baum,6.916080594062805
1,twain,1305,thompson,7.707791209220886
1,twain,1305,dickens,7.107714017232259
1,twain,1305,melville,8.028057098388672
1,twain,1305,wells,7.200310309727986
1,twain,1305,austen,6.946382840474446
1,twain,1305,fitzgerald,7.220747811453683
1,twain,1305,twain,7.092418968677521
1,twain,1306,train,3.557299196720124
1,twain,1306,baum,6.9122878313064575
1,twain,1306,thompson,7.706190824508667
1,twain,1306,dickens,7.112928708394368
1,twain,1306,melville,8.034124321407742
1,twain,1306,wells,7.211007515589396
1,twain,1306,austen,6.949953556060791
1,twain,1306,fitzgerald,7.220695563725063
1,twain,1306,twain,7.110232025384903
1,twain,1307,train,3.6185007095336914
1,twain,1307,baum,6.912519216537476
1,twain,1307,thompson,7.718837738037109
1,twain,1307,dickens,7.113189697265625
1,twain,1307,melville,8.061596075693766
1,twain,1307,wells,7.197340885798137
1,twain,1307,austen,6.944089889526367
1,twain,1307,fitzgerald,7.221011366162982
1,twain,1307,twain,7.118603676557541
1,twain,1308,train,3.567082166671753
1,twain,1308,baum,6.899020195007324
1,twain,1308,thompson,7.707720875740051
1,twain,1308,dickens,7.100210984547933
1,twain,1308,melville,8.062244415283203
1,twain,1308,wells,7.185112078984578
1,twain,1308,austen,6.927560488382976
1,twain,1308,fitzgerald,7.211926868983677
1,twain,1308,twain,7.1186279356479645
1,twain,1309,train,3.597960352897644
1,twain,1309,baum,6.918680667877197
1,twain,1309,thompson,7.715439558029175
1,twain,1309,dickens,7.110595703125
1,twain,1309,melville,8.05584912829929
1,twain,1309,wells,7.195639292399089
1,twain,1309,austen,6.9396365483601885
1,twain,1309,fitzgerald,7.222689628601074
1,twain,1309,twain,7.121718883514404
1,twain,1310,train,3.5784053802490234
1,twain,1310,baum,6.92562460899353
1,twain,1310,thompson,7.711764097213745
1,twain,1310,dickens,7.120896975199382
1,twain,1310,melville,8.047621409098307
1,twain,1310,wells,7.204245885213216
1,twain,1310,austen,6.9547172387441
1,twain,1310,fitzgerald,7.230608190808978
1,twain,1310,twain,7.103346943855286
1,twain,1311,train,3.5444254875183105
1,twain,1311,baum,6.907834649085999
1,twain,1311,thompson,7.718001961708069
1,twain,1311,dickens,7.1109687487284345
1,twain,1311,melville,8.095701217651367
1,twain,1311,wells,7.20124888420105
1,twain,1311,austen,6.938517649968465
1,twain,1311,fitzgerald,7.22753381729126
1,twain,1311,twain,7.139157593250275
1,twain,1312,train,3.575784742832184
1,twain,1312,baum,6.920570492744446
1,twain,1312,thompson,7.705661535263061
1,twain,1312,dickens,7.120734691619873
1,twain,1312,melville,8.054276625315348
1,twain,1312,wells,7.206730763117473
1,twain,1312,austen,6.942756573359172
1,twain,1312,fitzgerald,7.231475830078125
1,twain,1312,twain,7.1117488741874695
1,twain,1313,train,3.592142879962921
1,twain,1313,baum,6.92275869846344
1,twain,1313,thompson,7.697842121124268
1,twain,1313,dickens,7.117004871368408
1,twain,1313,melville,8.036140229966906
1,twain,1313,wells,7.206334749857585
1,twain,1313,austen,6.952453215916951
1,twain,1313,fitzgerald,7.228339195251465
1,twain,1313,twain,7.098626047372818
1,twain,1314,train,3.5915896892547607
1,twain,1314,baum,6.940664649009705
1,twain,1314,thompson,7.702254772186279
1,twain,1314,dickens,7.132216930389404
1,twain,1314,melville,8.009136623806423
1,twain,1314,wells,7.206575473149617
1,twain,1314,austen,6.957553227742513
1,twain,1314,fitzgerald,7.23358120237078
1,twain,1314,twain,7.077145487070084
1,twain,1315,train,3.5742490887641907
1,twain,1315,baum,6.939366102218628
1,twain,1315,thompson,7.703883647918701
1,twain,1315,dickens,7.129530111948649
1,twain,1315,melville,8.03157705730862
1,twain,1315,wells,7.233544031778972
1,twain,1315,austen,6.963232199350993
1,twain,1315,fitzgerald,7.24105487551008
1,twain,1315,twain,7.097339928150177
1,twain,1316,train,3.61070728302002
1,twain,1316,baum,6.937885880470276
1,twain,1316,thompson,7.709783554077148
1,twain,1316,dickens,7.117914199829102
1,twain,1316,melville,8.012165069580078
1,twain,1316,wells,7.209561824798584
1,twain,1316,austen,6.9538272221883135
1,twain,1316,fitzgerald,7.232521261487689
1,twain,1316,twain,7.072458267211914
1,twain,1317,train,3.584174335002899
1,twain,1317,baum,6.94231116771698
1,twain,1317,thompson,7.704753518104553
1,twain,1317,dickens,7.128223101298015
1,twain,1317,melville,8.025388134850395
1,twain,1317,wells,7.233505487442017
1,twain,1317,austen,6.966827869415283
1,twain,1317,fitzgerald,7.238129275185721
1,twain,1317,twain,7.103047013282776
1,twain,1318,train,3.5772786736488342
1,twain,1318,baum,6.954557180404663
1,twain,1318,thompson,7.713211417198181
1,twain,1318,dickens,7.14254633585612
1,twain,1318,melville,8.007577684190538
1,twain,1318,wells,7.232120911280314
1,twain,1318,austen,6.968524535497029
1,twain,1318,fitzgerald,7.252170358385358
1,twain,1318,twain,7.081205815076828
1,twain,1319,train,3.573420524597168
1,twain,1319,baum,6.934493064880371
1,twain,1319,thompson,7.722051978111267
1,twain,1319,dickens,7.128354708353679
1,twain,1319,melville,8.049774487813314
1,twain,1319,wells,7.222931782404582
1,twain,1319,austen,6.961721102396647
1,twain,1319,fitzgerald,7.243712629590716
1,twain,1319,twain,7.111957222223282
1,twain,1320,train,3.61272132396698
1,twain,1320,baum,6.934203386306763
1,twain,1320,thompson,7.713418126106262
1,twain,1320,dickens,7.128357410430908
1,twain,1320,melville,8.031979613833958
1,twain,1320,wells,7.217679421106975
1,twain,1320,austen,6.96420431137085
1,twain,1320,fitzgerald,7.237703391483852
1,twain,1320,twain,7.10270020365715
1,twain,1321,train,3.5267030596733093
1,twain,1321,baum,6.930062651634216
1,twain,1321,thompson,7.707145094871521
1,twain,1321,dickens,7.121248881022136
1,twain,1321,melville,8.026319662729898
1,twain,1321,wells,7.212258815765381
1,twain,1321,austen,6.954674243927002
1,twain,1321,fitzgerald,7.230639389583042
1,twain,1321,twain,7.099011152982712
1,twain,1322,train,3.56861013174057
1,twain,1322,baum,6.949074983596802
1,twain,1322,thompson,7.706029057502747
1,twain,1322,dickens,7.135276635487874
1,twain,1322,melville,8.012717564900717
1,twain,1322,wells,7.2324535846710205
1,twain,1322,austen,6.974043369293213
1,twain,1322,fitzgerald,7.243570532117571
1,twain,1322,twain,7.083481431007385
1,twain,1323,train,3.580488324165344
1,twain,1323,baum,6.94023859500885
1,twain,1323,thompson,7.715879440307617
1,twain,1323,dickens,7.1260191599528
1,twain,1323,melville,8.045425415039062
1,twain,1323,wells,7.228446960449219
1,twain,1323,austen,6.966391404469808
1,twain,1323,fitzgerald,7.242036410740444
1,twain,1323,twain,7.11380410194397
1,twain,1324,train,3.5791027545928955
1,twain,1324,baum,6.923341751098633
1,twain,1324,thompson,7.719667553901672
1,twain,1324,dickens,7.119199434916179
1,twain,1324,melville,8.067621178097195
1,twain,1324,wells,7.2094260056813555
1,twain,1324,austen,6.9518647988637285
1,twain,1324,fitzgerald,7.234308583395822
1,twain,1324,twain,7.109217494726181
1,twain,1325,train,3.6172974705696106
1,twain,1325,baum,6.943291783332825
1,twain,1325,thompson,7.721014738082886
1,twain,1325,dickens,7.1335768699646
1,twain,1325,melville,8.053075313568115
1,twain,1325,wells,7.239997625350952
1,twain,1325,austen,6.970968961715698
1,twain,1325,fitzgerald,7.25157151903425
1,twain,1325,twain,7.115650117397308
1,twain,1326,train,3.557593822479248
1,twain,1326,baum,6.939098000526428
1,twain,1326,thompson,7.7093716859817505
1,twain,1326,dickens,7.127227942148845
1,twain,1326,melville,8.060755305820042
1,twain,1326,wells,7.222219308217366
1,twain,1326,austen,6.967673937479655
1,twain,1326,fitzgerald,7.23629413332258
1,twain,1326,twain,7.113011479377747
1,twain,1327,train,3.588745951652527
1,twain,1327,baum,6.916422009468079
1,twain,1327,thompson,7.74789571762085
1,twain,1327,dickens,7.111354509989421
1,twain,1327,melville,8.132869720458984
1,twain,1327,wells,7.206634442011516
1,twain,1327,austen,6.950160264968872
1,twain,1327,fitzgerald,7.237922804696219
1,twain,1327,twain,7.161322832107544
1,twain,1328,train,3.5268476605415344
1,twain,1328,baum,6.928101181983948
1,twain,1328,thompson,7.723125696182251
1,twain,1328,dickens,7.1160233815511065
1,twain,1328,melville,8.069522009955513
1,twain,1328,wells,7.207522074381511
1,twain,1328,austen,6.954733610153198
1,twain,1328,fitzgerald,7.231879643031529
1,twain,1328,twain,7.1215663850307465
1,twain,1329,train,3.498278498649597
1,twain,1329,baum,6.9454665184021
1,twain,1329,thompson,7.721145272254944
1,twain,1329,dickens,7.13494857152303
1,twain,1329,melville,8.064581076304117
1,twain,1329,wells,7.238051652908325
1,twain,1329,austen,6.971022446950276
1,twain,1329,fitzgerald,7.2539898327418735
1,twain,1329,twain,7.112027287483215
1,twain,1330,train,3.5733187794685364
1,twain,1330,baum,6.935829162597656
1,twain,1330,thompson,7.728246569633484
1,twain,1330,dickens,7.130351702372233
1,twain,1330,melville,8.100112438201904
1,twain,1330,wells,7.223040024439494
1,twain,1330,austen,6.974361896514893
1,twain,1330,fitzgerald,7.245628493172782
1,twain,1330,twain,7.143933176994324
1,twain,1331,train,3.611997306346893
1,twain,1331,baum,6.9400874376297
1,twain,1331,thompson,7.725587606430054
1,twain,1331,dickens,7.135670185089111
1,twain,1331,melville,8.084789435068766
1,twain,1331,wells,7.227853775024414
1,twain,1331,austen,6.975938558578491
1,twain,1331,fitzgerald,7.242478438786098
1,twain,1331,twain,7.1339845061302185
1,twain,1332,train,3.531591594219208
1,twain,1332,baum,6.953486561775208
1,twain,1332,thompson,7.740422487258911
1,twain,1332,dickens,7.150863329569499
1,twain,1332,melville,8.096178478664822
1,twain,1332,wells,7.253604888916016
1,twain,1332,austen,6.990891218185425
1,twain,1332,fitzgerald,7.265536785125732
1,twain,1332,twain,7.150462865829468
1,twain,1333,train,3.5334001779556274
1,twain,1333,baum,6.954954743385315
1,twain,1333,thompson,7.746293544769287
1,twain,1333,dickens,7.146299362182617
1,twain,1333,melville,8.09594816631741
1,twain,1333,wells,7.2429252465566
1,twain,1333,austen,6.983917872111003
1,twain,1333,fitzgerald,7.261935710906982
1,twain,1333,twain,7.135256797075272
1,twain,1334,train,3.588442862033844
1,twain,1334,baum,6.951645731925964
1,twain,1334,thompson,7.752421855926514
1,twain,1334,dickens,7.143854300181071
1,twain,1334,melville,8.104454199473063
1,twain,1334,wells,7.248464822769165
1,twain,1334,austen,6.980076392491658
1,twain,1334,fitzgerald,7.266998767852783
1,twain,1334,twain,7.1490325927734375
1,twain,1335,train,3.502154231071472
1,twain,1335,baum,6.943558931350708
1,twain,1335,thompson,7.750585079193115
1,twain,1335,dickens,7.143200874328613
1,twain,1335,melville,8.094565868377686
1,twain,1335,wells,7.237325191497803
1,twain,1335,austen,6.971429030100505
1,twain,1335,fitzgerald,7.260252952575684
1,twain,1335,twain,7.144596874713898
1,twain,1336,train,3.5153204202651978
1,twain,1336,baum,6.958214402198792
1,twain,1336,thompson,7.74549400806427
1,twain,1336,dickens,7.155583540598552
1,twain,1336,melville,8.075334707895914
1,twain,1336,wells,7.250027656555176
1,twain,1336,austen,6.980396270751953
1,twain,1336,fitzgerald,7.270181655883789
1,twain,1336,twain,7.125199735164642
1,twain,1337,train,3.5391586422920227
1,twain,1337,baum,6.943048596382141
1,twain,1337,thompson,7.742561101913452
1,twain,1337,dickens,7.14248514175415
1,twain,1337,melville,8.109099441104465
1,twain,1337,wells,7.225518306096395
1,twain,1337,austen,6.9685555299123125
1,twain,1337,fitzgerald,7.255353995731899
1,twain,1337,twain,7.144173264503479
1,twain,1338,train,3.5353965163230896
1,twain,1338,baum,6.948996067047119
1,twain,1338,thompson,7.754387974739075
1,twain,1338,dickens,7.143383344014485
1,twain,1338,melville,8.105757554372152
1,twain,1338,wells,7.235318819681804
1,twain,1338,austen,6.973788579305013
1,twain,1338,fitzgerald,7.259329727717808
1,twain,1338,twain,7.145774841308594
1,twain,1339,train,3.531371712684632
1,twain,1339,baum,6.965672850608826
1,twain,1339,thompson,7.745653867721558
1,twain,1339,dickens,7.154974301656087
1,twain,1339,melville,8.060931523640951
1,twain,1339,wells,7.254625876744588
1,twain,1339,austen,6.985141197840373
1,twain,1339,fitzgerald,7.268369674682617
1,twain,1339,twain,7.120847851037979
1,twain,1340,train,3.557121694087982
1,twain,1340,baum,6.945013999938965
1,twain,1340,thompson,7.7348562479019165
1,twain,1340,dickens,7.137503465016683
1,twain,1340,melville,8.08894787894355
1,twain,1340,wells,7.233682155609131
1,twain,1340,austen,6.977379083633423
1,twain,1340,fitzgerald,7.249255725315639
1,twain,1340,twain,7.135022342205048
1,twain,1341,train,3.5081905722618103
1,twain,1341,baum,6.94635820388794
1,twain,1341,thompson,7.753966331481934
1,twain,1341,dickens,7.144740581512451
1,twain,1341,melville,8.10051695505778
1,twain,1341,wells,7.23804759979248
1,twain,1341,austen,6.9791256586710615
1,twain,1341,fitzgerald,7.262680462428501
1,twain,1341,twain,7.13249871134758
1,twain,1342,train,3.5774621963500977
1,twain,1342,baum,6.964034914970398
1,twain,1342,thompson,7.74746310710907
1,twain,1342,dickens,7.159383455912272
1,twain,1342,melville,8.070039961073133
1,twain,1342,wells,7.264725208282471
1,twain,1342,austen,6.998213847478231
1,twain,1342,fitzgerald,7.266782420022147
1,twain,1342,twain,7.139961868524551
1,twain,1343,train,3.5166163444519043
1,twain,1343,baum,6.958895206451416
1,twain,1343,thompson,7.7589744329452515
1,twain,1343,dickens,7.150700410207112
1,twain,1343,melville,8.089820384979248
1,twain,1343,wells,7.248160123825073
1,twain,1343,austen,6.99036184946696
1,twain,1343,fitzgerald,7.267106533050537
1,twain,1343,twain,7.138782650232315
1,twain,1344,train,3.522630870342254
1,twain,1344,baum,6.958842992782593
1,twain,1344,thompson,7.7404621839523315
1,twain,1344,dickens,7.160239855448405
1,twain,1344,melville,8.08078416188558
1,twain,1344,wells,7.261774301528931
1,twain,1344,austen,6.993858496348064
1,twain,1344,fitzgerald,7.267012391771589
1,twain,1344,twain,7.136562019586563
1,twain,1345,train,3.593691825866699
1,twain,1345,baum,6.962627530097961
1,twain,1345,thompson,7.755488157272339
1,twain,1345,dickens,7.159556229909261
1,twain,1345,melville,8.084302955203587
1,twain,1345,wells,7.257386843363444
1,twain,1345,austen,6.995046377182007
1,twain,1345,fitzgerald,7.272735050746372
1,twain,1345,twain,7.134523540735245
1,twain,1346,train,3.528584122657776
1,twain,1346,baum,6.929924130439758
1,twain,1346,thompson,7.756269216537476
1,twain,1346,dickens,7.134701728820801
1,twain,1346,melville,8.11583662033081
1,twain,1346,wells,7.222301721572876
1,twain,1346,austen,6.959384918212891
1,twain,1346,fitzgerald,7.255335058484759
1,twain,1346,twain,7.15865769982338
1,twain,1347,train,3.535611569881439
1,twain,1347,baum,6.961771249771118
1,twain,1347,thompson,7.746719241142273
1,twain,1347,dickens,7.154087066650391
1,twain,1347,melville,8.065486749013266
1,twain,1347,wells,7.258725643157959
1,twain,1347,austen,6.993290980656941
1,twain,1347,fitzgerald,7.266572134835379
1,twain,1347,twain,7.1352148950099945
1,twain,1348,train,3.5074750185012817
1,twain,1348,baum,6.956929087638855
1,twain,1348,thompson,7.771126627922058
1,twain,1348,dickens,7.146750768025716
1,twain,1348,melville,8.119926929473877
1,twain,1348,wells,7.231852849324544
1,twain,1348,austen,6.982714017232259
1,twain,1348,fitzgerald,7.267293657575335
1,twain,1348,twain,7.147622138261795
1,twain,1349,train,3.507228970527649
1,twain,1349,baum,6.966207504272461
1,twain,1349,thompson,7.760578036308289
1,twain,1349,dickens,7.157725811004639
1,twain,1349,melville,8.110008504655626
1,twain,1349,wells,7.251790841420491
1,twain,1349,austen,6.9872252146403
1,twain,1349,fitzgerald,7.274557590484619
1,twain,1349,twain,7.1450910568237305
1,twain,1350,train,3.53814697265625
1,twain,1350,baum,6.968366026878357
1,twain,1350,thompson,7.753398895263672
1,twain,1350,dickens,7.158224741617839
1,twain,1350,melville,8.072148270077175
1,twain,1350,wells,7.249159415562947
1,twain,1350,austen,6.99625285466512
1,twain,1350,fitzgerald,7.27503776550293
1,twain,1350,twain,7.124637722969055
1,twain,1351,train,3.5458598732948303
1,twain,1351,baum,6.962125658988953
1,twain,1351,thompson,7.764359474182129
1,twain,1351,dickens,7.166259288787842
1,twain,1351,melville,8.111295011308458
1,twain,1351,wells,7.255411148071289
1,twain,1351,austen,6.991516828536987
1,twain,1351,fitzgerald,7.275357450757708
1,twain,1351,twain,7.158495128154755
1,twain,1352,train,3.5275548696517944
1,twain,1352,baum,6.959777355194092
1,twain,1352,thompson,7.760179162025452
1,twain,1352,dickens,7.157799243927002
1,twain,1352,melville,8.103704346550835
1,twain,1352,wells,7.235779364903768
1,twain,1352,austen,6.989600578943889
1,twain,1352,fitzgerald,7.26603501183646
1,twain,1352,twain,7.147935211658478
1,twain,1353,train,3.513519406318665
1,twain,1353,baum,6.973079085350037
1,twain,1353,thompson,7.754004716873169
1,twain,1353,dickens,7.16601053873698
1,twain,1353,melville,8.073316627078587
1,twain,1353,wells,7.255405902862549
1,twain,1353,austen,6.997433106104533
1,twain,1353,fitzgerald,7.273877825055804
1,twain,1353,twain,7.122462660074234
1,twain,1354,train,3.478541612625122
1,twain,1354,baum,6.981348514556885
1,twain,1354,thompson,7.769405722618103
1,twain,1354,dickens,7.1724629402160645
1,twain,1354,melville,8.09602133433024
1,twain,1354,wells,7.269745111465454
1,twain,1354,austen,7.009551445643107
1,twain,1354,fitzgerald,7.288030896868024
1,twain,1354,twain,7.135573536157608
1,twain,1355,train,3.5290762782096863
1,twain,1355,baum,6.986649632453919
1,twain,1355,thompson,7.776574015617371
1,twain,1355,dickens,7.187286218007405
1,twain,1355,melville,8.110269440544975
1,twain,1355,wells,7.285985390345256
1,twain,1355,austen,7.022014220555623
1,twain,1355,fitzgerald,7.29432875769479
1,twain,1355,twain,7.155195415019989
1,twain,1356,train,3.502110838890076
1,twain,1356,baum,6.972315073013306
1,twain,1356,thompson,7.788712739944458
1,twain,1356,dickens,7.168683369954427
1,twain,1356,melville,8.138921843634712
1,twain,1356,wells,7.259592930475871
1,twain,1356,austen,6.999674479166667
1,twain,1356,fitzgerald,7.289328915732248
1,twain,1356,twain,7.1654834151268005
1,twain,1357,train,3.486338973045349
1,twain,1357,baum,6.9752503633499146
1,twain,1357,thompson,7.784536600112915
1,twain,1357,dickens,7.170869668324788
1,twain,1357,melville,8.134025891621908
1,twain,1357,wells,7.268767277399699
1,twain,1357,austen,7.001562833786011
1,twain,1357,fitzgerald,7.289830275944301
1,twain,1357,twain,7.165752679109573
1,twain,1358,train,3.5242311358451843
1,twain,1358,baum,6.972183704376221
1,twain,1358,thompson,7.784809350967407
1,twain,1358,dickens,7.169084707895915
1,twain,1358,melville,8.145623895857069
1,twain,1358,wells,7.251982768376668
1,twain,1358,austen,6.998246192932129
1,twain,1358,fitzgerald,7.2847580909729
1,twain,1358,twain,7.174838185310364
1,twain,1359,train,3.4869222044944763
1,twain,1359,baum,6.987549066543579
1,twain,1359,thompson,7.772501707077026
1,twain,1359,dickens,7.178517977396647
1,twain,1359,melville,8.109270837571886
1,twain,1359,wells,7.275140206019084
1,twain,1359,austen,7.013028860092163
1,twain,1359,fitzgerald,7.288020542689732
1,twain,1359,twain,7.157313078641892
1,twain,1360,train,3.4872567653656006
1,twain,1360,baum,6.988111734390259
1,twain,1360,thompson,7.797176241874695
1,twain,1360,dickens,7.173599243164063
1,twain,1360,melville,8.12522162331475
1,twain,1360,wells,7.267883777618408
1,twain,1360,austen,7.014792839686076
1,twain,1360,fitzgerald,7.289199420383999
1,twain,1360,twain,7.168284177780151
1,twain,1361,train,3.508173882961273
1,twain,1361,baum,6.963711857795715
1,twain,1361,thompson,7.771018624305725
1,twain,1361,dickens,7.162919839223226
1,twain,1361,melville,8.116673151652018
1,twain,1361,wells,7.2637325922648115
1,twain,1361,austen,6.994476874669393
1,twain,1361,fitzgerald,7.278407437460763
1,twain,1361,twain,7.16690668463707
1,twain,1362,train,3.441874563694
1,twain,1362,baum,6.977756977081299
1,twain,1362,thompson,7.7901082038879395
1,twain,1362,dickens,7.172091960906982
1,twain,1362,melville,8.132053057352701
1,twain,1362,wells,7.260053952534993
1,twain,1362,austen,7.005117257436116
1,twain,1362,fitzgerald,7.289583887372698
1,twain,1362,twain,7.163723558187485
1,twain,1363,train,3.49487578868866
1,twain,1363,baum,6.975555062294006
1,twain,1363,thompson,7.779144763946533
1,twain,1363,dickens,7.182048638661702
1,twain,1363,melville,8.123889870113796
1,twain,1363,wells,7.266477584838867
1,twain,1363,austen,7.008227984110515
1,twain,1363,fitzgerald,7.285233770098005
1,twain,1363,twain,7.159656435251236
1,twain,1364,train,3.479088604450226
1,twain,1364,baum,6.988471508026123
1,twain,1364,thompson,7.775505185127258
1,twain,1364,dickens,7.182355086008708
1,twain,1364,melville,8.112737125820583
1,twain,1364,wells,7.265762090682983
1,twain,1364,austen,7.014508088429769
1,twain,1364,fitzgerald,7.292166096823556
1,twain,1364,twain,7.158489882946014
1,twain,1365,train,3.498277246952057
1,twain,1365,baum,6.991424918174744
1,twain,1365,thompson,7.790954113006592
1,twain,1365,dickens,7.190202395121257
1,twain,1365,melville,8.135682900746664
1,twain,1365,wells,7.279554446538289
1,twain,1365,austen,7.018166462580363
1,twain,1365,fitzgerald,7.2993662016732355
1,twain,1365,twain,7.177657246589661
1,twain,1366,train,3.499757766723633
1,twain,1366,baum,6.988157391548157
1,twain,1366,thompson,7.777941346168518
1,twain,1366,dickens,7.182074387868245
1,twain,1366,melville,8.08936595916748
1,twain,1366,wells,7.278150637944539
1,twain,1366,austen,7.013326009114583
1,twain,1366,fitzgerald,7.29046276637486
1,twain,1366,twain,7.149468034505844
1,twain,1367,train,3.500157654285431
1,twain,1367,baum,6.990146994590759
1,twain,1367,thompson,7.78709352016449
1,twain,1367,dickens,7.182650089263916
1,twain,1367,melville,8.099040614234077
1,twain,1367,wells,7.271557013193767
1,twain,1367,austen,7.015605290730794
1,twain,1367,fitzgerald,7.289326054709298
1,twain,1367,twain,7.157591551542282
1,twain,1368,train,3.4863232374191284
1,twain,1368,baum,6.9773242473602295
1,twain,1368,thompson,7.795662999153137
1,twain,1368,dickens,7.178671042124431
1,twain,1368,melville,8.128351105584038
1,twain,1368,wells,7.263765652974446
1,twain,1368,austen,7.007680733998616
1,twain,1368,fitzgerald,7.285585335322788
1,twain,1368,twain,7.1736558973789215
1,twain,1369,train,3.484999418258667
1,twain,1369,baum,6.975736260414124
1,twain,1369,thompson,7.788177013397217
1,twain,1369,dickens,7.175331433614095
1,twain,1369,melville,8.118208196428087
1,twain,1369,wells,7.262622276941935
1,twain,1369,austen,7.007606983184815
1,twain,1369,fitzgerald,7.284268924168178
1,twain,1369,twain,7.170445024967194
1,twain,1370,train,3.482647657394409
1,twain,1370,baum,6.99020528793335
1,twain,1370,thompson,7.788726329803467
1,twain,1370,dickens,7.178709348042806
1,twain,1370,melville,8.094887097676596
1,twain,1370,wells,7.267903168996175
1,twain,1370,austen,7.006401618321736
1,twain,1370,fitzgerald,7.29724781853812
1,twain,1370,twain,7.153938263654709
1,twain,1371,train,3.450418353080749
1,twain,1371,baum,6.99191689491272
1,twain,1371,thompson,7.792274117469788
1,twain,1371,dickens,7.178601264953613
1,twain,1371,melville,8.103251457214355
1,twain,1371,wells,7.265326976776123
1,twain,1371,austen,7.009730815887451
1,twain,1371,fitzgerald,7.294192177908761
1,twain,1371,twain,7.162613719701767
1,twain,1372,train,3.4963539242744446
1,twain,1372,baum,6.987088322639465
1,twain,1372,thompson,7.809507250785828
1,twain,1372,dickens,7.187175432840983
1,twain,1372,melville,8.15058183670044
1,twain,1372,wells,7.27262004216512
1,twain,1372,austen,7.01654593149821
1,twain,1372,fitzgerald,7.2986649785723
1,twain,1372,twain,7.20296448469162
1,twain,1373,train,3.494012773036957
1,twain,1373,baum,7.011496305465698
1,twain,1373,thompson,7.789400696754456
1,twain,1373,dickens,7.197979768117269
1,twain,1373,melville,8.096745596991646
1,twain,1373,wells,7.283546606699626
1,twain,1373,austen,7.022744576136272
1,twain,1373,fitzgerald,7.305571487971714
1,twain,1373,twain,7.150018632411957
1,twain,1374,train,3.486323833465576
1,twain,1374,baum,7.00453245639801
1,twain,1374,thompson,7.796616077423096
1,twain,1374,dickens,7.192011992136638
1,twain,1374,melville,8.106048425038656
1,twain,1374,wells,7.283034404118855
1,twain,1374,austen,7.02523668607076
1,twain,1374,fitzgerald,7.305599893842425
1,twain,1374,twain,7.16354438662529
1,twain,1375,train,3.461614966392517
1,twain,1375,baum,6.989992618560791
1,twain,1375,thompson,7.797963976860046
1,twain,1375,dickens,7.186817328135173
1,twain,1375,melville,8.120902432335747
1,twain,1375,wells,7.2738672097524
1,twain,1375,austen,7.014551957448323
1,twain,1375,fitzgerald,7.294903210231236
1,twain,1375,twain,7.1756981909275055
1,twain,1376,train,3.4602609872818
1,twain,1376,baum,6.997885942459106
1,twain,1376,thompson,7.784354567527771
1,twain,1376,dickens,7.1829408009847
1,twain,1376,melville,8.10046026441786
1,twain,1376,wells,7.262743790944417
1,twain,1376,austen,7.008193333943685
1,twain,1376,fitzgerald,7.294356005532401
1,twain,1376,twain,7.1433224976062775
1,twain,1377,train,3.487592577934265
1,twain,1377,baum,6.992395758628845
1,twain,1377,thompson,7.78392219543457
1,twain,1377,dickens,7.189599514007568
1,twain,1377,melville,8.111724164750841
1,twain,1377,wells,7.284671306610107
1,twain,1377,austen,7.016518274943034
1,twain,1377,fitzgerald,7.298849923270089
1,twain,1377,twain,7.17168927192688
1,twain,1378,train,3.5083693861961365
1,twain,1378,baum,7.016979098320007
1,twain,1378,thompson,7.807417273521423
1,twain,1378,dickens,7.2073974609375
1,twain,1378,melville,8.12098831600613
1,twain,1378,wells,7.295858542124431
1,twain,1378,austen,7.03438933690389
1,twain,1378,fitzgerald,7.316396849496024
1,twain,1378,twain,7.169945269823074
1,twain,1379,train,3.4942634105682373
1,twain,1379,baum,6.999989867210388
1,twain,1379,thompson,7.819685459136963
1,twain,1379,dickens,7.196106592814128
1,twain,1379,melville,8.166759014129639
1,twain,1379,wells,7.28949252764384
1,twain,1379,austen,7.0304107666015625
1,twain,1379,fitzgerald,7.316969054085868
1,twain,1379,twain,7.187319606542587
1,twain,1380,train,3.466513991355896
1,twain,1380,baum,6.9962992668151855
1,twain,1380,thompson,7.815030932426453
1,twain,1380,dickens,7.194618701934815
1,twain,1380,melville,8.163745244344076
1,twain,1380,wells,7.288506746292114
1,twain,1380,austen,7.026485919952393
1,twain,1380,fitzgerald,7.313014507293701
1,twain,1380,twain,7.194029718637466
1,twain,1381,train,3.4698351621627808
1,twain,1381,baum,7.0088887214660645
1,twain,1381,thompson,7.819199800491333
1,twain,1381,dickens,7.202904065450032
1,twain,1381,melville,8.143181376987034
1,twain,1381,wells,7.294007460276286
1,twain,1381,austen,7.038469870885213
1,twain,1381,fitzgerald,7.317461013793945
1,twain,1381,twain,7.184513449668884
1,twain,1382,train,3.468814790248871
1,twain,1382,baum,7.002914667129517
1,twain,1382,thompson,7.810160040855408
1,twain,1382,dickens,7.2004984219868975
1,twain,1382,melville,8.138635529412163
1,twain,1382,wells,7.285203695297241
1,twain,1382,austen,7.030012369155884
1,twain,1382,fitzgerald,7.312398774283273
1,twain,1382,twain,7.180983603000641
1,twain,1383,train,3.514392673969269
1,twain,1383,baum,7.014386892318726
1,twain,1383,thompson,7.803731203079224
1,twain,1383,dickens,7.214732646942139
1,twain,1383,melville,8.129789299435085
1,twain,1383,wells,7.307012478510539
1,twain,1383,austen,7.041655540466309
1,twain,1383,fitzgerald,7.321415288107736
1,twain,1383,twain,7.169751793146133
1,twain,1384,train,3.448326051235199
1,twain,1384,baum,6.999788165092468
1,twain,1384,thompson,7.809920191764831
1,twain,1384,dickens,7.205297152201335
1,twain,1384,melville,8.161727163526747
1,twain,1384,wells,7.29061237970988
1,twain,1384,austen,7.035586595535278
1,twain,1384,fitzgerald,7.314998286111014
1,twain,1384,twain,7.19123962521553
1,twain,1385,train,3.4378654956817627
1,twain,1385,baum,7.011573433876038
1,twain,1385,thompson,7.802572250366211
1,twain,1385,dickens,7.204437732696533
1,twain,1385,melville,8.111401716868082
1,twain,1385,wells,7.298483212788899
1,twain,1385,austen,7.033740917841594
1,twain,1385,fitzgerald,7.315919467381069
1,twain,1385,twain,7.168798327445984
1,twain,1386,train,3.4559842944145203
1,twain,1386,baum,7.02058482170105
1,twain,1386,thompson,7.813966274261475
1,twain,1386,dickens,7.209193388621013
1,twain,1386,melville,8.118066257900661
1,twain,1386,wells,7.302862485249837
1,twain,1386,austen,7.043509801228841
1,twain,1386,fitzgerald,7.318741253444126
1,twain,1386,twain,7.169854819774628
1,twain,1387,train,3.4574878811836243
1,twain,1387,baum,7.015360832214356
1,twain,1387,thompson,7.809387564659119
1,twain,1387,dickens,7.203976313273112
1,twain,1387,melville,8.135346359676785
1,twain,1387,wells,7.299461285273234
1,twain,1387,austen,7.0444473425547285
1,twain,1387,fitzgerald,7.317695753914969
1,twain,1387,twain,7.174646615982056
1,twain,1388,train,3.4511018991470337
1,twain,1388,baum,7.014071941375732
1,twain,1388,thompson,7.797676920890808
1,twain,1388,dickens,7.209308942159017
1,twain,1388,melville,8.114429791768393
1,twain,1388,wells,7.306848923365275
1,twain,1388,austen,7.041599829991658
1,twain,1388,fitzgerald,7.320854595729282
1,twain,1388,twain,7.160085767507553
1,twain,1389,train,3.4742671847343445
1,twain,1389,baum,7.0040775537490845
1,twain,1389,thompson,7.797950744628906
1,twain,1389,dickens,7.198629220326741
1,twain,1389,melville,8.130475997924805
1,twain,1389,wells,7.290166060129802
1,twain,1389,austen,7.034599224726359
1,twain,1389,fitzgerald,7.309737137385777
1,twain,1389,twain,7.174240678548813
1,twain,1390,train,3.44905698299408
1,twain,1390,baum,6.996882915496826
1,twain,1390,thompson,7.796083092689514
1,twain,1390,dickens,7.185933589935303
1,twain,1390,melville,8.131744649675158
1,twain,1390,wells,7.277282635370891
1,twain,1390,austen,7.022629181543986
1,twain,1390,fitzgerald,7.306157452719552
1,twain,1390,twain,7.182279527187347
1,twain,1391,train,3.4864100217819214
1,twain,1391,baum,7.022510409355164
1,twain,1391,thompson,7.810952186584473
1,twain,1391,dickens,7.211648305257161
1,twain,1391,melville,8.123812622494167
1,twain,1391,wells,7.301167805989583
1,twain,1391,austen,7.041577577590942
1,twain,1391,fitzgerald,7.328704425266811
1,twain,1391,twain,7.168820947408676
1,twain,1392,train,3.4495558738708496
1,twain,1392,baum,7.009142875671387
1,twain,1392,thompson,7.796425461769104
1,twain,1392,dickens,7.204071521759033
1,twain,1392,melville,8.11866807937622
1,twain,1392,wells,7.296539386113484
1,twain,1392,austen,7.044583559036255
1,twain,1392,fitzgerald,7.320599692208426
1,twain,1392,twain,7.171588957309723
1,twain,1393,train,3.454370081424713
1,twain,1393,baum,7.007044553756714
1,twain,1393,thompson,7.825215339660644
1,twain,1393,dickens,7.209078152974446
1,twain,1393,melville,8.17383231057061
1,twain,1393,wells,7.293737729390462
1,twain,1393,austen,7.049147446950276
1,twain,1393,fitzgerald,7.32792820249285
1,twain,1393,twain,7.203741490840912
1,twain,1394,train,3.433656930923462
1,twain,1394,baum,7.01754629611969
1,twain,1394,thompson,7.811686992645264
1,twain,1394,dickens,7.210910638173421
1,twain,1394,melville,8.131999757554796
1,twain,1394,wells,7.310914913813273
1,twain,1394,austen,7.045346975326538
1,twain,1394,fitzgerald,7.331055845533099
1,twain,1394,twain,7.178225010633469
1,twain,1395,train,3.451193034648896
1,twain,1395,baum,7.017223119735718
1,twain,1395,thompson,7.827893495559692
1,twain,1395,dickens,7.21859868367513
1,twain,1395,melville,8.151473469204372
1,twain,1395,wells,7.308854738871257
1,twain,1395,austen,7.049429416656494
1,twain,1395,fitzgerald,7.33168854032244
1,twain,1395,twain,7.196492791175842
1,twain,1396,train,3.448150217533112
1,twain,1396,baum,7.033302187919617
1,twain,1396,thompson,7.811063289642334
1,twain,1396,dickens,7.233307202657063
1,twain,1396,melville,8.137458324432373
1,twain,1396,wells,7.322475910186768
1,twain,1396,austen,7.059004704157512
1,twain,1396,fitzgerald,7.343289511544364
1,twain,1396,twain,7.175215721130371
1,twain,1397,train,3.464892268180847
1,twain,1397,baum,7.016369462013245
1,twain,1397,thompson,7.812987923622131
1,twain,1397,dickens,7.214674949645996
1,twain,1397,melville,8.132678826649984
1,twain,1397,wells,7.302969535191853
1,twain,1397,austen,7.043750603993733
1,twain,1397,fitzgerald,7.331617150987897
1,twain,1397,twain,7.17278915643692
1,twain,1398,train,3.4676029086112976
1,twain,1398,baum,7.022956013679504
1,twain,1398,thompson,7.81648313999176
1,twain,1398,dickens,7.212303002675374
1,twain,1398,melville,8.116896311442057
1,twain,1398,wells,7.313317775726318
1,twain,1398,austen,7.0484161376953125
1,twain,1398,fitzgerald,7.329611914498465
1,twain,1398,twain,7.174137234687805
1,twain,1399,train,3.424831986427307
1,twain,1399,baum,7.020780563354492
1,twain,1399,thompson,7.8255908489227295
1,twain,1399,dickens,7.220729033152263
1,twain,1399,melville,8.141260517968071
1,twain,1399,wells,7.31534743309021
1,twain,1399,austen,7.048344214757283
1,twain,1399,fitzgerald,7.330421992710659
1,twain,1399,twain,7.196010529994965
1,twain,1400,train,3.4135009050369263
1,twain,1400,baum,7.03135073184967
1,twain,1400,thompson,7.81412398815155
1,twain,1400,dickens,7.227706591288249
1,twain,1400,melville,8.115185366736519
1,twain,1400,wells,7.325076818466186
1,twain,1400,austen,7.058175166447957
1,twain,1400,fitzgerald,7.335412638528006
1,twain,1400,twain,7.17869570851326
1,twain,1401,train,3.4645018577575684
1,twain,1401,baum,7.032122731208801
1,twain,1401,thompson,7.835604190826416
1,twain,1401,dickens,7.229745546976726
1,twain,1401,melville,8.156516128116184
1,twain,1401,wells,7.317648251851399
1,twain,1401,austen,7.060998519261678
1,twain,1401,fitzgerald,7.337875093732562
1,twain,1401,twain,7.19771346449852
1,twain,1402,train,3.411825954914093
1,twain,1402,baum,7.035098195075989
1,twain,1402,thompson,7.835701107978821
1,twain,1402,dickens,7.234504699707031
1,twain,1402,melville,8.14900573094686
1,twain,1402,wells,7.321229219436645
1,twain,1402,austen,7.0598000685373945
1,twain,1402,fitzgerald,7.338102204459054
1,twain,1402,twain,7.184977471828461
1,twain,1403,train,3.4090462923049927
1,twain,1403,baum,7.039311170578003
1,twain,1403,thompson,7.850595831871033
1,twain,1403,dickens,7.238333861033122
1,twain,1403,melville,8.169393751356337
1,twain,1403,wells,7.339297612508138
1,twain,1403,austen,7.06818691889445
1,twain,1403,fitzgerald,7.353910105569022
1,twain,1403,twain,7.206473767757416
1,twain,1404,train,3.415663957595825
1,twain,1404,baum,7.032408356666565
1,twain,1404,thompson,7.844189047813415
1,twain,1404,dickens,7.236419836680095
1,twain,1404,melville,8.182866732279459
1,twain,1404,wells,7.325963656107585
1,twain,1404,austen,7.065888245900472
1,twain,1404,fitzgerald,7.353521415165493
1,twain,1404,twain,7.2135409116744995
1,twain,1405,train,3.414283573627472
1,twain,1405,baum,7.031521201133728
1,twain,1405,thompson,7.844052672386169
1,twain,1405,dickens,7.231345494588216
1,twain,1405,melville,8.18741904364692
1,twain,1405,wells,7.334765752156575
1,twain,1405,austen,7.066264629364014
1,twain,1405,fitzgerald,7.353813580104282
1,twain,1405,twain,7.22256001830101
1,twain,1406,train,3.421114265918732
1,twain,1406,baum,7.0208340883255005
1,twain,1406,thompson,7.8401219844818115
1,twain,1406,dickens,7.225027561187744
1,twain,1406,melville,8.189034779866537
1,twain,1406,wells,7.330316305160522
1,twain,1406,austen,7.060344696044922
1,twain,1406,fitzgerald,7.344840322222028
1,twain,1406,twain,7.217649519443512
1,twain,1407,train,3.4079467058181763
1,twain,1407,baum,7.03827691078186
1,twain,1407,thompson,7.844952583312988
1,twain,1407,dickens,7.234456380208333
1,twain,1407,melville,8.175300704108345
1,twain,1407,wells,7.323036352793376
1,twain,1407,austen,7.069624503453572
1,twain,1407,fitzgerald,7.349283150264195
1,twain,1407,twain,7.217878311872482
1,twain,1408,train,3.438169240951538
1,twain,1408,baum,7.047644734382629
1,twain,1408,thompson,7.833988428115845
1,twain,1408,dickens,7.246652126312256
1,twain,1408,melville,8.149755636850992
1,twain,1408,wells,7.340270678202311
1,twain,1408,austen,7.073347012201945
1,twain,1408,fitzgerald,7.358226503644671
1,twain,1408,twain,7.188476204872131
1,twain,1409,train,3.46210253238678
1,twain,1409,baum,7.038539052009583
1,twain,1409,thompson,7.839749813079834
1,twain,1409,dickens,7.236613591512044
1,twain,1409,melville,8.18271361456977
1,twain,1409,wells,7.329431454340617
1,twain,1409,austen,7.072615226109822
1,twain,1409,fitzgerald,7.350647381373814
1,twain,1409,twain,7.207461506128311
1,twain,1410,train,3.4181870222091675
1,twain,1410,baum,7.036419630050659
1,twain,1410,thompson,7.8307870626449585
1,twain,1410,dickens,7.247467517852783
1,twain,1410,melville,8.162446233961317
1,twain,1410,wells,7.332894484202067
1,twain,1410,austen,7.0699334144592285
1,twain,1410,fitzgerald,7.344900063105991
1,twain,1410,twain,7.20395827293396
1,twain,1411,train,3.425006508827209
1,twain,1411,baum,7.039530396461487
1,twain,1411,thompson,7.820782542228699
1,twain,1411,dickens,7.230382442474365
1,twain,1411,melville,8.11440822813246
1,twain,1411,wells,7.3278173605601
1,twain,1411,austen,7.063764492670695
1,twain,1411,fitzgerald,7.340292590005057
1,twain,1411,twain,7.169211030006409
1,twain,1412,train,3.398042500019073
1,twain,1412,baum,7.054065585136414
1,twain,1412,thompson,7.834238290786743
1,twain,1412,dickens,7.240328788757324
1,twain,1412,melville,8.133770571814644
1,twain,1412,wells,7.344396909077962
1,twain,1412,austen,7.0792787075042725
1,twain,1412,fitzgerald,7.354229858943394
1,twain,1412,twain,7.1903155744075775
1,twain,1413,train,3.4501933455467224
1,twain,1413,baum,7.04717493057251
1,twain,1413,thompson,7.84407103061676
1,twain,1413,dickens,7.24053955078125
1,twain,1413,melville,8.150045447879368
1,twain,1413,wells,7.326974789301555
1,twain,1413,austen,7.0718395709991455
1,twain,1413,fitzgerald,7.356525353022984
1,twain,1413,twain,7.189270615577698
1,twain,1414,train,3.4306159615516663
1,twain,1414,baum,7.063745856285095
1,twain,1414,thompson,7.84989869594574
1,twain,1414,dickens,7.262132326761882
1,twain,1414,melville,8.152991241878933
1,twain,1414,wells,7.364992062250773
1,twain,1414,austen,7.095929066340129
1,twain,1414,fitzgerald,7.368567602975028
1,twain,1414,twain,7.200294554233551
1,twain,1415,train,3.413325846195221
1,twain,1415,baum,7.051156401634216
1,twain,1415,thompson,7.859203100204468
1,twain,1415,dickens,7.24081023534139
1,twain,1415,melville,8.169912391238743
1,twain,1415,wells,7.339359919230143
1,twain,1415,austen,7.080606619517009
1,twain,1415,fitzgerald,7.365067141396659
1,twain,1415,twain,7.202020764350891
1,twain,1416,train,3.410935699939728
1,twain,1416,baum,7.0487220287323
1,twain,1416,thompson,7.854116678237915
1,twain,1416,dickens,7.237069288889567
1,twain,1416,melville,8.182067394256592
1,twain,1416,wells,7.338930209477742
1,twain,1416,austen,7.079371054967244
1,twain,1416,fitzgerald,7.356365544455392
1,twain,1416,twain,7.217335104942322
1,twain,1417,train,3.3948150873184204
1,twain,1417,baum,7.055753231048584
1,twain,1417,thompson,7.863899230957031
1,twain,1417,dickens,7.248677571614583
1,twain,1417,melville,8.181626319885254
1,twain,1417,wells,7.342537085215251
1,twain,1417,austen,7.080599149068196
1,twain,1417,fitzgerald,7.366076605660575
1,twain,1417,twain,7.2134710252285
1,twain,1418,train,3.3717183470726013
1,twain,1418,baum,7.051255106925964
1,twain,1418,thompson,7.840054273605347
1,twain,1418,dickens,7.257097403208415
1,twain,1418,melville,8.154530790117052
1,twain,1418,wells,7.349682966868083
1,twain,1418,austen,7.086531082789104
1,twain,1418,fitzgerald,7.358137471335275
1,twain,1418,twain,7.203412443399429
1,twain,1419,train,3.389455318450928
1,twain,1419,baum,7.041141986846924
1,twain,1419,thompson,7.845061063766479
1,twain,1419,dickens,7.245029449462891
1,twain,1419,melville,8.160774601830376
1,twain,1419,wells,7.334040800730388
1,twain,1419,austen,7.074668486913045
1,twain,1419,fitzgerald,7.355230467660086
1,twain,1419,twain,7.206843227148056
1,twain,1420,train,3.430882155895233
1,twain,1420,baum,7.0325623750686646
1,twain,1420,thompson,7.852422595024109
1,twain,1420,dickens,7.235587437947591
1,twain,1420,melville,8.173644330766466
1,twain,1420,wells,7.33377210299174
1,twain,1420,austen,7.065738677978516
1,twain,1420,fitzgerald,7.350427559443882
1,twain,1420,twain,7.223301261663437
1,twain,1421,train,3.340999126434326
1,twain,1421,baum,7.043320775032044
1,twain,1421,thompson,7.87732470035553
1,twain,1421,dickens,7.244099299112956
1,twain,1421,melville,8.205337630377876
1,twain,1421,wells,7.334378560384114
1,twain,1421,austen,7.07695206006368
1,twain,1421,fitzgerald,7.365134307316372
1,twain,1421,twain,7.238869994878769
1,twain,1422,train,3.3738831877708435
1,twain,1422,baum,7.071786165237427
1,twain,1422,thompson,7.8440021276474
1,twain,1422,dickens,7.256691614786784
1,twain,1422,melville,8.133013248443604
1,twain,1422,wells,7.351371685663859
1,twain,1422,austen,7.086968342463176
1,twain,1422,fitzgerald,7.367719037192208
1,twain,1422,twain,7.183320134878159
1,twain,1423,train,3.4323846101760864
1,twain,1423,baum,7.041524887084961
1,twain,1423,thompson,7.855033993721008
1,twain,1423,dickens,7.234505335489909
1,twain,1423,melville,8.178118387858072
1,twain,1423,wells,7.3265790939331055
1,twain,1423,austen,7.065277496973674
1,twain,1423,fitzgerald,7.347510542188372
1,twain,1423,twain,7.226869285106659
1,twain,1424,train,3.4078975915908813
1,twain,1424,baum,7.046281695365906
1,twain,1424,thompson,7.841102242469788
1,twain,1424,dickens,7.246916770935059
1,twain,1424,melville,8.158513916863335
1,twain,1424,wells,7.341480016708374
1,twain,1424,austen,7.074381987253825
1,twain,1424,fitzgerald,7.352185521806989
1,twain,1424,twain,7.209656119346619
1,twain,1425,train,3.362625002861023
1,twain,1425,baum,7.044875621795654
1,twain,1425,thompson,7.850604772567749
1,twain,1425,dickens,7.246163845062256
1,twain,1425,melville,8.176267994774712
1,twain,1425,wells,7.339583396911621
1,twain,1425,austen,7.083659966786702
1,twain,1425,fitzgerald,7.352841717856271
1,twain,1425,twain,7.232430011034012
1,twain,1426,train,3.3821022510528564
1,twain,1426,baum,7.050036907196045
1,twain,1426,thompson,7.845420837402344
1,twain,1426,dickens,7.250967820485433
1,twain,1426,melville,8.151739491356743
1,twain,1426,wells,7.342995802561442
1,twain,1426,austen,7.080699364344279
1,twain,1426,fitzgerald,7.3555779457092285
1,twain,1426,twain,7.206668257713318
1,twain,1427,train,3.3302544355392456
1,twain,1427,baum,7.06214714050293
1,twain,1427,thompson,7.838714361190796
1,twain,1427,dickens,7.249662399291992
1,twain,1427,melville,8.135824574364555
1,twain,1427,wells,7.344077984491984
1,twain,1427,austen,7.08642315864563
1,twain,1427,fitzgerald,7.35733209337507
1,twain,1427,twain,7.191934108734131
1,twain,1428,train,3.3996497988700867
1,twain,1428,baum,7.058629870414734
1,twain,1428,thompson,7.875247240066528
1,twain,1428,dickens,7.2588480313618975
1,twain,1428,melville,8.213430616590712
1,twain,1428,wells,7.346041043599446
1,twain,1428,austen,7.090434471766154
1,twain,1428,fitzgerald,7.367748056139264
1,twain,1428,twain,7.24095144867897
1,twain,1429,train,3.41000771522522
1,twain,1429,baum,7.073676824569702
1,twain,1429,thompson,7.854248762130737
1,twain,1429,dickens,7.259307861328125
1,twain,1429,melville,8.148395856221518
1,twain,1429,wells,7.354233582814534
1,twain,1429,austen,7.087078889211019
1,twain,1429,fitzgerald,7.37384693963187
1,twain,1429,twain,7.1886241137981415
1,twain,1430,train,3.385822713375092
1,twain,1430,baum,7.07511842250824
1,twain,1430,thompson,7.853157877922058
1,twain,1430,dickens,7.261045455932617
1,twain,1430,melville,8.14007043838501
1,twain,1430,wells,7.361671765645345
1,twain,1430,austen,7.098546107610066
1,twain,1430,fitzgerald,7.3743463924952914
1,twain,1430,twain,7.189971625804901
1,twain,1431,train,3.3962576389312744
1,twain,1431,baum,7.067275881767273
1,twain,1431,thompson,7.88252854347229
1,twain,1431,dickens,7.266221364339192
1,twain,1431,melville,8.184616777631971
1,twain,1431,wells,7.358460187911987
1,twain,1431,austen,7.098504543304443
1,twain,1431,fitzgerald,7.381553036825998
1,twain,1431,twain,7.225788712501526
1,twain,1432,train,3.4039666056633
1,twain,1432,baum,7.064341068267822
1,twain,1432,thompson,7.859978795051575
1,twain,1432,dickens,7.259459177652995
1,twain,1432,melville,8.148531754811605
1,twain,1432,wells,7.358825047810872
1,twain,1432,austen,7.097563902537028
1,twain,1432,fitzgerald,7.375117846897671
1,twain,1432,twain,7.204158067703247
1,twain,1433,train,3.4043638706207275
1,twain,1433,baum,7.066894769668579
1,twain,1433,thompson,7.870495676994324
1,twain,1433,dickens,7.264318943023682
1,twain,1433,melville,8.171072271135118
1,twain,1433,wells,7.3636852105458575
1,twain,1433,austen,7.100529034932454
1,twain,1433,fitzgerald,7.380294459206717
1,twain,1433,twain,7.219623476266861
1,twain,1434,train,3.416033089160919
1,twain,1434,baum,7.066529631614685
1,twain,1434,thompson,7.874523282051086
1,twain,1434,dickens,7.255587895711263
1,twain,1434,melville,8.171711868709988
1,twain,1434,wells,7.343869527180989
1,twain,1434,austen,7.089161237080892
1,twain,1434,fitzgerald,7.375598158155169
1,twain,1434,twain,7.212066262960434
1,twain,1435,train,3.3615092635154724
1,twain,1435,baum,7.053614020347595
1,twain,1435,thompson,7.883839011192322
1,twain,1435,dickens,7.25081221262614
1,twain,1435,melville,8.215372986263699
1,twain,1435,wells,7.348607699076335
1,twain,1435,austen,7.087095896402995
1,twain,1435,fitzgerald,7.371533530099051
1,twain,1435,twain,7.257032662630081
1,twain,1436,train,3.400931715965271
1,twain,1436,baum,7.065936088562012
1,twain,1436,thompson,7.883925914764404
1,twain,1436,dickens,7.268139839172363
1,twain,1436,melville,8.198770470089382
1,twain,1436,wells,7.35474681854248
1,twain,1436,austen,7.093495766321818
1,twain,1436,fitzgerald,7.380976336342948
1,twain,1436,twain,7.236297160387039
1,twain,1437,train,3.379452407360077
1,twain,1437,baum,7.083568572998047
1,twain,1437,thompson,7.878173112869263
1,twain,1437,dickens,7.275847434997559
1,twain,1437,melville,8.177981270684135
1,twain,1437,wells,7.376934130986531
1,twain,1437,austen,7.116676886876424
1,twain,1437,fitzgerald,7.3960996355329245
1,twain,1437,twain,7.213789075613022
1,twain,1438,train,3.353224515914917
1,twain,1438,baum,7.061287522315979
1,twain,1438,thompson,7.858381390571594
1,twain,1438,dickens,7.264258861541748
1,twain,1438,melville,8.18292130364312
1,twain,1438,wells,7.367317120234172
1,twain,1438,austen,7.0972161293029785
1,twain,1438,fitzgerald,7.3757941382271905
1,twain,1438,twain,7.230514883995056
1,twain,1439,train,3.3684105277061462
1,twain,1439,baum,7.079618573188782
1,twain,1439,thompson,7.886129021644592
1,twain,1439,dickens,7.268591403961182
1,twain,1439,melville,8.209485530853271
1,twain,1439,wells,7.374165296554565
1,twain,1439,austen,7.10704509417216
1,twain,1439,fitzgerald,7.394998482295445
1,twain,1439,twain,7.234328389167786
1,twain,1440,train,3.369787812232971
1,twain,1440,baum,7.080811381340027
1,twain,1440,thompson,7.880254507064819
1,twain,1440,dickens,7.274704933166504
1,twain,1440,melville,8.217421372731527
1,twain,1440,wells,7.368474880854289
1,twain,1440,austen,7.103075822194417
1,twain,1440,fitzgerald,7.384027481079102
1,twain,1440,twain,7.240292578935623
1,twain,1441,train,3.397866785526276
1,twain,1441,baum,7.06211256980896
1,twain,1441,thompson,7.904913306236267
1,twain,1441,dickens,7.261172453562419
1,twain,1441,melville,8.266708162095812
1,twain,1441,wells,7.363012552261352
1,twain,1441,austen,7.095390955607097
1,twain,1441,fitzgerald,7.38902997970581
1,twain,1441,twain,7.275709450244904
1,twain,1442,train,3.3528892397880554
1,twain,1442,baum,7.074561238288879
1,twain,1442,thompson,7.883015036582947
1,twain,1442,dickens,7.274504661560059
1,twain,1442,melville,8.217055585649279
1,twain,1442,wells,7.370489597320557
1,twain,1442,austen,7.1001611550649
1,twain,1442,fitzgerald,7.384591170719692
1,twain,1442,twain,7.250536888837814
1,twain,1443,train,3.398117780685425
1,twain,1443,baum,7.059191823005676
1,twain,1443,thompson,7.875474691390991
1,twain,1443,dickens,7.25688362121582
1,twain,1443,melville,8.203355312347412
1,twain,1443,wells,7.356008211771647
1,twain,1443,austen,7.094577630360921
1,twain,1443,fitzgerald,7.380832127162388
1,twain,1443,twain,7.238490790128708
1,twain,1444,train,3.3609808683395386
1,twain,1444,baum,7.056805729866028
1,twain,1444,thompson,7.874537467956543
1,twain,1444,dickens,7.254234155019124
1,twain,1444,melville,8.213251378801134
1,twain,1444,wells,7.358650763829549
1,twain,1444,austen,7.09330169359843
1,twain,1444,fitzgerald,7.376593726021903
1,twain,1444,twain,7.239697337150574
1,twain,1445,train,3.3473740220069885
1,twain,1445,baum,7.078583598136902
1,twain,1445,thompson,7.877270817756653
1,twain,1445,dickens,7.26691468556722
1,twain,1445,melville,8.184787220425076
1,twain,1445,wells,7.376710255940755
1,twain,1445,austen,7.106840054194133
1,twain,1445,fitzgerald,7.386857032775879
1,twain,1445,twain,7.228948175907135
1,twain,1446,train,3.3997008204460144
1,twain,1446,baum,7.089901328086853
1,twain,1446,thompson,7.880843281745911
1,twain,1446,dickens,7.295523802439372
1,twain,1446,melville,8.185795042249891
1,twain,1446,wells,7.3970028559366865
1,twain,1446,austen,7.121331532796224
1,twain,1446,fitzgerald,7.3923443385532925
1,twain,1446,twain,7.236597716808319
1,twain,1447,train,3.357782244682312
1,twain,1447,baum,7.0571608543396
1,twain,1447,thompson,7.862653374671936
1,twain,1447,dickens,7.260515213012695
1,twain,1447,melville,8.180014504326714
1,twain,1447,wells,7.357140938440959
1,twain,1447,austen,7.088442325592041
1,twain,1447,fitzgerald,7.372710159846714
1,twain,1447,twain,7.2287149131298065
1,twain,1448,train,3.345978915691376
1,twain,1448,baum,7.084691166877747
1,twain,1448,thompson,7.883635997772217
1,twain,1448,dickens,7.278939882914226
1,twain,1448,melville,8.197431405385336
1,twain,1448,wells,7.383656660715739
1,twain,1448,austen,7.116819063822429
1,twain,1448,fitzgerald,7.39016900743757
1,twain,1448,twain,7.239428728818893
1,twain,1449,train,3.378771245479584
1,twain,1449,baum,7.095733165740967
1,twain,1449,thompson,7.882323503494263
1,twain,1449,dickens,7.287916660308838
1,twain,1449,melville,8.18580887052748
1,twain,1449,wells,7.401800076166789
1,twain,1449,austen,7.122185389200847
1,twain,1449,fitzgerald,7.4021613257271905
1,twain,1449,twain,7.2300190925598145
1,twain,1450,train,3.359313905239105
1,twain,1450,baum,7.074674129486084
1,twain,1450,thompson,7.90562641620636
1,twain,1450,dickens,7.266903082529704
1,twain,1450,melville,8.225963804456923
1,twain,1450,wells,7.380251407623291
1,twain,1450,austen,7.100716431935628
1,twain,1450,fitzgerald,7.395484788077218
1,twain,1450,twain,7.267310470342636
1,twain,1451,train,3.351188540458679
1,twain,1451,baum,7.075345635414124
1,twain,1451,thompson,7.884459972381592
1,twain,1451,dickens,7.268388430277507
1,twain,1451,melville,8.192389806111654
1,twain,1451,wells,7.375555117925008
1,twain,1451,austen,7.104453802108765
1,twain,1451,fitzgerald,7.385137489863804
1,twain,1451,twain,7.242754369974136
1,twain,1452,train,3.328147113323212
1,twain,1452,baum,7.099123477935791
1,twain,1452,thompson,7.898989081382751
1,twain,1452,dickens,7.286207358042399
1,twain,1452,melville,8.212667147318522
1,twain,1452,wells,7.39775538444519
1,twain,1452,austen,7.118639628092448
1,twain,1452,fitzgerald,7.407316276005337
1,twain,1452,twain,7.240196973085403
1,twain,1453,train,3.3860411047935486
1,twain,1453,baum,7.088447451591492
1,twain,1453,thompson,7.895218729972839
1,twain,1453,dickens,7.280320803324382
1,twain,1453,melville,8.217584980858696
1,twain,1453,wells,7.379147132237752
1,twain,1453,austen,7.111550013224284
1,twain,1453,fitzgerald,7.394345760345459
1,twain,1453,twain,7.241888135671616
1,twain,1454,train,3.320234179496765
1,twain,1454,baum,7.1052350997924805
1,twain,1454,thompson,7.913379907608032
1,twain,1454,dickens,7.30134391784668
1,twain,1454,melville,8.238535669114855
1,twain,1454,wells,7.406468391418457
1,twain,1454,austen,7.127282619476318
1,twain,1454,fitzgerald,7.417644773210798
1,twain,1454,twain,7.269138336181641
1,twain,1455,train,3.328232705593109
1,twain,1455,baum,7.11039137840271
1,twain,1455,thompson,7.885965228080749
1,twain,1455,dickens,7.297180493672688
1,twain,1455,melville,8.188675138685438
1,twain,1455,wells,7.388523976008098
1,twain,1455,austen,7.1244815190633135
1,twain,1455,fitzgerald,7.403563431331089
1,twain,1455,twain,7.224715650081634
1,twain,1456,train,3.353313446044922
1,twain,1456,baum,7.110414266586304
1,twain,1456,thompson,7.895284056663513
1,twain,1456,dickens,7.288539091746013
1,twain,1456,melville,8.196292771233452
1,twain,1456,wells,7.393984238306682
1,twain,1456,austen,7.123881896336873
1,twain,1456,fitzgerald,7.408667155674526
1,twain,1456,twain,7.226102501153946
1,twain,1457,train,3.3269892930984497
1,twain,1457,baum,7.098479509353638
1,twain,1457,thompson,7.909586310386658
1,twain,1457,dickens,7.286126454671224
1,twain,1457,melville,8.22273302078247
1,twain,1457,wells,7.389515002568562
1,twain,1457,austen,7.121859709421794
1,twain,1457,fitzgerald,7.405143805912563
1,twain,1457,twain,7.253222614526749
1,twain,1458,train,3.3382561802864075
1,twain,1458,baum,7.095466494560242
1,twain,1458,thompson,7.890153765678406
1,twain,1458,dickens,7.281139850616455
1,twain,1458,melville,8.213736004299587
1,twain,1458,wells,7.397325913111369
1,twain,1458,austen,7.124185721079509
1,twain,1458,fitzgerald,7.408587387629917
1,twain,1458,twain,7.244803816080093
1,twain,1459,train,3.3472779393196106
1,twain,1459,baum,7.094412207603455
1,twain,1459,thompson,7.904306173324585
1,twain,1459,dickens,7.281204700469971
1,twain,1459,melville,8.242510053846571
1,twain,1459,wells,7.384792248408
1,twain,1459,austen,7.125569502512614
1,twain,1459,fitzgerald,7.404792581285749
1,twain,1459,twain,7.265006601810455
1,twain,1460,train,3.350002884864807
1,twain,1460,baum,7.085752844810486
1,twain,1460,thompson,7.898006439208984
1,twain,1460,dickens,7.275231043497722
1,twain,1460,melville,8.226157612270779
1,twain,1460,wells,7.382823785146077
1,twain,1460,austen,7.125537872314453
1,twain,1460,fitzgerald,7.403003352028983
1,twain,1460,twain,7.254546672105789
1,twain,1461,train,3.3177570104599
1,twain,1461,baum,7.106232762336731
1,twain,1461,thompson,7.898870468139648
1,twain,1461,dickens,7.294732411702474
1,twain,1461,melville,8.196315500471327
1,twain,1461,wells,7.398657560348511
1,twain,1461,austen,7.130200227101644
1,twain,1461,fitzgerald,7.409842559269497
1,twain,1461,twain,7.239346534013748
1,twain,1462,train,3.3373205065727234
1,twain,1462,baum,7.13306725025177
1,twain,1462,thompson,7.896157026290893
1,twain,1462,dickens,7.316305001576741
1,twain,1462,melville,8.172141604953342
1,twain,1462,wells,7.429091056187947
1,twain,1462,austen,7.147637605667114
1,twain,1462,fitzgerald,7.431967258453369
1,twain,1462,twain,7.214210450649261
1,twain,1463,train,3.3344308733940125
1,twain,1463,baum,7.0874974727630615
1,twain,1463,thompson,7.89197564125061
1,twain,1463,dickens,7.288020610809326
1,twain,1463,melville,8.233813497755262
1,twain,1463,wells,7.387423197428386
1,twain,1463,austen,7.119654099146525
1,twain,1463,fitzgerald,7.404135159083775
1,twain,1463,twain,7.260890245437622
1,twain,1464,train,3.3013176918029785
1,twain,1464,baum,7.09524142742157
1,twain,1464,thompson,7.90937352180481
1,twain,1464,dickens,7.298483212788899
1,twain,1464,melville,8.24176878399319
1,twain,1464,wells,7.38635762532552
1,twain,1464,austen,7.1361048221588135
1,twain,1464,fitzgerald,7.406715188707624
1,twain,1464,twain,7.26974618434906
1,twain,1465,train,3.324377357959748
1,twain,1465,baum,7.113551616668701
1,twain,1465,thompson,7.89686918258667
1,twain,1465,dickens,7.306485176086426
1,twain,1465,melville,8.203615612453884
1,twain,1465,wells,7.405386288960774
1,twain,1465,austen,7.136586825052897
1,twain,1465,fitzgerald,7.419681753431048
1,twain,1465,twain,7.236163079738617
1,twain,1466,train,3.351851344108581
1,twain,1466,baum,7.116177439689636
1,twain,1466,thompson,7.916086316108704
1,twain,1466,dickens,7.310391902923584
1,twain,1466,melville,8.233979913923475
1,twain,1466,wells,7.411527872085571
1,twain,1466,austen,7.142711957295735
1,twain,1466,fitzgerald,7.428952966417585
1,twain,1466,twain,7.2705395221710205
1,twain,1467,train,3.332833409309387
1,twain,1467,baum,7.105484485626221
1,twain,1467,thompson,7.917351245880127
1,twain,1467,dickens,7.293969631195068
1,twain,1467,melville,8.2414247724745
1,twain,1467,wells,7.388831297556559
1,twain,1467,austen,7.13526972134908
1,twain,1467,fitzgerald,7.413007804325649
1,twain,1467,twain,7.266166687011719
1,twain,1468,train,3.336953818798065
1,twain,1468,baum,7.091381669044495
1,twain,1468,thompson,7.887592315673828
1,twain,1468,dickens,7.298901240030925
1,twain,1468,melville,8.216451750861275
1,twain,1468,wells,7.388297875722249
1,twain,1468,austen,7.117138544718425
1,twain,1468,fitzgerald,7.407951763698032
1,twain,1468,twain,7.255297034978867
1,twain,1469,train,3.275753080844879
1,twain,1469,baum,7.114058256149292
1,twain,1469,thompson,7.89361560344696
1,twain,1469,dickens,7.314228693644206
1,twain,1469,melville,8.220234553019205
1,twain,1469,wells,7.419815063476562
1,twain,1469,austen,7.145488580067952
1,twain,1469,fitzgerald,7.421026297977993
1,twain,1469,twain,7.259433060884476
1,twain,1470,train,3.3256402611732483
1,twain,1470,baum,7.110652565956116
1,twain,1470,thompson,7.913125038146973
1,twain,1470,dickens,7.308387597401936
1,twain,1470,melville,8.256473170386421
1,twain,1470,wells,7.402258237202962
1,twain,1470,austen,7.139970541000366
1,twain,1470,fitzgerald,7.424466678074428
1,twain,1470,twain,7.274946510791779
1,twain,1471,train,3.3270424008369446
1,twain,1471,baum,7.09363579750061
1,twain,1471,thompson,7.899041056632996
1,twain,1471,dickens,7.298388004302978
1,twain,1471,melville,8.240253448486328
1,twain,1471,wells,7.380918979644775
1,twain,1471,austen,7.124998887379964
1,twain,1471,fitzgerald,7.409245354788644
1,twain,1471,twain,7.267800539731979
1,twain,1472,train,3.3147999048233032
1,twain,1472,baum,7.12690269947052
1,twain,1472,thompson,7.90861439704895
1,twain,1472,dickens,7.315415382385254
1,twain,1472,melville,8.205737590789795
1,twain,1472,wells,7.424491882324219
1,twain,1472,austen,7.152138312657674
1,twain,1472,fitzgerald,7.427408218383789
1,twain,1472,twain,7.234763652086258
1,twain,1473,train,3.314903080463409
1,twain,1473,baum,7.116808772087097
1,twain,1473,thompson,7.911537170410156
1,twain,1473,dickens,7.302947521209717
1,twain,1473,melville,8.205471939510769
1,twain,1473,wells,7.3964894612630205
1,twain,1473,austen,7.136777400970459
1,twain,1473,fitzgerald,7.417881829398019
1,twain,1473,twain,7.2319675385952
1,twain,1474,train,3.320955514907837
1,twain,1474,baum,7.117300629615784
1,twain,1474,thompson,7.922575354576111
1,twain,1474,dickens,7.313826084136963
1,twain,1474,melville,8.234106805589464
1,twain,1474,wells,7.410745859146118
1,twain,1474,austen,7.148659865061442
1,twain,1474,fitzgerald,7.428450993129185
1,twain,1474,twain,7.264567047357559
1,twain,1475,train,3.348122358322144
1,twain,1475,baum,7.1132835149765015
1,twain,1475,thompson,7.910993337631226
1,twain,1475,dickens,7.307465076446533
1,twain,1475,melville,8.228174739413792
1,twain,1475,wells,7.406260410944621
1,twain,1475,austen,7.142728885014852
1,twain,1475,fitzgerald,7.425986903054373
1,twain,1475,twain,7.255334556102753
1,twain,1476,train,3.285853683948517
1,twain,1476,baum,7.093169569969177
1,twain,1476,thompson,7.917365431785583
1,twain,1476,dickens,7.294076760609944
1,twain,1476,melville,8.252965185377333
1,twain,1476,wells,7.39096466700236
1,twain,1476,austen,7.132885217666626
1,twain,1476,fitzgerald,7.41415091923305
1,twain,1476,twain,7.278308272361755
1,twain,1477,train,3.3260733485221863
1,twain,1477,baum,7.125532746315002
1,twain,1477,thompson,7.918185114860535
1,twain,1477,dickens,7.323451995849609
1,twain,1477,melville,8.223863336775038
1,twain,1477,wells,7.418124755223592
1,twain,1477,austen,7.150670607884725
1,twain,1477,fitzgerald,7.431426865713937
1,twain,1477,twain,7.252618730068207
1,twain,1478,train,3.3263396620750427
1,twain,1478,baum,7.125527858734131
1,twain,1478,thompson,7.9246906042099
1,twain,1478,dickens,7.322160561879476
1,twain,1478,melville,8.242433971828884
1,twain,1478,wells,7.422682603200276
1,twain,1478,austen,7.151366631189982
1,twain,1478,fitzgerald,7.434952599661691
1,twain,1478,twain,7.268055737018585
1,twain,1479,train,3.3299264907836914
1,twain,1479,baum,7.111352801322937
1,twain,1479,thompson,7.938155770301819
1,twain,1479,dickens,7.3101240793863935
1,twain,1479,melville,8.270665804545084
1,twain,1479,wells,7.40314793586731
1,twain,1479,austen,7.1441013018290205
1,twain,1479,fitzgerald,7.428251266479492
1,twain,1479,twain,7.294164419174194
1,twain,1480,train,3.307300448417664
1,twain,1480,baum,7.126303553581238
1,twain,1480,thompson,7.9207775592803955
1,twain,1480,dickens,7.310214519500732
1,twain,1480,melville,8.22929122712877
1,twain,1480,wells,7.417174657185872
1,twain,1480,austen,7.153249422709147
1,twain,1480,fitzgerald,7.440051078796387
1,twain,1480,twain,7.267916798591614
1,twain,1481,train,3.280885100364685
1,twain,1481,baum,7.122640609741211
1,twain,1481,thompson,7.9087138175964355
1,twain,1481,dickens,7.305531660715739
1,twain,1481,melville,8.216946495903862
1,twain,1481,wells,7.413178602854411
1,twain,1481,austen,7.147652943929036
1,twain,1481,fitzgerald,7.42547151020595
1,twain,1481,twain,7.244457185268402
1,twain,1482,train,3.3148847818374634
1,twain,1482,baum,7.112440705299377
1,twain,1482,thompson,7.915071487426758
1,twain,1482,dickens,7.288028081258138
1,twain,1482,melville,8.229317982991537
1,twain,1482,wells,7.391084432601929
1,twain,1482,austen,7.128786484400432
1,twain,1482,fitzgerald,7.422118255070278
1,twain,1482,twain,7.249824166297913
1,twain,1483,train,3.274365723133087
1,twain,1483,baum,7.121834874153137
1,twain,1483,thompson,7.916374444961548
1,twain,1483,dickens,7.315339088439941
1,twain,1483,melville,8.220347192552355
1,twain,1483,wells,7.415339708328247
1,twain,1483,austen,7.146361509958903
1,twain,1483,fitzgerald,7.427189350128174
1,twain,1483,twain,7.262505054473877
1,twain,1484,train,3.3108559250831604
1,twain,1484,baum,7.13818097114563
1,twain,1484,thompson,7.9415730237960815
1,twain,1484,dickens,7.323852856953938
1,twain,1484,melville,8.241609043545193
1,twain,1484,wells,7.425194422403972
1,twain,1484,austen,7.158471743265788
1,twain,1484,fitzgerald,7.441776684352329
1,twain,1484,twain,7.278858482837677
1,twain,1485,train,3.3408233523368835
1,twain,1485,baum,7.12679660320282
1,twain,1485,thompson,7.940054893493652
1,twain,1485,dickens,7.3161929448445635
1,twain,1485,melville,8.252677493625217
1,twain,1485,wells,7.41149918238322
1,twain,1485,austen,7.152144591013591
1,twain,1485,fitzgerald,7.43464115687779
1,twain,1485,twain,7.284426212310791
1,twain,1486,train,3.304536283016205
1,twain,1486,baum,7.13314414024353
1,twain,1486,thompson,7.954538702964783
1,twain,1486,dickens,7.321221669514974
1,twain,1486,melville,8.269742012023926
1,twain,1486,wells,7.425384124120076
1,twain,1486,austen,7.165640513102214
1,twain,1486,fitzgerald,7.442537784576416
1,twain,1486,twain,7.290851414203644
1,twain,1487,train,3.327537298202514
1,twain,1487,baum,7.120733737945557
1,twain,1487,thompson,7.9400657415390015
1,twain,1487,dickens,7.311708132425944
1,twain,1487,melville,8.264323181576199
1,twain,1487,wells,7.419142564137776
1,twain,1487,austen,7.156024376551311
1,twain,1487,fitzgerald,7.435791628701346
1,twain,1487,twain,7.282198965549469
1,twain,1488,train,3.3017773032188416
1,twain,1488,baum,7.129587173461914
1,twain,1488,thompson,7.937813758850098
1,twain,1488,dickens,7.314054807027181
1,twain,1488,melville,8.230116420321995
1,twain,1488,wells,7.419870297114055
1,twain,1488,austen,7.157116889953613
1,twain,1488,fitzgerald,7.43749019077846
1,twain,1488,twain,7.276928454637527
1,twain,1489,train,3.30254065990448
1,twain,1489,baum,7.119487285614014
1,twain,1489,thompson,7.917166233062744
1,twain,1489,dickens,7.312734444936116
1,twain,1489,melville,8.232335514492458
1,twain,1489,wells,7.424495776494344
1,twain,1489,austen,7.151493469874064
1,twain,1489,fitzgerald,7.431242874690464
1,twain,1489,twain,7.277313500642776
1,twain,1490,train,3.3008475303649902
1,twain,1490,baum,7.150201439857483
1,twain,1490,thompson,7.93224573135376
1,twain,1490,dickens,7.337753295898437
1,twain,1490,melville,8.217984994252523
1,twain,1490,wells,7.444607893625895
1,twain,1490,austen,7.16612982749939
1,twain,1490,fitzgerald,7.44741187776838
1,twain,1490,twain,7.262137919664383
1,twain,1491,train,3.3163392543792725
1,twain,1491,baum,7.13094174861908
1,twain,1491,thompson,7.942759871482849
1,twain,1491,dickens,7.31912358601888
1,twain,1491,melville,8.243794494205051
1,twain,1491,wells,7.427386045455933
1,twain,1491,austen,7.1602059205373125
1,twain,1491,fitzgerald,7.438843863351004
1,twain,1491,twain,7.273576080799103
1,twain,1492,train,3.240478157997132
1,twain,1492,baum,7.127365231513977
1,twain,1492,thompson,7.9401695728302
1,twain,1492,dickens,7.326194127400716
1,twain,1492,melville,8.245458549923367
1,twain,1492,wells,7.424290339152018
1,twain,1492,austen,7.164908409118652
1,twain,1492,fitzgerald,7.439845357622419
1,twain,1492,twain,7.271994411945343
1,twain,1493,train,3.301724433898926
1,twain,1493,baum,7.131129264831543
1,twain,1493,thompson,7.924213767051697
1,twain,1493,dickens,7.325366338094075
1,twain,1493,melville,8.23502614763048
1,twain,1493,wells,7.441307624181111
1,twain,1493,austen,7.167612234751384
1,twain,1493,fitzgerald,7.444257940564837
1,twain,1493,twain,7.272812932729721
1,twain,1494,train,3.2984519004821777
1,twain,1494,baum,7.129733204841614
1,twain,1494,thompson,7.938117146492004
1,twain,1494,dickens,7.318777084350586
1,twain,1494,melville,8.260480297936333
1,twain,1494,wells,7.420270760854085
1,twain,1494,austen,7.166377941767375
1,twain,1494,fitzgerald,7.441555840628488
1,twain,1494,twain,7.278296232223511
1,twain,1495,train,3.338714480400085
1,twain,1495,baum,7.14205276966095
1,twain,1495,thompson,7.934142708778381
1,twain,1495,dickens,7.333571275075276
1,twain,1495,melville,8.230594687991672
1,twain,1495,wells,7.435280323028564
1,twain,1495,austen,7.173890908559163
1,twain,1495,fitzgerald,7.448426451001849
1,twain,1495,twain,7.269917845726013
1,twain,1496,train,3.313966155052185
1,twain,1496,baum,7.124735355377197
1,twain,1496,thompson,7.943081855773926
1,twain,1496,dickens,7.321598370869954
1,twain,1496,melville,8.253841241200766
1,twain,1496,wells,7.409933884938558
1,twain,1496,austen,7.151853243509929
1,twain,1496,fitzgerald,7.441063744681222
1,twain,1496,twain,7.281841278076172
1,twain,1497,train,3.2617690563201904
1,twain,1497,baum,7.148100733757019
1,twain,1497,thompson,7.946447491645813
1,twain,1497,dickens,7.335632960001628
1,twain,1497,melville,8.236819214291042
1,twain,1497,wells,7.439599990844727
1,twain,1497,austen,7.171106020609538
1,twain,1497,fitzgerald,7.453527178083148
1,twain,1497,twain,7.261092334985733
1,twain,1498,train,3.2936043739318848
1,twain,1498,baum,7.149579405784607
1,twain,1498,thompson,7.951913595199585
1,twain,1498,dickens,7.3392653465271
1,twain,1498,melville,8.246404806772867
1,twain,1498,wells,7.439429759979248
1,twain,1498,austen,7.174266974131267
1,twain,1498,fitzgerald,7.448628221239362
1,twain,1498,twain,7.275423616170883
1,twain,1499,train,3.277870833873749
1,twain,1499,baum,7.150216460227966
1,twain,1499,thompson,7.954166889190674
1,twain,1499,dickens,7.343809127807617
1,twain,1499,melville,8.25176027086046
1,twain,1499,wells,7.44956914583842
1,twain,1499,austen,7.177764018376668
1,twain,1499,fitzgerald,7.463397094181606
1,twain,1499,twain,7.279864907264709
1,twain,1500,train,3.2499380707740784
1,twain,1500,baum,7.14844810962677
1,twain,1500,thompson,7.959906697273254
1,twain,1500,dickens,7.340805689493815
1,twain,1500,melville,8.26079765955607
1,twain,1500,wells,7.449608564376831
1,twain,1500,austen,7.175975561141968
1,twain,1500,fitzgerald,7.4595321246555875
1,twain,1500,twain,7.297672808170319
1,twain,1501,train,3.290216624736786
1,twain,1501,baum,7.15579617023468
1,twain,1501,thompson,7.9463130235672
1,twain,1501,dickens,7.337136268615723
1,twain,1501,melville,8.232983589172363
1,twain,1501,wells,7.451977094014485
1,twain,1501,austen,7.178946812947591
1,twain,1501,fitzgerald,7.460993358067104
1,twain,1501,twain,7.268909722566605
1,twain,1502,train,3.260946571826935
1,twain,1502,baum,7.14912748336792
1,twain,1502,thompson,7.949323773384094
1,twain,1502,dickens,7.338907718658447
1,twain,1502,melville,8.249598609076607
1,twain,1502,wells,7.446673313776652
1,twain,1502,austen,7.177154461542766
1,twain,1502,fitzgerald,7.453742231641497
1,twain,1502,twain,7.286061018705368
1,twain,1503,train,3.32220321893692
1,twain,1503,baum,7.15206515789032
1,twain,1503,thompson,7.955546259880066
1,twain,1503,dickens,7.347413221995036
1,twain,1503,melville,8.259686681959364
1,twain,1503,wells,7.451387246449788
1,twain,1503,austen,7.184922695159912
1,twain,1503,fitzgerald,7.4625435556684225
1,twain,1503,twain,7.290875762701034
1,twain,1504,train,3.259902536869049
1,twain,1504,baum,7.159810423851013
1,twain,1504,thompson,7.945444941520691
1,twain,1504,dickens,7.350410143534343
1,twain,1504,melville,8.247597853342691
1,twain,1504,wells,7.460986932118733
1,twain,1504,austen,7.184662024180095
1,twain,1504,fitzgerald,7.465430123465402
1,twain,1504,twain,7.291396796703339
1,twain,1505,train,3.266716480255127
1,twain,1505,baum,7.172999978065491
1,twain,1505,thompson,7.9721715450286865
1,twain,1505,dickens,7.348860581715901
1,twain,1505,melville,8.25930150349935
1,twain,1505,wells,7.454838116963704
1,twain,1505,austen,7.195654312769572
1,twain,1505,fitzgerald,7.470495019640241
1,twain,1505,twain,7.2902341187000275
1,twain,1506,train,3.3062418699264526
1,twain,1506,baum,7.152121305465698
1,twain,1506,thompson,7.946190476417541
1,twain,1506,dickens,7.333986123402913
1,twain,1506,melville,8.23956208758884
1,twain,1506,wells,7.438416004180908
1,twain,1506,austen,7.180396715799968
1,twain,1506,fitzgerald,7.449584552219936
1,twain,1506,twain,7.2826423943042755
1,twain,1507,train,3.273413896560669
1,twain,1507,baum,7.142434358596802
1,twain,1507,thompson,7.947849988937378
1,twain,1507,dickens,7.335732142130534
1,twain,1507,melville,8.241873741149902
1,twain,1507,wells,7.443044026692708
1,twain,1507,austen,7.1707835992177325
1,twain,1507,fitzgerald,7.457979270390102
1,twain,1507,twain,7.287780076265335
1,twain,1508,train,3.2595618963241577
1,twain,1508,baum,7.160355448722839
1,twain,1508,thompson,7.955541253089905
1,twain,1508,dickens,7.344248135884603
1,twain,1508,melville,8.257001029120552
1,twain,1508,wells,7.459119399388631
1,twain,1508,austen,7.189757188161214
1,twain,1508,fitzgerald,7.464475972311837
1,twain,1508,twain,7.288164138793945
1,twain,1509,train,3.2834826707839966
1,twain,1509,baum,7.170194268226624
1,twain,1509,thompson,7.955333352088928
1,twain,1509,dickens,7.346628348032634
1,twain,1509,melville,8.237218274010552
1,twain,1509,wells,7.464487393697103
1,twain,1509,austen,7.194570144017537
1,twain,1509,fitzgerald,7.474268777029855
1,twain,1509,twain,7.270207315683365
1,twain,1510,train,3.275719463825226
1,twain,1510,baum,7.153799891471863
1,twain,1510,thompson,7.956508636474609
1,twain,1510,dickens,7.344724178314209
1,twain,1510,melville,8.255811161465115
1,twain,1510,wells,7.458804607391357
1,twain,1510,austen,7.182164907455444
1,twain,1510,fitzgerald,7.464887823377337
1,twain,1510,twain,7.2907810509204865
1,twain,1511,train,3.285002827644348
1,twain,1511,baum,7.1662352085113525
1,twain,1511,thompson,7.962058067321777
1,twain,1511,dickens,7.348858833312988
1,twain,1511,melville,8.259341822730171
1,twain,1511,wells,7.462752342224121
1,twain,1511,austen,7.198056141535441
1,twain,1511,fitzgerald,7.474472045898437
1,twain,1511,twain,7.28674852848053
1,twain,1512,train,3.263260304927826
1,twain,1512,baum,7.175976514816284
1,twain,1512,thompson,7.972735643386841
1,twain,1512,dickens,7.35606034596761
1,twain,1512,melville,8.268606768714058
1,twain,1512,wells,7.483386357625325
1,twain,1512,austen,7.194390932718913
1,twain,1512,fitzgerald,7.485804217202323
1,twain,1512,twain,7.302367150783539
1,twain,1513,train,3.25196772813797
1,twain,1513,baum,7.165626168251038
1,twain,1513,thompson,7.956180691719055
1,twain,1513,dickens,7.339625676472981
1,twain,1513,melville,8.24009927113851
1,twain,1513,wells,7.459024270375569
1,twain,1513,austen,7.177456299463908
1,twain,1513,fitzgerald,7.467132159641811
1,twain,1513,twain,7.283774524927139
1,twain,1514,train,3.2758383750915527
1,twain,1514,baum,7.157529711723328
1,twain,1514,thompson,7.964310646057129
1,twain,1514,dickens,7.340293566385905
1,twain,1514,melville,8.264124870300293
1,twain,1514,wells,7.443037986755371
1,twain,1514,austen,7.178686459859212
1,twain,1514,fitzgerald,7.461971691676548
1,twain,1514,twain,7.295774698257446
1,twain,1515,train,3.281276226043701
1,twain,1515,baum,7.169624209403992
1,twain,1515,thompson,7.960434436798096
1,twain,1515,dickens,7.357496897379558
1,twain,1515,melville,8.253997537824842
1,twain,1515,wells,7.469322284062703
1,twain,1515,austen,7.196909745534261
1,twain,1515,fitzgerald,7.4758091654096335
1,twain,1515,twain,7.295289367437363
1,twain,1516,train,3.237242341041565
1,twain,1516,baum,7.188678979873657
1,twain,1516,thompson,7.965670824050903
1,twain,1516,dickens,7.369711875915527
1,twain,1516,melville,8.252210246192085
1,twain,1516,wells,7.49708620707194
1,twain,1516,austen,7.216067393620809
1,twain,1516,fitzgerald,7.485141686030796
1,twain,1516,twain,7.289962410926819
1,twain,1517,train,3.2712101340293884
1,twain,1517,baum,7.157709360122681
1,twain,1517,thompson,7.958071827888489
1,twain,1517,dickens,7.33300797144572
1,twain,1517,melville,8.26178232828776
1,twain,1517,wells,7.452484766642253
1,twain,1517,austen,7.178664525349935
1,twain,1517,fitzgerald,7.464866365705218
1,twain,1517,twain,7.293790310621262
1,twain,1518,train,3.246988356113434
1,twain,1518,baum,7.179674744606018
1,twain,1518,thompson,7.957467675209045
1,twain,1518,dickens,7.365859508514404
1,twain,1518,melville,8.251105891333687
1,twain,1518,wells,7.47676666577657
1,twain,1518,austen,7.201904853185018
1,twain,1518,fitzgerald,7.477977888924735
1,twain,1518,twain,7.278041064739227
1,twain,1519,train,3.258273184299469
1,twain,1519,baum,7.191656827926636
1,twain,1519,thompson,7.961402773857117
1,twain,1519,dickens,7.375411033630371
1,twain,1519,melville,8.238740073310005
1,twain,1519,wells,7.497647841771443
1,twain,1519,austen,7.209489822387695
1,twain,1519,fitzgerald,7.491904871804373
1,twain,1519,twain,7.275653213262558
1,twain,1520,train,3.248760461807251
1,twain,1520,baum,7.17563259601593
1,twain,1520,thompson,7.948150157928467
1,twain,1520,dickens,7.351567268371582
1,twain,1520,melville,8.233305083380806
1,twain,1520,wells,7.476405223210652
1,twain,1520,austen,7.1884690920511884
1,twain,1520,fitzgerald,7.476051194327218
1,twain,1520,twain,7.271049946546555
1,twain,1521,train,3.215196132659912
1,twain,1521,baum,7.163902163505554
1,twain,1521,thompson,7.969464302062988
1,twain,1521,dickens,7.351531664530436
1,twain,1521,melville,8.279577626122368
1,twain,1521,wells,7.455716053644816
1,twain,1521,austen,7.17889142036438
1,twain,1521,fitzgerald,7.476567200251988
1,twain,1521,twain,7.306428968906403
1,twain,1522,train,3.235952615737915
1,twain,1522,baum,7.165043473243713
1,twain,1522,thompson,7.955990076065063
1,twain,1522,dickens,7.352697054545085
1,twain,1522,melville,8.248652564154732
1,twain,1522,wells,7.453373988469441
1,twain,1522,austen,7.182860374450684
1,twain,1522,fitzgerald,7.473008564540318
1,twain,1522,twain,7.280175149440765
1,twain,1523,train,3.2562095522880554
1,twain,1523,baum,7.169379353523254
1,twain,1523,thompson,7.959601879119873
1,twain,1523,dickens,7.3645250002543134
1,twain,1523,melville,8.257216612497965
1,twain,1523,wells,7.47063136100769
1,twain,1523,austen,7.190293471018474
1,twain,1523,fitzgerald,7.478404113224575
1,twain,1523,twain,7.288105338811874
1,twain,1524,train,3.2220168113708496
1,twain,1524,baum,7.166593909263611
1,twain,1524,thompson,7.9656001329422
1,twain,1524,dickens,7.358179410298665
1,twain,1524,melville,8.260483476850721
1,twain,1524,wells,7.45644227663676
1,twain,1524,austen,7.187434434890747
1,twain,1524,fitzgerald,7.4730207579476495
1,twain,1524,twain,7.282216012477875
1,twain,1525,train,3.2741619348526
1,twain,1525,baum,7.179226040840149
1,twain,1525,thompson,7.97685968875885
1,twain,1525,dickens,7.372711658477783
1,twain,1525,melville,8.264581945207384
1,twain,1525,wells,7.481848239898682
1,twain,1525,austen,7.1993467807769775
1,twain,1525,fitzgerald,7.491252831050327
1,twain,1525,twain,7.284434229135513
1,twain,1526,train,3.284228801727295
1,twain,1526,baum,7.152289628982544
1,twain,1526,thompson,7.977635622024536
1,twain,1526,dickens,7.358357111612956
1,twain,1526,melville,8.292435646057129
1,twain,1526,wells,7.447739521662394
1,twain,1526,austen,7.18314282099406
1,twain,1526,fitzgerald,7.480917317526681
1,twain,1526,twain,7.315921574831009
1,twain,1527,train,3.2743147015571594
1,twain,1527,baum,7.169052958488464
1,twain,1527,thompson,7.949638962745666
1,twain,1527,dickens,7.366870085398356
1,twain,1527,melville,8.271835698021782
1,twain,1527,wells,7.486505587895711
1,twain,1527,austen,7.202823082605998
1,twain,1527,fitzgerald,7.481953212193081
1,twain,1527,twain,7.301746100187302
1,twain,1528,train,3.249153614044189
1,twain,1528,baum,7.173658609390259
1,twain,1528,thompson,7.963800311088562
1,twain,1528,dickens,7.361459732055664
1,twain,1528,melville,8.26743253072103
1,twain,1528,wells,7.474841992060344
1,twain,1528,austen,7.198361953099568
1,twain,1528,fitzgerald,7.484361852918353
1,twain,1528,twain,7.2941170036792755
1,twain,1529,train,3.2828453183174133
1,twain,1529,baum,7.165919899940491
1,twain,1529,thompson,7.964855909347534
1,twain,1529,dickens,7.359559853871663
1,twain,1529,melville,8.278437243567573
1,twain,1529,wells,7.45977242787679
1,twain,1529,austen,7.196406523386638
1,twain,1529,fitzgerald,7.475878783634731
1,twain,1529,twain,7.309396594762802
1,twain,1530,train,3.23946350812912
1,twain,1530,baum,7.190851926803589
1,twain,1530,thompson,7.981140494346619
1,twain,1530,dickens,7.374488194783528
1,twain,1530,melville,8.262174712287056
1,twain,1530,wells,7.481980721155803
1,twain,1530,austen,7.212477922439575
1,twain,1530,fitzgerald,7.49947418485369
1,twain,1530,twain,7.284581869840622
1,twain,1531,train,3.228070676326752
1,twain,1531,baum,7.184738039970398
1,twain,1531,thompson,7.974577069282532
1,twain,1531,dickens,7.373279730478923
1,twain,1531,melville,8.27919626235962
1,twain,1531,wells,7.487468401590983
1,twain,1531,austen,7.206056435902913
1,twain,1531,fitzgerald,7.493870667048863
1,twain,1531,twain,7.311420023441315
1,twain,1532,train,3.252107560634613
1,twain,1532,baum,7.195472359657288
1,twain,1532,thompson,7.983122706413269
1,twain,1532,dickens,7.3816343943278
1,twain,1532,melville,8.276826116773817
1,twain,1532,wells,7.478850285212199
1,twain,1532,austen,7.215326070785522
1,twain,1532,fitzgerald,7.498883043016706
1,twain,1532,twain,7.294099003076553
1,twain,1533,train,3.241813838481903
1,twain,1533,baum,7.186742782592773
1,twain,1533,thompson,7.988560795783997
1,twain,1533,dickens,7.38601557413737
1,twain,1533,melville,8.298350387149387
1,twain,1533,wells,7.485999186833699
1,twain,1533,austen,7.221182187398274
1,twain,1533,fitzgerald,7.485613073621478
1,twain,1533,twain,7.319325357675552
1,twain,1534,train,3.26186066865921
1,twain,1534,baum,7.196114540100098
1,twain,1534,thompson,7.98497474193573
1,twain,1534,dickens,7.376925150553386
1,twain,1534,melville,8.253641499413384
1,twain,1534,wells,7.479170083999634
1,twain,1534,austen,7.216222127278645
1,twain,1534,fitzgerald,7.483841964176723
1,twain,1534,twain,7.295229464769363
1,twain,1535,train,3.2219792008399963
1,twain,1535,baum,7.202378988265991
1,twain,1535,thompson,7.991045594215393
1,twain,1535,dickens,7.388297239939372
1,twain,1535,melville,8.26532687081231
1,twain,1535,wells,7.487366040547688
1,twain,1535,austen,7.221935907999675
1,twain,1535,fitzgerald,7.495205198015485
1,twain,1535,twain,7.298832982778549
1,twain,1536,train,3.2378677129745483
1,twain,1536,baum,7.202935576438904
1,twain,1536,thompson,7.984987378120422
1,twain,1536,dickens,7.38716189066569
1,twain,1536,melville,8.276424354977078
1,twain,1536,wells,7.506924629211426
1,twain,1536,austen,7.231376091639201
1,twain,1536,fitzgerald,7.501340729849679
1,twain,1536,twain,7.308176040649414
1,twain,1537,train,3.221190869808197
1,twain,1537,baum,7.206255912780762
1,twain,1537,thompson,7.994647026062012
1,twain,1537,dickens,7.387672424316406
1,twain,1537,melville,8.266208913591173
1,twain,1537,wells,7.487512906392415
1,twain,1537,austen,7.220344225565593
1,twain,1537,fitzgerald,7.506438868386405
1,twain,1537,twain,7.2851362228393555
1,twain,1538,train,3.237684845924377
1,twain,1538,baum,7.184812545776367
1,twain,1538,thompson,7.983028292655945
1,twain,1538,dickens,7.38347848256429
1,twain,1538,melville,8.281111505296495
1,twain,1538,wells,7.489388227462768
1,twain,1538,austen,7.2057310740153
1,twain,1538,fitzgerald,7.497300897325788
1,twain,1538,twain,7.318531811237335
1,twain,1539,train,3.2343103885650635
1,twain,1539,baum,7.184530258178711
1,twain,1539,thompson,7.989078402519226
1,twain,1539,dickens,7.37588357925415
1,twain,1539,melville,8.275174458821615
1,twain,1539,wells,7.469757556915283
1,twain,1539,austen,7.209801276524861
1,twain,1539,fitzgerald,7.48710823059082
1,twain,1539,twain,7.301989793777466
1,twain,1540,train,3.2005518674850464
1,twain,1540,baum,7.2030909061431885
1,twain,1540,thompson,7.998289704322815
1,twain,1540,dickens,7.398872375488281
1,twain,1540,melville,8.29429546991984
1,twain,1540,wells,7.505530118942261
1,twain,1540,austen,7.227309147516887
1,twain,1540,fitzgerald,7.515758582523891
1,twain,1540,twain,7.308596521615982
1,twain,1541,train,3.2327407598495483
1,twain,1541,baum,7.192954659461975
1,twain,1541,thompson,7.980453252792358
1,twain,1541,dickens,7.3854873975118
1,twain,1541,melville,8.258977942996555
1,twain,1541,wells,7.4734658400217695
1,twain,1541,austen,7.209324836730957
1,twain,1541,fitzgerald,7.492841107504707
1,twain,1541,twain,7.302345901727676
1,twain,1542,train,3.198170244693756
1,twain,1542,baum,7.192384839057922
1,twain,1542,thompson,7.997680306434631
1,twain,1542,dickens,7.395051956176758
1,twain,1542,melville,8.293087005615234
1,twain,1542,wells,7.504878759384155
1,twain,1542,austen,7.226250171661377
1,twain,1542,fitzgerald,7.506463732038226
1,twain,1542,twain,7.321389973163605
1,twain,1543,train,3.2300235629081726
1,twain,1543,baum,7.207800984382629
1,twain,1543,thompson,7.990228772163391
1,twain,1543,dickens,7.401772816975911
1,twain,1543,melville,8.25894292195638
1,twain,1543,wells,7.501206954320271
1,twain,1543,austen,7.229896624883016
1,twain,1543,fitzgerald,7.507002626146589
1,twain,1543,twain,7.300658971071243
1,twain,1544,train,3.2935091853141785
1,twain,1544,baum,7.206961393356323
1,twain,1544,thompson,7.985192775726318
1,twain,1544,dickens,7.393922011057536
1,twain,1544,melville,8.262025515238443
1,twain,1544,wells,7.5112411181132
1,twain,1544,austen,7.230861266454061
1,twain,1544,fitzgerald,7.50227301461356
1,twain,1544,twain,7.310215950012207
1,twain,1545,train,3.248591721057892
1,twain,1545,baum,7.165001749992371
1,twain,1545,thompson,7.980408549308777
1,twain,1545,dickens,7.365691343943278
1,twain,1545,melville,8.280360327826607
1,twain,1545,wells,7.471551497777303
1,twain,1545,austen,7.200972239176433
1,twain,1545,fitzgerald,7.480801854814802
1,twain,1545,twain,7.314518928527832
1,twain,1546,train,3.18644118309021
1,twain,1546,baum,7.190185308456421
1,twain,1546,thompson,8.007512331008911
1,twain,1546,dickens,7.383199373881022
1,twain,1546,melville,8.326917277442085
1,twain,1546,wells,7.503198305765788
1,twain,1546,austen,7.2236636479695635
1,twain,1546,fitzgerald,7.501820019313267
1,twain,1546,twain,7.346490770578384
1,twain,1547,train,3.204148888587952
1,twain,1547,baum,7.198612332344055
1,twain,1547,thompson,7.99264395236969
1,twain,1547,dickens,7.375859260559082
1,twain,1547,melville,8.279887093438042
1,twain,1547,wells,7.492212533950806
1,twain,1547,austen,7.214978853861491
1,twain,1547,fitzgerald,7.49882343837193
1,twain,1547,twain,7.305735766887665
1,twain,1548,train,3.2280367612838745
1,twain,1548,baum,7.197062730789185
1,twain,1548,thompson,8.006378293037415
1,twain,1548,dickens,7.3887939453125
1,twain,1548,melville,8.298174010382759
1,twain,1548,wells,7.506824175516765
1,twain,1548,austen,7.230161666870117
1,twain,1548,fitzgerald,7.507341793605259
1,twain,1548,twain,7.320738524198532
1,twain,1549,train,3.224334836006165
1,twain,1549,baum,7.205920815467834
1,twain,1549,thompson,8.01430058479309
1,twain,1549,dickens,7.390471776326497
1,twain,1549,melville,8.296884642706978
1,twain,1549,wells,7.4976058801015215
1,twain,1549,austen,7.228495121002197
1,twain,1549,fitzgerald,7.5131963321140836
1,twain,1549,twain,7.30929684638977
1,twain,1550,train,3.1851015090942383
1,twain,1550,baum,7.217864990234375
1,twain,1550,thompson,8.002138376235962
1,twain,1550,dickens,7.4012770652771
1,twain,1550,melville,8.28619220521715
1,twain,1550,wells,7.517582575480143
1,twain,1550,austen,7.242188771565755
1,twain,1550,fitzgerald,7.517191273825509
1,twain,1550,twain,7.305188775062561
1,twain,1551,train,3.177712619304657
1,twain,1551,baum,7.205513834953308
1,twain,1551,thompson,7.994767785072327
1,twain,1551,dickens,7.396787961324056
1,twain,1551,melville,8.273308489057753
1,twain,1551,wells,7.500111977259318
1,twain,1551,austen,7.230964422225952
1,twain,1551,fitzgerald,7.504703930446079
1,twain,1551,twain,7.306194961071014
1,twain,1552,train,3.222750186920166
1,twain,1552,baum,7.195711016654968
1,twain,1552,thompson,8.006512522697449
1,twain,1552,dickens,7.382390022277832
1,twain,1552,melville,8.289796299404568
1,twain,1552,wells,7.497812986373901
1,twain,1552,austen,7.225904782613118
1,twain,1552,fitzgerald,7.509839602879116
1,twain,1552,twain,7.317253619432449
1,twain,1553,train,3.1952555179595947
1,twain,1553,baum,7.1950682401657104
1,twain,1553,thompson,8.020448565483093
1,twain,1553,dickens,7.388572851816813
1,twain,1553,melville,8.307637267642551
1,twain,1553,wells,7.506252686182658
1,twain,1553,austen,7.224433024724324
1,twain,1553,fitzgerald,7.512720176151821
1,twain,1553,twain,7.332974016666412
1,twain,1554,train,3.172672688961029
1,twain,1554,baum,7.206557154655456
1,twain,1554,thompson,8.016920447349548
1,twain,1554,dickens,7.401208877563477
1,twain,1554,melville,8.312860118018257
1,twain,1554,wells,7.514641920725505
1,twain,1554,austen,7.233050505320231
1,twain,1554,fitzgerald,7.514091219220843
1,twain,1554,twain,7.340058237314224
1,twain,1555,train,3.2373745441436768
1,twain,1555,baum,7.214990615844727
1,twain,1555,thompson,7.999652147293091
1,twain,1555,dickens,7.410796324412028
1,twain,1555,melville,8.29478825463189
1,twain,1555,wells,7.530170043309529
1,twain,1555,austen,7.243459939956665
1,twain,1555,fitzgerald,7.519959722246442
1,twain,1555,twain,7.3154996037483215
1,twain,1556,train,3.202783048152924
1,twain,1556,baum,7.20874559879303
1,twain,1556,thompson,8.018763542175293
1,twain,1556,dickens,7.404714425404866
1,twain,1556,melville,8.314315372043186
1,twain,1556,wells,7.517906188964844
1,twain,1556,austen,7.242351373036702
1,twain,1556,fitzgerald,7.515037536621094
1,twain,1556,twain,7.329265415668487
1,twain,1557,train,3.198058903217316
1,twain,1557,baum,7.187485575675964
1,twain,1557,thompson,8.012565016746521
1,twain,1557,dickens,7.387794971466064
1,twain,1557,melville,8.335410224066841
1,twain,1557,wells,7.477368593215942
1,twain,1557,austen,7.222565015157063
1,twain,1557,fitzgerald,7.499118055616107
1,twain,1557,twain,7.343830734491348
1,twain,1558,train,3.192331910133362
1,twain,1558,baum,7.210260272026062
1,twain,1558,thompson,8.037237763404846
1,twain,1558,dickens,7.404691855112712
1,twain,1558,melville,8.334568659464518
1,twain,1558,wells,7.507849375406901
1,twain,1558,austen,7.241979837417602
1,twain,1558,fitzgerald,7.523008074079241
1,twain,1558,twain,7.3360598385334015
1,twain,1559,train,3.170493185520172
1,twain,1559,baum,7.211160063743591
1,twain,1559,thompson,8.026156425476074
1,twain,1559,dickens,7.416629473368327
1,twain,1559,melville,8.323047161102295
1,twain,1559,wells,7.509860436121623
1,twain,1559,austen,7.24666182200114
1,twain,1559,fitzgerald,7.517124720982143
1,twain,1559,twain,7.337092489004135
1,twain,1560,train,3.181739270687104
1,twain,1560,baum,7.22467827796936
1,twain,1560,thompson,8.039206504821777
1,twain,1560,dickens,7.427456061045329
1,twain,1560,melville,8.32412682639228
1,twain,1560,wells,7.536193132400513
1,twain,1560,austen,7.256092548370361
1,twain,1560,fitzgerald,7.54119736807687
1,twain,1560,twain,7.338085740804672
1,twain,1561,train,3.1769760251045227
1,twain,1561,baum,7.2266634702682495
1,twain,1561,thompson,8.027106285095215
1,twain,1561,dickens,7.416895389556885
1,twain,1561,melville,8.316589991251627
1,twain,1561,wells,7.539434591929118
1,twain,1561,austen,7.253093719482422
1,twain,1561,fitzgerald,7.527760028839111
1,twain,1561,twain,7.3404456079006195
1,twain,1562,train,3.204577326774597
1,twain,1562,baum,7.216747641563415
1,twain,1562,thompson,8.04899799823761
1,twain,1562,dickens,7.424638271331787
1,twain,1562,melville,8.356908374362522
1,twain,1562,wells,7.541831652323405
1,twain,1562,austen,7.254369417826335
1,twain,1562,fitzgerald,7.538138593946185
1,twain,1562,twain,7.366280674934387
1,twain,1563,train,3.2060937881469727
1,twain,1563,baum,7.208663105964661
1,twain,1563,thompson,8.016090512275696
1,twain,1563,dickens,7.41445795694987
1,twain,1563,melville,8.312513828277588
1,twain,1563,wells,7.528309504191081
1,twain,1563,austen,7.240214824676514
1,twain,1563,fitzgerald,7.525173187255859
1,twain,1563,twain,7.341384381055832
1,twain,1564,train,3.176662564277649
1,twain,1564,baum,7.225540518760681
1,twain,1564,thompson,8.03638482093811
1,twain,1564,dickens,7.415911356608073
1,twain,1564,melville,8.325335025787354
1,twain,1564,wells,7.545056502024333
1,twain,1564,austen,7.254752238591512
1,twain,1564,fitzgerald,7.540326867784772
1,twain,1564,twain,7.343406111001968
1,twain,1565,train,3.1902679800987244
1,twain,1565,baum,7.2040088176727295
1,twain,1565,thompson,8.029563903808594
1,twain,1565,dickens,7.412363052368164
1,twain,1565,melville,8.341918521457249
1,twain,1565,wells,7.519779125849406
1,twain,1565,austen,7.244608481725057
1,twain,1565,fitzgerald,7.520755086626325
1,twain,1565,twain,7.359742254018784
1,twain,1566,train,3.203308820724488
1,twain,1566,baum,7.206802010536194
1,twain,1566,thompson,8.033771276473999
1,twain,1566,dickens,7.407422065734863
1,twain,1566,melville,8.32887405819363
1,twain,1566,wells,7.518927256266276
1,twain,1566,austen,7.241366783777873
1,twain,1566,fitzgerald,7.526660851069859
1,twain,1566,twain,7.339897185564041
1,twain,1567,train,3.166245460510254
1,twain,1567,baum,7.215122938156128
1,twain,1567,thompson,8.011031746864319
1,twain,1567,dickens,7.405157883961995
1,twain,1567,melville,8.30443779627482
1,twain,1567,wells,7.52648941675822
1,twain,1567,austen,7.246263901392619
1,twain,1567,fitzgerald,7.521806716918945
1,twain,1567,twain,7.326212346553802
1,twain,1568,train,3.176962673664093
1,twain,1568,baum,7.224390029907227
1,twain,1568,thompson,8.03591799736023
1,twain,1568,dickens,7.413467248280843
1,twain,1568,melville,8.323224279615614
1,twain,1568,wells,7.518238623936971
1,twain,1568,austen,7.251034418741862
1,twain,1568,fitzgerald,7.535170895712716
1,twain,1568,twain,7.333549231290817
1,twain,1569,train,3.1574970483779907
1,twain,1569,baum,7.235949397087097
1,twain,1569,thompson,8.046809792518616
1,twain,1569,dickens,7.428421815236409
1,twain,1569,melville,8.331567976209852
1,twain,1569,wells,7.543889840443929
1,twain,1569,austen,7.257307132085164
1,twain,1569,fitzgerald,7.545979091099331
1,twain,1569,twain,7.349447071552277
1,twain,1570,train,3.193321049213409
1,twain,1570,baum,7.222218990325928
1,twain,1570,thompson,8.021744012832642
1,twain,1570,dickens,7.420584837595622
1,twain,1570,melville,8.303232351938883
1,twain,1570,wells,7.517288525899251
1,twain,1570,austen,7.242362340291341
1,twain,1570,fitzgerald,7.531928198678153
1,twain,1570,twain,7.316426038742065
1,twain,1571,train,3.1865654587745667
1,twain,1571,baum,7.229143977165222
1,twain,1571,thompson,8.021820187568665
1,twain,1571,dickens,7.420226573944092
1,twain,1571,melville,8.323514620463053
1,twain,1571,wells,7.539333661397298
1,twain,1571,austen,7.249362627665202
1,twain,1571,fitzgerald,7.543249062129429
1,twain,1571,twain,7.332288056612015
1,twain,1572,train,3.195218503475189
1,twain,1572,baum,7.231383442878723
1,twain,1572,thompson,8.034545421600342
1,twain,1572,dickens,7.429807027180989
1,twain,1572,melville,8.33810043334961
1,twain,1572,wells,7.53484312693278
1,twain,1572,austen,7.253188212712605
1,twain,1572,fitzgerald,7.544192654745919
1,twain,1572,twain,7.345589965581894
1,twain,1573,train,3.1725844144821167
1,twain,1573,baum,7.220513701438904
1,twain,1573,thompson,8.044970273971558
1,twain,1573,dickens,7.422209103902181
1,twain,1573,melville,8.354003747304281
1,twain,1573,wells,7.52476708094279
1,twain,1573,austen,7.249663273493449
1,twain,1573,fitzgerald,7.54081882749285
1,twain,1573,twain,7.359053462743759
1,twain,1574,train,3.1815638542175293
1,twain,1574,baum,7.241955280303955
1,twain,1574,thompson,8.023803353309631
1,twain,1574,dickens,7.427406311035156
1,twain,1574,melville,8.297458383772108
1,twain,1574,wells,7.541159947713216
1,twain,1574,austen,7.254765431086223
1,twain,1574,fitzgerald,7.542516095297677
1,twain,1574,twain,7.323414593935013
1,twain,1575,train,3.1385499238967896
1,twain,1575,baum,7.268454670906067
1,twain,1575,thompson,8.063021063804626
1,twain,1575,dickens,7.456175963083903
1,twain,1575,melville,8.321881824069553
1,twain,1575,wells,7.581796805063884
1,twain,1575,austen,7.291879574457805
1,twain,1575,fitzgerald,7.57730415889195
1,twain,1575,twain,7.334160327911377
1,twain,1576,train,3.150710105895996
1,twain,1576,baum,7.2378270626068115
1,twain,1576,thompson,8.046727657318115
1,twain,1576,dickens,7.428734143575032
1,twain,1576,melville,8.327495839860704
1,twain,1576,wells,7.533084392547607
1,twain,1576,austen,7.262367804845174
1,twain,1576,fitzgerald,7.543968064444406
1,twain,1576,twain,7.338652610778809
1,twain,1577,train,3.1763721704483032
1,twain,1577,baum,7.242289423942566
1,twain,1577,thompson,8.026621699333191
1,twain,1577,dickens,7.43816343943278
1,twain,1577,melville,8.301646974351671
1,twain,1577,wells,7.559140205383301
1,twain,1577,austen,7.273382027943929
1,twain,1577,fitzgerald,7.54715497153146
1,twain,1577,twain,7.326979964971542
1,twain,1578,train,3.184471249580384
1,twain,1578,baum,7.230730891227722
1,twain,1578,thompson,8.03828501701355
1,twain,1578,dickens,7.424715518951416
1,twain,1578,melville,8.314327663845486
1,twain,1578,wells,7.529727856318156
1,twain,1578,austen,7.257012367248535
1,twain,1578,fitzgerald,7.542077541351318
1,twain,1578,twain,7.335586607456207
1,twain,1579,train,3.1932236552238464
1,twain,1579,baum,7.251173734664917
1,twain,1579,thompson,8.060442566871643
1,twain,1579,dickens,7.4420294761657715
1,twain,1579,melville,8.370612462361654
1,twain,1579,wells,7.566831986109416
1,twain,1579,austen,7.272549470265706
1,twain,1579,fitzgerald,7.567808559962681
1,twain,1579,twain,7.376311928033829
1,twain,1580,train,3.149436116218567
1,twain,1580,baum,7.251117706298828
1,twain,1580,thompson,8.061008095741272
1,twain,1580,dickens,7.443247636159261
1,twain,1580,melville,8.359588623046875
1,twain,1580,wells,7.552932341893514
1,twain,1580,austen,7.274592558542888
1,twain,1580,fitzgerald,7.562545299530029
1,twain,1580,twain,7.373671323060989
1,twain,1581,train,3.1615442633628845
1,twain,1581,baum,7.263188600540161
1,twain,1581,thompson,8.056315541267395
1,twain,1581,dickens,7.460477193196614
1,twain,1581,melville,8.336934036678738
1,twain,1581,wells,7.564891815185547
1,twain,1581,austen,7.282688458760579
1,twain,1581,fitzgerald,7.56814820425851
1,twain,1581,twain,7.360802590847015
1,twain,1582,train,3.151230812072754
1,twain,1582,baum,7.251222610473633
1,twain,1582,thompson,8.038241982460022
1,twain,1582,dickens,7.437103430430095
1,twain,1582,melville,8.321276717715794
1,twain,1582,wells,7.556082407633464
1,twain,1582,austen,7.2672678629557295
1,twain,1582,fitzgerald,7.558232648032052
1,twain,1582,twain,7.342012524604797
1,twain,1583,train,3.136887490749359
1,twain,1583,baum,7.228553533554077
1,twain,1583,thompson,8.035661697387695
1,twain,1583,dickens,7.411585330963135
1,twain,1583,melville,8.331977579328749
1,twain,1583,wells,7.533860921859741
1,twain,1583,austen,7.257557153701782
1,twain,1583,fitzgerald,7.542207786015102
1,twain,1583,twain,7.3558898866176605
1,twain,1584,train,3.1870150566101074
1,twain,1584,baum,7.240119218826294
1,twain,1584,thompson,8.025840282440186
1,twain,1584,dickens,7.431908130645752
1,twain,1584,melville,8.309054851531982
1,twain,1584,wells,7.540818532307942
1,twain,1584,austen,7.257679224014282
1,twain,1584,fitzgerald,7.543070452553885
1,twain,1584,twain,7.340681314468384
1,twain,1585,train,3.190723121166229
1,twain,1585,baum,7.231435060501099
1,twain,1585,thompson,8.041895151138306
1,twain,1585,dickens,7.435272693634033
1,twain,1585,melville,8.348717106713188
1,twain,1585,wells,7.544328371683757
1,twain,1585,austen,7.257743199666341
1,twain,1585,fitzgerald,7.54731103352138
1,twain,1585,twain,7.36565563082695
1,twain,1586,train,3.1799049377441406
1,twain,1586,baum,7.228347420692444
1,twain,1586,thompson,8.02541196346283
1,twain,1586,dickens,7.423338413238525
1,twain,1586,melville,8.320635159810385
1,twain,1586,wells,7.535821676254272
1,twain,1586,austen,7.25372854868571
1,twain,1586,fitzgerald,7.536489486694336
1,twain,1586,twain,7.338837653398514
1,twain,1587,train,3.169243276119232
1,twain,1587,baum,7.24614953994751
1,twain,1587,thompson,8.054105281829834
1,twain,1587,dickens,7.4446916580200195
1,twain,1587,melville,8.353013197580973
1,twain,1587,wells,7.573740800221761
1,twain,1587,austen,7.276951948801677
1,twain,1587,fitzgerald,7.559674603598458
1,twain,1587,twain,7.37486669421196
1,twain,1588,train,3.1363301277160645
1,twain,1588,baum,7.242725729942322
1,twain,1588,thompson,8.035219550132751
1,twain,1588,dickens,7.436056772867839
1,twain,1588,melville,8.31986665725708
1,twain,1588,wells,7.555486679077148
1,twain,1588,austen,7.265151580174764
1,twain,1588,fitzgerald,7.548727580479213
1,twain,1588,twain,7.348827630281448
1,twain,1589,train,3.188676953315735
1,twain,1589,baum,7.249336361885071
1,twain,1589,thompson,8.056239604949951
1,twain,1589,dickens,7.4416890144348145
1,twain,1589,melville,8.346722284952799
1,twain,1589,wells,7.562550862630208
1,twain,1589,austen,7.279774109522502
1,twain,1589,fitzgerald,7.559648922511509
1,twain,1589,twain,7.362439870834351
1,twain,1590,train,3.1383671164512634
1,twain,1590,baum,7.241975903511047
1,twain,1590,thompson,8.055554509162903
1,twain,1590,dickens,7.439903259277344
1,twain,1590,melville,8.352088504367405
1,twain,1590,wells,7.558293263117473
1,twain,1590,austen,7.273049513498942
1,twain,1590,fitzgerald,7.554819652012417
1,twain,1590,twain,7.371257245540619
1,twain,1591,train,3.160978138446808
1,twain,1591,baum,7.259118676185608
1,twain,1591,thompson,8.046976923942566
1,twain,1591,dickens,7.441752751668294
1,twain,1591,melville,8.315737088521322
1,twain,1591,wells,7.568561156590779
1,twain,1591,austen,7.281915028889974
1,twain,1591,fitzgerald,7.5660520281110495
1,twain,1591,twain,7.334805339574814
1,twain,1592,train,3.1454503536224365
1,twain,1592,baum,7.254922866821289
1,twain,1592,thompson,8.037389755249023
1,twain,1592,dickens,7.449316501617432
1,twain,1592,melville,8.317932393815783
1,twain,1592,wells,7.566993633906047
1,twain,1592,austen,7.277478297551473
1,twain,1592,fitzgerald,7.558580126081194
1,twain,1592,twain,7.339981555938721
1,twain,1593,train,3.148451268672943
1,twain,1593,baum,7.272000789642334
1,twain,1593,thompson,8.065598368644714
1,twain,1593,dickens,7.464482307434082
1,twain,1593,melville,8.338852723439535
1,twain,1593,wells,7.581446091334025
1,twain,1593,austen,7.288156429926555
1,twain,1593,fitzgerald,7.577591896057129
1,twain,1593,twain,7.356251955032349
1,twain,1594,train,3.1763126254081726
1,twain,1594,baum,7.256423354148865
1,twain,1594,thompson,8.066417932510376
1,twain,1594,dickens,7.455060005187988
1,twain,1594,melville,8.352163155873617
1,twain,1594,wells,7.567500829696655
1,twain,1594,austen,7.274431943893433
1,twain,1594,fitzgerald,7.570606640407017
1,twain,1594,twain,7.36261385679245
1,twain,1595,train,3.154407560825348
1,twain,1595,baum,7.252541780471802
1,twain,1595,thompson,8.041526317596436
1,twain,1595,dickens,7.449155807495117
1,twain,1595,melville,8.331158796946207
1,twain,1595,wells,7.564642031987508
1,twain,1595,austen,7.275495608647664
1,twain,1595,fitzgerald,7.556829384395054
1,twain,1595,twain,7.356348782777786
1,twain,1596,train,3.170698404312134
1,twain,1596,baum,7.273955702781677
1,twain,1596,thompson,8.070736527442932
1,twain,1596,dickens,7.464863777160644
1,twain,1596,melville,8.340118726094564
1,twain,1596,wells,7.578705072402954
1,twain,1596,austen,7.291964689890544
1,twain,1596,fitzgerald,7.580773762294224
1,twain,1596,twain,7.356251806020737
1,twain,1597,train,3.1325027346611023
1,twain,1597,baum,7.244752049446106
1,twain,1597,thompson,8.06400179862976
1,twain,1597,dickens,7.449255307515462
1,twain,1597,melville,8.375462214152018
1,twain,1597,wells,7.5495796998341875
1,twain,1597,austen,7.2784262498219805
1,twain,1597,fitzgerald,7.561030660356794
1,twain,1597,twain,7.382100820541382
1,twain,1598,train,3.141556739807129
1,twain,1598,baum,7.258824110031128
1,twain,1598,thompson,8.053841352462769
1,twain,1598,dickens,7.461012363433838
1,twain,1598,melville,8.341741932762993
1,twain,1598,wells,7.570873737335205
1,twain,1598,austen,7.283326069513957
1,twain,1598,fitzgerald,7.570772988455636
1,twain,1598,twain,7.35834014415741
1,twain,1599,train,3.1403008103370667
1,twain,1599,baum,7.257691860198975
1,twain,1599,thompson,8.061255097389221
1,twain,1599,dickens,7.457131703694661
1,twain,1599,melville,8.346899138556587
1,twain,1599,wells,7.561787764231364
1,twain,1599,austen,7.2734150886535645
1,twain,1599,fitzgerald,7.567715236118862
1,twain,1599,twain,7.366262674331665
1,twain,1600,train,3.1025510430336
1,twain,1600,baum,7.264522075653076
1,twain,1600,thompson,8.069432735443115
1,twain,1600,dickens,7.466669241587321
1,twain,1600,melville,8.35061142179701
1,twain,1600,wells,7.564256350199382
1,twain,1600,austen,7.287399689356486
1,twain,1600,fitzgerald,7.573694774082729
1,twain,1600,twain,7.363671094179153
1,twain,1601,train,3.1594834327697754
1,twain,1601,baum,7.276016592979431
1,twain,1601,thompson,8.078389167785645
1,twain,1601,dickens,7.472712516784668
1,twain,1601,melville,8.359904713100857
1,twain,1601,wells,7.590136845906575
1,twain,1601,austen,7.293888250986735
1,twain,1601,fitzgerald,7.585814748491559
1,twain,1601,twain,7.370910793542862
1,twain,1602,train,3.153229057788849
1,twain,1602,baum,7.267272233963013
1,twain,1602,thompson,8.071004748344421
1,twain,1602,dickens,7.463622570037842
1,twain,1602,melville,8.363513946533203
1,twain,1602,wells,7.585364977518718
1,twain,1602,austen,7.290916919708252
1,twain,1602,fitzgerald,7.576534271240234
1,twain,1602,twain,7.378172099590301
1,twain,1603,train,3.13709568977356
1,twain,1603,baum,7.288281679153442
1,twain,1603,thompson,8.088465332984924
1,twain,1603,dickens,7.476721922556559
1,twain,1603,melville,8.371203952365452
1,twain,1603,wells,7.602321306864421
1,twain,1603,austen,7.306768894195557
1,twain,1603,fitzgerald,7.594339098249163
1,twain,1603,twain,7.37801855802536
1,twain,1604,train,3.1145954728126526
1,twain,1604,baum,7.249594688415527
1,twain,1604,thompson,8.077326774597168
1,twain,1604,dickens,7.450606187184651
1,twain,1604,melville,8.382457309299046
1,twain,1604,wells,7.552519003550212
1,twain,1604,austen,7.275751113891602
1,twain,1604,fitzgerald,7.564910820552281
1,twain,1604,twain,7.394582837820053
1,twain,1605,train,3.105045974254608
1,twain,1605,baum,7.284603714942932
1,twain,1605,thompson,8.079282402992249
1,twain,1605,dickens,7.480931440989177
1,twain,1605,melville,8.373341613345676
1,twain,1605,wells,7.599995613098144
1,twain,1605,austen,7.314194281895955
1,twain,1605,fitzgerald,7.589783464159284
1,twain,1605,twain,7.392732530832291
1,twain,1606,train,3.140834987163544
1,twain,1606,baum,7.2829355001449585
1,twain,1606,thompson,8.083752512931824
1,twain,1606,dickens,7.472009023030599
1,twain,1606,melville,8.379858546786839
1,twain,1606,wells,7.594029982884725
1,twain,1606,austen,7.304622173309326
1,twain,1606,fitzgerald,7.590368952069964
1,twain,1606,twain,7.389364302158356
1,twain,1607,train,3.103589117527008
1,twain,1607,baum,7.280506372451782
1,twain,1607,thompson,8.066182613372803
1,twain,1607,dickens,7.470734119415283
1,twain,1607,melville,8.36314164267646
1,twain,1607,wells,7.606598695119222
1,twain,1607,austen,7.30873703956604
1,twain,1607,fitzgerald,7.585022858210972
1,twain,1607,twain,7.374410182237625
1,twain,1608,train,3.121045231819153
1,twain,1608,baum,7.278046727180481
1,twain,1608,thompson,8.071483969688416
1,twain,1608,dickens,7.460537751515706
1,twain,1608,melville,8.371982786390516
1,twain,1608,wells,7.591275215148926
1,twain,1608,austen,7.299504041671753
1,twain,1608,fitzgerald,7.585309982299805
1,twain,1608,twain,7.386718392372131
1,twain,1609,train,3.1238794326782227
1,twain,1609,baum,7.278083920478821
1,twain,1609,thompson,8.075960755348206
1,twain,1609,dickens,7.475017388661702
1,twain,1609,melville,8.389449914296469
1,twain,1609,wells,7.592324574788411
1,twain,1609,austen,7.300321261088054
1,twain,1609,fitzgerald,7.592375823429653
1,twain,1609,twain,7.387397527694702
1,twain,1610,train,3.096558153629303
1,twain,1610,baum,7.277701377868652
1,twain,1610,thompson,8.077577114105225
1,twain,1610,dickens,7.47273604075114
1,twain,1610,melville,8.366345087687174
1,twain,1610,wells,7.579226970672607
1,twain,1610,austen,7.297696431477864
1,twain,1610,fitzgerald,7.582586356571743
1,twain,1610,twain,7.375297725200653
1,twain,1611,train,3.1045398116111755
1,twain,1611,baum,7.282216668128967
1,twain,1611,thompson,8.073255062103271
1,twain,1611,dickens,7.479424158732097
1,twain,1611,melville,8.346082316504585
1,twain,1611,wells,7.589853843053182
1,twain,1611,austen,7.303108930587768
1,twain,1611,fitzgerald,7.585301467350551
1,twain,1611,twain,7.362373530864716
1,twain,1612,train,3.1274022459983826
1,twain,1612,baum,7.25968587398529
1,twain,1612,thompson,8.057320713996887
1,twain,1612,dickens,7.452939510345459
1,twain,1612,melville,8.336498790317112
1,twain,1612,wells,7.558886686960856
1,twain,1612,austen,7.278917551040649
1,twain,1612,fitzgerald,7.566815444401333
1,twain,1612,twain,7.349724978208542
1,twain,1613,train,3.1468328833580017
1,twain,1613,baum,7.2620604038238525
1,twain,1613,thompson,8.075003385543823
1,twain,1613,dickens,7.457351048787435
1,twain,1613,melville,8.36035124460856
1,twain,1613,wells,7.566859165827434
1,twain,1613,austen,7.284282763799031
1,twain,1613,fitzgerald,7.571440696716309
1,twain,1613,twain,7.379535734653473
1,twain,1614,train,3.140102207660675
1,twain,1614,baum,7.281358361244202
1,twain,1614,thompson,8.077882289886475
1,twain,1614,dickens,7.47426176071167
1,twain,1614,melville,8.351728545294868
1,twain,1614,wells,7.586005290349324
1,twain,1614,austen,7.300397157669067
1,twain,1614,fitzgerald,7.587743963514056
1,twain,1614,twain,7.361740797758102
1,twain,1615,train,3.118912637233734
1,twain,1615,baum,7.28813374042511
1,twain,1615,thompson,8.092649459838867
1,twain,1615,dickens,7.482246398925781
1,twain,1615,melville,8.37007384830051
1,twain,1615,wells,7.609199206034343
1,twain,1615,austen,7.31645933787028
1,twain,1615,fitzgerald,7.602360180446079
1,twain,1615,twain,7.3745865523815155
1,twain,1616,train,3.1467670798301697
1,twain,1616,baum,7.281474471092224
1,twain,1616,thompson,8.079666018486023
1,twain,1616,dickens,7.473412036895752
1,twain,1616,melville,8.364886071946886
1,twain,1616,wells,7.589366515477498
1,twain,1616,austen,7.310904423395793
1,twain,1616,fitzgerald,7.584001336778913
1,twain,1616,twain,7.383152693510055
1,twain,1617,train,3.101535558700561
1,twain,1617,baum,7.293189764022827
1,twain,1617,thompson,8.079432845115662
1,twain,1617,dickens,7.483440399169922
1,twain,1617,melville,8.37581369611952
1,twain,1617,wells,7.615516265233357
1,twain,1617,austen,7.323604424794515
1,twain,1617,fitzgerald,7.598498957497733
1,twain,1617,twain,7.38861346244812
1,twain,1618,train,3.0974440574646
1,twain,1618,baum,7.261362910270691
1,twain,1618,thompson,8.074235677719116
1,twain,1618,dickens,7.459417502085368
1,twain,1618,melville,8.373553540971544
1,twain,1618,wells,7.567450920740764
1,twain,1618,austen,7.283000310262044
1,twain,1618,fitzgerald,7.573584079742432
1,twain,1618,twain,7.387659758329391
1,twain,1619,train,3.0961073637008667
1,twain,1619,baum,7.306934356689453
1,twain,1619,thompson,8.100726127624512
1,twain,1619,dickens,7.49722146987915
1,twain,1619,melville,8.373940838707817
1,twain,1619,wells,7.611829280853271
1,twain,1619,austen,7.328516244888306
1,twain,1619,fitzgerald,7.605130059378488
1,twain,1619,twain,7.38845556974411
1,twain,1620,train,3.0696919560432434
1,twain,1620,baum,7.296838045120239
1,twain,1620,thompson,8.119821071624756
1,twain,1620,dickens,7.490992863972981
1,twain,1620,melville,8.416193114386665
1,twain,1620,wells,7.617283344268799
1,twain,1620,austen,7.325110753377278
1,twain,1620,fitzgerald,7.609722001211984
1,twain,1620,twain,7.406064450740814
1,twain,1621,train,3.1397794485092163
1,twain,1621,baum,7.296662330627441
1,twain,1621,thompson,8.108547687530518
1,twain,1621,dickens,7.484888235727946
1,twain,1621,melville,8.386624601152208
1,twain,1621,wells,7.603372971216838
1,twain,1621,austen,7.313790321350098
1,twain,1621,fitzgerald,7.609534399850028
1,twain,1621,twain,7.386704295873642
1,twain,1622,train,3.111842453479767
1,twain,1622,baum,7.279414176940918
1,twain,1622,thompson,8.094398856163025
1,twain,1622,dickens,7.480167388916016
1,twain,1622,melville,8.39766009648641
1,twain,1622,wells,7.598083893458049
1,twain,1622,austen,7.311899026234944
1,twain,1622,fitzgerald,7.59304598399571
1,twain,1622,twain,7.401613742113113
1,twain,1623,train,3.1116405725479126
1,twain,1623,baum,7.276422500610352
1,twain,1623,thompson,8.087432980537415
1,twain,1623,dickens,7.481015841166179
1,twain,1623,melville,8.400204711490208
1,twain,1623,wells,7.606428941090901
1,twain,1623,austen,7.30534307161967
1,twain,1623,fitzgerald,7.596518039703369
1,twain,1623,twain,7.397859871387482
1,twain,1624,train,3.1051053404808044
1,twain,1624,baum,7.285194039344788
1,twain,1624,thompson,8.074001908302307
1,twain,1624,dickens,7.478842258453369
1,twain,1624,melville,8.369693014356825
1,twain,1624,wells,7.600114107131958
1,twain,1624,austen,7.307833115259807
1,twain,1624,fitzgerald,7.592258589608329
1,twain,1624,twain,7.366478711366653
1,twain,1625,train,3.1039136052131653
1,twain,1625,baum,7.291883230209351
1,twain,1625,thompson,8.10687530040741
1,twain,1625,dickens,7.488111813863118
1,twain,1625,melville,8.414471202426487
1,twain,1625,wells,7.597853263219197
1,twain,1625,austen,7.318474054336548
1,twain,1625,fitzgerald,7.600122451782227
1,twain,1625,twain,7.409120082855225
1,twain,1626,train,3.1356542706489563
1,twain,1626,baum,7.293063402175903
1,twain,1626,thompson,8.116100430488586
1,twain,1626,dickens,7.487471262613933
1,twain,1626,melville,8.413867950439453
1,twain,1626,wells,7.609213352203369
1,twain,1626,austen,7.321961164474487
1,twain,1626,fitzgerald,7.614739962986538
1,twain,1626,twain,7.404325127601623
1,twain,1627,train,3.1585320234298706
1,twain,1627,baum,7.293247699737549
1,twain,1627,thompson,8.105398058891296
1,twain,1627,dickens,7.487414995829265
1,twain,1627,melville,8.409097989400228
1,twain,1627,wells,7.615842978159587
1,twain,1627,austen,7.323613405227661
1,twain,1627,fitzgerald,7.607464109148298
1,twain,1627,twain,7.39989498257637
1,twain,1628,train,3.0785104036331177
1,twain,1628,baum,7.286261320114136
1,twain,1628,thompson,8.081279516220093
1,twain,1628,dickens,7.48143736521403
1,twain,1628,melville,8.394892162746853
1,twain,1628,wells,7.602049350738525
1,twain,1628,austen,7.313737392425537
1,twain,1628,fitzgerald,7.593480791364398
1,twain,1628,twain,7.387868374586105
1,twain,1629,train,3.067522525787353
1,twain,1629,baum,7.297260165214539
1,twain,1629,thompson,8.104734539985657
1,twain,1629,dickens,7.4924553235371905
1,twain,1629,melville,8.413229412502712
1,twain,1629,wells,7.614666223526001
1,twain,1629,austen,7.320135752360026
1,twain,1629,fitzgerald,7.614237308502197
1,twain,1629,twain,7.405263125896454
1,twain,1630,train,3.0895166397094727
1,twain,1630,baum,7.299102187156677
1,twain,1630,thompson,8.101478934288025
1,twain,1630,dickens,7.499399185180664
1,twain,1630,melville,8.396666473812527
1,twain,1630,wells,7.616273880004883
1,twain,1630,austen,7.321470101674397
1,twain,1630,fitzgerald,7.609372888292585
1,twain,1630,twain,7.392706215381622
1,twain,1631,train,3.1065064072608948
1,twain,1631,baum,7.310698509216309
1,twain,1631,thompson,8.110961079597473
1,twain,1631,dickens,7.5146870613098145
1,twain,1631,melville,8.411120202806261
1,twain,1631,wells,7.623133818308513
1,twain,1631,austen,7.337292591730754
1,twain,1631,fitzgerald,7.622809955051967
1,twain,1631,twain,7.396791636943817
1,twain,1632,train,3.1070947647094727
1,twain,1632,baum,7.291959404945373
1,twain,1632,thompson,8.120327711105347
1,twain,1632,dickens,7.497488339742024
1,twain,1632,melville,8.440531624688042
1,twain,1632,wells,7.607629299163818
1,twain,1632,austen,7.317480802536011
1,twain,1632,fitzgerald,7.6110931124006
1,twain,1632,twain,7.409112393856049
1,twain,1633,train,3.098362445831299
1,twain,1633,baum,7.298194408416748
1,twain,1633,thompson,8.125378251075745
1,twain,1633,dickens,7.507000764211019
1,twain,1633,melville,8.442076365152994
1,twain,1633,wells,7.624168872833252
1,twain,1633,austen,7.328479607899983
1,twain,1633,fitzgerald,7.6226886340550015
1,twain,1633,twain,7.424493312835693
1,twain,1634,train,3.069744288921356
1,twain,1634,baum,7.305217027664185
1,twain,1634,thompson,8.10172975063324
1,twain,1634,dickens,7.502411842346191
1,twain,1634,melville,8.4028287463718
1,twain,1634,wells,7.624603509902954
1,twain,1634,austen,7.338265498479207
1,twain,1634,fitzgerald,7.616762365613665
1,twain,1634,twain,7.402445942163467
1,twain,1635,train,3.0378695726394653
1,twain,1635,baum,7.291638970375061
1,twain,1635,thompson,8.117038011550903
1,twain,1635,dickens,7.495678424835205
1,twain,1635,melville,8.421210606892904
1,twain,1635,wells,7.605550368626912
1,twain,1635,austen,7.324772596359253
1,twain,1635,fitzgerald,7.61123970576695
1,twain,1635,twain,7.421752363443375
1,twain,1636,train,3.115149736404419
1,twain,1636,baum,7.295967221260071
1,twain,1636,thompson,8.114631295204163
1,twain,1636,dickens,7.503424008687337
1,twain,1636,melville,8.413203557332357
1,twain,1636,wells,7.617770353953044
1,twain,1636,austen,7.318565050760905
1,twain,1636,fitzgerald,7.612128121512277
1,twain,1636,twain,7.413579970598221
1,twain,1637,train,3.0454732179641724
1,twain,1637,baum,7.302266836166382
1,twain,1637,thompson,8.111075520515442
1,twain,1637,dickens,7.50441853205363
1,twain,1637,melville,8.392554230160183
1,twain,1637,wells,7.616260687510173
1,twain,1637,austen,7.318940957387288
1,twain,1637,fitzgerald,7.614898341042655
1,twain,1637,twain,7.399377048015594
1,twain,1638,train,3.112482249736786
1,twain,1638,baum,7.302576541900635
1,twain,1638,thompson,8.111011624336243
1,twain,1638,dickens,7.500789801279704
1,twain,1638,melville,8.384386168585884
1,twain,1638,wells,7.610679944356282
1,twain,1638,austen,7.32370130221049
1,twain,1638,fitzgerald,7.607628073011126
1,twain,1638,twain,7.400575131177902
1,twain,1639,train,3.063249886035919
1,twain,1639,baum,7.317226767539978
1,twain,1639,thompson,8.111401319503784
1,twain,1639,dickens,7.515302975972493
1,twain,1639,melville,8.380881044599745
1,twain,1639,wells,7.638718843460083
1,twain,1639,austen,7.344744046529134
1,twain,1639,fitzgerald,7.623960835593087
1,twain,1639,twain,7.397498071193695
1,twain,1640,train,3.06004011631012
1,twain,1640,baum,7.306532025337219
1,twain,1640,thompson,8.106326818466187
1,twain,1640,dickens,7.500632762908935
1,twain,1640,melville,8.389980104234484
1,twain,1640,wells,7.630995273590088
1,twain,1640,austen,7.332097133000691
1,twain,1640,fitzgerald,7.618353230612619
1,twain,1640,twain,7.398176044225693
1,twain,1641,train,3.077139794826508
1,twain,1641,baum,7.286303162574768
1,twain,1641,thompson,8.110770344734192
1,twain,1641,dickens,7.493912220001221
1,twain,1641,melville,8.414837519327799
1,twain,1641,wells,7.59994109471639
1,twain,1641,austen,7.3147373994191485
1,twain,1641,fitzgerald,7.60575498853411
1,twain,1641,twain,7.414512932300568
1,twain,1642,train,3.0968769788742065
1,twain,1642,baum,7.306124091148376
1,twain,1642,thompson,8.109040021896362
1,twain,1642,dickens,7.509283224741618
1,twain,1642,melville,8.399664931827122
1,twain,1642,wells,7.624650478363037
1,twain,1642,austen,7.331365744272868
1,twain,1642,fitzgerald,7.62076643535069
1,twain,1642,twain,7.408155769109726
1,twain,1643,train,3.0947426557540894
1,twain,1643,baum,7.303484916687012
1,twain,1643,thompson,8.119107127189636
1,twain,1643,dickens,7.504291693369548
1,twain,1643,melville,8.40385627746582
1,twain,1643,wells,7.621335983276367
1,twain,1643,austen,7.331725438435872
1,twain,1643,fitzgerald,7.61738886151995
1,twain,1643,twain,7.412148743867874
1,twain,1644,train,3.089776813983917
1,twain,1644,baum,7.288491606712341
1,twain,1644,thompson,8.117838263511658
1,twain,1644,dickens,7.492087046305339
1,twain,1644,melville,8.41688346862793
1,twain,1644,wells,7.585667530695598
1,twain,1644,austen,7.311441421508789
1,twain,1644,fitzgerald,7.604391574859619
1,twain,1644,twain,7.4153459668159485
1,twain,1645,train,3.074367105960846
1,twain,1645,baum,7.315789818763733
1,twain,1645,thompson,8.120731353759766
1,twain,1645,dickens,7.510985374450684
1,twain,1645,melville,8.40983878241645
1,twain,1645,wells,7.627791881561279
1,twain,1645,austen,7.335739533106486
1,twain,1645,fitzgerald,7.626003742218018
1,twain,1645,twain,7.410093665122986
1,twain,1646,train,3.031249701976776
1,twain,1646,baum,7.315728664398193
1,twain,1646,thompson,8.10649025440216
1,twain,1646,dickens,7.5153656005859375
1,twain,1646,melville,8.389644198947483
1,twain,1646,wells,7.633973916371663
1,twain,1646,austen,7.335453669230143
1,twain,1646,fitzgerald,7.627607345581055
1,twain,1646,twain,7.39278969168663
1,twain,1647,train,3.0939943194389343
1,twain,1647,baum,7.289260149002075
1,twain,1647,thompson,8.120863437652588
1,twain,1647,dickens,7.506598154703776
1,twain,1647,melville,8.43350002500746
1,twain,1647,wells,7.611981153488159
1,twain,1647,austen,7.32661247253418
1,twain,1647,fitzgerald,7.613311154501779
1,twain,1647,twain,7.42621037364006
1,twain,1648,train,3.0661885142326355
1,twain,1648,baum,7.317283034324646
1,twain,1648,thompson,8.127849102020264
1,twain,1648,dickens,7.51861556371053
1,twain,1648,melville,8.40587658352322
1,twain,1648,wells,7.630029837290446
1,twain,1648,austen,7.343356927235921
1,twain,1648,fitzgerald,7.630740778786795
1,twain,1648,twain,7.400940805673599
1,twain,1649,train,3.0764445662498474
1,twain,1649,baum,7.298718333244324
1,twain,1649,thompson,8.110729217529297
1,twain,1649,dickens,7.493834336598714
1,twain,1649,melville,8.401914808485243
1,twain,1649,wells,7.614542961120605
1,twain,1649,austen,7.322311083475749
1,twain,1649,fitzgerald,7.6163933617728095
1,twain,1649,twain,7.407540053129196
1,twain,1650,train,3.07832944393158
1,twain,1650,baum,7.29604971408844
1,twain,1650,thompson,8.13684344291687
1,twain,1650,dickens,7.501092274983724
1,twain,1650,melville,8.43744256761339
1,twain,1650,wells,7.598401625951131
1,twain,1650,austen,7.320387601852417
1,twain,1650,fitzgerald,7.614081655229841
1,twain,1650,twain,7.424319952726364
1,twain,1651,train,3.087826371192932
1,twain,1651,baum,7.316622614860535
1,twain,1651,thompson,8.115999698638916
1,twain,1651,dickens,7.51103417078654
1,twain,1651,melville,8.403310192955864
1,twain,1651,wells,7.61824901898702
1,twain,1651,austen,7.335282802581787
1,twain,1651,fitzgerald,7.614855221339634
1,twain,1651,twain,7.406955391168594
1,twain,1652,train,3.0662840008735657
1,twain,1652,baum,7.320549488067627
1,twain,1652,thompson,8.132458567619324
1,twain,1652,dickens,7.508149305979411
1,twain,1652,melville,8.416574849022759
1,twain,1652,wells,7.62355097134908
1,twain,1652,austen,7.3418707847595215
1,twain,1652,fitzgerald,7.620852674756732
1,twain,1652,twain,7.408909022808075
1,twain,1653,train,3.061602771282196
1,twain,1653,baum,7.310181021690369
1,twain,1653,thompson,8.134375929832458
1,twain,1653,dickens,7.509195168813069
1,twain,1653,melville,8.422029124365913
1,twain,1653,wells,7.612725337346395
1,twain,1653,austen,7.327601353327434
1,twain,1653,fitzgerald,7.616597788674491
1,twain,1653,twain,7.421502858400345
1,twain,1654,train,3.066219210624695
1,twain,1654,baum,7.312939405441284
1,twain,1654,thompson,8.124561786651611
1,twain,1654,dickens,7.502748012542725
1,twain,1654,melville,8.41711139678955
1,twain,1654,wells,7.610983928044637
1,twain,1654,austen,7.324826876322429
1,twain,1654,fitzgerald,7.614960874829974
1,twain,1654,twain,7.416071385145187
1,twain,1655,train,3.082924008369446
1,twain,1655,baum,7.327301144599914
1,twain,1655,thompson,8.119389653205872
1,twain,1655,dickens,7.519078731536865
1,twain,1655,melville,8.410295009613037
1,twain,1655,wells,7.630375226338704
1,twain,1655,austen,7.346501270929973
1,twain,1655,fitzgerald,7.624667576381138
1,twain,1655,twain,7.401067823171616
1,twain,1656,train,3.088467061519623
1,twain,1656,baum,7.357265472412109
1,twain,1656,thompson,8.147812962532043
1,twain,1656,dickens,7.552046616872151
1,twain,1656,melville,8.419783486260307
1,twain,1656,wells,7.670843044916789
1,twain,1656,austen,7.372002601623535
1,twain,1656,fitzgerald,7.656152588980539
1,twain,1656,twain,7.417652636766434
1,twain,1657,train,3.081992149353028
1,twain,1657,baum,7.3180378675460815
1,twain,1657,thompson,8.133265018463135
1,twain,1657,dickens,7.512134393056233
1,twain,1657,melville,8.426678021748861
1,twain,1657,wells,7.62471866607666
1,twain,1657,austen,7.334912935892741
1,twain,1657,fitzgerald,7.627945968082973
1,twain,1657,twain,7.421851485967636
1,twain,1658,train,3.052283525466919
1,twain,1658,baum,7.329409599304199
1,twain,1658,thompson,8.127736926078796
1,twain,1658,dickens,7.516946951548259
1,twain,1658,melville,8.42067485385471
1,twain,1658,wells,7.62609616915385
1,twain,1658,austen,7.345359325408935
1,twain,1658,fitzgerald,7.630092212132046
1,twain,1658,twain,7.402950316667557
1,twain,1659,train,3.0398454070091248
1,twain,1659,baum,7.315409183502197
1,twain,1659,thompson,8.132692456245422
1,twain,1659,dickens,7.515409787495931
1,twain,1659,melville,8.424314869774712
1,twain,1659,wells,7.630961497624715
1,twain,1659,austen,7.34180212020874
1,twain,1659,fitzgerald,7.626705033438546
1,twain,1659,twain,7.427001178264618
1,twain,1660,train,3.042383074760437
1,twain,1660,baum,7.311752080917358
1,twain,1660,thompson,8.125097513198853
1,twain,1660,dickens,7.511507829030354
1,twain,1660,melville,8.412620385487875
1,twain,1660,wells,7.625630140304565
1,twain,1660,austen,7.336621125539144
1,twain,1660,fitzgerald,7.62705796105521
1,twain,1660,twain,7.421598881483078
1,twain,1661,train,3.014552474021912
1,twain,1661,baum,7.327783703804016
1,twain,1661,thompson,8.121784687042236
1,twain,1661,dickens,7.514688809712728
1,twain,1661,melville,8.4072937435574
1,twain,1661,wells,7.628003438313802
1,twain,1661,austen,7.348058223724365
1,twain,1661,fitzgerald,7.627767358507429
1,twain,1661,twain,7.409937143325806
1,twain,1662,train,3.030096530914306
1,twain,1662,baum,7.309708833694458
1,twain,1662,thompson,8.11607801914215
1,twain,1662,dickens,7.5095570882161455
1,twain,1662,melville,8.41140243742201
1,twain,1662,wells,7.619331995646159
1,twain,1662,austen,7.341859896977742
1,twain,1662,fitzgerald,7.619330678667341
1,twain,1662,twain,7.425120949745178
1,twain,1663,train,3.0165688395500183
1,twain,1663,baum,7.3319419622421265
1,twain,1663,thompson,8.13865065574646
1,twain,1663,dickens,7.531972567240397
1,twain,1663,melville,8.42206965552436
1,twain,1663,wells,7.645962715148926
1,twain,1663,austen,7.361340681711833
1,twain,1663,fitzgerald,7.641417026519775
1,twain,1663,twain,7.426348090171814
1,twain,1664,train,3.038234531879425
1,twain,1664,baum,7.327929019927978
1,twain,1664,thompson,8.137026190757751
1,twain,1664,dickens,7.522244771321614
1,twain,1664,melville,8.414480739169651
1,twain,1664,wells,7.639520327250163
1,twain,1664,austen,7.357982238133748
1,twain,1664,fitzgerald,7.634697914123535
1,twain,1664,twain,7.419310659170151
1,twain,1665,train,3.081843852996826
1,twain,1665,baum,7.316393971443176
1,twain,1665,thompson,8.136187672615051
1,twain,1665,dickens,7.5190855662028
1,twain,1665,melville,8.430258962843153
1,twain,1665,wells,7.636554876963298
1,twain,1665,austen,7.348406791687012
1,twain,1665,fitzgerald,7.6365470205034525
1,twain,1665,twain,7.432075440883636
1,twain,1666,train,3.04274845123291
1,twain,1666,baum,7.318667054176331
1,twain,1666,thompson,8.136121988296509
1,twain,1666,dickens,7.522909164428711
1,twain,1666,melville,8.429836485120985
1,twain,1666,wells,7.63810666402181
1,twain,1666,austen,7.353601694107056
1,twain,1666,fitzgerald,7.638311862945557
1,twain,1666,twain,7.42358011007309
1,twain,1667,train,3.070289969444275
1,twain,1667,baum,7.333349227905273
1,twain,1667,thompson,8.130758881568909
1,twain,1667,dickens,7.533097108205159
1,twain,1667,melville,8.404583401150173
1,twain,1667,wells,7.650260289510091
1,twain,1667,austen,7.35595687230428
1,twain,1667,fitzgerald,7.637235573359898
1,twain,1667,twain,7.417857110500336
1,twain,1668,train,3.015390455722809
1,twain,1668,baum,7.338176250457764
1,twain,1668,thompson,8.139477372169495
1,twain,1668,dickens,7.531195163726807
1,twain,1668,melville,8.422531339857313
1,twain,1668,wells,7.655208826065063
1,twain,1668,austen,7.361367305119832
1,twain,1668,fitzgerald,7.639161109924316
1,twain,1668,twain,7.4238592982292175
1,twain,1669,train,3.022728681564331
1,twain,1669,baum,7.319135069847107
1,twain,1669,thompson,8.13930332660675
1,twain,1669,dickens,7.518760522206624
1,twain,1669,melville,8.426274564531115
1,twain,1669,wells,7.625200510025024
1,twain,1669,austen,7.348679701487224
1,twain,1669,fitzgerald,7.629450457436698
1,twain,1669,twain,7.419099062681198
1,twain,1670,train,3.0459089279174805
1,twain,1670,baum,7.334168672561645
1,twain,1670,thompson,8.135939836502075
1,twain,1670,dickens,7.536423842112224
1,twain,1670,melville,8.410930103725857
1,twain,1670,wells,7.659395456314087
1,twain,1670,austen,7.359984238942464
1,twain,1670,fitzgerald,7.646036624908447
1,twain,1670,twain,7.423384428024292
1,twain,1671,train,3.037479877471924
1,twain,1671,baum,7.34366500377655
1,twain,1671,thompson,8.138979315757751
1,twain,1671,dickens,7.532517910003662
1,twain,1671,melville,8.418378565046522
1,twain,1671,wells,7.652089595794678
1,twain,1671,austen,7.358939011891683
1,twain,1671,fitzgerald,7.64386122567313
1,twain,1671,twain,7.418846845626831
1,twain,1672,train,3.0442605018615723
1,twain,1672,baum,7.334438920021057
1,twain,1672,thompson,8.140833735466003
1,twain,1672,dickens,7.52396297454834
1,twain,1672,melville,8.441875351799858
1,twain,1672,wells,7.654946486155192
1,twain,1672,austen,7.3555952707926435
1,twain,1672,fitzgerald,7.6439163344247
1,twain,1672,twain,7.434338808059692
1,twain,1673,train,3.006163895130157
1,twain,1673,baum,7.338260889053345
1,twain,1673,thompson,8.137258529663086
1,twain,1673,dickens,7.521817525227864
1,twain,1673,melville,8.40328073501587
1,twain,1673,wells,7.644643306732178
1,twain,1673,austen,7.353432893753052
1,twain,1673,fitzgerald,7.64389569418771
1,twain,1673,twain,7.407269477844238
1,twain,1674,train,3.0379735231399536
1,twain,1674,baum,7.349809646606445
1,twain,1674,thompson,8.149449348449707
1,twain,1674,dickens,7.532708644866943
1,twain,1674,melville,8.429849518669975
1,twain,1674,wells,7.668757438659668
1,twain,1674,austen,7.370231072107951
1,twain,1674,fitzgerald,7.657995155879429
1,twain,1674,twain,7.433109015226364
1,twain,1675,train,3.02126407623291
1,twain,1675,baum,7.337879538536072
1,twain,1675,thompson,8.160717129707336
1,twain,1675,dickens,7.53711462020874
1,twain,1675,melville,8.45874802271525
1,twain,1675,wells,7.650162061055501
1,twain,1675,austen,7.3615647951761884
1,twain,1675,fitzgerald,7.655137266431536
1,twain,1675,twain,7.438526034355164
1,twain,1676,train,3.042484998703003
1,twain,1676,baum,7.331374764442444
1,twain,1676,thompson,8.161982655525208
1,twain,1676,dickens,7.530807971954346
1,twain,1676,melville,8.46810515721639
1,twain,1676,wells,7.644143899281819
1,twain,1676,austen,7.365285078684489
1,twain,1676,fitzgerald,7.646136215754917
1,twain,1676,twain,7.475019991397858
1,twain,1677,train,2.9904882311820984
1,twain,1677,baum,7.374883651733398
1,twain,1677,thompson,8.166475892066956
1,twain,1677,dickens,7.551762104034424
1,twain,1677,melville,8.420977910359701
1,twain,1677,wells,7.681117296218872
1,twain,1677,austen,7.378552039464314
1,twain,1677,fitzgerald,7.680467946188791
1,twain,1677,twain,7.427693456411362
