seed,train_author,epochs_completed,loss_dataset,loss_value
5,melville,0,baum,10.844696998596191
5,melville,0,thompson,10.838064193725586
5,melville,0,dickens,10.842991574605303
5,melville,0,melville,10.842632717556423
5,melville,0,wells,10.84967311223348
5,melville,0,austen,10.850854360140287
5,melville,0,fitzgerald,10.849552018301829
5,melville,0,twain,10.828452110290527
5,melville,1,train,10.760994148254394
5,melville,1,baum,10.658202648162842
5,melville,1,thompson,10.65645694732666
5,melville,1,dickens,10.643135261535644
5,melville,1,melville,10.61741542816162
5,melville,1,wells,10.658002694447836
5,melville,1,austen,10.66739478478065
5,melville,1,fitzgerald,10.672525814601354
5,melville,1,twain,10.634134674072266
5,melville,2,train,10.60902099609375
5,melville,2,baum,10.572373628616331
5,melville,2,thompson,10.570473670959473
5,melville,2,dickens,10.556167602539062
5,melville,2,melville,10.525366253323025
5,melville,2,wells,10.57137123743693
5,melville,2,austen,10.58486454303448
5,melville,2,fitzgerald,10.591410773141044
5,melville,2,twain,10.550534629821778
5,melville,3,train,10.530066871643069
5,melville,3,baum,10.519239902496338
5,melville,3,thompson,10.518336057662964
5,melville,3,dickens,10.503649457295737
5,melville,3,melville,10.469461017184788
5,melville,3,wells,10.517874717712402
5,melville,3,austen,10.53330714886005
5,melville,3,fitzgerald,10.540667397635325
5,melville,3,twain,10.496953010559082
5,melville,4,train,10.4742862701416
5,melville,4,baum,10.475550413131714
5,melville,4,thompson,10.475803136825562
5,melville,4,dickens,10.458369414011637
5,melville,4,melville,10.42291937934028
5,melville,4,wells,10.473141034444174
5,melville,4,austen,10.487747045663689
5,melville,4,fitzgerald,10.497674533299037
5,melville,4,twain,10.451481819152832
5,melville,5,train,10.4319881439209
5,melville,5,baum,10.435163736343384
5,melville,5,thompson,10.43689227104187
5,melville,5,dickens,10.416818523406985
5,melville,5,melville,10.379701932271322
5,melville,5,wells,10.43164873123169
5,melville,5,austen,10.445194464463452
5,melville,5,fitzgerald,10.45814050946917
5,melville,5,twain,10.409926319122317
5,melville,6,train,10.385446357727051
5,melville,6,baum,10.395450592041016
5,melville,6,thompson,10.398157596588137
5,melville,6,dickens,10.373923365275065
5,melville,6,melville,10.337309413486055
5,melville,6,wells,10.390213012695312
5,melville,6,austen,10.402041288522572
5,melville,6,fitzgerald,10.419378553118024
5,melville,6,twain,10.370816707611084
5,melville,7,train,10.34437198638916
5,melville,7,baum,10.354362726211548
5,melville,7,thompson,10.35874366760254
5,melville,7,dickens,10.330021699269611
5,melville,7,melville,10.29476801554362
5,melville,7,wells,10.347069263458252
5,melville,7,austen,10.35702683375432
5,melville,7,fitzgerald,10.379493032182966
5,melville,7,twain,10.331687545776369
5,melville,8,train,10.293934440612793
5,melville,8,baum,10.31171178817749
5,melville,8,thompson,10.318010330200195
5,melville,8,dickens,10.285286490122475
5,melville,8,melville,10.251677725050184
5,melville,8,wells,10.302701473236084
5,melville,8,austen,10.310476816617523
5,melville,8,fitzgerald,10.338252885001046
5,melville,8,twain,10.291307163238525
5,melville,9,train,10.243261528015136
5,melville,9,baum,10.26899552345276
5,melville,9,thompson,10.27654767036438
5,melville,9,dickens,10.239688714345297
5,melville,9,melville,10.206952624850803
5,melville,9,wells,10.258139769236246
5,melville,9,austen,10.263438004713793
5,melville,9,fitzgerald,10.29617418561663
5,melville,9,twain,10.24978084564209
5,melville,10,train,10.197311973571775
5,melville,10,baum,10.226698875427246
5,melville,10,thompson,10.235593318939207
5,melville,10,dickens,10.193799050649009
5,melville,10,melville,10.162138726976185
5,melville,10,wells,10.214043617248535
5,melville,10,austen,10.216189164381762
5,melville,10,fitzgerald,10.254051072256903
5,melville,10,twain,10.206759929656982
5,melville,11,train,10.147671699523926
5,melville,11,baum,10.18222427368164
5,melville,11,thompson,10.19304633140564
5,melville,11,dickens,10.147960058848064
5,melville,11,melville,10.116477754380968
5,melville,11,wells,10.168423652648926
5,melville,11,austen,10.168993729811447
5,melville,11,fitzgerald,10.211243765694755
5,melville,11,twain,10.16359748840332
5,melville,12,train,10.09993839263916
5,melville,12,baum,10.13764190673828
5,melville,12,thompson,10.150222063064575
5,melville,12,dickens,10.101745669047038
5,melville,12,melville,10.070642895168728
5,melville,12,wells,10.122565110524496
5,melville,12,austen,10.121693170987642
5,melville,12,fitzgerald,10.168261119297572
5,melville,12,twain,10.120582866668702
5,melville,13,train,10.049329948425292
5,melville,13,baum,10.093775033950806
5,melville,13,thompson,10.107892274856567
5,melville,13,dickens,10.054751332600912
5,melville,13,melville,10.024841414557564
5,melville,13,wells,10.0770533879598
5,melville,13,austen,10.07363143334022
5,melville,13,fitzgerald,10.124888692583356
5,melville,13,twain,10.076253414154053
5,melville,14,train,10.004202461242675
5,melville,14,baum,10.04995822906494
5,melville,14,thompson,10.065675258636476
5,melville,14,dickens,10.007758331298827
5,melville,14,melville,9.979321267869738
5,melville,14,wells,10.03187131881714
5,melville,14,austen,10.025775762704702
5,melville,14,fitzgerald,10.081854956490654
5,melville,14,twain,10.032651901245115
5,melville,15,train,9.95003719329834
5,melville,15,baum,10.005016088485718
5,melville,15,thompson,10.022771835327148
5,melville,15,dickens,9.960527960459393
5,melville,15,melville,9.933300971984863
5,melville,15,wells,9.985735416412354
5,melville,15,austen,9.977253987238957
5,melville,15,fitzgerald,10.038380895342144
5,melville,15,twain,9.989308166503909
5,melville,16,train,9.901915550231934
5,melville,16,baum,9.9604389667511
5,melville,16,thompson,9.979589939117432
5,melville,16,dickens,9.91319259007772
5,melville,16,melville,9.887052218119305
5,melville,16,wells,9.939934730529783
5,melville,16,austen,9.928818409259502
5,melville,16,fitzgerald,9.99517604282924
5,melville,16,twain,9.946127605438232
5,melville,17,train,9.853239631652832
5,melville,17,baum,9.915405988693236
5,melville,17,thompson,9.936370849609377
5,melville,17,dickens,9.866418711344402
5,melville,17,melville,9.84044467078315
5,melville,17,wells,9.893699169158936
5,melville,17,austen,9.88061024592473
5,melville,17,fitzgerald,9.95129884992327
5,melville,17,twain,9.901400470733645
5,melville,18,train,9.807736015319824
5,melville,18,baum,9.870965242385864
5,melville,18,thompson,9.893590211868286
5,melville,18,dickens,9.819358603159587
5,melville,18,melville,9.794426812065971
5,melville,18,wells,9.847852865854898
5,melville,18,austen,9.832220517672026
5,melville,18,fitzgerald,9.907859802246094
5,melville,18,twain,9.857465553283692
5,melville,19,train,9.753706741333009
5,melville,19,baum,9.826626062393188
5,melville,19,thompson,9.850884675979614
5,melville,19,dickens,9.772451655069988
5,melville,19,melville,9.74880207909478
5,melville,19,wells,9.80242363611857
5,melville,19,austen,9.784284298236551
5,melville,19,fitzgerald,9.86467102595738
5,melville,19,twain,9.814122867584228
5,melville,20,train,9.704229354858398
5,melville,20,baum,9.783610582351685
5,melville,20,thompson,9.80937385559082
5,melville,20,dickens,9.726004123687744
5,melville,20,melville,9.703484429253471
5,melville,20,wells,9.757874170939129
5,melville,20,austen,9.737179902883677
5,melville,20,fitzgerald,9.822336741856166
5,melville,20,twain,9.77160530090332
5,melville,21,train,9.659064674377442
5,melville,21,baum,9.739482879638672
5,melville,21,thompson,9.767189979553224
5,melville,21,dickens,9.679268232981364
5,melville,21,melville,9.658499717712402
5,melville,21,wells,9.712727864583334
5,melville,21,austen,9.689290927006647
5,melville,21,fitzgerald,9.779159273420062
5,melville,21,twain,9.728276920318605
5,melville,22,train,9.609396362304688
5,melville,22,baum,9.695334434509276
5,melville,22,thompson,9.72469711303711
5,melville,22,dickens,9.633337752024334
5,melville,22,melville,9.61306052737766
5,melville,22,wells,9.667767524719238
5,melville,22,austen,9.642451506394606
5,melville,22,fitzgerald,9.736564772469658
5,melville,22,twain,9.685652351379394
5,melville,23,train,9.56028060913086
5,melville,23,baum,9.652990102767944
5,melville,23,thompson,9.684116840362549
5,melville,23,dickens,9.58801015218099
5,melville,23,melville,9.56835248735216
5,melville,23,wells,9.62415647506714
5,melville,23,austen,9.596400114206167
5,melville,23,fitzgerald,9.695122582571846
5,melville,23,twain,9.643869304656985
5,melville,24,train,9.513948249816895
5,melville,24,baum,9.608943939208984
5,melville,24,thompson,9.64268970489502
5,melville,24,dickens,9.543351395924883
5,melville,24,melville,9.524316363864475
5,melville,24,wells,9.579403241475424
5,melville,24,austen,9.550305293156551
5,melville,24,fitzgerald,9.652932303292411
5,melville,24,twain,9.601608753204346
5,melville,25,train,9.45893325805664
5,melville,25,baum,9.566425561904907
5,melville,25,thompson,9.602118492126465
5,melville,25,dickens,9.497976493835449
5,melville,25,melville,9.480508168538412
5,melville,25,wells,9.53599754969279
5,melville,25,austen,9.504176873427172
5,melville,25,fitzgerald,9.611278125217982
5,melville,25,twain,9.559156703948975
5,melville,26,train,9.41506462097168
5,melville,26,baum,9.524765014648438
5,melville,26,thompson,9.562378644943236
5,melville,26,dickens,9.453454240163166
5,melville,26,melville,9.436688317192925
5,melville,26,wells,9.49327532450358
5,melville,26,austen,9.458997653080868
5,melville,26,fitzgerald,9.570650918143135
5,melville,26,twain,9.51818675994873
5,melville,27,train,9.365299415588378
5,melville,27,baum,9.483486890792848
5,melville,27,thompson,9.523458242416382
5,melville,27,dickens,9.409986654917398
5,melville,27,melville,9.394059499104818
5,melville,27,wells,9.451244036356607
5,melville,27,austen,9.414886034451998
5,melville,27,fitzgerald,9.530617032732282
5,melville,27,twain,9.478226661682127
5,melville,28,train,9.321114349365237
5,melville,28,baum,9.442126512527466
5,melville,28,thompson,9.483988761901855
5,melville,28,dickens,9.366729831695556
5,melville,28,melville,9.351453993055555
5,melville,28,wells,9.40921147664388
5,melville,28,austen,9.370708098778358
5,melville,28,fitzgerald,9.4906861441476
5,melville,28,twain,9.438065719604491
5,melville,29,train,9.27285213470459
5,melville,29,baum,9.400854349136353
5,melville,29,thompson,9.444868803024292
5,melville,29,dickens,9.324201202392578
5,melville,29,melville,9.30936156378852
5,melville,29,wells,9.36695655186971
5,melville,29,austen,9.326834752009464
5,melville,29,fitzgerald,9.450616836547852
5,melville,29,twain,9.397589015960694
5,melville,30,train,9.230828857421876
5,melville,30,baum,9.360340118408203
5,melville,30,thompson,9.40664792060852
5,melville,30,dickens,9.28184471130371
5,melville,30,melville,9.268115997314451
5,melville,30,wells,9.325601577758787
5,melville,30,austen,9.283400608943058
5,melville,30,fitzgerald,9.411344936915809
5,melville,30,twain,9.358142375946043
5,melville,31,train,9.19382972717285
5,melville,31,baum,9.320075988769531
5,melville,31,thompson,9.368455410003662
5,melville,31,dickens,9.239862887064616
5,melville,31,melville,9.22673914167616
5,melville,31,wells,9.284985065460203
5,melville,31,austen,9.240921093867374
5,melville,31,fitzgerald,9.3725038255964
5,melville,31,twain,9.318647003173828
5,melville,32,train,9.14569854736328
5,melville,32,baum,9.281814575195312
5,melville,32,thompson,9.33184003829956
5,melville,32,dickens,9.19878085454305
5,melville,32,melville,9.186502774556478
5,melville,32,wells,9.24558432896932
5,melville,32,austen,9.19945819561298
5,melville,32,fitzgerald,9.334912163870674
5,melville,32,twain,9.280593299865725
5,melville,33,train,9.097137641906738
5,melville,33,baum,9.242700338363647
5,melville,33,thompson,9.29491639137268
5,melville,33,dickens,9.157720565795898
5,melville,33,melville,9.147007836235892
5,melville,33,wells,9.205350081125896
5,melville,33,austen,9.15698997790997
5,melville,33,fitzgerald,9.296855926513672
5,melville,33,twain,9.242156410217286
5,melville,34,train,9.06519145965576
5,melville,34,baum,9.2044997215271
5,melville,34,thompson,9.25867772102356
5,melville,34,dickens,9.117516644795735
5,melville,34,melville,9.10708893669976
5,melville,34,wells,9.16637643178304
5,melville,34,austen,9.115965843200684
5,melville,34,fitzgerald,9.25980636051723
5,melville,34,twain,9.20454511642456
5,melville,35,train,9.012498664855958
5,melville,35,baum,9.166681051254272
5,melville,35,thompson,9.222774028778076
5,melville,35,dickens,9.077675946553548
5,melville,35,melville,9.068132294548882
5,melville,35,wells,9.127512772878012
5,melville,35,austen,9.075378197890062
5,melville,35,fitzgerald,9.22308077130999
5,melville,35,twain,9.16756296157837
5,melville,36,train,8.974487495422363
5,melville,36,baum,9.128262281417848
5,melville,36,thompson,9.186513423919678
5,melville,36,dickens,9.037985102335613
5,melville,36,melville,9.029747327168783
5,melville,36,wells,9.088808377583822
5,melville,36,austen,9.034775660588192
5,melville,36,fitzgerald,9.185911178588867
5,melville,36,twain,9.129304885864258
5,melville,37,train,8.931635856628418
5,melville,37,baum,9.091533899307253
5,melville,37,thompson,9.151559591293337
5,melville,37,dickens,8.999057165781657
5,melville,37,melville,8.991070641411675
5,melville,37,wells,9.051480293273926
5,melville,37,austen,8.995496969956617
5,melville,37,fitzgerald,9.15045874459403
5,melville,37,twain,9.093545055389404
5,melville,38,train,8.895395469665527
5,melville,38,baum,9.054868936538696
5,melville,38,thompson,9.116902351379396
5,melville,38,dickens,8.960498746236166
5,melville,38,melville,8.953321668836805
5,melville,38,wells,9.013409614562988
5,melville,38,austen,8.955874883211576
5,melville,38,fitzgerald,9.114928926740374
5,melville,38,twain,9.05705966949463
5,melville,39,train,8.851061820983887
5,melville,39,baum,9.019805192947388
5,melville,39,thompson,9.083254098892212
5,melville,39,dickens,8.922095648447673
5,melville,39,melville,8.916520436604818
5,melville,39,wells,8.977401733398438
5,melville,39,austen,8.917076550997221
5,melville,39,fitzgerald,9.080310412815638
5,melville,39,twain,9.021680068969726
5,melville,40,train,8.811128425598145
5,melville,40,baum,8.982463121414185
5,melville,40,thompson,9.048940896987917
5,melville,40,dickens,8.884503968556722
5,melville,40,melville,8.879428545633951
5,melville,40,wells,8.940186818440756
5,melville,40,austen,8.878356493436373
5,melville,40,fitzgerald,9.04522282736642
5,melville,40,twain,8.98647928237915
5,melville,41,train,8.779059219360352
5,melville,41,baum,8.947530508041382
5,melville,41,thompson,9.015626907348633
5,melville,41,dickens,8.847242323557536
5,melville,41,melville,8.843393325805664
5,melville,41,wells,8.9039200146993
5,melville,41,austen,8.840039473313551
5,melville,41,fitzgerald,9.010971341814312
5,melville,41,twain,8.951067447662354
5,melville,42,train,8.731495475769043
5,melville,42,baum,8.912338733673096
5,melville,42,thompson,8.982683181762695
5,melville,42,dickens,8.810394795735677
5,melville,42,melville,8.80746799045139
5,melville,42,wells,8.868288358052572
5,melville,42,austen,8.802348723778358
5,melville,42,fitzgerald,8.977306910923549
5,melville,42,twain,8.916809844970704
5,melville,43,train,8.688346099853515
5,melville,43,baum,8.878607273101807
5,melville,43,thompson,8.950366973876953
5,melville,43,dickens,8.77409200668335
5,melville,43,melville,8.772132449679905
5,melville,43,wells,8.833178997039795
5,melville,43,austen,8.765233333294209
5,melville,43,fitzgerald,8.94443838936942
5,melville,43,twain,8.883179855346679
5,melville,44,train,8.65802230834961
5,melville,44,baum,8.84415864944458
5,melville,44,thompson,8.918396472930908
5,melville,44,dickens,8.738311449686686
5,melville,44,melville,8.736839294433594
5,melville,44,wells,8.79835812250773
5,melville,44,austen,8.728835839491625
5,melville,44,fitzgerald,8.911104474748884
5,melville,44,twain,8.848789596557618
5,melville,45,train,8.61088924407959
5,melville,45,baum,8.81039834022522
5,melville,45,thompson,8.886541366577148
5,melville,45,dickens,8.70239315032959
5,melville,45,melville,8.702542304992676
5,melville,45,wells,8.764031887054443
5,melville,45,austen,8.692089300889235
5,melville,45,fitzgerald,8.87859753199986
5,melville,45,twain,8.815514278411865
5,melville,46,train,8.58701286315918
5,melville,46,baum,8.776861667633057
5,melville,46,thompson,8.855546474456787
5,melville,46,dickens,8.667064317067464
5,melville,46,melville,8.668585035536024
5,melville,46,wells,8.72983694076538
5,melville,46,austen,8.655864715576172
5,melville,46,fitzgerald,8.846617153712682
5,melville,46,twain,8.783193016052246
5,melville,47,train,8.543565368652343
5,melville,47,baum,8.743852615356445
5,melville,47,thompson,8.824410676956177
5,melville,47,dickens,8.632591819763183
5,melville,47,melville,8.635190645853678
5,melville,47,wells,8.6961620648702
5,melville,47,austen,8.620513475858248
5,melville,47,fitzgerald,8.81462560381208
5,melville,47,twain,8.749959182739257
5,melville,48,train,8.515792274475098
5,melville,48,baum,8.711608409881592
5,melville,48,thompson,8.793846607208252
5,melville,48,dickens,8.59798158009847
5,melville,48,melville,8.602409998575846
5,melville,48,wells,8.662784417470297
5,melville,48,austen,8.584874813373272
5,melville,48,fitzgerald,8.783370835440499
5,melville,48,twain,8.717565155029297
5,melville,49,train,8.471061515808106
5,melville,49,baum,8.680625915527344
5,melville,49,thompson,8.764448404312134
5,melville,49,dickens,8.56472438176473
5,melville,49,melville,8.570085949367947
5,melville,49,wells,8.630330562591553
5,melville,49,austen,8.550636511582594
5,melville,49,fitzgerald,8.753087724958148
5,melville,49,twain,8.686781978607177
5,melville,50,train,8.433267974853516
5,melville,50,baum,8.648626565933228
5,melville,50,thompson,8.734796285629272
5,melville,50,dickens,8.531078338623047
5,melville,50,melville,8.538127157423231
5,melville,50,wells,8.598223527272543
5,melville,50,austen,8.516671547522911
5,melville,50,fitzgerald,8.72252355303083
5,melville,50,twain,8.654821300506592
5,melville,51,train,8.395124816894532
5,melville,51,baum,8.617322206497192
5,melville,51,thompson,8.705114126205444
5,melville,51,dickens,8.497935517628987
5,melville,51,melville,8.506589465671116
5,melville,51,wells,8.566394964853922
5,melville,51,austen,8.483026651235727
5,melville,51,fitzgerald,8.692500795636859
5,melville,51,twain,8.623820686340332
5,melville,52,train,8.371397399902344
5,melville,52,baum,8.587671041488647
5,melville,52,thompson,8.677332162857056
5,melville,52,dickens,8.465682729085286
5,melville,52,melville,8.475468423631456
5,melville,52,wells,8.535295963287354
5,melville,52,austen,8.44996034182035
5,melville,52,fitzgerald,8.66343893323626
5,melville,52,twain,8.593448734283447
5,melville,53,train,8.336711883544922
5,melville,53,baum,8.558242559432983
5,melville,53,thompson,8.649227619171143
5,melville,53,dickens,8.434493859608969
5,melville,53,melville,8.44478956858317
5,melville,53,wells,8.504333972930908
5,melville,53,austen,8.417804864736704
5,melville,53,fitzgerald,8.634726115635463
5,melville,53,twain,8.564043140411377
5,melville,54,train,8.300346755981446
5,melville,54,baum,8.528827428817749
5,melville,54,thompson,8.622024059295654
5,melville,54,dickens,8.402690505981445
5,melville,54,melville,8.41469595167372
5,melville,54,wells,8.474060217539469
5,melville,54,austen,8.385175925034742
5,melville,54,fitzgerald,8.606392996651786
5,melville,54,twain,8.533554077148438
5,melville,55,train,8.26584358215332
5,melville,55,baum,8.499695777893066
5,melville,55,thompson,8.594444513320923
5,melville,55,dickens,8.371593634287516
5,melville,55,melville,8.38487466176351
5,melville,55,wells,8.444483757019043
5,melville,55,austen,8.353844275841347
5,melville,55,fitzgerald,8.578894751412529
5,melville,55,twain,8.505324935913086
5,melville,56,train,8.245094108581544
5,melville,56,baum,8.471372127532959
5,melville,56,thompson,8.568087816238403
5,melville,56,dickens,8.341039021809896
5,melville,56,melville,8.355879147847494
5,melville,56,wells,8.414681593577066
5,melville,56,austen,8.322216914250301
5,melville,56,fitzgerald,8.551300048828125
5,melville,56,twain,8.47645616531372
5,melville,57,train,8.229671859741211
5,melville,57,baum,8.443804264068604
5,melville,57,thompson,8.541728734970093
5,melville,57,dickens,8.311439037322998
5,melville,57,melville,8.32674397362603
5,melville,57,wells,8.385142962137857
5,melville,57,austen,8.291291897113506
5,melville,57,fitzgerald,8.523857389177595
5,melville,57,twain,8.44853401184082
5,melville,58,train,8.17195987701416
5,melville,58,baum,8.41572618484497
5,melville,58,thompson,8.515679597854614
5,melville,58,dickens,8.281657409667968
5,melville,58,melville,8.297728008694119
5,melville,58,wells,8.356558958689371
5,melville,58,austen,8.261275731600248
5,melville,58,fitzgerald,8.497241292681013
5,melville,58,twain,8.421060276031493
5,melville,59,train,8.138860511779786
5,melville,59,baum,8.388670444488525
5,melville,59,thompson,8.49042820930481
5,melville,59,dickens,8.252441183725994
5,melville,59,melville,8.269391059875488
5,melville,59,wells,8.3287672996521
5,melville,59,austen,8.232025439922626
5,melville,59,fitzgerald,8.471220561436244
5,melville,59,twain,8.394248294830323
5,melville,60,train,8.128229713439941
5,melville,60,baum,8.362305164337158
5,melville,60,thompson,8.465317010879517
5,melville,60,dickens,8.223707008361817
5,melville,60,melville,8.241382810804579
5,melville,60,wells,8.301369508107504
5,melville,60,austen,8.202959574185885
5,melville,60,fitzgerald,8.445566313607353
5,melville,60,twain,8.367636585235596
5,melville,61,train,8.089605331420898
5,melville,61,baum,8.335734844207764
5,melville,61,thompson,8.440282583236694
5,melville,61,dickens,8.195377985636393
5,melville,61,melville,8.213997628953722
5,melville,61,wells,8.273795286814371
5,melville,61,austen,8.173534613389235
5,melville,61,fitzgerald,8.420255388532366
5,melville,61,twain,8.341733169555663
5,melville,62,train,8.059876632690429
5,melville,62,baum,8.309892416000366
5,melville,62,thompson,8.415688753128052
5,melville,62,dickens,8.16725304921468
5,melville,62,melville,8.187120861477322
5,melville,62,wells,8.246272087097168
5,melville,62,austen,8.14420824784499
5,melville,62,fitzgerald,8.394732202802386
5,melville,62,twain,8.315703105926513
5,melville,63,train,8.007693672180176
5,melville,63,baum,8.283807754516602
5,melville,63,thompson,8.391306161880493
5,melville,63,dickens,8.139333248138428
5,melville,63,melville,8.160736507839626
5,melville,63,wells,8.220143636067709
5,melville,63,austen,8.116238814133863
5,melville,63,fitzgerald,8.370575768607003
5,melville,63,twain,8.289702987670898
5,melville,64,train,8.007444763183594
5,melville,64,baum,8.258671998977661
5,melville,64,thompson,8.367639303207397
5,melville,64,dickens,8.111773777008057
5,melville,64,melville,8.134161843193901
5,melville,64,wells,8.193269888559977
5,melville,64,austen,8.087806921738844
5,melville,64,fitzgerald,8.345389229910714
5,melville,64,twain,8.263924360275269
5,melville,65,train,7.971912670135498
5,melville,65,baum,8.233739137649536
5,melville,65,thompson,8.344239950180054
5,melville,65,dickens,8.08490482966105
5,melville,65,melville,8.108356475830078
5,melville,65,wells,8.167376518249512
5,melville,65,austen,8.060396854694073
5,melville,65,fitzgerald,8.321462767464775
5,melville,65,twain,8.239356470108032
5,melville,66,train,7.931801128387451
5,melville,66,baum,8.209086894989014
5,melville,66,thompson,8.321910858154297
5,melville,66,dickens,8.058691676457723
5,melville,66,melville,8.0831421746148
5,melville,66,wells,8.142717838287354
5,melville,66,austen,8.033849569467398
5,melville,66,fitzgerald,8.298734256199428
5,melville,66,twain,8.214386129379273
5,melville,67,train,7.913611221313476
5,melville,67,baum,8.18514370918274
5,melville,67,thompson,8.299146890640259
5,melville,67,dickens,8.033034261067709
5,melville,67,melville,8.057561026679146
5,melville,67,wells,8.116804758707682
5,melville,67,austen,8.007034118358906
5,melville,67,fitzgerald,8.274547576904297
5,melville,67,twain,8.19090838432312
5,melville,68,train,7.87465238571167
5,melville,68,baum,8.161667346954346
5,melville,68,thompson,8.277906656265259
5,melville,68,dickens,8.007075993220012
5,melville,68,melville,8.033272160424126
5,melville,68,wells,8.093036015828451
5,melville,68,austen,7.980949035057654
5,melville,68,fitzgerald,8.252905709402901
5,melville,68,twain,8.167554187774659
5,melville,69,train,7.86117115020752
5,melville,69,baum,8.138068914413452
5,melville,69,thompson,8.255779266357422
5,melville,69,dickens,7.982147884368897
5,melville,69,melville,8.008562882741293
5,melville,69,wells,8.068788687388102
5,melville,69,austen,7.955977990077092
5,melville,69,fitzgerald,8.230504989624023
5,melville,69,twain,8.143998289108277
5,melville,70,train,7.847028636932373
5,melville,70,baum,8.114785552024841
5,melville,70,thompson,8.234202146530151
5,melville,70,dickens,7.957348378499349
5,melville,70,melville,7.98457866244846
5,melville,70,wells,8.044264952341715
5,melville,70,austen,7.930482094104473
5,melville,70,fitzgerald,8.208280427115303
5,melville,70,twain,8.120998287200928
5,melville,71,train,7.789687633514404
5,melville,71,baum,8.091292381286621
5,melville,71,thompson,8.212483406066895
5,melville,71,dickens,7.933167902628581
5,melville,71,melville,7.960790210300022
5,melville,71,wells,8.020254691441854
5,melville,71,austen,7.90580833875216
5,melville,71,fitzgerald,8.186241558619908
5,melville,71,twain,8.098203802108765
5,melville,72,train,7.77353401184082
5,melville,72,baum,8.068767309188843
5,melville,72,thompson,8.191488265991211
5,melville,72,dickens,7.908582814534506
5,melville,72,melville,7.937194241417779
5,melville,72,wells,7.99642809232076
5,melville,72,austen,7.8810601234436035
5,melville,72,fitzgerald,8.164239747183663
5,melville,72,twain,8.074827909469604
5,melville,73,train,7.763150405883789
5,melville,73,baum,8.046886920928955
5,melville,73,thompson,8.171077728271484
5,melville,73,dickens,7.8853568871816
5,melville,73,melville,7.914488686455621
5,melville,73,wells,7.97393536567688
5,melville,73,austen,7.858326618488018
5,melville,73,fitzgerald,8.14388724735805
5,melville,73,twain,8.05377984046936
5,melville,74,train,7.731225872039795
5,melville,74,baum,8.024821043014526
5,melville,74,thompson,8.15081512928009
5,melville,74,dickens,7.862345790863037
5,melville,74,melville,7.891887399885389
5,melville,74,wells,7.950921773910522
5,melville,74,austen,7.835106189434345
5,melville,74,fitzgerald,8.123121397835869
5,melville,74,twain,8.032313442230224
5,melville,75,train,7.719052505493164
5,melville,75,baum,8.003602743148804
5,melville,75,thompson,8.130970120429993
5,melville,75,dickens,7.839392312367758
5,melville,75,melville,7.869354354010688
5,melville,75,wells,7.928272326787312
5,melville,75,austen,7.8115895344660835
5,melville,75,fitzgerald,8.102112633841378
5,melville,75,twain,8.010787057876588
5,melville,76,train,7.6789874076843265
5,melville,76,baum,7.982885241508484
5,melville,76,thompson,8.11167025566101
5,melville,76,dickens,7.8168904463450115
5,melville,76,melville,7.848198413848877
5,melville,76,wells,7.907383839289348
5,melville,76,austen,7.789434653062087
5,melville,76,fitzgerald,8.082912717546735
5,melville,76,twain,7.990628957748413
5,melville,77,train,7.664799404144287
5,melville,77,baum,7.961945414543152
5,melville,77,thompson,8.091872096061707
5,melville,77,dickens,7.794315830866496
5,melville,77,melville,7.826976617177327
5,melville,77,wells,7.884894847869873
5,melville,77,austen,7.766378439389742
5,melville,77,fitzgerald,8.062465054648262
5,melville,77,twain,7.969919157028198
5,melville,78,train,7.6479589462280275
5,melville,78,baum,7.941916227340698
5,melville,78,thompson,8.073837518692017
5,melville,78,dickens,7.772557942072551
5,melville,78,melville,7.806010564168294
5,melville,78,wells,7.864159345626831
5,melville,78,austen,7.744249380551851
5,melville,78,fitzgerald,8.04363911492484
5,melville,78,twain,7.949875545501709
5,melville,79,train,7.631545257568359
5,melville,79,baum,7.921912670135498
5,melville,79,thompson,8.0550297498703
5,melville,79,dickens,7.751371685663859
5,melville,79,melville,7.785100989871555
5,melville,79,wells,7.842916011810303
5,melville,79,austen,7.722761741051307
5,melville,79,fitzgerald,8.024179526737758
5,melville,79,twain,7.931120252609253
5,melville,80,train,7.616261863708496
5,melville,80,baum,7.902674436569214
5,melville,80,thompson,8.037017226219177
5,melville,80,dickens,7.730315478642781
5,melville,80,melville,7.764482233259413
5,melville,80,wells,7.822426637013753
5,melville,80,austen,7.70175079198984
5,melville,80,fitzgerald,8.005466393062047
5,melville,80,twain,7.91194519996643
5,melville,81,train,7.600182247161865
5,melville,81,baum,7.884318709373474
5,melville,81,thompson,8.020471215248108
5,melville,81,dickens,7.709606170654297
5,melville,81,melville,7.744217872619629
5,melville,81,wells,7.803402185440063
5,melville,81,austen,7.681612711686355
5,melville,81,fitzgerald,7.988431658063616
5,melville,81,twain,7.894378185272217
5,melville,82,train,7.556919479370117
5,melville,82,baum,7.865289211273193
5,melville,82,thompson,8.003475785255432
5,melville,82,dickens,7.689919185638428
5,melville,82,melville,7.725112067328559
5,melville,82,wells,7.784243583679199
5,melville,82,austen,7.661671785207895
5,melville,82,fitzgerald,7.970987728663853
5,melville,82,twain,7.87641716003418
5,melville,83,train,7.5464599609375
5,melville,83,baum,7.847188353538513
5,melville,83,thompson,7.986065149307251
5,melville,83,dickens,7.669504054387411
5,melville,83,melville,7.705838733249241
5,melville,83,wells,7.764142990112305
5,melville,83,austen,7.640943673940805
5,melville,83,fitzgerald,7.95258937563215
5,melville,83,twain,7.858760213851928
5,melville,84,train,7.504210472106934
5,melville,84,baum,7.828622817993164
5,melville,84,thompson,7.969123244285583
5,melville,84,dickens,7.650022681554159
5,melville,84,melville,7.68695608774821
5,melville,84,wells,7.745095491409302
5,melville,84,austen,7.621168650113619
5,melville,84,fitzgerald,7.935509409223284
5,melville,84,twain,7.839617109298706
5,melville,85,train,7.501038265228272
5,melville,85,baum,7.811058521270752
5,melville,85,thompson,7.953306794166565
5,melville,85,dickens,7.630419063568115
5,melville,85,melville,7.66833406024509
5,melville,85,wells,7.726960738499959
5,melville,85,austen,7.602154474992019
5,melville,85,fitzgerald,7.918839863368443
5,melville,85,twain,7.822397470474243
5,melville,86,train,7.453829765319824
5,melville,86,baum,7.793109774589539
5,melville,86,thompson,7.936556935310364
5,melville,86,dickens,7.611016257603963
5,melville,86,melville,7.650468561384413
5,melville,86,wells,7.708401282628377
5,melville,86,austen,7.582627883324256
5,melville,86,fitzgerald,7.902350766318185
5,melville,86,twain,7.806499767303467
5,melville,87,train,7.44910364151001
5,melville,87,baum,7.775374174118042
5,melville,87,thompson,7.920896410942078
5,melville,87,dickens,7.592299175262451
5,melville,87,melville,7.63197300169203
5,melville,87,wells,7.690793673197429
5,melville,87,austen,7.564067767216609
5,melville,87,fitzgerald,7.885764190128872
5,melville,87,twain,7.788501691818237
5,melville,88,train,7.410958290100098
5,melville,88,baum,7.758176922798157
5,melville,88,thompson,7.905511498451233
5,melville,88,dickens,7.573907931645711
5,melville,88,melville,7.61465326944987
5,melville,88,wells,7.6730756759643555
5,melville,88,austen,7.54559483894935
5,melville,88,fitzgerald,7.869645936148507
5,melville,88,twain,7.7715576171875
5,melville,89,train,7.4392290115356445
5,melville,89,baum,7.741143107414246
5,melville,89,thompson,7.889544725418091
5,melville,89,dickens,7.556500673294067
5,melville,89,melville,7.597256077660455
5,melville,89,wells,7.654616912206014
5,melville,89,austen,7.528005563295805
5,melville,89,fitzgerald,7.852836404527936
5,melville,89,twain,7.755724430084228
5,melville,90,train,7.385503005981445
5,melville,90,baum,7.725650787353516
5,melville,90,thompson,7.875362515449524
5,melville,90,dickens,7.538077354431152
5,melville,90,melville,7.580246501498753
5,melville,90,wells,7.638727347056071
5,melville,90,austen,7.510240077972412
5,melville,90,fitzgerald,7.8387234551565985
5,melville,90,twain,7.739262676239013
5,melville,91,train,7.379401111602784
5,melville,91,baum,7.708874225616455
5,melville,91,thompson,7.860170841217041
5,melville,91,dickens,7.521040693918864
5,melville,91,melville,7.562712457444933
5,melville,91,wells,7.620671033859253
5,melville,91,austen,7.492892338679387
5,melville,91,fitzgerald,7.822663579668317
5,melville,91,twain,7.723598146438599
5,melville,92,train,7.320788383483887
5,melville,92,baum,7.69295597076416
5,melville,92,thompson,7.84608256816864
5,melville,92,dickens,7.503741772969564
5,melville,92,melville,7.546524100833469
5,melville,92,wells,7.604382038116455
5,melville,92,austen,7.47576196377094
5,melville,92,fitzgerald,7.808165822710309
5,melville,92,twain,7.7087846279144285
5,melville,93,train,7.351864337921143
5,melville,93,baum,7.677496552467346
5,melville,93,thompson,7.831527829170227
5,melville,93,dickens,7.48619917233785
5,melville,93,melville,7.529808256361219
5,melville,93,wells,7.587652683258057
5,melville,93,austen,7.45865535736084
5,melville,93,fitzgerald,7.792542525700161
5,melville,93,twain,7.6932861328125
5,melville,94,train,7.316222286224365
5,melville,94,baum,7.661990880966186
5,melville,94,thompson,7.817822098731995
5,melville,94,dickens,7.470075909296671
5,melville,94,melville,7.513964653015137
5,melville,94,wells,7.5720672607421875
5,melville,94,austen,7.442271379324106
5,melville,94,fitzgerald,7.778642926897321
5,melville,94,twain,7.678228187561035
5,melville,95,train,7.328813457489014
5,melville,95,baum,7.647595643997192
5,melville,95,thompson,7.804356813430786
5,melville,95,dickens,7.453126541773478
5,melville,95,melville,7.498722553253174
5,melville,95,wells,7.556717713673909
5,melville,95,austen,7.425183442922739
5,melville,95,fitzgerald,7.764814581189837
5,melville,95,twain,7.664201784133911
5,melville,96,train,7.287895202636719
5,melville,96,baum,7.633518934249878
5,melville,96,thompson,7.7915931940078735
5,melville,96,dickens,7.43864467938741
5,melville,96,melville,7.484195974138048
5,melville,96,wells,7.543161710103353
5,melville,96,austen,7.4109374559842625
5,melville,96,fitzgerald,7.752743721008301
5,melville,96,twain,7.651764440536499
5,melville,97,train,7.250426959991455
5,melville,97,baum,7.619647026062012
5,melville,97,thompson,7.779093742370605
5,melville,97,dickens,7.422667598724365
5,melville,97,melville,7.469660335116917
5,melville,97,wells,7.526636123657227
5,melville,97,austen,7.3938787166888895
5,melville,97,fitzgerald,7.738068171909878
5,melville,97,twain,7.6368653774261475
5,melville,98,train,7.263443470001221
5,melville,98,baum,7.604754328727722
5,melville,98,thompson,7.766002178192139
5,melville,98,dickens,7.408097298940023
5,melville,98,melville,7.454929934607612
5,melville,98,wells,7.51304562886556
5,melville,98,austen,7.380053373483511
5,melville,98,fitzgerald,7.725718089512417
5,melville,98,twain,7.623622989654541
5,melville,99,train,7.238289260864258
5,melville,99,baum,7.591744303703308
5,melville,99,thompson,7.753850340843201
5,melville,99,dickens,7.392503801981608
5,melville,99,melville,7.440265549553765
5,melville,99,wells,7.498042980829875
5,melville,99,austen,7.364223590263953
5,melville,99,fitzgerald,7.712392330169678
5,melville,99,twain,7.611004257202149
5,melville,100,train,7.230606842041015
5,melville,100,baum,7.577770352363586
5,melville,100,thompson,7.741417646408081
5,melville,100,dickens,7.378221797943115
5,melville,100,melville,7.426025761498345
5,melville,100,wells,7.484233220418294
5,melville,100,austen,7.350426893967849
5,melville,100,fitzgerald,7.699859959738595
5,melville,100,twain,7.597781419754028
5,melville,101,train,7.224577140808106
5,melville,101,baum,7.564518213272095
5,melville,101,thompson,7.728858947753906
5,melville,101,dickens,7.363703616460165
5,melville,101,melville,7.411901050143772
5,melville,101,wells,7.470774968465169
5,melville,101,austen,7.3364542080805855
5,melville,101,fitzgerald,7.687596661703927
5,melville,101,twain,7.585551643371582
5,melville,102,train,7.192575836181641
5,melville,102,baum,7.551428556442261
5,melville,102,thompson,7.717587232589722
5,melville,102,dickens,7.349369923273723
5,melville,102,melville,7.398122628529866
5,melville,102,wells,7.456971486409505
5,melville,102,austen,7.321655456836407
5,melville,102,fitzgerald,7.675292423793247
5,melville,102,twain,7.5731260776519775
5,melville,103,train,7.179297065734863
5,melville,103,baum,7.538532972335815
5,melville,103,thompson,7.705786824226379
5,melville,103,dickens,7.3356298605601
5,melville,103,melville,7.384630468156603
5,melville,103,wells,7.443818251291911
5,melville,103,austen,7.308575263390174
5,melville,103,fitzgerald,7.663253034864153
5,melville,103,twain,7.561185455322265
5,melville,104,train,7.16650390625
5,melville,104,baum,7.52586555480957
5,melville,104,thompson,7.69465970993042
5,melville,104,dickens,7.322335894902547
5,melville,104,melville,7.371692445543077
5,melville,104,wells,7.4314320882161455
5,melville,104,austen,7.296028687403752
5,melville,104,fitzgerald,7.651969841548374
5,melville,104,twain,7.550240993499756
5,melville,105,train,7.138190269470215
5,melville,105,baum,7.513276934623718
5,melville,105,thompson,7.683667898178101
5,melville,105,dickens,7.309239149093628
5,melville,105,melville,7.359358893500434
5,melville,105,wells,7.419006586074829
5,melville,105,austen,7.283244829911452
5,melville,105,fitzgerald,7.640823091779437
5,melville,105,twain,7.539323043823242
5,melville,106,train,7.122493553161621
5,melville,106,baum,7.500591158866882
5,melville,106,thompson,7.672268033027649
5,melville,106,dickens,7.295854091644287
5,melville,106,melville,7.346605035993788
5,melville,106,wells,7.405112822850545
5,melville,106,austen,7.269465666550857
5,melville,106,fitzgerald,7.628705637795584
5,melville,106,twain,7.527004289627075
5,melville,107,train,7.143524932861328
5,melville,107,baum,7.488921880722046
5,melville,107,thompson,7.661874055862427
5,melville,107,dickens,7.283809010187785
5,melville,107,melville,7.333841535780165
5,melville,107,wells,7.393366098403931
5,melville,107,austen,7.25825808598445
5,melville,107,fitzgerald,7.618222372872489
5,melville,107,twain,7.517086505889893
5,melville,108,train,7.080860614776611
5,melville,108,baum,7.477008581161499
5,melville,108,thompson,7.651811599731445
5,melville,108,dickens,7.270813528696696
5,melville,108,melville,7.3218321270412865
5,melville,108,wells,7.381003379821777
5,melville,108,austen,7.244972155644343
5,melville,108,fitzgerald,7.607228074754987
5,melville,108,twain,7.506165456771851
5,melville,109,train,7.096983242034912
5,melville,109,baum,7.464990735054016
5,melville,109,thompson,7.641032934188843
5,melville,109,dickens,7.25862185160319
5,melville,109,melville,7.309583293067084
5,melville,109,wells,7.369499206542969
5,melville,109,austen,7.23320825283344
5,melville,109,fitzgerald,7.596971648080008
5,melville,109,twain,7.495159530639649
5,melville,110,train,7.074189186096191
5,melville,110,baum,7.454402565956116
5,melville,110,thompson,7.631594300270081
5,melville,110,dickens,7.246308358510335
5,melville,110,melville,7.297790898217095
5,melville,110,wells,7.357403675715129
5,melville,110,austen,7.220714275653545
5,melville,110,fitzgerald,7.586559976850237
5,melville,110,twain,7.484642553329468
5,melville,111,train,7.081213569641113
5,melville,111,baum,7.442530274391174
5,melville,111,thompson,7.62187123298645
5,melville,111,dickens,7.234912347793579
5,melville,111,melville,7.286490228441027
5,melville,111,wells,7.345847447713216
5,melville,111,austen,7.209500312805176
5,melville,111,fitzgerald,7.576364585331508
5,melville,111,twain,7.474708414077758
5,melville,112,train,7.05849552154541
5,melville,112,baum,7.432441473007202
5,melville,112,thompson,7.613184690475464
5,melville,112,dickens,7.223293924331665
5,melville,112,melville,7.275308820936415
5,melville,112,wells,7.335767507553101
5,melville,112,austen,7.198662391075721
5,melville,112,fitzgerald,7.567337989807129
5,melville,112,twain,7.465528583526611
5,melville,113,train,7.035304832458496
5,melville,113,baum,7.421508073806763
5,melville,113,thompson,7.604105949401855
5,melville,113,dickens,7.212788518269857
5,melville,113,melville,7.264065795474583
5,melville,113,wells,7.32354752222697
5,melville,113,austen,7.187486978677603
5,melville,113,fitzgerald,7.557247025626046
5,melville,113,twain,7.4560302734375
5,melville,114,train,7.015097045898438
5,melville,114,baum,7.410771012306213
5,melville,114,thompson,7.595282196998596
5,melville,114,dickens,7.201850048700968
5,melville,114,melville,7.252724117702908
5,melville,114,wells,7.313082853953044
5,melville,114,austen,7.177093139061561
5,melville,114,fitzgerald,7.548025267464774
5,melville,114,twain,7.446919584274292
5,melville,115,train,7.016750240325928
5,melville,115,baum,7.400505781173706
5,melville,115,thompson,7.5860835313797
5,melville,115,dickens,7.190450684229533
5,melville,115,melville,7.2423547638787165
5,melville,115,wells,7.30359943707784
5,melville,115,austen,7.166497120490441
5,melville,115,fitzgerald,7.539241586412702
5,melville,115,twain,7.437765407562256
5,melville,116,train,7.021705627441406
5,melville,116,baum,7.390862941741943
5,melville,116,thompson,7.577972173690796
5,melville,116,dickens,7.180397431055705
5,melville,116,melville,7.231360806359185
5,melville,116,wells,7.293387492497762
5,melville,116,austen,7.156876307267409
5,melville,116,fitzgerald,7.530121939522879
5,melville,116,twain,7.428662872314453
5,melville,117,train,6.985073471069336
5,melville,117,baum,7.379712462425232
5,melville,117,thompson,7.569132447242737
5,melville,117,dickens,7.16982479095459
5,melville,117,melville,7.221203433142768
5,melville,117,wells,7.282492319742839
5,melville,117,austen,7.146498019878681
5,melville,117,fitzgerald,7.521048750196185
5,melville,117,twain,7.42001748085022
5,melville,118,train,6.970942878723145
5,melville,118,baum,7.369742274284363
5,melville,118,thompson,7.560738086700439
5,melville,118,dickens,7.159824466705322
5,melville,118,melville,7.211463875240749
5,melville,118,wells,7.272753159205119
5,melville,118,austen,7.137023412264311
5,melville,118,fitzgerald,7.512409755161831
5,melville,118,twain,7.41131010055542
5,melville,119,train,6.995821762084961
5,melville,119,baum,7.360976815223694
5,melville,119,thompson,7.552621245384216
5,melville,119,dickens,7.149396896362305
5,melville,119,melville,7.201388623979357
5,melville,119,wells,7.263141632080078
5,melville,119,austen,7.127414483290452
5,melville,119,fitzgerald,7.503676755087716
5,melville,119,twain,7.402082967758178
5,melville,120,train,6.9813627243042
5,melville,120,baum,7.351809501647949
5,melville,120,thompson,7.544867396354675
5,melville,120,dickens,7.139220889409383
5,melville,120,melville,7.192094484965007
5,melville,120,wells,7.253574212392171
5,melville,120,austen,7.11773916391226
5,melville,120,fitzgerald,7.49574259349278
5,melville,120,twain,7.39474925994873
5,melville,121,train,6.945190334320069
5,melville,121,baum,7.341577291488647
5,melville,121,thompson,7.536885857582092
5,melville,121,dickens,7.131956084569295
5,melville,121,melville,7.183909469180637
5,melville,121,wells,7.246661027272542
5,melville,121,austen,7.1115219776447
5,melville,121,fitzgerald,7.488824571881976
5,melville,121,twain,7.388384437561035
5,melville,122,train,6.949894428253174
5,melville,122,baum,7.333356022834778
5,melville,122,thompson,7.528736472129822
5,melville,122,dickens,7.120315869649251
5,melville,122,melville,7.17364517847697
5,melville,122,wells,7.2366416454315186
5,melville,122,austen,7.100925262157734
5,melville,122,fitzgerald,7.480106626238141
5,melville,122,twain,7.379960775375366
5,melville,123,train,6.936996555328369
5,melville,123,baum,7.324188947677612
5,melville,123,thompson,7.521450400352478
5,melville,123,dickens,7.1126410643259685
5,melville,123,melville,7.165258089701335
5,melville,123,wells,7.228231191635132
5,melville,123,austen,7.093434810638428
5,melville,123,fitzgerald,7.473049436296735
5,melville,123,twain,7.373453664779663
5,melville,124,train,6.967265510559082
5,melville,124,baum,7.31688117980957
5,melville,124,thompson,7.514591097831726
5,melville,124,dickens,7.103587007522583
5,melville,124,melville,7.156377421485053
5,melville,124,wells,7.219128449757894
5,melville,124,austen,7.084701061248779
5,melville,124,fitzgerald,7.465494019644601
5,melville,124,twain,7.365586280822754
5,melville,125,train,6.913635349273681
5,melville,125,baum,7.309078812599182
5,melville,125,thompson,7.507760524749756
5,melville,125,dickens,7.094640922546387
5,melville,125,melville,7.147674295637343
5,melville,125,wells,7.211963415145874
5,melville,125,austen,7.077108823336088
5,melville,125,fitzgerald,7.458860533578055
5,melville,125,twain,7.35935230255127
5,melville,126,train,6.902571392059326
5,melville,126,baum,7.299421668052673
5,melville,126,thompson,7.500572919845581
5,melville,126,dickens,7.08666353225708
5,melville,126,melville,7.139606316884358
5,melville,126,wells,7.203904310862224
5,melville,126,austen,7.069568854111892
5,melville,126,fitzgerald,7.4515557289123535
5,melville,126,twain,7.353351211547851
5,melville,127,train,6.911498260498047
5,melville,127,baum,7.2917046546936035
5,melville,127,thompson,7.493144392967224
5,melville,127,dickens,7.07797122001648
5,melville,127,melville,7.131196127997504
5,melville,127,wells,7.195764938990275
5,melville,127,austen,7.06183044727032
5,melville,127,fitzgerald,7.444297722407749
5,melville,127,twain,7.346453523635864
5,melville,128,train,6.905930233001709
5,melville,128,baum,7.283815383911133
5,melville,128,thompson,7.486159086227417
5,melville,128,dickens,7.069481801986695
5,melville,128,melville,7.123809708489312
5,melville,128,wells,7.187705119450887
5,melville,128,austen,7.054103301121638
5,melville,128,fitzgerald,7.437736102512905
5,melville,128,twain,7.340210962295532
5,melville,129,train,6.85485544204712
5,melville,129,baum,7.275857329368591
5,melville,129,thompson,7.479605674743652
5,melville,129,dickens,7.062234433492025
5,melville,129,melville,7.116220156351726
5,melville,129,wells,7.180274645487468
5,melville,129,austen,7.047669263986441
5,melville,129,fitzgerald,7.431448323386056
5,melville,129,twain,7.334447765350342
5,melville,130,train,6.88095006942749
5,melville,130,baum,7.267726302146912
5,melville,130,thompson,7.472880601882935
5,melville,130,dickens,7.053270101547241
5,melville,130,melville,7.108130666944716
5,melville,130,wells,7.171984752019246
5,melville,130,austen,7.039163406078632
5,melville,130,fitzgerald,7.424145357949393
5,melville,130,twain,7.326692247390747
5,melville,131,train,6.873893451690674
5,melville,131,baum,7.260422706604004
5,melville,131,thompson,7.466051340103149
5,melville,131,dickens,7.046014833450317
5,melville,131,melville,7.100396474202474
5,melville,131,wells,7.164577881495158
5,melville,131,austen,7.032070343311016
5,melville,131,fitzgerald,7.418133871895926
5,melville,131,twain,7.321517133712769
5,melville,132,train,6.835362720489502
5,melville,132,baum,7.253412008285522
5,melville,132,thompson,7.460625767707825
5,melville,132,dickens,7.037578153610229
5,melville,132,melville,7.092626942528619
5,melville,132,wells,7.157368103663127
5,melville,132,austen,7.024331056154692
5,melville,132,fitzgerald,7.411846092769077
5,melville,132,twain,7.315162992477417
5,melville,133,train,6.863871765136719
5,melville,133,baum,7.2447333335876465
5,melville,133,thompson,7.454218149185181
5,melville,133,dickens,7.031168429056804
5,melville,133,melville,7.085670577155219
5,melville,133,wells,7.150568246841431
5,melville,133,austen,7.018036328829252
5,melville,133,fitzgerald,7.405647073473249
5,melville,133,twain,7.31011438369751
5,melville,134,train,6.8345520973205565
5,melville,134,baum,7.238894462585449
5,melville,134,thompson,7.448880076408386
5,melville,134,dickens,7.023091204961141
5,melville,134,melville,7.078044096628825
5,melville,134,wells,7.143883625666301
5,melville,134,austen,7.010870163257305
5,melville,134,fitzgerald,7.399896008627755
5,melville,134,twain,7.305683660507202
5,melville,135,train,6.822862052917481
5,melville,135,baum,7.230624079704285
5,melville,135,thompson,7.442887663841248
5,melville,135,dickens,7.016197077433268
5,melville,135,melville,7.070775243971083
5,melville,135,wells,7.136683940887451
5,melville,135,austen,7.004421857687143
5,melville,135,fitzgerald,7.393895898546491
5,melville,135,twain,7.299173784255982
5,melville,136,train,6.81209716796875
5,melville,136,baum,7.224431276321411
5,melville,136,thompson,7.437601447105408
5,melville,136,dickens,7.008935769399007
5,melville,136,melville,7.063532829284668
5,melville,136,wells,7.129198392232259
5,melville,136,austen,6.997068588550274
5,melville,136,fitzgerald,7.387791020529611
5,melville,136,twain,7.293629264831543
5,melville,137,train,6.803424453735351
5,melville,137,baum,7.218930959701538
5,melville,137,thompson,7.432758450508118
5,melville,137,dickens,7.002410093943278
5,melville,137,melville,7.0574947992960615
5,melville,137,wells,7.123775084813436
5,melville,137,austen,6.991401599003718
5,melville,137,fitzgerald,7.383180890764509
5,melville,137,twain,7.288764333724975
5,melville,138,train,6.777874946594238
5,melville,138,baum,7.211098670959473
5,melville,138,thompson,7.426599502563477
5,melville,138,dickens,6.9958919843037926
5,melville,138,melville,7.050996833377415
5,melville,138,wells,7.115580876668294
5,melville,138,austen,6.984246510725755
5,melville,138,fitzgerald,7.376338822501046
5,melville,138,twain,7.2817527770996096
5,melville,139,train,6.827979183197021
5,melville,139,baum,7.205304384231567
5,melville,139,thompson,7.421179175376892
5,melville,139,dickens,6.989075740178426
5,melville,139,melville,7.044713973999023
5,melville,139,wells,7.111436684926351
5,melville,139,austen,6.97934025984544
5,melville,139,fitzgerald,7.372104644775391
5,melville,139,twain,7.279152774810791
5,melville,140,train,6.774818992614746
5,melville,140,baum,7.198407530784607
5,melville,140,thompson,7.416157364845276
5,melville,140,dickens,6.9823386669158936
5,melville,140,melville,7.038754410213894
5,melville,140,wells,7.10486117998759
5,melville,140,austen,6.972895072056697
5,melville,140,fitzgerald,7.366652761186872
5,melville,140,twain,7.274045658111572
5,melville,141,train,6.783301925659179
5,melville,141,baum,7.192145586013794
5,melville,141,thompson,7.410058259963989
5,melville,141,dickens,6.976822106043498
5,melville,141,melville,7.031570593516032
5,melville,141,wells,7.097737709681193
5,melville,141,austen,6.967663654914269
5,melville,141,fitzgerald,7.360602106366839
5,melville,141,twain,7.267922592163086
5,melville,142,train,6.801330852508545
5,melville,142,baum,7.186633467674255
5,melville,142,thompson,7.405669927597046
5,melville,142,dickens,6.970589605967204
5,melville,142,melville,7.025851726531982
5,melville,142,wells,7.0921852588653564
5,melville,142,austen,6.962055096259484
5,melville,142,fitzgerald,7.356064251491001
5,melville,142,twain,7.263205528259277
5,melville,143,train,6.779576683044434
5,melville,143,baum,7.180152058601379
5,melville,143,thompson,7.400424003601074
5,melville,143,dickens,6.964749161402384
5,melville,143,melville,7.019418451521132
5,melville,143,wells,7.086944103240967
5,melville,143,austen,6.957710963029128
5,melville,143,fitzgerald,7.351204531533377
5,melville,143,twain,7.259024333953858
5,melville,144,train,6.773133563995361
5,melville,144,baum,7.175546288490295
5,melville,144,thompson,7.396098971366882
5,melville,144,dickens,6.958126227060954
5,melville,144,melville,7.013774024115668
5,melville,144,wells,7.082177559534709
5,melville,144,austen,6.952459041888897
5,melville,144,fitzgerald,7.347075053623745
5,melville,144,twain,7.256265974044799
5,melville,145,train,6.745201683044433
5,melville,145,baum,7.168282866477966
5,melville,145,thompson,7.391821265220642
5,melville,145,dickens,6.953040409088135
5,melville,145,melville,7.008921093410915
5,melville,145,wells,7.076382478078206
5,melville,145,austen,6.946583674504207
5,melville,145,fitzgerald,7.342435768672398
5,melville,145,twain,7.252437162399292
5,melville,146,train,6.728190326690674
5,melville,146,baum,7.162660241127014
5,melville,146,thompson,7.386265158653259
5,melville,146,dickens,6.947857522964478
5,melville,146,melville,7.00214433670044
5,melville,146,wells,7.070567448933919
5,melville,146,austen,6.941456574660081
5,melville,146,fitzgerald,7.337230478014264
5,melville,146,twain,7.245865392684936
5,melville,147,train,6.762963485717774
5,melville,147,baum,7.158543825149536
5,melville,147,thompson,7.382311105728149
5,melville,147,dickens,6.94067858060201
5,melville,147,melville,6.995653258429633
5,melville,147,wells,7.066145817438762
5,melville,147,austen,6.935485106248122
5,melville,147,fitzgerald,7.33329405103411
5,melville,147,twain,7.240443038940429
5,melville,148,train,6.739815521240234
5,melville,148,baum,7.1533766984939575
5,melville,148,thompson,7.379542827606201
5,melville,148,dickens,6.9369530042012535
5,melville,148,melville,6.990697966681586
5,melville,148,wells,7.061181386311849
5,melville,148,austen,6.93136923129742
5,melville,148,fitzgerald,7.330652100699289
5,melville,148,twain,7.240850305557251
5,melville,149,train,6.736615943908691
5,melville,149,baum,7.147447109222412
5,melville,149,thompson,7.374436497688293
5,melville,149,dickens,6.932441981633504
5,melville,149,melville,6.984905666775173
5,melville,149,wells,7.054461081822713
5,melville,149,austen,6.926223351405217
5,melville,149,fitzgerald,7.325684479304722
5,melville,149,twain,7.235478448867798
5,melville,150,train,6.725021171569824
5,melville,150,baum,7.142035603523254
5,melville,150,thompson,7.369126796722412
5,melville,150,dickens,6.92778959274292
5,melville,150,melville,6.979800436231825
5,melville,150,wells,7.050572872161865
5,melville,150,austen,6.922725494091328
5,melville,150,fitzgerald,7.321326323917934
5,melville,150,twain,7.229965686798096
5,melville,151,train,6.7135875701904295
5,melville,151,baum,7.136606693267822
5,melville,151,thompson,7.364721179008484
5,melville,151,dickens,6.923045126597087
5,melville,151,melville,6.974427435133192
5,melville,151,wells,7.046485185623169
5,melville,151,austen,6.918839381291316
5,melville,151,fitzgerald,7.317668914794922
5,melville,151,twain,7.2264646053314205
5,melville,152,train,6.718996047973633
5,melville,152,baum,7.13287889957428
5,melville,152,thompson,7.362646818161011
5,melville,152,dickens,6.917557414372762
5,melville,152,melville,6.969300482008192
5,melville,152,wells,7.042280753453572
5,melville,152,austen,6.913516411414514
5,melville,152,fitzgerald,7.31567028590611
5,melville,152,twain,7.22663688659668
5,melville,153,train,6.700943946838379
5,melville,153,baum,7.127970576286316
5,melville,153,thompson,7.357684373855591
5,melville,153,dickens,6.91158439318339
5,melville,153,melville,6.963014814588759
5,melville,153,wells,7.035982608795166
5,melville,153,austen,6.907885258014385
5,melville,153,fitzgerald,7.310115405491421
5,melville,153,twain,7.219864749908448
5,melville,154,train,6.647265529632568
5,melville,154,baum,7.123516917228699
5,melville,154,thompson,7.355471730232239
5,melville,154,dickens,6.906906970342001
5,melville,154,melville,6.959396680196126
5,melville,154,wells,7.031299193700154
5,melville,154,austen,6.902331975790171
5,melville,154,fitzgerald,7.306784697941372
5,melville,154,twain,7.21534252166748
5,melville,155,train,6.6796142578125
5,melville,155,baum,7.117047309875488
5,melville,155,thompson,7.348327159881592
5,melville,155,dickens,6.902116743723552
5,melville,155,melville,6.954575962490505
5,melville,155,wells,7.026731252670288
5,melville,155,austen,6.898992245013897
5,melville,155,fitzgerald,7.30170522417341
5,melville,155,twain,7.211298418045044
5,melville,156,train,6.662547397613525
5,melville,156,baum,7.111201524734497
5,melville,156,thompson,7.3443862199783325
5,melville,156,dickens,6.896631669998169
5,melville,156,melville,6.950027730729845
5,melville,156,wells,7.022089878718059
5,melville,156,austen,6.894350455357478
5,melville,156,fitzgerald,7.297765254974365
5,melville,156,twain,7.2091655254364015
5,melville,157,train,6.6840592384338375
5,melville,157,baum,7.107444167137146
5,melville,157,thompson,7.3419060707092285
5,melville,157,dickens,6.891762828826904
5,melville,157,melville,6.945367548200819
5,melville,157,wells,7.017844756444295
5,melville,157,austen,6.889357786912185
5,melville,157,fitzgerald,7.294492176600865
5,melville,157,twain,7.206827354431152
5,melville,158,train,6.665958976745605
5,melville,158,baum,7.101940751075745
5,melville,158,thompson,7.336309313774109
5,melville,158,dickens,6.890435059865316
5,melville,158,melville,6.940543439653185
5,melville,158,wells,7.01317040125529
5,melville,158,austen,6.8877919270442085
5,melville,158,fitzgerald,7.289369787488665
5,melville,158,twain,7.200250291824341
5,melville,159,train,6.65652904510498
5,melville,159,baum,7.097884774208069
5,melville,159,thompson,7.333622813224792
5,melville,159,dickens,6.881973759333293
5,melville,159,melville,6.934367709689671
5,melville,159,wells,7.007072687149048
5,melville,159,austen,6.879829260019156
5,melville,159,fitzgerald,7.285693236759731
5,melville,159,twain,7.195895099639893
5,melville,160,train,6.657005500793457
5,melville,160,baum,7.092932343482971
5,melville,160,thompson,7.328349232673645
5,melville,160,dickens,6.877824544906616
5,melville,160,melville,6.929340627458361
5,melville,160,wells,7.003335158030192
5,melville,160,austen,6.876733963306133
5,melville,160,fitzgerald,7.281706605638776
5,melville,160,twain,7.194674396514893
5,melville,161,train,6.654704475402832
5,melville,161,baum,7.087043762207031
5,melville,161,thompson,7.324571967124939
5,melville,161,dickens,6.87496829032898
5,melville,161,melville,6.924508995480007
5,melville,161,wells,6.997971614201863
5,melville,161,austen,6.8729221270634575
5,melville,161,fitzgerald,7.277198587145124
5,melville,161,twain,7.18923282623291
5,melville,162,train,6.67561445236206
5,melville,162,baum,7.084193587303162
5,melville,162,thompson,7.322559952735901
5,melville,162,dickens,6.868619743982951
5,melville,162,melville,6.920065932803684
5,melville,162,wells,6.994016647338867
5,melville,162,austen,6.867675927969126
5,melville,162,fitzgerald,7.275091239384243
5,melville,162,twain,7.187172174453735
5,melville,163,train,6.690000534057617
5,melville,163,baum,7.079513907432556
5,melville,163,thompson,7.316790699958801
5,melville,163,dickens,6.864737431208293
5,melville,163,melville,6.91465875837538
5,melville,163,wells,6.99027951558431
5,melville,163,austen,6.864671156956599
5,melville,163,fitzgerald,7.27040502003261
5,melville,163,twain,7.18418779373169
5,melville,164,train,6.642452144622803
5,melville,164,baum,7.0747538805007935
5,melville,164,thompson,7.315018534660339
5,melville,164,dickens,6.861147228876749
5,melville,164,melville,6.910750971900092
5,melville,164,wells,6.9865334033966064
5,melville,164,austen,6.86110181074876
5,melville,164,fitzgerald,7.2683915410723
5,melville,164,twain,7.180800819396973
5,melville,165,train,6.6275715827941895
5,melville,165,baum,7.070321083068848
5,melville,165,thompson,7.310187101364136
5,melville,165,dickens,6.854531606038411
5,melville,165,melville,6.906532658471002
5,melville,165,wells,6.981421868006389
5,melville,165,austen,6.855989822974572
5,melville,165,fitzgerald,7.26362555367606
5,melville,165,twain,7.179749393463135
5,melville,166,train,6.6502033233642575
5,melville,166,baum,7.064789533615112
5,melville,166,thompson,7.305810451507568
5,melville,166,dickens,6.852616882324218
5,melville,166,melville,6.90171660317315
5,melville,166,wells,6.977213303248088
5,melville,166,austen,6.852853188147912
5,melville,166,fitzgerald,7.260251998901367
5,melville,166,twain,7.173022270202637
5,melville,167,train,6.641063785552978
5,melville,167,baum,7.060235857963562
5,melville,167,thompson,7.300437808036804
5,melville,167,dickens,6.848846864700318
5,melville,167,melville,6.898244116041395
5,melville,167,wells,6.972704966862996
5,melville,167,austen,6.849675471966084
5,melville,167,fitzgerald,7.25585617337908
5,melville,167,twain,7.16747899055481
5,melville,168,train,6.611442852020264
5,melville,168,baum,7.056795358657837
5,melville,168,thompson,7.297330260276794
5,melville,168,dickens,6.841949335734049
5,melville,168,melville,6.893694347805447
5,melville,168,wells,6.968528111775716
5,melville,168,austen,6.844320664039025
5,melville,168,fitzgerald,7.252522877284458
5,melville,168,twain,7.166542720794678
5,melville,169,train,6.62250919342041
5,melville,169,baum,7.051233530044556
5,melville,169,thompson,7.295178294181824
5,melville,169,dickens,6.838008896509806
5,melville,169,melville,6.890362050798204
5,melville,169,wells,6.963644345601399
5,melville,169,austen,6.838733489696796
5,melville,169,fitzgerald,7.249529021126883
5,melville,169,twain,7.163780879974365
5,melville,170,train,6.623862934112549
5,melville,170,baum,7.050196170806885
5,melville,170,thompson,7.2945064306259155
5,melville,170,dickens,6.835050868988037
5,melville,170,melville,6.886914094289144
5,melville,170,wells,6.962517261505127
5,melville,170,austen,6.836651875422551
5,melville,170,fitzgerald,7.249121597834995
5,melville,170,twain,7.164466905593872
5,melville,171,train,6.602092361450195
5,melville,171,baum,7.042801260948181
5,melville,171,thompson,7.28751540184021
5,melville,171,dickens,6.829436016082764
5,melville,171,melville,6.881071408589681
5,melville,171,wells,6.95612907409668
5,melville,171,austen,6.831647689525898
5,melville,171,fitzgerald,7.243088109152658
5,melville,171,twain,7.159439134597778
5,melville,172,train,6.568103981018067
5,melville,172,baum,7.03827714920044
5,melville,172,thompson,7.28378963470459
5,melville,172,dickens,6.824517234166463
5,melville,172,melville,6.876879745059544
5,melville,172,wells,6.951722462972005
5,melville,172,austen,6.8268872407766485
5,melville,172,fitzgerald,7.239007541111538
5,melville,172,twain,7.155243921279907
5,melville,173,train,6.615830612182617
5,melville,173,baum,7.03443169593811
5,melville,173,thompson,7.276822686195373
5,melville,173,dickens,6.821454763412476
5,melville,173,melville,6.8726851675245495
5,melville,173,wells,6.948795715967814
5,melville,173,austen,6.825292587280273
5,melville,173,fitzgerald,7.234766210828509
5,melville,173,twain,7.149652671813965
5,melville,174,train,6.5881422996521
5,melville,174,baum,7.028685569763184
5,melville,174,thompson,7.275655508041382
5,melville,174,dickens,6.815122493108114
5,melville,174,melville,6.867726431952582
5,melville,174,wells,6.943395296732585
5,melville,174,austen,6.817432440244234
5,melville,174,fitzgerald,7.231865065438407
5,melville,174,twain,7.146615695953369
5,melville,175,train,6.6131994247436525
5,melville,175,baum,7.026090145111084
5,melville,175,thompson,7.270835995674133
5,melville,175,dickens,6.812950404485067
5,melville,175,melville,6.864311271243626
5,melville,175,wells,6.941985925038655
5,melville,175,austen,6.816712929652288
5,melville,175,fitzgerald,7.229205744607108
5,melville,175,twain,7.14345154762268
5,melville,176,train,6.598188591003418
5,melville,176,baum,7.019107103347778
5,melville,176,thompson,7.266407132148743
5,melville,176,dickens,6.809316317240397
5,melville,176,melville,6.860845353868273
5,melville,176,wells,6.934999227523804
5,melville,176,austen,6.811822230999287
5,melville,176,fitzgerald,7.225284372057233
5,melville,176,twain,7.139915704727173
5,melville,177,train,6.566295337677002
5,melville,177,baum,7.016146898269653
5,melville,177,thompson,7.264266014099121
5,melville,177,dickens,6.806458187103272
5,melville,177,melville,6.857475969526503
5,melville,177,wells,6.933054208755493
5,melville,177,austen,6.810080785017747
5,melville,177,fitzgerald,7.223933696746826
5,melville,177,twain,7.139194631576538
5,melville,178,train,6.571928882598877
5,melville,178,baum,7.010445952415466
5,melville,178,thompson,7.257455110549927
5,melville,178,dickens,6.800256522496541
5,melville,178,melville,6.851304319169786
5,melville,178,wells,6.926660537719727
5,melville,178,austen,6.805093618539663
5,melville,178,fitzgerald,7.217675958360944
5,melville,178,twain,7.132626533508301
5,melville,179,train,6.549873924255371
5,melville,179,baum,7.006898641586304
5,melville,179,thompson,7.254716753959656
5,melville,179,dickens,6.79514168103536
5,melville,179,melville,6.846781836615668
5,melville,179,wells,6.923353274663289
5,melville,179,austen,6.8008802854097805
5,melville,179,fitzgerald,7.214692388262067
5,melville,179,twain,7.129471302032471
5,melville,180,train,6.56793794631958
5,melville,180,baum,7.001128435134888
5,melville,180,thompson,7.249527454376221
5,melville,180,dickens,6.791881513595581
5,melville,180,melville,6.842748853895399
5,melville,180,wells,6.918166716893514
5,melville,180,austen,6.79723937694843
5,melville,180,fitzgerald,7.210132122039795
5,melville,180,twain,7.123056697845459
5,melville,181,train,6.532984447479248
5,melville,181,baum,6.996472120285034
5,melville,181,thompson,7.246280550956726
5,melville,181,dickens,6.788008085886637
5,melville,181,melville,6.839524534013536
5,melville,181,wells,6.914031982421875
5,melville,181,austen,6.793375492095947
5,melville,181,fitzgerald,7.207298619406564
5,melville,181,twain,7.123607873916626
5,melville,182,train,6.531421184539795
5,melville,182,baum,6.991982102394104
5,melville,182,thompson,7.24245810508728
5,melville,182,dickens,6.783859920501709
5,melville,182,melville,6.835217157999675
5,melville,182,wells,6.909968614578247
5,melville,182,austen,6.789546012878418
5,melville,182,fitzgerald,7.203647477286203
5,melville,182,twain,7.117126512527466
5,melville,183,train,6.550026988983154
5,melville,183,baum,6.987099885940552
5,melville,183,thompson,7.235241174697876
5,melville,183,dickens,6.780224100748698
5,melville,183,melville,6.829756524827745
5,melville,183,wells,6.905408620834351
5,melville,183,austen,6.787019839653602
5,melville,183,fitzgerald,7.198194367544992
5,melville,183,twain,7.110896301269531
5,melville,184,train,6.515358734130859
5,melville,184,baum,6.981173515319824
5,melville,184,thompson,7.229672074317932
5,melville,184,dickens,6.775097481409708
5,melville,184,melville,6.825368563334147
5,melville,184,wells,6.900767723719279
5,melville,184,austen,6.782439672029936
5,melville,184,fitzgerald,7.193786552974156
5,melville,184,twain,7.106630659103393
5,melville,185,train,6.542927074432373
5,melville,185,baum,6.975796103477478
5,melville,185,thompson,7.224172949790955
5,melville,185,dickens,6.774892950057984
5,melville,185,melville,6.82281674279107
5,melville,185,wells,6.897504647572835
5,melville,185,austen,6.78224226144644
5,melville,185,fitzgerald,7.19056190763201
5,melville,185,twain,7.101583766937256
5,melville,186,train,6.507264232635498
5,melville,186,baum,6.973431348800659
5,melville,186,thompson,7.222464561462402
5,melville,186,dickens,6.770118776957194
5,melville,186,melville,6.817237112257216
5,melville,186,wells,6.893888155619304
5,melville,186,austen,6.777298120351938
5,melville,186,fitzgerald,7.18759856905256
5,melville,186,twain,7.097883892059326
5,melville,187,train,6.5400186538696286
5,melville,187,baum,6.970643162727356
5,melville,187,thompson,7.221940994262695
5,melville,187,dickens,6.763904317220052
5,melville,187,melville,6.813504642910427
5,melville,187,wells,6.890856424967448
5,melville,187,austen,6.772295475006104
5,melville,187,fitzgerald,7.186883381434849
5,melville,187,twain,7.102399206161499
5,melville,188,train,6.536692047119141
5,melville,188,baum,6.967339873313904
5,melville,188,thompson,7.218881011009216
5,melville,188,dickens,6.76171924273173
5,melville,188,melville,6.809810797373454
5,melville,188,wells,6.886674245198567
5,melville,188,austen,6.769519108992356
5,melville,188,fitzgerald,7.183751583099365
5,melville,188,twain,7.099152612686157
5,melville,189,train,6.478005123138428
5,melville,189,baum,6.96319317817688
5,melville,189,thompson,7.214442491531372
5,melville,189,dickens,6.759756072362264
5,melville,189,melville,6.806206597222222
5,melville,189,wells,6.883474667867024
5,melville,189,austen,6.7675789686349725
5,melville,189,fitzgerald,7.179754870278495
5,melville,189,twain,7.0931638240814205
5,melville,190,train,6.500166988372802
5,melville,190,baum,6.958714246749878
5,melville,190,thompson,7.209096074104309
5,melville,190,dickens,6.752912394205729
5,melville,190,melville,6.799358155992296
5,melville,190,wells,6.878689448038737
5,melville,190,austen,6.76249885559082
5,melville,190,fitzgerald,7.174842970711844
5,melville,190,twain,7.083030700683594
5,melville,191,train,6.4921448707580565
5,melville,191,baum,6.953443884849548
5,melville,191,thompson,7.204295158386231
5,melville,191,dickens,6.751457770665486
5,melville,191,melville,6.7954128583272295
5,melville,191,wells,6.874310652414958
5,melville,191,austen,6.760454618013823
5,melville,191,fitzgerald,7.170610427856445
5,melville,191,twain,7.079845905303955
5,melville,192,train,6.486147403717041
5,melville,192,baum,6.950562715530396
5,melville,192,thompson,7.2048903703689575
5,melville,192,dickens,6.7447096824646
5,melville,192,melville,6.792910681830512
5,melville,192,wells,6.871015628178914
5,melville,192,austen,6.753350001115066
5,melville,192,fitzgerald,7.170287200382778
5,melville,192,twain,7.0906140327453615
5,melville,193,train,6.469709968566894
5,melville,193,baum,6.946951746940613
5,melville,193,thompson,7.199110984802246
5,melville,193,dickens,6.744691117604574
5,melville,193,melville,6.7887318929036455
5,melville,193,wells,6.868315617243449
5,melville,193,austen,6.754032685206487
5,melville,193,fitzgerald,7.165487425667899
5,melville,193,twain,7.080600357055664
5,melville,194,train,6.430921840667724
5,melville,194,baum,6.940877199172974
5,melville,194,thompson,7.194837093353272
5,melville,194,dickens,6.7378710269927975
5,melville,194,melville,6.783424006568061
5,melville,194,wells,6.862639427185059
5,melville,194,austen,6.748749329493596
5,melville,194,fitzgerald,7.162511757441929
5,melville,194,twain,7.080369329452514
5,melville,195,train,6.47138786315918
5,melville,195,baum,6.936611652374268
5,melville,195,thompson,7.191372871398926
5,melville,195,dickens,6.734911489486694
5,melville,195,melville,6.780043496025933
5,melville,195,wells,6.8592015107472735
5,melville,195,austen,6.745376733633188
5,melville,195,fitzgerald,7.158531052725656
5,melville,195,twain,7.07571234703064
5,melville,196,train,6.485217666625976
5,melville,196,baum,6.935999393463135
5,melville,196,thompson,7.190958142280579
5,melville,196,dickens,6.735789934794108
5,melville,196,melville,6.77847613228692
5,melville,196,wells,6.859328746795654
5,melville,196,austen,6.747995816744291
5,melville,196,fitzgerald,7.158281258174351
5,melville,196,twain,7.071646213531494
5,melville,197,train,6.435315132141113
5,melville,197,baum,6.929739236831665
5,melville,197,thompson,7.187657356262207
5,melville,197,dickens,6.730888096491496
5,melville,197,melville,6.774870077768962
5,melville,197,wells,6.854645093282064
5,melville,197,austen,6.7433193646944485
5,melville,197,fitzgerald,7.15522221156529
5,melville,197,twain,7.073214817047119
5,melville,198,train,6.414706993103027
5,melville,198,baum,6.924468398094177
5,melville,198,thompson,7.184213161468506
5,melville,198,dickens,6.723774035771688
5,melville,198,melville,6.768287976582845
5,melville,198,wells,6.849067370096843
5,melville,198,austen,6.735490468832163
5,melville,198,fitzgerald,7.149846145084926
5,melville,198,twain,7.066638612747193
5,melville,199,train,6.40236759185791
5,melville,199,baum,6.921811938285828
5,melville,199,thompson,7.18279755115509
5,melville,199,dickens,6.720066769917806
5,melville,199,melville,6.764733526441786
5,melville,199,wells,6.84641154607137
5,melville,199,austen,6.731180924635667
5,melville,199,fitzgerald,7.148962702069964
5,melville,199,twain,7.066727828979492
5,melville,200,train,6.443188285827636
5,melville,200,baum,6.916083574295044
5,melville,200,thompson,7.176584959030151
5,melville,200,dickens,6.715452893575033
5,melville,200,melville,6.760117371877034
5,melville,200,wells,6.841808478037517
5,melville,200,austen,6.726491231184739
5,melville,200,fitzgerald,7.143157686505999
5,melville,200,twain,7.057576847076416
5,melville,201,train,6.449214363098145
5,melville,201,baum,6.911190748214722
5,melville,201,thompson,7.169925928115845
5,melville,201,dickens,6.712636025746663
5,melville,201,melville,6.755511124928792
5,melville,201,wells,6.837435801823934
5,melville,201,austen,6.724116875575139
5,melville,201,fitzgerald,7.138144424983433
5,melville,201,twain,7.049857950210571
5,melville,202,train,6.417919254302978
5,melville,202,baum,6.907373428344727
5,melville,202,thompson,7.169798374176025
5,melville,202,dickens,6.705648358662923
5,melville,202,melville,6.751436869303386
5,melville,202,wells,6.8327633539835615
5,melville,202,austen,6.7158942222595215
5,melville,202,fitzgerald,7.136862618582589
5,melville,202,twain,7.053670120239258
5,melville,203,train,6.40560474395752
5,melville,203,baum,6.901731967926025
5,melville,203,thompson,7.161676049232483
5,melville,203,dickens,6.703402439753215
5,melville,203,melville,6.747923851013184
5,melville,203,wells,6.829454739888509
5,melville,203,austen,6.716269126305213
5,melville,203,fitzgerald,7.131078243255615
5,melville,203,twain,7.041161966323853
5,melville,204,train,6.431048393249512
5,melville,204,baum,6.898167490959168
5,melville,204,thompson,7.159998655319214
5,melville,204,dickens,6.702911297480266
5,melville,204,melville,6.744547790951199
5,melville,204,wells,6.826419115066528
5,melville,204,austen,6.714581232804519
5,melville,204,fitzgerald,7.129006862640381
5,melville,204,twain,7.034686660766601
5,melville,205,train,6.389238739013672
5,melville,205,baum,6.895419239997864
5,melville,205,thompson,7.158669233322144
5,melville,205,dickens,6.699654658635457
5,melville,205,melville,6.741497198740642
5,melville,205,wells,6.824542760848999
5,melville,205,austen,6.711982690371
5,melville,205,fitzgerald,7.126883915492466
5,melville,205,twain,7.037335777282715
5,melville,206,train,6.411180686950684
5,melville,206,baum,6.891528248786926
5,melville,206,thompson,7.155094861984253
5,melville,206,dickens,6.694809818267823
5,melville,206,melville,6.737718423207601
5,melville,206,wells,6.820129791895549
5,melville,206,austen,6.7070417404174805
5,melville,206,fitzgerald,7.124271869659424
5,melville,206,twain,7.040658378601075
5,melville,207,train,6.372258186340332
5,melville,207,baum,6.887056946754456
5,melville,207,thompson,7.153087019920349
5,melville,207,dickens,6.689660835266113
5,melville,207,melville,6.731450133853489
5,melville,207,wells,6.814634720484416
5,melville,207,austen,6.700422873863807
5,melville,207,fitzgerald,7.119982719421387
5,melville,207,twain,7.037541389465332
5,melville,208,train,6.39144458770752
5,melville,208,baum,6.885319828987122
5,melville,208,thompson,7.14967405796051
5,melville,208,dickens,6.683920160929362
5,melville,208,melville,6.727256562974718
5,melville,208,wells,6.81280533472697
5,melville,208,austen,6.696024344517634
5,melville,208,fitzgerald,7.117614609854562
5,melville,208,twain,7.033083438873291
5,melville,209,train,6.360828495025634
5,melville,209,baum,6.881527900695801
5,melville,209,thompson,7.152536153793335
5,melville,209,dickens,6.682912063598633
5,melville,209,melville,6.725556797451443
5,melville,209,wells,6.8111252784729
5,melville,209,austen,6.692300319671631
5,melville,209,fitzgerald,7.118478638785226
5,melville,209,twain,7.039070701599121
5,melville,210,train,6.354672050476074
5,melville,210,baum,6.879745602607727
5,melville,210,thompson,7.152704358100891
5,melville,210,dickens,6.675841887791951
5,melville,210,melville,6.723655753665501
5,melville,210,wells,6.807880878448486
5,melville,210,austen,6.6853263561542215
5,melville,210,fitzgerald,7.118134294237409
5,melville,210,twain,7.0492597103118895
5,melville,211,train,6.356736469268799
5,melville,211,baum,6.873602867126465
5,melville,211,thompson,7.146515607833862
5,melville,211,dickens,6.672990846633911
5,melville,211,melville,6.718954457177056
5,melville,211,wells,6.802968184153239
5,melville,211,austen,6.681481911585881
5,melville,211,fitzgerald,7.11173643384661
5,melville,211,twain,7.03384370803833
5,melville,212,train,6.356968784332276
5,melville,212,baum,6.870328783988953
5,melville,212,thompson,7.146372556686401
5,melville,212,dickens,6.669469817479452
5,melville,212,melville,6.715734481811523
5,melville,212,wells,6.79990021387736
5,melville,212,austen,6.676821892078106
5,melville,212,fitzgerald,7.11126743044172
5,melville,212,twain,7.03393931388855
5,melville,213,train,6.390452003479004
5,melville,213,baum,6.865067839622498
5,melville,213,thompson,7.1395556926727295
5,melville,213,dickens,6.670482985178629
5,melville,213,melville,6.712278842926025
5,melville,213,wells,6.797126134236653
5,melville,213,austen,6.675392921154316
5,melville,213,fitzgerald,7.105559008462088
5,melville,213,twain,7.021199083328247
5,melville,214,train,6.336291885375976
5,melville,214,baum,6.865030765533447
5,melville,214,thompson,7.1423070430755615
5,melville,214,dickens,6.658797518412272
5,melville,214,melville,6.70736477110121
5,melville,214,wells,6.793460210164388
5,melville,214,austen,6.665743937859168
5,melville,214,fitzgerald,7.106263978140695
5,melville,214,twain,7.03661994934082
5,melville,215,train,6.353633975982666
5,melville,215,baum,6.857326865196228
5,melville,215,thompson,7.133705019950867
5,melville,215,dickens,6.6593183994293215
5,melville,215,melville,6.701391908857557
5,melville,215,wells,6.788628498713176
5,melville,215,austen,6.665055091564472
5,melville,215,fitzgerald,7.099466732570103
5,melville,215,twain,7.01366114616394
5,melville,216,train,6.346972846984864
5,melville,216,baum,6.853709936141968
5,melville,216,thompson,7.130241751670837
5,melville,216,dickens,6.652387634913127
5,melville,216,melville,6.69746748606364
5,melville,216,wells,6.783128658930461
5,melville,216,austen,6.658244939950796
5,melville,216,fitzgerald,7.095544610704694
5,melville,216,twain,7.01626148223877
5,melville,217,train,6.315316200256348
5,melville,217,baum,6.851931929588318
5,melville,217,thompson,7.128745198249817
5,melville,217,dickens,6.65299015045166
5,melville,217,melville,6.697021961212158
5,melville,217,wells,6.784451564153035
5,melville,217,austen,6.658028235802283
5,melville,217,fitzgerald,7.095123086656843
5,melville,217,twain,7.01483964920044
5,melville,218,train,6.309153938293457
5,melville,218,baum,6.845329403877258
5,melville,218,thompson,7.123494863510132
5,melville,218,dickens,6.649523480733236
5,melville,218,melville,6.691809548272027
5,melville,218,wells,6.778456211090088
5,melville,218,austen,6.654348190014179
5,melville,218,fitzgerald,7.088785307747977
5,melville,218,twain,7.00736174583435
5,melville,219,train,6.323487663269043
5,melville,219,baum,6.844939231872559
5,melville,219,thompson,7.123762249946594
5,melville,219,dickens,6.6447891553243
5,melville,219,melville,6.689221805996365
5,melville,219,wells,6.77761697769165
5,melville,219,austen,6.650095096001258
5,melville,219,fitzgerald,7.089540413447788
5,melville,219,twain,7.01145601272583
5,melville,220,train,6.28256368637085
5,melville,220,baum,6.8408637046813965
5,melville,220,thompson,7.119072675704956
5,melville,220,dickens,6.638157701492309
5,melville,220,melville,6.683935324350993
5,melville,220,wells,6.7720324993133545
5,melville,220,austen,6.64400027348445
5,melville,220,fitzgerald,7.084373950958252
5,melville,220,twain,7.003903722763061
5,melville,221,train,6.286740303039551
5,melville,221,baum,6.8368024826049805
5,melville,221,thompson,7.115583777427673
5,melville,221,dickens,6.636041100819906
5,melville,221,melville,6.680608802371555
5,melville,221,wells,6.77011775970459
5,melville,221,austen,6.642463207244873
5,melville,221,fitzgerald,7.082310472215925
5,melville,221,twain,6.996082162857055
5,melville,222,train,6.288092803955078
5,melville,222,baum,6.83254337310791
5,melville,222,thompson,7.115061163902283
5,melville,222,dickens,6.63583254814148
5,melville,222,melville,6.679474989573161
5,melville,222,wells,6.766902446746826
5,melville,222,austen,6.639974447397085
5,melville,222,fitzgerald,7.079300539834159
5,melville,222,twain,6.995175790786743
5,melville,223,train,6.308571147918701
5,melville,223,baum,6.832761526107788
5,melville,223,thompson,7.116808176040649
5,melville,223,dickens,6.631682586669922
5,melville,223,melville,6.677740097045898
5,melville,223,wells,6.765729188919067
5,melville,223,austen,6.635495259211614
5,melville,223,fitzgerald,7.081564971378872
5,melville,223,twain,7.011121940612793
5,melville,224,train,6.292700672149659
5,melville,224,baum,6.831376194953919
5,melville,224,thompson,7.117160201072693
5,melville,224,dickens,6.628516658147176
5,melville,224,melville,6.675623099009196
5,melville,224,wells,6.764743169148763
5,melville,224,austen,6.631798157325158
5,melville,224,fitzgerald,7.080577101026263
5,melville,224,twain,7.006242084503174
5,melville,225,train,6.260705947875977
5,melville,225,baum,6.828530430793762
5,melville,225,thompson,7.116698741912842
5,melville,225,dickens,6.6266034285227455
5,melville,225,melville,6.67074261771308
5,melville,225,wells,6.761302550633748
5,melville,225,austen,6.63119624211238
5,melville,225,fitzgerald,7.079146998269217
5,melville,225,twain,7.003754186630249
5,melville,226,train,6.28573637008667
5,melville,226,baum,6.821882486343384
5,melville,226,thompson,7.10926079750061
5,melville,226,dickens,6.621686347325643
5,melville,226,melville,6.667822519938151
5,melville,226,wells,6.75706164042155
5,melville,226,austen,6.625213916485127
5,melville,226,fitzgerald,7.0736766542707175
5,melville,226,twain,6.996250772476197
5,melville,227,train,6.252719497680664
5,melville,227,baum,6.821956634521484
5,melville,227,thompson,7.111644268035889
5,melville,227,dickens,6.620602099100749
5,melville,227,melville,6.669041421678331
5,melville,227,wells,6.756824970245361
5,melville,227,austen,6.624241205362173
5,melville,227,fitzgerald,7.075419698442731
5,melville,227,twain,7.011662197113037
5,melville,228,train,6.27621488571167
5,melville,228,baum,6.8112897872924805
5,melville,228,thompson,7.099279761314392
5,melville,228,dickens,6.619685157140096
5,melville,228,melville,6.663792928059896
5,melville,228,wells,6.751505772272746
5,melville,228,austen,6.622145212613619
5,melville,228,fitzgerald,7.066330432891846
5,melville,228,twain,6.982328701019287
5,melville,229,train,6.263229560852051
5,melville,229,baum,6.811749219894409
5,melville,229,thompson,7.099440217018127
5,melville,229,dickens,6.6160062789917
5,melville,229,melville,6.662475162082249
5,melville,229,wells,6.750648895899455
5,melville,229,austen,6.619966727036696
5,melville,229,fitzgerald,7.065873554774693
5,melville,229,twain,6.983595895767212
5,melville,230,train,6.256493091583252
5,melville,230,baum,6.806064486503601
5,melville,230,thompson,7.093880295753479
5,melville,230,dickens,6.611819982528687
5,melville,230,melville,6.654841528998481
5,melville,230,wells,6.745965957641602
5,melville,230,austen,6.615572269146259
5,melville,230,fitzgerald,7.05959449495588
5,melville,230,twain,6.9705606460571286
5,melville,231,train,6.230914306640625
5,melville,231,baum,6.805645942687988
5,melville,231,thompson,7.096423268318176
5,melville,231,dickens,6.606399091084798
5,melville,231,melville,6.65347072813246
5,melville,231,wells,6.7439054648081465
5,melville,231,austen,6.608342537513146
5,melville,231,fitzgerald,7.062524386814663
5,melville,231,twain,6.985175657272339
5,melville,232,train,6.225346851348877
5,melville,232,baum,6.796834468841553
5,melville,232,thompson,7.087715864181519
5,melville,232,dickens,6.599820327758789
5,melville,232,melville,6.648183981577556
5,melville,232,wells,6.737376848856608
5,melville,232,austen,6.601845374474158
5,melville,232,fitzgerald,7.0547057560512
5,melville,232,twain,6.972357225418091
5,melville,233,train,6.227129364013672
5,melville,233,baum,6.796426773071289
5,melville,233,thompson,7.088839173316956
5,melville,233,dickens,6.602157274881999
5,melville,233,melville,6.647227181328668
5,melville,233,wells,6.737912178039551
5,melville,233,austen,6.603292355170617
5,melville,233,fitzgerald,7.055355821337018
5,melville,233,twain,6.9680005550384525
5,melville,234,train,6.197429752349853
5,melville,234,baum,6.792749881744385
5,melville,234,thompson,7.085219502449036
5,melville,234,dickens,6.592113018035889
5,melville,234,melville,6.641157415178087
5,melville,234,wells,6.731993198394775
5,melville,234,austen,6.593687607691838
5,melville,234,fitzgerald,7.050601278032575
5,melville,234,twain,6.969922590255737
5,melville,235,train,6.233577537536621
5,melville,235,baum,6.792678952217102
5,melville,235,thompson,7.088232517242432
5,melville,235,dickens,6.589445813496908
5,melville,235,melville,6.64036406411065
5,melville,235,wells,6.731245756149292
5,melville,235,austen,6.589889416327844
5,melville,235,fitzgerald,7.052906376974923
5,melville,235,twain,6.979671621322632
5,melville,236,train,6.198540878295899
5,melville,236,baum,6.78821074962616
5,melville,236,thompson,7.085951924324036
5,melville,236,dickens,6.589538955688477
5,melville,236,melville,6.637673642900255
5,melville,236,wells,6.727349599202474
5,melville,236,austen,6.589485058417687
5,melville,236,fitzgerald,7.051361220223563
5,melville,236,twain,6.973169898986816
5,melville,237,train,6.221009159088135
5,melville,237,baum,6.783990383148193
5,melville,237,thompson,7.079469442367554
5,melville,237,dickens,6.584451214472453
5,melville,237,melville,6.6348532570732965
5,melville,237,wells,6.724417924880981
5,melville,237,austen,6.584717090313252
5,melville,237,fitzgerald,7.045911175864084
5,melville,237,twain,6.970839643478394
5,melville,238,train,6.219202041625977
5,melville,238,baum,6.78023087978363
5,melville,238,thompson,7.078258395195007
5,melville,238,dickens,6.580377880732218
5,melville,238,melville,6.630121972825792
5,melville,238,wells,6.719998200734456
5,melville,238,austen,6.5802208827092095
5,melville,238,fitzgerald,7.042668546949114
5,melville,238,twain,6.966597938537598
5,melville,239,train,6.231311416625976
5,melville,239,baum,6.778344631195068
5,melville,239,thompson,7.078025579452515
5,melville,239,dickens,6.583926693598429
5,melville,239,melville,6.630492157406277
5,melville,239,wells,6.722206195195516
5,melville,239,austen,6.585805562826304
5,melville,239,fitzgerald,7.04180553981236
5,melville,239,twain,6.948264265060425
5,melville,240,train,6.176186275482178
5,melville,240,baum,6.776790499687195
5,melville,240,thompson,7.076993823051453
5,melville,240,dickens,6.57941640218099
5,melville,240,melville,6.628404246436225
5,melville,240,wells,6.717567205429077
5,melville,240,austen,6.579116197732779
5,melville,240,fitzgerald,7.040987764086042
5,melville,240,twain,6.963065195083618
5,melville,241,train,6.154450607299805
5,melville,241,baum,6.77401876449585
5,melville,241,thompson,7.074745774269104
5,melville,241,dickens,6.573915465672811
5,melville,241,melville,6.623649385240343
5,melville,241,wells,6.714238166809082
5,melville,241,austen,6.573116119091328
5,melville,241,fitzgerald,7.037535531180246
5,melville,241,twain,6.9551232814788815
5,melville,242,train,6.151483535766602
5,melville,242,baum,6.772551655769348
5,melville,242,thompson,7.075584173202515
5,melville,242,dickens,6.57339514096578
5,melville,242,melville,6.623043749067518
5,melville,242,wells,6.713261842727661
5,melville,242,austen,6.571793079376221
5,melville,242,fitzgerald,7.03851706641061
5,melville,242,twain,6.96710238456726
5,melville,243,train,6.197981643676758
5,melville,243,baum,6.765116214752197
5,melville,243,thompson,7.066480875015259
5,melville,243,dickens,6.567478736241658
5,melville,243,melville,6.618053489261204
5,melville,243,wells,6.709189494450887
5,melville,243,austen,6.566458738767183
5,melville,243,fitzgerald,7.031475680215018
5,melville,243,twain,6.953578472137451
5,melville,244,train,6.164668655395508
5,melville,244,baum,6.759806156158447
5,melville,244,thompson,7.06068217754364
5,melville,244,dickens,6.561047013600668
5,melville,244,melville,6.611752827962239
5,melville,244,wells,6.702680746714274
5,melville,244,austen,6.560068607330322
5,melville,244,fitzgerald,7.026505742754255
5,melville,244,twain,6.950403261184692
5,melville,245,train,6.200969409942627
5,melville,245,baum,6.761860370635986
5,melville,245,thompson,7.064668893814087
5,melville,245,dickens,6.565674114227295
5,melville,245,melville,6.612690077887641
5,melville,245,wells,6.705037752787272
5,melville,245,austen,6.564360875349778
5,melville,245,fitzgerald,7.029759407043457
5,melville,245,twain,6.9471536636352536
5,melville,246,train,6.170271682739258
5,melville,246,baum,6.757684826850891
5,melville,246,thompson,7.060391068458557
5,melville,246,dickens,6.556879663467408
5,melville,246,melville,6.607603602939182
5,melville,246,wells,6.698804060618083
5,melville,246,austen,6.5550641646752
5,melville,246,fitzgerald,7.026367664337158
5,melville,246,twain,6.951308250427246
5,melville,247,train,6.166300964355469
5,melville,247,baum,6.753106117248535
5,melville,247,thompson,7.055860757827759
5,melville,247,dickens,6.553473790486653
5,melville,247,melville,6.602345042758518
5,melville,247,wells,6.694664001464844
5,melville,247,austen,6.551264396080604
5,melville,247,fitzgerald,7.022691931043353
5,melville,247,twain,6.945164537429809
5,melville,248,train,6.14197883605957
5,melville,248,baum,6.754783987998962
5,melville,248,thompson,7.058817505836487
5,melville,248,dickens,6.554396724700927
5,melville,248,melville,6.601073212093777
5,melville,248,wells,6.69580324490865
5,melville,248,austen,6.552583804497352
5,melville,248,fitzgerald,7.024589742933001
5,melville,248,twain,6.939461421966553
5,melville,249,train,6.150489044189453
5,melville,249,baum,6.746770024299622
5,melville,249,thompson,7.050574898719788
5,melville,249,dickens,6.549024343490601
5,melville,249,melville,6.595804214477539
5,melville,249,wells,6.690709829330444
5,melville,249,austen,6.547654885512132
5,melville,249,fitzgerald,7.018076147351946
5,melville,249,twain,6.935526323318482
5,melville,250,train,6.148491764068604
5,melville,250,baum,6.747747421264648
5,melville,250,thompson,7.04994010925293
5,melville,250,dickens,6.54640367825826
5,melville,250,melville,6.5953736835055885
5,melville,250,wells,6.689249436060588
5,melville,250,austen,6.54418501487145
5,melville,250,fitzgerald,7.017157077789307
5,melville,250,twain,6.9352398872375485
5,melville,251,train,6.138039779663086
5,melville,251,baum,6.745335459709168
5,melville,251,thompson,7.051587224006653
5,melville,251,dickens,6.545079723993937
5,melville,251,melville,6.591809802585178
5,melville,251,wells,6.686157703399658
5,melville,251,austen,6.543460405789888
5,melville,251,fitzgerald,7.0168769018990655
5,melville,251,twain,6.94097375869751
5,melville,252,train,6.118192005157471
5,melville,252,baum,6.743223190307617
5,melville,252,thompson,7.047624230384827
5,melville,252,dickens,6.54336846669515
5,melville,252,melville,6.592055055830214
5,melville,252,wells,6.686576286951701
5,melville,252,austen,6.542294282179612
5,melville,252,fitzgerald,7.014728137425014
5,melville,252,twain,6.938298940658569
5,melville,253,train,6.136935806274414
5,melville,253,baum,6.736068487167358
5,melville,253,thompson,7.042712450027466
5,melville,253,dickens,6.542287095387777
5,melville,253,melville,6.587298393249512
5,melville,253,wells,6.680111726125081
5,melville,253,austen,6.53930245912992
5,melville,253,fitzgerald,7.009013380323138
5,melville,253,twain,6.93122706413269
5,melville,254,train,6.124108505249024
5,melville,254,baum,6.7367329597473145
5,melville,254,thompson,7.044986963272095
5,melville,254,dickens,6.542886225382487
5,melville,254,melville,6.5864817301432295
5,melville,254,wells,6.681667725245158
5,melville,254,austen,6.54137475673969
5,melville,254,fitzgerald,7.010346617017474
5,melville,254,twain,6.926988410949707
5,melville,255,train,6.09300012588501
5,melville,255,baum,6.734465837478638
5,melville,255,thompson,7.045706391334534
5,melville,255,dickens,6.537557045618693
5,melville,255,melville,6.58284060160319
5,melville,255,wells,6.680066744486491
5,melville,255,austen,6.536315477811373
5,melville,255,fitzgerald,7.009675639016288
5,melville,255,twain,6.930146741867065
5,melville,256,train,6.131642723083496
5,melville,256,baum,6.729026079177856
5,melville,256,thompson,7.0405213832855225
5,melville,256,dickens,6.5379631837209065
5,melville,256,melville,6.581617673238118
5,melville,256,wells,6.675253550211589
5,melville,256,austen,6.535005606137789
5,melville,256,fitzgerald,7.005607196262905
5,melville,256,twain,6.921581029891968
5,melville,257,train,6.1107758522033695
5,melville,257,baum,6.729866981506348
5,melville,257,thompson,7.043114185333252
5,melville,257,dickens,6.53752326965332
5,melville,257,melville,6.582323339250353
5,melville,257,wells,6.676279465357463
5,melville,257,austen,6.533611040848952
5,melville,257,fitzgerald,7.006548064095633
5,melville,257,twain,6.9293900489807125
5,melville,258,train,6.104413604736328
5,melville,258,baum,6.729126334190369
5,melville,258,thompson,7.043982148170471
5,melville,258,dickens,6.531433614095052
5,melville,258,melville,6.577942742241754
5,melville,258,wells,6.672420501708984
5,melville,258,austen,6.527308940887451
5,melville,258,fitzgerald,7.005098955971854
5,melville,258,twain,6.932220315933227
5,melville,259,train,6.0753052711486815
5,melville,259,baum,6.726956963539124
5,melville,259,thompson,7.040020108222961
5,melville,259,dickens,6.534661753972372
5,melville,259,melville,6.576861063639323
5,melville,259,wells,6.6753010749816895
5,melville,259,austen,6.531496561490572
5,melville,259,fitzgerald,7.00467756816319
5,melville,259,twain,6.9193281650543215
5,melville,260,train,6.0768743515014645
5,melville,260,baum,6.720842242240906
5,melville,260,thompson,7.0340352058410645
5,melville,260,dickens,6.524451462427775
5,melville,260,melville,6.570520665910509
5,melville,260,wells,6.666459480921428
5,melville,260,austen,6.520140904646653
5,melville,260,fitzgerald,6.998212609972272
5,melville,260,twain,6.918935298919678
5,melville,261,train,6.098677062988282
5,melville,261,baum,6.720905780792236
5,melville,261,thompson,7.031431317329407
5,melville,261,dickens,6.524573373794556
5,melville,261,melville,6.569977972242567
5,melville,261,wells,6.666702032089233
5,melville,261,austen,6.520290264716516
5,melville,261,fitzgerald,6.997889995574951
5,melville,261,twain,6.922674894332886
5,melville,262,train,6.068528556823731
5,melville,262,baum,6.721301317214966
5,melville,262,thompson,7.035566449165344
5,melville,262,dickens,6.521342213948568
5,melville,262,melville,6.566960281795925
5,melville,262,wells,6.664284626642863
5,melville,262,austen,6.517428911649263
5,melville,262,fitzgerald,6.999529906681606
5,melville,262,twain,6.924227237701416
5,melville,263,train,6.0658034324646
5,melville,263,baum,6.715514540672302
5,melville,263,thompson,7.029300093650818
5,melville,263,dickens,6.518312692642212
5,melville,263,melville,6.561047765943739
5,melville,263,wells,6.660096645355225
5,melville,263,austen,6.514437418717605
5,melville,263,fitzgerald,6.994975226266043
5,melville,263,twain,6.915051126480103
5,melville,264,train,6.0780130386352536
5,melville,264,baum,6.714490175247192
5,melville,264,thompson,7.028323769569397
5,melville,264,dickens,6.510963821411133
5,melville,264,melville,6.557607491811116
5,melville,264,wells,6.656567573547363
5,melville,264,austen,6.507042994866004
5,melville,264,fitzgerald,6.992500509534564
5,melville,264,twain,6.9265608310699465
5,melville,265,train,6.0810425758361815
5,melville,265,baum,6.715262174606323
5,melville,265,thompson,7.029921650886536
5,melville,265,dickens,6.512509028116862
5,melville,265,melville,6.557919237348768
5,melville,265,wells,6.65788197517395
5,melville,265,austen,6.505827573629526
5,melville,265,fitzgerald,6.99510737827846
5,melville,265,twain,6.926088857650757
5,melville,266,train,6.093853569030761
5,melville,266,baum,6.706347227096558
5,melville,266,thompson,7.020156621932983
5,melville,266,dickens,6.510665559768677
5,melville,266,melville,6.552092552185059
5,melville,266,wells,6.653735160827637
5,melville,266,austen,6.505912634042593
5,melville,266,fitzgerald,6.986362525394985
5,melville,266,twain,6.898933696746826
5,melville,267,train,6.037374019622803
5,melville,267,baum,6.7045265436172485
5,melville,267,thompson,7.017898440361023
5,melville,267,dickens,6.504072618484497
5,melville,267,melville,6.548586527506511
5,melville,267,wells,6.648438453674316
5,melville,267,austen,6.497983345618615
5,melville,267,fitzgerald,6.983951909201486
5,melville,267,twain,6.900823926925659
5,melville,268,train,6.051909065246582
5,melville,268,baum,6.702335834503174
5,melville,268,thompson,7.016393303871155
5,melville,268,dickens,6.503871822357178
5,melville,268,melville,6.5469357702467175
5,melville,268,wells,6.649123907089233
5,melville,268,austen,6.498025087209848
5,melville,268,fitzgerald,6.9835420336042136
5,melville,268,twain,6.907046985626221
5,melville,269,train,6.041495609283447
5,melville,269,baum,6.700587868690491
5,melville,269,thompson,7.01749587059021
5,melville,269,dickens,6.498993158340454
5,melville,269,melville,6.5433412657843695
5,melville,269,wells,6.645298480987549
5,melville,269,austen,6.494011292090783
5,melville,269,fitzgerald,6.983650479997907
5,melville,269,twain,6.907102727890015
5,melville,270,train,6.072813701629639
5,melville,270,baum,6.70045018196106
5,melville,270,thompson,7.017899394035339
5,melville,270,dickens,6.499925184249878
5,melville,270,melville,6.542400942908393
5,melville,270,wells,6.645771344502767
5,melville,270,austen,6.493201035719651
5,melville,270,fitzgerald,6.983393669128418
5,melville,270,twain,6.913688278198242
5,melville,271,train,6.044984340667725
5,melville,271,baum,6.698055863380432
5,melville,271,thompson,7.016425013542175
5,melville,271,dickens,6.496175591150919
5,melville,271,melville,6.538640287187365
5,melville,271,wells,6.643770853678386
5,melville,271,austen,6.49144172668457
5,melville,271,fitzgerald,6.981458868299212
5,melville,271,twain,6.903291034698486
5,melville,272,train,6.000833320617676
5,melville,272,baum,6.693064451217651
5,melville,272,thompson,7.013042449951172
5,melville,272,dickens,6.492944765090942
5,melville,272,melville,6.535260571373834
5,melville,272,wells,6.636443456013997
5,melville,272,austen,6.4843747065617485
5,melville,272,fitzgerald,6.977142674582345
5,melville,272,twain,6.899974679946899
5,melville,273,train,6.02502031326294
5,melville,273,baum,6.695248365402222
5,melville,273,thompson,7.014555811882019
5,melville,273,dickens,6.493878269195557
5,melville,273,melville,6.536307705773248
5,melville,273,wells,6.639491558074951
5,melville,273,austen,6.485893873068003
5,melville,273,fitzgerald,6.979841709136963
5,melville,273,twain,6.907837438583374
5,melville,274,train,6.005679225921631
5,melville,274,baum,6.687015414237976
5,melville,274,thompson,7.006063222885132
5,melville,274,dickens,6.489509057998657
5,melville,274,melville,6.530085457695855
5,melville,274,wells,6.633968750635783
5,melville,274,austen,6.481506237616906
5,melville,274,fitzgerald,6.972537585667202
5,melville,274,twain,6.895153951644898
5,melville,275,train,6.001366043090821
5,melville,275,baum,6.686761498451233
5,melville,275,thompson,7.0078184604644775
5,melville,275,dickens,6.48801007270813
5,melville,275,melville,6.526764710744222
5,melville,275,wells,6.634254773457845
5,melville,275,austen,6.480571196629451
5,melville,275,fitzgerald,6.97278676714216
5,melville,275,twain,6.883056402206421
5,melville,276,train,5.979479217529297
5,melville,276,baum,6.687784433364868
5,melville,276,thompson,7.008448243141174
5,melville,276,dickens,6.487234767278036
5,melville,276,melville,6.527381685045031
5,melville,276,wells,6.634104490280151
5,melville,276,austen,6.480577762310322
5,melville,276,fitzgerald,6.973877429962158
5,melville,276,twain,6.885726118087769
5,melville,277,train,5.976603317260742
5,melville,277,baum,6.680853724479675
5,melville,277,thompson,7.003118991851807
5,melville,277,dickens,6.477489678064982
5,melville,277,melville,6.52158874935574
5,melville,277,wells,6.627171993255615
5,melville,277,austen,6.472082614898682
5,melville,277,fitzgerald,6.968141283307757
5,melville,277,twain,6.88483190536499
5,melville,278,train,5.989394664764404
5,melville,278,baum,6.676295518875122
5,melville,278,thompson,6.995922446250916
5,melville,278,dickens,6.481377013524374
5,melville,278,melville,6.521350436740452
5,melville,278,wells,6.626336892445882
5,melville,278,austen,6.473227757673997
5,melville,278,fitzgerald,6.963729177202497
5,melville,278,twain,6.874991846084595
5,melville,279,train,5.996195220947266
5,melville,279,baum,6.678613901138306
5,melville,279,thompson,6.9989553689956665
5,melville,279,dickens,6.477157386144002
5,melville,279,melville,6.5210047827826605
5,melville,279,wells,6.625074863433838
5,melville,279,austen,6.468784442314735
5,melville,279,fitzgerald,6.9653184073311945
5,melville,279,twain,6.885847520828247
5,melville,280,train,5.9723302841186525
5,melville,280,baum,6.6738810539245605
5,melville,280,thompson,6.992760896682739
5,melville,280,dickens,6.470193020502726
5,melville,280,melville,6.515851391686334
5,melville,280,wells,6.619387865066528
5,melville,280,austen,6.463257862971379
5,melville,280,fitzgerald,6.960384913853237
5,melville,280,twain,6.880689573287964
5,melville,281,train,5.993375015258789
5,melville,281,baum,6.67726743221283
5,melville,281,thompson,6.9992876052856445
5,melville,281,dickens,6.473931392033895
5,melville,281,melville,6.517390833960639
5,melville,281,wells,6.620949188868205
5,melville,281,austen,6.464685219984788
5,melville,281,fitzgerald,6.9657696315220425
5,melville,281,twain,6.882825088500977
5,melville,282,train,6.021606063842773
5,melville,282,baum,6.665693998336792
5,melville,282,thompson,6.9852055311203
5,melville,282,dickens,6.464948670069377
5,melville,282,melville,6.509541193644206
5,melville,282,wells,6.614202578862508
5,melville,282,austen,6.455592815692608
5,melville,282,fitzgerald,6.954303400857108
5,melville,282,twain,6.873017644882202
5,melville,283,train,5.998172569274902
5,melville,283,baum,6.666609525680542
5,melville,283,thompson,6.987831234931946
5,melville,283,dickens,6.469427315394084
5,melville,283,melville,6.512655205196804
5,melville,283,wells,6.615282694498698
5,melville,283,austen,6.458601951599121
5,melville,283,fitzgerald,6.955440657479422
5,melville,283,twain,6.868148851394653
5,melville,284,train,5.942916297912598
5,melville,284,baum,6.670741677284241
5,melville,284,thompson,6.9948410987854
5,melville,284,dickens,6.464907884597778
5,melville,284,melville,6.510697523752849
5,melville,284,wells,6.615476687749227
5,melville,284,austen,6.455612659454346
5,melville,284,fitzgerald,6.959278719765799
5,melville,284,twain,6.882273864746094
5,melville,285,train,5.986129283905029
5,melville,285,baum,6.669700980186462
5,melville,285,thompson,6.994013547897339
5,melville,285,dickens,6.457417758305867
5,melville,285,melville,6.510493808322483
5,melville,285,wells,6.616232951482137
5,melville,285,austen,6.45067126934345
5,melville,285,fitzgerald,6.958569186074393
5,melville,285,twain,6.894417190551758
5,melville,286,train,5.943995571136474
5,melville,286,baum,6.658770442008972
5,melville,286,thompson,6.987177729606628
5,melville,286,dickens,6.458875211079915
5,melville,286,melville,6.504338370429145
5,melville,286,wells,6.608046770095825
5,melville,286,austen,6.448688360360952
5,melville,286,fitzgerald,6.952794551849365
5,melville,286,twain,6.879012870788574
5,melville,287,train,5.964203357696533
5,melville,287,baum,6.660811543464661
5,melville,287,thompson,6.986135363578796
5,melville,287,dickens,6.460835774739583
5,melville,287,melville,6.50540018081665
5,melville,287,wells,6.609689871470134
5,melville,287,austen,6.448116339170015
5,melville,287,fitzgerald,6.954217093331473
5,melville,287,twain,6.872723197937011
5,melville,288,train,5.924098682403565
5,melville,288,baum,6.656264305114746
5,melville,288,thompson,6.983617186546326
5,melville,288,dickens,6.452183898289999
5,melville,288,melville,6.498553540971544
5,melville,288,wells,6.605975230534871
5,melville,288,austen,6.44306571667011
5,melville,288,fitzgerald,6.951088292258127
5,melville,288,twain,6.869429349899292
5,melville,289,train,5.938082599639893
5,melville,289,baum,6.656687617301941
5,melville,289,thompson,6.985540866851807
5,melville,289,dickens,6.451788838704427
5,melville,289,melville,6.497903505961101
5,melville,289,wells,6.603601137797038
5,melville,289,austen,6.4388275146484375
5,melville,289,fitzgerald,6.950181824820382
5,melville,289,twain,6.872034168243408
5,melville,290,train,5.925132179260254
5,melville,290,baum,6.652889728546143
5,melville,290,thompson,6.98068106174469
5,melville,290,dickens,6.447423013051351
5,melville,290,melville,6.494564586215549
5,melville,290,wells,6.603368282318115
5,melville,290,austen,6.437550251300518
5,melville,290,fitzgerald,6.948156901768276
5,melville,290,twain,6.8664545059204105
5,melville,291,train,5.911249256134033
5,melville,291,baum,6.648195266723633
5,melville,291,thompson,6.975097179412842
5,melville,291,dickens,6.446224689483643
5,melville,291,melville,6.49089331097073
5,melville,291,wells,6.599217891693115
5,melville,291,austen,6.434221964616042
5,melville,291,fitzgerald,6.94421250479562
5,melville,291,twain,6.857152843475342
5,melville,292,train,5.94076452255249
5,melville,292,baum,6.651346445083618
5,melville,292,thompson,6.980020523071289
5,melville,292,dickens,6.444237581888834
5,melville,292,melville,6.492312219407824
5,melville,292,wells,6.599536736806233
5,melville,292,austen,6.431416328136738
5,melville,292,fitzgerald,6.946015902927944
5,melville,292,twain,6.871019506454468
5,melville,293,train,5.917372703552246
5,melville,293,baum,6.645328879356384
5,melville,293,thompson,6.972034692764282
5,melville,293,dickens,6.445500214894612
5,melville,293,melville,6.489770889282227
5,melville,293,wells,6.597186962763469
5,melville,293,austen,6.432400116553674
5,melville,293,fitzgerald,6.940528529030936
5,melville,293,twain,6.849328660964966
5,melville,294,train,5.90812406539917
5,melville,294,baum,6.645344138145447
5,melville,294,thompson,6.97371768951416
5,melville,294,dickens,6.4472885449727375
5,melville,294,melville,6.49062607023451
5,melville,294,wells,6.598161061604817
5,melville,294,austen,6.4334635734558105
5,melville,294,fitzgerald,6.9423612867082864
5,melville,294,twain,6.845901584625244
5,melville,295,train,5.926124000549317
5,melville,295,baum,6.646576285362244
5,melville,295,thompson,6.976580262184143
5,melville,295,dickens,6.442829418182373
5,melville,295,melville,6.489991029103597
5,melville,295,wells,6.596686760584514
5,melville,295,austen,6.430938720703125
5,melville,295,fitzgerald,6.944639274052212
5,melville,295,twain,6.857869052886963
5,melville,296,train,5.897854328155518
5,melville,296,baum,6.640862584114075
5,melville,296,thompson,6.973696231842041
5,melville,296,dickens,6.43873945871989
5,melville,296,melville,6.482644981808132
5,melville,296,wells,6.591112693150838
5,melville,296,austen,6.425571001493013
5,melville,296,fitzgerald,6.9396763529096335
5,melville,296,twain,6.855363178253174
5,melville,297,train,5.890139865875244
5,melville,297,baum,6.64246392250061
5,melville,297,thompson,6.973947286605835
5,melville,297,dickens,6.438402223587036
5,melville,297,melville,6.483038955264622
5,melville,297,wells,6.592245578765869
5,melville,297,austen,6.425675355471098
5,melville,297,fitzgerald,6.943196773529053
5,melville,297,twain,6.862366342544556
5,melville,298,train,5.889687252044678
5,melville,298,baum,6.6393502950668335
5,melville,298,thompson,6.971304655075073
5,melville,298,dickens,6.436047395070394
5,melville,298,melville,6.4798096550835504
5,melville,298,wells,6.590592861175537
5,melville,298,austen,6.423230501321646
5,melville,298,fitzgerald,6.939493043082101
5,melville,298,twain,6.851083755493164
5,melville,299,train,5.914279270172119
5,melville,299,baum,6.632205009460449
5,melville,299,thompson,6.963955640792847
5,melville,299,dickens,6.4300034205118815
5,melville,299,melville,6.474762598673503
5,melville,299,wells,6.585122028986613
5,melville,299,austen,6.416544584127573
5,melville,299,fitzgerald,6.9337239265441895
5,melville,299,twain,6.841781139373779
5,melville,300,train,5.869771575927734
5,melville,300,baum,6.633743762969971
5,melville,300,thompson,6.966689586639404
5,melville,300,dickens,6.432819414138794
5,melville,300,melville,6.475373056199816
5,melville,300,wells,6.5874342918396
5,melville,300,austen,6.420604852529673
5,melville,300,fitzgerald,6.935073511941092
5,melville,300,twain,6.830938053131104
5,melville,301,train,5.895224857330322
5,melville,301,baum,6.625957012176514
5,melville,301,thompson,6.958003401756287
5,melville,301,dickens,6.42924394607544
5,melville,301,melville,6.471884780459934
5,melville,301,wells,6.581454515457153
5,melville,301,austen,6.413900522085337
5,melville,301,fitzgerald,6.926943302154541
5,melville,301,twain,6.835150814056396
5,melville,302,train,5.842671298980713
5,melville,302,baum,6.626559019088745
5,melville,302,thompson,6.959031581878662
5,melville,302,dickens,6.421618175506592
5,melville,302,melville,6.468873235914442
5,melville,302,wells,6.579575379689534
5,melville,302,austen,6.407119897695688
5,melville,302,fitzgerald,6.927587713514056
5,melville,302,twain,6.83595380783081
5,melville,303,train,5.876883316040039
5,melville,303,baum,6.623864650726318
5,melville,303,thompson,6.95896303653717
5,melville,303,dickens,6.4185352007548016
5,melville,303,melville,6.466958416832818
5,melville,303,wells,6.574779907862346
5,melville,303,austen,6.403277360475981
5,melville,303,fitzgerald,6.926768984113421
5,melville,303,twain,6.840630912780762
5,melville,304,train,5.881095409393311
5,melville,304,baum,6.62325918674469
5,melville,304,thompson,6.955231308937073
5,melville,304,dickens,6.41616792678833
5,melville,304,melville,6.465255313449436
5,melville,304,wells,6.574640115102132
5,melville,304,austen,6.402480125427246
5,melville,304,fitzgerald,6.923429216657366
5,melville,304,twain,6.839736270904541
5,melville,305,train,5.818665218353272
5,melville,305,baum,6.624713897705078
5,melville,305,thompson,6.956701278686523
5,melville,305,dickens,6.420601177215576
5,melville,305,melville,6.466338051689996
5,melville,305,wells,6.576156775156657
5,melville,305,austen,6.405624022850623
5,melville,305,fitzgerald,6.924796649387905
5,melville,305,twain,6.8289896011352536
5,melville,306,train,5.84510555267334
5,melville,306,baum,6.620496034622192
5,melville,306,thompson,6.955544829368591
5,melville,306,dickens,6.415539280573527
5,melville,306,melville,6.462613688574897
5,melville,306,wells,6.573688427607219
5,melville,306,austen,6.402525755075308
5,melville,306,fitzgerald,6.9237358910696845
5,melville,306,twain,6.831878042221069
5,melville,307,train,5.84194974899292
5,melville,307,baum,6.617150664329529
5,melville,307,thompson,6.953339219093323
5,melville,307,dickens,6.415729967753093
5,melville,307,melville,6.46048657099406
5,melville,307,wells,6.571123441060384
5,melville,307,austen,6.400132252619817
5,melville,307,fitzgerald,6.920280456542969
5,melville,307,twain,6.823079013824463
5,melville,308,train,5.83444881439209
5,melville,308,baum,6.62189793586731
5,melville,308,thompson,6.954876661300659
5,melville,308,dickens,6.414888985951742
5,melville,308,melville,6.4594836764865455
5,melville,308,wells,6.57038156191508
5,melville,308,austen,6.399806279402513
5,melville,308,fitzgerald,6.9215715272086005
5,melville,308,twain,6.830550670623779
5,melville,309,train,5.826670551300049
5,melville,309,baum,6.61580753326416
5,melville,309,thompson,6.949778437614441
5,melville,309,dickens,6.412596368789673
5,melville,309,melville,6.456515100267199
5,melville,309,wells,6.566988070805867
5,melville,309,austen,6.396222151242769
5,melville,309,fitzgerald,6.918523447854178
5,melville,309,twain,6.829120111465454
5,melville,310,train,5.829600143432617
5,melville,310,baum,6.617050528526306
5,melville,310,thompson,6.949424147605896
5,melville,310,dickens,6.413967561721802
5,melville,310,melville,6.459001647101508
5,melville,310,wells,6.5715263684590655
5,melville,310,austen,6.396412225869986
5,melville,310,fitzgerald,6.91929817199707
5,melville,310,twain,6.827836513519287
5,melville,311,train,5.8198081970214846
5,melville,311,baum,6.61632764339447
5,melville,311,thompson,6.954802513122559
5,melville,311,dickens,6.4115137736002605
5,melville,311,melville,6.457571400536431
5,melville,311,wells,6.567102511723836
5,melville,311,austen,6.394380239339975
5,melville,311,fitzgerald,6.91909088407244
5,melville,311,twain,6.832147693634033
5,melville,312,train,5.835371017456055
5,melville,312,baum,6.611442923545837
5,melville,312,thompson,6.948124647140503
5,melville,312,dickens,6.408498620986938
5,melville,312,melville,6.455387486351861
5,melville,312,wells,6.566254615783691
5,melville,312,austen,6.393674190227802
5,melville,312,fitzgerald,6.917079039982387
5,melville,312,twain,6.831684494018555
5,melville,313,train,5.828817462921142
5,melville,313,baum,6.609884977340698
5,melville,313,thompson,6.946571350097656
5,melville,313,dickens,6.411339855194091
5,melville,313,melville,6.45534806781345
5,melville,313,wells,6.564383347829183
5,melville,313,austen,6.392570972442627
5,melville,313,fitzgerald,6.914597170693534
5,melville,313,twain,6.818600463867187
5,melville,314,train,5.808261489868164
5,melville,314,baum,6.605794668197632
5,melville,314,thompson,6.944589614868164
5,melville,314,dickens,6.403222099939982
5,melville,314,melville,6.449290646447076
5,melville,314,wells,6.559256712595622
5,melville,314,austen,6.385079787327693
5,melville,314,fitzgerald,6.913009098597935
5,melville,314,twain,6.828013134002686
5,melville,315,train,5.814557838439941
5,melville,315,baum,6.61032509803772
5,melville,315,thompson,6.950257420539856
5,melville,315,dickens,6.403156026204427
5,melville,315,melville,6.449422571394178
5,melville,315,wells,6.562562068303426
5,melville,315,austen,6.38429175890409
5,melville,315,fitzgerald,6.916701861790249
5,melville,315,twain,6.8273200511932375
5,melville,316,train,5.807306003570557
5,melville,316,baum,6.606080174446106
5,melville,316,thompson,6.949735045433044
5,melville,316,dickens,6.399602397282918
5,melville,316,melville,6.446699566311306
5,melville,316,wells,6.55899699529012
5,melville,316,austen,6.381390534914457
5,melville,316,fitzgerald,6.915170873914446
5,melville,316,twain,6.827393388748169
5,melville,317,train,5.798000049591065
5,melville,317,baum,6.59870171546936
5,melville,317,thompson,6.938987851142883
5,melville,317,dickens,6.397774394353231
5,melville,317,melville,6.442012786865234
5,melville,317,wells,6.55479907989502
5,melville,317,austen,6.378260722527137
5,melville,317,fitzgerald,6.908657959529331
5,melville,317,twain,6.810570240020752
5,melville,318,train,5.796530437469483
5,melville,318,baum,6.598535060882568
5,melville,318,thompson,6.939772725105286
5,melville,318,dickens,6.399360783894857
5,melville,318,melville,6.443645583258735
5,melville,318,wells,6.554574489593506
5,melville,318,austen,6.37712207207313
5,melville,318,fitzgerald,6.908860342843192
5,melville,318,twain,6.806904029846192
5,melville,319,train,5.813465023040772
5,melville,319,baum,6.5990787744522095
5,melville,319,thompson,6.939433813095093
5,melville,319,dickens,6.392401011784871
5,melville,319,melville,6.438578181796604
5,melville,319,wells,6.552371342976888
5,melville,319,austen,6.372367125291091
5,melville,319,fitzgerald,6.909080982208252
5,melville,319,twain,6.8137308120727536
5,melville,320,train,5.783361148834229
5,melville,320,baum,6.600912094116211
5,melville,320,thompson,6.941595196723938
5,melville,320,dickens,6.390205176671346
5,melville,320,melville,6.439548121558295
5,melville,320,wells,6.554333368937175
5,melville,320,austen,6.371067523956299
5,melville,320,fitzgerald,6.910805021013532
5,melville,320,twain,6.8274867057800295
5,melville,321,train,5.823514938354492
5,melville,321,baum,6.595476746559143
5,melville,321,thompson,6.941583871841431
5,melville,321,dickens,6.393394565582275
5,melville,321,melville,6.4355894724528
5,melville,321,wells,6.5499623616536455
5,melville,321,austen,6.372819276956411
5,melville,321,fitzgerald,6.909423828125
5,melville,321,twain,6.812977457046509
5,melville,322,train,5.7985199928283695
5,melville,322,baum,6.591825604438782
5,melville,322,thompson,6.938968658447266
5,melville,322,dickens,6.392524576187133
5,melville,322,melville,6.436576684315999
5,melville,322,wells,6.553247531255086
5,melville,322,austen,6.372836626493013
5,melville,322,fitzgerald,6.908632619040353
5,melville,322,twain,6.796022224426269
5,melville,323,train,5.76841926574707
5,melville,323,baum,6.592401742935181
5,melville,323,thompson,6.935660004615784
5,melville,323,dickens,6.390007082621256
5,melville,323,melville,6.4351923200819225
5,melville,323,wells,6.547382990519206
5,melville,323,austen,6.367639835064228
5,melville,323,fitzgerald,6.904606751033238
5,melville,323,twain,6.809392881393433
5,melville,324,train,5.7720390319824215
5,melville,324,baum,6.592490196228027
5,melville,324,thompson,6.938511848449707
5,melville,324,dickens,6.391259749730428
5,melville,324,melville,6.433352576361762
5,melville,324,wells,6.54710857073466
5,melville,324,austen,6.368542707883394
5,melville,324,fitzgerald,6.907492569514683
5,melville,324,twain,6.807508230209351
5,melville,325,train,5.760418605804444
5,melville,325,baum,6.592085123062134
5,melville,325,thompson,6.935371518135071
5,melville,325,dickens,6.383110380172729
5,melville,325,melville,6.431130833095974
5,melville,325,wells,6.544886191685994
5,melville,325,austen,6.361424482785738
5,melville,325,fitzgerald,6.9059882164001465
5,melville,325,twain,6.818416166305542
5,melville,326,train,5.811061191558838
5,melville,326,baum,6.596271395683289
5,melville,326,thompson,6.940632343292236
5,melville,326,dickens,6.386921087900798
5,melville,326,melville,6.429406748877631
5,melville,326,wells,6.545562903086345
5,melville,326,austen,6.365089306464562
5,melville,326,fitzgerald,6.908273151942661
5,melville,326,twain,6.819895124435424
5,melville,327,train,5.773228931427002
5,melville,327,baum,6.580557227134705
5,melville,327,thompson,6.925126910209656
5,melville,327,dickens,6.382761430740357
5,melville,327,melville,6.424088266160753
5,melville,327,wells,6.540921926498413
5,melville,327,austen,6.361280808081994
5,melville,327,fitzgerald,6.896565505436489
5,melville,327,twain,6.783462047576904
5,melville,328,train,5.792477130889893
5,melville,328,baum,6.581340193748474
5,melville,328,thompson,6.9249267578125
5,melville,328,dickens,6.374227348963419
5,melville,328,melville,6.419851409064399
5,melville,328,wells,6.535213549931844
5,melville,328,austen,6.35117585842426
5,melville,328,fitzgerald,6.89646441595895
5,melville,328,twain,6.799174118041992
5,melville,329,train,5.758874034881591
5,melville,329,baum,6.592975735664368
5,melville,329,thompson,6.937697172164917
5,melville,329,dickens,6.384525903066
5,melville,329,melville,6.4254429075453015
5,melville,329,wells,6.54378620783488
5,melville,329,austen,6.358353504767785
5,melville,329,fitzgerald,6.905094351087298
5,melville,329,twain,6.80877194404602
5,melville,330,train,5.766552734375
5,melville,330,baum,6.587972164154053
5,melville,330,thompson,6.930930256843567
5,melville,330,dickens,6.364537334442138
5,melville,330,melville,6.419125239054362
5,melville,330,wells,6.535056273142497
5,melville,330,austen,6.3434342971214885
5,melville,330,fitzgerald,6.900718688964844
5,melville,330,twain,6.8152343273162845
5,melville,331,train,5.725039863586426
5,melville,331,baum,6.58521044254303
5,melville,331,thompson,6.932862401008606
5,melville,331,dickens,6.371700382232666
5,melville,331,melville,6.417150603400336
5,melville,331,wells,6.535405079523723
5,melville,331,austen,6.34789962034959
5,melville,331,fitzgerald,6.899517944880894
5,melville,331,twain,6.807226991653442
5,melville,332,train,5.752155494689942
5,melville,332,baum,6.577112913131714
5,melville,332,thompson,6.926211357116699
5,melville,332,dickens,6.3750146389007565
5,melville,332,melville,6.418192174699572
5,melville,332,wells,6.53641939163208
5,melville,332,austen,6.353270310621995
5,melville,332,fitzgerald,6.896422386169434
5,melville,332,twain,6.787540626525879
5,melville,333,train,5.749933052062988
5,melville,333,baum,6.58001434803009
5,melville,333,thompson,6.924542427062988
5,melville,333,dickens,6.380922253926595
5,melville,333,melville,6.422085867987739
5,melville,333,wells,6.540539820988973
5,melville,333,austen,6.356379875769982
5,melville,333,fitzgerald,6.897727353232248
5,melville,333,twain,6.781323385238648
5,melville,334,train,5.721330738067627
5,melville,334,baum,6.576461791992188
5,melville,334,thompson,6.926610946655273
5,melville,334,dickens,6.376851463317872
5,melville,334,melville,6.414085070292155
5,melville,334,wells,6.533750931421916
5,melville,334,austen,6.3544828708355245
5,melville,334,fitzgerald,6.895985398973737
5,melville,334,twain,6.779229688644409
5,melville,335,train,5.718684482574463
5,melville,335,baum,6.574290156364441
5,melville,335,thompson,6.919165134429932
5,melville,335,dickens,6.370194371541341
5,melville,335,melville,6.413540363311768
5,melville,335,wells,6.53079620997111
5,melville,335,austen,6.347038232363188
5,melville,335,fitzgerald,6.89233262198312
5,melville,335,twain,6.781761646270752
5,melville,336,train,5.6933738708496096
5,melville,336,baum,6.577389359474182
5,melville,336,thompson,6.9272133111953735
5,melville,336,dickens,6.36558723449707
5,melville,336,melville,6.41067033343845
5,melville,336,wells,6.527469952901204
5,melville,336,austen,6.34116715651292
5,melville,336,fitzgerald,6.895444733755929
5,melville,336,twain,6.802883100509644
5,melville,337,train,5.7302145004272464
5,melville,337,baum,6.5745954513549805
5,melville,337,thompson,6.926443696022034
5,melville,337,dickens,6.3654190381368005
5,melville,337,melville,6.407232549455431
5,melville,337,wells,6.530131975809733
5,melville,337,austen,6.343571809621958
5,melville,337,fitzgerald,6.896671703883579
5,melville,337,twain,6.791700267791748
5,melville,338,train,5.692803382873535
5,melville,338,baum,6.577814817428589
5,melville,338,thompson,6.925240397453308
5,melville,338,dickens,6.3635009765625
5,melville,338,melville,6.4103875160217285
5,melville,338,wells,6.530075152715047
5,melville,338,austen,6.337836705721342
5,melville,338,fitzgerald,6.8965542657034735
5,melville,338,twain,6.791749238967896
5,melville,339,train,5.72465705871582
5,melville,339,baum,6.569017648696899
5,melville,339,thompson,6.920318245887756
5,melville,339,dickens,6.358919795354208
5,melville,339,melville,6.4035725593566895
5,melville,339,wells,6.52387809753418
5,melville,339,austen,6.334676632514367
5,melville,339,fitzgerald,6.890891824449811
5,melville,339,twain,6.791864156723023
5,melville,340,train,5.722536087036133
5,melville,340,baum,6.57194721698761
5,melville,340,thompson,6.924343466758728
5,melville,340,dickens,6.359369421005249
5,melville,340,melville,6.40375280380249
5,melville,340,wells,6.527123769124349
5,melville,340,austen,6.3359252489530125
5,melville,340,fitzgerald,6.892920970916748
5,melville,340,twain,6.794345760345459
5,melville,341,train,5.703355407714843
5,melville,341,baum,6.565159201622009
5,melville,341,thompson,6.914451122283936
5,melville,341,dickens,6.360389184951782
5,melville,341,melville,6.402705563439263
5,melville,341,wells,6.524251778920491
5,melville,341,austen,6.334957232842078
5,melville,341,fitzgerald,6.888359274183001
5,melville,341,twain,6.7651113986969
5,melville,342,train,5.7115912437438965
5,melville,342,baum,6.567167043685913
5,melville,342,thompson,6.915129780769348
5,melville,342,dickens,6.366532993316651
5,melville,342,melville,6.408614158630371
5,melville,342,wells,6.529641310373942
5,melville,342,austen,6.340087890625
5,melville,342,fitzgerald,6.89066709790911
5,melville,342,twain,6.771517610549926
5,melville,343,train,5.704039096832275
5,melville,343,baum,6.567014217376709
5,melville,343,thompson,6.920665860176086
5,melville,343,dickens,6.36224905649821
5,melville,343,melville,6.403296735551622
5,melville,343,wells,6.526394844055176
5,melville,343,austen,6.337184025691106
5,melville,343,fitzgerald,6.891538688114712
5,melville,343,twain,6.779286479949951
5,melville,344,train,5.702934074401855
5,melville,344,baum,6.563929080963135
5,melville,344,thompson,6.913243055343628
5,melville,344,dickens,6.357866668701172
5,melville,344,melville,6.3986442883809405
5,melville,344,wells,6.523536761601766
5,melville,344,austen,6.333304588611309
5,melville,344,fitzgerald,6.887968472072056
5,melville,344,twain,6.777478170394898
5,melville,345,train,5.705089569091797
5,melville,345,baum,6.561603307723999
5,melville,345,thompson,6.912414789199829
5,melville,345,dickens,6.358058961232503
5,melville,345,melville,6.396771695878771
5,melville,345,wells,6.522151072820027
5,melville,345,austen,6.332892161149245
5,melville,345,fitzgerald,6.887093612125942
5,melville,345,twain,6.760719013214112
5,melville,346,train,5.6870325088500975
5,melville,346,baum,6.558304786682129
5,melville,346,thompson,6.911566019058228
5,melville,346,dickens,6.3499122301737465
5,melville,346,melville,6.39009231991238
5,melville,346,wells,6.514911810557048
5,melville,346,austen,6.3218505932734566
5,melville,346,fitzgerald,6.884907586233957
5,melville,346,twain,6.778514814376831
5,melville,347,train,5.709213542938232
5,melville,347,baum,6.571257948875427
5,melville,347,thompson,6.92118763923645
5,melville,347,dickens,6.352383263905844
5,melville,347,melville,6.39464192920261
5,melville,347,wells,6.521586100260417
5,melville,347,austen,6.326066200549786
5,melville,347,fitzgerald,6.893041406358991
5,melville,347,twain,6.788589477539063
5,melville,348,train,5.669728374481201
5,melville,348,baum,6.565129995346069
5,melville,348,thompson,6.919948935508728
5,melville,348,dickens,6.347428846359253
5,melville,348,melville,6.389967600504558
5,melville,348,wells,6.514823913574219
5,melville,348,austen,6.317694040445181
5,melville,348,fitzgerald,6.88963120324271
5,melville,348,twain,6.792267942428589
5,melville,349,train,5.685916519165039
5,melville,349,baum,6.554759860038757
5,melville,349,thompson,6.910114765167236
5,melville,349,dickens,6.34515020052592
5,melville,349,melville,6.386789745754665
5,melville,349,wells,6.512566645940145
5,melville,349,austen,6.317900547614465
5,melville,349,fitzgerald,6.882858616965158
5,melville,349,twain,6.770525598526001
5,melville,350,train,5.694528484344483
5,melville,350,baum,6.562845826148987
5,melville,350,thompson,6.918712854385376
5,melville,350,dickens,6.348963975906372
5,melville,350,melville,6.389621363745795
5,melville,350,wells,6.515111605326335
5,melville,350,austen,6.319361429948073
5,melville,350,fitzgerald,6.886964048658099
5,melville,350,twain,6.793262958526611
5,melville,351,train,5.660099887847901
5,melville,351,baum,6.563368201255798
5,melville,351,thompson,6.916296482086182
5,melville,351,dickens,6.356541315714519
5,melville,351,melville,6.393352667490642
5,melville,351,wells,6.520761410395305
5,melville,351,austen,6.329299156482403
5,melville,351,fitzgerald,6.889607497623989
5,melville,351,twain,6.772524166107178
5,melville,352,train,5.6456374168396
5,melville,352,baum,6.559436082839966
5,melville,352,thompson,6.911677002906799
5,melville,352,dickens,6.353479274113973
5,melville,352,melville,6.390228218502468
5,melville,352,wells,6.518531243006389
5,melville,352,austen,6.327384802011343
5,melville,352,fitzgerald,6.885891437530518
5,melville,352,twain,6.7698506832122805
5,melville,353,train,5.612465476989746
5,melville,353,baum,6.560014486312866
5,melville,353,thompson,6.917216658592224
5,melville,353,dickens,6.352185312906901
5,melville,353,melville,6.388057178921169
5,melville,353,wells,6.517672459284465
5,melville,353,austen,6.325072581951435
5,melville,353,fitzgerald,6.887632710593088
5,melville,353,twain,6.769452667236328
5,melville,354,train,5.62501974105835
5,melville,354,baum,6.549945592880249
5,melville,354,thompson,6.9067487716674805
5,melville,354,dickens,6.3433854897816975
5,melville,354,melville,6.384254190656874
5,melville,354,wells,6.510064442952474
5,melville,354,austen,6.31498542198768
5,melville,354,fitzgerald,6.88287707737514
5,melville,354,twain,6.775495004653931
5,melville,355,train,5.68421573638916
5,melville,355,baum,6.55583393573761
5,melville,355,thompson,6.905452132225037
5,melville,355,dickens,6.348402770360311
5,melville,355,melville,6.385765022701687
5,melville,355,wells,6.511326471964519
5,melville,355,austen,6.317314404707688
5,melville,355,fitzgerald,6.880523341042655
5,melville,355,twain,6.755086946487427
5,melville,356,train,5.654669284820557
5,melville,356,baum,6.557221293449402
5,melville,356,thompson,6.9141329526901245
5,melville,356,dickens,6.3452327410380045
5,melville,356,melville,6.384050793117947
5,melville,356,wells,6.511902968088786
5,melville,356,austen,6.316458995525654
5,melville,356,fitzgerald,6.88611854825701
5,melville,356,twain,6.768411588668823
5,melville,357,train,5.650070476531982
5,melville,357,baum,6.553642392158508
5,melville,357,thompson,6.908700346946716
5,melville,357,dickens,6.34010189374288
5,melville,357,melville,6.38402271270752
5,melville,357,wells,6.508435964584351
5,melville,357,austen,6.309568075033335
5,melville,357,fitzgerald,6.8814834186009
5,melville,357,twain,6.772625064849853
5,melville,358,train,5.644703197479248
5,melville,358,baum,6.545785903930664
5,melville,358,thompson,6.901886940002441
5,melville,358,dickens,6.335258102416992
5,melville,358,melville,6.37616162829929
5,melville,358,wells,6.50375239054362
5,melville,358,austen,6.307905527261587
5,melville,358,fitzgerald,6.878377301352365
5,melville,358,twain,6.761305093765259
5,melville,359,train,5.647157001495361
5,melville,359,baum,6.54603910446167
5,melville,359,thompson,6.900669813156128
5,melville,359,dickens,6.334037033716838
5,melville,359,melville,6.374583350287543
5,melville,359,wells,6.5023274421691895
5,melville,359,austen,6.303278959714449
5,melville,359,fitzgerald,6.875765459878104
5,melville,359,twain,6.755057144165039
5,melville,360,train,5.62621660232544
5,melville,360,baum,6.549525856971741
5,melville,360,thompson,6.901183724403381
5,melville,360,dickens,6.337313032150268
5,melville,360,melville,6.378562503390842
5,melville,360,wells,6.503953059514363
5,melville,360,austen,6.306506487039419
5,melville,360,fitzgerald,6.877615588051932
5,melville,360,twain,6.755452156066895
5,melville,361,train,5.665159511566162
5,melville,361,baum,6.544802308082581
5,melville,361,thompson,6.899661421775818
5,melville,361,dickens,6.337885570526123
5,melville,361,melville,6.376145521799724
5,melville,361,wells,6.507399797439575
5,melville,361,austen,6.3099362299992485
5,melville,361,fitzgerald,6.8788990293230325
5,melville,361,twain,6.740305995941162
5,melville,362,train,5.625367546081543
5,melville,362,baum,6.539522051811218
5,melville,362,thompson,6.898274779319763
5,melville,362,dickens,6.328759717941284
5,melville,362,melville,6.370955361260308
5,melville,362,wells,6.498134056727092
5,melville,362,austen,6.300188064575195
5,melville,362,fitzgerald,6.873457840510777
5,melville,362,twain,6.753430557250977
5,melville,363,train,5.625214862823486
5,melville,363,baum,6.545497298240662
5,melville,363,thompson,6.904218912124634
5,melville,363,dickens,6.328950103123983
5,melville,363,melville,6.373227437337239
5,melville,363,wells,6.502792914708455
5,melville,363,austen,6.302010426154504
5,melville,363,fitzgerald,6.880860601152692
5,melville,363,twain,6.765330076217651
5,melville,364,train,5.579113578796386
5,melville,364,baum,6.542092084884644
5,melville,364,thompson,6.898164629936218
5,melville,364,dickens,6.334332370758057
5,melville,364,melville,6.373085392846002
5,melville,364,wells,6.500758568445842
5,melville,364,austen,6.302937764387864
5,melville,364,fitzgerald,6.875241552080427
5,melville,364,twain,6.7466929912567135
5,melville,365,train,5.621717548370361
5,melville,365,baum,6.538652062416077
5,melville,365,thompson,6.898606896400452
5,melville,365,dickens,6.33521842956543
5,melville,365,melville,6.371779971652561
5,melville,365,wells,6.502119938532512
5,melville,365,austen,6.305430779090295
5,melville,365,fitzgerald,6.874867166791644
5,melville,365,twain,6.743053817749024
5,melville,366,train,5.607753753662109
5,melville,366,baum,6.539959073066711
5,melville,366,thompson,6.898313760757446
5,melville,366,dickens,6.330574989318848
5,melville,366,melville,6.369027084774441
5,melville,366,wells,6.500343720118205
5,melville,366,austen,6.299447316389817
5,melville,366,fitzgerald,6.872854437146868
5,melville,366,twain,6.74831714630127
5,melville,367,train,5.570611381530762
5,melville,367,baum,6.544066667556763
5,melville,367,thompson,6.901437520980835
5,melville,367,dickens,6.325266806284587
5,melville,367,melville,6.370519214206272
5,melville,367,wells,6.501059929529826
5,melville,367,austen,6.293613067040076
5,melville,367,fitzgerald,6.879028865269253
5,melville,367,twain,6.76563606262207
5,melville,368,train,5.610756206512451
5,melville,368,baum,6.538950562477112
5,melville,368,thompson,6.896149158477783
5,melville,368,dickens,6.326095485687256
5,melville,368,melville,6.367754406399197
5,melville,368,wells,6.496676921844482
5,melville,368,austen,6.29151806464562
5,melville,368,fitzgerald,6.87311315536499
5,melville,368,twain,6.745016145706177
5,melville,369,train,5.585462474822998
5,melville,369,baum,6.5358041524887085
5,melville,369,thompson,6.892286062240601
5,melville,369,dickens,6.322834730148315
5,melville,369,melville,6.364542378319634
5,melville,369,wells,6.496839841206868
5,melville,369,austen,6.292633826916035
5,melville,369,fitzgerald,6.871638570513044
5,melville,369,twain,6.735767126083374
5,melville,370,train,5.56500129699707
5,melville,370,baum,6.535259127616882
5,melville,370,thompson,6.892516374588013
5,melville,370,dickens,6.325650517145792
5,melville,370,melville,6.365702788035075
5,melville,370,wells,6.494695027669271
5,melville,370,austen,6.294039726257324
5,melville,370,fitzgerald,6.870395660400391
5,melville,370,twain,6.737644672393799
5,melville,371,train,5.562277698516846
5,melville,371,baum,6.540891766548157
5,melville,371,thompson,6.895752906799316
5,melville,371,dickens,6.328195921579996
5,melville,371,melville,6.370504962073432
5,melville,371,wells,6.49830174446106
5,melville,371,austen,6.295400252709022
5,melville,371,fitzgerald,6.871694564819336
5,melville,371,twain,6.746254348754883
5,melville,372,train,5.630195236206054
5,melville,372,baum,6.53424084186554
5,melville,372,thompson,6.892783999443054
5,melville,372,dickens,6.322359132766724
5,melville,372,melville,6.361162503560384
5,melville,372,wells,6.4917222658793134
5,melville,372,austen,6.29086762208205
5,melville,372,fitzgerald,6.867839200156076
5,melville,372,twain,6.741681003570557
5,melville,373,train,5.570642852783204
5,melville,373,baum,6.535442590713501
5,melville,373,thompson,6.893521308898926
5,melville,373,dickens,6.326533587773641
5,melville,373,melville,6.364731735653347
5,melville,373,wells,6.498365720113118
5,melville,373,austen,6.294814990117
5,melville,373,fitzgerald,6.871103014264788
5,melville,373,twain,6.722571277618409
5,melville,374,train,5.551623439788818
5,melville,374,baum,6.524325132369995
5,melville,374,thompson,6.881019234657288
5,melville,374,dickens,6.320031976699829
5,melville,374,melville,6.356369336446126
5,melville,374,wells,6.488531271616618
5,melville,374,austen,6.2893476119408245
5,melville,374,fitzgerald,6.860103947775705
5,melville,374,twain,6.713064813613892
5,melville,375,train,5.547098350524903
5,melville,375,baum,6.534231781959534
5,melville,375,thompson,6.889442563056946
5,melville,375,dickens,6.318696467081706
5,melville,375,melville,6.359783543480767
5,melville,375,wells,6.492828607559204
5,melville,375,austen,6.288182442004864
5,melville,375,fitzgerald,6.867199965885708
5,melville,375,twain,6.733777141571045
5,melville,376,train,5.535500240325928
5,melville,376,baum,6.52969753742218
5,melville,376,thompson,6.888713121414185
5,melville,376,dickens,6.316983461380005
5,melville,376,melville,6.35943947898017
5,melville,376,wells,6.492696523666382
5,melville,376,austen,6.285377172323374
5,melville,376,fitzgerald,6.8664438383919855
5,melville,376,twain,6.7336629867553714
5,melville,377,train,5.556836795806885
5,melville,377,baum,6.5270572900772095
5,melville,377,thompson,6.88438892364502
5,melville,377,dickens,6.325338300069173
5,melville,377,melville,6.3604057100084095
5,melville,377,wells,6.493474324544271
5,melville,377,austen,6.297914284926194
5,melville,377,fitzgerald,6.865021365029471
5,melville,377,twain,6.720762729644775
5,melville,378,train,5.547011089324951
5,melville,378,baum,6.530799865722656
5,melville,378,thompson,6.8872164487838745
5,melville,378,dickens,6.319253762563069
5,melville,378,melville,6.35923793580797
5,melville,378,wells,6.488929669062297
5,melville,378,austen,6.28463312295767
5,melville,378,fitzgerald,6.8671378408159525
5,melville,378,twain,6.736457872390747
5,melville,379,train,5.526966094970703
5,melville,379,baum,6.526445627212524
5,melville,379,thompson,6.884024262428284
5,melville,379,dickens,6.312003819147746
5,melville,379,melville,6.3538970947265625
5,melville,379,wells,6.485304911931356
5,melville,379,austen,6.279261845808763
5,melville,379,fitzgerald,6.862328801836286
5,melville,379,twain,6.722530460357666
5,melville,380,train,5.525406551361084
5,melville,380,baum,6.520716786384583
5,melville,380,thompson,6.881862044334412
5,melville,380,dickens,6.306707366307577
5,melville,380,melville,6.349755181206597
5,melville,380,wells,6.481327454249064
5,melville,380,austen,6.276927984677828
5,melville,380,fitzgerald,6.860310963221958
5,melville,380,twain,6.732271337509156
5,melville,381,train,5.528868198394775
5,melville,381,baum,6.522266626358032
5,melville,381,thompson,6.881364822387695
5,melville,381,dickens,6.31723108291626
5,melville,381,melville,6.357095347510444
5,melville,381,wells,6.486912965774536
5,melville,381,austen,6.285117589510405
5,melville,381,fitzgerald,6.861179419926235
5,melville,381,twain,6.715386486053466
5,melville,382,train,5.575805377960205
5,melville,382,baum,6.519784331321716
5,melville,382,thompson,6.880688786506653
5,melville,382,dickens,6.309416548411051
5,melville,382,melville,6.351459079318577
5,melville,382,wells,6.483111302057902
5,melville,382,austen,6.278414689577543
5,melville,382,fitzgerald,6.85998923437936
5,melville,382,twain,6.724187707901001
5,melville,383,train,5.560273551940918
5,melville,383,baum,6.527262210845947
5,melville,383,thompson,6.889551043510437
5,melville,383,dickens,6.312860981623332
5,melville,383,melville,6.3548389010959205
5,melville,383,wells,6.489185174306233
5,melville,383,austen,6.281215190887451
5,melville,383,fitzgerald,6.866667747497559
5,melville,383,twain,6.73578462600708
5,melville,384,train,5.524447250366211
5,melville,384,baum,6.526671051979065
5,melville,384,thompson,6.8870769739151
5,melville,384,dickens,6.30332449277242
5,melville,384,melville,6.349299483829075
5,melville,384,wells,6.479731718699138
5,melville,384,austen,6.268101215362549
5,melville,384,fitzgerald,6.863819462912423
5,melville,384,twain,6.736952018737793
5,melville,385,train,5.551921272277832
5,melville,385,baum,6.5228190422058105
5,melville,385,thompson,6.881784081459045
5,melville,385,dickens,6.310195541381836
5,melville,385,melville,6.348534213172065
5,melville,385,wells,6.483142534891765
5,melville,385,austen,6.274259347182054
5,melville,385,fitzgerald,6.86101770401001
5,melville,385,twain,6.722351503372193
5,melville,386,train,5.541021156311035
5,melville,386,baum,6.519117712974548
5,melville,386,thompson,6.879485964775085
5,melville,386,dickens,6.308031256993612
5,melville,386,melville,6.346087243821886
5,melville,386,wells,6.4814237753550215
5,melville,386,austen,6.27339715224046
5,melville,386,fitzgerald,6.859112194606236
5,melville,386,twain,6.715160846710205
5,melville,387,train,5.548028182983399
5,melville,387,baum,6.515072464942932
5,melville,387,thompson,6.876562595367432
5,melville,387,dickens,6.308023484547933
5,melville,387,melville,6.344633791181776
5,melville,387,wells,6.47871470451355
5,melville,387,austen,6.273618698120117
5,melville,387,fitzgerald,6.8559867313929965
5,melville,387,twain,6.718455219268799
5,melville,388,train,5.516577529907226
5,melville,388,baum,6.520196795463562
5,melville,388,thompson,6.881790280342102
5,melville,388,dickens,6.303602313995361
5,melville,388,melville,6.346316284603542
5,melville,388,wells,6.482646544774373
5,melville,388,austen,6.270215401282678
5,melville,388,fitzgerald,6.860701765332903
5,melville,388,twain,6.725186681747436
5,melville,389,train,5.520992755889893
5,melville,389,baum,6.521093249320984
5,melville,389,thompson,6.88255250453949
5,melville,389,dickens,6.309316905339559
5,melville,389,melville,6.347163200378418
5,melville,389,wells,6.483541250228882
5,melville,389,austen,6.274922737708459
5,melville,389,fitzgerald,6.861661161695208
5,melville,389,twain,6.713950204849243
5,melville,390,train,5.522175025939942
5,melville,390,baum,6.516081213951111
5,melville,390,thompson,6.879686951637268
5,melville,390,dickens,6.304594039916992
5,melville,390,melville,6.344754060109456
5,melville,390,wells,6.481665134429932
5,melville,390,austen,6.271200583531306
5,melville,390,fitzgerald,6.859988621303013
5,melville,390,twain,6.70884428024292
5,melville,391,train,5.481212520599366
5,melville,391,baum,6.517956376075745
5,melville,391,thompson,6.876582980155945
5,melville,391,dickens,6.305189228057861
5,melville,391,melville,6.343677043914795
5,melville,391,wells,6.47978679339091
5,melville,391,austen,6.269919065328745
5,melville,391,fitzgerald,6.858827795301165
5,melville,391,twain,6.707726573944091
5,melville,392,train,5.469026184082031
5,melville,392,baum,6.512552738189697
5,melville,392,thompson,6.875066041946411
5,melville,392,dickens,6.299612553914388
5,melville,392,melville,6.3397200372484
5,melville,392,wells,6.47629698117574
5,melville,392,austen,6.266099673051101
5,melville,392,fitzgerald,6.855391774858747
5,melville,392,twain,6.708885908126831
5,melville,393,train,5.536924266815186
5,melville,393,baum,6.518937826156616
5,melville,393,thompson,6.882853150367737
5,melville,393,dickens,6.302234252293904
5,melville,393,melville,6.341257731119792
5,melville,393,wells,6.479877789815267
5,melville,393,austen,6.267862209906945
5,melville,393,fitzgerald,6.860098838806152
5,melville,393,twain,6.714859676361084
5,melville,394,train,5.50278377532959
5,melville,394,baum,6.515167236328125
5,melville,394,thompson,6.877791047096252
5,melville,394,dickens,6.303432544072469
5,melville,394,melville,6.337641716003418
5,melville,394,wells,6.477858543395996
5,melville,394,austen,6.267259744497446
5,melville,394,fitzgerald,6.858656474522182
5,melville,394,twain,6.706287622451782
5,melville,395,train,5.479213047027588
5,melville,395,baum,6.517498970031738
5,melville,395,thompson,6.877489924430847
5,melville,395,dickens,6.305127588907878
5,melville,395,melville,6.338642703162299
5,melville,395,wells,6.480083306630452
5,melville,395,austen,6.269675034743089
5,melville,395,fitzgerald,6.860249246869769
5,melville,395,twain,6.707083129882813
5,melville,396,train,5.494703102111816
5,melville,396,baum,6.5120179653167725
5,melville,396,thompson,6.87373673915863
5,melville,396,dickens,6.293789037068685
5,melville,396,melville,6.332755194769965
5,melville,396,wells,6.474456230799357
5,melville,396,austen,6.262338895064134
5,melville,396,fitzgerald,6.855383328029087
5,melville,396,twain,6.713108730316162
5,melville,397,train,5.499506855010987
5,melville,397,baum,6.510952591896057
5,melville,397,thompson,6.873631358146668
5,melville,397,dickens,6.300121021270752
5,melville,397,melville,6.333925406138103
5,melville,397,wells,6.474728425343831
5,melville,397,austen,6.266113794766939
5,melville,397,fitzgerald,6.853551932743618
5,melville,397,twain,6.710695028305054
5,melville,398,train,5.46180830001831
5,melville,398,baum,6.508133769035339
5,melville,398,thompson,6.871069669723511
5,melville,398,dickens,6.304075431823731
5,melville,398,melville,6.336062484317356
5,melville,398,wells,6.476766347885132
5,melville,398,austen,6.2689338097205525
5,melville,398,fitzgerald,6.854800973619733
5,melville,398,twain,6.687903022766113
5,melville,399,train,5.445619869232178
5,melville,399,baum,6.511189103126526
5,melville,399,thompson,6.869189977645874
5,melville,399,dickens,6.300379149119059
5,melville,399,melville,6.337977780236138
5,melville,399,wells,6.478866815567017
5,melville,399,austen,6.266868004432092
5,melville,399,fitzgerald,6.8549595560346335
5,melville,399,twain,6.695603322982788
5,melville,400,train,5.461633586883545
5,melville,400,baum,6.509029030799866
5,melville,400,thompson,6.870811104774475
5,melville,400,dickens,6.301414712270101
5,melville,400,melville,6.333739068773058
5,melville,400,wells,6.473691940307617
5,melville,400,austen,6.265878714047945
5,melville,400,fitzgerald,6.851748466491699
5,melville,400,twain,6.697474145889283
5,melville,401,train,5.46239709854126
5,melville,401,baum,6.511182904243469
5,melville,401,thompson,6.874449014663696
5,melville,401,dickens,6.293617105484008
5,melville,401,melville,6.331079800923665
5,melville,401,wells,6.474456866582234
5,melville,401,austen,6.260019412407508
5,melville,401,fitzgerald,6.856474263327463
5,melville,401,twain,6.713397073745727
5,melville,402,train,5.468562984466553
5,melville,402,baum,6.50392472743988
5,melville,402,thompson,6.870728492736816
5,melville,402,dickens,6.288743130366007
5,melville,402,melville,6.3273701667785645
5,melville,402,wells,6.470779180526733
5,melville,402,austen,6.253509154686561
5,melville,402,fitzgerald,6.851778984069824
5,melville,402,twain,6.702817916870117
5,melville,403,train,5.445424461364746
5,melville,403,baum,6.504930019378662
5,melville,403,thompson,6.868630528450012
5,melville,403,dickens,6.293884150187174
5,melville,403,melville,6.327674018012153
5,melville,403,wells,6.472143332163493
5,melville,403,austen,6.260092221773588
5,melville,403,fitzgerald,6.85419682094029
5,melville,403,twain,6.70054063796997
5,melville,404,train,5.462694263458252
5,melville,404,baum,6.511389374732971
5,melville,404,thompson,6.871029257774353
5,melville,404,dickens,6.292347494761149
5,melville,404,melville,6.327935112847222
5,melville,404,wells,6.472115119298299
5,melville,404,austen,6.258646524869478
5,melville,404,fitzgerald,6.8553844179425925
5,melville,404,twain,6.697609615325928
5,melville,405,train,5.495047855377197
5,melville,405,baum,6.500348687171936
5,melville,405,thompson,6.868493318557739
5,melville,405,dickens,6.286185582478841
5,melville,405,melville,6.322470717959934
5,melville,405,wells,6.463908672332764
5,melville,405,austen,6.250571397634653
5,melville,405,fitzgerald,6.848821299416678
5,melville,405,twain,6.704751634597779
5,melville,406,train,5.452050399780274
5,melville,406,baum,6.509862542152405
5,melville,406,thompson,6.876900672912598
5,melville,406,dickens,6.28925838470459
5,melville,406,melville,6.325706058078342
5,melville,406,wells,6.472165981928508
5,melville,406,austen,6.254700990823599
5,melville,406,fitzgerald,6.856124060494559
5,melville,406,twain,6.71104736328125
5,melville,407,train,5.432427597045899
5,melville,407,baum,6.506364703178406
5,melville,407,thompson,6.869210124015808
5,melville,407,dickens,6.290191157658895
5,melville,407,melville,6.326804690890842
5,melville,407,wells,6.468067169189453
5,melville,407,austen,6.254851561326247
5,melville,407,fitzgerald,6.8521928787231445
5,melville,407,twain,6.696412372589111
5,melville,408,train,5.426828765869141
5,melville,408,baum,6.506287455558777
5,melville,408,thompson,6.876132130622864
5,melville,408,dickens,6.2953218142191565
5,melville,408,melville,6.329548252953424
5,melville,408,wells,6.477126280466716
5,melville,408,austen,6.262808029468243
5,melville,408,fitzgerald,6.860311916896275
5,melville,408,twain,6.694889974594116
5,melville,409,train,5.438905811309814
5,melville,409,baum,6.497102856636047
5,melville,409,thompson,6.866342425346375
5,melville,409,dickens,6.281802845001221
5,melville,409,melville,6.319732560051812
5,melville,409,wells,6.459315141042073
5,melville,409,austen,6.246657004723182
5,melville,409,fitzgerald,6.846916879926409
5,melville,409,twain,6.697987079620361
5,melville,410,train,5.45794906616211
5,melville,410,baum,6.5061140060424805
5,melville,410,thompson,6.871783494949341
5,melville,410,dickens,6.292535352706909
5,melville,410,melville,6.326718701256646
5,melville,410,wells,6.47255261739095
5,melville,410,austen,6.259540374462421
5,melville,410,fitzgerald,6.854533876691546
5,melville,410,twain,6.696097660064697
5,melville,411,train,5.425477886199952
5,melville,411,baum,6.500521183013916
5,melville,411,thompson,6.864252209663391
5,melville,411,dickens,6.288745419184367
5,melville,411,melville,6.323143164316813
5,melville,411,wells,6.466713984807332
5,melville,411,austen,6.253598029796894
5,melville,411,fitzgerald,6.848226411002023
5,melville,411,twain,6.6926487445831295
5,melville,412,train,5.4326094627380375
5,melville,412,baum,6.500630259513855
5,melville,412,thompson,6.865995764732361
5,melville,412,dickens,6.283904886245727
5,melville,412,melville,6.321564674377441
5,melville,412,wells,6.464159647623698
5,melville,412,austen,6.250791329603929
5,melville,412,fitzgerald,6.85080759865897
5,melville,412,twain,6.694500255584717
5,melville,413,train,5.401723957061767
5,melville,413,baum,6.49993097782135
5,melville,413,thompson,6.866840600967407
5,melville,413,dickens,6.281979815165202
5,melville,413,melville,6.319750308990479
5,melville,413,wells,6.465562740961711
5,melville,413,austen,6.246914826906645
5,melville,413,fitzgerald,6.849379471370152
5,melville,413,twain,6.697778367996216
5,melville,414,train,5.405456352233887
5,melville,414,baum,6.5041526556015015
5,melville,414,thompson,6.868721008300781
5,melville,414,dickens,6.280892054239909
5,melville,414,melville,6.320752514733209
5,melville,414,wells,6.466014385223389
5,melville,414,austen,6.248445804302509
5,melville,414,fitzgerald,6.854044369288853
5,melville,414,twain,6.715267086029053
5,melville,415,train,5.444430446624756
5,melville,415,baum,6.500993728637695
5,melville,415,thompson,6.865821838378906
5,melville,415,dickens,6.287671407063802
5,melville,415,melville,6.321280055575901
5,melville,415,wells,6.467007001241048
5,melville,415,austen,6.255098342895508
5,melville,415,fitzgerald,6.8504729952131
5,melville,415,twain,6.70366005897522
5,melville,416,train,5.425106239318848
5,melville,416,baum,6.499690413475037
5,melville,416,thompson,6.8660314083099365
5,melville,416,dickens,6.293242454528809
5,melville,416,melville,6.32340473598904
5,melville,416,wells,6.471502224604289
5,melville,416,austen,6.2591208678025465
5,melville,416,fitzgerald,6.852199758802142
5,melville,416,twain,6.678951454162598
5,melville,417,train,5.414276790618897
5,melville,417,baum,6.497799515724182
5,melville,417,thompson,6.865001440048218
5,melville,417,dickens,6.2730599244435625
5,melville,417,melville,6.316362963782416
5,melville,417,wells,6.4603798389434814
5,melville,417,austen,6.23919677734375
5,melville,417,fitzgerald,6.850009168897357
5,melville,417,twain,6.711977910995484
5,melville,418,train,5.440384483337402
5,melville,418,baum,6.501338243484497
5,melville,418,thompson,6.867658495903015
5,melville,418,dickens,6.277248891194661
5,melville,418,melville,6.315151214599609
5,melville,418,wells,6.460723956425984
5,melville,418,austen,6.240275713113638
5,melville,418,fitzgerald,6.852097579411098
5,melville,418,twain,6.706549596786499
5,melville,419,train,5.408568096160889
5,melville,419,baum,6.498327016830444
5,melville,419,thompson,6.866201281547546
5,melville,419,dickens,6.280099900563558
5,melville,419,melville,6.317209243774414
5,melville,419,wells,6.465317726135254
5,melville,419,austen,6.245791875399076
5,melville,419,fitzgerald,6.851541246686663
5,melville,419,twain,6.694198369979858
5,melville,420,train,5.4012476921081545
5,melville,420,baum,6.496472239494324
5,melville,420,thompson,6.866714239120483
5,melville,420,dickens,6.279253466924032
5,melville,420,melville,6.316337903340657
5,melville,420,wells,6.460635741551717
5,melville,420,austen,6.244099947122427
5,melville,420,fitzgerald,6.848169939858573
5,melville,420,twain,6.695843601226807
5,melville,421,train,5.375367259979248
5,melville,421,baum,6.498246669769287
5,melville,421,thompson,6.866101861000061
5,melville,421,dickens,6.2889046986897785
5,melville,421,melville,6.322061856587728
5,melville,421,wells,6.46856164932251
5,melville,421,austen,6.251230203188383
5,melville,421,fitzgerald,6.852450779506138
5,melville,421,twain,6.686786222457886
5,melville,422,train,5.384812927246093
5,melville,422,baum,6.493998765945435
5,melville,422,thompson,6.85951292514801
5,melville,422,dickens,6.272751188278198
5,melville,422,melville,6.312279966142443
5,melville,422,wells,6.459781885147095
5,melville,422,austen,6.237962686098539
5,melville,422,fitzgerald,6.847013201032366
5,melville,422,twain,6.694572925567627
5,melville,423,train,5.427294540405273
5,melville,423,baum,6.487780809402466
5,melville,423,thompson,6.864114284515381
5,melville,423,dickens,6.274331013361613
5,melville,423,melville,6.308680163489448
5,melville,423,wells,6.457574844360352
5,melville,423,austen,6.23962611418504
5,melville,423,fitzgerald,6.846715654645648
5,melville,423,twain,6.685305118560791
5,melville,424,train,5.427150535583496
5,melville,424,baum,6.487127780914307
5,melville,424,thompson,6.85746443271637
5,melville,424,dickens,6.274228461583456
5,melville,424,melville,6.308624850379096
5,melville,424,wells,6.456292470296224
5,melville,424,austen,6.23878262593196
5,melville,424,fitzgerald,6.841282367706299
5,melville,424,twain,6.661510896682739
5,melville,425,train,5.36835126876831
5,melville,425,baum,6.493626117706299
5,melville,425,thompson,6.858197093009949
5,melville,425,dickens,6.284965308507283
5,melville,425,melville,6.313337220085992
5,melville,425,wells,6.464305957158406
5,melville,425,austen,6.248627956096943
5,melville,425,fitzgerald,6.848848411015102
5,melville,425,twain,6.662849044799804
5,melville,426,train,5.421727848052979
5,melville,426,baum,6.4953519105911255
5,melville,426,thompson,6.863386392593384
5,melville,426,dickens,6.282960240046183
5,melville,426,melville,6.313958750830756
5,melville,426,wells,6.463509162267049
5,melville,426,austen,6.244824079366831
5,melville,426,fitzgerald,6.850308009556362
5,melville,426,twain,6.67067584991455
5,melville,427,train,5.418086528778076
5,melville,427,baum,6.495471835136414
5,melville,427,thompson,6.863001585006714
5,melville,427,dickens,6.269291830062866
5,melville,427,melville,6.307293203141954
5,melville,427,wells,6.459272543589274
5,melville,427,austen,6.232544605548565
5,melville,427,fitzgerald,6.849039077758789
5,melville,427,twain,6.695303392410279
5,melville,428,train,5.385345458984375
5,melville,428,baum,6.497186541557312
5,melville,428,thompson,6.865318179130554
5,melville,428,dickens,6.283509349822998
5,melville,428,melville,6.313498920864529
5,melville,428,wells,6.463991244633992
5,melville,428,austen,6.244930524092454
5,melville,428,fitzgerald,6.852496215275356
5,melville,428,twain,6.682511615753174
5,melville,429,train,5.372395324707031
5,melville,429,baum,6.4965914487838745
5,melville,429,thompson,6.86149799823761
5,melville,429,dickens,6.272401491800944
5,melville,429,melville,6.307197464836968
5,melville,429,wells,6.460792859395345
5,melville,429,austen,6.236180892357459
5,melville,429,fitzgerald,6.847300257001605
5,melville,429,twain,6.693578815460205
5,melville,430,train,5.399639225006103
5,melville,430,baum,6.4962592124938965
5,melville,430,thompson,6.866259217262268
5,melville,430,dickens,6.2772434711456295
5,melville,430,melville,6.305388980441624
5,melville,430,wells,6.460855960845947
5,melville,430,austen,6.23942155104417
5,melville,430,fitzgerald,6.851790632520403
5,melville,430,twain,6.688065528869629
5,melville,431,train,5.383052253723145
5,melville,431,baum,6.492345809936523
5,melville,431,thompson,6.862672805786133
5,melville,431,dickens,6.272165155410766
5,melville,431,melville,6.303396754794651
5,melville,431,wells,6.455222924550374
5,melville,431,austen,6.2335692919217625
5,melville,431,fitzgerald,6.846412658691406
5,melville,431,twain,6.680597591400146
5,melville,432,train,5.385353755950928
5,melville,432,baum,6.500142693519592
5,melville,432,thompson,6.86565375328064
5,melville,432,dickens,6.268343782424926
5,melville,432,melville,6.302899731530084
5,melville,432,wells,6.457382361094157
5,melville,432,austen,6.230088674105131
5,melville,432,fitzgerald,6.850652422223773
5,melville,432,twain,6.696944332122802
5,melville,433,train,5.37545690536499
5,melville,433,baum,6.497926831245422
5,melville,433,thompson,6.865790605545044
5,melville,433,dickens,6.2784430662790935
5,melville,433,melville,6.309518231285943
5,melville,433,wells,6.463332255681356
5,melville,433,austen,6.238483502314641
5,melville,433,fitzgerald,6.850730555398124
5,melville,433,twain,6.682680082321167
5,melville,434,train,5.3701904296875
5,melville,434,baum,6.500105857849121
5,melville,434,thompson,6.867011308670044
5,melville,434,dickens,6.278232876459757
5,melville,434,melville,6.309789339701335
5,melville,434,wells,6.462063868840535
5,melville,434,austen,6.23789119720459
5,melville,434,fitzgerald,6.85292911529541
5,melville,434,twain,6.681372594833374
5,melville,435,train,5.367752838134765
5,melville,435,baum,6.497925162315369
5,melville,435,thompson,6.8711934089660645
5,melville,435,dickens,6.262520583470662
5,melville,435,melville,6.300500498877631
5,melville,435,wells,6.455781062444051
5,melville,435,austen,6.226043554452749
5,melville,435,fitzgerald,6.853168555668423
5,melville,435,twain,6.719772291183472
5,melville,436,train,5.350820255279541
5,melville,436,baum,6.492322206497192
5,melville,436,thompson,6.862598299980164
5,melville,436,dickens,6.268629789352417
5,melville,436,melville,6.301348103417291
5,melville,436,wells,6.454687674840291
5,melville,436,austen,6.230584914867695
5,melville,436,fitzgerald,6.847287859235491
5,melville,436,twain,6.68542332649231
5,melville,437,train,5.355253028869629
5,melville,437,baum,6.495092868804932
5,melville,437,thompson,6.863172173500061
5,melville,437,dickens,6.269587389628092
5,melville,437,melville,6.298166116078694
5,melville,437,wells,6.453923384348552
5,melville,437,austen,6.230522559239314
5,melville,437,fitzgerald,6.848640646253314
5,melville,437,twain,6.692532920837403
5,melville,438,train,5.377298736572266
5,melville,438,baum,6.502650260925293
5,melville,438,thompson,6.870236396789551
5,melville,438,dickens,6.271859089533488
5,melville,438,melville,6.303611596425374
5,melville,438,wells,6.456799666086833
5,melville,438,austen,6.2324245526240425
5,melville,438,fitzgerald,6.85492604119437
5,melville,438,twain,6.704003620147705
5,melville,439,train,5.326525115966797
5,melville,439,baum,6.49539577960968
5,melville,439,thompson,6.866033673286438
5,melville,439,dickens,6.272033150990804
5,melville,439,melville,6.300636026594374
5,melville,439,wells,6.456938743591309
5,melville,439,austen,6.232295659872202
5,melville,439,fitzgerald,6.849982738494873
5,melville,439,twain,6.694310045242309
5,melville,440,train,5.38307409286499
5,melville,440,baum,6.49546492099762
5,melville,440,thompson,6.866673350334168
5,melville,440,dickens,6.275999816258748
5,melville,440,melville,6.303707175784641
5,melville,440,wells,6.461527744928996
5,melville,440,austen,6.237210090343769
5,melville,440,fitzgerald,6.852655342647007
5,melville,440,twain,6.676506996154785
5,melville,441,train,5.334649753570557
5,melville,441,baum,6.491711497306824
5,melville,441,thompson,6.86132550239563
5,melville,441,dickens,6.269810136159261
5,melville,441,melville,6.29793734020657
5,melville,441,wells,6.454330921173096
5,melville,441,austen,6.228205974285419
5,melville,441,fitzgerald,6.844354833875384
5,melville,441,twain,6.674870204925537
5,melville,442,train,5.349106121063232
5,melville,442,baum,6.487371325492859
5,melville,442,thompson,6.85969078540802
5,melville,442,dickens,6.267236725489298
5,melville,442,melville,6.295896106296116
5,melville,442,wells,6.450267314910889
5,melville,442,austen,6.226937660804162
5,melville,442,fitzgerald,6.8435957091195245
5,melville,442,twain,6.680157089233399
5,melville,443,train,5.354620361328125
5,melville,443,baum,6.495718836784363
5,melville,443,thompson,6.865383625030518
5,melville,443,dickens,6.270982011159261
5,melville,443,melville,6.297784964243571
5,melville,443,wells,6.455758412679036
5,melville,443,austen,6.230132469764123
5,melville,443,fitzgerald,6.849400384085519
5,melville,443,twain,6.680574941635132
5,melville,444,train,5.351065540313721
5,melville,444,baum,6.486623525619507
5,melville,444,thompson,6.858348727226257
5,melville,444,dickens,6.272433503468831
5,melville,444,melville,6.299767918056912
5,melville,444,wells,6.457275152206421
5,melville,444,austen,6.229763287764329
5,melville,444,fitzgerald,6.8433974811009
5,melville,444,twain,6.6541074275970455
5,melville,445,train,5.316686630249023
5,melville,445,baum,6.488681077957153
5,melville,445,thompson,6.859339952468872
5,melville,445,dickens,6.268879302342733
5,melville,445,melville,6.29453902774387
5,melville,445,wells,6.452003002166748
5,melville,445,austen,6.228251200455886
5,melville,445,fitzgerald,6.845944268362863
5,melville,445,twain,6.667039155960083
5,melville,446,train,5.319309425354004
5,melville,446,baum,6.493911027908325
5,melville,446,thompson,6.862586975097656
5,melville,446,dickens,6.265645599365234
5,melville,446,melville,6.297281583150228
5,melville,446,wells,6.453689734141032
5,melville,446,austen,6.2236300981961765
5,melville,446,fitzgerald,6.850941589900425
5,melville,446,twain,6.680456161499023
5,melville,447,train,5.299390506744385
5,melville,447,baum,6.485971093177795
5,melville,447,thompson,6.8544241189956665
5,melville,447,dickens,6.267749357223511
5,melville,447,melville,6.2891962263319225
5,melville,447,wells,6.450010061264038
5,melville,447,austen,6.226879119873047
5,melville,447,fitzgerald,6.843992641993931
5,melville,447,twain,6.6541365623474125
5,melville,448,train,5.345139598846435
5,melville,448,baum,6.4909303188323975
5,melville,448,thompson,6.863867282867432
5,melville,448,dickens,6.262675364812215
5,melville,448,melville,6.294403923882379
5,melville,448,wells,6.450815359751384
5,melville,448,austen,6.221332036531889
5,melville,448,fitzgerald,6.848328862871442
5,melville,448,twain,6.684907341003418
5,melville,449,train,5.358108425140381
5,melville,449,baum,6.492232918739319
5,melville,449,thompson,6.866122364997864
5,melville,449,dickens,6.263593419392904
5,melville,449,melville,6.292965465121799
5,melville,449,wells,6.450393040974935
5,melville,449,austen,6.2225799193749065
5,melville,449,fitzgerald,6.851283141544887
5,melville,449,twain,6.696523284912109
5,melville,450,train,5.35415678024292
5,melville,450,baum,6.49173378944397
5,melville,450,thompson,6.867981553077698
5,melville,450,dickens,6.263411569595337
5,melville,450,melville,6.291623698340522
5,melville,450,wells,6.451544841130574
5,melville,450,austen,6.223389808948223
5,melville,450,fitzgerald,6.851244653974261
5,melville,450,twain,6.6900609016418455
5,melville,451,train,5.292440032958984
5,melville,451,baum,6.492000579833984
5,melville,451,thompson,6.863339304924011
5,melville,451,dickens,6.266747379302979
5,melville,451,melville,6.294283284081353
5,melville,451,wells,6.452737808227539
5,melville,451,austen,6.227937148167537
5,melville,451,fitzgerald,6.849163736615862
5,melville,451,twain,6.677440786361695
5,melville,452,train,5.2915940284729
5,melville,452,baum,6.486266851425171
5,melville,452,thompson,6.85465395450592
5,melville,452,dickens,6.25637690226237
5,melville,452,melville,6.285264650980632
5,melville,452,wells,6.448341369628906
5,melville,452,austen,6.21864208808312
5,melville,452,fitzgerald,6.84581538609096
5,melville,452,twain,6.687167739868164
5,melville,453,train,5.315477180480957
5,melville,453,baum,6.491904973983765
5,melville,453,thompson,6.864805221557617
5,melville,453,dickens,6.274175151189168
5,melville,453,melville,6.298236846923828
5,melville,453,wells,6.458613872528076
5,melville,453,austen,6.230234329517071
5,melville,453,fitzgerald,6.851442405155727
5,melville,453,twain,6.674013376235962
5,melville,454,train,5.298940944671631
5,melville,454,baum,6.483804106712341
5,melville,454,thompson,6.855960130691528
5,melville,454,dickens,6.259084288279215
5,melville,454,melville,6.286596828036839
5,melville,454,wells,6.444284280141194
5,melville,454,austen,6.218696630918062
5,melville,454,fitzgerald,6.84236478805542
5,melville,454,twain,6.676491403579712
5,melville,455,train,5.311305809020996
5,melville,455,baum,6.4861332178115845
5,melville,455,thompson,6.855952501296997
5,melville,455,dickens,6.262378231684367
5,melville,455,melville,6.287851174672444
5,melville,455,wells,6.449287494023641
5,melville,455,austen,6.223367581000695
5,melville,455,fitzgerald,6.8464533260890414
5,melville,455,twain,6.671677875518799
5,melville,456,train,5.3313240051269535
5,melville,456,baum,6.489245533943176
5,melville,456,thompson,6.861060738563538
5,melville,456,dickens,6.265340614318848
5,melville,456,melville,6.291246520148383
5,melville,456,wells,6.447661717732747
5,melville,456,austen,6.22552200464102
5,melville,456,fitzgerald,6.846951484680176
5,melville,456,twain,6.677170944213867
5,melville,457,train,5.3108244895935055
5,melville,457,baum,6.491883397102356
5,melville,457,thompson,6.862369179725647
5,melville,457,dickens,6.25618478457133
5,melville,457,melville,6.287450949350993
5,melville,457,wells,6.44903564453125
5,melville,457,austen,6.217405612652119
5,melville,457,fitzgerald,6.8476192610604425
5,melville,457,twain,6.696012449264527
5,melville,458,train,5.31610746383667
5,melville,458,baum,6.493687987327576
5,melville,458,thompson,6.860271453857422
5,melville,458,dickens,6.266245285669963
5,melville,458,melville,6.287283155653212
5,melville,458,wells,6.452352285385132
5,melville,458,austen,6.223965681516207
5,melville,458,fitzgerald,6.849074363708496
5,melville,458,twain,6.677167129516602
5,melville,459,train,5.299479961395264
5,melville,459,baum,6.484663605690002
5,melville,459,thompson,6.857030034065247
5,melville,459,dickens,6.260954586664836
5,melville,459,melville,6.284036000569661
5,melville,459,wells,6.446948369344075
5,melville,459,austen,6.220817822676438
5,melville,459,fitzgerald,6.846804686955044
5,melville,459,twain,6.671339273452759
5,melville,460,train,5.277328395843506
5,melville,460,baum,6.49301815032959
5,melville,460,thompson,6.864582657814026
5,melville,460,dickens,6.257759205500284
5,melville,460,melville,6.285749276479085
5,melville,460,wells,6.450308322906494
5,melville,460,austen,6.2205310968252325
5,melville,460,fitzgerald,6.851213318961007
5,melville,460,twain,6.687448930740357
5,melville,461,train,5.279197883605957
5,melville,461,baum,6.492204070091248
5,melville,461,thompson,6.869302988052368
5,melville,461,dickens,6.264141766230265
5,melville,461,melville,6.284176826477051
5,melville,461,wells,6.45445458094279
5,melville,461,austen,6.224889205052302
5,melville,461,fitzgerald,6.852827957698277
5,melville,461,twain,6.681736087799072
5,melville,462,train,5.250650215148926
5,melville,462,baum,6.491708517074585
5,melville,462,thompson,6.863760232925415
5,melville,462,dickens,6.269910891850789
5,melville,462,melville,6.290444638994005
5,melville,462,wells,6.456177234649658
5,melville,462,austen,6.231782729809101
5,melville,462,fitzgerald,6.850529330117362
5,melville,462,twain,6.681258010864258
5,melville,463,train,5.2828369140625
5,melville,463,baum,6.488369584083557
5,melville,463,thompson,6.863997936248779
5,melville,463,dickens,6.268237733840943
5,melville,463,melville,6.287648889753553
5,melville,463,wells,6.452859083811442
5,melville,463,austen,6.230262059431809
5,melville,463,fitzgerald,6.851621968405588
5,melville,463,twain,6.672531652450561
5,melville,464,train,5.268129634857178
5,melville,464,baum,6.488659977912903
5,melville,464,thompson,6.857992768287659
5,melville,464,dickens,6.251129579544068
5,melville,464,melville,6.28293153974745
5,melville,464,wells,6.447625875473023
5,melville,464,austen,6.215461987715501
5,melville,464,fitzgerald,6.849066189357212
5,melville,464,twain,6.684439277648925
5,melville,465,train,5.23946475982666
5,melville,465,baum,6.490480184555054
5,melville,465,thompson,6.868078470230103
5,melville,465,dickens,6.257426897684733
5,melville,465,melville,6.285316626230876
5,melville,465,wells,6.450273513793945
5,melville,465,austen,6.21751961341271
5,melville,465,fitzgerald,6.854987825666155
5,melville,465,twain,6.693559122085572
5,melville,466,train,5.266257095336914
5,melville,466,baum,6.487434983253479
5,melville,466,thompson,6.855926513671875
5,melville,466,dickens,6.255457894007365
5,melville,466,melville,6.285710387759739
5,melville,466,wells,6.447991768519084
5,melville,466,austen,6.218263332660381
5,melville,466,fitzgerald,6.846723624638149
5,melville,466,twain,6.685372591018677
5,melville,467,train,5.275010871887207
5,melville,467,baum,6.489295482635498
5,melville,467,thompson,6.859756112098694
5,melville,467,dickens,6.267325989405314
5,melville,467,melville,6.288199689653185
5,melville,467,wells,6.451539754867554
5,melville,467,austen,6.225392378293551
5,melville,467,fitzgerald,6.8509994234357565
5,melville,467,twain,6.675533866882324
5,melville,468,train,5.268807792663575
5,melville,468,baum,6.480833530426025
5,melville,468,thompson,6.855448722839356
5,melville,468,dickens,6.254644966125488
5,melville,468,melville,6.277460151248508
5,melville,468,wells,6.44784140586853
5,melville,468,austen,6.214800431178166
5,melville,468,fitzgerald,6.845244407653809
5,melville,468,twain,6.660265207290649
5,melville,469,train,5.269884395599365
5,melville,469,baum,6.489139914512634
5,melville,469,thompson,6.86200487613678
5,melville,469,dickens,6.26205039024353
5,melville,469,melville,6.286414252387153
5,melville,469,wells,6.452970425287883
5,melville,469,austen,6.219119585477388
5,melville,469,fitzgerald,6.848344939095633
5,melville,469,twain,6.673274993896484
5,melville,470,train,5.25612440109253
5,melville,470,baum,6.484928369522095
5,melville,470,thompson,6.854890704154968
5,melville,470,dickens,6.265615161259969
5,melville,470,melville,6.286465167999268
5,melville,470,wells,6.454485893249512
5,melville,470,austen,6.227770035083477
5,melville,470,fitzgerald,6.849066393715995
5,melville,470,twain,6.65646595954895
5,melville,471,train,5.249193668365479
5,melville,471,baum,6.484763503074646
5,melville,471,thompson,6.861827611923218
5,melville,471,dickens,6.263104311625162
5,melville,471,melville,6.28064144982232
5,melville,471,wells,6.45168415705363
5,melville,471,austen,6.219396224388709
5,melville,471,fitzgerald,6.850124359130859
5,melville,471,twain,6.664875268936157
5,melville,472,train,5.255110454559326
5,melville,472,baum,6.486997008323669
5,melville,472,thompson,6.86082923412323
5,melville,472,dickens,6.254629119237264
5,melville,472,melville,6.279931916130914
5,melville,472,wells,6.447774728139241
5,melville,472,austen,6.214780587416429
5,melville,472,fitzgerald,6.849532808576312
5,melville,472,twain,6.672901582717896
5,melville,473,train,5.261998844146729
5,melville,473,baum,6.481872916221619
5,melville,473,thompson,6.855052590370178
5,melville,473,dickens,6.260679054260254
5,melville,473,melville,6.281938605838352
5,melville,473,wells,6.44847830136617
5,melville,473,austen,6.216626130617582
5,melville,473,fitzgerald,6.847631250108991
5,melville,473,twain,6.644664192199707
5,melville,474,train,5.219619560241699
5,melville,474,baum,6.491129636764526
5,melville,474,thompson,6.86821174621582
5,melville,474,dickens,6.259981314341228
5,melville,474,melville,6.284028848012288
5,melville,474,wells,6.451829195022583
5,melville,474,austen,6.220580907968374
5,melville,474,fitzgerald,6.854514871324811
5,melville,474,twain,6.684120035171508
5,melville,475,train,5.243896675109864
5,melville,475,baum,6.488627791404724
5,melville,475,thompson,6.86392080783844
5,melville,475,dickens,6.2594439347585045
5,melville,475,melville,6.279900497860378
5,melville,475,wells,6.450395345687866
5,melville,475,austen,6.21777633520273
5,melville,475,fitzgerald,6.850822584969657
5,melville,475,twain,6.667920398712158
5,melville,476,train,5.269584274291992
5,melville,476,baum,6.483618855476379
5,melville,476,thompson,6.858554720878601
5,melville,476,dickens,6.259538968404134
5,melville,476,melville,6.280575646294488
5,melville,476,wells,6.4521998564402265
5,melville,476,austen,6.220562678117019
5,melville,476,fitzgerald,6.84720379965646
5,melville,476,twain,6.655952739715576
5,melville,477,train,5.272350120544433
5,melville,477,baum,6.488626003265381
5,melville,477,thompson,6.859605312347412
5,melville,477,dickens,6.258088699976603
5,melville,477,melville,6.2797154320610895
5,melville,477,wells,6.451406796773274
5,melville,477,austen,6.218400478363037
5,melville,477,fitzgerald,6.850094386509487
5,melville,477,twain,6.674691343307496
5,melville,478,train,5.256625652313232
5,melville,478,baum,6.486968874931336
5,melville,478,thompson,6.862396240234375
5,melville,478,dickens,6.259824498494466
5,melville,478,melville,6.2825512356228295
5,melville,478,wells,6.451181570688884
5,melville,478,austen,6.2199279711796684
5,melville,478,fitzgerald,6.852259840284075
5,melville,478,twain,6.667628431320191
5,melville,479,train,5.249963855743408
5,melville,479,baum,6.48749589920044
5,melville,479,thompson,6.863424181938171
5,melville,479,dickens,6.263677597045898
5,melville,479,melville,6.282212416330974
5,melville,479,wells,6.456141710281372
5,melville,479,austen,6.224242503826435
5,melville,479,fitzgerald,6.853409971509661
5,melville,479,twain,6.674100303649903
5,melville,480,train,5.210166549682617
5,melville,480,baum,6.481815814971924
5,melville,480,thompson,6.852841734886169
5,melville,480,dickens,6.254178682963054
5,melville,480,melville,6.272639274597168
5,melville,480,wells,6.448099931081136
5,melville,480,austen,6.2159576049217815
5,melville,480,fitzgerald,6.850617204393659
5,melville,480,twain,6.653956413269043
5,melville,481,train,5.20349235534668
5,melville,481,baum,6.481770992279053
5,melville,481,thompson,6.8545368909835815
5,melville,481,dickens,6.25803558031718
5,melville,481,melville,6.275082376268175
5,melville,481,wells,6.450511296590169
5,melville,481,austen,6.21566523038424
5,melville,481,fitzgerald,6.849711622510638
5,melville,481,twain,6.648631620407104
5,melville,482,train,5.243406295776367
5,melville,482,baum,6.483180999755859
5,melville,482,thompson,6.858325481414795
5,melville,482,dickens,6.257745218276978
5,melville,482,melville,6.277032163408068
5,melville,482,wells,6.448406378428142
5,melville,482,austen,6.216231382810152
5,melville,482,fitzgerald,6.8476394925798685
5,melville,482,twain,6.669503307342529
5,melville,483,train,5.2051797866821286
5,melville,483,baum,6.4882506132125854
5,melville,483,thompson,6.861615180969238
5,melville,483,dickens,6.256706285476684
5,melville,483,melville,6.276022646162245
5,melville,483,wells,6.450191020965576
5,melville,483,austen,6.214352974524865
5,melville,483,fitzgerald,6.852209159306118
5,melville,483,twain,6.668136882781982
5,melville,484,train,5.193451690673828
5,melville,484,baum,6.481962323188782
5,melville,484,thompson,6.86147153377533
5,melville,484,dickens,6.257160965601603
5,melville,484,melville,6.275579770406087
5,melville,484,wells,6.447628418604533
5,melville,484,austen,6.215229107783391
5,melville,484,fitzgerald,6.85191535949707
5,melville,484,twain,6.664546060562134
5,melville,485,train,5.225300598144531
5,melville,485,baum,6.482977509498596
5,melville,485,thompson,6.864454030990601
5,melville,485,dickens,6.256602923075358
5,melville,485,melville,6.274620427025689
5,melville,485,wells,6.448818604151408
5,melville,485,austen,6.215205339285044
5,melville,485,fitzgerald,6.854382787431989
5,melville,485,twain,6.67132625579834
5,melville,486,train,5.218003749847412
5,melville,486,baum,6.4857330322265625
5,melville,486,thompson,6.860528111457825
5,melville,486,dickens,6.259153572718303
5,melville,486,melville,6.270578808254665
5,melville,486,wells,6.447818915049235
5,melville,486,austen,6.218980605785664
5,melville,486,fitzgerald,6.849254335675921
5,melville,486,twain,6.660663700103759
5,melville,487,train,5.23337984085083
5,melville,487,baum,6.482482194900513
5,melville,487,thompson,6.856355428695679
5,melville,487,dickens,6.256231530507406
5,melville,487,melville,6.270272254943848
5,melville,487,wells,6.448873281478882
5,melville,487,austen,6.215451020460862
5,melville,487,fitzgerald,6.849993569510324
5,melville,487,twain,6.668996047973633
5,melville,488,train,5.223092651367187
5,melville,488,baum,6.481083273887634
5,melville,488,thompson,6.855241060256958
5,melville,488,dickens,6.251144075393677
5,melville,488,melville,6.265039338005914
5,melville,488,wells,6.445465326309204
5,melville,488,austen,6.211041927337647
5,melville,488,fitzgerald,6.8484954833984375
5,melville,488,twain,6.664354753494263
5,melville,489,train,5.192109203338623
5,melville,489,baum,6.477705717086792
5,melville,489,thompson,6.859753370285034
5,melville,489,dickens,6.256942351659139
5,melville,489,melville,6.268458790249294
5,melville,489,wells,6.451276222864787
5,melville,489,austen,6.217189898857703
5,melville,489,fitzgerald,6.851644107273647
5,melville,489,twain,6.658486413955688
5,melville,490,train,5.206337547302246
5,melville,490,baum,6.485946774482727
5,melville,490,thompson,6.863109707832336
5,melville,490,dickens,6.263921848932902
5,melville,490,melville,6.271859804789226
5,melville,490,wells,6.451293389002482
5,melville,490,austen,6.221948256859412
5,melville,490,fitzgerald,6.856262411390032
5,melville,490,twain,6.657807779312134
5,melville,491,train,5.222359085083008
5,melville,491,baum,6.484370708465576
5,melville,491,thompson,6.865807175636292
5,melville,491,dickens,6.253463729222616
5,melville,491,melville,6.270347065395779
5,melville,491,wells,6.452992677688599
5,melville,491,austen,6.21542083300077
5,melville,491,fitzgerald,6.856078011648996
5,melville,491,twain,6.681380701065064
5,melville,492,train,5.239724254608154
5,melville,492,baum,6.477815747261047
5,melville,492,thompson,6.855376124382019
5,melville,492,dickens,6.251795752843221
5,melville,492,melville,6.2640557289123535
5,melville,492,wells,6.444094181060791
5,melville,492,austen,6.207065435556265
5,melville,492,fitzgerald,6.846774646214077
5,melville,492,twain,6.653955030441284
5,melville,493,train,5.201861476898193
5,melville,493,baum,6.48308002948761
5,melville,493,thompson,6.858294367790222
5,melville,493,dickens,6.260813776652018
5,melville,493,melville,6.267212761773004
5,melville,493,wells,6.452197392781575
5,melville,493,austen,6.217214474311242
5,melville,493,fitzgerald,6.852549484797886
5,melville,493,twain,6.651684427261353
5,melville,494,train,5.178157043457031
5,melville,494,baum,6.483906030654907
5,melville,494,thompson,6.867221713066101
5,melville,494,dickens,6.257014115651448
5,melville,494,melville,6.270081837972005
5,melville,494,wells,6.455832481384277
5,melville,494,austen,6.21780512883113
5,melville,494,fitzgerald,6.854392732892718
5,melville,494,twain,6.665315389633179
5,melville,495,train,5.199222660064697
5,melville,495,baum,6.481433629989624
5,melville,495,thompson,6.861535668373108
5,melville,495,dickens,6.254919306437174
5,melville,495,melville,6.267310566372341
5,melville,495,wells,6.450321038564046
5,melville,495,austen,6.215785943544828
5,melville,495,fitzgerald,6.853162629263742
5,melville,495,twain,6.663547325134277
5,melville,496,train,5.184806442260742
5,melville,496,baum,6.487218379974365
5,melville,496,thompson,6.863710284233093
5,melville,496,dickens,6.2636579990386965
5,melville,496,melville,6.269993993971083
5,melville,496,wells,6.457215627034505
5,melville,496,austen,6.221368459554819
5,melville,496,fitzgerald,6.857823848724365
5,melville,496,twain,6.648861646652222
5,melville,497,train,5.213311862945557
5,melville,497,baum,6.4781036376953125
5,melville,497,thompson,6.862246990203857
5,melville,497,dickens,6.251264524459839
5,melville,497,melville,6.265588283538818
5,melville,497,wells,6.449461857477824
5,melville,497,austen,6.20818123450646
5,melville,497,fitzgerald,6.854172706604004
5,melville,497,twain,6.676528358459473
5,melville,498,train,5.183817958831787
5,melville,498,baum,6.485226273536682
5,melville,498,thompson,6.86846935749054
5,melville,498,dickens,6.258581844965617
5,melville,498,melville,6.268621073828803
5,melville,498,wells,6.45616881052653
5,melville,498,austen,6.219730633955735
5,melville,498,fitzgerald,6.862310954502651
5,melville,498,twain,6.667247629165649
5,melville,499,train,5.212557315826416
5,melville,499,baum,6.477515697479248
5,melville,499,thompson,6.858394265174866
5,melville,499,dickens,6.257036717732747
5,melville,499,melville,6.267363654242621
5,melville,499,wells,6.453104734420776
5,melville,499,austen,6.2151444875277
5,melville,499,fitzgerald,6.851683276040213
5,melville,499,twain,6.65435757637024
5,melville,500,train,5.223743343353272
5,melville,500,baum,6.483933806419373
5,melville,500,thompson,6.862583875656128
5,melville,500,dickens,6.268380292256674
5,melville,500,melville,6.270465903811985
5,melville,500,wells,6.457943598429362
5,melville,500,austen,6.228679326864389
5,melville,500,fitzgerald,6.857313905443464
5,melville,500,twain,6.640194416046143
5,melville,501,train,5.197067451477051
5,melville,501,baum,6.479731202125549
5,melville,501,thompson,6.854230165481567
5,melville,501,dickens,6.256579526265463
5,melville,501,melville,6.267517036861843
5,melville,501,wells,6.451735417048137
5,melville,501,austen,6.215282550224891
5,melville,501,fitzgerald,6.852100508553641
5,melville,501,twain,6.658002090454102
5,melville,502,train,5.172019958496094
5,melville,502,baum,6.480878949165344
5,melville,502,thompson,6.859727621078491
5,melville,502,dickens,6.252677742640177
5,melville,502,melville,6.260796387990316
5,melville,502,wells,6.450901905695598
5,melville,502,austen,6.212578553419847
5,melville,502,fitzgerald,6.853694711412702
5,melville,502,twain,6.650901746749878
5,melville,503,train,5.1563972473144535
5,melville,503,baum,6.484663963317871
5,melville,503,thompson,6.869163990020752
5,melville,503,dickens,6.256738646825155
5,melville,503,melville,6.26888550652398
5,melville,503,wells,6.456648667653401
5,melville,503,austen,6.211435391352727
5,melville,503,fitzgerald,6.859171390533447
5,melville,503,twain,6.673642206192016
5,melville,504,train,5.189469623565674
5,melville,504,baum,6.480834722518921
5,melville,504,thompson,6.861007809638977
5,melville,504,dickens,6.254359245300293
5,melville,504,melville,6.266559971703424
5,melville,504,wells,6.452679951985677
5,melville,504,austen,6.212592088259184
5,melville,504,fitzgerald,6.855190140860421
5,melville,504,twain,6.654723358154297
5,melville,505,train,5.136958312988281
5,melville,505,baum,6.490817308425903
5,melville,505,thompson,6.873292326927185
5,melville,505,dickens,6.258097092310588
5,melville,505,melville,6.269820054372151
5,melville,505,wells,6.456866105397542
5,melville,505,austen,6.217806485983042
5,melville,505,fitzgerald,6.865147045680454
5,melville,505,twain,6.676435136795044
5,melville,506,train,5.196725559234619
5,melville,506,baum,6.4834781885147095
5,melville,506,thompson,6.859618663787842
5,melville,506,dickens,6.25194239616394
5,melville,506,melville,6.264267338646783
5,melville,506,wells,6.4472572803497314
5,melville,506,austen,6.208806111262395
5,melville,506,fitzgerald,6.854847499302456
5,melville,506,twain,6.662882471084595
5,melville,507,train,5.1407623291015625
5,melville,507,baum,6.487418413162232
5,melville,507,thompson,6.872658610343933
5,melville,507,dickens,6.256321096420288
5,melville,507,melville,6.2694705327351885
5,melville,507,wells,6.458251476287842
5,melville,507,austen,6.213825776026799
5,melville,507,fitzgerald,6.864039421081543
5,melville,507,twain,6.664497756958008
5,melville,508,train,5.17072057723999
5,melville,508,baum,6.483323097229004
5,melville,508,thompson,6.868032813072205
5,melville,508,dickens,6.254396883646647
5,melville,508,melville,6.2613085640801325
5,melville,508,wells,6.450699249903361
5,melville,508,austen,6.211660385131836
5,melville,508,fitzgerald,6.859767436981201
5,melville,508,twain,6.67199411392212
5,melville,509,train,5.150524997711182
5,melville,509,baum,6.491271018981934
5,melville,509,thompson,6.874508500099182
5,melville,509,dickens,6.267179298400879
5,melville,509,melville,6.271421803368463
5,melville,509,wells,6.462263584136963
5,melville,509,austen,6.219573901249812
5,melville,509,fitzgerald,6.863349778311593
5,melville,509,twain,6.656572151184082
5,melville,510,train,5.166322231292725
5,melville,510,baum,6.488474130630493
5,melville,510,thompson,6.871360182762146
5,melville,510,dickens,6.254832776387532
5,melville,510,melville,6.265887313418919
5,melville,510,wells,6.457949876785278
5,melville,510,austen,6.211287498474121
5,melville,510,fitzgerald,6.8633302961077005
5,melville,510,twain,6.6681585788726805
5,melville,511,train,5.142342472076416
5,melville,511,baum,6.488384127616882
5,melville,511,thompson,6.872261643409729
5,melville,511,dickens,6.25376189549764
5,melville,511,melville,6.265478769938151
5,melville,511,wells,6.454468647638957
5,melville,511,austen,6.208817885472224
5,melville,511,fitzgerald,6.863782405853272
5,melville,511,twain,6.675414180755615
5,melville,512,train,5.161088180541992
5,melville,512,baum,6.483306407928467
5,melville,512,thompson,6.868352770805359
5,melville,512,dickens,6.257578404744466
5,melville,512,melville,6.267379601796468
5,melville,512,wells,6.4541335105896
5,melville,512,austen,6.21315442598783
5,melville,512,fitzgerald,6.861353124891009
5,melville,512,twain,6.660365724563599
5,melville,513,train,5.160221767425537
5,melville,513,baum,6.486006736755371
5,melville,513,thompson,6.870250582695007
5,melville,513,dickens,6.262111616134644
5,melville,513,melville,6.271491686503093
5,melville,513,wells,6.462701082229614
5,melville,513,austen,6.216951370239258
5,melville,513,fitzgerald,6.860140527997698
5,melville,513,twain,6.657377529144287
5,melville,514,train,5.1415716171264645
5,melville,514,baum,6.485969424247742
5,melville,514,thompson,6.866802930831909
5,melville,514,dickens,6.261966625849406
5,melville,514,melville,6.2659669982062445
5,melville,514,wells,6.4548877875010175
5,melville,514,austen,6.215221698467548
5,melville,514,fitzgerald,6.858707359858921
5,melville,514,twain,6.660608959197998
5,melville,515,train,5.135743141174316
5,melville,515,baum,6.49129593372345
5,melville,515,thompson,6.8792901039123535
5,melville,515,dickens,6.254693237940471
5,melville,515,melville,6.267180707719591
5,melville,515,wells,6.454845587412517
5,melville,515,austen,6.207891831031213
5,melville,515,fitzgerald,6.86900315965925
5,melville,515,twain,6.687747526168823
5,melville,516,train,5.135690689086914
5,melville,516,baum,6.483984708786011
5,melville,516,thompson,6.866360306739807
5,melville,516,dickens,6.252021678288778
5,melville,516,melville,6.260917027791341
5,melville,516,wells,6.448839505513509
5,melville,516,austen,6.20417936031635
5,melville,516,fitzgerald,6.85934979575021
5,melville,516,twain,6.669902420043945
5,melville,517,train,5.126268672943115
5,melville,517,baum,6.4846673011779785
5,melville,517,thompson,6.873640418052673
5,melville,517,dickens,6.254690917332967
5,melville,517,melville,6.263676325480144
5,melville,517,wells,6.45459771156311
5,melville,517,austen,6.210567254286546
5,melville,517,fitzgerald,6.865526335580008
5,melville,517,twain,6.667637634277344
5,melville,518,train,5.140684986114502
5,melville,518,baum,6.484313488006592
5,melville,518,thompson,6.8636555671691895
5,melville,518,dickens,6.260815286636353
5,melville,518,melville,6.265823311275906
5,melville,518,wells,6.455039660135905
5,melville,518,austen,6.216893856342022
5,melville,518,fitzgerald,6.857318605695452
5,melville,518,twain,6.651139163970948
5,melville,519,train,5.127133846282959
5,melville,519,baum,6.489429712295532
5,melville,519,thompson,6.874193906784058
5,melville,519,dickens,6.259363317489624
5,melville,519,melville,6.266510963439941
5,melville,519,wells,6.458683888117473
5,melville,519,austen,6.2149272331824665
5,melville,519,fitzgerald,6.867230142865862
5,melville,519,twain,6.669534158706665
5,melville,520,train,5.106914424896241
5,melville,520,baum,6.48279595375061
5,melville,520,thompson,6.8673752546310425
5,melville,520,dickens,6.245173931121826
5,melville,520,melville,6.2548962699042425
5,melville,520,wells,6.450463930765788
5,melville,520,austen,6.203094959259033
5,melville,520,fitzgerald,6.863941601344517
5,melville,520,twain,6.673007392883301
5,melville,521,train,5.11049108505249
5,melville,521,baum,6.477473616600037
5,melville,521,thompson,6.862326145172119
5,melville,521,dickens,6.255673297246298
5,melville,521,melville,6.260428534613715
5,melville,521,wells,6.451977491378784
5,melville,521,austen,6.2152115381681
5,melville,521,fitzgerald,6.860577515193394
5,melville,521,twain,6.665805339813232
5,melville,522,train,5.118504905700684
5,melville,522,baum,6.483264327049255
5,melville,522,thompson,6.866333603858948
5,melville,522,dickens,6.2613831202189125
5,melville,522,melville,6.263029045528835
5,melville,522,wells,6.460281133651733
5,melville,522,austen,6.215062581575834
5,melville,522,fitzgerald,6.863275936671665
5,melville,522,twain,6.657643222808838
5,melville,523,train,5.078702449798584
5,melville,523,baum,6.484132051467896
5,melville,523,thompson,6.872954964637756
5,melville,523,dickens,6.257886505126953
5,melville,523,melville,6.258742597368029
5,melville,523,wells,6.45709506670634
5,melville,523,austen,6.21045681146475
5,melville,523,fitzgerald,6.863743168967111
5,melville,523,twain,6.669935464859009
5,melville,524,train,5.1421479225158695
5,melville,524,baum,6.47609293460846
5,melville,524,thompson,6.864091992378235
5,melville,524,dickens,6.2488097508748375
5,melville,524,melville,6.257741292317708
5,melville,524,wells,6.451348940531413
5,melville,524,austen,6.204376660860502
5,melville,524,fitzgerald,6.856403010232108
5,melville,524,twain,6.664991188049316
5,melville,525,train,5.101934719085693
5,melville,525,baum,6.478680968284607
5,melville,525,thompson,6.870070576667786
5,melville,525,dickens,6.252829011281332
5,melville,525,melville,6.257320827907986
5,melville,525,wells,6.453279097874959
5,melville,525,austen,6.205332315885103
5,melville,525,fitzgerald,6.859603064400809
5,melville,525,twain,6.669745206832886
5,melville,526,train,5.125918769836426
5,melville,526,baum,6.482375502586365
5,melville,526,thompson,6.867159008979797
5,melville,526,dickens,6.251603062947591
5,melville,526,melville,6.256515449947781
5,melville,526,wells,6.451822598775228
5,melville,526,austen,6.204021710615892
5,melville,526,fitzgerald,6.862554550170898
5,melville,526,twain,6.654810285568237
5,melville,527,train,5.09560375213623
5,melville,527,baum,6.486859321594238
5,melville,527,thompson,6.872364163398743
5,melville,527,dickens,6.258591731389363
5,melville,527,melville,6.259022447797987
5,melville,527,wells,6.459757010142009
5,melville,527,austen,6.213430441342867
5,melville,527,fitzgerald,6.866528783525739
5,melville,527,twain,6.6689453125
5,melville,528,train,5.10516939163208
5,melville,528,baum,6.494848608970642
5,melville,528,thompson,6.881764650344849
5,melville,528,dickens,6.266544246673584
5,melville,528,melville,6.2665449778238935
5,melville,528,wells,6.469329754511516
5,melville,528,austen,6.218381808354304
5,melville,528,fitzgerald,6.873033046722412
5,melville,528,twain,6.677373456954956
5,melville,529,train,5.093548107147217
5,melville,529,baum,6.482616901397705
5,melville,529,thompson,6.868901968002319
5,melville,529,dickens,6.253309106826782
5,melville,529,melville,6.258060879177517
5,melville,529,wells,6.454474210739136
5,melville,529,austen,6.2081475257873535
5,melville,529,fitzgerald,6.8629696028573175
5,melville,529,twain,6.664726686477661
5,melville,530,train,5.117616939544678
5,melville,530,baum,6.484757781028748
5,melville,530,thompson,6.866844654083252
5,melville,530,dickens,6.253518788019816
5,melville,530,melville,6.256145848168267
5,melville,530,wells,6.456538359324138
5,melville,530,austen,6.206806659698486
5,melville,530,fitzgerald,6.86401891708374
5,melville,530,twain,6.65679440498352
5,melville,531,train,5.114935302734375
5,melville,531,baum,6.490607857704163
5,melville,531,thompson,6.87568473815918
5,melville,531,dickens,6.255735953648885
5,melville,531,melville,6.261419137318929
5,melville,531,wells,6.459444761276245
5,melville,531,austen,6.208908557891846
5,melville,531,fitzgerald,6.867683138166155
5,melville,531,twain,6.665274333953858
5,melville,532,train,5.098350811004639
5,melville,532,baum,6.488877058029175
5,melville,532,thompson,6.874667882919312
5,melville,532,dickens,6.255699412027995
5,melville,532,melville,6.257770856221517
5,melville,532,wells,6.457096258799235
5,melville,532,austen,6.208761215209961
5,melville,532,fitzgerald,6.865649018968854
5,melville,532,twain,6.66752142906189
5,melville,533,train,5.096863460540772
5,melville,533,baum,6.491292595863342
5,melville,533,thompson,6.873662352561951
5,melville,533,dickens,6.257690286636352
5,melville,533,melville,6.2615688112046985
5,melville,533,wells,6.45826784769694
5,melville,533,austen,6.2075527631319485
5,melville,533,fitzgerald,6.868208817073277
5,melville,533,twain,6.66593337059021
5,melville,534,train,5.090106678009033
5,melville,534,baum,6.493560791015625
5,melville,534,thompson,6.883496999740601
5,melville,534,dickens,6.262608067194621
5,melville,534,melville,6.262099160088433
5,melville,534,wells,6.466094096501668
5,melville,534,austen,6.213019481072059
5,melville,534,fitzgerald,6.876848629542759
5,melville,534,twain,6.682657670974732
5,melville,535,train,5.102301025390625
5,melville,535,baum,6.491080522537232
5,melville,535,thompson,6.8769203424453735
5,melville,535,dickens,6.259494606653849
5,melville,535,melville,6.261861695183648
5,melville,535,wells,6.461938460667928
5,melville,535,austen,6.211175991938664
5,melville,535,fitzgerald,6.872281551361084
5,melville,535,twain,6.676383304595947
5,melville,536,train,5.124681663513184
5,melville,536,baum,6.488874554634094
5,melville,536,thompson,6.877112030982971
5,melville,536,dickens,6.261967055002848
5,melville,536,melville,6.263443522983128
5,melville,536,wells,6.460245609283447
5,melville,536,austen,6.212462681990403
5,melville,536,fitzgerald,6.872451305389404
5,melville,536,twain,6.673685693740845
5,melville,537,train,5.069311046600342
5,melville,537,baum,6.494623064994812
5,melville,537,thompson,6.884007334709168
5,melville,537,dickens,6.255041074752808
5,melville,537,melville,6.261826091342503
5,melville,537,wells,6.459789991378784
5,melville,537,austen,6.208118952237642
5,melville,537,fitzgerald,6.875197683061872
5,melville,537,twain,6.693589544296264
5,melville,538,train,5.057625102996826
5,melville,538,baum,6.496130347251892
5,melville,538,thompson,6.890697836875916
5,melville,538,dickens,6.264518276850382
5,melville,538,melville,6.266179243723552
5,melville,538,wells,6.468434890111287
5,melville,538,austen,6.214140231792744
5,melville,538,fitzgerald,6.880159991128104
5,melville,538,twain,6.682859706878662
5,melville,539,train,5.0743917465209964
5,melville,539,baum,6.494967222213745
5,melville,539,thompson,6.8823065757751465
5,melville,539,dickens,6.265175755818685
5,melville,539,melville,6.26437775293986
5,melville,539,wells,6.465722401936849
5,melville,539,austen,6.215948104858398
5,melville,539,fitzgerald,6.875733443668911
5,melville,539,twain,6.669872903823853
5,melville,540,train,5.061149883270264
5,melville,540,baum,6.49189019203186
5,melville,540,thompson,6.883306264877319
5,melville,540,dickens,6.2598122755686445
5,melville,540,melville,6.261212189992269
5,melville,540,wells,6.465516805648804
5,melville,540,austen,6.208938305194561
5,melville,540,fitzgerald,6.874503953116281
5,melville,540,twain,6.677559852600098
5,melville,541,train,5.054111385345459
5,melville,541,baum,6.4854642152786255
5,melville,541,thompson,6.877531886100769
5,melville,541,dickens,6.252370023727417
5,melville,541,melville,6.256210062238905
5,melville,541,wells,6.454770644505818
5,melville,541,austen,6.2035441398620605
5,melville,541,fitzgerald,6.866555077689035
5,melville,541,twain,6.6716453552246096
5,melville,542,train,5.068709754943848
5,melville,542,baum,6.4948554039001465
5,melville,542,thompson,6.8858277797698975
5,melville,542,dickens,6.267110315958659
5,melville,542,melville,6.2639815012613935
5,melville,542,wells,6.466854651769002
5,melville,542,austen,6.216229658860427
5,melville,542,fitzgerald,6.879548617771694
5,melville,542,twain,6.677838754653931
5,melville,543,train,5.071667098999024
5,melville,543,baum,6.490001201629639
5,melville,543,thompson,6.881414413452148
5,melville,543,dickens,6.262113189697265
5,melville,543,melville,6.2600536876254615
5,melville,543,wells,6.461799144744873
5,melville,543,austen,6.214671868544358
5,melville,543,fitzgerald,6.875753879547119
5,melville,543,twain,6.66543755531311
5,melville,544,train,4.999810218811035
5,melville,544,baum,6.503269910812378
5,melville,544,thompson,6.890940546989441
5,melville,544,dickens,6.267977603276571
5,melville,544,melville,6.266509373982747
5,melville,544,wells,6.471220175425212
5,melville,544,austen,6.221673598656287
5,melville,544,fitzgerald,6.885287829807827
5,melville,544,twain,6.682745313644409
5,melville,545,train,5.051465702056885
5,melville,545,baum,6.493144512176514
5,melville,545,thompson,6.884087562561035
5,melville,545,dickens,6.26072130203247
5,melville,545,melville,6.260632091098362
5,melville,545,wells,6.4610664049784345
5,melville,545,austen,6.210552362295298
5,melville,545,fitzgerald,6.874007701873779
5,melville,545,twain,6.677377080917358
5,melville,546,train,5.058560848236084
5,melville,546,baum,6.496188998222351
5,melville,546,thompson,6.889530420303345
5,melville,546,dickens,6.261168845494589
5,melville,546,melville,6.260265827178955
5,melville,546,wells,6.461727142333984
5,melville,546,austen,6.214894588177021
5,melville,546,fitzgerald,6.87989820752825
5,melville,546,twain,6.6865662097930905
5,melville,547,train,5.014724540710449
5,melville,547,baum,6.493358373641968
5,melville,547,thompson,6.88444983959198
5,melville,547,dickens,6.259295590718588
5,melville,547,melville,6.256051593356663
5,melville,547,wells,6.461759646733602
5,melville,547,austen,6.212196423457219
5,melville,547,fitzgerald,6.876410552433559
5,melville,547,twain,6.680932474136353
5,melville,548,train,5.075333404541016
5,melville,548,baum,6.492112994194031
5,melville,548,thompson,6.8790504932403564
5,melville,548,dickens,6.258999951680502
5,melville,548,melville,6.25623803668552
5,melville,548,wells,6.461617787679036
5,melville,548,austen,6.208723288315993
5,melville,548,fitzgerald,6.875551700592041
5,melville,548,twain,6.6766650676727295
5,melville,549,train,5.048534488677978
5,melville,549,baum,6.49781334400177
5,melville,549,thompson,6.887259721755981
5,melville,549,dickens,6.268205817540487
5,melville,549,melville,6.258252408769396
5,melville,549,wells,6.4651258786519366
5,melville,549,austen,6.216456523308387
5,melville,549,fitzgerald,6.881416116441999
5,melville,549,twain,6.675401306152343
5,melville,550,train,5.043123531341553
5,melville,550,baum,6.4889525175094604
5,melville,550,thompson,6.887012362480164
5,melville,550,dickens,6.256691900889079
5,melville,550,melville,6.253139760759142
5,melville,550,wells,6.45999010403951
5,melville,550,austen,6.209263544816237
5,melville,550,fitzgerald,6.875827993665423
5,melville,550,twain,6.677685356140136
5,melville,551,train,5.052296733856201
5,melville,551,baum,6.502104640007019
5,melville,551,thompson,6.892204403877258
5,melville,551,dickens,6.270547437667847
5,melville,551,melville,6.26149935192532
5,melville,551,wells,6.471932093302409
5,melville,551,austen,6.221641283768874
5,melville,551,fitzgerald,6.886396067483084
5,melville,551,twain,6.676493740081787
5,melville,552,train,5.045490837097168
5,melville,552,baum,6.497143149375916
5,melville,552,thompson,6.887716770172119
5,melville,552,dickens,6.262264426549276
5,melville,552,melville,6.258195294274224
5,melville,552,wells,6.46564793586731
5,melville,552,austen,6.21484400675847
5,melville,552,fitzgerald,6.879943302699497
5,melville,552,twain,6.676335239410401
5,melville,553,train,5.022631740570068
5,melville,553,baum,6.499916195869446
5,melville,553,thompson,6.889667391777039
5,melville,553,dickens,6.262482976913452
5,melville,553,melville,6.255720774332683
5,melville,553,wells,6.468483130137126
5,melville,553,austen,6.21666405751155
5,melville,553,fitzgerald,6.883863653455462
5,melville,553,twain,6.674308824539184
5,melville,554,train,5.0374571800231935
5,melville,554,baum,6.497023224830627
5,melville,554,thompson,6.891789078712463
5,melville,554,dickens,6.257376464207967
5,melville,554,melville,6.256541146172418
5,melville,554,wells,6.465879996617635
5,melville,554,austen,6.208879544184758
5,melville,554,fitzgerald,6.883114542279925
5,melville,554,twain,6.695799446105957
5,melville,555,train,5.024794960021973
5,melville,555,baum,6.498989701271057
5,melville,555,thompson,6.892627835273743
5,melville,555,dickens,6.265675004323324
5,melville,555,melville,6.25974882973565
5,melville,555,wells,6.467521667480469
5,melville,555,austen,6.218479890089768
5,melville,555,fitzgerald,6.887633732386997
5,melville,555,twain,6.687223482131958
5,melville,556,train,5.06424913406372
5,melville,556,baum,6.48236083984375
5,melville,556,thompson,6.878209829330444
5,melville,556,dickens,6.251312367121378
5,melville,556,melville,6.246541076236301
5,melville,556,wells,6.456776301066081
5,melville,556,austen,6.200877409714919
5,melville,556,fitzgerald,6.870366164616176
5,melville,556,twain,6.66501669883728
5,melville,557,train,5.055458450317383
5,melville,557,baum,6.492615580558777
5,melville,557,thompson,6.889515042304993
5,melville,557,dickens,6.258738533655802
5,melville,557,melville,6.25616995493571
5,melville,557,wells,6.461698452631633
5,melville,557,austen,6.208714375129113
5,melville,557,fitzgerald,6.879915578024728
5,melville,557,twain,6.683526706695557
5,melville,558,train,5.037660408020019
5,melville,558,baum,6.495625257492065
5,melville,558,thompson,6.888317704200745
5,melville,558,dickens,6.26281901995341
5,melville,558,melville,6.253327899509007
5,melville,558,wells,6.462397495905559
5,melville,558,austen,6.214897669278658
5,melville,558,fitzgerald,6.877487931932722
5,melville,558,twain,6.680228233337402
5,melville,559,train,5.008815956115723
5,melville,559,baum,6.4879056215286255
5,melville,559,thompson,6.883126974105835
5,melville,559,dickens,6.254422569274903
5,melville,559,melville,6.251586384243435
5,melville,559,wells,6.461467504501343
5,melville,559,austen,6.205452148730938
5,melville,559,fitzgerald,6.876437595912388
5,melville,559,twain,6.666077423095703
5,melville,560,train,5.009632587432861
5,melville,560,baum,6.493203163146973
5,melville,560,thompson,6.89143705368042
5,melville,560,dickens,6.253117084503174
5,melville,560,melville,6.252095858256022
5,melville,560,wells,6.4579916795094805
5,melville,560,austen,6.2038589624258185
5,melville,560,fitzgerald,6.882072312491281
5,melville,560,twain,6.689553260803223
5,melville,561,train,5.014510440826416
5,melville,561,baum,6.489036560058594
5,melville,561,thompson,6.887808799743652
5,melville,561,dickens,6.258595275878906
5,melville,561,melville,6.254483064015706
5,melville,561,wells,6.460722923278809
5,melville,561,austen,6.211499104133019
5,melville,561,fitzgerald,6.875717844281878
5,melville,561,twain,6.666483592987061
5,melville,562,train,5.03972635269165
5,melville,562,baum,6.493416666984558
5,melville,562,thompson,6.8921226263046265
5,melville,562,dickens,6.2576543172200525
5,melville,562,melville,6.256616857316759
5,melville,562,wells,6.4618691603342695
5,melville,562,austen,6.208371749291053
5,melville,562,fitzgerald,6.881908076150077
5,melville,562,twain,6.685610818862915
5,melville,563,train,5.025881099700928
5,melville,563,baum,6.494506001472473
5,melville,563,thompson,6.894445538520813
5,melville,563,dickens,6.2549039681752525
5,melville,563,melville,6.25264925426907
5,melville,563,wells,6.455600659052531
5,melville,563,austen,6.204419906322773
5,melville,563,fitzgerald,6.87976598739624
5,melville,563,twain,6.69189453125
5,melville,564,train,5.0155839920043945
5,melville,564,baum,6.503249645233154
5,melville,564,thompson,6.901376962661743
5,melville,564,dickens,6.2665954748789465
5,melville,564,melville,6.257698429955377
5,melville,564,wells,6.46903657913208
5,melville,564,austen,6.215199727278489
5,melville,564,fitzgerald,6.890197617667062
5,melville,564,twain,6.696292591094971
5,melville,565,train,5.000716495513916
5,melville,565,baum,6.494330406188965
5,melville,565,thompson,6.885011792182922
5,melville,565,dickens,6.265085744857788
5,melville,565,melville,6.255202823215061
5,melville,565,wells,6.463909943898519
5,melville,565,austen,6.214196168459379
5,melville,565,fitzgerald,6.877158301217215
5,melville,565,twain,6.671410608291626
5,melville,566,train,5.028263187408447
5,melville,566,baum,6.496022582054138
5,melville,566,thompson,6.892136096954346
5,melville,566,dickens,6.25713005065918
5,melville,566,melville,6.250716739230686
5,melville,566,wells,6.45906662940979
5,melville,566,austen,6.209421854752761
5,melville,566,fitzgerald,6.880161149161203
5,melville,566,twain,6.692055606842041
5,melville,567,train,5.025137901306152
5,melville,567,baum,6.495131254196167
5,melville,567,thompson,6.892303109169006
5,melville,567,dickens,6.258130168914795
5,melville,567,melville,6.252525117662218
5,melville,567,wells,6.460963090260823
5,melville,567,austen,6.209326413961557
5,melville,567,fitzgerald,6.881331988743374
5,melville,567,twain,6.695856237411499
5,melville,568,train,5.0068182945251465
5,melville,568,baum,6.500699162483215
5,melville,568,thompson,6.891553282737732
5,melville,568,dickens,6.261413685480753
5,melville,568,melville,6.25618839263916
5,melville,568,wells,6.465760628382365
5,melville,568,austen,6.211989182692308
5,melville,568,fitzgerald,6.886017118181501
5,melville,568,twain,6.704471588134766
5,melville,569,train,4.992691516876221
5,melville,569,baum,6.492496013641357
5,melville,569,thompson,6.887216925621033
5,melville,569,dickens,6.252267742156983
5,melville,569,melville,6.24795224931505
5,melville,569,wells,6.459465026855469
5,melville,569,austen,6.207143820249117
5,melville,569,fitzgerald,6.879027911594936
5,melville,569,twain,6.689646530151367
5,melville,570,train,4.992379856109619
5,melville,570,baum,6.494343042373657
5,melville,570,thompson,6.886777877807617
5,melville,570,dickens,6.266591628392537
5,melville,570,melville,6.254557980431451
5,melville,570,wells,6.464108069737752
5,melville,570,austen,6.215525920574482
5,melville,570,fitzgerald,6.878239631652832
5,melville,570,twain,6.676437711715698
5,melville,571,train,4.96911506652832
5,melville,571,baum,6.500917077064514
5,melville,571,thompson,6.899839997291565
5,melville,571,dickens,6.260730171203614
5,melville,571,melville,6.254832797580296
5,melville,571,wells,6.469277699788411
5,melville,571,austen,6.213450175065261
5,melville,571,fitzgerald,6.8883000782557895
5,melville,571,twain,6.693522787094116
5,melville,572,train,4.9373297691345215
5,melville,572,baum,6.4959001541137695
5,melville,572,thompson,6.892080187797546
5,melville,572,dickens,6.261237271626791
5,melville,572,melville,6.249366124471028
5,melville,572,wells,6.467991987864177
5,melville,572,austen,6.21110200881958
5,melville,572,fitzgerald,6.888312680380685
5,melville,572,twain,6.689590358734131
5,melville,573,train,4.979227066040039
5,melville,573,baum,6.49455201625824
5,melville,573,thompson,6.8910746574401855
5,melville,573,dickens,6.257864840825399
5,melville,573,melville,6.2525404294331866
5,melville,573,wells,6.468053420384725
5,melville,573,austen,6.208030333885779
5,melville,573,fitzgerald,6.885223184313093
5,melville,573,twain,6.675683450698853
5,melville,574,train,4.982170391082764
5,melville,574,baum,6.503715991973877
5,melville,574,thompson,6.899558067321777
5,melville,574,dickens,6.272349707285563
5,melville,574,melville,6.2568099233839245
5,melville,574,wells,6.477855443954468
5,melville,574,austen,6.225798753591684
5,melville,574,fitzgerald,6.894483634403774
5,melville,574,twain,6.680634832382202
5,melville,575,train,5.009616088867188
5,melville,575,baum,6.495691418647766
5,melville,575,thompson,6.895049333572388
5,melville,575,dickens,6.264764372507731
5,melville,575,melville,6.2544786135355634
5,melville,575,wells,6.467309713363648
5,melville,575,austen,6.211735982161302
5,melville,575,fitzgerald,6.883011000497
5,melville,575,twain,6.687436389923096
5,melville,576,train,4.971763038635254
5,melville,576,baum,6.503424048423767
5,melville,576,thompson,6.89742112159729
5,melville,576,dickens,6.258468834559123
5,melville,576,melville,6.247325155470106
5,melville,576,wells,6.468089739481608
5,melville,576,austen,6.212525000939002
5,melville,576,fitzgerald,6.890621934618268
5,melville,576,twain,6.696161603927612
5,melville,577,train,5.031471633911133
5,melville,577,baum,6.489196538925171
5,melville,577,thompson,6.894863605499268
5,melville,577,dickens,6.263621457417806
5,melville,577,melville,6.249781714545356
5,melville,577,wells,6.469430208206177
5,melville,577,austen,6.214606248415434
5,melville,577,fitzgerald,6.881888798304966
5,melville,577,twain,6.688313865661621
5,melville,578,train,4.960314655303955
5,melville,578,baum,6.501558065414429
5,melville,578,thompson,6.903911352157593
5,melville,578,dickens,6.270650418599447
5,melville,578,melville,6.250805695851644
5,melville,578,wells,6.475925763448079
5,melville,578,austen,6.223089144780086
5,melville,578,fitzgerald,6.892477852957589
5,melville,578,twain,6.686314725875855
5,melville,579,train,4.991879177093506
5,melville,579,baum,6.496558308601379
5,melville,579,thompson,6.893890857696533
5,melville,579,dickens,6.260994863510132
5,melville,579,melville,6.249798562791613
5,melville,579,wells,6.472729047139485
5,melville,579,austen,6.2153520584106445
5,melville,579,fitzgerald,6.889325210026333
5,melville,579,twain,6.690430498123169
5,melville,580,train,4.929000568389893
5,melville,580,baum,6.505272150039673
5,melville,580,thompson,6.905873537063599
5,melville,580,dickens,6.267922878265381
5,melville,580,melville,6.25310738881429
5,melville,580,wells,6.478999773661296
5,melville,580,austen,6.221584320068359
5,melville,580,fitzgerald,6.895537444523403
5,melville,580,twain,6.694215965270996
5,melville,581,train,4.923966789245606
5,melville,581,baum,6.493209004402161
5,melville,581,thompson,6.896586894989014
5,melville,581,dickens,6.273279126485189
5,melville,581,melville,6.249470286899143
5,melville,581,wells,6.476796706517537
5,melville,581,austen,6.222315934988169
5,melville,581,fitzgerald,6.891744749886649
5,melville,581,twain,6.675461864471435
5,melville,582,train,4.966530990600586
5,melville,582,baum,6.4965410232543945
5,melville,582,thompson,6.897093653678894
5,melville,582,dickens,6.257008218765259
5,melville,582,melville,6.246863947974311
5,melville,582,wells,6.47027866045634
5,melville,582,austen,6.210505375495324
5,melville,582,fitzgerald,6.890540736062186
5,melville,582,twain,6.694378995895386
5,melville,583,train,4.959225749969482
5,melville,583,baum,6.4950748682022095
5,melville,583,thompson,6.897184252738953
5,melville,583,dickens,6.265092865626017
5,melville,583,melville,6.247141414218479
5,melville,583,wells,6.472929239273071
5,melville,583,austen,6.214446507967436
5,melville,583,fitzgerald,6.8875740596226285
5,melville,583,twain,6.6749828338623045
5,melville,584,train,4.990841388702393
5,melville,584,baum,6.502906918525696
5,melville,584,thompson,6.904274344444275
5,melville,584,dickens,6.273774321873983
5,melville,584,melville,6.256976074642605
5,melville,584,wells,6.481686433156331
5,melville,584,austen,6.2218122115502
5,melville,584,fitzgerald,6.895308017730713
5,melville,584,twain,6.677277231216431
5,melville,585,train,4.940492343902588
5,melville,585,baum,6.500689387321472
5,melville,585,thompson,6.903559684753418
5,melville,585,dickens,6.259459368387858
5,melville,585,melville,6.247364891899957
5,melville,585,wells,6.470937887827556
5,melville,585,austen,6.206516669346736
5,melville,585,fitzgerald,6.8936686515808105
5,melville,585,twain,6.705356454849243
5,melville,586,train,4.936379241943359
5,melville,586,baum,6.502169251441956
5,melville,586,thompson,6.908732056617737
5,melville,586,dickens,6.268563270568848
5,melville,586,melville,6.249950779808892
5,melville,586,wells,6.479008277257283
5,melville,586,austen,6.21734725511991
5,melville,586,fitzgerald,6.902155263083322
5,melville,586,twain,6.699073553085327
5,melville,587,train,4.968606472015381
5,melville,587,baum,6.503048062324524
5,melville,587,thompson,6.903277158737183
5,melville,587,dickens,6.2662650426228845
5,melville,587,melville,6.251658757527669
5,melville,587,wells,6.477284669876099
5,melville,587,austen,6.215620004213774
5,melville,587,fitzgerald,6.895897388458252
5,melville,587,twain,6.69640588760376
5,melville,588,train,4.9630145072937015
5,melville,588,baum,6.501384019851685
5,melville,588,thompson,6.901785731315613
5,melville,588,dickens,6.264007393519083
5,melville,588,melville,6.249706586201985
5,melville,588,wells,6.470527092615764
5,melville,588,austen,6.213471596057598
5,melville,588,fitzgerald,6.893988268715995
5,melville,588,twain,6.698981618881225
5,melville,589,train,4.974934387207031
5,melville,589,baum,6.501721143722534
5,melville,589,thompson,6.902825117111206
5,melville,589,dickens,6.268842728932698
5,melville,589,melville,6.254471037122938
5,melville,589,wells,6.479532639185588
5,melville,589,austen,6.218632551339956
5,melville,589,fitzgerald,6.893841947828021
5,melville,589,twain,6.675513982772827
5,melville,590,train,4.946787261962891
5,melville,590,baum,6.505848407745361
5,melville,590,thompson,6.914355158805847
5,melville,590,dickens,6.269761880238851
5,melville,590,melville,6.25341812769572
5,melville,590,wells,6.480566104253133
5,melville,590,austen,6.22095826955942
5,melville,590,fitzgerald,6.901669297899518
5,melville,590,twain,6.703571224212647
5,melville,591,train,4.937615585327149
5,melville,591,baum,6.505579710006714
5,melville,591,thompson,6.910013675689697
5,melville,591,dickens,6.260749673843383
5,melville,591,melville,6.247926076253255
5,melville,591,wells,6.476138194402059
5,melville,591,austen,6.212520159207857
5,melville,591,fitzgerald,6.899479934147426
5,melville,591,twain,6.711558389663696
5,melville,592,train,4.917836284637451
5,melville,592,baum,6.503217458724976
5,melville,592,thompson,6.907988429069519
5,melville,592,dickens,6.265115197499593
5,melville,592,melville,6.248906188540989
5,melville,592,wells,6.4748945236206055
5,melville,592,austen,6.216557209308331
5,melville,592,fitzgerald,6.898886680603027
5,melville,592,twain,6.704455137252808
5,melville,593,train,4.939262294769288
5,melville,593,baum,6.510228514671326
5,melville,593,thompson,6.9192211627960205
5,melville,593,dickens,6.268215211232503
5,melville,593,melville,6.251909255981445
5,melville,593,wells,6.480811834335327
5,melville,593,austen,6.213090309729943
5,melville,593,fitzgerald,6.906426565987723
5,melville,593,twain,6.709896659851074
5,melville,594,train,4.933104038238525
5,melville,594,baum,6.50461483001709
5,melville,594,thompson,6.91259765625
5,melville,594,dickens,6.267027489344279
5,melville,594,melville,6.248210377163357
5,melville,594,wells,6.479523738225301
5,melville,594,austen,6.218875591571514
5,melville,594,fitzgerald,6.904281684330532
5,melville,594,twain,6.6910491466522215
5,melville,595,train,4.93666639328003
5,melville,595,baum,6.501392364501953
5,melville,595,thompson,6.910743594169617
5,melville,595,dickens,6.270895115534464
5,melville,595,melville,6.250563144683838
5,melville,595,wells,6.4796914259592695
5,melville,595,austen,6.219722014207107
5,melville,595,fitzgerald,6.898004327501569
5,melville,595,twain,6.688219881057739
5,melville,596,train,4.930472087860108
5,melville,596,baum,6.51048731803894
5,melville,596,thompson,6.915341258049011
5,melville,596,dickens,6.268131192525228
5,melville,596,melville,6.24968073103163
5,melville,596,wells,6.479055484135945
5,melville,596,austen,6.216969820169302
5,melville,596,fitzgerald,6.911132676260812
5,melville,596,twain,6.7060974597930905
5,melville,597,train,4.914153099060059
5,melville,597,baum,6.5052149295806885
5,melville,597,thompson,6.900488495826721
5,melville,597,dickens,6.264582125345866
5,melville,597,melville,6.247722837660048
5,melville,597,wells,6.475762287775676
5,melville,597,austen,6.21632825411283
5,melville,597,fitzgerald,6.899440833500454
5,melville,597,twain,6.697683572769165
5,melville,598,train,4.943739223480224
5,melville,598,baum,6.503124237060547
5,melville,598,thompson,6.909740209579468
5,melville,598,dickens,6.272735468546549
5,melville,598,melville,6.250030305650499
5,melville,598,wells,6.479869286219279
5,melville,598,austen,6.22401684981126
5,melville,598,fitzgerald,6.90328311920166
5,melville,598,twain,6.684771919250489
5,melville,599,train,4.926475715637207
5,melville,599,baum,6.504718780517578
5,melville,599,thompson,6.916666030883789
5,melville,599,dickens,6.261990118026733
5,melville,599,melville,6.248434702555339
5,melville,599,wells,6.473267237345378
5,melville,599,austen,6.210311082693247
5,melville,599,fitzgerald,6.9032551901681085
5,melville,599,twain,6.710771703720093
5,melville,600,train,4.888847351074219
5,melville,600,baum,6.509536027908325
5,melville,600,thompson,6.910300135612488
5,melville,600,dickens,6.26532252629598
5,melville,600,melville,6.246938758426243
5,melville,600,wells,6.476469834645589
5,melville,600,austen,6.215234242952787
5,melville,600,fitzgerald,6.9005857195173
5,melville,600,twain,6.697289276123047
5,melville,601,train,4.911922550201416
5,melville,601,baum,6.505196809768677
5,melville,601,thompson,6.906734347343445
5,melville,601,dickens,6.270711994171142
5,melville,601,melville,6.249380482567681
5,melville,601,wells,6.474035342534383
5,melville,601,austen,6.217628075526311
5,melville,601,fitzgerald,6.89557545525687
5,melville,601,twain,6.689725351333618
5,melville,602,train,4.901838970184326
5,melville,602,baum,6.510594367980957
5,melville,602,thompson,6.910589337348938
5,melville,602,dickens,6.266199668248494
5,melville,602,melville,6.249998622470432
5,melville,602,wells,6.476169109344482
5,melville,602,austen,6.215249575101412
5,melville,602,fitzgerald,6.9011421884809225
5,melville,602,twain,6.703005075454712
5,melville,603,train,4.898560047149658
5,melville,603,baum,6.508586525917053
5,melville,603,thompson,6.912240743637085
5,melville,603,dickens,6.272300450007121
5,melville,603,melville,6.251446564992269
5,melville,603,wells,6.485362768173218
5,melville,603,austen,6.224665495065542
5,melville,603,fitzgerald,6.904409204210554
5,melville,603,twain,6.703241586685181
5,melville,604,train,4.88140459060669
5,melville,604,baum,6.501463294029236
5,melville,604,thompson,6.90927529335022
5,melville,604,dickens,6.263701963424682
5,melville,604,melville,6.250040531158447
5,melville,604,wells,6.478054126103719
5,melville,604,austen,6.212398308974046
5,melville,604,fitzgerald,6.8973195893423895
5,melville,604,twain,6.705307912826538
5,melville,605,train,4.913133525848389
5,melville,605,baum,6.510533928871155
5,melville,605,thompson,6.918579936027527
5,melville,605,dickens,6.27358570098877
5,melville,605,melville,6.253071149190267
5,melville,605,wells,6.48491628964742
5,melville,605,austen,6.22250432234544
5,melville,605,fitzgerald,6.909260204860142
5,melville,605,twain,6.70693039894104
5,melville,606,train,4.9013182640075685
5,melville,606,baum,6.514166235923767
5,melville,606,thompson,6.916348338127136
5,melville,606,dickens,6.274926789601644
5,melville,606,melville,6.255959775712755
5,melville,606,wells,6.487771828969319
5,melville,606,austen,6.223289269667405
5,melville,606,fitzgerald,6.907683985573905
5,melville,606,twain,6.702617454528808
5,melville,607,train,4.900257682800293
5,melville,607,baum,6.506840705871582
5,melville,607,thompson,6.910939693450928
5,melville,607,dickens,6.26943400700887
5,melville,607,melville,6.249846405453152
5,melville,607,wells,6.478574991226196
5,melville,607,austen,6.221942938291109
5,melville,607,fitzgerald,6.903765201568604
5,melville,607,twain,6.704026603698731
5,melville,608,train,4.932102108001709
5,melville,608,baum,6.509079813957214
5,melville,608,thompson,6.915552139282227
5,melville,608,dickens,6.278270705540975
5,melville,608,melville,6.251752641465929
5,melville,608,wells,6.486231168111165
5,melville,608,austen,6.224811553955078
5,melville,608,fitzgerald,6.908262048448835
5,melville,608,twain,6.686271381378174
5,melville,609,train,4.898707866668701
5,melville,609,baum,6.506390929222107
5,melville,609,thompson,6.915597558021545
5,melville,609,dickens,6.272432629267374
5,melville,609,melville,6.245251284705268
5,melville,609,wells,6.48136059443156
5,melville,609,austen,6.220197090735803
5,melville,609,fitzgerald,6.906114033290318
5,melville,609,twain,6.706707286834717
5,melville,610,train,4.9305683135986325
5,melville,610,baum,6.513346910476685
5,melville,610,thompson,6.915574312210083
5,melville,610,dickens,6.280805238087972
5,melville,610,melville,6.2583909034729
5,melville,610,wells,6.488864421844482
5,melville,610,austen,6.23053055543166
5,melville,610,fitzgerald,6.910768372671945
5,melville,610,twain,6.679797172546387
5,melville,611,train,4.881082916259766
5,melville,611,baum,6.502282738685608
5,melville,611,thompson,6.909207582473755
5,melville,611,dickens,6.266490205128988
5,melville,611,melville,6.248423152499729
5,melville,611,wells,6.476669470469157
5,melville,611,austen,6.213811690990742
5,melville,611,fitzgerald,6.9022553988865445
5,melville,611,twain,6.694618225097656
5,melville,612,train,4.8622466087341305
5,melville,612,baum,6.5128737688064575
5,melville,612,thompson,6.922430992126465
5,melville,612,dickens,6.273627726236979
5,melville,612,melville,6.251831743452284
5,melville,612,wells,6.484765688578288
5,melville,612,austen,6.222316081707294
5,melville,612,fitzgerald,6.913249697004046
5,melville,612,twain,6.698938608169556
5,melville,613,train,4.891214656829834
5,melville,613,baum,6.513136267662048
5,melville,613,thompson,6.9204466342926025
5,melville,613,dickens,6.279606405893961
5,melville,613,melville,6.254303985171848
5,melville,613,wells,6.488990465799968
5,melville,613,austen,6.225385042337271
5,melville,613,fitzgerald,6.911776065826416
5,melville,613,twain,6.688798522949218
5,melville,614,train,4.887959957122803
5,melville,614,baum,6.515243411064148
5,melville,614,thompson,6.924174785614014
5,melville,614,dickens,6.277773062388103
5,melville,614,melville,6.256489541795519
5,melville,614,wells,6.492280244827271
5,melville,614,austen,6.225882163414588
5,melville,614,fitzgerald,6.917170320238386
5,melville,614,twain,6.694426870346069
5,melville,615,train,4.880724239349365
5,melville,615,baum,6.515651226043701
5,melville,615,thompson,6.920850515365601
5,melville,615,dickens,6.276577726999919
5,melville,615,melville,6.252288076612684
5,melville,615,wells,6.489730993906657
5,melville,615,austen,6.226409985468938
5,melville,615,fitzgerald,6.913988726479666
5,melville,615,twain,6.691499423980713
5,melville,616,train,4.887749671936035
5,melville,616,baum,6.504952192306519
5,melville,616,thompson,6.913124442100525
5,melville,616,dickens,6.268684466679891
5,melville,616,melville,6.247834629482693
5,melville,616,wells,6.482729434967041
5,melville,616,austen,6.221200906313383
5,melville,616,fitzgerald,6.907077653067453
5,melville,616,twain,6.691646242141724
5,melville,617,train,4.893463230133056
5,melville,617,baum,6.5173046588897705
5,melville,617,thompson,6.925180196762085
5,melville,617,dickens,6.276983308792114
5,melville,617,melville,6.247064802381727
5,melville,617,wells,6.489869197209676
5,melville,617,austen,6.226689265324519
5,melville,617,fitzgerald,6.9182674544198175
5,melville,617,twain,6.69610366821289
5,melville,618,train,4.879895210266113
5,melville,618,baum,6.5048370361328125
5,melville,618,thompson,6.912620663642883
5,melville,618,dickens,6.271218554178874
5,melville,618,melville,6.247137546539307
5,melville,618,wells,6.484479347864787
5,melville,618,austen,6.22201761832604
5,melville,618,fitzgerald,6.907524790082659
5,melville,618,twain,6.6849267959594725
5,melville,619,train,4.8809281349182125
5,melville,619,baum,6.516056656837463
5,melville,619,thompson,6.920662522315979
5,melville,619,dickens,6.281305106480916
5,melville,619,melville,6.251417954762776
5,melville,619,wells,6.488705952962239
5,melville,619,austen,6.228370483105
5,melville,619,fitzgerald,6.914870875222342
5,melville,619,twain,6.702052736282349
5,melville,620,train,4.8695978164672855
5,melville,620,baum,6.51561450958252
5,melville,620,thompson,6.92350435256958
5,melville,620,dickens,6.276095676422119
5,melville,620,melville,6.249393622080485
5,melville,620,wells,6.491273244222005
5,melville,620,austen,6.225273902599628
5,melville,620,fitzgerald,6.917099748338972
5,melville,620,twain,6.698642826080322
5,melville,621,train,4.874380588531494
5,melville,621,baum,6.515293836593628
5,melville,621,thompson,6.926391363143921
5,melville,621,dickens,6.28063931465149
5,melville,621,melville,6.253605736626519
5,melville,621,wells,6.493584871292114
5,melville,621,austen,6.227393076970027
5,melville,621,fitzgerald,6.919885839734759
5,melville,621,twain,6.691065311431885
5,melville,622,train,4.883685684204101
5,melville,622,baum,6.520622730255127
5,melville,622,thompson,6.932530999183655
5,melville,622,dickens,6.282568089167277
5,melville,622,melville,6.257535245683458
5,melville,622,wells,6.498605489730835
5,melville,622,austen,6.234273323645959
5,melville,622,fitzgerald,6.924242973327637
5,melville,622,twain,6.705473470687866
5,melville,623,train,4.904019069671631
5,melville,623,baum,6.522137880325317
5,melville,623,thompson,6.930361986160278
5,melville,623,dickens,6.27341464360555
5,melville,623,melville,6.252349800533718
5,melville,623,wells,6.49149759610494
5,melville,623,austen,6.223114637228159
5,melville,623,fitzgerald,6.920197759355817
5,melville,623,twain,6.72022647857666
5,melville,624,train,4.865643310546875
5,melville,624,baum,6.520190000534058
5,melville,624,thompson,6.9325748682022095
5,melville,624,dickens,6.275728178024292
5,melville,624,melville,6.253385649787055
5,melville,624,wells,6.493770678838094
5,melville,624,austen,6.231530849750225
5,melville,624,fitzgerald,6.9180216789245605
5,melville,624,twain,6.717564916610717
5,melville,625,train,4.882721900939941
5,melville,625,baum,6.523931384086609
5,melville,625,thompson,6.936193704605103
5,melville,625,dickens,6.279686339696249
5,melville,625,melville,6.254540973239475
5,melville,625,wells,6.499129772186279
5,melville,625,austen,6.229056761814998
5,melville,625,fitzgerald,6.924697262900216
5,melville,625,twain,6.71725606918335
5,melville,626,train,4.851323699951172
5,melville,626,baum,6.518163800239563
5,melville,626,thompson,6.93229615688324
5,melville,626,dickens,6.277109734217325
5,melville,626,melville,6.248660935295953
5,melville,626,wells,6.492978652318318
5,melville,626,austen,6.225951414841872
5,melville,626,fitzgerald,6.923791681017194
5,melville,626,twain,6.722118711471557
5,melville,627,train,4.865816497802735
5,melville,627,baum,6.516739249229431
5,melville,627,thompson,6.927497029304504
5,melville,627,dickens,6.2858771165212
5,melville,627,melville,6.254444705115424
5,melville,627,wells,6.498266140619914
5,melville,627,austen,6.235507194812481
5,melville,627,fitzgerald,6.919024739946638
5,melville,627,twain,6.691636943817139
5,melville,628,train,4.866898250579834
5,melville,628,baum,6.519343972206116
5,melville,628,thompson,6.933107495307922
5,melville,628,dickens,6.2769094149271645
5,melville,628,melville,6.251197814941406
5,melville,628,wells,6.495036045710246
5,melville,628,austen,6.224408369797927
5,melville,628,fitzgerald,6.918223517281668
5,melville,628,twain,6.715306758880615
5,melville,629,train,4.836465835571289
5,melville,629,baum,6.524391531944275
5,melville,629,thompson,6.938454508781433
5,melville,629,dickens,6.281956640879313
5,melville,629,melville,6.251452657911512
5,melville,629,wells,6.497459173202515
5,melville,629,austen,6.234487130091741
5,melville,629,fitzgerald,6.92631687436785
5,melville,629,twain,6.723507595062256
5,melville,630,train,4.859514427185059
5,melville,630,baum,6.5161696672439575
5,melville,630,thompson,6.926894903182983
5,melville,630,dickens,6.275310198465983
5,melville,630,melville,6.250116083357069
5,melville,630,wells,6.491743326187134
5,melville,630,austen,6.223446735968957
5,melville,630,fitzgerald,6.917737347739084
5,melville,630,twain,6.711248588562012
5,melville,631,train,4.814173984527588
5,melville,631,baum,6.517362117767334
5,melville,631,thompson,6.93595814704895
5,melville,631,dickens,6.28622662226359
5,melville,631,melville,6.254501872592503
5,melville,631,wells,6.498355309168498
5,melville,631,austen,6.232804298400879
5,melville,631,fitzgerald,6.924783297947475
5,melville,631,twain,6.709119415283203
5,melville,632,train,4.8212179183959964
5,melville,632,baum,6.519551634788513
5,melville,632,thompson,6.938565969467163
5,melville,632,dickens,6.275562683741252
5,melville,632,melville,6.252070426940918
5,melville,632,wells,6.493825833002727
5,melville,632,austen,6.22363541676448
5,melville,632,fitzgerald,6.9219160761152
5,melville,632,twain,6.72694034576416
5,melville,633,train,4.876766872406006
5,melville,633,baum,6.5200875997543335
5,melville,633,thompson,6.931240558624268
5,melville,633,dickens,6.2822678565979
5,melville,633,melville,6.252410888671875
5,melville,633,wells,6.493626594543457
5,melville,633,austen,6.228625884422889
5,melville,633,fitzgerald,6.921186038425991
5,melville,633,twain,6.709343576431275
5,melville,634,train,4.80562105178833
5,melville,634,baum,6.518558263778687
5,melville,634,thompson,6.932901620864868
5,melville,634,dickens,6.282537905375163
5,melville,634,melville,6.251377317640516
5,melville,634,wells,6.4978853066762285
5,melville,634,austen,6.233088493347168
5,melville,634,fitzgerald,6.921907356807163
5,melville,634,twain,6.714817857742309
5,melville,635,train,4.840792846679688
5,melville,635,baum,6.510972738265991
5,melville,635,thompson,6.92414653301239
5,melville,635,dickens,6.271885331471761
5,melville,635,melville,6.252438439263238
5,melville,635,wells,6.489588578542073
5,melville,635,austen,6.220580064333403
5,melville,635,fitzgerald,6.9163496153695245
5,melville,635,twain,6.708228540420532
5,melville,636,train,4.839240837097168
5,melville,636,baum,6.517413973808289
5,melville,636,thompson,6.937179207801819
5,melville,636,dickens,6.277980136871338
5,melville,636,melville,6.252075990041097
5,melville,636,wells,6.498274644215901
5,melville,636,austen,6.228432471935566
5,melville,636,fitzgerald,6.923642294747489
5,melville,636,twain,6.728895235061645
5,melville,637,train,4.842603492736816
5,melville,637,baum,6.519803166389465
5,melville,637,thompson,6.932755351066589
5,melville,637,dickens,6.288272507985433
5,melville,637,melville,6.261018488142225
5,melville,637,wells,6.505812962849935
5,melville,637,austen,6.238192925086389
5,melville,637,fitzgerald,6.928213391985212
5,melville,637,twain,6.697516679763794
5,melville,638,train,4.833834457397461
5,melville,638,baum,6.520363688468933
5,melville,638,thompson,6.930500745773315
5,melville,638,dickens,6.276249233881632
5,melville,638,melville,6.254037963019477
5,melville,638,wells,6.5005537668863935
5,melville,638,austen,6.230571893545298
5,melville,638,fitzgerald,6.921778406415667
5,melville,638,twain,6.720932245254517
5,melville,639,train,4.804887771606445
5,melville,639,baum,6.525999069213867
5,melville,639,thompson,6.943575143814087
5,melville,639,dickens,6.290719763437907
5,melville,639,melville,6.260173903571235
5,melville,639,wells,6.50828218460083
5,melville,639,austen,6.238215519831731
5,melville,639,fitzgerald,6.936523505619594
5,melville,639,twain,6.715653133392334
5,melville,640,train,4.828000068664551
5,melville,640,baum,6.511824727058411
5,melville,640,thompson,6.924432992935181
5,melville,640,dickens,6.275478569666545
5,melville,640,melville,6.2486659155951605
5,melville,640,wells,6.497052033742269
5,melville,640,austen,6.230898820436918
5,melville,640,fitzgerald,6.917816775185721
5,melville,640,twain,6.707243204116821
5,melville,641,train,4.820859718322754
5,melville,641,baum,6.526584148406982
5,melville,641,thompson,6.936831712722778
5,melville,641,dickens,6.290523942311605
5,melville,641,melville,6.258929305606419
5,melville,641,wells,6.505638599395752
5,melville,641,austen,6.242622925685002
5,melville,641,fitzgerald,6.932856559753418
5,melville,641,twain,6.705302810668945
5,melville,642,train,4.835531997680664
5,melville,642,baum,6.5188969373703
5,melville,642,thompson,6.936169505119324
5,melville,642,dickens,6.283066336313883
5,melville,642,melville,6.252506785922581
5,melville,642,wells,6.504300276438396
5,melville,642,austen,6.232899775871863
5,melville,642,fitzgerald,6.922851494380406
5,melville,642,twain,6.723531770706177
5,melville,643,train,4.808408069610596
5,melville,643,baum,6.530041933059692
5,melville,643,thompson,6.9453959465026855
5,melville,643,dickens,6.288724597295126
5,melville,643,melville,6.261870543162028
5,melville,643,wells,6.509727398554484
5,melville,643,austen,6.241383809309739
5,melville,643,fitzgerald,6.934915202004569
5,melville,643,twain,6.721477031707764
5,melville,644,train,4.800186729431152
5,melville,644,baum,6.521000266075134
5,melville,644,thompson,6.940747141838074
5,melville,644,dickens,6.28407473564148
5,melville,644,melville,6.256069501241048
5,melville,644,wells,6.501954873402913
5,melville,644,austen,6.234480087573711
5,melville,644,fitzgerald,6.928475175585065
5,melville,644,twain,6.724171113967896
5,melville,645,train,4.809843063354492
5,melville,645,baum,6.523276567459106
5,melville,645,thompson,6.944571018218994
5,melville,645,dickens,6.2813272953033445
5,melville,645,melville,6.25840261247423
5,melville,645,wells,6.507126887639363
5,melville,645,austen,6.237167211679312
5,melville,645,fitzgerald,6.929984365190778
5,melville,645,twain,6.72972731590271
5,melville,646,train,4.8008543968200685
5,melville,646,baum,6.524307727813721
5,melville,646,thompson,6.936091184616089
5,melville,646,dickens,6.297858333587646
5,melville,646,melville,6.260626210106744
5,melville,646,wells,6.509421110153198
5,melville,646,austen,6.245455228365385
5,melville,646,fitzgerald,6.930878571101597
5,melville,646,twain,6.6924913883209225
5,melville,647,train,4.834397888183593
5,melville,647,baum,6.522784352302551
5,melville,647,thompson,6.936211109161377
5,melville,647,dickens,6.281160275141398
5,melville,647,melville,6.255151377783881
5,melville,647,wells,6.502870400746663
5,melville,647,austen,6.233266390286959
5,melville,647,fitzgerald,6.9297573907034735
5,melville,647,twain,6.709388971328735
5,melville,648,train,4.806990146636963
5,melville,648,baum,6.52216637134552
5,melville,648,thompson,6.941493391990662
5,melville,648,dickens,6.287489573160808
5,melville,648,melville,6.256176948547363
5,melville,648,wells,6.505235036214192
5,melville,648,austen,6.23633729494535
5,melville,648,fitzgerald,6.930668013436454
5,melville,648,twain,6.719899272918701
5,melville,649,train,4.839883327484131
5,melville,649,baum,6.529737234115601
5,melville,649,thompson,6.952757239341736
5,melville,649,dickens,6.296555662155152
5,melville,649,melville,6.264026112026638
5,melville,649,wells,6.517883062362671
5,melville,649,austen,6.250459744380071
5,melville,649,fitzgerald,6.9430501120431085
5,melville,649,twain,6.7022031307220455
5,melville,650,train,4.80924882888794
5,melville,650,baum,6.530929684638977
5,melville,650,thompson,6.951061487197876
5,melville,650,dickens,6.287945985794067
5,melville,650,melville,6.257839202880859
5,melville,650,wells,6.507310549418132
5,melville,650,austen,6.236703909360445
5,melville,650,fitzgerald,6.937027931213379
5,melville,650,twain,6.732828569412232
5,melville,651,train,4.804651832580566
5,melville,651,baum,6.530337691307068
5,melville,651,thompson,6.949809312820435
5,melville,651,dickens,6.290166076024374
5,melville,651,melville,6.258077939351399
5,melville,651,wells,6.508388121922811
5,melville,651,austen,6.240764984717736
5,melville,651,fitzgerald,6.93537357875279
5,melville,651,twain,6.721816825866699
5,melville,652,train,4.7955348014831545
5,melville,652,baum,6.532586693763733
5,melville,652,thompson,6.950292348861694
5,melville,652,dickens,6.290754159291585
5,melville,652,melville,6.258383909861247
5,melville,652,wells,6.5068039894104
5,melville,652,austen,6.236345511216384
5,melville,652,fitzgerald,6.937278475080218
5,melville,652,twain,6.723213577270508
5,melville,653,train,4.770889377593994
5,melville,653,baum,6.536531090736389
5,melville,653,thompson,6.952122807502747
5,melville,653,dickens,6.292105944951375
5,melville,653,melville,6.26381164126926
5,melville,653,wells,6.513757069905599
5,melville,653,austen,6.244045440967266
5,melville,653,fitzgerald,6.942083290645054
5,melville,653,twain,6.7221996784210205
5,melville,654,train,4.821900272369385
5,melville,654,baum,6.530410647392273
5,melville,654,thompson,6.946823000907898
5,melville,654,dickens,6.294208097457886
5,melville,654,melville,6.257834434509277
5,melville,654,wells,6.514193058013916
5,melville,654,austen,6.242201951833872
5,melville,654,fitzgerald,6.939683505467007
5,melville,654,twain,6.718898153305053
5,melville,655,train,4.791104125976562
5,melville,655,baum,6.53188157081604
5,melville,655,thompson,6.95050036907196
5,melville,655,dickens,6.28996836344401
5,melville,655,melville,6.258064958784315
5,melville,655,wells,6.511491298675537
5,melville,655,austen,6.242399032299336
5,melville,655,fitzgerald,6.94403076171875
5,melville,655,twain,6.722141695022583
5,melville,656,train,4.774151134490967
5,melville,656,baum,6.53087854385376
5,melville,656,thompson,6.947550892829895
5,melville,656,dickens,6.288449048995972
5,melville,656,melville,6.254064718882243
5,melville,656,wells,6.509897629419963
5,melville,656,austen,6.237956377176138
5,melville,656,fitzgerald,6.9403911999293735
5,melville,656,twain,6.727302551269531
5,melville,657,train,4.7641676902771
5,melville,657,baum,6.528963923454285
5,melville,657,thompson,6.94478976726532
5,melville,657,dickens,6.296344550450643
5,melville,657,melville,6.257534927792019
5,melville,657,wells,6.51529598236084
5,melville,657,austen,6.247255912193885
5,melville,657,fitzgerald,6.941351345607212
5,melville,657,twain,6.708347320556641
5,melville,658,train,4.825875473022461
5,melville,658,baum,6.52969217300415
5,melville,658,thompson,6.947577238082886
5,melville,658,dickens,6.29231154123942
5,melville,658,melville,6.253941377003987
5,melville,658,wells,6.508028030395508
5,melville,658,austen,6.24116640824538
5,melville,658,fitzgerald,6.937092236110142
5,melville,658,twain,6.723485136032105
5,melville,659,train,4.804978275299073
5,melville,659,baum,6.544902563095093
5,melville,659,thompson,6.966786742210388
5,melville,659,dickens,6.299916426340739
5,melville,659,melville,6.264289961920844
5,melville,659,wells,6.520358959833781
5,melville,659,austen,6.2506184211144085
5,melville,659,fitzgerald,6.954192638397217
5,melville,659,twain,6.755222940444947
5,melville,660,train,4.747084331512451
5,melville,660,baum,6.537795901298523
5,melville,660,thompson,6.955841660499573
5,melville,660,dickens,6.297247934341431
5,melville,660,melville,6.261479271782769
5,melville,660,wells,6.521957794825236
5,melville,660,austen,6.248179289010855
5,melville,660,fitzgerald,6.947103568485805
5,melville,660,twain,6.732279586791992
5,melville,661,train,4.758892440795899
5,melville,661,baum,6.528970241546631
5,melville,661,thompson,6.95348334312439
5,melville,661,dickens,6.288075478871663
5,melville,661,melville,6.2521353297763405
5,melville,661,wells,6.511123418807983
5,melville,661,austen,6.241182730748103
5,melville,661,fitzgerald,6.947388989584787
5,melville,661,twain,6.727339744567871
5,melville,662,train,4.799953842163086
5,melville,662,baum,6.531031966209412
5,melville,662,thompson,6.947075247764587
5,melville,662,dickens,6.29417929649353
5,melville,662,melville,6.260315471225315
5,melville,662,wells,6.51166311899821
5,melville,662,austen,6.243335723876953
5,melville,662,fitzgerald,6.941422189985003
5,melville,662,twain,6.71520037651062
5,melville,663,train,4.798839092254639
5,melville,663,baum,6.532326459884644
5,melville,663,thompson,6.956368207931519
5,melville,663,dickens,6.289022302627563
5,melville,663,melville,6.256291919284397
5,melville,663,wells,6.511702378590901
5,melville,663,austen,6.23805203804603
5,melville,663,fitzgerald,6.9473105158124655
5,melville,663,twain,6.728082084655762
5,melville,664,train,4.795395088195801
5,melville,664,baum,6.532217860221863
5,melville,664,thompson,6.9567259550094604
5,melville,664,dickens,6.288912725448609
5,melville,664,melville,6.254001246558295
5,melville,664,wells,6.510984738667806
5,melville,664,austen,6.23902783027062
5,melville,664,fitzgerald,6.945495673588344
5,melville,664,twain,6.746825790405273
5,melville,665,train,4.752211284637451
5,melville,665,baum,6.535012006759644
5,melville,665,thompson,6.954084277153015
5,melville,665,dickens,6.290999587376913
5,melville,665,melville,6.259649117787679
5,melville,665,wells,6.512073516845703
5,melville,665,austen,6.240118907048152
5,melville,665,fitzgerald,6.944757189069476
5,melville,665,twain,6.7400799751281735
5,melville,666,train,4.796197032928466
5,melville,666,baum,6.5513575077056885
5,melville,666,thompson,6.969995975494385
5,melville,666,dickens,6.305381759007772
5,melville,666,melville,6.27009195751614
5,melville,666,wells,6.531409502029419
5,melville,666,austen,6.257461731250469
5,melville,666,fitzgerald,6.964615617479597
5,melville,666,twain,6.749255609512329
5,melville,667,train,4.798936462402343
5,melville,667,baum,6.530948877334595
5,melville,667,thompson,6.95646607875824
5,melville,667,dickens,6.289088535308838
5,melville,667,melville,6.257301065656874
5,melville,667,wells,6.513265371322632
5,melville,667,austen,6.239279050093431
5,melville,667,fitzgerald,6.9471725055149625
5,melville,667,twain,6.744549703598023
5,melville,668,train,4.778273010253907
5,melville,668,baum,6.539863109588623
5,melville,668,thompson,6.959121108055115
5,melville,668,dickens,6.304577255249024
5,melville,668,melville,6.260027938418919
5,melville,668,wells,6.5219651858011884
5,melville,668,austen,6.254302208240215
5,melville,668,fitzgerald,6.955337865012033
5,melville,668,twain,6.731945562362671
5,melville,669,train,4.762215423583984
5,melville,669,baum,6.527183532714844
5,melville,669,thompson,6.9487175941467285
5,melville,669,dickens,6.296019554138184
5,melville,669,melville,6.262834866841634
5,melville,669,wells,6.521072546641032
5,melville,669,austen,6.251105858729436
5,melville,669,fitzgerald,6.943530900137765
5,melville,669,twain,6.728862810134888
5,melville,670,train,4.753512954711914
5,melville,670,baum,6.545581936836243
5,melville,670,thompson,6.972021698951721
5,melville,670,dickens,6.293758789698283
5,melville,670,melville,6.256576591067844
5,melville,670,wells,6.520484209060669
5,melville,670,austen,6.2445571239178
5,melville,670,fitzgerald,6.961307457515171
5,melville,670,twain,6.748012495040894
5,melville,671,train,4.758043575286865
5,melville,671,baum,6.530512571334839
5,melville,671,thompson,6.9498738050460815
5,melville,671,dickens,6.288261779149374
5,melville,671,melville,6.257573816511366
5,melville,671,wells,6.50614865620931
5,melville,671,austen,6.235981134267954
5,melville,671,fitzgerald,6.944066728864398
5,melville,671,twain,6.728498649597168
5,melville,672,train,4.759511661529541
5,melville,672,baum,6.542186737060547
5,melville,672,thompson,6.959786176681519
5,melville,672,dickens,6.300289742151896
5,melville,672,melville,6.258756107754177
5,melville,672,wells,6.518794457117717
5,melville,672,austen,6.251642043773945
5,melville,672,fitzgerald,6.952920641217913
5,melville,672,twain,6.731471061706543
5,melville,673,train,4.780985927581787
5,melville,673,baum,6.535800337791443
5,melville,673,thompson,6.955862879753113
5,melville,673,dickens,6.297475910186767
5,melville,673,melville,6.262311617533366
5,melville,673,wells,6.517003536224365
5,melville,673,austen,6.246677728799673
5,melville,673,fitzgerald,6.947879655020578
5,melville,673,twain,6.7338159561157225
5,melville,674,train,4.747391414642334
5,melville,674,baum,6.543663263320923
5,melville,674,thompson,6.96105170249939
5,melville,674,dickens,6.302637656529744
5,melville,674,melville,6.259290430280897
5,melville,674,wells,6.520059585571289
5,melville,674,austen,6.255141331599309
5,melville,674,fitzgerald,6.9555036681039
5,melville,674,twain,6.732917928695679
5,melville,675,train,4.759327411651611
5,melville,675,baum,6.541969299316406
5,melville,675,thompson,6.964872360229492
5,melville,675,dickens,6.303198496500651
5,melville,675,melville,6.263146347469753
5,melville,675,wells,6.523758172988892
5,melville,675,austen,6.252088803511399
5,melville,675,fitzgerald,6.9567661966596335
5,melville,675,twain,6.729316234588623
5,melville,676,train,4.76398401260376
5,melville,676,baum,6.548518896102905
5,melville,676,thompson,6.965976119041443
5,melville,676,dickens,6.303633546829223
5,melville,676,melville,6.262555705176459
5,melville,676,wells,6.528695344924927
5,melville,676,austen,6.254696002373328
5,melville,676,fitzgerald,6.962998117719378
5,melville,676,twain,6.731338214874268
5,melville,677,train,4.753947162628174
5,melville,677,baum,6.540839910507202
5,melville,677,thompson,6.963486433029175
5,melville,677,dickens,6.291482289632161
5,melville,677,melville,6.260766400231256
5,melville,677,wells,6.519219398498535
5,melville,677,austen,6.240465751061072
5,melville,677,fitzgerald,6.952534471239362
5,melville,677,twain,6.738613033294678
5,melville,678,train,4.768296146392823
5,melville,678,baum,6.545552492141724
5,melville,678,thompson,6.970192551612854
5,melville,678,dickens,6.311665185292562
5,melville,678,melville,6.263639503055149
5,melville,678,wells,6.530820608139038
5,melville,678,austen,6.257501932290884
5,melville,678,fitzgerald,6.963169097900391
5,melville,678,twain,6.734505939483642
5,melville,679,train,4.758153629302979
5,melville,679,baum,6.544234871864319
5,melville,679,thompson,6.966443538665772
5,melville,679,dickens,6.296058909098307
5,melville,679,melville,6.260513146718343
5,melville,679,wells,6.524690866470337
5,melville,679,austen,6.246809555934026
5,melville,679,fitzgerald,6.958745615822928
5,melville,679,twain,6.741141986846924
5,melville,680,train,4.725025272369384
5,melville,680,baum,6.557232737541199
5,melville,680,thompson,6.972874283790588
5,melville,680,dickens,6.319068241119385
5,melville,680,melville,6.268441200256348
5,melville,680,wells,6.538779020309448
5,melville,680,austen,6.266761339627779
5,melville,680,fitzgerald,6.973117351531982
5,melville,680,twain,6.731711912155151
5,melville,681,train,4.748020267486572
5,melville,681,baum,6.537827610969544
5,melville,681,thompson,6.961582541465759
5,melville,681,dickens,6.296892420450846
5,melville,681,melville,6.25924030939738
5,melville,681,wells,6.520798683166504
5,melville,681,austen,6.246011257171631
5,melville,681,fitzgerald,6.956624644143241
5,melville,681,twain,6.731276178359986
5,melville,682,train,4.776691150665283
5,melville,682,baum,6.554835915565491
5,melville,682,thompson,6.977367758750916
5,melville,682,dickens,6.310395971934001
5,melville,682,melville,6.262926154666477
5,melville,682,wells,6.535262664159139
5,melville,682,austen,6.263318171867957
5,melville,682,fitzgerald,6.968808855329241
5,melville,682,twain,6.747007036209107
5,melville,683,train,4.717533779144287
5,melville,683,baum,6.540234923362732
5,melville,683,thompson,6.958461403846741
5,melville,683,dickens,6.3024602890014645
5,melville,683,melville,6.259513166215685
5,melville,683,wells,6.527999718983968
5,melville,683,austen,6.25565217091487
5,melville,683,fitzgerald,6.95550673348563
5,melville,683,twain,6.728343534469604
5,melville,684,train,4.751946544647216
5,melville,684,baum,6.544221758842468
5,melville,684,thompson,6.959734797477722
5,melville,684,dickens,6.3063905239105225
5,melville,684,melville,6.26087310579088
5,melville,684,wells,6.529059648513794
5,melville,684,austen,6.256183587587797
5,melville,684,fitzgerald,6.95945405960083
5,melville,684,twain,6.719941234588623
5,melville,685,train,4.713924789428711
5,melville,685,baum,6.546331524848938
5,melville,685,thompson,6.9780027866363525
5,melville,685,dickens,6.312969779968261
5,melville,685,melville,6.265172057681614
5,melville,685,wells,6.541055043538411
5,melville,685,austen,6.261583291567289
5,melville,685,fitzgerald,6.970586981092181
5,melville,685,twain,6.736200332641602
5,melville,686,train,4.696373176574707
5,melville,686,baum,6.547006607055664
5,melville,686,thompson,6.975972294807434
5,melville,686,dickens,6.30176633199056
5,melville,686,melville,6.264809184604221
5,melville,686,wells,6.528781334559123
5,melville,686,austen,6.252836557535025
5,melville,686,fitzgerald,6.965784685952323
5,melville,686,twain,6.760661840438843
5,melville,687,train,4.74070520401001
5,melville,687,baum,6.545610427856445
5,melville,687,thompson,6.962971091270447
5,melville,687,dickens,6.310046943028768
5,melville,687,melville,6.262260754903157
5,melville,687,wells,6.534556150436401
5,melville,687,austen,6.259616741767297
5,melville,687,fitzgerald,6.957300731113979
5,melville,687,twain,6.724979305267334
5,melville,688,train,4.69174747467041
5,melville,688,baum,6.5481449365615845
5,melville,688,thompson,6.980820417404175
5,melville,688,dickens,6.300368595123291
5,melville,688,melville,6.265322950151232
5,melville,688,wells,6.538132747014363
5,melville,688,austen,6.245396063877986
5,melville,688,fitzgerald,6.969277041299002
5,melville,688,twain,6.746703529357911
5,melville,689,train,4.70505838394165
5,melville,689,baum,6.551894903182983
5,melville,689,thompson,6.973310589790344
5,melville,689,dickens,6.312022590637207
5,melville,689,melville,6.262326558430989
5,melville,689,wells,6.537619113922119
5,melville,689,austen,6.261928705068735
5,melville,689,fitzgerald,6.969442776271275
5,melville,689,twain,6.746358060836792
5,melville,690,train,4.728464031219483
5,melville,690,baum,6.545270681381226
5,melville,690,thompson,6.974086284637451
5,melville,690,dickens,6.306058486302693
5,melville,690,melville,6.26405864291721
5,melville,690,wells,6.530952215194702
5,melville,690,austen,6.252230240748479
5,melville,690,fitzgerald,6.967274325234549
5,melville,690,twain,6.743990182876587
5,melville,691,train,4.751952075958252
5,melville,691,baum,6.5509713888168335
5,melville,691,thompson,6.979953169822693
5,melville,691,dickens,6.2964692910512285
5,melville,691,melville,6.259753386179606
5,melville,691,wells,6.529268503189087
5,melville,691,austen,6.243445469782903
5,melville,691,fitzgerald,6.970828669411795
5,melville,691,twain,6.760791492462158
5,melville,692,train,4.717236804962158
5,melville,692,baum,6.5411683320999146
5,melville,692,thompson,6.969149947166443
5,melville,692,dickens,6.311137040456136
5,melville,692,melville,6.258365366193983
5,melville,692,wells,6.532584110895793
5,melville,692,austen,6.257533220144419
5,melville,692,fitzgerald,6.9628176007952005
5,melville,692,twain,6.734832334518432
5,melville,693,train,4.723423099517822
5,melville,693,baum,6.542525053024292
5,melville,693,thompson,6.95600175857544
5,melville,693,dickens,6.308289178212484
5,melville,693,melville,6.25696161058214
5,melville,693,wells,6.529831171035767
5,melville,693,austen,6.256200460287241
5,melville,693,fitzgerald,6.959980283464704
5,melville,693,twain,6.708497714996338
5,melville,694,train,4.7134349822998045
5,melville,694,baum,6.560660362243652
5,melville,694,thompson,6.982146978378296
5,melville,694,dickens,6.321220413843791
5,melville,694,melville,6.269442876180013
5,melville,694,wells,6.544944365819295
5,melville,694,austen,6.271057018866906
5,melville,694,fitzgerald,6.977898529597691
5,melville,694,twain,6.756224918365478
5,melville,695,train,4.725716304779053
5,melville,695,baum,6.544864535331726
5,melville,695,thompson,6.968324780464172
5,melville,695,dickens,6.308012183507284
5,melville,695,melville,6.260220739576552
5,melville,695,wells,6.529264688491821
5,melville,695,austen,6.252103035266583
5,melville,695,fitzgerald,6.963826315743583
5,melville,695,twain,6.727437591552734
5,melville,696,train,4.747505569458008
5,melville,696,baum,6.553442597389221
5,melville,696,thompson,6.977178573608398
5,melville,696,dickens,6.315655024846395
5,melville,696,melville,6.26317564646403
5,melville,696,wells,6.536181211471558
5,melville,696,austen,6.274042312915508
5,melville,696,fitzgerald,6.974227360316685
5,melville,696,twain,6.751377439498901
5,melville,697,train,4.726468276977539
5,melville,697,baum,6.557658672332764
5,melville,697,thompson,6.980519890785217
5,melville,697,dickens,6.316036399205526
5,melville,697,melville,6.264412032233344
5,melville,697,wells,6.537480592727661
5,melville,697,austen,6.263223464672382
5,melville,697,fitzgerald,6.974567549569266
5,melville,697,twain,6.741534471511841
5,melville,698,train,4.709101676940918
5,melville,698,baum,6.55374002456665
5,melville,698,thompson,6.985146999359131
5,melville,698,dickens,6.309452311197917
5,melville,698,melville,6.263153658972846
5,melville,698,wells,6.535920143127441
5,melville,698,austen,6.260814006511982
5,melville,698,fitzgerald,6.97656181880406
5,melville,698,twain,6.759990787506103
5,melville,699,train,4.71213550567627
5,melville,699,baum,6.5570573806762695
5,melville,699,thompson,6.9898457527160645
5,melville,699,dickens,6.316157261530559
5,melville,699,melville,6.264663643307156
5,melville,699,wells,6.542590459187825
5,melville,699,austen,6.266598811516395
5,melville,699,fitzgerald,6.979502269199917
5,melville,699,twain,6.761058187484741
5,melville,700,train,4.710098648071289
5,melville,700,baum,6.5554410219192505
5,melville,700,thompson,6.983963847160339
5,melville,700,dickens,6.31768274307251
5,melville,700,melville,6.260820812649197
5,melville,700,wells,6.5383734703063965
5,melville,700,austen,6.264225042783297
5,melville,700,fitzgerald,6.975281987871442
5,melville,700,twain,6.742940616607666
5,melville,701,train,4.656827068328857
5,melville,701,baum,6.553336143493652
5,melville,701,thompson,6.984822392463684
5,melville,701,dickens,6.315282471974691
5,melville,701,melville,6.261307822333442
5,melville,701,wells,6.540305534998576
5,melville,701,austen,6.2646864010737495
5,melville,701,fitzgerald,6.97351918901716
5,melville,701,twain,6.749956464767456
5,melville,702,train,4.717660903930664
5,melville,702,baum,6.558729648590088
5,melville,702,thompson,6.989150047302246
5,melville,702,dickens,6.322644805908203
5,melville,702,melville,6.274093151092529
5,melville,702,wells,6.546030203501384
5,melville,702,austen,6.267438815190242
5,melville,702,fitzgerald,6.977589130401611
5,melville,702,twain,6.750529956817627
5,melville,703,train,4.726141834259034
5,melville,703,baum,6.55115807056427
5,melville,703,thompson,6.982658624649048
5,melville,703,dickens,6.305183823903402
5,melville,703,melville,6.256714873843723
5,melville,703,wells,6.530066092809041
5,melville,703,austen,6.253455858964187
5,melville,703,fitzgerald,6.97054876599993
5,melville,703,twain,6.764919710159302
5,melville,704,train,4.686440277099609
5,melville,704,baum,6.560510635375977
5,melville,704,thompson,6.985170602798462
5,melville,704,dickens,6.313177744547526
5,melville,704,melville,6.264847066667345
5,melville,704,wells,6.5394519964853925
5,melville,704,austen,6.261899801400992
5,melville,704,fitzgerald,6.977110862731934
5,melville,704,twain,6.768589639663697
5,melville,705,train,4.693209266662597
5,melville,705,baum,6.561884880065918
5,melville,705,thompson,6.987065553665161
5,melville,705,dickens,6.311618041992188
5,melville,705,melville,6.262576315138075
5,melville,705,wells,6.540689468383789
5,melville,705,austen,6.259663948645959
5,melville,705,fitzgerald,6.980880669185093
5,melville,705,twain,6.764360857009888
5,melville,706,train,4.683695697784424
5,melville,706,baum,6.552923798561096
5,melville,706,thompson,6.986889362335205
5,melville,706,dickens,6.311805089314778
5,melville,706,melville,6.261676099565294
5,melville,706,wells,6.538573106129964
5,melville,706,austen,6.257449626922607
5,melville,706,fitzgerald,6.976597513471331
5,melville,706,twain,6.764022588729858
5,melville,707,train,4.664168453216552
5,melville,707,baum,6.566755175590515
5,melville,707,thompson,6.992997527122498
5,melville,707,dickens,6.320670938491821
5,melville,707,melville,6.270574516720242
5,melville,707,wells,6.550145069758098
5,melville,707,austen,6.268720406752366
5,melville,707,fitzgerald,6.988465445382254
5,melville,707,twain,6.757923126220703
5,melville,708,train,4.701720714569092
5,melville,708,baum,6.551396608352661
5,melville,708,thompson,6.98466420173645
5,melville,708,dickens,6.316431697209676
5,melville,708,melville,6.264889505174425
5,melville,708,wells,6.541409571965535
5,melville,708,austen,6.2602823330805855
5,melville,708,fitzgerald,6.976354530879429
5,melville,708,twain,6.748793315887451
5,melville,709,train,4.689672660827637
5,melville,709,baum,6.565388321876526
5,melville,709,thompson,6.993949174880981
5,melville,709,dickens,6.333461459477743
5,melville,709,melville,6.273282898796929
5,melville,709,wells,6.556720574696858
5,melville,709,austen,6.281405999110295
5,melville,709,fitzgerald,6.989962373461042
5,melville,709,twain,6.736799907684326
5,melville,710,train,4.658008003234864
5,melville,710,baum,6.541879534721375
5,melville,710,thompson,6.97676944732666
5,melville,710,dickens,6.305439631144206
5,melville,710,melville,6.261471377478705
5,melville,710,wells,6.535231908162435
5,melville,710,austen,6.2506435834444485
5,melville,710,fitzgerald,6.963723387037005
5,melville,710,twain,6.761758089065552
5,melville,711,train,4.67242660522461
5,melville,711,baum,6.553819179534912
5,melville,711,thompson,6.988353252410889
5,melville,711,dickens,6.3162254651387535
5,melville,711,melville,6.264315499199761
5,melville,711,wells,6.5450507799784345
5,melville,711,austen,6.267331820267898
5,melville,711,fitzgerald,6.977989741734096
5,melville,711,twain,6.750102186203003
5,melville,712,train,4.679090976715088
5,melville,712,baum,6.557666778564453
5,melville,712,thompson,6.992027640342712
5,melville,712,dickens,6.323789230982462
5,melville,712,melville,6.264209959242079
5,melville,712,wells,6.547026793162028
5,melville,712,austen,6.271280508774978
5,melville,712,fitzgerald,6.980879102434431
5,melville,712,twain,6.757111406326294
5,melville,713,train,4.680404281616211
5,melville,713,baum,6.559901714324951
5,melville,713,thompson,6.993170499801636
5,melville,713,dickens,6.331540536880493
5,melville,713,melville,6.272223366631402
5,melville,713,wells,6.555480400721232
5,melville,713,austen,6.2809134630056525
5,melville,713,fitzgerald,6.985302788870675
5,melville,713,twain,6.74384036064148
5,melville,714,train,4.6689149856567385
5,melville,714,baum,6.560830235481262
5,melville,714,thompson,6.990524172782898
5,melville,714,dickens,6.326116927464804
5,melville,714,melville,6.26834970050388
5,melville,714,wells,6.548086563746135
5,melville,714,austen,6.273095240959754
5,melville,714,fitzgerald,6.980666978018625
5,melville,714,twain,6.750277137756347
5,melville,715,train,4.692126655578614
5,melville,715,baum,6.567988514900208
5,melville,715,thompson,7.002902030944824
5,melville,715,dickens,6.326565345128377
5,melville,715,melville,6.269915951622857
5,melville,715,wells,6.557942231496175
5,melville,715,austen,6.27608269911546
5,melville,715,fitzgerald,6.990694386618478
5,melville,715,twain,6.77186427116394
5,melville,716,train,4.672436046600342
5,melville,716,baum,6.56160306930542
5,melville,716,thompson,6.991465210914612
5,melville,716,dickens,6.3285077253977455
5,melville,716,melville,6.266363196902805
5,melville,716,wells,6.5527184009552
5,melville,716,austen,6.279758049891545
5,melville,716,fitzgerald,6.983966486794608
5,melville,716,twain,6.747642993927002
5,melville,717,train,4.64405460357666
5,melville,717,baum,6.558898210525513
5,melville,717,thompson,6.987346887588501
5,melville,717,dickens,6.323501221338908
5,melville,717,melville,6.264599641164144
5,melville,717,wells,6.548734188079834
5,melville,717,austen,6.268112952892597
5,melville,717,fitzgerald,6.983853816986084
5,melville,717,twain,6.748620653152466
5,melville,718,train,4.660575008392334
5,melville,718,baum,6.5673521757125854
5,melville,718,thompson,6.995593547821045
5,melville,718,dickens,6.3229682127634685
5,melville,718,melville,6.26405652364095
5,melville,718,wells,6.551178773244222
5,melville,718,austen,6.272884955772986
5,melville,718,fitzgerald,6.989555222647531
5,melville,718,twain,6.751833963394165
5,melville,719,train,4.642387580871582
5,melville,719,baum,6.564852476119995
5,melville,719,thompson,6.996227860450745
5,melville,719,dickens,6.322956387201945
5,melville,719,melville,6.272049109141032
5,melville,719,wells,6.551914771397908
5,melville,719,austen,6.2741702519930325
5,melville,719,fitzgerald,6.984169687543597
5,melville,719,twain,6.766306877136231
5,melville,720,train,4.656484317779541
5,melville,720,baum,6.575066447257996
5,melville,720,thompson,7.007293224334717
5,melville,720,dickens,6.33136428197225
5,melville,720,melville,6.273690753512913
5,melville,720,wells,6.562771399815877
5,melville,720,austen,6.283342288090632
5,melville,720,fitzgerald,6.999884946005685
5,melville,720,twain,6.758764982223511
5,melville,721,train,4.663364028930664
5,melville,721,baum,6.560820698738098
5,melville,721,thompson,6.991996645927429
5,melville,721,dickens,6.322916682561239
5,melville,721,melville,6.264622741275364
5,melville,721,wells,6.545785109202067
5,melville,721,austen,6.271547720982478
5,melville,721,fitzgerald,6.982448373522077
5,melville,721,twain,6.754975271224976
5,melville,722,train,4.683236122131348
5,melville,722,baum,6.575080633163452
5,melville,722,thompson,7.003398776054382
5,melville,722,dickens,6.336970806121826
5,melville,722,melville,6.27097569571601
5,melville,722,wells,6.563228209813436
5,melville,722,austen,6.2886971326974725
5,melville,722,fitzgerald,6.999412059783936
5,melville,722,twain,6.753813886642456
5,melville,723,train,4.6645184516906735
5,melville,723,baum,6.574151635169983
5,melville,723,thompson,6.995728492736816
5,melville,723,dickens,6.334821987152099
5,melville,723,melville,6.276322152879503
5,melville,723,wells,6.563724199930827
5,melville,723,austen,6.286790334261381
5,melville,723,fitzgerald,6.998623847961426
5,melville,723,twain,6.743618106842041
5,melville,724,train,4.667105388641358
5,melville,724,baum,6.562150359153748
5,melville,724,thompson,6.990536689758301
5,melville,724,dickens,6.314411608378093
5,melville,724,melville,6.261631117926704
5,melville,724,wells,6.546899795532227
5,melville,724,austen,6.263392998622014
5,melville,724,fitzgerald,6.9898006575448175
5,melville,724,twain,6.765919971466064
5,melville,725,train,4.633784866333008
5,melville,725,baum,6.571900486946106
5,melville,725,thompson,7.00138795375824
5,melville,725,dickens,6.330638138453166
5,melville,725,melville,6.273115105099148
5,melville,725,wells,6.561979532241821
5,melville,725,austen,6.284039607414832
5,melville,725,fitzgerald,6.995794296264648
5,melville,725,twain,6.758547449111939
5,melville,726,train,4.626659679412842
5,melville,726,baum,6.569175481796265
5,melville,726,thompson,7.001423954963684
5,melville,726,dickens,6.330204153060913
5,melville,726,melville,6.271957821316189
5,melville,726,wells,6.56405234336853
5,melville,726,austen,6.284554774944599
5,melville,726,fitzgerald,6.996796539851597
5,melville,726,twain,6.751419305801392
5,melville,727,train,4.619764995574951
5,melville,727,baum,6.57899284362793
5,melville,727,thompson,7.013996124267578
5,melville,727,dickens,6.329938459396362
5,melville,727,melville,6.273432784610325
5,melville,727,wells,6.565543413162232
5,melville,727,austen,6.281621382786677
5,melville,727,fitzgerald,7.003518240792411
5,melville,727,twain,6.778719520568847
5,melville,728,train,4.666001987457276
5,melville,728,baum,6.569449186325073
5,melville,728,thompson,7.005819320678711
5,melville,728,dickens,6.323052374521891
5,melville,728,melville,6.267945501539442
5,melville,728,wells,6.552933931350708
5,melville,728,austen,6.271651451404278
5,melville,728,fitzgerald,6.995585100991385
5,melville,728,twain,6.768499946594238
5,melville,729,train,4.623783683776855
5,melville,729,baum,6.574933648109436
5,melville,729,thompson,7.003451943397522
5,melville,729,dickens,6.32928237915039
5,melville,729,melville,6.272437890370687
5,melville,729,wells,6.562041918436687
5,melville,729,austen,6.2814207810622
5,melville,729,fitzgerald,6.993991715567453
5,melville,729,twain,6.771458625793457
5,melville,730,train,4.67119607925415
5,melville,730,baum,6.575848817825317
5,melville,730,thompson,7.00890851020813
5,melville,730,dickens,6.328310934702556
5,melville,730,melville,6.273184140523274
5,melville,730,wells,6.561803817749023
5,melville,730,austen,6.2835493454566365
5,melville,730,fitzgerald,6.998202800750732
5,melville,730,twain,6.771229028701782
5,melville,731,train,4.616914558410644
5,melville,731,baum,6.571085572242737
5,melville,731,thompson,7.006202578544617
5,melville,731,dickens,6.326711082458496
5,melville,731,melville,6.267483181423611
5,melville,731,wells,6.56102720896403
5,melville,731,austen,6.276727052835318
5,melville,731,fitzgerald,6.997037274496896
5,melville,731,twain,6.769186401367188
5,melville,732,train,4.6575806617736815
5,melville,732,baum,6.580944657325745
5,melville,732,thompson,7.011020302772522
5,melville,732,dickens,6.341084178288778
5,melville,732,melville,6.269868638780382
5,melville,732,wells,6.569416284561157
5,melville,732,austen,6.293552802159236
5,melville,732,fitzgerald,7.003204073224749
5,melville,732,twain,6.756565475463868
5,melville,733,train,4.578834438323975
5,melville,733,baum,6.5736647844314575
5,melville,733,thompson,6.9999823570251465
5,melville,733,dickens,6.331255420049032
5,melville,733,melville,6.268123732672797
5,melville,733,wells,6.561216354370117
5,melville,733,austen,6.281424779158372
5,melville,733,fitzgerald,6.994946616036551
5,melville,733,twain,6.7645515441894535
5,melville,734,train,4.631052589416504
5,melville,734,baum,6.572661876678467
5,melville,734,thompson,7.005979061126709
5,melville,734,dickens,6.340247742335001
5,melville,734,melville,6.268353992038303
5,melville,734,wells,6.568547089894612
5,melville,734,austen,6.288045186262864
5,melville,734,fitzgerald,6.999828406742641
5,melville,734,twain,6.744394683837891
5,melville,735,train,4.633981418609619
5,melville,735,baum,6.568524122238159
5,melville,735,thompson,7.008113622665405
5,melville,735,dickens,6.330973704655965
5,melville,735,melville,6.270535628000896
5,melville,735,wells,6.564508676528931
5,melville,735,austen,6.28465828528771
5,melville,735,fitzgerald,7.000376088278634
5,melville,735,twain,6.76711254119873
5,melville,736,train,4.626004028320312
5,melville,736,baum,6.572200417518616
5,melville,736,thompson,7.008681058883667
5,melville,736,dickens,6.3296460469563804
5,melville,736,melville,6.267209106021458
5,melville,736,wells,6.563872337341309
5,melville,736,austen,6.281485777634841
5,melville,736,fitzgerald,6.998610700879778
5,melville,736,twain,6.761084699630738
5,melville,737,train,4.618126296997071
5,melville,737,baum,6.582039475440979
5,melville,737,thompson,7.011786580085754
5,melville,737,dickens,6.336830282211304
5,melville,737,melville,6.2721231778462725
5,melville,737,wells,6.565992116928101
5,melville,737,austen,6.285431421720064
5,melville,737,fitzgerald,7.00464221409389
5,melville,737,twain,6.776922082901001
5,melville,738,train,4.622176265716552
5,melville,738,baum,6.571953177452087
5,melville,738,thompson,7.007354021072388
5,melville,738,dickens,6.324622090657552
5,melville,738,melville,6.2687182956271705
5,melville,738,wells,6.558314561843872
5,melville,738,austen,6.273191378666804
5,melville,738,fitzgerald,6.999294825962612
5,melville,738,twain,6.779133796691895
5,melville,739,train,4.632295608520508
5,melville,739,baum,6.579212069511414
5,melville,739,thompson,7.010363340377808
5,melville,739,dickens,6.334058014551799
5,melville,739,melville,6.267202271355523
5,melville,739,wells,6.5630589326222735
5,melville,739,austen,6.280916067270132
5,melville,739,fitzgerald,7.0029570715768
5,melville,739,twain,6.760206604003907
5,melville,740,train,4.620722770690918
5,melville,740,baum,6.588398575782776
5,melville,740,thompson,7.016436219215393
5,melville,740,dickens,6.346303129196167
5,melville,740,melville,6.271783934699164
5,melville,740,wells,6.573655764261882
5,melville,740,austen,6.294892934652475
5,melville,740,fitzgerald,7.011768136705671
5,melville,740,twain,6.771993970870971
5,melville,741,train,4.642007732391358
5,melville,741,baum,6.59004545211792
5,melville,741,thompson,7.021965384483337
5,melville,741,dickens,6.337868992487589
5,melville,741,melville,6.272315661112468
5,melville,741,wells,6.570496082305908
5,melville,741,austen,6.285357218522292
5,melville,741,fitzgerald,7.014285223824637
5,melville,741,twain,6.794816827774048
5,melville,742,train,4.615022373199463
5,melville,742,baum,6.5794438123703
5,melville,742,thompson,7.005480051040649
5,melville,742,dickens,6.336113039652506
5,melville,742,melville,6.2697679201761884
5,melville,742,wells,6.569307804107666
5,melville,742,austen,6.289554485907922
5,melville,742,fitzgerald,7.004800932747977
5,melville,742,twain,6.76534366607666
5,melville,743,train,4.610034370422364
5,melville,743,baum,6.585344076156616
5,melville,743,thompson,7.020509719848633
5,melville,743,dickens,6.347444295883179
5,melville,743,melville,6.285128010643853
5,melville,743,wells,6.586009899775188
5,melville,743,austen,6.296836046072153
5,melville,743,fitzgerald,7.014162267957415
5,melville,743,twain,6.764605903625489
5,melville,744,train,4.6332399368286135
5,melville,744,baum,6.574986815452576
5,melville,744,thompson,7.010383725166321
5,melville,744,dickens,6.3349799633026125
5,melville,744,melville,6.2643435266282825
5,melville,744,wells,6.567389647165935
5,melville,744,austen,6.2851780744699335
5,melville,744,fitzgerald,7.003451483590262
5,melville,744,twain,6.773427152633667
5,melville,745,train,4.628183174133301
5,melville,745,baum,6.587781190872192
5,melville,745,thompson,7.024232268333435
5,melville,745,dickens,6.3395648956298825
5,melville,745,melville,6.272143681844075
5,melville,745,wells,6.5798007647196455
5,melville,745,austen,6.29306305371798
5,melville,745,fitzgerald,7.017293930053711
5,melville,745,twain,6.784522247314453
5,melville,746,train,4.5849322319030765
5,melville,746,baum,6.582271218299866
5,melville,746,thompson,7.01980447769165
5,melville,746,dickens,6.339808607101441
5,melville,746,melville,6.270819399091932
5,melville,746,wells,6.572389602661133
5,melville,746,austen,6.289653007800762
5,melville,746,fitzgerald,7.007654394422259
5,melville,746,twain,6.78691930770874
5,melville,747,train,4.584971237182617
5,melville,747,baum,6.584714293479919
5,melville,747,thompson,7.013240694999695
5,melville,747,dickens,6.346984243392944
5,melville,747,melville,6.275451713138157
5,melville,747,wells,6.576701482137044
5,melville,747,austen,6.295811543097863
5,melville,747,fitzgerald,7.0090475763593405
5,melville,747,twain,6.7707466125488285
5,melville,748,train,4.626043701171875
5,melville,748,baum,6.58381986618042
5,melville,748,thompson,7.02439022064209
5,melville,748,dickens,6.34736541112264
5,melville,748,melville,6.272612518734402
5,melville,748,wells,6.582418759663899
5,melville,748,austen,6.299780112046462
5,melville,748,fitzgerald,7.013293947492327
5,melville,748,twain,6.772201681137085
5,melville,749,train,4.591350173950195
5,melville,749,baum,6.588544487953186
5,melville,749,thompson,7.030614256858826
5,melville,749,dickens,6.337879149119059
5,melville,749,melville,6.275802612304688
5,melville,749,wells,6.577194690704346
5,melville,749,austen,6.289750209221473
5,melville,749,fitzgerald,7.015069144112723
5,melville,749,twain,6.799720430374146
5,melville,750,train,4.596914958953858
5,melville,750,baum,6.5832778215408325
5,melville,750,thompson,7.025152325630188
5,melville,750,dickens,6.344679896036784
5,melville,750,melville,6.275485144721137
5,melville,750,wells,6.581713517506917
5,melville,750,austen,6.297777872819167
5,melville,750,fitzgerald,7.016761779785156
5,melville,750,twain,6.78163366317749
5,melville,751,train,4.593797302246093
5,melville,751,baum,6.590358376502991
5,melville,751,thompson,7.030102491378784
5,melville,751,dickens,6.349138816197713
5,melville,751,melville,6.276544941796197
5,melville,751,wells,6.586221059163411
5,melville,751,austen,6.298949865194468
5,melville,751,fitzgerald,7.0209969111851285
5,melville,751,twain,6.779159736633301
5,melville,752,train,4.590111827850341
5,melville,752,baum,6.589100360870361
5,melville,752,thompson,7.0206732749938965
5,melville,752,dickens,6.350014034907023
5,melville,752,melville,6.275718477037218
5,melville,752,wells,6.5831732749938965
5,melville,752,austen,6.299009213080773
5,melville,752,fitzgerald,7.016665526798794
5,melville,752,twain,6.77068338394165
5,melville,753,train,4.569832992553711
5,melville,753,baum,6.590129017829895
5,melville,753,thompson,7.028506755828857
5,melville,753,dickens,6.344134712219239
5,melville,753,melville,6.2747716373867455
5,melville,753,wells,6.58146333694458
5,melville,753,austen,6.29608047925509
5,melville,753,fitzgerald,7.0178070068359375
5,melville,753,twain,6.79968843460083
5,melville,754,train,4.590545749664306
5,melville,754,baum,6.586098313331604
5,melville,754,thompson,7.022298336029053
5,melville,754,dickens,6.34866771697998
5,melville,754,melville,6.275122695498997
5,melville,754,wells,6.58111310005188
5,melville,754,austen,6.299770465263953
5,melville,754,fitzgerald,7.015039375850132
5,melville,754,twain,6.762120437622071
5,melville,755,train,4.607692909240723
5,melville,755,baum,6.588331937789917
5,melville,755,thompson,7.022427916526794
5,melville,755,dickens,6.345624462763468
5,melville,755,melville,6.274278693728977
5,melville,755,wells,6.578922828038533
5,melville,755,austen,6.299801092881423
5,melville,755,fitzgerald,7.017554215022495
5,melville,755,twain,6.773871564865113
5,melville,756,train,4.6003752708435055
5,melville,756,baum,6.588338255882263
5,melville,756,thompson,7.023670196533203
5,melville,756,dickens,6.341135501861572
5,melville,756,melville,6.27373743057251
5,melville,756,wells,6.578618129094441
5,melville,756,austen,6.29656692651602
5,melville,756,fitzgerald,7.014618464878628
5,melville,756,twain,6.785861492156982
5,melville,757,train,4.602611255645752
5,melville,757,baum,6.59406042098999
5,melville,757,thompson,7.032301425933838
5,melville,757,dickens,6.351690498987834
5,melville,757,melville,6.277805222405328
5,melville,757,wells,6.587759415308635
5,melville,757,austen,6.307837963104248
5,melville,757,fitzgerald,7.024764810289655
5,melville,757,twain,6.790755033493042
5,melville,758,train,4.578050708770752
5,melville,758,baum,6.591151237487793
5,melville,758,thompson,7.029604554176331
5,melville,758,dickens,6.346842988332113
5,melville,758,melville,6.276383346981472
5,melville,758,wells,6.584921598434448
5,melville,758,austen,6.2978781920212965
5,melville,758,fitzgerald,7.018565654754639
5,melville,758,twain,6.788017177581788
5,melville,759,train,4.607409381866455
5,melville,759,baum,6.602147936820984
5,melville,759,thompson,7.0462682247161865
5,melville,759,dickens,6.35599144299825
5,melville,759,melville,6.282480504777697
5,melville,759,wells,6.588686227798462
5,melville,759,austen,6.308828023763804
5,melville,759,fitzgerald,7.031848498753139
5,melville,759,twain,6.817171335220337
5,melville,760,train,4.603381156921387
5,melville,760,baum,6.589217305183411
5,melville,760,thompson,7.027621030807495
5,melville,760,dickens,6.338937520980835
5,melville,760,melville,6.27362044652303
5,melville,760,wells,6.578643798828125
5,melville,760,austen,6.294184611393855
5,melville,760,fitzgerald,7.018326827457973
5,melville,760,twain,6.796231269836426
5,melville,761,train,4.577276802062988
5,melville,761,baum,6.604507923126221
5,melville,761,thompson,7.046311020851135
5,melville,761,dickens,6.355987278620402
5,melville,761,melville,6.281296730041504
5,melville,761,wells,6.591134707132976
5,melville,761,austen,6.309686917525071
5,melville,761,fitzgerald,7.038478033883231
5,melville,761,twain,6.804312324523925
5,melville,762,train,4.57919282913208
5,melville,762,baum,6.592706084251404
5,melville,762,thompson,7.023631930351257
5,melville,762,dickens,6.348049974441528
5,melville,762,melville,6.277288542853461
5,melville,762,wells,6.581814448038737
5,melville,762,austen,6.297702165750357
5,melville,762,fitzgerald,7.018724986485073
5,melville,762,twain,6.792370367050171
5,melville,763,train,4.551991939544678
5,melville,763,baum,6.595394730567932
5,melville,763,thompson,7.034416079521179
5,melville,763,dickens,6.352741527557373
5,melville,763,melville,6.277268356747097
5,melville,763,wells,6.586869955062866
5,melville,763,austen,6.3019866943359375
5,melville,763,fitzgerald,7.028941222599575
5,melville,763,twain,6.794828176498413
5,melville,764,train,4.573395156860352
5,melville,764,baum,6.596932888031006
5,melville,764,thompson,7.037199258804321
5,melville,764,dickens,6.352699454625448
5,melville,764,melville,6.28242376115587
5,melville,764,wells,6.586479425430298
5,melville,764,austen,6.300441815302922
5,melville,764,fitzgerald,7.026543617248535
5,melville,764,twain,6.788775205612183
5,melville,765,train,4.573369693756104
5,melville,765,baum,6.606906056404114
5,melville,765,thompson,7.043161392211914
5,melville,765,dickens,6.363137181599935
5,melville,765,melville,6.286263147989909
5,melville,765,wells,6.602457205454509
5,melville,765,austen,6.317975777846116
5,melville,765,fitzgerald,7.035064629146031
5,melville,765,twain,6.783297824859619
5,melville,766,train,4.583219146728515
5,melville,766,baum,6.600144863128662
5,melville,766,thompson,7.038577079772949
5,melville,766,dickens,6.366134770711263
5,melville,766,melville,6.285897678799099
5,melville,766,wells,6.598035335540772
5,melville,766,austen,6.313257474165696
5,melville,766,fitzgerald,7.032993929726737
5,melville,766,twain,6.781652545928955
5,melville,767,train,4.548869991302491
5,melville,767,baum,6.60451352596283
5,melville,767,thompson,7.037182211875916
5,melville,767,dickens,6.352757676442464
5,melville,767,melville,6.278006341722277
5,melville,767,wells,6.594682614008586
5,melville,767,austen,6.309101324815017
5,melville,767,fitzgerald,7.0316435268947055
5,melville,767,twain,6.804065847396851
5,melville,768,train,4.5443390846252445
5,melville,768,baum,6.604172945022583
5,melville,768,thompson,7.039695143699646
5,melville,768,dickens,6.361243772506714
5,melville,768,melville,6.279962698618571
5,melville,768,wells,6.593336423238118
5,melville,768,austen,6.307308637178862
5,melville,768,fitzgerald,7.030437878199986
5,melville,768,twain,6.78730878829956
5,melville,769,train,4.593862533569336
5,melville,769,baum,6.60095489025116
5,melville,769,thompson,7.026324272155762
5,melville,769,dickens,6.355088710784912
5,melville,769,melville,6.279155148400201
5,melville,769,wells,6.589248259862264
5,melville,769,austen,6.3092092000521145
5,melville,769,fitzgerald,7.023433549063546
5,melville,769,twain,6.782664394378662
5,melville,770,train,4.54973611831665
5,melville,770,baum,6.600653171539307
5,melville,770,thompson,7.040443062782288
5,melville,770,dickens,6.349277226130168
5,melville,770,melville,6.27728435728285
5,melville,770,wells,6.586608966191609
5,melville,770,austen,6.297787739680364
5,melville,770,fitzgerald,7.030995641435895
5,melville,770,twain,6.814702987670898
5,melville,771,train,4.570398712158204
5,melville,771,baum,6.6053900718688965
5,melville,771,thompson,7.038174390792847
5,melville,771,dickens,6.353300825754801
5,melville,771,melville,6.2775313589308
5,melville,771,wells,6.58538540204366
5,melville,771,austen,6.301888906038725
5,melville,771,fitzgerald,7.030917848859515
5,melville,771,twain,6.787907886505127
5,melville,772,train,4.5247515678405765
5,melville,772,baum,6.608782052993774
5,melville,772,thompson,7.039438128471375
5,melville,772,dickens,6.361684306462606
5,melville,772,melville,6.285232332017687
5,melville,772,wells,6.595611810684204
5,melville,772,austen,6.310999173384446
5,melville,772,fitzgerald,7.031624453408377
5,melville,772,twain,6.801513624191284
5,melville,773,train,4.603738117218017
5,melville,773,baum,6.606254816055298
5,melville,773,thompson,7.034906506538391
5,melville,773,dickens,6.3644688606262205
5,melville,773,melville,6.28093073103163
5,melville,773,wells,6.603746334711711
5,melville,773,austen,6.318687732403095
5,melville,773,fitzgerald,7.031936304909842
5,melville,773,twain,6.788994216918946
5,melville,774,train,4.580217075347901
5,melville,774,baum,6.609241604804993
5,melville,774,thompson,7.041661858558655
5,melville,774,dickens,6.359724998474121
5,melville,774,melville,6.282344235314263
5,melville,774,wells,6.593589544296265
5,melville,774,austen,6.30625581741333
5,melville,774,fitzgerald,7.037015914916992
5,melville,774,twain,6.812142419815063
5,melville,775,train,4.57341775894165
5,melville,775,baum,6.61861526966095
5,melville,775,thompson,7.051163673400879
5,melville,775,dickens,6.35567676226298
5,melville,775,melville,6.28770653406779
5,melville,775,wells,6.5960118770599365
5,melville,775,austen,6.306753672086275
5,melville,775,fitzgerald,7.040028027125767
5,melville,775,twain,6.84192123413086
5,melville,776,train,4.556753921508789
5,melville,776,baum,6.615488052368164
5,melville,776,thompson,7.0501389503479
5,melville,776,dickens,6.365875339508056
5,melville,776,melville,6.289600319332546
5,melville,776,wells,6.595740795135498
5,melville,776,austen,6.315031858590933
5,melville,776,fitzgerald,7.039313316345215
5,melville,776,twain,6.816910457611084
5,melville,777,train,4.530999279022216
5,melville,777,baum,6.61816143989563
5,melville,777,thompson,7.054262757301331
5,melville,777,dickens,6.364734109242757
5,melville,777,melville,6.28674512439304
5,melville,777,wells,6.604957342147827
5,melville,777,austen,6.320509030268743
5,melville,777,fitzgerald,7.041763578142438
5,melville,777,twain,6.815553045272827
5,melville,778,train,4.556609916687012
5,melville,778,baum,6.615947604179382
5,melville,778,thompson,7.0537015199661255
5,melville,778,dickens,6.3699713230133055
5,melville,778,melville,6.290422651502821
5,melville,778,wells,6.602551698684692
5,melville,778,austen,6.317019572624793
5,melville,778,fitzgerald,7.041229452405657
5,melville,778,twain,6.81097469329834
5,melville,779,train,4.522121524810791
5,melville,779,baum,6.617747783660889
5,melville,779,thompson,7.0561134815216064
5,melville,779,dickens,6.369447962443034
5,melville,779,melville,6.287150594923231
5,melville,779,wells,6.602855126063029
5,melville,779,austen,6.316728701958289
5,melville,779,fitzgerald,7.046902656555176
5,melville,779,twain,6.819068431854248
5,melville,780,train,4.540097045898437
5,melville,780,baum,6.606832027435303
5,melville,780,thompson,7.046155333518982
5,melville,780,dickens,6.36640559832255
5,melville,780,melville,6.28349510828654
5,melville,780,wells,6.60163164138794
5,melville,780,austen,6.314895373124343
5,melville,780,fitzgerald,7.03700419834682
5,melville,780,twain,6.802220869064331
5,melville,781,train,4.575758266448974
5,melville,781,baum,6.613863825798035
5,melville,781,thompson,7.055431127548218
5,melville,781,dickens,6.36558346748352
5,melville,781,melville,6.288396040598552
5,melville,781,wells,6.601229508717855
5,melville,781,austen,6.313037505516639
5,melville,781,fitzgerald,7.043123858315604
5,melville,781,twain,6.818501901626587
5,melville,782,train,4.5212931632995605
5,melville,782,baum,6.607532978057861
5,melville,782,thompson,7.047567963600159
5,melville,782,dickens,6.361003510157267
5,melville,782,melville,6.284160402086046
5,melville,782,wells,6.596007188161214
5,melville,782,austen,6.314094286698562
5,melville,782,fitzgerald,7.035799980163574
5,melville,782,twain,6.813161373138428
5,melville,783,train,4.529040050506592
5,melville,783,baum,6.609376192092896
5,melville,783,thompson,7.048224449157715
5,melville,783,dickens,6.368811877568563
5,melville,783,melville,6.283067067464192
5,melville,783,wells,6.602502743403117
5,melville,783,austen,6.316505358769343
5,melville,783,fitzgerald,7.043359824589321
5,melville,783,twain,6.792994356155395
5,melville,784,train,4.537601184844971
5,melville,784,baum,6.617350220680237
5,melville,784,thompson,7.056415557861328
5,melville,784,dickens,6.372603623072306
5,melville,784,melville,6.285117944081624
5,melville,784,wells,6.605328400929769
5,melville,784,austen,6.321505069732666
5,melville,784,fitzgerald,7.047306741986956
5,melville,784,twain,6.797784328460693
5,melville,785,train,4.521076393127442
5,melville,785,baum,6.616639614105225
5,melville,785,thompson,7.054161548614502
5,melville,785,dickens,6.368826166788737
5,melville,785,melville,6.289940516153972
5,melville,785,wells,6.606779336929321
5,melville,785,austen,6.313371181488037
5,melville,785,fitzgerald,7.039673737117222
5,melville,785,twain,6.8234450340271
5,melville,786,train,4.564231109619141
5,melville,786,baum,6.630044341087341
5,melville,786,thompson,7.064229607582092
5,melville,786,dickens,6.378523604075114
5,melville,786,melville,6.292415724860297
5,melville,786,wells,6.621020793914795
5,melville,786,austen,6.330200745509221
5,melville,786,fitzgerald,7.056731224060059
5,melville,786,twain,6.792810297012329
5,melville,787,train,4.546242809295654
5,melville,787,baum,6.617515325546265
5,melville,787,thompson,7.059571862220764
5,melville,787,dickens,6.368060461680094
5,melville,787,melville,6.285887294345432
5,melville,787,wells,6.601402839024861
5,melville,787,austen,6.317407974830041
5,melville,787,fitzgerald,7.047679288046701
5,melville,787,twain,6.825148820877075
5,melville,788,train,4.54636812210083
5,melville,788,baum,6.62905752658844
5,melville,788,thompson,7.059062600135803
5,melville,788,dickens,6.376157410939535
5,melville,788,melville,6.293046209547255
5,melville,788,wells,6.613533020019531
5,melville,788,austen,6.329216993772066
5,melville,788,fitzgerald,7.053085940224784
5,melville,788,twain,6.804962921142578
5,melville,789,train,4.522000885009765
5,melville,789,baum,6.6218022108078
5,melville,789,thompson,7.063828229904175
5,melville,789,dickens,6.354673369725545
5,melville,789,melville,6.285031848483616
5,melville,789,wells,6.599893093109131
5,melville,789,austen,6.307239092313326
5,melville,789,fitzgerald,7.046286242348807
5,melville,789,twain,6.837474012374878
5,melville,790,train,4.560592269897461
5,melville,790,baum,6.620656609535217
5,melville,790,thompson,7.059507727622986
5,melville,790,dickens,6.381229654947917
5,melville,790,melville,6.28774897257487
5,melville,790,wells,6.613377809524536
5,melville,790,austen,6.334204233609713
5,melville,790,fitzgerald,7.051271098000663
5,melville,790,twain,6.797702360153198
5,melville,791,train,4.477372455596924
5,melville,791,baum,6.62095582485199
5,melville,791,thompson,7.059723138809204
5,melville,791,dickens,6.376834090550741
5,melville,791,melville,6.294131649865045
5,melville,791,wells,6.613653262456258
5,melville,791,austen,6.327347351954534
5,melville,791,fitzgerald,7.049649783543178
5,melville,791,twain,6.809460687637329
5,melville,792,train,4.522445392608643
5,melville,792,baum,6.6239093542099
5,melville,792,thompson,7.061133503913879
5,melville,792,dickens,6.371589628855388
5,melville,792,melville,6.285561932457818
5,melville,792,wells,6.611385345458984
5,melville,792,austen,6.32371737406804
5,melville,792,fitzgerald,7.049703461783273
5,melville,792,twain,6.8200414180755615
5,melville,793,train,4.522429180145264
5,melville,793,baum,6.62318766117096
5,melville,793,thompson,7.072096109390259
5,melville,793,dickens,6.377983872095744
5,melville,793,melville,6.297597196367052
5,melville,793,wells,6.6176808675130205
5,melville,793,austen,6.330417669736422
5,melville,793,fitzgerald,7.055599553244455
5,melville,793,twain,6.816092491149902
5,melville,794,train,4.486685466766358
5,melville,794,baum,6.625408887863159
5,melville,794,thompson,7.069592952728272
5,melville,794,dickens,6.373321374257405
5,melville,794,melville,6.288341416252984
5,melville,794,wells,6.607713381449382
5,melville,794,austen,6.323307880988488
5,melville,794,fitzgerald,7.055665629250663
5,melville,794,twain,6.821573305130005
5,melville,795,train,4.510642719268799
5,melville,795,baum,6.631253361701965
5,melville,795,thompson,7.071212410926819
5,melville,795,dickens,6.381115293502807
5,melville,795,melville,6.294542524549696
5,melville,795,wells,6.622965256373088
5,melville,795,austen,6.333069691291223
5,melville,795,fitzgerald,7.065707751682827
5,melville,795,twain,6.811492443084717
5,melville,796,train,4.512638568878174
5,melville,796,baum,6.626481056213379
5,melville,796,thompson,7.065775632858276
5,melville,796,dickens,6.380542023976644
5,melville,796,melville,6.295240985022651
5,melville,796,wells,6.6217483679453535
5,melville,796,austen,6.329505626971905
5,melville,796,fitzgerald,7.062330859048026
5,melville,796,twain,6.828210115432739
5,melville,797,train,4.45137128829956
5,melville,797,baum,6.634012579917908
5,melville,797,thompson,7.074654698371887
5,melville,797,dickens,6.38045007387797
5,melville,797,melville,6.29792669084337
5,melville,797,wells,6.631072441736857
5,melville,797,austen,6.334515278155987
5,melville,797,fitzgerald,7.070446423121861
5,melville,797,twain,6.820453214645386
5,melville,798,train,4.470002746582031
5,melville,798,baum,6.627908110618591
5,melville,798,thompson,7.067600131034851
5,melville,798,dickens,6.384702603022258
5,melville,798,melville,6.28920136557685
5,melville,798,wells,6.620366096496582
5,melville,798,austen,6.330864576193003
5,melville,798,fitzgerald,7.06290796824864
5,melville,798,twain,6.821467590332031
5,melville,799,train,4.489658832550049
5,melville,799,baum,6.6322021484375
5,melville,799,thompson,7.072574496269226
5,melville,799,dickens,6.386706288655599
5,melville,799,melville,6.29630872938368
5,melville,799,wells,6.621495723724365
5,melville,799,austen,6.333547115325928
5,melville,799,fitzgerald,7.06271893637521
5,melville,799,twain,6.810925626754761
5,melville,800,train,4.526764297485352
5,melville,800,baum,6.630564451217651
5,melville,800,thompson,7.065794110298157
5,melville,800,dickens,6.39125459988912
5,melville,800,melville,6.293759875827366
5,melville,800,wells,6.623932123184204
5,melville,800,austen,6.334263434776893
5,melville,800,fitzgerald,7.05825069972447
5,melville,800,twain,6.794189167022705
5,melville,801,train,4.503601360321045
5,melville,801,baum,6.637466549873352
5,melville,801,thompson,7.070237040519714
5,melville,801,dickens,6.38474899927775
5,melville,801,melville,6.294928126864964
5,melville,801,wells,6.621306339899699
5,melville,801,austen,6.334005539233868
5,melville,801,fitzgerald,7.062879426138742
5,melville,801,twain,6.814361715316773
5,melville,802,train,4.4664843559265135
5,melville,802,baum,6.645860314369202
5,melville,802,thompson,7.08555793762207
5,melville,802,dickens,6.384796492258707
5,melville,802,melville,6.2947665850321455
5,melville,802,wells,6.62850284576416
5,melville,802,austen,6.3341306539682245
5,melville,802,fitzgerald,7.070606436048236
5,melville,802,twain,6.84194917678833
5,melville,803,train,4.50838794708252
5,melville,803,baum,6.638264536857605
5,melville,803,thompson,7.080894470214844
5,melville,803,dickens,6.382855558395386
5,melville,803,melville,6.298320293426514
5,melville,803,wells,6.624250094095866
5,melville,803,austen,6.334639916053185
5,melville,803,fitzgerald,7.066661698477609
5,melville,803,twain,6.823551273345947
5,melville,804,train,4.486869430541992
5,melville,804,baum,6.631111145019531
5,melville,804,thompson,7.076962113380432
5,melville,804,dickens,6.37958304087321
5,melville,804,melville,6.290692594316271
5,melville,804,wells,6.620784680048625
5,melville,804,austen,6.331944318918081
5,melville,804,fitzgerald,7.064716475350516
5,melville,804,twain,6.820013189315796
5,melville,805,train,4.474811935424805
5,melville,805,baum,6.6365509033203125
5,melville,805,thompson,7.0752421617507935
5,melville,805,dickens,6.379281918207805
5,melville,805,melville,6.294977294074164
5,melville,805,wells,6.625950654347737
5,melville,805,austen,6.332101051624004
5,melville,805,fitzgerald,7.0680051531110495
5,melville,805,twain,6.822486019134521
5,melville,806,train,4.469195938110351
5,melville,806,baum,6.6336987018585205
5,melville,806,thompson,7.0785300731658936
5,melville,806,dickens,6.38800360361735
5,melville,806,melville,6.295811070336236
5,melville,806,wells,6.630687157313029
5,melville,806,austen,6.334994096022386
5,melville,806,fitzgerald,7.067955085209438
5,melville,806,twain,6.823940563201904
5,melville,807,train,4.485152626037598
5,melville,807,baum,6.64141833782196
5,melville,807,thompson,7.088701844215393
5,melville,807,dickens,6.380641921361288
5,melville,807,melville,6.298783355289036
5,melville,807,wells,6.632055203119914
5,melville,807,austen,6.335096139174241
5,melville,807,fitzgerald,7.074915817805699
5,melville,807,twain,6.841742515563965
5,melville,808,train,4.482077789306641
5,melville,808,baum,6.638362169265747
5,melville,808,thompson,7.078867197036743
5,melville,808,dickens,6.3865466276804606
5,melville,808,melville,6.295332802666558
5,melville,808,wells,6.625584920247396
5,melville,808,austen,6.338285702925462
5,melville,808,fitzgerald,7.0714457375662665
5,melville,808,twain,6.838432168960571
5,melville,809,train,4.49588565826416
5,melville,809,baum,6.640740513801575
5,melville,809,thompson,7.083454251289368
5,melville,809,dickens,6.385026184717814
5,melville,809,melville,6.299855868021647
5,melville,809,wells,6.627981901168823
5,melville,809,austen,6.336319593282846
5,melville,809,fitzgerald,7.0736893926348
5,melville,809,twain,6.833061408996582
5,melville,810,train,4.473214054107666
5,melville,810,baum,6.638450622558594
5,melville,810,thompson,7.0757070779800415
5,melville,810,dickens,6.391057173411052
5,melville,810,melville,6.29476605521308
5,melville,810,wells,6.628542184829712
5,melville,810,austen,6.341054439544678
5,melville,810,fitzgerald,7.070504665374756
5,melville,810,twain,6.823685979843139
5,melville,811,train,4.480434894561768
5,melville,811,baum,6.648795962333679
5,melville,811,thompson,7.087857007980347
5,melville,811,dickens,6.393361981709798
5,melville,811,melville,6.300122367011176
5,melville,811,wells,6.637526671091716
5,melville,811,austen,6.350210629976713
5,melville,811,fitzgerald,7.079047884259905
5,melville,811,twain,6.828729104995728
5,melville,812,train,4.465809440612793
5,melville,812,baum,6.6485209465026855
5,melville,812,thompson,7.093560695648193
5,melville,812,dickens,6.388860130310059
5,melville,812,melville,6.304461850060357
5,melville,812,wells,6.632346550623576
5,melville,812,austen,6.338450321784387
5,melville,812,fitzgerald,7.078515529632568
5,melville,812,twain,6.846589803695679
5,melville,813,train,4.471403980255127
5,melville,813,baum,6.632521033287048
5,melville,813,thompson,7.074136972427368
5,melville,813,dickens,6.376944589614868
5,melville,813,melville,6.291726218329536
5,melville,813,wells,6.625021855036418
5,melville,813,austen,6.332710852989783
5,melville,813,fitzgerald,7.06604528427124
5,melville,813,twain,6.832261085510254
5,melville,814,train,4.499464893341065
5,melville,814,baum,6.645124316215515
5,melville,814,thompson,7.077533006668091
5,melville,814,dickens,6.393512614568075
5,melville,814,melville,6.299792554643419
5,melville,814,wells,6.638012568155925
5,melville,814,austen,6.3447867540212775
5,melville,814,fitzgerald,7.078093324388776
5,melville,814,twain,6.823783349990845
5,melville,815,train,4.447188758850098
5,melville,815,baum,6.635812163352966
5,melville,815,thompson,7.071614742279053
5,melville,815,dickens,6.393257506688436
5,melville,815,melville,6.297476556566027
5,melville,815,wells,6.631093422571818
5,melville,815,austen,6.342580575209397
5,melville,815,fitzgerald,7.07143919808524
5,melville,815,twain,6.806553220748901
5,melville,816,train,4.442252826690674
5,melville,816,baum,6.650636076927185
5,melville,816,thompson,7.090885877609253
5,melville,816,dickens,6.394854497909546
5,melville,816,melville,6.303025245666504
5,melville,816,wells,6.642191092173259
5,melville,816,austen,6.351014063908504
5,melville,816,fitzgerald,7.084912913186209
5,melville,816,twain,6.824591541290284
5,melville,817,train,4.4811193466186525
5,melville,817,baum,6.639597177505493
5,melville,817,thompson,7.079655170440674
5,melville,817,dickens,6.389888954162598
5,melville,817,melville,6.302955998314752
5,melville,817,wells,6.632597128550212
5,melville,817,austen,6.340716545398418
5,melville,817,fitzgerald,7.072474752153669
5,melville,817,twain,6.822871017456055
5,melville,818,train,4.495176506042481
5,melville,818,baum,6.653833270072937
5,melville,818,thompson,7.0882285833358765
5,melville,818,dickens,6.393579657872518
5,melville,818,melville,6.304187615712483
5,melville,818,wells,6.645029306411743
5,melville,818,austen,6.351619537060078
5,melville,818,fitzgerald,7.084359986441476
5,melville,818,twain,6.835933303833008
5,melville,819,train,4.466697883605957
5,melville,819,baum,6.6467225551605225
5,melville,819,thompson,7.086080670356751
5,melville,819,dickens,6.397630103429159
5,melville,819,melville,6.3077778816223145
5,melville,819,wells,6.638630390167236
5,melville,819,austen,6.351219470684345
5,melville,819,fitzgerald,7.079774856567383
5,melville,819,twain,6.826266860961914
5,melville,820,train,4.474348068237305
5,melville,820,baum,6.649208307266235
5,melville,820,thompson,7.08625066280365
5,melville,820,dickens,6.394560925165812
5,melville,820,melville,6.302177906036377
5,melville,820,wells,6.63529634475708
5,melville,820,austen,6.346099486717811
5,melville,820,fitzgerald,7.076464108058384
5,melville,820,twain,6.818252372741699
5,melville,821,train,4.442361354827881
5,melville,821,baum,6.648733258247376
5,melville,821,thompson,7.09071946144104
5,melville,821,dickens,6.396568330128988
5,melville,821,melville,6.304671128590901
5,melville,821,wells,6.640065987904866
5,melville,821,austen,6.344875299013578
5,melville,821,fitzgerald,7.080392360687256
5,melville,821,twain,6.815719366073608
5,melville,822,train,4.474559307098389
5,melville,822,baum,6.651142835617065
5,melville,822,thompson,7.0910258293151855
5,melville,822,dickens,6.396136649449667
5,melville,822,melville,6.300011581844753
5,melville,822,wells,6.640607754389445
5,melville,822,austen,6.350522884955773
5,melville,822,fitzgerald,7.081929274967739
5,melville,822,twain,6.834032344818115
5,melville,823,train,4.458320140838623
5,melville,823,baum,6.650832056999207
5,melville,823,thompson,7.090607285499573
5,melville,823,dickens,6.394458055496216
5,melville,823,melville,6.307675361633301
5,melville,823,wells,6.640442530314128
5,melville,823,austen,6.34499348126925
5,melville,823,fitzgerald,7.083216530936105
5,melville,823,twain,6.828680896759034
5,melville,824,train,4.427330017089844
5,melville,824,baum,6.655104398727417
5,melville,824,thompson,7.092864990234375
5,melville,824,dickens,6.408385435740153
5,melville,824,melville,6.310659461551243
5,melville,824,wells,6.65013861656189
5,melville,824,austen,6.356232056250939
5,melville,824,fitzgerald,7.087780407496861
5,melville,824,twain,6.825384664535522
5,melville,825,train,4.427414798736573
5,melville,825,baum,6.649707794189453
5,melville,825,thompson,7.089445352554321
5,melville,825,dickens,6.394193124771118
5,melville,825,melville,6.304366535610622
5,melville,825,wells,6.637868722279866
5,melville,825,austen,6.346275806427002
5,melville,825,fitzgerald,7.084447315761021
5,melville,825,twain,6.830946540832519
5,melville,826,train,4.49242525100708
5,melville,826,baum,6.6546666622161865
5,melville,826,thompson,7.091768026351929
5,melville,826,dickens,6.405548079808553
5,melville,826,melville,6.308092488182916
5,melville,826,wells,6.645848989486694
5,melville,826,austen,6.352859460390532
5,melville,826,fitzgerald,7.08796078818185
5,melville,826,twain,6.831314516067505
5,melville,827,train,4.455634117126465
5,melville,827,baum,6.659853219985962
5,melville,827,thompson,7.098424911499023
5,melville,827,dickens,6.399992259343465
5,melville,827,melville,6.314448568556044
5,melville,827,wells,6.648092269897461
5,melville,827,austen,6.357250580420861
5,melville,827,fitzgerald,7.089620249611991
5,melville,827,twain,6.851492881774902
5,melville,828,train,4.448091506958008
5,melville,828,baum,6.65200936794281
5,melville,828,thompson,7.093136310577393
5,melville,828,dickens,6.4004071394602455
5,melville,828,melville,6.302338600158691
5,melville,828,wells,6.642279942830403
5,melville,828,austen,6.351058703202468
5,melville,828,fitzgerald,7.0843353271484375
5,melville,828,twain,6.838008451461792
5,melville,829,train,4.408062934875488
5,melville,829,baum,6.646571397781372
5,melville,829,thompson,7.08049750328064
5,melville,829,dickens,6.400888474782308
5,melville,829,melville,6.311744901869032
5,melville,829,wells,6.642929871877034
5,melville,829,austen,6.351854287661039
5,melville,829,fitzgerald,7.075051988874163
5,melville,829,twain,6.815096139907837
5,melville,830,train,4.431706047058105
5,melville,830,baum,6.6526713371276855
5,melville,830,thompson,7.092357039451599
5,melville,830,dickens,6.398984448115031
5,melville,830,melville,6.296599494086371
5,melville,830,wells,6.639096021652222
5,melville,830,austen,6.354089957017165
5,melville,830,fitzgerald,7.080939905984061
5,melville,830,twain,6.825433349609375
5,melville,831,train,4.474087905883789
5,melville,831,baum,6.667884588241577
5,melville,831,thompson,7.103924989700317
5,melville,831,dickens,6.40896315574646
5,melville,831,melville,6.319441901312934
5,melville,831,wells,6.660361131032308
5,melville,831,austen,6.3591371682974005
5,melville,831,fitzgerald,7.095233644757952
5,melville,831,twain,6.830704116821289
5,melville,832,train,4.430244159698487
5,melville,832,baum,6.662052750587463
5,melville,832,thompson,7.10030210018158
5,melville,832,dickens,6.410049867630005
5,melville,832,melville,6.30638673570421
5,melville,832,wells,6.653782844543457
5,melville,832,austen,6.360810463245098
5,melville,832,fitzgerald,7.0929341316223145
5,melville,832,twain,6.846138000488281
5,melville,833,train,4.43113956451416
5,melville,833,baum,6.662541031837463
5,melville,833,thompson,7.098879456520081
5,melville,833,dickens,6.405620018641154
5,melville,833,melville,6.312316682603624
5,melville,833,wells,6.657062848409017
5,melville,833,austen,6.357195487389197
5,melville,833,fitzgerald,7.095271519252232
5,melville,833,twain,6.838307952880859
5,melville,834,train,4.426269245147705
5,melville,834,baum,6.663655638694763
5,melville,834,thompson,7.101379752159119
5,melville,834,dickens,6.4102124532063804
5,melville,834,melville,6.309073130289714
5,melville,834,wells,6.65407673517863
5,melville,834,austen,6.365133102123554
5,melville,834,fitzgerald,7.096485546657017
5,melville,834,twain,6.863786745071411
5,melville,835,train,4.454447650909424
5,melville,835,baum,6.661303520202637
5,melville,835,thompson,7.097407221794128
5,melville,835,dickens,6.40255929629008
5,melville,835,melville,6.305242803361681
5,melville,835,wells,6.64813248316447
5,melville,835,austen,6.35562042089609
5,melville,835,fitzgerald,7.0909286226545065
5,melville,835,twain,6.842920017242432
5,melville,836,train,4.462267208099365
5,melville,836,baum,6.663879632949829
5,melville,836,thompson,7.099382638931274
5,melville,836,dickens,6.407020743687948
5,melville,836,melville,6.309138139088948
5,melville,836,wells,6.656091769536336
5,melville,836,austen,6.364380616408128
5,melville,836,fitzgerald,7.096684728349958
5,melville,836,twain,6.840267086029053
5,melville,837,train,4.453825569152832
5,melville,837,baum,6.659735083580017
5,melville,837,thompson,7.10064959526062
5,melville,837,dickens,6.410930252075195
5,melville,837,melville,6.30842653910319
5,melville,837,wells,6.652302185694377
5,melville,837,austen,6.364634623894324
5,melville,837,fitzgerald,7.094929218292236
5,melville,837,twain,6.83077483177185
5,melville,838,train,4.414235591888428
5,melville,838,baum,6.669410943984985
5,melville,838,thompson,7.105380535125732
5,melville,838,dickens,6.416669193903605
5,melville,838,melville,6.314931710561116
5,melville,838,wells,6.666871150334676
5,melville,838,austen,6.369493264418382
5,melville,838,fitzgerald,7.102439335414341
5,melville,838,twain,6.830073642730713
5,melville,839,train,4.463443279266357
5,melville,839,baum,6.666340351104736
5,melville,839,thompson,7.112272500991821
5,melville,839,dickens,6.409173059463501
5,melville,839,melville,6.3142152892218695
5,melville,839,wells,6.658948421478272
5,melville,839,austen,6.360610705155593
5,melville,839,fitzgerald,7.104055336543492
5,melville,839,twain,6.855380630493164
5,melville,840,train,4.426705932617187
5,melville,840,baum,6.6669557094573975
5,melville,840,thompson,7.105219125747681
5,melville,840,dickens,6.423062101999919
5,melville,840,melville,6.315351645151774
5,melville,840,wells,6.666845957438151
5,melville,840,austen,6.373213914724497
5,melville,840,fitzgerald,7.102050576891218
5,melville,840,twain,6.830985069274902
5,melville,841,train,4.388229942321777
5,melville,841,baum,6.660442113876343
5,melville,841,thompson,7.107001304626465
5,melville,841,dickens,6.407852490743001
5,melville,841,melville,6.308675077226427
5,melville,841,wells,6.654095490773519
5,melville,841,austen,6.357447734245887
5,melville,841,fitzgerald,7.098682812282017
5,melville,841,twain,6.848942804336548
5,melville,842,train,4.383552837371826
5,melville,842,baum,6.667669773101807
5,melville,842,thompson,7.11584198474884
5,melville,842,dickens,6.422781721750895
5,melville,842,melville,6.311683972676595
5,melville,842,wells,6.666879415512085
5,melville,842,austen,6.37812695136437
5,melville,842,fitzgerald,7.10581248147147
5,melville,842,twain,6.853750801086425
5,melville,843,train,4.419027137756348
5,melville,843,baum,6.665306925773621
5,melville,843,thompson,7.115170001983643
5,melville,843,dickens,6.408217604955038
5,melville,843,melville,6.306628280215794
5,melville,843,wells,6.658519665400188
5,melville,843,austen,6.367700796860915
5,melville,843,fitzgerald,7.104936599731445
5,melville,843,twain,6.862169170379639
5,melville,844,train,4.424291133880615
5,melville,844,baum,6.670499563217163
5,melville,844,thompson,7.108467102050781
5,melville,844,dickens,6.414967568715413
5,melville,844,melville,6.313914828830296
5,melville,844,wells,6.660385370254517
5,melville,844,austen,6.3672673885638895
5,melville,844,fitzgerald,7.101198945726667
5,melville,844,twain,6.844241619110107
5,melville,845,train,4.383814144134521
5,melville,845,baum,6.6617186069488525
5,melville,845,thompson,7.1028653383255005
5,melville,845,dickens,6.413033803304036
5,melville,845,melville,6.317204793294271
5,melville,845,wells,6.658155202865601
5,melville,845,austen,6.366046758798452
5,melville,845,fitzgerald,7.098022733415876
5,melville,845,twain,6.844396543502808
5,melville,846,train,4.4240621566772464
5,melville,846,baum,6.680630445480347
5,melville,846,thompson,7.123427629470825
5,melville,846,dickens,6.423039722442627
5,melville,846,melville,6.320527818467882
5,melville,846,wells,6.67197601000468
5,melville,846,austen,6.373441256009615
5,melville,846,fitzgerald,7.117743628365653
5,melville,846,twain,6.872660064697266
5,melville,847,train,4.426864147186279
5,melville,847,baum,6.676747918128967
5,melville,847,thompson,7.117297410964966
5,melville,847,dickens,6.424037981033325
5,melville,847,melville,6.319180382622613
5,melville,847,wells,6.678349335988362
5,melville,847,austen,6.379971907689021
5,melville,847,fitzgerald,7.115374633244106
5,melville,847,twain,6.865250968933106
5,melville,848,train,4.389663124084473
5,melville,848,baum,6.67980682849884
5,melville,848,thompson,7.120211720466614
5,melville,848,dickens,6.427805868784587
5,melville,848,melville,6.317074616750081
5,melville,848,wells,6.673489809036255
5,melville,848,austen,6.381883694575383
5,melville,848,fitzgerald,7.113838945116315
5,melville,848,twain,6.863572788238526
5,melville,849,train,4.412537574768066
5,melville,849,baum,6.674881935119629
5,melville,849,thompson,7.120907306671143
5,melville,849,dickens,6.41666792233785
5,melville,849,melville,6.316709041595459
5,melville,849,wells,6.661747773488362
5,melville,849,austen,6.366984000572791
5,melville,849,fitzgerald,7.111167022160122
5,melville,849,twain,6.869844484329224
5,melville,850,train,4.404168033599854
5,melville,850,baum,6.674021363258362
5,melville,850,thompson,7.12271249294281
5,melville,850,dickens,6.419630686442058
5,melville,850,melville,6.316771666208903
5,melville,850,wells,6.66999880472819
5,melville,850,austen,6.374401679405799
5,melville,850,fitzgerald,7.1129952158246725
5,melville,850,twain,6.865845632553101
5,melville,851,train,4.39854621887207
5,melville,851,baum,6.689457535743713
5,melville,851,thompson,7.13141667842865
5,melville,851,dickens,6.423345994949341
5,melville,851,melville,6.322053909301758
5,melville,851,wells,6.674147208531697
5,melville,851,austen,6.37933272581834
5,melville,851,fitzgerald,7.118606703622
5,melville,851,twain,6.880691862106323
5,melville,852,train,4.424308109283447
5,melville,852,baum,6.675969123840332
5,melville,852,thompson,7.116569399833679
5,melville,852,dickens,6.41560796101888
5,melville,852,melville,6.316612296634251
5,melville,852,wells,6.671765247980754
5,melville,852,austen,6.37040141912607
5,melville,852,fitzgerald,7.109822750091553
5,melville,852,twain,6.863502168655396
5,melville,853,train,4.426217651367187
5,melville,853,baum,6.683709502220154
5,melville,853,thompson,7.128484845161438
5,melville,853,dickens,6.424204365412394
5,melville,853,melville,6.321720494164361
5,melville,853,wells,6.669260025024414
5,melville,853,austen,6.379917034736047
5,melville,853,fitzgerald,7.117181709834507
5,melville,853,twain,6.898518562316895
5,melville,854,train,4.367757797241211
5,melville,854,baum,6.696545720100403
5,melville,854,thompson,7.134838581085205
5,melville,854,dickens,6.44027411142985
5,melville,854,melville,6.328096548716228
5,melville,854,wells,6.685434261957805
5,melville,854,austen,6.398027603442852
5,melville,854,fitzgerald,7.132096358707973
5,melville,854,twain,6.884677362442017
5,melville,855,train,4.400562000274658
5,melville,855,baum,6.681297540664673
5,melville,855,thompson,7.125217437744141
5,melville,855,dickens,6.428679037094116
5,melville,855,melville,6.31871313518948
5,melville,855,wells,6.673637469609578
5,melville,855,austen,6.381983390221229
5,melville,855,fitzgerald,7.120326246534075
5,melville,855,twain,6.871506547927856
5,melville,856,train,4.398631095886231
5,melville,856,baum,6.687731385231018
5,melville,856,thompson,7.138413786888123
5,melville,856,dickens,6.435960197448731
5,melville,856,melville,6.322681427001953
5,melville,856,wells,6.684089422225952
5,melville,856,austen,6.386345936701848
5,melville,856,fitzgerald,7.126031671251569
5,melville,856,twain,6.862972784042358
5,melville,857,train,4.3650768280029295
5,melville,857,baum,6.695711016654968
5,melville,857,thompson,7.141678333282471
5,melville,857,dickens,6.443738110860189
5,melville,857,melville,6.328145503997803
5,melville,857,wells,6.6912689208984375
5,melville,857,austen,6.399080203129695
5,melville,857,fitzgerald,7.134602887289865
5,melville,857,twain,6.878771209716797
5,melville,858,train,4.398340797424316
5,melville,858,baum,6.679039597511292
5,melville,858,thompson,7.123664259910584
5,melville,858,dickens,6.421900002161662
5,melville,858,melville,6.312353558010525
5,melville,858,wells,6.664179642995198
5,melville,858,austen,6.376074864314153
5,melville,858,fitzgerald,7.11682483128139
5,melville,858,twain,6.865989446640015
5,melville,859,train,4.381657600402832
5,melville,859,baum,6.693825602531433
5,melville,859,thompson,7.13184666633606
5,melville,859,dickens,6.443082586924235
5,melville,859,melville,6.330893516540527
5,melville,859,wells,6.700069030125936
5,melville,859,austen,6.409258695749136
5,melville,859,fitzgerald,7.136255536760602
5,melville,859,twain,6.866710424423218
5,melville,860,train,4.393759250640869
5,melville,860,baum,6.70074725151062
5,melville,860,thompson,7.148678660392761
5,melville,860,dickens,6.437754646937052
5,melville,860,melville,6.334292941623264
5,melville,860,wells,6.692227602005005
5,melville,860,austen,6.395640813387358
5,melville,860,fitzgerald,7.141536235809326
5,melville,860,twain,6.892319536209106
5,melville,861,train,4.377131652832031
5,melville,861,baum,6.686794996261597
5,melville,861,thompson,7.126752614974976
5,melville,861,dickens,6.423112201690674
5,melville,861,melville,6.321152687072754
5,melville,861,wells,6.683628400166829
5,melville,861,austen,6.389403086442214
5,melville,861,fitzgerald,7.124551636832101
5,melville,861,twain,6.868741083145141
5,melville,862,train,4.365682411193848
5,melville,862,baum,6.70026707649231
5,melville,862,thompson,7.1435898542404175
5,melville,862,dickens,6.449536689122518
5,melville,862,melville,6.333427217271593
5,melville,862,wells,6.703787883122762
5,melville,862,austen,6.407932428213266
5,melville,862,fitzgerald,7.140809604099819
5,melville,862,twain,6.865110635757446
5,melville,863,train,4.381308937072754
5,melville,863,baum,6.691436767578125
5,melville,863,thompson,7.135895490646362
5,melville,863,dickens,6.436675024032593
5,melville,863,melville,6.3270631366305885
5,melville,863,wells,6.684317986170451
5,melville,863,austen,6.392693042755127
5,melville,863,fitzgerald,7.130006926400321
5,melville,863,twain,6.8648655891418455
5,melville,864,train,4.358038711547851
5,melville,864,baum,6.703157901763916
5,melville,864,thompson,7.143527030944824
5,melville,864,dickens,6.447543621063232
5,melville,864,melville,6.333415508270264
5,melville,864,wells,6.696711778640747
5,melville,864,austen,6.403428407815786
5,melville,864,fitzgerald,7.141897814614432
5,melville,864,twain,6.877459144592285
5,melville,865,train,4.366926097869873
5,melville,865,baum,6.688202857971191
5,melville,865,thompson,7.133047699928284
5,melville,865,dickens,6.44086020787557
5,melville,865,melville,6.324062559339735
5,melville,865,wells,6.691770156224568
5,melville,865,austen,6.401241339170015
5,melville,865,fitzgerald,7.133413587297712
5,melville,865,twain,6.852224731445313
5,melville,866,train,4.402240657806397
5,melville,866,baum,6.698261618614197
5,melville,866,thompson,7.146127104759216
5,melville,866,dickens,6.431734832127889
5,melville,866,melville,6.327533351050483
5,melville,866,wells,6.684490283330281
5,melville,866,austen,6.390263190636268
5,melville,866,fitzgerald,7.1383626120431085
5,melville,866,twain,6.879564762115479
5,melville,867,train,4.359223175048828
5,melville,867,baum,6.690877795219421
5,melville,867,thompson,7.134628891944885
5,melville,867,dickens,6.436169989903768
5,melville,867,melville,6.326551808251275
5,melville,867,wells,6.689984877904256
5,melville,867,austen,6.400679074800932
5,melville,867,fitzgerald,7.129927498953683
5,melville,867,twain,6.863089466094971
5,melville,868,train,4.341391468048096
5,melville,868,baum,6.68251895904541
5,melville,868,thompson,7.132657527923584
5,melville,868,dickens,6.444134871164958
5,melville,868,melville,6.32701916164822
5,melville,868,wells,6.684955437978108
5,melville,868,austen,6.400527697343093
5,melville,868,fitzgerald,7.127445834023612
5,melville,868,twain,6.844692754745483
5,melville,869,train,4.375182437896728
5,melville,869,baum,6.692330598831177
5,melville,869,thompson,7.1395944356918335
5,melville,869,dickens,6.434071222941081
5,melville,869,melville,6.323540051778157
5,melville,869,wells,6.685332536697388
5,melville,869,austen,6.392737498650184
5,melville,869,fitzgerald,7.136097567422049
5,melville,869,twain,6.864857339859009
5,melville,870,train,4.361314487457276
5,melville,870,baum,6.685378789901733
5,melville,870,thompson,7.131318807601929
5,melville,870,dickens,6.42790478070577
5,melville,870,melville,6.320544878641765
5,melville,870,wells,6.672138134638469
5,melville,870,austen,6.381510624518762
5,melville,870,fitzgerald,7.126342705317906
5,melville,870,twain,6.862643146514893
5,melville,871,train,4.3841856002807615
5,melville,871,baum,6.70500910282135
5,melville,871,thompson,7.151774287223816
5,melville,871,dickens,6.4510115623474125
5,melville,871,melville,6.339027086893718
5,melville,871,wells,6.699881076812744
5,melville,871,austen,6.406923073988694
5,melville,871,fitzgerald,7.144157750265939
5,melville,871,twain,6.881718921661377
5,melville,872,train,4.355891704559326
5,melville,872,baum,6.708746790885925
5,melville,872,thompson,7.162402272224426
5,melville,872,dickens,6.438133509953817
5,melville,872,melville,6.326811684502496
5,melville,872,wells,6.693438450495402
5,melville,872,austen,6.393240451812744
5,melville,872,fitzgerald,7.148984432220459
5,melville,872,twain,6.908209705352784
5,melville,873,train,4.3612292289733885
5,melville,873,baum,6.699239253997803
5,melville,873,thompson,7.141166090965271
5,melville,873,dickens,6.44297669728597
5,melville,873,melville,6.336548858218723
5,melville,873,wells,6.696737130482991
5,melville,873,austen,6.401379842024583
5,melville,873,fitzgerald,7.133807863507952
5,melville,873,twain,6.872987747192383
5,melville,874,train,4.361452865600586
5,melville,874,baum,6.69193708896637
5,melville,874,thompson,7.136102318763733
5,melville,874,dickens,6.438731479644775
5,melville,874,melville,6.327320257822673
5,melville,874,wells,6.684161345163981
5,melville,874,austen,6.397180190453162
5,melville,874,fitzgerald,7.129507064819336
5,melville,874,twain,6.874668407440185
5,melville,875,train,4.36391248703003
5,melville,875,baum,6.708861470222473
5,melville,875,thompson,7.160282373428345
5,melville,875,dickens,6.449555190404256
5,melville,875,melville,6.340315341949463
5,melville,875,wells,6.702350775400798
5,melville,875,austen,6.401078224182129
5,melville,875,fitzgerald,7.1527998106820245
5,melville,875,twain,6.899608945846557
5,melville,876,train,4.3728532791137695
5,melville,876,baum,6.697364330291748
5,melville,876,thompson,7.145479917526245
5,melville,876,dickens,6.438471825917562
5,melville,876,melville,6.333660549587673
5,melville,876,wells,6.691857655843099
5,melville,876,austen,6.392607835622934
5,melville,876,fitzgerald,7.138247285570417
5,melville,876,twain,6.887441873550415
5,melville,877,train,4.303357124328613
5,melville,877,baum,6.696518898010254
5,melville,877,thompson,7.1373714208602905
5,melville,877,dickens,6.4585480213165285
5,melville,877,melville,6.33414363861084
5,melville,877,wells,6.702142000198364
5,melville,877,austen,6.409938078660232
5,melville,877,fitzgerald,7.138012954166958
5,melville,877,twain,6.838550424575805
5,melville,878,train,4.3828479766845705
5,melville,878,baum,6.70017409324646
5,melville,878,thompson,7.145500183105469
5,melville,878,dickens,6.436616881688436
5,melville,878,melville,6.328655189938015
5,melville,878,wells,6.6921924750010175
5,melville,878,austen,6.393803339738112
5,melville,878,fitzgerald,7.137590612683978
5,melville,878,twain,6.893107557296753
5,melville,879,train,4.372307300567627
5,melville,879,baum,6.708106279373169
5,melville,879,thompson,7.154755353927612
5,melville,879,dickens,6.449177058537801
5,melville,879,melville,6.3440112537807885
5,melville,879,wells,6.707050720850627
5,melville,879,austen,6.409036562992976
5,melville,879,fitzgerald,7.146253517695835
5,melville,879,twain,6.891889429092407
5,melville,880,train,4.354638957977295
5,melville,880,baum,6.702548861503601
5,melville,880,thompson,7.144846320152283
5,melville,880,dickens,6.445074494679769
5,melville,880,melville,6.330418639712864
5,melville,880,wells,6.698755741119385
5,melville,880,austen,6.408574214348426
5,melville,880,fitzgerald,7.14081198828561
5,melville,880,twain,6.879441499710083
5,melville,881,train,4.343753910064697
5,melville,881,baum,6.708791613578796
5,melville,881,thompson,7.148765683174133
5,melville,881,dickens,6.448181565602621
5,melville,881,melville,6.346767213609484
5,melville,881,wells,6.703540007273356
5,melville,881,austen,6.407063557551457
5,melville,881,fitzgerald,7.145183086395264
5,melville,881,twain,6.87581992149353
5,melville,882,train,4.362831687927246
5,melville,882,baum,6.6994229555130005
5,melville,882,thompson,7.141509175300598
5,melville,882,dickens,6.448297723134359
5,melville,882,melville,6.331107934315999
5,melville,882,wells,6.698811928431193
5,melville,882,austen,6.405387144822341
5,melville,882,fitzgerald,7.138462952205113
5,melville,882,twain,6.856205034255981
5,melville,883,train,4.3780265808105465
5,melville,883,baum,6.708104729652405
5,melville,883,thompson,7.1529916524887085
5,melville,883,dickens,6.447355286280314
5,melville,883,melville,6.342365317874485
5,melville,883,wells,6.709208965301514
5,melville,883,austen,6.406662794259878
5,melville,883,fitzgerald,7.149271965026856
5,melville,883,twain,6.871633625030517
5,melville,884,train,4.351855945587158
5,melville,884,baum,6.709957480430603
5,melville,884,thompson,7.156429529190064
5,melville,884,dickens,6.457923348744711
5,melville,884,melville,6.336555639902751
5,melville,884,wells,6.711875279744466
5,melville,884,austen,6.415279205028828
5,melville,884,fitzgerald,7.152124132428851
5,melville,884,twain,6.862581062316894
5,melville,885,train,4.304004764556884
5,melville,885,baum,6.693984031677246
5,melville,885,thompson,7.143702507019043
5,melville,885,dickens,6.43875199953715
5,melville,885,melville,6.336775143941243
5,melville,885,wells,6.69286060333252
5,melville,885,austen,6.394601675180288
5,melville,885,fitzgerald,7.131784439086914
5,melville,885,twain,6.862743234634399
5,melville,886,train,4.331856918334961
5,melville,886,baum,6.713250517845154
5,melville,886,thompson,7.162788271903992
5,melville,886,dickens,6.454856554667155
5,melville,886,melville,6.340758482615153
5,melville,886,wells,6.707099994023641
5,melville,886,austen,6.410704649411715
5,melville,886,fitzgerald,7.151696886335101
5,melville,886,twain,6.8875133991241455
5,melville,887,train,4.333274269104004
5,melville,887,baum,6.708954572677612
5,melville,887,thompson,7.152233362197876
5,melville,887,dickens,6.456557019551595
5,melville,887,melville,6.33717876010471
5,melville,887,wells,6.707327763239543
5,melville,887,austen,6.41794230387761
5,melville,887,fitzgerald,7.148226261138916
5,melville,887,twain,6.860668659210205
5,melville,888,train,4.306624889373779
5,melville,888,baum,6.707756757736206
5,melville,888,thompson,7.151365041732788
5,melville,888,dickens,6.448326158523559
5,melville,888,melville,6.337256908416748
5,melville,888,wells,6.7115592161814375
5,melville,888,austen,6.412331984593318
5,melville,888,fitzgerald,7.144791194370815
5,melville,888,twain,6.887806510925293
5,melville,889,train,4.33232479095459
5,melville,889,baum,6.703819751739502
5,melville,889,thompson,7.146830797195435
5,melville,889,dickens,6.452168957392375
5,melville,889,melville,6.344993379380968
5,melville,889,wells,6.710259517033895
5,melville,889,austen,6.410228692568266
5,melville,889,fitzgerald,7.144276074000767
5,melville,889,twain,6.873796033859253
5,melville,890,train,4.340114307403565
5,melville,890,baum,6.710458159446716
5,melville,890,thompson,7.158897519111633
5,melville,890,dickens,6.447474495569865
5,melville,890,melville,6.342562410566542
5,melville,890,wells,6.706011851628621
5,melville,890,austen,6.407846157367413
5,melville,890,fitzgerald,7.1482537133353095
5,melville,890,twain,6.910863876342773
5,melville,891,train,4.34823522567749
5,melville,891,baum,6.713420033454895
5,melville,891,thompson,7.160158634185791
5,melville,891,dickens,6.458798233668009
5,melville,891,melville,6.344228638543023
5,melville,891,wells,6.710781176884969
5,melville,891,austen,6.419871183542105
5,melville,891,fitzgerald,7.155068261282785
5,melville,891,twain,6.896613025665284
5,melville,892,train,4.35837230682373
5,melville,892,baum,6.718762636184692
5,melville,892,thompson,7.167186856269836
5,melville,892,dickens,6.4565127690633135
5,melville,892,melville,6.342859427134196
5,melville,892,wells,6.715705633163452
5,melville,892,austen,6.41641327051016
5,melville,892,fitzgerald,7.163978031703404
5,melville,892,twain,6.897786808013916
5,melville,893,train,4.333525943756103
5,melville,893,baum,6.712385535240173
5,melville,893,thompson,7.161522388458252
5,melville,893,dickens,6.452397298812866
5,melville,893,melville,6.341286023457845
5,melville,893,wells,6.70511261622111
5,melville,893,austen,6.411594134110671
5,melville,893,fitzgerald,7.149193491254534
5,melville,893,twain,6.910991716384888
5,melville,894,train,4.321298027038575
5,melville,894,baum,6.730494260787964
5,melville,894,thompson,7.18079686164856
5,melville,894,dickens,6.459024794896444
5,melville,894,melville,6.3505820168389215
5,melville,894,wells,6.7252607345581055
5,melville,894,austen,6.423348133380596
5,melville,894,fitzgerald,7.174307346343994
5,melville,894,twain,6.9287395000457765
5,melville,895,train,4.306289386749268
5,melville,895,baum,6.710142135620117
5,melville,895,thompson,7.159106612205505
5,melville,895,dickens,6.458996057510376
5,melville,895,melville,6.345325205061171
5,melville,895,wells,6.712504784266154
5,melville,895,austen,6.417213953458345
5,melville,895,fitzgerald,7.154699325561523
5,melville,895,twain,6.876103067398072
5,melville,896,train,4.343597888946533
5,melville,896,baum,6.7059595584869385
5,melville,896,thompson,7.156243324279785
5,melville,896,dickens,6.453192392985026
5,melville,896,melville,6.34314505259196
5,melville,896,wells,6.713845014572144
5,melville,896,austen,6.409595709580642
5,melville,896,fitzgerald,7.152489730290005
5,melville,896,twain,6.864293241500855
5,melville,897,train,4.331491088867187
5,melville,897,baum,6.712812304496765
5,melville,897,thompson,7.166770100593567
5,melville,897,dickens,6.446418714523316
5,melville,897,melville,6.336580488416884
5,melville,897,wells,6.705547412236531
5,melville,897,austen,6.405373133145845
5,melville,897,fitzgerald,7.1502002988542825
5,melville,897,twain,6.888375377655029
5,melville,898,train,4.33266134262085
5,melville,898,baum,6.710834383964539
5,melville,898,thompson,7.150853872299194
5,melville,898,dickens,6.457206439971924
5,melville,898,melville,6.342817889319526
5,melville,898,wells,6.709580341974895
5,melville,898,austen,6.414303522843581
5,melville,898,fitzgerald,7.148676122937884
5,melville,898,twain,6.87183051109314
5,melville,899,train,4.277432537078857
5,melville,899,baum,6.718655824661255
5,melville,899,thompson,7.165643692016602
5,melville,899,dickens,6.471491384506225
5,melville,899,melville,6.351177586449517
5,melville,899,wells,6.727031866709392
5,melville,899,austen,6.42547189272367
5,melville,899,fitzgerald,7.1659923280988425
5,melville,899,twain,6.856231069564819
5,melville,900,train,4.335981845855713
5,melville,900,baum,6.703280091285706
5,melville,900,thompson,7.150144100189209
5,melville,900,dickens,6.452972396214803
5,melville,900,melville,6.332361963060167
5,melville,900,wells,6.701731046040853
5,melville,900,austen,6.409661879906287
5,melville,900,fitzgerald,7.145430224282401
5,melville,900,twain,6.856493091583252
5,melville,901,train,4.298695468902588
5,melville,901,baum,6.721540093421936
5,melville,901,thompson,7.169383406639099
5,melville,901,dickens,6.470528348286947
5,melville,901,melville,6.347123834821913
5,melville,901,wells,6.717899481455485
5,melville,901,austen,6.424323705526499
5,melville,901,fitzgerald,7.1656205994742255
5,melville,901,twain,6.882065391540527
5,melville,902,train,4.313968372344971
5,melville,902,baum,6.716298460960388
5,melville,902,thompson,7.172027826309204
5,melville,902,dickens,6.462274996439616
5,melville,902,melville,6.341046704186334
5,melville,902,wells,6.712789535522461
5,melville,902,austen,6.415046068338247
5,melville,902,fitzgerald,7.161809171949114
5,melville,902,twain,6.888131666183472
5,melville,903,train,4.314647960662842
5,melville,903,baum,6.732361316680908
5,melville,903,thompson,7.1785643100738525
5,melville,903,dickens,6.470277881622314
5,melville,903,melville,6.344545841217041
5,melville,903,wells,6.721398591995239
5,melville,903,austen,6.426757372342623
5,melville,903,fitzgerald,7.172182559967041
5,melville,903,twain,6.8946935653686525
5,melville,904,train,4.297311305999756
5,melville,904,baum,6.72729218006134
5,melville,904,thompson,7.166587591171265
5,melville,904,dickens,6.469764026006063
5,melville,904,melville,6.346166027916802
5,melville,904,wells,6.7254752318064375
5,melville,904,austen,6.427587619194617
5,melville,904,fitzgerald,7.1677654811314175
5,melville,904,twain,6.8864658832550045
5,melville,905,train,4.3327956199646
5,melville,905,baum,6.721868991851807
5,melville,905,thompson,7.1740275621414185
5,melville,905,dickens,6.453110631306966
5,melville,905,melville,6.343393484751384
5,melville,905,wells,6.71047321955363
5,melville,905,austen,6.404605828798735
5,melville,905,fitzgerald,7.162778173174177
5,melville,905,twain,6.911377906799316
5,melville,906,train,4.314802074432373
5,melville,906,baum,6.7176289558410645
5,melville,906,thompson,7.158198475837708
5,melville,906,dickens,6.466902955373128
5,melville,906,melville,6.3436234792073565
5,melville,906,wells,6.715539455413818
5,melville,906,austen,6.424122663644644
5,melville,906,fitzgerald,7.159015927995954
5,melville,906,twain,6.88144884109497
5,melville,907,train,4.253394508361817
5,melville,907,baum,6.726932525634766
5,melville,907,thompson,7.165933609008789
5,melville,907,dickens,6.468668778737386
5,melville,907,melville,6.346461878882514
5,melville,907,wells,6.719943920771281
5,melville,907,austen,6.42229674412654
5,melville,907,fitzgerald,7.16915648324149
5,melville,907,twain,6.887188720703125
5,melville,908,train,4.270511436462402
5,melville,908,baum,6.721075773239136
5,melville,908,thompson,7.163745760917664
5,melville,908,dickens,6.463796520233155
5,melville,908,melville,6.34816853205363
5,melville,908,wells,6.722254673639934
5,melville,908,austen,6.423083562117356
5,melville,908,fitzgerald,7.168703011104038
5,melville,908,twain,6.899912357330322
5,melville,909,train,4.300757312774659
5,melville,909,baum,6.731419920921326
5,melville,909,thompson,7.177231311798096
5,melville,909,dickens,6.468099403381348
5,melville,909,melville,6.346571286519368
5,melville,909,wells,6.71960465113322
5,melville,909,austen,6.425511286808894
5,melville,909,fitzgerald,7.173748016357422
5,melville,909,twain,6.919088411331177
5,melville,910,train,4.318243503570557
5,melville,910,baum,6.729391813278198
5,melville,910,thompson,7.1736778020858765
5,melville,910,dickens,6.471514209111532
5,melville,910,melville,6.350860118865967
5,melville,910,wells,6.728822390238444
5,melville,910,austen,6.429579404684214
5,melville,910,fitzgerald,7.17131096976144
5,melville,910,twain,6.914715051651001
5,melville,911,train,4.314462757110595
5,melville,911,baum,6.741308212280273
5,melville,911,thompson,7.185336112976074
5,melville,911,dickens,6.489520947138469
5,melville,911,melville,6.361591180165608
5,melville,911,wells,6.7440980275472
5,melville,911,austen,6.450012720548189
5,melville,911,fitzgerald,7.191053594861712
5,melville,911,twain,6.913890647888183
5,melville,912,train,4.291607284545899
5,melville,912,baum,6.728781700134277
5,melville,912,thompson,7.170753121376038
5,melville,912,dickens,6.470707607269287
5,melville,912,melville,6.352010938856337
5,melville,912,wells,6.732238372166951
5,melville,912,austen,6.427466319157527
5,melville,912,fitzgerald,7.174788475036621
5,melville,912,twain,6.885890293121338
5,melville,913,train,4.2779919624328615
5,melville,913,baum,6.734262824058533
5,melville,913,thompson,7.183370232582092
5,melville,913,dickens,6.469445753097534
5,melville,913,melville,6.354988098144531
5,melville,913,wells,6.728216489156087
5,melville,913,austen,6.4281128003047066
5,melville,913,fitzgerald,7.174043791634696
5,melville,913,twain,6.904481649398804
5,melville,914,train,4.25521411895752
5,melville,914,baum,6.729863882064819
5,melville,914,thompson,7.174384832382202
5,melville,914,dickens,6.469124031066895
5,melville,914,melville,6.34995084338718
5,melville,914,wells,6.7245299021403
5,melville,914,austen,6.430302069737361
5,melville,914,fitzgerald,7.167548520224435
5,melville,914,twain,6.889786672592163
5,melville,915,train,4.2626182556152346
5,melville,915,baum,6.734933257102966
5,melville,915,thompson,7.180108547210693
5,melville,915,dickens,6.474124685923258
5,melville,915,melville,6.352179633246528
5,melville,915,wells,6.723178784052531
5,melville,915,austen,6.432123000805195
5,melville,915,fitzgerald,7.177780287606375
5,melville,915,twain,6.904325914382935
5,melville,916,train,4.287762260437011
5,melville,916,baum,6.734873414039612
5,melville,916,thompson,7.182095170021057
5,melville,916,dickens,6.479332701365153
5,melville,916,melville,6.358489884270562
5,melville,916,wells,6.733103275299072
5,melville,916,austen,6.435144901275635
5,melville,916,fitzgerald,7.175450801849365
5,melville,916,twain,6.892409420013427
5,melville,917,train,4.271141719818115
5,melville,917,baum,6.750583291053772
5,melville,917,thompson,7.205572485923767
5,melville,917,dickens,6.477774047851563
5,melville,917,melville,6.357494725121392
5,melville,917,wells,6.740722894668579
5,melville,917,austen,6.437432032365066
5,melville,917,fitzgerald,7.1921295438494
5,melville,917,twain,6.954201126098633
5,melville,918,train,4.299437713623047
5,melville,918,baum,6.740111947059631
5,melville,918,thompson,7.191799998283386
5,melville,918,dickens,6.470313803354899
5,melville,918,melville,6.362019220987956
5,melville,918,wells,6.7333502769470215
5,melville,918,austen,6.428963514474722
5,melville,918,fitzgerald,7.178707327161517
5,melville,918,twain,6.928694868087769
5,melville,919,train,4.272732830047607
5,melville,919,baum,6.746058821678162
5,melville,919,thompson,7.196468949317932
5,melville,919,dickens,6.486387856801351
5,melville,919,melville,6.362806797027588
5,melville,919,wells,6.74686336517334
5,melville,919,austen,6.44465420796321
5,melville,919,fitzgerald,7.194900376456125
5,melville,919,twain,6.904556512832642
5,melville,920,train,4.292216491699219
5,melville,920,baum,6.737750172615051
5,melville,920,thompson,7.185954928398132
5,melville,920,dickens,6.48019069035848
5,melville,920,melville,6.35304758283827
5,melville,920,wells,6.736646254857381
5,melville,920,austen,6.43691609455989
5,melville,920,fitzgerald,7.187433515276227
5,melville,920,twain,6.907201623916626
5,melville,921,train,4.2847161293029785
5,melville,921,baum,6.744424819946289
5,melville,921,thompson,7.193239092826843
5,melville,921,dickens,6.484398698806762
5,melville,921,melville,6.356534534030491
5,melville,921,wells,6.740171670913696
5,melville,921,austen,6.447003107804519
5,melville,921,fitzgerald,7.186956814357212
5,melville,921,twain,6.924606847763061
5,melville,922,train,4.247237777709961
5,melville,922,baum,6.746342897415161
5,melville,922,thompson,7.203444600105286
5,melville,922,dickens,6.482313712437947
5,melville,922,melville,6.361659261915419
5,melville,922,wells,6.738274256388347
5,melville,922,austen,6.439213019150954
5,melville,922,fitzgerald,7.189037936074393
5,melville,922,twain,6.938928842544556
5,melville,923,train,4.278840923309327
5,melville,923,baum,6.742101192474365
5,melville,923,thompson,7.1930201053619385
5,melville,923,dickens,6.481329043706258
5,melville,923,melville,6.359098010592991
5,melville,923,wells,6.74123215675354
5,melville,923,austen,6.445190393007719
5,melville,923,fitzgerald,7.188314982822964
5,melville,923,twain,6.893574953079224
5,melville,924,train,4.276765823364258
5,melville,924,baum,6.7448248863220215
5,melville,924,thompson,7.19659948348999
5,melville,924,dickens,6.477119620641073
5,melville,924,melville,6.351052284240723
5,melville,924,wells,6.737341324488322
5,melville,924,austen,6.435615906348596
5,melville,924,fitzgerald,7.186536993299212
5,melville,924,twain,6.923427438735962
5,melville,925,train,4.277324676513672
5,melville,925,baum,6.750129461288452
5,melville,925,thompson,7.201438069343567
5,melville,925,dickens,6.473909664154053
5,melville,925,melville,6.356762250264485
5,melville,925,wells,6.738314787546794
5,melville,925,austen,6.437619759486272
5,melville,925,fitzgerald,7.188728332519531
5,melville,925,twain,6.931465816497803
5,melville,926,train,4.268769264221191
5,melville,926,baum,6.746284008026123
5,melville,926,thompson,7.199105858802795
5,melville,926,dickens,6.488510783513387
5,melville,926,melville,6.358479552798801
5,melville,926,wells,6.746071736017863
5,melville,926,austen,6.450426175044133
5,melville,926,fitzgerald,7.190946306501116
5,melville,926,twain,6.908711099624634
5,melville,927,train,4.280429935455322
5,melville,927,baum,6.744589686393738
5,melville,927,thompson,7.203414678573608
5,melville,927,dickens,6.476981099446615
5,melville,927,melville,6.359395980834961
5,melville,927,wells,6.740821917851766
5,melville,927,austen,6.444754600524902
5,melville,927,fitzgerald,7.192567416599819
5,melville,927,twain,6.920554447174072
5,melville,928,train,4.233793258666992
5,melville,928,baum,6.742942810058594
5,melville,928,thompson,7.192125558853149
5,melville,928,dickens,6.485330645243327
5,melville,928,melville,6.359773847791884
5,melville,928,wells,6.746167023976644
5,melville,928,austen,6.4475298294654255
5,melville,928,fitzgerald,7.192199775150844
5,melville,928,twain,6.904645013809204
5,melville,929,train,4.244888782501221
5,melville,929,baum,6.750126242637634
5,melville,929,thompson,7.210303068161011
5,melville,929,dickens,6.480837154388428
5,melville,929,melville,6.361531522538927
5,melville,929,wells,6.744464159011841
5,melville,929,austen,6.444203633528489
5,melville,929,fitzgerald,7.198552131652832
5,melville,929,twain,6.928622770309448
5,melville,930,train,4.252259254455566
5,melville,930,baum,6.752129793167114
5,melville,930,thompson,7.213136434555054
5,melville,930,dickens,6.483267593383789
5,melville,930,melville,6.356751230027941
5,melville,930,wells,6.739056587219238
5,melville,930,austen,6.442274717184214
5,melville,930,fitzgerald,7.198797634669712
5,melville,930,twain,6.930034828186035
5,melville,931,train,4.239607048034668
5,melville,931,baum,6.7570561170578
5,melville,931,thompson,7.212912321090698
5,melville,931,dickens,6.497790384292602
5,melville,931,melville,6.366966671413845
5,melville,931,wells,6.75901182492574
5,melville,931,austen,6.459223233736479
5,melville,931,fitzgerald,7.20792259488787
5,melville,931,twain,6.9254614353179935
5,melville,932,train,4.286491680145264
5,melville,932,baum,6.754060506820679
5,melville,932,thompson,7.208068609237671
5,melville,932,dickens,6.499667358398438
5,melville,932,melville,6.366628381941053
5,melville,932,wells,6.756040652592977
5,melville,932,austen,6.458083226130559
5,melville,932,fitzgerald,7.203430584498814
5,melville,932,twain,6.910567378997802
5,melville,933,train,4.1956374168396
5,melville,933,baum,6.742523908615112
5,melville,933,thompson,7.1991389989852905
5,melville,933,dickens,6.487802124023437
5,melville,933,melville,6.359899626837836
5,melville,933,wells,6.748142083485921
5,melville,933,austen,6.443359741797814
5,melville,933,fitzgerald,7.194029876164028
5,melville,933,twain,6.898876428604126
5,melville,934,train,4.270483016967773
5,melville,934,baum,6.753841519355774
5,melville,934,thompson,7.20784056186676
5,melville,934,dickens,6.508201964696249
5,melville,934,melville,6.361368020375569
5,melville,934,wells,6.759557406107585
5,melville,934,austen,6.465248071230375
5,melville,934,fitzgerald,7.205061844417027
5,melville,934,twain,6.902119922637939
5,melville,935,train,4.220665740966797
5,melville,935,baum,6.755772709846497
5,melville,935,thompson,7.205671072006226
5,melville,935,dickens,6.506368954976399
5,melville,935,melville,6.367435137430827
5,melville,935,wells,6.767206986745198
5,melville,935,austen,6.474258276132437
5,melville,935,fitzgerald,7.210878985268729
5,melville,935,twain,6.88901538848877
5,melville,936,train,4.241742992401123
5,melville,936,baum,6.764870047569275
5,melville,936,thompson,7.219745516777039
5,melville,936,dickens,6.499480899175008
5,melville,936,melville,6.368600845336914
5,melville,936,wells,6.760912577311198
5,melville,936,austen,6.466019226954534
5,melville,936,fitzgerald,7.211672237941197
5,melville,936,twain,6.955700778961182
5,melville,937,train,4.250678634643554
5,melville,937,baum,6.753021478652954
5,melville,937,thompson,7.20816969871521
5,melville,937,dickens,6.493095604578654
5,melville,937,melville,6.360175609588623
5,melville,937,wells,6.751086076100667
5,melville,937,austen,6.45708993765024
5,melville,937,fitzgerald,7.199724129268101
5,melville,937,twain,6.9233497142791744
5,melville,938,train,4.243146705627441
5,melville,938,baum,6.762141942977905
5,melville,938,thompson,7.21506929397583
5,melville,938,dickens,6.506966082255046
5,melville,938,melville,6.373294088575575
5,melville,938,wells,6.761600017547607
5,melville,938,austen,6.467498485858624
5,melville,938,fitzgerald,7.210698877062116
5,melville,938,twain,6.928343152999878
5,melville,939,train,4.262401866912842
5,melville,939,baum,6.7566481828689575
5,melville,939,thompson,7.21494996547699
5,melville,939,dickens,6.492080354690552
5,melville,939,melville,6.363959948221843
5,melville,939,wells,6.7505582968393965
5,melville,939,austen,6.452914274655855
5,melville,939,fitzgerald,7.203754561288016
5,melville,939,twain,6.932350063323975
5,melville,940,train,4.241249847412109
5,melville,940,baum,6.76845133304596
5,melville,940,thompson,7.226011395454407
5,melville,940,dickens,6.498052740097046
5,melville,940,melville,6.371840212080214
5,melville,940,wells,6.755717833836873
5,melville,940,austen,6.45295814367441
5,melville,940,fitzgerald,7.214890275682722
5,melville,940,twain,6.960191249847412
5,melville,941,train,4.235939884185791
5,melville,941,baum,6.760591626167297
5,melville,941,thompson,7.221174120903015
5,melville,941,dickens,6.499505519866943
5,melville,941,melville,6.372784614562988
5,melville,941,wells,6.761873563130696
5,melville,941,austen,6.460923928480882
5,melville,941,fitzgerald,7.212516580309186
5,melville,941,twain,6.933882141113282
5,melville,942,train,4.234231853485108
5,melville,942,baum,6.753563642501831
5,melville,942,thompson,7.209692001342773
5,melville,942,dickens,6.501912307739258
5,melville,942,melville,6.368394003974067
5,melville,942,wells,6.764152844746907
5,melville,942,austen,6.459004952357366
5,melville,942,fitzgerald,7.207795006888253
5,melville,942,twain,6.917733526229858
5,melville,943,train,4.263655185699463
5,melville,943,baum,6.772150754928589
5,melville,943,thompson,7.220588445663452
5,melville,943,dickens,6.502797031402588
5,melville,943,melville,6.370357513427734
5,melville,943,wells,6.760640064875285
5,melville,943,austen,6.462453108567458
5,melville,943,fitzgerald,7.2181974819728305
5,melville,943,twain,6.942335224151611
5,melville,944,train,4.183589553833008
5,melville,944,baum,6.774547576904297
5,melville,944,thompson,7.224702954292297
5,melville,944,dickens,6.509457969665528
5,melville,944,melville,6.377466943528917
5,melville,944,wells,6.7651816209157305
5,melville,944,austen,6.469883001767672
5,melville,944,fitzgerald,7.223231451851981
5,melville,944,twain,6.935513973236084
5,melville,945,train,4.246031475067139
5,melville,945,baum,6.768385052680969
5,melville,945,thompson,7.225530028343201
5,melville,945,dickens,6.512630383173625
5,melville,945,melville,6.379176616668701
5,melville,945,wells,6.762791872024536
5,melville,945,austen,6.472394099602332
5,melville,945,fitzgerald,7.21113429750715
5,melville,945,twain,6.931492948532105
5,melville,946,train,4.215367317199707
5,melville,946,baum,6.777928113937378
5,melville,946,thompson,7.233892798423767
5,melville,946,dickens,6.509124898910523
5,melville,946,melville,6.379575199551052
5,melville,946,wells,6.76606027285258
5,melville,946,austen,6.470673157618596
5,melville,946,fitzgerald,7.222915921892438
5,melville,946,twain,6.94995346069336
5,melville,947,train,4.246176242828369
5,melville,947,baum,6.768839955329895
5,melville,947,thompson,7.218348860740662
5,melville,947,dickens,6.509631236394246
5,melville,947,melville,6.381841447618273
5,melville,947,wells,6.770152648289998
5,melville,947,austen,6.47562236052293
5,melville,947,fitzgerald,7.212698595864432
5,melville,947,twain,6.938423681259155
5,melville,948,train,4.222317409515381
5,melville,948,baum,6.774592280387878
5,melville,948,thompson,7.240973711013794
5,melville,948,dickens,6.511320924758911
5,melville,948,melville,6.3883059289720325
5,melville,948,wells,6.7726248900095625
5,melville,948,austen,6.4717865357032185
5,melville,948,fitzgerald,7.232308047158377
5,melville,948,twain,6.96519627571106
5,melville,949,train,4.218253517150879
5,melville,949,baum,6.769475221633911
5,melville,949,thompson,7.226683259010315
5,melville,949,dickens,6.516627709070842
5,melville,949,melville,6.37349467807346
5,melville,949,wells,6.774319728215535
5,melville,949,austen,6.474190418536846
5,melville,949,fitzgerald,7.220876012529645
5,melville,949,twain,6.9357812881469725
5,melville,950,train,4.21433744430542
5,melville,950,baum,6.77725088596344
5,melville,950,thompson,7.235715985298157
5,melville,950,dickens,6.512535810470581
5,melville,950,melville,6.375525580512153
5,melville,950,wells,6.769514719645183
5,melville,950,austen,6.475644221672645
5,melville,950,fitzgerald,7.226457050868443
5,melville,950,twain,6.944531965255737
5,melville,951,train,4.240721893310547
5,melville,951,baum,6.788995742797852
5,melville,951,thompson,7.239452719688415
5,melville,951,dickens,6.5344109535217285
5,melville,951,melville,6.391905784606934
5,melville,951,wells,6.791475137074788
5,melville,951,austen,6.499326155735896
5,melville,951,fitzgerald,7.236507552010672
5,melville,951,twain,6.929592418670654
5,melville,952,train,4.197070598602295
5,melville,952,baum,6.777392029762268
5,melville,952,thompson,7.237921833992004
5,melville,952,dickens,6.511512549718221
5,melville,952,melville,6.377066612243652
5,melville,952,wells,6.766611893971761
5,melville,952,austen,6.4732352403494025
5,melville,952,fitzgerald,7.226796082087925
5,melville,952,twain,6.950986576080322
5,melville,953,train,4.187825584411621
5,melville,953,baum,6.787412643432617
5,melville,953,thompson,7.239387989044189
5,melville,953,dickens,6.517665354410807
5,melville,953,melville,6.38807561662462
5,melville,953,wells,6.782587846120198
5,melville,953,austen,6.481680833376371
5,melville,953,fitzgerald,7.236461298806327
5,melville,953,twain,6.938329887390137
5,melville,954,train,4.215156745910645
5,melville,954,baum,6.783708930015564
5,melville,954,thompson,7.2370030879974365
5,melville,954,dickens,6.515485747655233
5,melville,954,melville,6.3818643887837725
5,melville,954,wells,6.770464738210042
5,melville,954,austen,6.474727740654578
5,melville,954,fitzgerald,7.2264726502554755
5,melville,954,twain,6.9510399341583256
5,melville,955,train,4.227866363525391
5,melville,955,baum,6.778981804847717
5,melville,955,thompson,7.232378840446472
5,melville,955,dickens,6.511282380421957
5,melville,955,melville,6.382787545522054
5,melville,955,wells,6.77423628171285
5,melville,955,austen,6.474529192997859
5,melville,955,fitzgerald,7.224410465785435
5,melville,955,twain,6.942749214172364
5,melville,956,train,4.206215000152588
5,melville,956,baum,6.78941810131073
5,melville,956,thompson,7.243826985359192
5,melville,956,dickens,6.529188585281372
5,melville,956,melville,6.393225987752278
5,melville,956,wells,6.791013399759929
5,melville,956,austen,6.4921405132000265
5,melville,956,fitzgerald,7.23662485395159
5,melville,956,twain,6.955930614471436
5,melville,957,train,4.236420822143555
5,melville,957,baum,6.777154803276062
5,melville,957,thompson,7.229675531387329
5,melville,957,dickens,6.51509796778361
5,melville,957,melville,6.384461243947347
5,melville,957,wells,6.78407375017802
5,melville,957,austen,6.478672027587891
5,melville,957,fitzgerald,7.226146970476423
5,melville,957,twain,6.927957773208618
5,melville,958,train,4.224973201751709
5,melville,958,baum,6.792116284370422
5,melville,958,thompson,7.2406721115112305
5,melville,958,dickens,6.526673857371012
5,melville,958,melville,6.387053807576497
5,melville,958,wells,6.794531583786011
5,melville,958,austen,6.494047971872183
5,melville,958,fitzgerald,7.242685658591134
5,melville,958,twain,6.937999153137207
5,melville,959,train,4.196897411346436
5,melville,959,baum,6.786310791969299
5,melville,959,thompson,7.236086368560791
5,melville,959,dickens,6.529295794169108
5,melville,959,melville,6.390693664550781
5,melville,959,wells,6.7869923909505205
5,melville,959,austen,6.491598239311805
5,melville,959,fitzgerald,7.235207557678223
5,melville,959,twain,6.930139684677124
5,melville,960,train,4.202940177917481
5,melville,960,baum,6.781863689422607
5,melville,960,thompson,7.237252116203308
5,melville,960,dickens,6.519579172134399
5,melville,960,melville,6.385528776380751
5,melville,960,wells,6.780630191167195
5,melville,960,austen,6.474203403179462
5,melville,960,fitzgerald,7.228433472769601
5,melville,960,twain,6.931750822067261
5,melville,961,train,4.199602699279785
5,melville,961,baum,6.798775315284729
5,melville,961,thompson,7.2490540742874146
5,melville,961,dickens,6.534363587697347
5,melville,961,melville,6.395292547014025
5,melville,961,wells,6.797536452611287
5,melville,961,austen,6.494749032534086
5,melville,961,fitzgerald,7.245675768171038
5,melville,961,twain,6.953856611251831
5,melville,962,train,4.224165916442871
5,melville,962,baum,6.78422212600708
5,melville,962,thompson,7.237844824790955
5,melville,962,dickens,6.523030249277751
5,melville,962,melville,6.385359711117214
5,melville,962,wells,6.784970283508301
5,melville,962,austen,6.484846958747277
5,melville,962,fitzgerald,7.234762804848807
5,melville,962,twain,6.936894369125366
5,melville,963,train,4.216178035736084
5,melville,963,baum,6.784648299217224
5,melville,963,thompson,7.241333723068237
5,melville,963,dickens,6.530549319585164
5,melville,963,melville,6.391689777374268
5,melville,963,wells,6.792847235997518
5,melville,963,austen,6.48908255650447
5,melville,963,fitzgerald,7.2396696635655
5,melville,963,twain,6.920769262313843
5,melville,964,train,4.182876968383789
5,melville,964,baum,6.770103454589844
5,melville,964,thompson,7.223925232887268
5,melville,964,dickens,6.520633904139201
5,melville,964,melville,6.3881814744737415
5,melville,964,wells,6.779207865397136
5,melville,964,austen,6.481834154862624
5,melville,964,fitzgerald,7.2209696769714355
5,melville,964,twain,6.91907000541687
5,melville,965,train,4.192080402374268
5,melville,965,baum,6.788168430328369
5,melville,965,thompson,7.239074230194092
5,melville,965,dickens,6.528969224294027
5,melville,965,melville,6.38560872607761
5,melville,965,wells,6.788028240203857
5,melville,965,austen,6.4923954376807576
5,melville,965,fitzgerald,7.23620993750436
5,melville,965,twain,6.943126678466797
5,melville,966,train,4.197170066833496
5,melville,966,baum,6.783507466316223
5,melville,966,thompson,7.239405870437622
5,melville,966,dickens,6.524843819936117
5,melville,966,melville,6.388020780351427
5,melville,966,wells,6.788625319798787
5,melville,966,austen,6.489201032198393
5,melville,966,fitzgerald,7.239857060568673
5,melville,966,twain,6.953863620758057
5,melville,967,train,4.202860260009766
5,melville,967,baum,6.783342242240906
5,melville,967,thompson,7.24053156375885
5,melville,967,dickens,6.51106416384379
5,melville,967,melville,6.389795303344727
5,melville,967,wells,6.780045986175537
5,melville,967,austen,6.472857475280762
5,melville,967,fitzgerald,7.23195253099714
5,melville,967,twain,6.970413398742676
5,melville,968,train,4.197686100006104
5,melville,968,baum,6.801956295967102
5,melville,968,thompson,7.26705539226532
5,melville,968,dickens,6.524053684870402
5,melville,968,melville,6.392724566989475
5,melville,968,wells,6.795982917149861
5,melville,968,austen,6.49025740990272
5,melville,968,fitzgerald,7.258234432765415
5,melville,968,twain,6.989758157730103
5,melville,969,train,4.179093551635742
5,melville,969,baum,6.7929527759552
5,melville,969,thompson,7.243757367134094
5,melville,969,dickens,6.528907060623169
5,melville,969,melville,6.3959066073099775
5,melville,969,wells,6.79561448097229
5,melville,969,austen,6.494226088890662
5,melville,969,fitzgerald,7.239876747131348
5,melville,969,twain,6.958642816543579
5,melville,970,train,4.169737148284912
5,melville,970,baum,6.791120171546936
5,melville,970,thompson,7.254255294799805
5,melville,970,dickens,6.527109098434448
5,melville,970,melville,6.389750215742323
5,melville,970,wells,6.790981849034627
5,melville,970,austen,6.489101043114295
5,melville,970,fitzgerald,7.245881080627441
5,melville,970,twain,6.971273183822632
5,melville,971,train,4.20041971206665
5,melville,971,baum,6.795773267745972
5,melville,971,thompson,7.252943992614746
5,melville,971,dickens,6.531449015935262
5,melville,971,melville,6.385617203182644
5,melville,971,wells,6.800483067830403
5,melville,971,austen,6.494433953211858
5,melville,971,fitzgerald,7.246889863695417
5,melville,971,twain,6.960068130493164
5,melville,972,train,4.1669238090515135
5,melville,972,baum,6.804514050483704
5,melville,972,thompson,7.263762831687927
5,melville,972,dickens,6.531551472345988
5,melville,972,melville,6.400139066908094
5,melville,972,wells,6.802236795425415
5,melville,972,austen,6.494942958538349
5,melville,972,fitzgerald,7.252006939479282
5,melville,972,twain,6.98919644355774
5,melville,973,train,4.189692783355713
5,melville,973,baum,6.7945462465286255
5,melville,973,thompson,7.257743716239929
5,melville,973,dickens,6.528565200169881
5,melville,973,melville,6.390110598670112
5,melville,973,wells,6.796062231063843
5,melville,973,austen,6.488500338334304
5,melville,973,fitzgerald,7.247317790985107
5,melville,973,twain,6.971133232116699
5,melville,974,train,4.17031888961792
5,melville,974,baum,6.802201747894287
5,melville,974,thompson,7.254241704940796
5,melville,974,dickens,6.537856388092041
5,melville,974,melville,6.3938386175367565
5,melville,974,wells,6.800985018412272
5,melville,974,austen,6.498262882232666
5,melville,974,fitzgerald,7.248494761330741
5,melville,974,twain,6.963374710083008
5,melville,975,train,4.1911444664001465
5,melville,975,baum,6.817560315132141
5,melville,975,thompson,7.274975657463074
5,melville,975,dickens,6.5332108497619625
5,melville,975,melville,6.395764615800646
5,melville,975,wells,6.805975198745728
5,melville,975,austen,6.495091144855206
5,melville,975,fitzgerald,7.269940035683768
5,melville,975,twain,6.982991600036621
5,melville,976,train,4.178536796569825
5,melville,976,baum,6.808395147323608
5,melville,976,thompson,7.262706995010376
5,melville,976,dickens,6.529818550745646
5,melville,976,melville,6.398447884453668
5,melville,976,wells,6.804117361704509
5,melville,976,austen,6.49975479566134
5,melville,976,fitzgerald,7.2604890550885886
5,melville,976,twain,6.977179002761841
5,melville,977,train,4.142096996307373
5,melville,977,baum,6.784545063972473
5,melville,977,thompson,7.241379141807556
5,melville,977,dickens,6.533767127990723
5,melville,977,melville,6.392192045847575
5,melville,977,wells,6.795080741246541
5,melville,977,austen,6.489591928628775
5,melville,977,fitzgerald,7.236250604901995
5,melville,977,twain,6.932342910766602
5,melville,978,train,4.164271640777588
5,melville,978,baum,6.802560448646545
5,melville,978,thompson,7.254736304283142
5,melville,978,dickens,6.526346095403036
5,melville,978,melville,6.389933268229167
5,melville,978,wells,6.802561601003011
5,melville,978,austen,6.49767776635977
5,melville,978,fitzgerald,7.244252409253802
5,melville,978,twain,6.96750283241272
5,melville,979,train,4.171269130706787
5,melville,979,baum,6.8059022426605225
5,melville,979,thompson,7.264913082122803
5,melville,979,dickens,6.537347968419393
5,melville,979,melville,6.399934874640571
5,melville,979,wells,6.803413470586141
5,melville,979,austen,6.496727393223689
5,melville,979,fitzgerald,7.251637458801269
5,melville,979,twain,6.974456548690796
5,melville,980,train,4.135122394561767
5,melville,980,baum,6.818133354187012
5,melville,980,thompson,7.279083251953125
5,melville,980,dickens,6.5447250207265215
5,melville,980,melville,6.403023507859972
5,melville,980,wells,6.81470513343811
5,melville,980,austen,6.506006240844727
5,melville,980,fitzgerald,7.266863618578229
5,melville,980,twain,6.986407089233398
5,melville,981,train,4.180294704437256
5,melville,981,baum,6.812366247177124
5,melville,981,thompson,7.264830231666565
5,melville,981,dickens,6.554771121342977
5,melville,981,melville,6.402938418918186
5,melville,981,wells,6.820009708404541
5,melville,981,austen,6.514133233290452
5,melville,981,fitzgerald,7.260029929024832
5,melville,981,twain,6.976930379867554
5,melville,982,train,4.182959461212159
5,melville,982,baum,6.813624620437622
5,melville,982,thompson,7.263599753379822
5,melville,982,dickens,6.555323870976766
5,melville,982,melville,6.400451925065783
5,melville,982,wells,6.8147132396698
5,melville,982,austen,6.515194452725924
5,melville,982,fitzgerald,7.260405744825091
5,melville,982,twain,6.959255790710449
5,melville,983,train,4.167087078094482
5,melville,983,baum,6.813706755638123
5,melville,983,thompson,7.26665186882019
5,melville,983,dickens,6.545292774836223
5,melville,983,melville,6.40370602077908
5,melville,983,wells,6.812900225321452
5,melville,983,austen,6.505930570455698
5,melville,983,fitzgerald,7.262105124337332
5,melville,983,twain,6.971177577972412
5,melville,984,train,4.184334087371826
5,melville,984,baum,6.812294960021973
5,melville,984,thompson,7.272442579269409
5,melville,984,dickens,6.540242433547974
5,melville,984,melville,6.396639823913574
5,melville,984,wells,6.808459997177124
5,melville,984,austen,6.501496681800256
5,melville,984,fitzgerald,7.264004366738455
5,melville,984,twain,6.974859189987183
5,melville,985,train,4.16647253036499
5,melville,985,baum,6.8139519691467285
5,melville,985,thompson,7.268067717552185
5,melville,985,dickens,6.546037371953329
5,melville,985,melville,6.400667879316542
5,melville,985,wells,6.814972400665283
5,melville,985,austen,6.512422635005071
5,melville,985,fitzgerald,7.262702192578997
5,melville,985,twain,6.95800929069519
5,melville,986,train,4.106494045257568
5,melville,986,baum,6.815074443817139
5,melville,986,thompson,7.266502261161804
5,melville,986,dickens,6.548528496424357
5,melville,986,melville,6.403299172719319
5,melville,986,wells,6.816585779190064
5,melville,986,austen,6.514672462756817
5,melville,986,fitzgerald,7.261861937386649
5,melville,986,twain,6.972208642959595
5,melville,987,train,4.174128818511963
5,melville,987,baum,6.809025883674622
5,melville,987,thompson,7.261768579483032
5,melville,987,dickens,6.554694318771363
5,melville,987,melville,6.400241692860921
5,melville,987,wells,6.823347330093384
5,melville,987,austen,6.519824321453388
5,melville,987,fitzgerald,7.265853336879185
5,melville,987,twain,6.942510938644409
5,melville,988,train,4.157732200622559
5,melville,988,baum,6.806611895561218
5,melville,988,thompson,7.255950808525085
5,melville,988,dickens,6.537622992197672
5,melville,988,melville,6.403008937835693
5,melville,988,wells,6.805566946665446
5,melville,988,austen,6.504966992598313
5,melville,988,fitzgerald,7.25142901284354
5,melville,988,twain,6.963325691223145
5,melville,989,train,4.155795001983643
5,melville,989,baum,6.812331676483154
5,melville,989,thompson,7.262630701065063
5,melville,989,dickens,6.542302433649699
5,melville,989,melville,6.401145458221436
5,melville,989,wells,6.809012810389201
5,melville,989,austen,6.505562929006723
5,melville,989,fitzgerald,7.260893617357526
5,melville,989,twain,6.949587774276734
5,melville,990,train,4.154076766967774
5,melville,990,baum,6.807258248329163
5,melville,990,thompson,7.264423847198486
5,melville,990,dickens,6.553905963897705
5,melville,990,melville,6.410891056060791
5,melville,990,wells,6.822396914164226
5,melville,990,austen,6.523443222045898
5,melville,990,fitzgerald,7.269415582929339
5,melville,990,twain,6.9474489212036135
5,melville,991,train,4.155299949645996
5,melville,991,baum,6.807083249092102
5,melville,991,thompson,7.264534473419189
5,melville,991,dickens,6.541418981552124
5,melville,991,melville,6.405443827311198
5,melville,991,wells,6.807810465494792
5,melville,991,austen,6.503556141486535
5,melville,991,fitzgerald,7.260542665209089
5,melville,991,twain,6.970960664749145
5,melville,992,train,4.145057582855225
5,melville,992,baum,6.818382620811462
5,melville,992,thompson,7.276788592338562
5,melville,992,dickens,6.5559175650278725
5,melville,992,melville,6.417913648817274
5,melville,992,wells,6.829612572987874
5,melville,992,austen,6.521804699530969
5,melville,992,fitzgerald,7.27089432307652
5,melville,992,twain,6.977591419219971
5,melville,993,train,4.157464218139649
5,melville,993,baum,6.8066887855529785
5,melville,993,thompson,7.263211607933044
5,melville,993,dickens,6.553626092274984
5,melville,993,melville,6.40510368347168
5,melville,993,wells,6.814330975214641
5,melville,993,austen,6.517201937161959
5,melville,993,fitzgerald,7.25713791166033
5,melville,993,twain,6.954478931427002
5,melville,994,train,4.146029758453369
5,melville,994,baum,6.817499279975891
5,melville,994,thompson,7.269774675369263
5,melville,994,dickens,6.564128303527832
5,melville,994,melville,6.417102283901638
5,melville,994,wells,6.831731716791789
5,melville,994,austen,6.52852175785945
5,melville,994,fitzgerald,7.272775445665632
5,melville,994,twain,6.946801233291626
5,melville,995,train,4.151915740966797
5,melville,995,baum,6.816830158233643
5,melville,995,thompson,7.274505019187927
5,melville,995,dickens,6.549282089869181
5,melville,995,melville,6.4024349848429365
5,melville,995,wells,6.814312060674031
5,melville,995,austen,6.513168848477877
5,melville,995,fitzgerald,7.2678720610482355
5,melville,995,twain,6.984442853927613
5,melville,996,train,4.106688785552978
5,melville,996,baum,6.821130752563477
5,melville,996,thompson,7.280020356178284
5,melville,996,dickens,6.562071800231934
5,melville,996,melville,6.414057360755073
5,melville,996,wells,6.828660011291504
5,melville,996,austen,6.524216138399565
5,melville,996,fitzgerald,7.2771903446742465
5,melville,996,twain,6.964360809326172
5,melville,997,train,4.105489444732666
5,melville,997,baum,6.810495018959045
5,melville,997,thompson,7.269951462745666
5,melville,997,dickens,6.553521966934204
5,melville,997,melville,6.406540234883626
5,melville,997,wells,6.818492730458577
5,melville,997,austen,6.512123401348408
5,melville,997,fitzgerald,7.269773415156773
5,melville,997,twain,6.945091438293457
5,melville,998,train,4.087093830108643
5,melville,998,baum,6.822942137718201
5,melville,998,thompson,7.28287398815155
5,melville,998,dickens,6.565565824508667
5,melville,998,melville,6.410296387142605
5,melville,998,wells,6.828520933787028
5,melville,998,austen,6.531567646906926
5,melville,998,fitzgerald,7.279418809073312
5,melville,998,twain,6.97118616104126
5,melville,999,train,4.13210391998291
5,melville,999,baum,6.817529678344727
5,melville,999,thompson,7.278848052024841
5,melville,999,dickens,6.552506717046102
5,melville,999,melville,6.414736429850261
5,melville,999,wells,6.823366244633992
5,melville,999,austen,6.512507291940542
5,melville,999,fitzgerald,7.275266170501709
5,melville,999,twain,6.978033256530762
5,melville,1000,train,4.159145641326904
5,melville,1000,baum,6.809162259101868
5,melville,1000,thompson,7.272093415260315
5,melville,1000,dickens,6.550481923421224
5,melville,1000,melville,6.412884129418267
5,melville,1000,wells,6.818538506825765
5,melville,1000,austen,6.513888689187857
5,melville,1000,fitzgerald,7.267139843532017
5,melville,1000,twain,6.98231201171875
5,melville,1001,train,4.097918510437012
5,melville,1001,baum,6.820317625999451
5,melville,1001,thompson,7.280369400978088
5,melville,1001,dickens,6.555434179306031
5,melville,1001,melville,6.412111653221978
5,melville,1001,wells,6.827146212259929
5,melville,1001,austen,6.5176615715026855
5,melville,1001,fitzgerald,7.273000717163086
5,melville,1001,twain,6.9706456661224365
5,melville,1002,train,4.1343865394592285
5,melville,1002,baum,6.818622589111328
5,melville,1002,thompson,7.282980918884277
5,melville,1002,dickens,6.551952203114827
5,melville,1002,melville,6.410437636905247
5,melville,1002,wells,6.820446809132894
5,melville,1002,austen,6.512779492598313
5,melville,1002,fitzgerald,7.269801071711949
5,melville,1002,twain,6.993235301971436
5,melville,1003,train,4.10992956161499
5,melville,1003,baum,6.836020469665527
5,melville,1003,thompson,7.29828953742981
5,melville,1003,dickens,6.58339147567749
5,melville,1003,melville,6.425854206085205
5,melville,1003,wells,6.849919716517131
5,melville,1003,austen,6.541878920335036
5,melville,1003,fitzgerald,7.290893282209124
5,melville,1003,twain,6.983783006668091
5,melville,1004,train,4.106586265563965
5,melville,1004,baum,6.8212292194366455
5,melville,1004,thompson,7.285336494445801
5,melville,1004,dickens,6.560023450851441
5,melville,1004,melville,6.418847031063503
5,melville,1004,wells,6.828169981638591
5,melville,1004,austen,6.520345577826867
5,melville,1004,fitzgerald,7.271084376743862
5,melville,1004,twain,6.977452993392944
5,melville,1005,train,4.134865760803223
5,melville,1005,baum,6.838067889213562
5,melville,1005,thompson,7.298913598060608
5,melville,1005,dickens,6.572965033849081
5,melville,1005,melville,6.422020276387532
5,melville,1005,wells,6.8401704629262285
5,melville,1005,austen,6.53135505089393
5,melville,1005,fitzgerald,7.290605681283133
5,melville,1005,twain,6.991821146011352
5,melville,1006,train,4.092365455627442
5,melville,1006,baum,6.824267148971558
5,melville,1006,thompson,7.288748621940613
5,melville,1006,dickens,6.558875528971354
5,melville,1006,melville,6.418225129445394
5,melville,1006,wells,6.826737483342488
5,melville,1006,austen,6.520882973304162
5,melville,1006,fitzgerald,7.276504039764404
5,melville,1006,twain,6.981005001068115
5,melville,1007,train,4.123602485656738
5,melville,1007,baum,6.836665034294128
5,melville,1007,thompson,7.297471761703491
5,melville,1007,dickens,6.579632091522217
5,melville,1007,melville,6.42325841055976
5,melville,1007,wells,6.840116580327352
5,melville,1007,austen,6.537943840026856
5,melville,1007,fitzgerald,7.293245383671352
5,melville,1007,twain,6.9965065002441404
5,melville,1008,train,4.115126991271973
5,melville,1008,baum,6.811605334281921
5,melville,1008,thompson,7.276820182800293
5,melville,1008,dickens,6.55618044535319
5,melville,1008,melville,6.412252320183648
5,melville,1008,wells,6.823261419932048
5,melville,1008,austen,6.519758261167086
5,melville,1008,fitzgerald,7.273071765899658
5,melville,1008,twain,6.9662432193756105
5,melville,1009,train,4.128933334350586
5,melville,1009,baum,6.824599027633667
5,melville,1009,thompson,7.290026068687439
5,melville,1009,dickens,6.578545761108399
5,melville,1009,melville,6.417760372161865
5,melville,1009,wells,6.837282021840413
5,melville,1009,austen,6.54003014931312
5,melville,1009,fitzgerald,7.288186413901193
5,melville,1009,twain,6.969264173507691
5,melville,1010,train,4.093611001968384
5,melville,1010,baum,6.822664499282837
5,melville,1010,thompson,7.289423823356628
5,melville,1010,dickens,6.56187580426534
5,melville,1010,melville,6.4164952701992455
5,melville,1010,wells,6.834934949874878
5,melville,1010,austen,6.52506054364718
5,melville,1010,fitzgerald,7.278490815843854
5,melville,1010,twain,6.984562253952026
5,melville,1011,train,4.099257755279541
5,melville,1011,baum,6.825348258018494
5,melville,1011,thompson,7.294512033462524
5,melville,1011,dickens,6.57349632581075
5,melville,1011,melville,6.418437321980794
5,melville,1011,wells,6.841393709182739
5,melville,1011,austen,6.533698705526499
5,melville,1011,fitzgerald,7.290527956826346
5,melville,1011,twain,6.966776657104492
5,melville,1012,train,4.1090500831604
5,melville,1012,baum,6.8258056640625
5,melville,1012,thompson,7.292805194854736
5,melville,1012,dickens,6.56504602432251
5,melville,1012,melville,6.420733345879449
5,melville,1012,wells,6.835540850957234
5,melville,1012,austen,6.525871863731971
5,melville,1012,fitzgerald,7.285065991537912
5,melville,1012,twain,6.987244701385498
5,melville,1013,train,4.113232040405274
5,melville,1013,baum,6.8374234437942505
5,melville,1013,thompson,7.306293129920959
5,melville,1013,dickens,6.569678338368734
5,melville,1013,melville,6.424667305416531
5,melville,1013,wells,6.843094666798909
5,melville,1013,austen,6.530134164370024
5,melville,1013,fitzgerald,7.299853120531354
5,melville,1013,twain,6.999772882461548
5,melville,1014,train,4.126581192016602
5,melville,1014,baum,6.8252774477005005
5,melville,1014,thompson,7.290529251098633
5,melville,1014,dickens,6.572877375284831
5,melville,1014,melville,6.423595057593452
5,melville,1014,wells,6.838222503662109
5,melville,1014,austen,6.527536208813007
5,melville,1014,fitzgerald,7.286029066358294
5,melville,1014,twain,6.98482985496521
5,melville,1015,train,4.099040603637695
5,melville,1015,baum,6.836774826049805
5,melville,1015,thompson,7.300700664520264
5,melville,1015,dickens,6.582725842793782
5,melville,1015,melville,6.427049001057942
5,melville,1015,wells,6.850521485010783
5,melville,1015,austen,6.541640208317683
5,melville,1015,fitzgerald,7.297265870230539
5,melville,1015,twain,6.971542978286744
5,melville,1016,train,4.099631881713867
5,melville,1016,baum,6.829391121864319
5,melville,1016,thompson,7.290473937988281
5,melville,1016,dickens,6.562103398640951
5,melville,1016,melville,6.416211975945367
5,melville,1016,wells,6.831076542536418
5,melville,1016,austen,6.524333330301138
5,melville,1016,fitzgerald,7.28386081968035
5,melville,1016,twain,6.989652347564697
5,melville,1017,train,4.091342735290527
5,melville,1017,baum,6.8437111377716064
5,melville,1017,thompson,7.299224734306335
5,melville,1017,dickens,6.574972486495971
5,melville,1017,melville,6.423598130544026
5,melville,1017,wells,6.843002160390218
5,melville,1017,austen,6.535288664010855
5,melville,1017,fitzgerald,7.29669189453125
5,melville,1017,twain,6.997606897354126
5,melville,1018,train,4.11234483718872
5,melville,1018,baum,6.830220699310303
5,melville,1018,thompson,7.292088985443115
5,melville,1018,dickens,6.564237769444784
5,melville,1018,melville,6.417310926649305
5,melville,1018,wells,6.831908702850342
5,melville,1018,austen,6.521201573885405
5,melville,1018,fitzgerald,7.287533555712018
5,melville,1018,twain,6.98062047958374
5,melville,1019,train,4.099695301055908
5,melville,1019,baum,6.843209266662598
5,melville,1019,thompson,7.306157112121582
5,melville,1019,dickens,6.582564290364584
5,melville,1019,melville,6.426514254675971
5,melville,1019,wells,6.8531928062438965
5,melville,1019,austen,6.5456624031066895
5,melville,1019,fitzgerald,7.302885396139962
5,melville,1019,twain,7.000566959381104
5,melville,1020,train,4.082086944580079
5,melville,1020,baum,6.842143297195435
5,melville,1020,thompson,7.309067606925964
5,melville,1020,dickens,6.574752235412598
5,melville,1020,melville,6.426773283216688
5,melville,1020,wells,6.848356644312541
5,melville,1020,austen,6.531881259037898
5,melville,1020,fitzgerald,7.303570474897112
5,melville,1020,twain,6.995163869857788
5,melville,1021,train,4.09043960571289
5,melville,1021,baum,6.847785234451294
5,melville,1021,thompson,7.313253283500671
5,melville,1021,dickens,6.585561529795329
5,melville,1021,melville,6.433444446987576
5,melville,1021,wells,6.858487129211426
5,melville,1021,austen,6.546833075009859
5,melville,1021,fitzgerald,7.308035918644497
5,melville,1021,twain,7.011661338806152
5,melville,1022,train,4.087086772918701
5,melville,1022,baum,6.855510592460632
5,melville,1022,thompson,7.329487204551697
5,melville,1022,dickens,6.590884383519491
5,melville,1022,melville,6.431159284379747
5,melville,1022,wells,6.8624267578125
5,melville,1022,austen,6.544551189129169
5,melville,1022,fitzgerald,7.3145672253199985
5,melville,1022,twain,7.0138343334198
5,melville,1023,train,4.084832096099854
5,melville,1023,baum,6.837270140647888
5,melville,1023,thompson,7.311925530433655
5,melville,1023,dickens,6.579519097010294
5,melville,1023,melville,6.427861372629802
5,melville,1023,wells,6.850383122762044
5,melville,1023,austen,6.539929169874925
5,melville,1023,fitzgerald,7.301441396985735
5,melville,1023,twain,7.001994752883912
5,melville,1024,train,4.08625602722168
5,melville,1024,baum,6.851003646850586
5,melville,1024,thompson,7.31826376914978
5,melville,1024,dickens,6.594390964508056
5,melville,1024,melville,6.436057991451687
5,melville,1024,wells,6.863523403803508
5,melville,1024,austen,6.556014684530405
5,melville,1024,fitzgerald,7.31780058997018
5,melville,1024,twain,7.018301391601563
5,melville,1025,train,4.0552001953125
5,melville,1025,baum,6.83054506778717
5,melville,1025,thompson,7.301418542861938
5,melville,1025,dickens,6.559160772959391
5,melville,1025,melville,6.427420404222277
5,melville,1025,wells,6.845424811045329
5,melville,1025,austen,6.525953879723182
5,melville,1025,fitzgerald,7.294565950121198
5,melville,1025,twain,7.018760251998901
5,melville,1026,train,4.033314895629883
5,melville,1026,baum,6.862458944320679
5,melville,1026,thompson,7.322430491447449
5,melville,1026,dickens,6.593017959594727
5,melville,1026,melville,6.434735404120551
5,melville,1026,wells,6.866941213607788
5,melville,1026,austen,6.551548004150391
5,melville,1026,fitzgerald,7.32257046018328
5,melville,1026,twain,7.022349691390991
5,melville,1027,train,4.041465187072754
5,melville,1027,baum,6.846292614936829
5,melville,1027,thompson,7.312592625617981
5,melville,1027,dickens,6.57932767868042
5,melville,1027,melville,6.431532224019368
5,melville,1027,wells,6.860550721486409
5,melville,1027,austen,6.540306127988375
5,melville,1027,fitzgerald,7.307032857622419
5,melville,1027,twain,7.006654405593872
5,melville,1028,train,4.072390937805176
5,melville,1028,baum,6.837921738624573
5,melville,1028,thompson,7.31475031375885
5,melville,1028,dickens,6.579973681767782
5,melville,1028,melville,6.425288571251763
5,melville,1028,wells,6.852270603179932
5,melville,1028,austen,6.5344845331632175
5,melville,1028,fitzgerald,7.307152952466692
5,melville,1028,twain,7.0098021030426025
5,melville,1029,train,4.097901439666748
5,melville,1029,baum,6.856462240219116
5,melville,1029,thompson,7.325202822685242
5,melville,1029,dickens,6.589143927892049
5,melville,1029,melville,6.431416299608019
5,melville,1029,wells,6.865244785944621
5,melville,1029,austen,6.5464768409729
5,melville,1029,fitzgerald,7.316148212977818
5,melville,1029,twain,7.020918083190918
5,melville,1030,train,4.069376373291016
5,melville,1030,baum,6.868138074874878
5,melville,1030,thompson,7.334741115570068
5,melville,1030,dickens,6.603372844060262
5,melville,1030,melville,6.4406274689568415
5,melville,1030,wells,6.879020611445109
5,melville,1030,austen,6.564941076131968
5,melville,1030,fitzgerald,7.333264282771519
5,melville,1030,twain,7.04055871963501
5,melville,1031,train,4.07473201751709
5,melville,1031,baum,6.847257733345032
5,melville,1031,thompson,7.316873550415039
5,melville,1031,dickens,6.601276143391927
5,melville,1031,melville,6.433036115434435
5,melville,1031,wells,6.869938691457112
5,melville,1031,austen,6.559586268204909
5,melville,1031,fitzgerald,7.315912178584507
5,melville,1031,twain,6.9797180652618405
5,melville,1032,train,4.051001739501953
5,melville,1032,baum,6.860355854034424
5,melville,1032,thompson,7.319446802139282
5,melville,1032,dickens,6.589355580012003
5,melville,1032,melville,6.432604206932916
5,melville,1032,wells,6.856872081756592
5,melville,1032,austen,6.5489348998436565
5,melville,1032,fitzgerald,7.310358592442104
5,melville,1032,twain,7.045920753479004
5,melville,1033,train,4.06067681312561
5,melville,1033,baum,6.860804200172424
5,melville,1033,thompson,7.322303295135498
5,melville,1033,dickens,6.587940661112468
5,melville,1033,melville,6.436713271670872
5,melville,1033,wells,6.8706889152526855
5,melville,1033,austen,6.554825929495005
5,melville,1033,fitzgerald,7.32093163899013
5,melville,1033,twain,7.021457004547119
5,melville,1034,train,4.104040908813476
5,melville,1034,baum,6.852560043334961
5,melville,1034,thompson,7.320405960083008
5,melville,1034,dickens,6.594517358144125
5,melville,1034,melville,6.432905303107368
5,melville,1034,wells,6.862383365631104
5,melville,1034,austen,6.552399782034067
5,melville,1034,fitzgerald,7.314393860953195
5,melville,1034,twain,7.025027704238892
5,melville,1035,train,4.065932369232177
5,melville,1035,baum,6.844448089599609
5,melville,1035,thompson,7.310553073883057
5,melville,1035,dickens,6.600296878814698
5,melville,1035,melville,6.432109514872233
5,melville,1035,wells,6.862347682317098
5,melville,1035,austen,6.558419044201191
5,melville,1035,fitzgerald,7.313741683959961
5,melville,1035,twain,6.990309572219848
5,melville,1036,train,4.046340465545654
5,melville,1036,baum,6.840712070465088
5,melville,1036,thompson,7.30669629573822
5,melville,1036,dickens,6.596060705184937
5,melville,1036,melville,6.431052631802029
5,melville,1036,wells,6.866299390792847
5,melville,1036,austen,6.5557050704956055
5,melville,1036,fitzgerald,7.310083729880197
5,melville,1036,twain,6.996944379806519
5,melville,1037,train,4.062099266052246
5,melville,1037,baum,6.864618301391602
5,melville,1037,thompson,7.323529481887817
5,melville,1037,dickens,6.597273683547973
5,melville,1037,melville,6.438000996907552
5,melville,1037,wells,6.870043913523356
5,melville,1037,austen,6.557338127723107
5,melville,1037,fitzgerald,7.328476769583566
5,melville,1037,twain,7.025636053085327
5,melville,1038,train,4.0469635963439945
5,melville,1038,baum,6.865318775177002
5,melville,1038,thompson,7.325186729431152
5,melville,1038,dickens,6.603477366765341
5,melville,1038,melville,6.439807203080919
5,melville,1038,wells,6.873929182688396
5,melville,1038,austen,6.562993416419396
5,melville,1038,fitzgerald,7.319280692509243
5,melville,1038,twain,7.031194114685059
5,melville,1039,train,4.031237649917602
5,melville,1039,baum,6.870113730430603
5,melville,1039,thompson,7.335746049880981
5,melville,1039,dickens,6.597739966710408
5,melville,1039,melville,6.445171515146892
5,melville,1039,wells,6.873347361882527
5,melville,1039,austen,6.5547377879803
5,melville,1039,fitzgerald,7.329124995640346
5,melville,1039,twain,7.042227840423584
5,melville,1040,train,4.04460244178772
5,melville,1040,baum,6.860823035240173
5,melville,1040,thompson,7.326135158538818
5,melville,1040,dickens,6.591319910685221
5,melville,1040,melville,6.432352754804823
5,melville,1040,wells,6.865025043487549
5,melville,1040,austen,6.547372634594257
5,melville,1040,fitzgerald,7.325872353145054
5,melville,1040,twain,7.039730834960937
5,melville,1041,train,4.034545612335205
5,melville,1041,baum,6.864047527313232
5,melville,1041,thompson,7.330424070358276
5,melville,1041,dickens,6.603928025563558
5,melville,1041,melville,6.441676669650608
5,melville,1041,wells,6.876962979634603
5,melville,1041,austen,6.561919028942402
5,melville,1041,fitzgerald,7.333315304347447
5,melville,1041,twain,7.025180101394653
5,melville,1042,train,4.031193447113037
5,melville,1042,baum,6.868998289108276
5,melville,1042,thompson,7.333864808082581
5,melville,1042,dickens,6.599175866444906
5,melville,1042,melville,6.441736592186822
5,melville,1042,wells,6.872147401173909
5,melville,1042,austen,6.557113097264216
5,melville,1042,fitzgerald,7.3296686581202914
5,melville,1042,twain,7.027598714828491
5,melville,1043,train,4.044883441925049
5,melville,1043,baum,6.882826447486877
5,melville,1043,thompson,7.342962145805359
5,melville,1043,dickens,6.614799833297729
5,melville,1043,melville,6.450717396206326
5,melville,1043,wells,6.889449040095012
5,melville,1043,austen,6.577195204221285
5,melville,1043,fitzgerald,7.347394534519741
5,melville,1043,twain,7.031837511062622
5,melville,1044,train,4.055799198150635
5,melville,1044,baum,6.868584990501404
5,melville,1044,thompson,7.329380631446838
5,melville,1044,dickens,6.61670413017273
5,melville,1044,melville,6.453890694512261
5,melville,1044,wells,6.891447464625041
5,melville,1044,austen,6.578501994793232
5,melville,1044,fitzgerald,7.339100633348737
5,melville,1044,twain,7.013031101226806
5,melville,1045,train,4.067683982849121
5,melville,1045,baum,6.863010406494141
5,melville,1045,thompson,7.33222496509552
5,melville,1045,dickens,6.583747514088949
5,melville,1045,melville,6.433957152896458
5,melville,1045,wells,6.862445036570231
5,melville,1045,austen,6.539998494661772
5,melville,1045,fitzgerald,7.328022616250174
5,melville,1045,twain,7.033297872543335
5,melville,1046,train,4.034084320068359
5,melville,1046,baum,6.882556200027466
5,melville,1046,thompson,7.345370054244995
5,melville,1046,dickens,6.6140833059946695
5,melville,1046,melville,6.452507866753472
5,melville,1046,wells,6.888729015986125
5,melville,1046,austen,6.571817214672382
5,melville,1046,fitzgerald,7.346833842141287
5,melville,1046,twain,7.050911569595337
5,melville,1047,train,4.052288579940796
5,melville,1047,baum,6.875299334526062
5,melville,1047,thompson,7.340274572372436
5,melville,1047,dickens,6.606964063644409
5,melville,1047,melville,6.448490672641331
5,melville,1047,wells,6.878339846928914
5,melville,1047,austen,6.56362955386822
5,melville,1047,fitzgerald,7.3378825187683105
5,melville,1047,twain,7.034687948226929
5,melville,1048,train,4.061228179931641
5,melville,1048,baum,6.870246410369873
5,melville,1048,thompson,7.332831859588623
5,melville,1048,dickens,6.610037692387899
5,melville,1048,melville,6.454480806986491
5,melville,1048,wells,6.883812586466472
5,melville,1048,austen,6.568409589620737
5,melville,1048,fitzgerald,7.332608018602643
5,melville,1048,twain,7.023479461669922
5,melville,1049,train,4.05060338973999
5,melville,1049,baum,6.902624487876892
5,melville,1049,thompson,7.357903957366943
5,melville,1049,dickens,6.634030866622925
5,melville,1049,melville,6.456604798634847
5,melville,1049,wells,6.904690504074097
5,melville,1049,austen,6.596052719996526
5,melville,1049,fitzgerald,7.3647958891732355
5,melville,1049,twain,7.02382264137268
5,melville,1050,train,4.028288984298706
5,melville,1050,baum,6.871326088905335
5,melville,1050,thompson,7.3337721824646
5,melville,1050,dickens,6.611623032887777
5,melville,1050,melville,6.453159279293484
5,melville,1050,wells,6.890944401423137
5,melville,1050,austen,6.577770636631892
5,melville,1050,fitzgerald,7.33960621697562
5,melville,1050,twain,7.034324073791504
5,melville,1051,train,4.024259042739868
5,melville,1051,baum,6.865635633468628
5,melville,1051,thompson,7.336366057395935
5,melville,1051,dickens,6.613759199778239
5,melville,1051,melville,6.448828379313151
5,melville,1051,wells,6.883630752563477
5,melville,1051,austen,6.572128919454721
5,melville,1051,fitzgerald,7.336125101361956
5,melville,1051,twain,7.01628475189209
5,melville,1052,train,4.051229667663574
5,melville,1052,baum,6.894487977027893
5,melville,1052,thompson,7.355911016464233
5,melville,1052,dickens,6.6129147211710615
5,melville,1052,melville,6.467599021063911
5,melville,1052,wells,6.903001467386882
5,melville,1052,austen,6.580293545356164
5,melville,1052,fitzgerald,7.36006464276995
5,melville,1052,twain,7.056684827804565
5,melville,1053,train,4.007601499557495
5,melville,1053,baum,6.874555945396423
5,melville,1053,thompson,7.336790442466736
5,melville,1053,dickens,6.601338243484497
5,melville,1053,melville,6.454080687628852
5,melville,1053,wells,6.879177490870158
5,melville,1053,austen,6.562207808861365
5,melville,1053,fitzgerald,7.333863530840192
5,melville,1053,twain,7.048370599746704
5,melville,1054,train,4.02292013168335
5,melville,1054,baum,6.890324354171753
5,melville,1054,thompson,7.362300157546997
5,melville,1054,dickens,6.626402505238851
5,melville,1054,melville,6.456994586520725
5,melville,1054,wells,6.898465871810913
5,melville,1054,austen,6.5834856400123005
5,melville,1054,fitzgerald,7.365627220698765
5,melville,1054,twain,7.031093740463257
5,melville,1055,train,4.000209617614746
5,melville,1055,baum,6.871145844459534
5,melville,1055,thompson,7.3293644189834595
5,melville,1055,dickens,6.613456217447917
5,melville,1055,melville,6.445301585727268
5,melville,1055,wells,6.880209843317668
5,melville,1055,austen,6.56951904296875
5,melville,1055,fitzgerald,7.338247435433524
5,melville,1055,twain,7.01723461151123
5,melville,1056,train,4.026258897781372
5,melville,1056,baum,6.893437623977661
5,melville,1056,thompson,7.357101202011108
5,melville,1056,dickens,6.628661505381266
5,melville,1056,melville,6.463169044918484
5,melville,1056,wells,6.901231050491333
5,melville,1056,austen,6.588778239030105
5,melville,1056,fitzgerald,7.360484191349575
5,melville,1056,twain,7.041024303436279
5,melville,1057,train,4.025396347045898
5,melville,1057,baum,6.872858881950378
5,melville,1057,thompson,7.337952613830566
5,melville,1057,dickens,6.623397970199585
5,melville,1057,melville,6.454434500800239
5,melville,1057,wells,6.891186475753784
5,melville,1057,austen,6.581972158872164
5,melville,1057,fitzgerald,7.339386326926095
5,melville,1057,twain,7.014936256408691
5,melville,1058,train,4.006642723083496
5,melville,1058,baum,6.876994371414185
5,melville,1058,thompson,7.339123725891113
5,melville,1058,dickens,6.6128564675649
5,melville,1058,melville,6.451368014017741
5,melville,1058,wells,6.878177722295125
5,melville,1058,austen,6.573411464691162
5,melville,1058,fitzgerald,7.333151204245431
5,melville,1058,twain,7.036177349090576
5,melville,1059,train,4.028259229660034
5,melville,1059,baum,6.871453285217285
5,melville,1059,thompson,7.334177613258362
5,melville,1059,dickens,6.60356330871582
5,melville,1059,melville,6.443100982242161
5,melville,1059,wells,6.872547388076782
5,melville,1059,austen,6.55982072536762
5,melville,1059,fitzgerald,7.333994047982352
5,melville,1059,twain,7.0262195587158205
5,melville,1060,train,4.020987319946289
5,melville,1060,baum,6.888032197952271
5,melville,1060,thompson,7.355166792869568
5,melville,1060,dickens,6.620880095163981
5,melville,1060,melville,6.452724562750922
5,melville,1060,wells,6.88329291343689
5,melville,1060,austen,6.580059418311486
5,melville,1060,fitzgerald,7.352841785975865
5,melville,1060,twain,7.060146284103394
5,melville,1061,train,4.017486047744751
5,melville,1061,baum,6.885441422462463
5,melville,1061,thompson,7.363629579544067
5,melville,1061,dickens,6.614009030659994
5,melville,1061,melville,6.4625240961710615
5,melville,1061,wells,6.888415495554606
5,melville,1061,austen,6.571789264678955
5,melville,1061,fitzgerald,7.354901994977679
5,melville,1061,twain,7.084826183319092
5,melville,1062,train,4.036997318267822
5,melville,1062,baum,6.890488624572754
5,melville,1062,thompson,7.358664155006409
5,melville,1062,dickens,6.616355689366658
5,melville,1062,melville,6.455551677280003
5,melville,1062,wells,6.892624696095784
5,melville,1062,austen,6.582663646111121
5,melville,1062,fitzgerald,7.357732159750802
5,melville,1062,twain,7.056123542785644
5,melville,1063,train,4.029665756225586
5,melville,1063,baum,6.868122220039368
5,melville,1063,thompson,7.338000893592834
5,melville,1063,dickens,6.611423428853353
5,melville,1063,melville,6.451555146111383
5,melville,1063,wells,6.880431890487671
5,melville,1063,austen,6.574219960432786
5,melville,1063,fitzgerald,7.329680987766811
5,melville,1063,twain,7.032931613922119
5,melville,1064,train,4.001184558868408
5,melville,1064,baum,6.899813055992127
5,melville,1064,thompson,7.366682291030884
5,melville,1064,dickens,6.6315288066864015
5,melville,1064,melville,6.462194124857585
5,melville,1064,wells,6.905093272527059
5,melville,1064,austen,6.595138989962065
5,melville,1064,fitzgerald,7.363828931535993
5,melville,1064,twain,7.032425832748413
5,melville,1065,train,4.0181244850158695
5,melville,1065,baum,6.885348558425903
5,melville,1065,thompson,7.349282145500183
5,melville,1065,dickens,6.618191146850586
5,melville,1065,melville,6.452836142645942
5,melville,1065,wells,6.884620984395345
5,melville,1065,austen,6.580322999220628
5,melville,1065,fitzgerald,7.344426836286273
5,melville,1065,twain,7.0456380367279055
5,melville,1066,train,4.009814977645874
5,melville,1066,baum,6.910368323326111
5,melville,1066,thompson,7.373637795448303
5,melville,1066,dickens,6.647733386357626
5,melville,1066,melville,6.471024036407471
5,melville,1066,wells,6.926790714263916
5,melville,1066,austen,6.616934812985933
5,melville,1066,fitzgerald,7.380669730050223
5,melville,1066,twain,7.0390819072723385
5,melville,1067,train,3.995793008804321
5,melville,1067,baum,6.899571418762207
5,melville,1067,thompson,7.368174195289612
5,melville,1067,dickens,6.633430369695028
5,melville,1067,melville,6.474037541283502
5,melville,1067,wells,6.912490685780843
5,melville,1067,austen,6.593858168675349
5,melville,1067,fitzgerald,7.369178976331439
5,melville,1067,twain,7.050693607330322
5,melville,1068,train,3.96639552116394
5,melville,1068,baum,6.894421935081482
5,melville,1068,thompson,7.368220686912537
5,melville,1068,dickens,6.636674658457438
5,melville,1068,melville,6.465311209360759
5,melville,1068,wells,6.910627921422322
5,melville,1068,austen,6.598277972294734
5,melville,1068,fitzgerald,7.359104905809675
5,melville,1068,twain,7.0422688007354735
5,melville,1069,train,4.029409265518188
5,melville,1069,baum,6.88346791267395
5,melville,1069,thompson,7.3598597049713135
5,melville,1069,dickens,6.627186600367228
5,melville,1069,melville,6.460708565182156
5,melville,1069,wells,6.898656447728475
5,melville,1069,austen,6.585789277003362
5,melville,1069,fitzgerald,7.356077534811837
5,melville,1069,twain,7.06132607460022
5,melville,1070,train,3.975891590118408
5,melville,1070,baum,6.906119346618652
5,melville,1070,thompson,7.372596025466919
5,melville,1070,dickens,6.631988128026326
5,melville,1070,melville,6.471411916944716
5,melville,1070,wells,6.912970145543416
5,melville,1070,austen,6.597260548518254
5,melville,1070,fitzgerald,7.372527258736746
5,melville,1070,twain,7.056620597839356
5,melville,1071,train,4.008761692047119
5,melville,1071,baum,6.903751611709595
5,melville,1071,thompson,7.3714964389801025
5,melville,1071,dickens,6.63233650525411
5,melville,1071,melville,6.47075276904636
5,melville,1071,wells,6.910244067509969
5,melville,1071,austen,6.592227862431453
5,melville,1071,fitzgerald,7.365306581769671
5,melville,1071,twain,7.068689727783204
5,melville,1072,train,3.976994466781616
5,melville,1072,baum,6.915190935134888
5,melville,1072,thompson,7.384683132171631
5,melville,1072,dickens,6.654146464665731
5,melville,1072,melville,6.474118868509929
5,melville,1072,wells,6.930142164230347
5,melville,1072,austen,6.614002851339487
5,melville,1072,fitzgerald,7.382033484322684
5,melville,1072,twain,7.039010763168335
5,melville,1073,train,3.9906182289123535
5,melville,1073,baum,6.912799000740051
5,melville,1073,thompson,7.37404727935791
5,melville,1073,dickens,6.641876745223999
5,melville,1073,melville,6.473729133605957
5,melville,1073,wells,6.916035811106364
5,melville,1073,austen,6.598847682659443
5,melville,1073,fitzgerald,7.371154512677874
5,melville,1073,twain,7.062554264068604
5,melville,1074,train,3.981326103210449
5,melville,1074,baum,6.914102673530579
5,melville,1074,thompson,7.37309193611145
5,melville,1074,dickens,6.643024349212647
5,melville,1074,melville,6.474738756815593
5,melville,1074,wells,6.924678087234497
5,melville,1074,austen,6.60815246288593
5,melville,1074,fitzgerald,7.378437382834298
5,melville,1074,twain,7.054434156417846
5,melville,1075,train,3.962510585784912
5,melville,1075,baum,6.910055875778198
5,melville,1075,thompson,7.37326967716217
5,melville,1075,dickens,6.641562573115031
5,melville,1075,melville,6.47023868560791
5,melville,1075,wells,6.9217751026153564
5,melville,1075,austen,6.607018690842849
5,melville,1075,fitzgerald,7.375623362404959
5,melville,1075,twain,7.058015441894531
5,melville,1076,train,4.016512632369995
5,melville,1076,baum,6.9028297662734985
5,melville,1076,thompson,7.367848396301269
5,melville,1076,dickens,6.63775618871053
5,melville,1076,melville,6.471073892381456
5,melville,1076,wells,6.919014930725098
5,melville,1076,austen,6.602518961979793
5,melville,1076,fitzgerald,7.367099557604108
5,melville,1076,twain,7.036188220977783
5,melville,1077,train,3.954927730560303
5,melville,1077,baum,6.897364258766174
5,melville,1077,thompson,7.366439580917358
5,melville,1077,dickens,6.639906438191732
5,melville,1077,melville,6.470341629452175
5,melville,1077,wells,6.911772012710571
5,melville,1077,austen,6.596472996931809
5,melville,1077,fitzgerald,7.364194869995117
5,melville,1077,twain,7.032726049423218
5,melville,1078,train,3.99913592338562
5,melville,1078,baum,6.892419338226318
5,melville,1078,thompson,7.359499573707581
5,melville,1078,dickens,6.629782072703043
5,melville,1078,melville,6.462372514936659
5,melville,1078,wells,6.898224751154582
5,melville,1078,austen,6.593254896310659
5,melville,1078,fitzgerald,7.354586328778948
5,melville,1078,twain,7.037300539016724
5,melville,1079,train,3.9877531051635744
5,melville,1079,baum,6.90582811832428
5,melville,1079,thompson,7.373051404953003
5,melville,1079,dickens,6.643807140986125
5,melville,1079,melville,6.471004274156359
5,melville,1079,wells,6.920221010843913
5,melville,1079,austen,6.610856569730318
5,melville,1079,fitzgerald,7.370984349931989
5,melville,1079,twain,7.027232503890991
5,melville,1080,train,3.976478433609009
5,melville,1080,baum,6.900066494941711
5,melville,1080,thompson,7.374783873558044
5,melville,1080,dickens,6.63363733291626
5,melville,1080,melville,6.464469379848904
5,melville,1080,wells,6.906179428100586
5,melville,1080,austen,6.5929843829228325
5,melville,1080,fitzgerald,7.365048749106271
5,melville,1080,twain,7.046126651763916
5,melville,1081,train,3.977660894393921
5,melville,1081,baum,6.910265684127808
5,melville,1081,thompson,7.385338306427002
5,melville,1081,dickens,6.631345828374227
5,melville,1081,melville,6.479488001929389
5,melville,1081,wells,6.91620667775472
5,melville,1081,austen,6.593789907602163
5,melville,1081,fitzgerald,7.375093391963413
5,melville,1081,twain,7.058603572845459
5,melville,1082,train,3.958401107788086
5,melville,1082,baum,6.907724380493164
5,melville,1082,thompson,7.380422949790955
5,melville,1082,dickens,6.640618022282919
5,melville,1082,melville,6.468390358818902
5,melville,1082,wells,6.91665244102478
5,melville,1082,austen,6.603838113638071
5,melville,1082,fitzgerald,7.376019682203021
5,melville,1082,twain,7.078260087966919
5,melville,1083,train,3.978047370910645
5,melville,1083,baum,6.906494379043579
5,melville,1083,thompson,7.383722186088562
5,melville,1083,dickens,6.641628456115723
5,melville,1083,melville,6.480345937940809
5,melville,1083,wells,6.925164461135864
5,melville,1083,austen,6.604937039888823
5,melville,1083,fitzgerald,7.379664489201137
5,melville,1083,twain,7.054843091964722
5,melville,1084,train,3.989257860183716
5,melville,1084,baum,6.916895151138306
5,melville,1084,thompson,7.386371254920959
5,melville,1084,dickens,6.649825080235799
5,melville,1084,melville,6.476521174112956
5,melville,1084,wells,6.923451026280721
5,melville,1084,austen,6.613747743459848
5,melville,1084,fitzgerald,7.376987797873361
5,melville,1084,twain,7.069878149032593
5,melville,1085,train,3.9732768058776857
5,melville,1085,baum,6.911912322044373
5,melville,1085,thompson,7.377441167831421
5,melville,1085,dickens,6.654847717285156
5,melville,1085,melville,6.479100651211208
5,melville,1085,wells,6.930776755015056
5,melville,1085,austen,6.625064189617451
5,melville,1085,fitzgerald,7.378970759255545
5,melville,1085,twain,7.038507890701294
5,melville,1086,train,3.986754608154297
5,melville,1086,baum,6.903699636459351
5,melville,1086,thompson,7.366197109222412
5,melville,1086,dickens,6.653763421376547
5,melville,1086,melville,6.4774053361680775
5,melville,1086,wells,6.920016527175903
5,melville,1086,austen,6.613392206338736
5,melville,1086,fitzgerald,7.368706839425223
5,melville,1086,twain,7.022377920150757
5,melville,1087,train,3.978587579727173
5,melville,1087,baum,6.914561748504639
5,melville,1087,thompson,7.384919047355652
5,melville,1087,dickens,6.640433343251546
5,melville,1087,melville,6.478982077704536
5,melville,1087,wells,6.9137548605601
5,melville,1087,austen,6.6038126945495605
5,melville,1087,fitzgerald,7.37315171105521
5,melville,1087,twain,7.05634183883667
5,melville,1088,train,3.9443435668945312
5,melville,1088,baum,6.917968153953552
5,melville,1088,thompson,7.388416290283203
5,melville,1088,dickens,6.648702001571655
5,melville,1088,melville,6.479294882880317
5,melville,1088,wells,6.925305048624675
5,melville,1088,austen,6.602868446936975
5,melville,1088,fitzgerald,7.384988444192069
5,melville,1088,twain,7.0685090065002445
5,melville,1089,train,3.923549222946167
5,melville,1089,baum,6.9202916622161865
5,melville,1089,thompson,7.3837727308273315
5,melville,1089,dickens,6.647429672876994
5,melville,1089,melville,6.488151126437717
5,melville,1089,wells,6.930164575576782
5,melville,1089,austen,6.6094872401310845
5,melville,1089,fitzgerald,7.38518932887486
5,melville,1089,twain,7.048220539093018
5,melville,1090,train,3.92410945892334
5,melville,1090,baum,6.9168621301651
5,melville,1090,thompson,7.3847432136535645
5,melville,1090,dickens,6.650620444615682
5,melville,1090,melville,6.479884836408827
5,melville,1090,wells,6.923895438512166
5,melville,1090,austen,6.6138427807734566
5,melville,1090,fitzgerald,7.379354068211147
5,melville,1090,twain,7.07357006072998
5,melville,1091,train,3.983262491226197
5,melville,1091,baum,6.925423741340637
5,melville,1091,thompson,7.397702097892761
5,melville,1091,dickens,6.653418763478597
5,melville,1091,melville,6.483631557888455
5,melville,1091,wells,6.935355583826701
5,melville,1091,austen,6.615975856781006
5,melville,1091,fitzgerald,7.389703750610352
5,melville,1091,twain,7.069524621963501
5,melville,1092,train,3.952555704116821
5,melville,1092,baum,6.920888900756836
5,melville,1092,thompson,7.392375826835632
5,melville,1092,dickens,6.6435056527455645
5,melville,1092,melville,6.47582467397054
5,melville,1092,wells,6.91518505414327
5,melville,1092,austen,6.595235164348896
5,melville,1092,fitzgerald,7.381613527025495
5,melville,1092,twain,7.089092636108399
5,melville,1093,train,3.987660646438599
5,melville,1093,baum,6.9327555894851685
5,melville,1093,thompson,7.4033390283584595
5,melville,1093,dickens,6.659841505686442
5,melville,1093,melville,6.492438634236653
5,melville,1093,wells,6.938248475392659
5,melville,1093,austen,6.623971902407133
5,melville,1093,fitzgerald,7.40468304497855
5,melville,1093,twain,7.067078256607056
5,melville,1094,train,3.9941940784454335
5,melville,1094,baum,6.92651629447937
5,melville,1094,thompson,7.395833253860474
5,melville,1094,dickens,6.663976653416952
5,melville,1094,melville,6.4767411020067005
5,melville,1094,wells,6.930341720581055
5,melville,1094,austen,6.630920630234939
5,melville,1094,fitzgerald,7.398686340876988
5,melville,1094,twain,7.0865825653076175
5,melville,1095,train,3.9570062160491934
5,melville,1095,baum,6.9050774574279785
5,melville,1095,thompson,7.378001809120178
5,melville,1095,dickens,6.641932344436645
5,melville,1095,melville,6.470501952701145
5,melville,1095,wells,6.906666994094849
5,melville,1095,austen,6.600136096660908
5,melville,1095,fitzgerald,7.37164865221296
5,melville,1095,twain,7.0498350143432615
5,melville,1096,train,3.952691173553467
5,melville,1096,baum,6.9252636432647705
5,melville,1096,thompson,7.396044254302978
5,melville,1096,dickens,6.646938403447469
5,melville,1096,melville,6.475588798522949
5,melville,1096,wells,6.922027905782064
5,melville,1096,austen,6.607950210571289
5,melville,1096,fitzgerald,7.39052540915353
5,melville,1096,twain,7.091805267333984
5,melville,1097,train,3.908195590972901
5,melville,1097,baum,6.935505270957947
5,melville,1097,thompson,7.410729885101318
5,melville,1097,dickens,6.671925910313925
5,melville,1097,melville,6.4901538954840765
5,melville,1097,wells,6.952803134918213
5,melville,1097,austen,6.636073882763203
5,melville,1097,fitzgerald,7.413449832371303
5,melville,1097,twain,7.086073684692383
5,melville,1098,train,3.937997007369995
5,melville,1098,baum,6.930087685585022
5,melville,1098,thompson,7.414190173149109
5,melville,1098,dickens,6.655597845713298
5,melville,1098,melville,6.488295820024279
5,melville,1098,wells,6.93468713760376
5,melville,1098,austen,6.617482295403113
5,melville,1098,fitzgerald,7.404080935886928
5,melville,1098,twain,7.126455497741699
5,melville,1099,train,3.942385673522949
5,melville,1099,baum,6.935082316398621
5,melville,1099,thompson,7.408421397209167
5,melville,1099,dickens,6.681209802627564
5,melville,1099,melville,6.493335405985515
5,melville,1099,wells,6.9526238441467285
5,melville,1099,austen,6.641684825603779
5,melville,1099,fitzgerald,7.409065246582031
5,melville,1099,twain,7.07758526802063
5,melville,1100,train,3.972833204269409
5,melville,1100,baum,6.929721474647522
5,melville,1100,thompson,7.405507445335388
5,melville,1100,dickens,6.664808146158854
5,melville,1100,melville,6.48164611392551
5,melville,1100,wells,6.928397178649902
5,melville,1100,austen,6.6203478666452265
5,melville,1100,fitzgerald,7.391541481018066
5,melville,1100,twain,7.083450889587402
5,melville,1101,train,3.944998931884766
5,melville,1101,baum,6.925345182418823
5,melville,1101,thompson,7.390310525894165
5,melville,1101,dickens,6.661931943893433
5,melville,1101,melville,6.482178423139784
5,melville,1101,wells,6.924918492635091
5,melville,1101,austen,6.62044202364408
5,melville,1101,fitzgerald,7.387172358376639
5,melville,1101,twain,7.071905708312988
5,melville,1102,train,3.925381851196289
5,melville,1102,baum,6.936015009880066
5,melville,1102,thompson,7.40773332118988
5,melville,1102,dickens,6.670520544052124
5,melville,1102,melville,6.491045422024197
5,melville,1102,wells,6.939876556396484
5,melville,1102,austen,6.626643364246075
5,melville,1102,fitzgerald,7.402741091591971
5,melville,1102,twain,7.099879169464112
5,melville,1103,train,3.985855531692505
5,melville,1103,baum,6.92486834526062
5,melville,1103,thompson,7.393512725830078
5,melville,1103,dickens,6.669631226857503
5,melville,1103,melville,6.489148086971706
5,melville,1103,wells,6.939737002054851
5,melville,1103,austen,6.624141656435453
5,melville,1103,fitzgerald,7.3935331617082864
5,melville,1103,twain,7.052281665802002
5,melville,1104,train,3.9629554271698
5,melville,1104,baum,6.921807289123535
5,melville,1104,thompson,7.395656943321228
5,melville,1104,dickens,6.672200775146484
5,melville,1104,melville,6.487825764550103
5,melville,1104,wells,6.938183228174846
5,melville,1104,austen,6.635947227478027
5,melville,1104,fitzgerald,7.394444329398019
5,melville,1104,twain,7.052482318878174
5,melville,1105,train,3.950098609924317
5,melville,1105,baum,6.937952995300293
5,melville,1105,thompson,7.415815830230713
5,melville,1105,dickens,6.685280052820842
5,melville,1105,melville,6.499815834893121
5,melville,1105,wells,6.954371293385823
5,melville,1105,austen,6.6447816995474005
5,melville,1105,fitzgerald,7.411756243024554
5,melville,1105,twain,7.071356725692749
5,melville,1106,train,3.9192370891571047
5,melville,1106,baum,6.931140184402466
5,melville,1106,thompson,7.401549339294434
5,melville,1106,dickens,6.675576718648275
5,melville,1106,melville,6.491770479414198
5,melville,1106,wells,6.944315433502197
5,melville,1106,austen,6.639088227198674
5,melville,1106,fitzgerald,7.399397986275809
5,melville,1106,twain,7.068874406814575
5,melville,1107,train,3.935076808929443
5,melville,1107,baum,6.944378256797791
5,melville,1107,thompson,7.40923798084259
5,melville,1107,dickens,6.684298912684123
5,melville,1107,melville,6.495453039805095
5,melville,1107,wells,6.949789524078369
5,melville,1107,austen,6.649108373201811
5,melville,1107,fitzgerald,7.410324777875628
5,melville,1107,twain,7.080612564086914
5,melville,1108,train,3.923357343673706
5,melville,1108,baum,6.93838369846344
5,melville,1108,thompson,7.4050986766815186
5,melville,1108,dickens,6.687737035751343
5,melville,1108,melville,6.495460510253906
5,melville,1108,wells,6.954072872797648
5,melville,1108,austen,6.648728994222788
5,melville,1108,fitzgerald,7.410537651606968
5,melville,1108,twain,7.068908596038819
5,melville,1109,train,3.90832462310791
5,melville,1109,baum,6.953021764755249
5,melville,1109,thompson,7.421744346618652
5,melville,1109,dickens,6.684808397293091
5,melville,1109,melville,6.50032377243042
5,melville,1109,wells,6.951252381006877
5,melville,1109,austen,6.643076419830322
5,melville,1109,fitzgerald,7.414972577776227
5,melville,1109,twain,7.1040685176849365
5,melville,1110,train,3.939760160446167
5,melville,1110,baum,6.949129700660706
5,melville,1110,thompson,7.423073649406433
5,melville,1110,dickens,6.679954910278321
5,melville,1110,melville,6.502029683854845
5,melville,1110,wells,6.958615223566691
5,melville,1110,austen,6.644329694601206
5,melville,1110,fitzgerald,7.414638519287109
5,melville,1110,twain,7.109784173965454
5,melville,1111,train,3.957876682281494
5,melville,1111,baum,6.952311158180237
5,melville,1111,thompson,7.429372668266296
5,melville,1111,dickens,6.675490013758341
5,melville,1111,melville,6.506441169314915
5,melville,1111,wells,6.953141053517659
5,melville,1111,austen,6.632717315967266
5,melville,1111,fitzgerald,7.420850617544992
5,melville,1111,twain,7.115326642990112
5,melville,1112,train,3.9465413093566895
5,melville,1112,baum,6.929400086402893
5,melville,1112,thompson,7.402303695678711
5,melville,1112,dickens,6.675285847981771
5,melville,1112,melville,6.492469469706218
5,melville,1112,wells,6.947179396947225
5,melville,1112,austen,6.6343739949739895
5,melville,1112,fitzgerald,7.403771468571255
5,melville,1112,twain,7.065289783477783
5,melville,1113,train,3.884025239944458
5,melville,1113,baum,6.941263794898987
5,melville,1113,thompson,7.414487361907959
5,melville,1113,dickens,6.681928316752116
5,melville,1113,melville,6.492467509375678
5,melville,1113,wells,6.951792319615682
5,melville,1113,austen,6.642030275785006
5,melville,1113,fitzgerald,7.413655689784458
5,melville,1113,twain,7.073928594589233
5,melville,1114,train,3.927191734313965
5,melville,1114,baum,6.9325867891311646
5,melville,1114,thompson,7.404723644256592
5,melville,1114,dickens,6.675425513585409
5,melville,1114,melville,6.488528569539388
5,melville,1114,wells,6.947024345397949
5,melville,1114,austen,6.636659328754131
5,melville,1114,fitzgerald,7.398525714874268
5,melville,1114,twain,7.077677297592163
5,melville,1115,train,3.886959934234619
5,melville,1115,baum,6.939439535140991
5,melville,1115,thompson,7.419737696647644
5,melville,1115,dickens,6.6810185273488365
5,melville,1115,melville,6.497845119900173
5,melville,1115,wells,6.955391089121501
5,melville,1115,austen,6.646710249093863
5,melville,1115,fitzgerald,7.411969729832241
5,melville,1115,twain,7.085669040679932
5,melville,1116,train,3.903740406036377
5,melville,1116,baum,6.943393349647522
5,melville,1116,thompson,7.4252495765686035
5,melville,1116,dickens,6.682747141520182
5,melville,1116,melville,6.500259346432156
5,melville,1116,wells,6.954722245534261
5,melville,1116,austen,6.644530443044809
5,melville,1116,fitzgerald,7.419900485447475
5,melville,1116,twain,7.074045181274414
5,melville,1117,train,3.892399978637696
5,melville,1117,baum,6.9519031047821045
5,melville,1117,thompson,7.428169250488281
5,melville,1117,dickens,6.690312592188517
5,melville,1117,melville,6.506565835740831
5,melville,1117,wells,6.963617165883382
5,melville,1117,austen,6.654859139369084
5,melville,1117,fitzgerald,7.421802929469517
5,melville,1117,twain,7.0797741413116455
5,melville,1118,train,3.926606798171997
5,melville,1118,baum,6.938108205795288
5,melville,1118,thompson,7.415585517883301
5,melville,1118,dickens,6.685787026087443
5,melville,1118,melville,6.505138874053955
5,melville,1118,wells,6.957596302032471
5,melville,1118,austen,6.64529642691979
5,melville,1118,fitzgerald,7.410221304212298
5,melville,1118,twain,7.073426055908203
5,melville,1119,train,3.943852424621582
5,melville,1119,baum,6.962452173233032
5,melville,1119,thompson,7.435908436775207
5,melville,1119,dickens,6.707455428441365
5,melville,1119,melville,6.51044676038954
5,melville,1119,wells,6.983968098958333
5,melville,1119,austen,6.676273492666391
5,melville,1119,fitzgerald,7.442980221339634
5,melville,1119,twain,7.09436149597168
5,melville,1120,train,3.931638765335083
5,melville,1120,baum,6.950962424278259
5,melville,1120,thompson,7.426665186882019
5,melville,1120,dickens,6.694270658493042
5,melville,1120,melville,6.501737647586399
5,melville,1120,wells,6.95806090037028
5,melville,1120,austen,6.652734683110164
5,melville,1120,fitzgerald,7.424568516867501
5,melville,1120,twain,7.097039937973023
5,melville,1121,train,3.9192545890808095
5,melville,1121,baum,6.9589715003967285
5,melville,1121,thompson,7.433000445365906
5,melville,1121,dickens,6.695604689915975
5,melville,1121,melville,6.518760575188531
5,melville,1121,wells,6.976890484491984
5,melville,1121,austen,6.661730106060322
5,melville,1121,fitzgerald,7.434878621782575
5,melville,1121,twain,7.09753007888794
5,melville,1122,train,3.927025079727173
5,melville,1122,baum,6.959532976150513
5,melville,1122,thompson,7.428679704666138
5,melville,1122,dickens,6.700535996754964
5,melville,1122,melville,6.512379911210802
5,melville,1122,wells,6.977216800053914
5,melville,1122,austen,6.658754752232478
5,melville,1122,fitzgerald,7.429931163787842
5,melville,1122,twain,7.081630754470825
5,melville,1123,train,3.9381406784057615
5,melville,1123,baum,6.948530673980713
5,melville,1123,thompson,7.423048734664917
5,melville,1123,dickens,6.688049602508545
5,melville,1123,melville,6.501536634233263
5,melville,1123,wells,6.95912233988444
5,melville,1123,austen,6.651127301729643
5,melville,1123,fitzgerald,7.417741979871478
5,melville,1123,twain,7.094213628768921
5,melville,1124,train,3.886409568786621
5,melville,1124,baum,6.963828086853027
5,melville,1124,thompson,7.437664031982422
5,melville,1124,dickens,6.704835557937622
5,melville,1124,melville,6.517353905571832
5,melville,1124,wells,6.978051900863648
5,melville,1124,austen,6.660453062791091
5,melville,1124,fitzgerald,7.440111705235073
5,melville,1124,twain,7.074381685256958
5,melville,1125,train,3.923204708099365
5,melville,1125,baum,6.947824239730835
5,melville,1125,thompson,7.419606328010559
5,melville,1125,dickens,6.698505194981893
5,melville,1125,melville,6.502481513553196
5,melville,1125,wells,6.963952302932739
5,melville,1125,austen,6.657671414888823
5,melville,1125,fitzgerald,7.423755781991141
5,melville,1125,twain,7.079753255844116
5,melville,1126,train,3.8979814529418944
5,melville,1126,baum,6.96243691444397
5,melville,1126,thompson,7.440798997879028
5,melville,1126,dickens,6.701204220453898
5,melville,1126,melville,6.513133684794108
5,melville,1126,wells,6.96944785118103
5,melville,1126,austen,6.663581848144531
5,melville,1126,fitzgerald,7.436304092407227
5,melville,1126,twain,7.088010787963867
5,melville,1127,train,3.883327913284302
5,melville,1127,baum,6.954786777496338
5,melville,1127,thompson,7.428051829338074
5,melville,1127,dickens,6.705829461415608
5,melville,1127,melville,6.513388951619466
5,melville,1127,wells,6.97788683573405
5,melville,1127,austen,6.669337566082294
5,melville,1127,fitzgerald,7.42997373853411
5,melville,1127,twain,7.074697589874267
5,melville,1128,train,3.902253866195679
5,melville,1128,baum,6.964164137840271
5,melville,1128,thompson,7.435216307640076
5,melville,1128,dickens,6.707560364405314
5,melville,1128,melville,6.514714558919271
5,melville,1128,wells,6.970873991648356
5,melville,1128,austen,6.663974578563984
5,melville,1128,fitzgerald,7.431623186383929
5,melville,1128,twain,7.100190544128418
5,melville,1129,train,3.905691766738892
5,melville,1129,baum,6.961309790611267
5,melville,1129,thompson,7.440357089042664
5,melville,1129,dickens,6.7164440472920734
5,melville,1129,melville,6.514909744262695
5,melville,1129,wells,6.986773252487183
5,melville,1129,austen,6.6810874205369215
5,melville,1129,fitzgerald,7.4437666620527
5,melville,1129,twain,7.086178398132324
5,melville,1130,train,3.902788019180298
5,melville,1130,baum,6.942419528961182
5,melville,1130,thompson,7.425774931907654
5,melville,1130,dickens,6.690171241760254
5,melville,1130,melville,6.512597931755914
5,melville,1130,wells,6.959125518798828
5,melville,1130,austen,6.648559130155123
5,melville,1130,fitzgerald,7.419483184814453
5,melville,1130,twain,7.098055791854859
5,melville,1131,train,3.87763147354126
5,melville,1131,baum,6.966246843338013
5,melville,1131,thompson,7.442736744880676
5,melville,1131,dickens,6.710730679829916
5,melville,1131,melville,6.526107682122125
5,melville,1131,wells,6.985519886016846
5,melville,1131,austen,6.672157434316782
5,melville,1131,fitzgerald,7.44288090297154
5,melville,1131,twain,7.09586877822876
5,melville,1132,train,3.8982262134552
5,melville,1132,baum,6.960724115371704
5,melville,1132,thompson,7.443334579467773
5,melville,1132,dickens,6.701082690556844
5,melville,1132,melville,6.516078472137451
5,melville,1132,wells,6.974509398142497
5,melville,1132,austen,6.659803097064678
5,melville,1132,fitzgerald,7.434385027204241
5,melville,1132,twain,7.0923991203308105
5,melville,1133,train,3.8469953536987305
5,melville,1133,baum,6.94505500793457
5,melville,1133,thompson,7.421557784080505
5,melville,1133,dickens,6.693633985519409
5,melville,1133,melville,6.508455064561632
5,melville,1133,wells,6.965752363204956
5,melville,1133,austen,6.6478292025052586
5,melville,1133,fitzgerald,7.418025153023856
5,melville,1133,twain,7.066478490829468
5,melville,1134,train,3.924371433258057
5,melville,1134,baum,6.964705228805542
5,melville,1134,thompson,7.430759906768799
5,melville,1134,dickens,6.7001299381256105
5,melville,1134,melville,6.5157575607299805
5,melville,1134,wells,6.971017122268677
5,melville,1134,austen,6.662181597489577
5,melville,1134,fitzgerald,7.4329056058611185
5,melville,1134,twain,7.102238464355469
5,melville,1135,train,3.91239333152771
5,melville,1135,baum,6.951728820800781
5,melville,1135,thompson,7.42733907699585
5,melville,1135,dickens,6.703668324152629
5,melville,1135,melville,6.510922114054362
5,melville,1135,wells,6.970725854237874
5,melville,1135,austen,6.664902650392973
5,melville,1135,fitzgerald,7.427001680646624
5,melville,1135,twain,7.089094018936157
5,melville,1136,train,3.930600643157959
5,melville,1136,baum,6.969996333122253
5,melville,1136,thompson,7.442820072174072
5,melville,1136,dickens,6.701292451222738
5,melville,1136,melville,6.520611974928114
5,melville,1136,wells,6.975418329238892
5,melville,1136,austen,6.659250112680288
5,melville,1136,fitzgerald,7.441042559487479
5,melville,1136,twain,7.098685646057129
5,melville,1137,train,3.921779918670654
5,melville,1137,baum,6.957658648490906
5,melville,1137,thompson,7.434991717338562
5,melville,1137,dickens,6.692272154490153
5,melville,1137,melville,6.5086553361680775
5,melville,1137,wells,6.9607555866241455
5,melville,1137,austen,6.651394917414739
5,melville,1137,fitzgerald,7.431860787527902
5,melville,1137,twain,7.109539318084717
5,melville,1138,train,3.883793640136719
5,melville,1138,baum,6.973156809806824
5,melville,1138,thompson,7.453002572059631
5,melville,1138,dickens,6.7028581937154135
5,melville,1138,melville,6.521988232930501
5,melville,1138,wells,6.979965130488078
5,melville,1138,austen,6.668369183173547
5,melville,1138,fitzgerald,7.443233830588205
5,melville,1138,twain,7.118642950057984
5,melville,1139,train,3.9072823524475098
5,melville,1139,baum,6.965638160705566
5,melville,1139,thompson,7.44335150718689
5,melville,1139,dickens,6.708347924550375
5,melville,1139,melville,6.521352397070991
5,melville,1139,wells,6.979599157969157
5,melville,1139,austen,6.666821039639986
5,melville,1139,fitzgerald,7.439660344805036
5,melville,1139,twain,7.100052404403686
5,melville,1140,train,3.871335506439209
5,melville,1140,baum,6.962507486343384
5,melville,1140,thompson,7.439266920089722
5,melville,1140,dickens,6.704880698521932
5,melville,1140,melville,6.525163650512695
5,melville,1140,wells,6.979534864425659
5,melville,1140,austen,6.666644536531889
5,melville,1140,fitzgerald,7.436114583696638
5,melville,1140,twain,7.092167329788208
5,melville,1141,train,3.904164457321167
5,melville,1141,baum,6.945560336112976
5,melville,1141,thompson,7.425963044166565
5,melville,1141,dickens,6.693300088246663
5,melville,1141,melville,6.509757412804498
5,melville,1141,wells,6.966276248296102
5,melville,1141,austen,6.656640162834754
5,melville,1141,fitzgerald,7.420797961098807
5,melville,1141,twain,7.074992609024048
5,melville,1142,train,3.874110460281372
5,melville,1142,baum,6.972404479980469
5,melville,1142,thompson,7.448782801628113
5,melville,1142,dickens,6.70593687693278
5,melville,1142,melville,6.518413649664985
5,melville,1142,wells,6.977670431137085
5,melville,1142,austen,6.671692444727971
5,melville,1142,fitzgerald,7.4447921344212125
5,melville,1142,twain,7.109251356124878
5,melville,1143,train,3.870403432846069
5,melville,1143,baum,6.968838453292847
5,melville,1143,thompson,7.440075635910034
5,melville,1143,dickens,6.715182240804037
5,melville,1143,melville,6.532041178809272
5,melville,1143,wells,6.9902191162109375
5,melville,1143,austen,6.677673816680908
5,melville,1143,fitzgerald,7.44502558026995
5,melville,1143,twain,7.085040473937989
5,melville,1144,train,3.904437160491944
5,melville,1144,baum,6.983530402183533
5,melville,1144,thompson,7.462672233581543
5,melville,1144,dickens,6.718163124720255
5,melville,1144,melville,6.530121008555095
5,melville,1144,wells,6.993353684743245
5,melville,1144,austen,6.67888461626493
5,melville,1144,fitzgerald,7.454968384334019
5,melville,1144,twain,7.118264818191529
5,melville,1145,train,3.818738508224487
5,melville,1145,baum,6.9596686363220215
5,melville,1145,thompson,7.435256123542786
5,melville,1145,dickens,6.7018644173940025
5,melville,1145,melville,6.517296314239502
5,melville,1145,wells,6.976994752883911
5,melville,1145,austen,6.6644397515517015
5,melville,1145,fitzgerald,7.43392733165196
5,melville,1145,twain,7.084665870666504
5,melville,1146,train,3.866523551940918
5,melville,1146,baum,6.9690834283828735
5,melville,1146,thompson,7.441894888877869
5,melville,1146,dickens,6.707974036534627
5,melville,1146,melville,6.532316790686713
5,melville,1146,wells,6.985775232315064
5,melville,1146,austen,6.67275227033175
5,melville,1146,fitzgerald,7.4435514722551614
5,melville,1146,twain,7.10333399772644
5,melville,1147,train,3.864728879928589
5,melville,1147,baum,6.969925284385681
5,melville,1147,thompson,7.45126748085022
5,melville,1147,dickens,6.707830429077148
5,melville,1147,melville,6.523252169291179
5,melville,1147,wells,6.98650320370992
5,melville,1147,austen,6.673922135279729
5,melville,1147,fitzgerald,7.450451510293143
5,melville,1147,twain,7.1272083759307865
5,melville,1148,train,3.907141017913818
5,melville,1148,baum,6.963544964790344
5,melville,1148,thompson,7.441904306411743
5,melville,1148,dickens,6.702124881744385
5,melville,1148,melville,6.530369069841173
5,melville,1148,wells,6.986336867014567
5,melville,1148,austen,6.6663211308992825
5,melville,1148,fitzgerald,7.445420197078159
5,melville,1148,twain,7.087098169326782
5,melville,1149,train,3.862673139572144
5,melville,1149,baum,6.963302969932556
5,melville,1149,thompson,7.445874571800232
5,melville,1149,dickens,6.706624794006348
5,melville,1149,melville,6.534535090128581
5,melville,1149,wells,6.98793896039327
5,melville,1149,austen,6.669119358062744
5,melville,1149,fitzgerald,7.447560719081333
5,melville,1149,twain,7.114548587799073
5,melville,1150,train,3.850296449661255
5,melville,1150,baum,6.975422143936157
5,melville,1150,thompson,7.454184889793396
5,melville,1150,dickens,6.725271622339885
5,melville,1150,melville,6.538455963134766
5,melville,1150,wells,7.001687049865723
5,melville,1150,austen,6.691241117624136
5,melville,1150,fitzgerald,7.457352774483817
5,melville,1150,twain,7.104572677612305
5,melville,1151,train,3.8525088310241697
5,melville,1151,baum,6.97411835193634
5,melville,1151,thompson,7.453276038169861
5,melville,1151,dickens,6.715853722890218
5,melville,1151,melville,6.535934236314562
5,melville,1151,wells,6.987975597381592
5,melville,1151,austen,6.684449342580942
5,melville,1151,fitzgerald,7.448907715933664
5,melville,1151,twain,7.103705501556396
5,melville,1152,train,3.8347489833831774
5,melville,1152,baum,6.984330177307129
5,melville,1152,thompson,7.464400053024292
5,melville,1152,dickens,6.7309417724609375
5,melville,1152,melville,6.539136780632867
5,melville,1152,wells,7.007703304290772
5,melville,1152,austen,6.698530013744648
5,melville,1152,fitzgerald,7.4668716703142435
5,melville,1152,twain,7.122611999511719
5,melville,1153,train,3.851628398895264
5,melville,1153,baum,6.980421304702759
5,melville,1153,thompson,7.458917737007141
5,melville,1153,dickens,6.717531410853068
5,melville,1153,melville,6.541640493604872
5,melville,1153,wells,6.997260491053264
5,melville,1153,austen,6.681926103738638
5,melville,1153,fitzgerald,7.463927268981934
5,melville,1153,twain,7.127641344070435
5,melville,1154,train,3.8532795906066895
5,melville,1154,baum,6.981746792793274
5,melville,1154,thompson,7.459017753601074
5,melville,1154,dickens,6.722469170888265
5,melville,1154,melville,6.5341482692294655
5,melville,1154,wells,7.00404938062032
5,melville,1154,austen,6.691828214205229
5,melville,1154,fitzgerald,7.459521293640137
5,melville,1154,twain,7.133055830001831
5,melville,1155,train,3.8801177978515615
5,melville,1155,baum,6.97412645816803
5,melville,1155,thompson,7.458145618438721
5,melville,1155,dickens,6.7180544376373295
5,melville,1155,melville,6.535055001576741
5,melville,1155,wells,6.98855725924174
5,melville,1155,austen,6.677793796245869
5,melville,1155,fitzgerald,7.450862680162702
5,melville,1155,twain,7.112064218521118
5,melville,1156,train,3.876315784454346
5,melville,1156,baum,7.007194995880127
5,melville,1156,thompson,7.4791975021362305
5,melville,1156,dickens,6.7424592018127445
5,melville,1156,melville,6.550293710496691
5,melville,1156,wells,7.027611653010051
5,melville,1156,austen,6.7096416766826925
5,melville,1156,fitzgerald,7.48971380506243
5,melville,1156,twain,7.129627656936646
5,melville,1157,train,3.865798902511597
5,melville,1157,baum,6.972771525382996
5,melville,1157,thompson,7.457462668418884
5,melville,1157,dickens,6.703482182820638
5,melville,1157,melville,6.535161124335395
5,melville,1157,wells,6.98934284845988
5,melville,1157,austen,6.66917085647583
5,melville,1157,fitzgerald,7.447032383510044
5,melville,1157,twain,7.136097383499146
5,melville,1158,train,3.83471736907959
5,melville,1158,baum,6.985299825668335
5,melville,1158,thompson,7.461192727088928
5,melville,1158,dickens,6.731912962595621
5,melville,1158,melville,6.541457706027561
5,melville,1158,wells,7.005196491877238
5,melville,1158,austen,6.699334914867695
5,melville,1158,fitzgerald,7.463142190660749
5,melville,1158,twain,7.11717414855957
5,melville,1159,train,3.850727796554565
5,melville,1159,baum,6.978917837142944
5,melville,1159,thompson,7.456849217414856
5,melville,1159,dickens,6.719930299123129
5,melville,1159,melville,6.537065347035726
5,melville,1159,wells,7.000575065612793
5,melville,1159,austen,6.680112105149489
5,melville,1159,fitzgerald,7.458239010402134
5,melville,1159,twain,7.113259029388428
5,melville,1160,train,3.865021085739136
5,melville,1160,baum,7.002299308776856
5,melville,1160,thompson,7.477854371070862
5,melville,1160,dickens,6.74998943010966
5,melville,1160,melville,6.548381858401829
5,melville,1160,wells,7.0228573481241865
5,melville,1160,austen,6.719545731177697
5,melville,1160,fitzgerald,7.483283724103655
5,melville,1160,twain,7.146315813064575
5,melville,1161,train,3.8463011741638176
5,melville,1161,baum,6.984502077102661
5,melville,1161,thompson,7.461668848991394
5,melville,1161,dickens,6.716001367568969
5,melville,1161,melville,6.538131766849094
5,melville,1161,wells,6.993615706761678
5,melville,1161,austen,6.6776673243596
5,melville,1161,fitzgerald,7.45979997089931
5,melville,1161,twain,7.118162202835083
5,melville,1162,train,3.81449785232544
5,melville,1162,baum,6.98604953289032
5,melville,1162,thompson,7.462027192115784
5,melville,1162,dickens,6.7248020966847735
5,melville,1162,melville,6.535472657945421
5,melville,1162,wells,6.998758554458618
5,melville,1162,austen,6.683309481694148
5,melville,1162,fitzgerald,7.464168003627232
5,melville,1162,twain,7.137495613098144
5,melville,1163,train,3.8399768829345695
5,melville,1163,baum,7.003145813941956
5,melville,1163,thompson,7.483340859413147
5,melville,1163,dickens,6.745621538162231
5,melville,1163,melville,6.542438507080078
5,melville,1163,wells,7.017762025197347
5,melville,1163,austen,6.706632247337928
5,melville,1163,fitzgerald,7.484853608267648
5,melville,1163,twain,7.127634477615357
5,melville,1164,train,3.828083944320679
5,melville,1164,baum,7.014737367630005
5,melville,1164,thompson,7.497802734375
5,melville,1164,dickens,6.733926073710124
5,melville,1164,melville,6.547575102912055
5,melville,1164,wells,7.015863021214803
5,melville,1164,austen,6.699563870063195
5,melville,1164,fitzgerald,7.491170406341553
5,melville,1164,twain,7.171305894851685
5,melville,1165,train,3.840571165084839
5,melville,1165,baum,7.000169634819031
5,melville,1165,thompson,7.4758758544921875
5,melville,1165,dickens,6.733796342213949
5,melville,1165,melville,6.539626651340061
5,melville,1165,wells,7.017133633295695
5,melville,1165,austen,6.7001734513502855
5,melville,1165,fitzgerald,7.476886681147984
5,melville,1165,twain,7.118789768218994
5,melville,1166,train,3.836826753616333
5,melville,1166,baum,6.995314002037048
5,melville,1166,thompson,7.476410746574402
5,melville,1166,dickens,6.748680305480957
5,melville,1166,melville,6.546256966061062
5,melville,1166,wells,7.023593584696452
5,melville,1166,austen,6.711371275094839
5,melville,1166,fitzgerald,7.479247025081089
5,melville,1166,twain,7.119975757598877
5,melville,1167,train,3.821214199066162
5,melville,1167,baum,7.010381579399109
5,melville,1167,thompson,7.491657614707947
5,melville,1167,dickens,6.759963528315226
5,melville,1167,melville,6.549775229560004
5,melville,1167,wells,7.026534239451091
5,melville,1167,austen,6.720725646385779
5,melville,1167,fitzgerald,7.486354487282889
5,melville,1167,twain,7.148018026351929
5,melville,1168,train,3.838092803955078
5,melville,1168,baum,7.0096131563186646
5,melville,1168,thompson,7.490718841552734
5,melville,1168,dickens,6.746764024098714
5,melville,1168,melville,6.546135054694282
5,melville,1168,wells,7.020554860432942
5,melville,1168,austen,6.707990022806021
5,melville,1168,fitzgerald,7.483714853014264
5,melville,1168,twain,7.170376253128052
5,melville,1169,train,3.845308351516724
5,melville,1169,baum,7.0109323263168335
5,melville,1169,thompson,7.492111206054687
5,melville,1169,dickens,6.759961334864299
5,melville,1169,melville,6.556657102372911
5,melville,1169,wells,7.028533061345418
5,melville,1169,austen,6.71936112183791
5,melville,1169,fitzgerald,7.494313035692487
5,melville,1169,twain,7.148966693878174
5,melville,1170,train,3.865100526809692
5,melville,1170,baum,7.015247464179993
5,melville,1170,thompson,7.496923327445984
5,melville,1170,dickens,6.753343009948731
5,melville,1170,melville,6.562407334645589
5,melville,1170,wells,7.036516189575195
5,melville,1170,austen,6.720463716066801
5,melville,1170,fitzgerald,7.502077307019915
5,melville,1170,twain,7.167189216613769
5,melville,1171,train,3.861204290390015
5,melville,1171,baum,7.020757675170898
5,melville,1171,thompson,7.504029870033264
5,melville,1171,dickens,6.756473509470622
5,melville,1171,melville,6.55377017127143
5,melville,1171,wells,7.032450914382935
5,melville,1171,austen,6.716550423548772
5,melville,1171,fitzgerald,7.505870887211391
5,melville,1171,twain,7.162298917770386
5,melville,1172,train,3.833407974243164
5,melville,1172,baum,7.021001219749451
5,melville,1172,thompson,7.498493075370789
5,melville,1172,dickens,6.755328861872355
5,melville,1172,melville,6.55844333436754
5,melville,1172,wells,7.0372341473897295
5,melville,1172,austen,6.7162221028254585
5,melville,1172,fitzgerald,7.505505289350237
5,melville,1172,twain,7.158660793304444
5,melville,1173,train,3.845409870147705
5,melville,1173,baum,7.024134874343872
5,melville,1173,thompson,7.501587271690369
5,melville,1173,dickens,6.749265098571778
5,melville,1173,melville,6.54890955819024
5,melville,1173,wells,7.026201089223226
5,melville,1173,austen,6.71090423143827
5,melville,1173,fitzgerald,7.502443517957415
5,melville,1173,twain,7.18260498046875
5,melville,1174,train,3.811160326004028
5,melville,1174,baum,7.020232796669006
5,melville,1174,thompson,7.495588660240173
5,melville,1174,dickens,6.765699450174967
5,melville,1174,melville,6.553731971316868
5,melville,1174,wells,7.040313720703125
5,melville,1174,austen,6.725837854238657
5,melville,1174,fitzgerald,7.501418318067278
5,melville,1174,twain,7.147790622711182
5,melville,1175,train,3.8533814430236815
5,melville,1175,baum,7.018123269081116
5,melville,1175,thompson,7.497156858444214
5,melville,1175,dickens,6.771063041687012
5,melville,1175,melville,6.554603682623969
5,melville,1175,wells,7.043246269226074
5,melville,1175,austen,6.734294121082012
5,melville,1175,fitzgerald,7.502225399017334
5,melville,1175,twain,7.150312423706055
5,melville,1176,train,3.842222833633423
5,melville,1176,baum,7.012314558029175
5,melville,1176,thompson,7.487597823143005
5,melville,1176,dickens,6.747069183985392
5,melville,1176,melville,6.55416382683648
5,melville,1176,wells,7.025582154591878
5,melville,1176,austen,6.70848850103525
5,melville,1176,fitzgerald,7.4885334968566895
5,melville,1176,twain,7.132296133041382
5,melville,1177,train,3.865304565429688
5,melville,1177,baum,7.009516358375549
5,melville,1177,thompson,7.4928494691848755
5,melville,1177,dickens,6.75935877164205
5,melville,1177,melville,6.548503398895264
5,melville,1177,wells,7.027845700581868
5,melville,1177,austen,6.723090208493746
5,melville,1177,fitzgerald,7.493887969425747
5,melville,1177,twain,7.133030033111572
5,melville,1178,train,3.8102612018585207
5,melville,1178,baum,7.013128280639648
5,melville,1178,thompson,7.490315794944763
5,melville,1178,dickens,6.743620681762695
5,melville,1178,melville,6.55115901099311
5,melville,1178,wells,7.021266857783
5,melville,1178,austen,6.706179728874793
5,melville,1178,fitzgerald,7.487208911350796
5,melville,1178,twain,7.142204666137696
5,melville,1179,train,3.807519721984863
5,melville,1179,baum,7.007527947425842
5,melville,1179,thompson,7.487098932266235
5,melville,1179,dickens,6.75447678565979
5,melville,1179,melville,6.547008302476671
5,melville,1179,wells,7.023994366327922
5,melville,1179,austen,6.7199422396146336
5,melville,1179,fitzgerald,7.495826993669782
5,melville,1179,twain,7.153712034225464
5,melville,1180,train,3.81215934753418
5,melville,1180,baum,7.029162287712097
5,melville,1180,thompson,7.507657408714294
5,melville,1180,dickens,6.7495275974273685
5,melville,1180,melville,6.560626824696858
5,melville,1180,wells,7.031370798746745
5,melville,1180,austen,6.70884631230281
5,melville,1180,fitzgerald,7.505468096051898
5,melville,1180,twain,7.165957021713257
5,melville,1181,train,3.791820430755615
5,melville,1181,baum,7.0135791301727295
5,melville,1181,thompson,7.498834490776062
5,melville,1181,dickens,6.763906987508138
5,melville,1181,melville,6.562644905514187
5,melville,1181,wells,7.0320554574330645
5,melville,1181,austen,6.720483779907227
5,melville,1181,fitzgerald,7.49665355682373
5,melville,1181,twain,7.138855934143066
5,melville,1182,train,3.832875776290893
5,melville,1182,baum,7.016940593719482
5,melville,1182,thompson,7.492616891860962
5,melville,1182,dickens,6.767458979288737
5,melville,1182,melville,6.561223242017958
5,melville,1182,wells,7.037955284118652
5,melville,1182,austen,6.722211250892053
5,melville,1182,fitzgerald,7.499003001621792
5,melville,1182,twain,7.127288961410523
5,melville,1183,train,3.7819583892822255
5,melville,1183,baum,7.040208101272583
5,melville,1183,thompson,7.518414616584778
5,melville,1183,dickens,6.776495981216431
5,melville,1183,melville,6.569740401373969
5,melville,1183,wells,7.057526350021362
5,melville,1183,austen,6.737382008479192
5,melville,1183,fitzgerald,7.529740129198347
5,melville,1183,twain,7.174110507965088
5,melville,1184,train,3.832015562057495
5,melville,1184,baum,7.021121025085449
5,melville,1184,thompson,7.502395153045654
5,melville,1184,dickens,6.773040994008382
5,melville,1184,melville,6.561141649881999
5,melville,1184,wells,7.04303503036499
5,melville,1184,austen,6.728137859931359
5,melville,1184,fitzgerald,7.509039129529681
5,melville,1184,twain,7.14491901397705
5,melville,1185,train,3.7917484760284426
5,melville,1185,baum,7.041550517082214
5,melville,1185,thompson,7.522999048233032
5,melville,1185,dickens,6.777072620391846
5,melville,1185,melville,6.569246186150445
5,melville,1185,wells,7.059589783350627
5,melville,1185,austen,6.743742135854868
5,melville,1185,fitzgerald,7.533463205610003
5,melville,1185,twain,7.174491119384766
5,melville,1186,train,3.8078901767730713
5,melville,1186,baum,7.017058491706848
5,melville,1186,thompson,7.50040078163147
5,melville,1186,dickens,6.761730432510376
5,melville,1186,melville,6.557636366950141
5,melville,1186,wells,7.035064220428467
5,melville,1186,austen,6.718142142662635
5,melville,1186,fitzgerald,7.508324010031564
5,melville,1186,twain,7.131341600418091
5,melville,1187,train,3.801738595962525
5,melville,1187,baum,7.025730490684509
5,melville,1187,thompson,7.504592180252075
5,melville,1187,dickens,6.776421689987183
5,melville,1187,melville,6.573639498816596
5,melville,1187,wells,7.053470770517985
5,melville,1187,austen,6.74069987810575
5,melville,1187,fitzgerald,7.517441136496408
5,melville,1187,twain,7.170272493362427
5,melville,1188,train,3.795312881469727
5,melville,1188,baum,7.025117993354797
5,melville,1188,thompson,7.509449958801269
5,melville,1188,dickens,6.762593237559001
5,melville,1188,melville,6.560646798875597
5,melville,1188,wells,7.036503791809082
5,melville,1188,austen,6.7212480031527
5,melville,1188,fitzgerald,7.51005356652396
5,melville,1188,twain,7.155162811279297
5,melville,1189,train,3.80057053565979
5,melville,1189,baum,7.026925325393677
5,melville,1189,thompson,7.503645300865173
5,melville,1189,dickens,6.769116560618083
5,melville,1189,melville,6.565733697679308
5,melville,1189,wells,7.041160424550374
5,melville,1189,austen,6.730335052196796
5,melville,1189,fitzgerald,7.512970243181501
5,melville,1189,twain,7.157031679153443
5,melville,1190,train,3.808287572860718
5,melville,1190,baum,7.018895387649536
5,melville,1190,thompson,7.507537007331848
5,melville,1190,dickens,6.7515695254007975
5,melville,1190,melville,6.558713065253364
5,melville,1190,wells,7.031453847885132
5,melville,1190,austen,6.709577377025898
5,melville,1190,fitzgerald,7.500641959054129
5,melville,1190,twain,7.16267671585083
5,melville,1191,train,3.80331301689148
5,melville,1191,baum,7.03445839881897
5,melville,1191,thompson,7.513921618461609
5,melville,1191,dickens,6.76550718943278
5,melville,1191,melville,6.571445412105984
5,melville,1191,wells,7.045460303624471
5,melville,1191,austen,6.730399315173809
5,melville,1191,fitzgerald,7.513497488839286
5,melville,1191,twain,7.183672046661377
5,melville,1192,train,3.808906888961792
5,melville,1192,baum,7.013109087944031
5,melville,1192,thompson,7.492666721343994
5,melville,1192,dickens,6.762213834126791
5,melville,1192,melville,6.565731578403049
5,melville,1192,wells,7.039582252502441
5,melville,1192,austen,6.721772193908691
5,melville,1192,fitzgerald,7.493647915976388
5,melville,1192,twain,7.126998949050903
5,melville,1193,train,3.840609884262085
5,melville,1193,baum,7.047917366027832
5,melville,1193,thompson,7.529907464981079
5,melville,1193,dickens,6.772927649815878
5,melville,1193,melville,6.576562616560194
5,melville,1193,wells,7.058089256286621
5,melville,1193,austen,6.7370985471285305
5,melville,1193,fitzgerald,7.5312709127153665
5,melville,1193,twain,7.200945091247559
5,melville,1194,train,3.797277545928955
5,melville,1194,baum,7.011122107505798
5,melville,1194,thompson,7.49307119846344
5,melville,1194,dickens,6.746190595626831
5,melville,1194,melville,6.566493988037109
5,melville,1194,wells,7.029310464859009
5,melville,1194,austen,6.71122250190148
5,melville,1194,fitzgerald,7.494338308061872
5,melville,1194,twain,7.152252340316773
5,melville,1195,train,3.814160060882569
5,melville,1195,baum,7.036106586456299
5,melville,1195,thompson,7.521542429924011
5,melville,1195,dickens,6.771585464477539
5,melville,1195,melville,6.570538732740614
5,melville,1195,wells,7.047339836756389
5,melville,1195,austen,6.734541782966027
5,melville,1195,fitzgerald,7.521517957959857
5,melville,1195,twain,7.186269903182984
5,melville,1196,train,3.770459842681885
5,melville,1196,baum,7.021654844284058
5,melville,1196,thompson,7.51458203792572
5,melville,1196,dickens,6.771776135762533
5,melville,1196,melville,6.566629780663384
5,melville,1196,wells,7.04891578356425
5,melville,1196,austen,6.729773631462684
5,melville,1196,fitzgerald,7.514706339154925
5,melville,1196,twain,7.157047891616822
5,melville,1197,train,3.7912589073181153
5,melville,1197,baum,7.037378311157227
5,melville,1197,thompson,7.521695733070373
5,melville,1197,dickens,6.777119652430216
5,melville,1197,melville,6.564214865366618
5,melville,1197,wells,7.0474021434783936
5,melville,1197,austen,6.736627432016226
5,melville,1197,fitzgerald,7.518788882664272
5,melville,1197,twain,7.188444375991821
5,melville,1198,train,3.828591108322144
5,melville,1198,baum,7.029173493385315
5,melville,1198,thompson,7.518879294395447
5,melville,1198,dickens,6.766179370880127
5,melville,1198,melville,6.566856649186876
5,melville,1198,wells,7.052615165710449
5,melville,1198,austen,6.730202418107253
5,melville,1198,fitzgerald,7.515856606619699
5,melville,1198,twain,7.175060415267945
5,melville,1199,train,3.789871644973755
5,melville,1199,baum,7.0293227434158325
5,melville,1199,thompson,7.518088102340698
5,melville,1199,dickens,6.763487482070923
5,melville,1199,melville,6.564361095428467
5,melville,1199,wells,7.040916363398234
5,melville,1199,austen,6.72533262692965
5,melville,1199,fitzgerald,7.51244592666626
5,melville,1199,twain,7.171052694320679
5,melville,1200,train,3.7700445652008057
5,melville,1200,baum,7.036704182624817
5,melville,1200,thompson,7.517887353897095
5,melville,1200,dickens,6.787114667892456
5,melville,1200,melville,6.573846711052789
5,melville,1200,wells,7.065892616907756
5,melville,1200,austen,6.74796489568857
5,melville,1200,fitzgerald,7.5218323298863
5,melville,1200,twain,7.162529325485229
5,melville,1201,train,3.763499593734741
5,melville,1201,baum,7.029263019561768
5,melville,1201,thompson,7.511398077011108
5,melville,1201,dickens,6.758283185958862
5,melville,1201,melville,6.5644731521606445
5,melville,1201,wells,7.041802883148193
5,melville,1201,austen,6.724493356851431
5,melville,1201,fitzgerald,7.508102348872593
5,melville,1201,twain,7.179152011871338
5,melville,1202,train,3.778398180007936
5,melville,1202,baum,7.032922267913818
5,melville,1202,thompson,7.508276343345642
5,melville,1202,dickens,6.768152538935343
5,melville,1202,melville,6.572342660692003
5,melville,1202,wells,7.049944639205933
5,melville,1202,austen,6.735105514526367
5,melville,1202,fitzgerald,7.508246558053153
5,melville,1202,twain,7.18031907081604
5,melville,1203,train,3.730432891845703
5,melville,1203,baum,7.045567750930786
5,melville,1203,thompson,7.5238906145095825
5,melville,1203,dickens,6.784084272384644
5,melville,1203,melville,6.576604684193929
5,melville,1203,wells,7.071643829345703
5,melville,1203,austen,6.751745370718149
5,melville,1203,fitzgerald,7.532851559775216
5,melville,1203,twain,7.165700435638428
5,melville,1204,train,3.762303972244263
5,melville,1204,baum,7.0288636684417725
5,melville,1204,thompson,7.511056065559387
5,melville,1204,dickens,6.770682493845622
5,melville,1204,melville,6.570630656348334
5,melville,1204,wells,7.049993753433228
5,melville,1204,austen,6.733481700603779
5,melville,1204,fitzgerald,7.511990751538958
5,melville,1204,twain,7.150988054275513
5,melville,1205,train,3.77115216255188
5,melville,1205,baum,7.047356128692627
5,melville,1205,thompson,7.530006766319275
5,melville,1205,dickens,6.779672034581503
5,melville,1205,melville,6.570809576246473
5,melville,1205,wells,7.069178104400635
5,melville,1205,austen,6.747939513279841
5,melville,1205,fitzgerald,7.529321534293039
5,melville,1205,twain,7.168348026275635
5,melville,1206,train,3.7446602821350097
5,melville,1206,baum,7.053181886672974
5,melville,1206,thompson,7.530461072921753
5,melville,1206,dickens,6.785232305526733
5,melville,1206,melville,6.577381134033203
5,melville,1206,wells,7.061781247456868
5,melville,1206,austen,6.751167113964375
5,melville,1206,fitzgerald,7.529760428837368
5,melville,1206,twain,7.172612810134888
5,melville,1207,train,3.778618288040161
5,melville,1207,baum,7.029836177825928
5,melville,1207,thompson,7.50986111164093
5,melville,1207,dickens,6.785565694173177
5,melville,1207,melville,6.566653410593669
5,melville,1207,wells,7.049966176350911
5,melville,1207,austen,6.747165973369892
5,melville,1207,fitzgerald,7.50950608934675
5,melville,1207,twain,7.153150749206543
5,melville,1208,train,3.811274909973144
5,melville,1208,baum,7.032573938369751
5,melville,1208,thompson,7.512755751609802
5,melville,1208,dickens,6.784299008051554
5,melville,1208,melville,6.57796589533488
5,melville,1208,wells,7.048892259597778
5,melville,1208,austen,6.752903718214768
5,melville,1208,fitzgerald,7.511870861053467
5,melville,1208,twain,7.152556133270264
5,melville,1209,train,3.7633245944976808
5,melville,1209,baum,7.035395503044128
5,melville,1209,thompson,7.520792603492737
5,melville,1209,dickens,6.776958084106445
5,melville,1209,melville,6.560206413269043
5,melville,1209,wells,7.042640844980876
5,melville,1209,austen,6.743045073289138
5,melville,1209,fitzgerald,7.513273171016148
5,melville,1209,twain,7.175238180160522
5,melville,1210,train,3.7642000198364256
5,melville,1210,baum,7.03845739364624
5,melville,1210,thompson,7.518333315849304
5,melville,1210,dickens,6.773267459869385
5,melville,1210,melville,6.5746201939053
5,melville,1210,wells,7.046331723531087
5,melville,1210,austen,6.736505618462195
5,melville,1210,fitzgerald,7.514705113002232
5,melville,1210,twain,7.157911348342895
5,melville,1211,train,3.749491596221924
5,melville,1211,baum,7.039131879806519
5,melville,1211,thompson,7.5183185338974
5,melville,1211,dickens,6.787035703659058
5,melville,1211,melville,6.575524012247722
5,melville,1211,wells,7.055611848831177
5,melville,1211,austen,6.740561521970308
5,melville,1211,fitzgerald,7.517710549490792
5,melville,1211,twain,7.156782436370849
5,melville,1212,train,3.749903154373169
5,melville,1212,baum,7.044944882392883
5,melville,1212,thompson,7.5293673276901245
5,melville,1212,dickens,6.791018644968669
5,melville,1212,melville,6.585907936096191
5,melville,1212,wells,7.0611748695373535
5,melville,1212,austen,6.752004366654616
5,melville,1212,fitzgerald,7.523620673588344
5,melville,1212,twain,7.155114364624024
5,melville,1213,train,3.759396553039551
5,melville,1213,baum,7.044319152832031
5,melville,1213,thompson,7.533685445785522
5,melville,1213,dickens,6.7995877424875895
5,melville,1213,melville,6.583201938205296
5,melville,1213,wells,7.065208117167155
5,melville,1213,austen,6.757358404306265
5,melville,1213,fitzgerald,7.531099455697196
5,melville,1213,twain,7.176711225509644
5,melville,1214,train,3.7651526927948
5,melville,1214,baum,7.05321991443634
5,melville,1214,thompson,7.540886640548706
5,melville,1214,dickens,6.790973965326945
5,melville,1214,melville,6.59061665005154
5,melville,1214,wells,7.067671457926433
5,melville,1214,austen,6.756550642160269
5,melville,1214,fitzgerald,7.535371099199567
5,melville,1214,twain,7.199594831466674
5,melville,1215,train,3.743169355392456
5,melville,1215,baum,7.0369532108306885
5,melville,1215,thompson,7.526583552360535
5,melville,1215,dickens,6.788484907150268
5,melville,1215,melville,6.58378971947564
5,melville,1215,wells,7.059999942779541
5,melville,1215,austen,6.749109231508696
5,melville,1215,fitzgerald,7.529103483472552
5,melville,1215,twain,7.1778892993927
5,melville,1216,train,3.778087759017944
5,melville,1216,baum,7.07331120967865
5,melville,1216,thompson,7.555086374282837
5,melville,1216,dickens,6.7964662710825605
5,melville,1216,melville,6.593578974405925
5,melville,1216,wells,7.078588088353475
5,melville,1216,austen,6.764129858750564
5,melville,1216,fitzgerald,7.562004157475063
5,melville,1216,twain,7.216037130355835
5,melville,1217,train,3.727467489242554
5,melville,1217,baum,7.046738743782044
5,melville,1217,thompson,7.528595447540283
5,melville,1217,dickens,6.78408153851827
5,melville,1217,melville,6.579711331261529
5,melville,1217,wells,7.053866863250732
5,melville,1217,austen,6.744237496302678
5,melville,1217,fitzgerald,7.529979569571359
5,melville,1217,twain,7.203292608261108
5,melville,1218,train,3.73716139793396
5,melville,1218,baum,7.062614679336548
5,melville,1218,thompson,7.552356362342834
5,melville,1218,dickens,6.7981017907460535
5,melville,1218,melville,6.587237358093262
5,melville,1218,wells,7.070957501729329
5,melville,1218,austen,6.758700810945951
5,melville,1218,fitzgerald,7.550023147038051
5,melville,1218,twain,7.217109632492066
5,melville,1219,train,3.7369166374206544
5,melville,1219,baum,7.035098195075989
5,melville,1219,thompson,7.520602822303772
5,melville,1219,dickens,6.796828683217367
5,melville,1219,melville,6.582240475548638
5,melville,1219,wells,7.064194361368815
5,melville,1219,austen,6.759091377258301
5,melville,1219,fitzgerald,7.526766981397357
5,melville,1219,twain,7.17900390625
5,melville,1220,train,3.734674501419067
5,melville,1220,baum,7.0598859786987305
5,melville,1220,thompson,7.551328301429747
5,melville,1220,dickens,6.815551741917928
5,melville,1220,melville,6.592507468329536
5,melville,1220,wells,7.082359949747722
5,melville,1220,austen,6.779150742750901
5,melville,1220,fitzgerald,7.557510580335345
5,melville,1220,twain,7.195366525650025
5,melville,1221,train,3.7398836612701416
5,melville,1221,baum,7.056668996810913
5,melville,1221,thompson,7.541086912155151
5,melville,1221,dickens,6.797560373942058
5,melville,1221,melville,6.586951043870714
5,melville,1221,wells,7.075242439905803
5,melville,1221,austen,6.761221702282246
5,melville,1221,fitzgerald,7.543756144387381
5,melville,1221,twain,7.2017405986785885
5,melville,1222,train,3.760387325286865
5,melville,1222,baum,7.064750671386719
5,melville,1222,thompson,7.54995322227478
5,melville,1222,dickens,6.801938660939535
5,melville,1222,melville,6.583947976430257
5,melville,1222,wells,7.067448774973552
5,melville,1222,austen,6.754677662482629
5,melville,1222,fitzgerald,7.547116075243268
5,melville,1222,twain,7.190271472930908
5,melville,1223,train,3.714650774002075
5,melville,1223,baum,7.054027080535889
5,melville,1223,thompson,7.547297120094299
5,melville,1223,dickens,6.7963385581970215
5,melville,1223,melville,6.589739640553792
5,melville,1223,wells,7.067006349563599
5,melville,1223,austen,6.751967026637151
5,melville,1223,fitzgerald,7.543386663709368
5,melville,1223,twain,7.205579519271851
5,melville,1224,train,3.7670212268829344
5,melville,1224,baum,7.06200385093689
5,melville,1224,thompson,7.559228777885437
5,melville,1224,dickens,6.819874207178752
5,melville,1224,melville,6.599284066094293
5,melville,1224,wells,7.088986873626709
5,melville,1224,austen,6.776421546936035
5,melville,1224,fitzgerald,7.554491860525949
5,melville,1224,twain,7.200127792358399
5,melville,1225,train,3.7281334400177
5,melville,1225,baum,7.05565357208252
5,melville,1225,thompson,7.547986268997192
5,melville,1225,dickens,6.8042427221934
5,melville,1225,melville,6.59314685397678
5,melville,1225,wells,7.072114149729411
5,melville,1225,austen,6.764888616708609
5,melville,1225,fitzgerald,7.542625631604876
5,melville,1225,twain,7.199012231826782
5,melville,1226,train,3.769273710250855
5,melville,1226,baum,7.066633105278015
5,melville,1226,thompson,7.554540038108826
5,melville,1226,dickens,6.820655314127604
5,melville,1226,melville,6.601931995815701
5,melville,1226,wells,7.093282381693522
5,melville,1226,austen,6.784015105320857
5,melville,1226,fitzgerald,7.5588089397975375
5,melville,1226,twain,7.20028567314148
5,melville,1227,train,3.71683406829834
5,melville,1227,baum,7.046621561050415
5,melville,1227,thompson,7.538963079452515
5,melville,1227,dickens,6.803256511688232
5,melville,1227,melville,6.589053471883138
5,melville,1227,wells,7.077439785003662
5,melville,1227,austen,6.768787347353422
5,melville,1227,fitzgerald,7.546006066458566
5,melville,1227,twain,7.188788843154907
5,melville,1228,train,3.71955156326294
5,melville,1228,baum,7.068045020103455
5,melville,1228,thompson,7.565825819969177
5,melville,1228,dickens,6.821386130650838
5,melville,1228,melville,6.604092809889052
5,melville,1228,wells,7.094935019810994
5,melville,1228,austen,6.781412968268762
5,melville,1228,fitzgerald,7.566442285265241
5,melville,1228,twain,7.197404384613037
5,melville,1229,train,3.7074092864990233
5,melville,1229,baum,7.072805047035217
5,melville,1229,thompson,7.5551066398620605
5,melville,1229,dickens,6.823940054575602
5,melville,1229,melville,6.59842766655816
5,melville,1229,wells,7.093417088190715
5,melville,1229,austen,6.79538106918335
5,melville,1229,fitzgerald,7.5623851503644675
5,melville,1229,twain,7.208933162689209
5,melville,1230,train,3.735151481628418
5,melville,1230,baum,7.075001358985901
5,melville,1230,thompson,7.564988613128662
5,melville,1230,dickens,6.809111595153809
5,melville,1230,melville,6.603888405693902
5,melville,1230,wells,7.096161524454753
5,melville,1230,austen,6.7799248328575725
5,melville,1230,fitzgerald,7.561340876988003
5,melville,1230,twain,7.197155857086182
5,melville,1231,train,3.739305830001831
5,melville,1231,baum,7.084919691085815
5,melville,1231,thompson,7.570418357849121
5,melville,1231,dickens,6.818341795603434
5,melville,1231,melville,6.603514353434245
5,melville,1231,wells,7.095434268315633
5,melville,1231,austen,6.786406920506404
5,melville,1231,fitzgerald,7.569934981209891
5,melville,1231,twain,7.235431957244873
5,melville,1232,train,3.7266174793243407
5,melville,1232,baum,7.057200074195862
5,melville,1232,thompson,7.544065594673157
5,melville,1232,dickens,6.810123157501221
5,melville,1232,melville,6.598339981502956
5,melville,1232,wells,7.087026039759318
5,melville,1232,austen,6.77691415640024
5,melville,1232,fitzgerald,7.550158432551792
5,melville,1232,twain,7.190127182006836
5,melville,1233,train,3.721684265136719
5,melville,1233,baum,7.083174467086792
5,melville,1233,thompson,7.570456624031067
5,melville,1233,dickens,6.825747458140056
5,melville,1233,melville,6.60861513349745
5,melville,1233,wells,7.096038023630778
5,melville,1233,austen,6.791999119978684
5,melville,1233,fitzgerald,7.564066069466727
5,melville,1233,twain,7.209213542938232
5,melville,1234,train,3.7180224418640138
5,melville,1234,baum,7.083932518959045
5,melville,1234,thompson,7.566244721412659
5,melville,1234,dickens,6.826323477427165
5,melville,1234,melville,6.604604562123616
5,melville,1234,wells,7.099776903788249
5,melville,1234,austen,6.791293584383451
5,melville,1234,fitzgerald,7.567773342132568
5,melville,1234,twain,7.215934610366821
5,melville,1235,train,3.71429328918457
5,melville,1235,baum,7.083185791969299
5,melville,1235,thompson,7.571293592453003
5,melville,1235,dickens,6.8166178067525225
5,melville,1235,melville,6.607559945848253
5,melville,1235,wells,7.0929397741953535
5,melville,1235,austen,6.781321415534387
5,melville,1235,fitzgerald,7.567005021231515
5,melville,1235,twain,7.249637651443481
5,melville,1236,train,3.731501770019531
5,melville,1236,baum,7.080118894577026
5,melville,1236,thompson,7.567699670791626
5,melville,1236,dickens,6.823265504837036
5,melville,1236,melville,6.611013147566053
5,melville,1236,wells,7.097904841105144
5,melville,1236,austen,6.790427207946777
5,melville,1236,fitzgerald,7.56271539415632
5,melville,1236,twain,7.227173376083374
5,melville,1237,train,3.7355536460876464
5,melville,1237,baum,7.083924889564514
5,melville,1237,thompson,7.563440918922424
5,melville,1237,dickens,6.821502510706583
5,melville,1237,melville,6.604490968916151
5,melville,1237,wells,7.097002426783244
5,melville,1237,austen,6.784934850839468
5,melville,1237,fitzgerald,7.572320869990757
5,melville,1237,twain,7.21050386428833
5,melville,1238,train,3.739949512481689
5,melville,1238,baum,7.081460475921631
5,melville,1238,thompson,7.552736878395081
5,melville,1238,dickens,6.8155935128529865
5,melville,1238,melville,6.607525560590956
5,melville,1238,wells,7.089789311091105
5,melville,1238,austen,6.776508257939265
5,melville,1238,fitzgerald,7.558951241629464
5,melville,1238,twain,7.233801937103271
5,melville,1239,train,3.722853040695192
5,melville,1239,baum,7.07646119594574
5,melville,1239,thompson,7.562337517738342
5,melville,1239,dickens,6.811376889546712
5,melville,1239,melville,6.5994415283203125
5,melville,1239,wells,7.092442353566487
5,melville,1239,austen,6.774296650519738
5,melville,1239,fitzgerald,7.56132173538208
5,melville,1239,twain,7.1971435546875
5,melville,1240,train,3.720005750656128
5,melville,1240,baum,7.072979927062988
5,melville,1240,thompson,7.55594003200531
5,melville,1240,dickens,6.824897956848145
5,melville,1240,melville,6.602874279022217
5,melville,1240,wells,7.095097382863362
5,melville,1240,austen,6.790518944080059
5,melville,1240,fitzgerald,7.55320051738194
5,melville,1240,twain,7.209260416030884
5,melville,1241,train,3.702574491500856
5,melville,1241,baum,7.086687684059143
5,melville,1241,thompson,7.578661561012268
5,melville,1241,dickens,6.813918415705363
5,melville,1241,melville,6.605527930789524
5,melville,1241,wells,7.086352348327637
5,melville,1241,austen,6.777485223916861
5,melville,1241,fitzgerald,7.565079416547503
5,melville,1241,twain,7.250756931304932
5,melville,1242,train,3.724768877029419
5,melville,1242,baum,7.081336617469788
5,melville,1242,thompson,7.566197991371155
5,melville,1242,dickens,6.839734601974487
5,melville,1242,melville,6.614252832200792
5,melville,1242,wells,7.110815048217773
5,melville,1242,austen,6.807778321779692
5,melville,1242,fitzgerald,7.572337627410889
5,melville,1242,twain,7.213242530822754
5,melville,1243,train,3.665757608413697
5,melville,1243,baum,7.081650376319885
5,melville,1243,thompson,7.560478925704956
5,melville,1243,dickens,6.828958145777384
5,melville,1243,melville,6.6077770657009545
5,melville,1243,wells,7.102845907211304
5,melville,1243,austen,6.8021321296691895
5,melville,1243,fitzgerald,7.56694677897862
5,melville,1243,twain,7.2073899269104
5,melville,1244,train,3.712548589706421
5,melville,1244,baum,7.087541341781616
5,melville,1244,thompson,7.57164204120636
5,melville,1244,dickens,6.834378433227539
5,melville,1244,melville,6.601703961690267
5,melville,1244,wells,7.099852641423543
5,melville,1244,austen,6.793936105874868
5,melville,1244,fitzgerald,7.567033767700195
5,melville,1244,twain,7.22058401107788
5,melville,1245,train,3.708166217803955
5,melville,1245,baum,7.109024286270142
5,melville,1245,thompson,7.593325257301331
5,melville,1245,dickens,6.856767638524373
5,melville,1245,melville,6.625055366092258
5,melville,1245,wells,7.131041606267293
5,melville,1245,austen,6.822073496305025
5,melville,1245,fitzgerald,7.594059944152832
5,melville,1245,twain,7.224969053268433
5,melville,1246,train,3.6945509910583496
5,melville,1246,baum,7.094843506813049
5,melville,1246,thompson,7.583187103271484
5,melville,1246,dickens,6.849922943115234
5,melville,1246,melville,6.616572962866889
5,melville,1246,wells,7.117982864379883
5,melville,1246,austen,6.814630948580229
5,melville,1246,fitzgerald,7.58549336024693
5,melville,1246,twain,7.221414518356323
5,melville,1247,train,3.703608989715576
5,melville,1247,baum,7.073387622833252
5,melville,1247,thompson,7.560948014259338
5,melville,1247,dickens,6.835425647099813
5,melville,1247,melville,6.605765607621935
5,melville,1247,wells,7.100717385609944
5,melville,1247,austen,6.806476703056922
5,melville,1247,fitzgerald,7.561741147722516
5,melville,1247,twain,7.197233772277832
5,melville,1248,train,3.671293783187866
5,melville,1248,baum,7.106836199760437
5,melville,1248,thompson,7.5947219133377075
5,melville,1248,dickens,6.840627034505208
5,melville,1248,melville,6.622403250800239
5,melville,1248,wells,7.11223308245341
5,melville,1248,austen,6.814509648543138
5,melville,1248,fitzgerald,7.594304970332554
5,melville,1248,twain,7.259977579116821
5,melville,1249,train,3.738011693954468
5,melville,1249,baum,7.084357380867004
5,melville,1249,thompson,7.576556086540222
5,melville,1249,dickens,6.831295585632324
5,melville,1249,melville,6.619295332166884
5,melville,1249,wells,7.112228393554688
5,melville,1249,austen,6.796344133523794
5,melville,1249,fitzgerald,7.574103151048932
5,melville,1249,twain,7.233770179748535
5,melville,1250,train,3.699103116989136
5,melville,1250,baum,7.118904113769531
5,melville,1250,thompson,7.613159775733948
5,melville,1250,dickens,6.839407237370809
5,melville,1250,melville,6.627795484330919
5,melville,1250,wells,7.11535366376241
5,melville,1250,austen,6.803540303156926
5,melville,1250,fitzgerald,7.603150844573975
5,melville,1250,twain,7.280613994598388
5,melville,1251,train,3.678113603591919
5,melville,1251,baum,7.095193982124329
5,melville,1251,thompson,7.584439992904663
5,melville,1251,dickens,6.849899657567343
5,melville,1251,melville,6.618904272715251
5,melville,1251,wells,7.117342472076416
5,melville,1251,austen,6.815655928391677
5,melville,1251,fitzgerald,7.585748536246164
5,melville,1251,twain,7.225294065475464
5,melville,1252,train,3.7074453830718994
5,melville,1252,baum,7.089208126068115
5,melville,1252,thompson,7.571421504020691
5,melville,1252,dickens,6.840587997436524
5,melville,1252,melville,6.617990175882976
5,melville,1252,wells,7.113735914230347
5,melville,1252,austen,6.817108484414908
5,melville,1252,fitzgerald,7.57864236831665
5,melville,1252,twain,7.202698707580566
5,melville,1253,train,3.712961578369141
5,melville,1253,baum,7.105922102928162
5,melville,1253,thompson,7.588684678077698
5,melville,1253,dickens,6.856734752655029
5,melville,1253,melville,6.623861630757649
5,melville,1253,wells,7.121758858362834
5,melville,1253,austen,6.828552136054406
5,melville,1253,fitzgerald,7.593716485159738
5,melville,1253,twain,7.221211576461792
5,melville,1254,train,3.698925828933716
5,melville,1254,baum,7.094139456748962
5,melville,1254,thompson,7.584157824516296
5,melville,1254,dickens,6.846484883626302
5,melville,1254,melville,6.620707617865668
5,melville,1254,wells,7.115250984827678
5,melville,1254,austen,6.8116870660048265
5,melville,1254,fitzgerald,7.584798744746616
5,melville,1254,twain,7.214021110534668
5,melville,1255,train,3.687126207351685
5,melville,1255,baum,7.103361129760742
5,melville,1255,thompson,7.589840888977051
5,melville,1255,dickens,6.859869050979614
5,melville,1255,melville,6.627346992492676
5,melville,1255,wells,7.1213100751241045
5,melville,1255,austen,6.818735086000883
5,melville,1255,fitzgerald,7.592580454690116
5,melville,1255,twain,7.211677932739258
5,melville,1256,train,3.6985983848571777
5,melville,1256,baum,7.085757493972778
5,melville,1256,thompson,7.576637983322143
5,melville,1256,dickens,6.848456605275472
5,melville,1256,melville,6.621112717522515
5,melville,1256,wells,7.117923339207967
5,melville,1256,austen,6.811573028564453
5,melville,1256,fitzgerald,7.583494118281773
5,melville,1256,twain,7.2136914253234865
5,melville,1257,train,3.654131841659546
5,melville,1257,baum,7.114005565643311
5,melville,1257,thompson,7.605255961418152
5,melville,1257,dickens,6.8497014999389645
5,melville,1257,melville,6.633613480461968
5,melville,1257,wells,7.129384438196818
5,melville,1257,austen,6.816577397860014
5,melville,1257,fitzgerald,7.603743757520403
5,melville,1257,twain,7.252534866333008
5,melville,1258,train,3.721590900421144
5,melville,1258,baum,7.104283094406128
5,melville,1258,thompson,7.587347865104675
5,melville,1258,dickens,6.84639679590861
5,melville,1258,melville,6.620486683315701
5,melville,1258,wells,7.115490118662517
5,melville,1258,austen,6.810230475205642
5,melville,1258,fitzgerald,7.590903690883091
5,melville,1258,twain,7.252284097671509
5,melville,1259,train,3.6786298751831055
5,melville,1259,baum,7.105154395103455
5,melville,1259,thompson,7.591284036636352
5,melville,1259,dickens,6.852015622456869
5,melville,1259,melville,6.622276888953315
5,melville,1259,wells,7.119441747665405
5,melville,1259,austen,6.8177828055161696
5,melville,1259,fitzgerald,7.597263676779611
5,melville,1259,twain,7.2259022235870365
5,melville,1260,train,3.680632162094116
5,melville,1260,baum,7.101103782653809
5,melville,1260,thompson,7.582833528518677
5,melville,1260,dickens,6.84992561340332
5,melville,1260,melville,6.629664368099636
5,melville,1260,wells,7.122538248697917
5,melville,1260,austen,6.813469153184157
5,melville,1260,fitzgerald,7.591461249760219
5,melville,1260,twain,7.220033121109009
5,melville,1261,train,3.668916940689087
5,melville,1261,baum,7.111173033714294
5,melville,1261,thompson,7.589803338050842
5,melville,1261,dickens,6.858504724502564
5,melville,1261,melville,6.6273692978752985
5,melville,1261,wells,7.125048637390137
5,melville,1261,austen,6.820341513707088
5,melville,1261,fitzgerald,7.60330867767334
5,melville,1261,twain,7.244591569900512
5,melville,1262,train,3.657759189605713
5,melville,1262,baum,7.107335925102234
5,melville,1262,thompson,7.591692328453064
5,melville,1262,dickens,6.864120864868164
5,melville,1262,melville,6.633708688947889
5,melville,1262,wells,7.127730846405029
5,melville,1262,austen,6.823638989375188
5,melville,1262,fitzgerald,7.600024359566825
5,melville,1262,twain,7.223884153366089
5,melville,1263,train,3.689421606063843
5,melville,1263,baum,7.111086845397949
5,melville,1263,thompson,7.593120217323303
5,melville,1263,dickens,6.865346161524455
5,melville,1263,melville,6.62514426973131
5,melville,1263,wells,7.124302228291829
5,melville,1263,austen,6.82846920306866
5,melville,1263,fitzgerald,7.601728234972272
5,melville,1263,twain,7.241199398040772
5,melville,1264,train,3.682562875747681
5,melville,1264,baum,7.120211124420166
5,melville,1264,thompson,7.596362948417664
5,melville,1264,dickens,6.858895524342855
5,melville,1264,melville,6.629593584272596
5,melville,1264,wells,7.132874409357707
5,melville,1264,austen,6.823158190800593
5,melville,1264,fitzgerald,7.605497905186245
5,melville,1264,twain,7.23136944770813
5,melville,1265,train,3.694574689865112
5,melville,1265,baum,7.088104724884033
5,melville,1265,thompson,7.567149519920349
5,melville,1265,dickens,6.848960892359416
5,melville,1265,melville,6.622034072875977
5,melville,1265,wells,7.116809129714966
5,melville,1265,austen,6.8096418380737305
5,melville,1265,fitzgerald,7.578953129904611
5,melville,1265,twain,7.197770595550537
5,melville,1266,train,3.6358226776123046
5,melville,1266,baum,7.117548823356628
5,melville,1266,thompson,7.602530002593994
5,melville,1266,dickens,6.872642262776693
5,melville,1266,melville,6.634194850921631
5,melville,1266,wells,7.134897629419963
5,melville,1266,austen,6.829507534320538
5,melville,1266,fitzgerald,7.611851692199707
5,melville,1266,twain,7.224393701553344
5,melville,1267,train,3.657044982910156
5,melville,1267,baum,7.102956175804138
5,melville,1267,thompson,7.588307738304138
5,melville,1267,dickens,6.856151469548544
5,melville,1267,melville,6.62927050060696
5,melville,1267,wells,7.125630537668864
5,melville,1267,austen,6.81773409476647
5,melville,1267,fitzgerald,7.594499792371478
5,melville,1267,twain,7.228937816619873
5,melville,1268,train,3.646321153640747
5,melville,1268,baum,7.126803517341614
5,melville,1268,thompson,7.616092801094055
5,melville,1268,dickens,6.857378244400024
5,melville,1268,melville,6.634642548031277
5,melville,1268,wells,7.141302824020386
5,melville,1268,austen,6.82349733205942
5,melville,1268,fitzgerald,7.61256217956543
5,melville,1268,twain,7.263066673278809
5,melville,1269,train,3.646130084991455
5,melville,1269,baum,7.092909932136536
5,melville,1269,thompson,7.582430481910706
5,melville,1269,dickens,6.854006052017212
5,melville,1269,melville,6.625777774386936
5,melville,1269,wells,7.117471138636272
5,melville,1269,austen,6.8089309839101935
5,melville,1269,fitzgerald,7.579696314675467
5,melville,1269,twain,7.212527084350586
5,melville,1270,train,3.6425692081451415
5,melville,1270,baum,7.113860368728638
5,melville,1270,thompson,7.592570185661316
5,melville,1270,dickens,6.867048788070679
5,melville,1270,melville,6.637046284145779
5,melville,1270,wells,7.141385078430176
5,melville,1270,austen,6.8421436456533575
5,melville,1270,fitzgerald,7.601579393659319
5,melville,1270,twain,7.234584856033325
5,melville,1271,train,3.690765237808228
5,melville,1271,baum,7.127644062042236
5,melville,1271,thompson,7.609339356422424
5,melville,1271,dickens,6.869104115168254
5,melville,1271,melville,6.641793992784288
5,melville,1271,wells,7.140909512837728
5,melville,1271,austen,6.842398166656494
5,melville,1271,fitzgerald,7.612838676997593
5,melville,1271,twain,7.2625140190124515
5,melville,1272,train,3.6988204956054687
5,melville,1272,baum,7.124464392662048
5,melville,1272,thompson,7.608188986778259
5,melville,1272,dickens,6.871163606643677
5,melville,1272,melville,6.635524378882514
5,melville,1272,wells,7.138818264007568
5,melville,1272,austen,6.834148370302641
5,melville,1272,fitzgerald,7.609530993870327
5,melville,1272,twain,7.252263259887695
5,melville,1273,train,3.648868274688721
5,melville,1273,baum,7.131916165351868
5,melville,1273,thompson,7.619188904762268
5,melville,1273,dickens,6.8769447803497314
5,melville,1273,melville,6.643962012396918
5,melville,1273,wells,7.149984995524089
5,melville,1273,austen,6.83470186820397
5,melville,1273,fitzgerald,7.619538647787912
5,melville,1273,twain,7.265762186050415
5,melville,1274,train,3.671423721313477
5,melville,1274,baum,7.125223159790039
5,melville,1274,thompson,7.607964873313904
5,melville,1274,dickens,6.877931356430054
5,melville,1274,melville,6.635024282667372
5,melville,1274,wells,7.138680775960286
5,melville,1274,austen,6.839804612673246
5,melville,1274,fitzgerald,7.611567156655448
5,melville,1274,twain,7.243738889694214
5,melville,1275,train,3.652952337265015
5,melville,1275,baum,7.142490267753601
5,melville,1275,thompson,7.628565073013306
5,melville,1275,dickens,6.90647398630778
5,melville,1275,melville,6.655432966020372
5,melville,1275,wells,7.17049519220988
5,melville,1275,austen,6.871893002436711
5,melville,1275,fitzgerald,7.6379577091762
5,melville,1275,twain,7.237296485900879
5,melville,1276,train,3.6532161235809326
5,melville,1276,baum,7.149538516998291
5,melville,1276,thompson,7.631489992141724
5,melville,1276,dickens,6.8868480523427325
5,melville,1276,melville,6.651484860314263
5,melville,1276,wells,7.149956782658895
5,melville,1276,austen,6.850774911733774
5,melville,1276,fitzgerald,7.631839071001325
5,melville,1276,twain,7.279190731048584
5,melville,1277,train,3.6161962032318113
5,melville,1277,baum,7.116121530532837
5,melville,1277,thompson,7.608304381370544
5,melville,1277,dickens,6.882474295298258
5,melville,1277,melville,6.653212282392714
5,melville,1277,wells,7.149553537368774
5,melville,1277,austen,6.843377370100755
5,melville,1277,fitzgerald,7.610194342476981
5,melville,1277,twain,7.233549880981445
5,melville,1278,train,3.651952409744263
5,melville,1278,baum,7.117361545562744
5,melville,1278,thompson,7.610536694526672
5,melville,1278,dickens,6.881801652908325
5,melville,1278,melville,6.640749348534478
5,melville,1278,wells,7.147262891133626
5,melville,1278,austen,6.840223128979023
5,melville,1278,fitzgerald,7.612704413277762
5,melville,1278,twain,7.235725402832031
5,melville,1279,train,3.6698986530303954
5,melville,1279,baum,7.111667633056641
5,melville,1279,thompson,7.596820116043091
5,melville,1279,dickens,6.862668021519979
5,melville,1279,melville,6.636714034610325
5,melville,1279,wells,7.125255107879639
5,melville,1279,austen,6.82277485040518
5,melville,1279,fitzgerald,7.601141520908901
5,melville,1279,twain,7.233899927139282
5,melville,1280,train,3.656491947174072
5,melville,1280,baum,7.135426998138428
5,melville,1280,thompson,7.618766069412231
5,melville,1280,dickens,6.888070297241211
5,melville,1280,melville,6.649681409200032
5,melville,1280,wells,7.158242384592692
5,melville,1280,austen,6.849034566145677
5,melville,1280,fitzgerald,7.628514426095145
5,melville,1280,twain,7.255630540847778
5,melville,1281,train,3.662351274490357
5,melville,1281,baum,7.128756999969482
5,melville,1281,thompson,7.616438627243042
5,melville,1281,dickens,6.870454629262288
5,melville,1281,melville,6.643482049306233
5,melville,1281,wells,7.14443572362264
5,melville,1281,austen,6.833132046919602
5,melville,1281,fitzgerald,7.620355197361538
5,melville,1281,twain,7.235378408432007
5,melville,1282,train,3.684051513671875
5,melville,1282,baum,7.116639018058777
5,melville,1282,thompson,7.598609089851379
5,melville,1282,dickens,6.883511940638225
5,melville,1282,melville,6.634726259443495
5,melville,1282,wells,7.137271483739217
5,melville,1282,austen,6.839099773993859
5,melville,1282,fitzgerald,7.602535452161517
5,melville,1282,twain,7.235316276550293
5,melville,1283,train,3.595002365112305
5,melville,1283,baum,7.144561409950256
5,melville,1283,thompson,7.632587790489197
5,melville,1283,dickens,6.893581406275431
5,melville,1283,melville,6.653524504767524
5,melville,1283,wells,7.162591775258382
5,melville,1283,austen,6.856071105370154
5,melville,1283,fitzgerald,7.634803976331439
5,melville,1283,twain,7.253095626831055
5,melville,1284,train,3.607980489730835
5,melville,1284,baum,7.131959319114685
5,melville,1284,thompson,7.621128082275391
5,melville,1284,dickens,6.902614514033
5,melville,1284,melville,6.657354142930773
5,melville,1284,wells,7.17146913210551
5,melville,1284,austen,6.86485716012808
5,melville,1284,fitzgerald,7.6325200625828336
5,melville,1284,twain,7.253454875946045
5,melville,1285,train,3.6570777893066406
5,melville,1285,baum,7.132453799247742
5,melville,1285,thompson,7.621887683868408
5,melville,1285,dickens,6.896051359176636
5,melville,1285,melville,6.653355227576362
5,melville,1285,wells,7.162631750106812
5,melville,1285,austen,6.859105587005615
5,melville,1285,fitzgerald,7.626257147107806
5,melville,1285,twain,7.2340163230896
5,melville,1286,train,3.6604479789733886
5,melville,1286,baum,7.126612067222595
5,melville,1286,thompson,7.612282395362854
5,melville,1286,dickens,6.877116616566976
5,melville,1286,melville,6.6456654866536455
5,melville,1286,wells,7.149505456288655
5,melville,1286,austen,6.842732796302209
5,melville,1286,fitzgerald,7.61298554284232
5,melville,1286,twain,7.236499214172364
5,melville,1287,train,3.650405836105347
5,melville,1287,baum,7.126543521881104
5,melville,1287,thompson,7.614222526550293
5,melville,1287,dickens,6.881644280751546
5,melville,1287,melville,6.646261639065212
5,melville,1287,wells,7.140341599782308
5,melville,1287,austen,6.834536332350511
5,melville,1287,fitzgerald,7.609850611005511
5,melville,1287,twain,7.225536727905274
5,melville,1288,train,3.652715110778809
5,melville,1288,baum,7.129062175750732
5,melville,1288,thompson,7.624305844306946
5,melville,1288,dickens,6.891084353129069
5,melville,1288,melville,6.661417325337728
5,melville,1288,wells,7.170253435770671
5,melville,1288,austen,6.858847434704121
5,melville,1288,fitzgerald,7.629364354269845
5,melville,1288,twain,7.244760036468506
5,melville,1289,train,3.632823419570923
5,melville,1289,baum,7.129204869270325
5,melville,1289,thompson,7.619752407073975
5,melville,1289,dickens,6.889200655619304
5,melville,1289,melville,6.654261589050293
5,melville,1289,wells,7.15398367245992
5,melville,1289,austen,6.848914769979624
5,melville,1289,fitzgerald,7.620212009974888
5,melville,1289,twain,7.250102615356445
5,melville,1290,train,3.608361196517945
5,melville,1290,baum,7.118477702140808
5,melville,1290,thompson,7.611205697059631
5,melville,1290,dickens,6.885901006062825
5,melville,1290,melville,6.654377301534017
5,melville,1290,wells,7.152924299240112
5,melville,1290,austen,6.848797027881329
5,melville,1290,fitzgerald,7.616891043526786
5,melville,1290,twain,7.25202088356018
5,melville,1291,train,3.677884435653687
5,melville,1291,baum,7.12398886680603
5,melville,1291,thompson,7.614725708961487
5,melville,1291,dickens,6.875009393692016
5,melville,1291,melville,6.644028716617161
5,melville,1291,wells,7.140615622202556
5,melville,1291,austen,6.846113021557148
5,melville,1291,fitzgerald,7.6181047303336
5,melville,1291,twain,7.259143733978272
5,melville,1292,train,3.619249868392944
5,melville,1292,baum,7.133044600486755
5,melville,1292,thompson,7.61722195148468
5,melville,1292,dickens,6.885969018936157
5,melville,1292,melville,6.650260978274876
5,melville,1292,wells,7.161092440287272
5,melville,1292,austen,6.863623729118934
5,melville,1292,fitzgerald,7.6305559022086
5,melville,1292,twain,7.261219692230225
5,melville,1293,train,3.626287508010864
5,melville,1293,baum,7.133694410324097
5,melville,1293,thompson,7.630784511566162
5,melville,1293,dickens,6.896815951665243
5,melville,1293,melville,6.6629570325215655
5,melville,1293,wells,7.174862782160441
5,melville,1293,austen,6.86211266884437
5,melville,1293,fitzgerald,7.633097444261823
5,melville,1293,twain,7.252436637878418
5,melville,1294,train,3.628059959411621
5,melville,1294,baum,7.13027036190033
5,melville,1294,thompson,7.617045402526855
5,melville,1294,dickens,6.877196343739827
5,melville,1294,melville,6.6475569936964245
5,melville,1294,wells,7.157738288243611
5,melville,1294,austen,6.845144565288837
5,melville,1294,fitzgerald,7.619653906141009
5,melville,1294,twain,7.274952411651611
5,melville,1295,train,3.617430019378662
5,melville,1295,baum,7.138678789138794
5,melville,1295,thompson,7.621631860733032
5,melville,1295,dickens,6.878423261642456
5,melville,1295,melville,6.661167621612549
5,melville,1295,wells,7.160061915715535
5,melville,1295,austen,6.849498161902795
5,melville,1295,fitzgerald,7.627289090837751
5,melville,1295,twain,7.266344308853149
5,melville,1296,train,3.658212089538574
5,melville,1296,baum,7.1431989669799805
5,melville,1296,thompson,7.627718567848206
5,melville,1296,dickens,6.897553253173828
5,melville,1296,melville,6.659205807579888
5,melville,1296,wells,7.163491169611613
5,melville,1296,austen,6.86131345308744
5,melville,1296,fitzgerald,7.632137707301548
5,melville,1296,twain,7.268864345550537
5,melville,1297,train,3.5941165924072265
5,melville,1297,baum,7.135450482368469
5,melville,1297,thompson,7.619411587715149
5,melville,1297,dickens,6.891186141967774
5,melville,1297,melville,6.659604496426052
5,melville,1297,wells,7.16628114382426
5,melville,1297,austen,6.864693348224346
5,melville,1297,fitzgerald,7.623050894056048
5,melville,1297,twain,7.246731472015381
5,melville,1298,train,3.6296767711639406
5,melville,1298,baum,7.157793164253235
5,melville,1298,thompson,7.644637227058411
5,melville,1298,dickens,6.902768135070801
5,melville,1298,melville,6.664511044820149
5,melville,1298,wells,7.175316333770752
5,melville,1298,austen,6.870184054741492
5,melville,1298,fitzgerald,7.646348817007882
5,melville,1298,twain,7.291000509262085
5,melville,1299,train,3.612444543838501
5,melville,1299,baum,7.136045932769775
5,melville,1299,thompson,7.620401501655579
5,melville,1299,dickens,6.875975052515666
5,melville,1299,melville,6.658801555633545
5,melville,1299,wells,7.154363393783569
5,melville,1299,austen,6.847518554100623
5,melville,1299,fitzgerald,7.627778938838413
5,melville,1299,twain,7.269726085662842
5,melville,1300,train,3.6158636569976808
5,melville,1300,baum,7.157663106918335
5,melville,1300,thompson,7.647806167602539
5,melville,1300,dickens,6.899190044403076
5,melville,1300,melville,6.665055486891005
5,melville,1300,wells,7.165118773778279
5,melville,1300,austen,6.86763411301833
5,melville,1300,fitzgerald,7.6493706703186035
5,melville,1300,twain,7.29522066116333
5,melville,1301,train,3.6420726776123047
5,melville,1301,baum,7.156781911849976
5,melville,1301,thompson,7.637625813484192
5,melville,1301,dickens,6.905103381474813
5,melville,1301,melville,6.670067045423719
5,melville,1301,wells,7.173782110214233
5,melville,1301,austen,6.865781380580022
5,melville,1301,fitzgerald,7.644835812704904
5,melville,1301,twain,7.27374119758606
5,melville,1302,train,3.648453950881958
5,melville,1302,baum,7.160946607589722
5,melville,1302,thompson,7.639036059379578
5,melville,1302,dickens,6.8975309530893965
5,melville,1302,melville,6.6597789658440485
5,melville,1302,wells,7.1662797927856445
5,melville,1302,austen,6.862316498389611
5,melville,1302,fitzgerald,7.649638584681919
5,melville,1302,twain,7.284326934814453
5,melville,1303,train,3.593837261199951
5,melville,1303,baum,7.141046404838562
5,melville,1303,thompson,7.620721817016602
5,melville,1303,dickens,6.878443225224813
5,melville,1303,melville,6.65277443991767
5,melville,1303,wells,7.160676002502441
5,melville,1303,austen,6.846486678490272
5,melville,1303,fitzgerald,7.628034251076834
5,melville,1303,twain,7.250765037536621
5,melville,1304,train,3.616412210464477
5,melville,1304,baum,7.131427645683289
5,melville,1304,thompson,7.615156531333923
5,melville,1304,dickens,6.882935539881388
5,melville,1304,melville,6.663166099124485
5,melville,1304,wells,7.165534257888794
5,melville,1304,austen,6.862815160017747
5,melville,1304,fitzgerald,7.624327387128558
5,melville,1304,twain,7.260967826843261
5,melville,1305,train,3.60213041305542
5,melville,1305,baum,7.127489924430847
5,melville,1305,thompson,7.612655282020569
5,melville,1305,dickens,6.875270032882691
5,melville,1305,melville,6.651601261562771
5,melville,1305,wells,7.149833838144938
5,melville,1305,austen,6.850007313948411
5,melville,1305,fitzgerald,7.616961002349853
5,melville,1305,twain,7.245643901824951
5,melville,1306,train,3.5876845359802245
5,melville,1306,baum,7.143570303916931
5,melville,1306,thompson,7.621880888938904
5,melville,1306,dickens,6.890114641189575
5,melville,1306,melville,6.662240982055664
5,melville,1306,wells,7.171720186869304
5,melville,1306,austen,6.865637742556059
5,melville,1306,fitzgerald,7.638268538883755
5,melville,1306,twain,7.262108278274536
5,melville,1307,train,3.5909080505371094
5,melville,1307,baum,7.163946747779846
5,melville,1307,thompson,7.645759463310242
5,melville,1307,dickens,6.914396619796753
5,melville,1307,melville,6.662123627132839
5,melville,1307,wells,7.183575630187988
5,melville,1307,austen,6.88597741493812
5,melville,1307,fitzgerald,7.651914051600865
5,melville,1307,twain,7.280288457870483
5,melville,1308,train,3.6295963764190673
5,melville,1308,baum,7.1561585664749146
5,melville,1308,thompson,7.639059066772461
5,melville,1308,dickens,6.9205969651540125
5,melville,1308,melville,6.67297003004286
5,melville,1308,wells,7.1865785121917725
5,melville,1308,austen,6.888143979586088
5,melville,1308,fitzgerald,7.647518566676548
5,melville,1308,twain,7.250037670135498
5,melville,1309,train,3.6013376712799072
5,melville,1309,baum,7.145549416542053
5,melville,1309,thompson,7.639888286590576
5,melville,1309,dickens,6.905962022145589
5,melville,1309,melville,6.664393848843044
5,melville,1309,wells,7.169104337692261
5,melville,1309,austen,6.8705169237577
5,melville,1309,fitzgerald,7.644325937543597
5,melville,1309,twain,7.266270923614502
5,melville,1310,train,3.568841314315796
5,melville,1310,baum,7.174808859825134
5,melville,1310,thompson,7.655816674232483
5,melville,1310,dickens,6.922677612304687
5,melville,1310,melville,6.677386495802137
5,melville,1310,wells,7.194392283757527
5,melville,1310,austen,6.892220277052659
5,melville,1310,fitzgerald,7.668544905526297
5,melville,1310,twain,7.2694093704223635
5,melville,1311,train,3.603374814987183
5,melville,1311,baum,7.165075778961182
5,melville,1311,thompson,7.650107026100159
5,melville,1311,dickens,6.912578010559082
5,melville,1311,melville,6.672943168216282
5,melville,1311,wells,7.1801811059316
5,melville,1311,austen,6.881444380833552
5,melville,1311,fitzgerald,7.655307020459857
5,melville,1311,twain,7.256633377075195
5,melville,1312,train,3.602665567398071
5,melville,1312,baum,7.171250581741333
5,melville,1312,thompson,7.661935210227966
5,melville,1312,dickens,6.945855538050334
5,melville,1312,melville,6.678971396552192
5,melville,1312,wells,7.210411628087361
5,melville,1312,austen,6.911470119769756
5,melville,1312,fitzgerald,7.670388289860317
5,melville,1312,twain,7.271956253051758
5,melville,1313,train,3.6232012271881104
5,melville,1313,baum,7.173165798187256
5,melville,1313,thompson,7.658456921577454
5,melville,1313,dickens,6.90797856648763
5,melville,1313,melville,6.669884310828315
5,melville,1313,wells,7.176475842793782
5,melville,1313,austen,6.87406745323768
5,melville,1313,fitzgerald,7.6629045350211005
5,melville,1313,twain,7.277227592468262
5,melville,1314,train,3.6134699821472167
5,melville,1314,baum,7.159116983413696
5,melville,1314,thompson,7.643065094947815
5,melville,1314,dickens,6.918028879165649
5,melville,1314,melville,6.659924507141113
5,melville,1314,wells,7.178844451904297
5,melville,1314,austen,6.885483301602877
5,melville,1314,fitzgerald,7.648016520908901
5,melville,1314,twain,7.27812352180481
5,melville,1315,train,3.5962038040161133
5,melville,1315,baum,7.17807412147522
5,melville,1315,thompson,7.679290890693664
5,melville,1315,dickens,6.93201486269633
5,melville,1315,melville,6.684591187371148
5,melville,1315,wells,7.2041248480478925
5,melville,1315,austen,6.897599880511944
5,melville,1315,fitzgerald,7.679561138153076
5,melville,1315,twain,7.287013721466065
5,melville,1316,train,3.6098656177520754
5,melville,1316,baum,7.168617248535156
5,melville,1316,thompson,7.658587217330933
5,melville,1316,dickens,6.923503446578979
5,melville,1316,melville,6.682973967658149
5,melville,1316,wells,7.194851875305176
5,melville,1316,austen,6.89419071490948
5,melville,1316,fitzgerald,7.664834158761161
5,melville,1316,twain,7.283381032943725
5,melville,1317,train,3.597036981582641
5,melville,1317,baum,7.171748161315918
5,melville,1317,thompson,7.660552620887756
5,melville,1317,dickens,6.89905530611674
5,melville,1317,melville,6.663390318552653
5,melville,1317,wells,7.159074624379476
5,melville,1317,austen,6.856796704805815
5,melville,1317,fitzgerald,7.654943398066929
5,melville,1317,twain,7.303901672363281
5,melville,1318,train,3.6075703620910646
5,melville,1318,baum,7.179801225662232
5,melville,1318,thompson,7.66357696056366
5,melville,1318,dickens,6.942510716120402
5,melville,1318,melville,6.683077600267199
5,melville,1318,wells,7.205216248830159
5,melville,1318,austen,6.9139371651869554
5,melville,1318,fitzgerald,7.6787863458905905
5,melville,1318,twain,7.293399810791016
5,melville,1319,train,3.571784257888794
5,melville,1319,baum,7.152709245681763
5,melville,1319,thompson,7.646475076675415
5,melville,1319,dickens,6.893840742111206
5,melville,1319,melville,6.661577860514323
5,melville,1319,wells,7.168201287587483
5,melville,1319,austen,6.86577268747183
5,melville,1319,fitzgerald,7.647739478519985
5,melville,1319,twain,7.28143162727356
5,melville,1320,train,3.5965920448303224
5,melville,1320,baum,7.194173693656921
5,melville,1320,thompson,7.670058608055115
5,melville,1320,dickens,6.932832956314087
5,melville,1320,melville,6.692713101704915
5,melville,1320,wells,7.20703371365865
5,melville,1320,austen,6.899321886209341
5,melville,1320,fitzgerald,7.67893784386771
5,melville,1320,twain,7.316740226745606
5,melville,1321,train,3.5822855472564696
5,melville,1321,baum,7.162941575050354
5,melville,1321,thompson,7.65342104434967
5,melville,1321,dickens,6.93274777730306
5,melville,1321,melville,6.67697811126709
5,melville,1321,wells,7.192178885142009
5,melville,1321,austen,6.8937171422518215
5,melville,1321,fitzgerald,7.657719952719552
5,melville,1321,twain,7.270652198791504
5,melville,1322,train,3.599899101257324
5,melville,1322,baum,7.156559109687805
5,melville,1322,thompson,7.650400280952454
5,melville,1322,dickens,6.934141667683919
5,melville,1322,melville,6.681454022725423
5,melville,1322,wells,7.199561595916748
5,melville,1322,austen,6.901376064007099
5,melville,1322,fitzgerald,7.655182225363595
5,melville,1322,twain,7.261144590377808
5,melville,1323,train,3.552393865585328
5,melville,1323,baum,7.150379538536072
5,melville,1323,thompson,7.641220211982727
5,melville,1323,dickens,6.911914841334025
5,melville,1323,melville,6.68489588631524
5,melville,1323,wells,7.185105641682942
5,melville,1323,austen,6.87956795325646
5,melville,1323,fitzgerald,7.6502605846949985
5,melville,1323,twain,7.271265029907227
5,melville,1324,train,3.587992000579834
5,melville,1324,baum,7.1726508140563965
5,melville,1324,thompson,7.658111929893494
5,melville,1324,dickens,6.9183792273203535
5,melville,1324,melville,6.676764170328776
5,melville,1324,wells,7.1891491413116455
5,melville,1324,austen,6.888889716221736
5,melville,1324,fitzgerald,7.667431831359863
5,melville,1324,twain,7.288241529464722
5,melville,1325,train,3.6077484607696535
5,melville,1325,baum,7.163516998291016
5,melville,1325,thompson,7.642908811569214
5,melville,1325,dickens,6.917098919550578
5,melville,1325,melville,6.691454622480604
5,melville,1325,wells,7.197070598602295
5,melville,1325,austen,6.891715599940373
5,melville,1325,fitzgerald,7.660857813698905
5,melville,1325,twain,7.279010486602783
5,melville,1326,train,3.582312059402466
5,melville,1326,baum,7.190180540084839
5,melville,1326,thompson,7.675112128257751
5,melville,1326,dickens,6.921497281392416
5,melville,1326,melville,6.6947693294949
5,melville,1326,wells,7.2067482471466064
5,melville,1326,austen,6.8907222381004924
5,melville,1326,fitzgerald,7.689709390912737
5,melville,1326,twain,7.304231834411621
5,melville,1327,train,3.571061944961548
5,melville,1327,baum,7.161659359931946
5,melville,1327,thompson,7.643725037574768
5,melville,1327,dickens,6.900460863113404
5,melville,1327,melville,6.677230040232341
5,melville,1327,wells,7.180968523025513
5,melville,1327,austen,6.869271388420692
5,melville,1327,fitzgerald,7.651301383972168
5,melville,1327,twain,7.284642219543457
5,melville,1328,train,3.600391626358032
5,melville,1328,baum,7.166814804077148
5,melville,1328,thompson,7.651741147041321
5,melville,1328,dickens,6.931605323155721
5,melville,1328,melville,6.690955215030247
5,melville,1328,wells,7.201917092005412
5,melville,1328,austen,6.906248532808744
5,melville,1328,fitzgerald,7.663801533835275
5,melville,1328,twain,7.265250778198242
5,melville,1329,train,3.556228971481324
5,melville,1329,baum,7.1547932624816895
5,melville,1329,thompson,7.631359338760376
5,melville,1329,dickens,6.911106967926026
5,melville,1329,melville,6.674415906270345
5,melville,1329,wells,7.183337211608887
5,melville,1329,austen,6.879369955796462
5,melville,1329,fitzgerald,7.642171382904053
5,melville,1329,twain,7.250916576385498
5,melville,1330,train,3.5507734298706053
5,melville,1330,baum,7.162405490875244
5,melville,1330,thompson,7.649735689163208
5,melville,1330,dickens,6.929716491699219
5,melville,1330,melville,6.6961334016588
5,melville,1330,wells,7.200608889261882
5,melville,1330,austen,6.887166243333083
5,melville,1330,fitzgerald,7.656617300851004
5,melville,1330,twain,7.271732187271118
5,melville,1331,train,3.521254920959473
5,melville,1331,baum,7.178363084793091
5,melville,1331,thompson,7.669392108917236
5,melville,1331,dickens,6.934350124994913
5,melville,1331,melville,6.686546590593126
5,melville,1331,wells,7.207616249720256
5,melville,1331,austen,6.9025684136610765
5,melville,1331,fitzgerald,7.676358767918178
5,melville,1331,twain,7.291290903091431
5,melville,1332,train,3.5942906856536867
5,melville,1332,baum,7.172933459281921
5,melville,1332,thompson,7.657822012901306
5,melville,1332,dickens,6.913282219568888
5,melville,1332,melville,6.684008810255262
5,melville,1332,wells,7.185498476028442
5,melville,1332,austen,6.883606360508845
5,melville,1332,fitzgerald,7.661350250244141
5,melville,1332,twain,7.288501930236817
5,melville,1333,train,3.543183708190918
5,melville,1333,baum,7.160220980644226
5,melville,1333,thompson,7.648417949676514
5,melville,1333,dickens,6.918885485331217
5,melville,1333,melville,6.684497833251953
5,melville,1333,wells,7.189484119415283
5,melville,1333,austen,6.885075495793269
5,melville,1333,fitzgerald,7.654344899313791
5,melville,1333,twain,7.289688396453857
5,melville,1334,train,3.522495651245117
5,melville,1334,baum,7.167821526527405
5,melville,1334,thompson,7.656923413276672
5,melville,1334,dickens,6.916750494639079
5,melville,1334,melville,6.689595964219835
5,melville,1334,wells,7.185644308725993
5,melville,1334,austen,6.873587938455435
5,melville,1334,fitzgerald,7.656519549233573
5,melville,1334,twain,7.300189781188965
5,melville,1335,train,3.5515920639038088
5,melville,1335,baum,7.176265001296997
5,melville,1335,thompson,7.663543224334717
5,melville,1335,dickens,6.951674111684164
5,melville,1335,melville,6.700806087917751
5,melville,1335,wells,7.219532251358032
5,melville,1335,austen,6.919728609231802
5,melville,1335,fitzgerald,7.677575520106724
5,melville,1335,twain,7.272561836242676
5,melville,1336,train,3.5573747634887694
5,melville,1336,baum,7.182491183280945
5,melville,1336,thompson,7.667426705360413
5,melville,1336,dickens,6.915267006556193
5,melville,1336,melville,6.686109330919054
5,melville,1336,wells,7.184322039286296
5,melville,1336,austen,6.880309104919434
5,melville,1336,fitzgerald,7.665440218789237
5,melville,1336,twain,7.309397840499878
5,melville,1337,train,3.571329689025879
5,melville,1337,baum,7.192862987518311
5,melville,1337,thompson,7.677566170692444
5,melville,1337,dickens,6.940090163548788
5,melville,1337,melville,6.697742780049642
5,melville,1337,wells,7.217543760935466
5,melville,1337,austen,6.912229501284086
5,melville,1337,fitzgerald,7.684129646846226
5,melville,1337,twain,7.309676694869995
5,melville,1338,train,3.572192144393921
5,melville,1338,baum,7.203388094902039
5,melville,1338,thompson,7.684861540794373
5,melville,1338,dickens,6.94326114654541
5,melville,1338,melville,6.69841464360555
5,melville,1338,wells,7.21060299873352
5,melville,1338,austen,6.913085717421311
5,melville,1338,fitzgerald,7.688309669494629
5,melville,1338,twain,7.320773887634277
5,melville,1339,train,3.561396837234497
5,melville,1339,baum,7.171988606452942
5,melville,1339,thompson,7.6540913581848145
5,melville,1339,dickens,6.932864491144816
5,melville,1339,melville,6.698968145582411
5,melville,1339,wells,7.207180102666219
5,melville,1339,austen,6.911222567925086
5,melville,1339,fitzgerald,7.666440078190395
5,melville,1339,twain,7.26959342956543
5,melville,1340,train,3.554395484924316
5,melville,1340,baum,7.173360586166382
5,melville,1340,thompson,7.66576075553894
5,melville,1340,dickens,6.933196147282918
5,melville,1340,melville,6.690703550974528
5,melville,1340,wells,7.190145015716553
5,melville,1340,austen,6.9036562992976265
5,melville,1340,fitzgerald,7.6713119234357565
5,melville,1340,twain,7.283169937133789
5,melville,1341,train,3.559808254241944
5,melville,1341,baum,7.186188578605652
5,melville,1341,thompson,7.671243190765381
5,melville,1341,dickens,6.936332321166992
5,melville,1341,melville,6.697026199764675
5,melville,1341,wells,7.20726219813029
5,melville,1341,austen,6.908187792851375
5,melville,1341,fitzgerald,7.676769392830985
5,melville,1341,twain,7.285910320281983
5,melville,1342,train,3.53267560005188
5,melville,1342,baum,7.213048458099365
5,melville,1342,thompson,7.698714971542358
5,melville,1342,dickens,6.946294784545898
5,melville,1342,melville,6.699536005655925
5,melville,1342,wells,7.221089760462443
5,melville,1342,austen,6.913226714501014
5,melville,1342,fitzgerald,7.6977201870509555
5,melville,1342,twain,7.316961193084717
5,melville,1343,train,3.538989019393921
5,melville,1343,baum,7.206220746040344
5,melville,1343,thompson,7.688683032989502
5,melville,1343,dickens,6.95521993637085
5,melville,1343,melville,6.706546094682482
5,melville,1343,wells,7.227658987045288
5,melville,1343,austen,6.924860770885761
5,melville,1343,fitzgerald,7.69727509362357
5,melville,1343,twain,7.310279560089111
5,melville,1344,train,3.513276195526123
5,melville,1344,baum,7.219051003456116
5,melville,1344,thompson,7.705423712730408
5,melville,1344,dickens,6.968378861745198
5,melville,1344,melville,6.705059793260363
5,melville,1344,wells,7.232178846995036
5,melville,1344,austen,6.934497943291297
5,melville,1344,fitzgerald,7.706879070826939
5,melville,1344,twain,7.315044641494751
5,melville,1345,train,3.541765880584717
5,melville,1345,baum,7.190033793449402
5,melville,1345,thompson,7.686010956764221
5,melville,1345,dickens,6.9425917307535805
5,melville,1345,melville,6.703735934363471
5,melville,1345,wells,7.216946840286255
5,melville,1345,austen,6.910482259897085
5,melville,1345,fitzgerald,7.68164198739188
5,melville,1345,twain,7.27834997177124
5,melville,1346,train,3.548578977584839
5,melville,1346,baum,7.18767774105072
5,melville,1346,thompson,7.671638369560242
5,melville,1346,dickens,6.96130305926005
5,melville,1346,melville,6.70055103302002
5,melville,1346,wells,7.233713626861572
5,melville,1346,austen,6.934184514559233
5,melville,1346,fitzgerald,7.687870979309082
5,melville,1346,twain,7.301084184646607
5,melville,1347,train,3.5517202377319337
5,melville,1347,baum,7.1982262134552
5,melville,1347,thompson,7.684482336044311
5,melville,1347,dickens,6.924898513158163
5,melville,1347,melville,6.701509634653728
5,melville,1347,wells,7.209577719370524
5,melville,1347,austen,6.893983730903039
5,melville,1347,fitzgerald,7.686633723122733
5,melville,1347,twain,7.303002071380615
5,melville,1348,train,3.593613052368164
5,melville,1348,baum,7.191782474517822
5,melville,1348,thompson,7.676175355911255
5,melville,1348,dickens,6.952471240361532
5,melville,1348,melville,6.693945089975993
5,melville,1348,wells,7.218921979268392
5,melville,1348,austen,6.919670215019813
5,melville,1348,fitzgerald,7.683493546077183
5,melville,1348,twain,7.296376371383667
5,melville,1349,train,3.5302799224853514
5,melville,1349,baum,7.167508006095886
5,melville,1349,thompson,7.661070108413696
5,melville,1349,dickens,6.929210615158081
5,melville,1349,melville,6.691091537475586
5,melville,1349,wells,7.2056346734364825
5,melville,1349,austen,6.898720741271973
5,melville,1349,fitzgerald,7.666521004268101
5,melville,1349,twain,7.26699948310852
5,melville,1350,train,3.540169763565064
5,melville,1350,baum,7.186551213264465
5,melville,1350,thompson,7.684567451477051
5,melville,1350,dickens,6.9627693812052405
5,melville,1350,melville,6.700129403008355
5,melville,1350,wells,7.235196034113566
5,melville,1350,austen,6.930997921870305
5,melville,1350,fitzgerald,7.68988915852138
5,melville,1350,twain,7.311810111999511
5,melville,1351,train,3.517655229568481
5,melville,1351,baum,7.208322525024414
5,melville,1351,thompson,7.703308224678039
5,melville,1351,dickens,6.960379695892334
5,melville,1351,melville,6.706382804446751
5,melville,1351,wells,7.238818883895874
5,melville,1351,austen,6.934912131382869
5,melville,1351,fitzgerald,7.706418922969273
5,melville,1351,twain,7.312625503540039
5,melville,1352,train,3.5375715255737306
5,melville,1352,baum,7.193017244338989
5,melville,1352,thompson,7.686155080795288
5,melville,1352,dickens,6.972641483942668
5,melville,1352,melville,6.704081270429823
5,melville,1352,wells,7.245914141337077
5,melville,1352,austen,6.9401020636925335
5,melville,1352,fitzgerald,7.697753701891218
5,melville,1352,twain,7.300318193435669
5,melville,1353,train,3.5411184310913084
5,melville,1353,baum,7.228102684020996
5,melville,1353,thompson,7.72090208530426
5,melville,1353,dickens,6.956373771031697
5,melville,1353,melville,6.717856142255995
5,melville,1353,wells,7.241701364517212
5,melville,1353,austen,6.929267919980562
5,melville,1353,fitzgerald,7.725846631186349
5,melville,1353,twain,7.343894910812378
5,melville,1354,train,3.525416231155396
5,melville,1354,baum,7.22575318813324
5,melville,1354,thompson,7.711068511009216
5,melville,1354,dickens,6.982508818308513
5,melville,1354,melville,6.717476844787598
5,melville,1354,wells,7.257417360941569
5,melville,1354,austen,6.950186289273775
5,melville,1354,fitzgerald,7.719582217080252
5,melville,1354,twain,7.322345972061157
5,melville,1355,train,3.5313942432403564
5,melville,1355,baum,7.247973799705505
5,melville,1355,thompson,7.74224591255188
5,melville,1355,dickens,6.969256321589152
5,melville,1355,melville,6.72858911090427
5,melville,1355,wells,7.255285739898682
5,melville,1355,austen,6.95475618655865
5,melville,1355,fitzgerald,7.7371048246111185
5,melville,1355,twain,7.371197843551636
5,melville,1356,train,3.536728763580322
5,melville,1356,baum,7.226097822189331
5,melville,1356,thompson,7.720011115074158
5,melville,1356,dickens,6.970108143488566
5,melville,1356,melville,6.712988588545057
5,melville,1356,wells,7.238955895105998
5,melville,1356,austen,6.93991466668936
5,melville,1356,fitzgerald,7.707514013562884
5,melville,1356,twain,7.325355291366577
5,melville,1357,train,3.5135517597198485
5,melville,1357,baum,7.251278877258301
5,melville,1357,thompson,7.745818138122559
5,melville,1357,dickens,6.995879284540812
5,melville,1357,melville,6.725219196743435
5,melville,1357,wells,7.264554738998413
5,melville,1357,austen,6.968211577488826
5,melville,1357,fitzgerald,7.746585096631732
5,melville,1357,twain,7.352132511138916
5,melville,1358,train,3.5317636489868165
5,melville,1358,baum,7.210138201713562
5,melville,1358,thompson,7.695296764373779
5,melville,1358,dickens,6.975396426518758
5,melville,1358,melville,6.721462567647298
5,melville,1358,wells,7.246914307276408
5,melville,1358,austen,6.942008018493652
5,melville,1358,fitzgerald,7.708134583064488
5,melville,1358,twain,7.320225858688355
5,melville,1359,train,3.522701787948608
5,melville,1359,baum,7.221152305603027
5,melville,1359,thompson,7.711199641227722
5,melville,1359,dickens,6.989553864796957
5,melville,1359,melville,6.720821857452393
5,melville,1359,wells,7.261650244394938
5,melville,1359,austen,6.957985731271597
5,melville,1359,fitzgerald,7.728188378470285
5,melville,1359,twain,7.313808393478394
5,melville,1360,train,3.5543738842010497
5,melville,1360,baum,7.209617137908935
5,melville,1360,thompson,7.699994683265686
5,melville,1360,dickens,6.972570784886679
5,melville,1360,melville,6.717610306209988
5,melville,1360,wells,7.241409540176392
5,melville,1360,austen,6.941490723536565
5,melville,1360,fitzgerald,7.709297588893345
5,melville,1360,twain,7.322484922409058
5,melville,1361,train,3.52672085762024
5,melville,1361,baum,7.203292369842529
5,melville,1361,thompson,7.700770139694214
5,melville,1361,dickens,6.956137466430664
5,melville,1361,melville,6.708384990692139
5,melville,1361,wells,7.232223828633626
5,melville,1361,austen,6.935502529144287
5,melville,1361,fitzgerald,7.704879283905029
5,melville,1361,twain,7.346655750274659
5,melville,1362,train,3.5312615394592286
5,melville,1362,baum,7.222688913345337
5,melville,1362,thompson,7.716649532318115
5,melville,1362,dickens,6.972460921605428
5,melville,1362,melville,6.722110907236735
5,melville,1362,wells,7.247120062510173
5,melville,1362,austen,6.947934554173396
5,melville,1362,fitzgerald,7.717639173780169
5,melville,1362,twain,7.351646137237549
5,melville,1363,train,3.520063877105713
5,melville,1363,baum,7.212945580482483
5,melville,1363,thompson,7.710222005844116
5,melville,1363,dickens,6.968921327590943
5,melville,1363,melville,6.707943386501736
5,melville,1363,wells,7.242853164672852
5,melville,1363,austen,6.939420956831712
5,melville,1363,fitzgerald,7.7185419627598355
5,melville,1363,twain,7.316978788375854
5,melville,1364,train,3.516507959365845
5,melville,1364,baum,7.241428971290588
5,melville,1364,thompson,7.734450459480286
5,melville,1364,dickens,7.001918029785156
5,melville,1364,melville,6.7295834223429365
5,melville,1364,wells,7.272360801696777
5,melville,1364,austen,6.973780228541448
5,melville,1364,fitzgerald,7.742466109139579
5,melville,1364,twain,7.340016651153564
5,melville,1365,train,3.5127997398376465
5,melville,1365,baum,7.218372821807861
5,melville,1365,thompson,7.713628053665161
5,melville,1365,dickens,6.974455674489339
5,melville,1365,melville,6.717698150210911
5,melville,1365,wells,7.244143803914388
5,melville,1365,austen,6.938523842738225
5,melville,1365,fitzgerald,7.712367534637451
5,melville,1365,twain,7.323890209197998
5,melville,1366,train,3.529246616363525
5,melville,1366,baum,7.228545546531677
5,melville,1366,thompson,7.727308511734009
5,melville,1366,dickens,6.983807436625162
5,melville,1366,melville,6.726381407843696
5,melville,1366,wells,7.258426030476888
5,melville,1366,austen,6.956959871145395
5,melville,1366,fitzgerald,7.72947004863194
5,melville,1366,twain,7.327306270599365
5,melville,1367,train,3.526761722564697
5,melville,1367,baum,7.23525333404541
5,melville,1367,thompson,7.73974347114563
5,melville,1367,dickens,6.9730421225229895
5,melville,1367,melville,6.723725106981066
5,melville,1367,wells,7.244190533955892
5,melville,1367,austen,6.93355681346013
5,melville,1367,fitzgerald,7.73093318939209
5,melville,1367,twain,7.342845916748047
5,melville,1368,train,3.5100008964538576
5,melville,1368,baum,7.223121166229248
5,melville,1368,thompson,7.715671896934509
5,melville,1368,dickens,6.96673641204834
5,melville,1368,melville,6.719538317786323
5,melville,1368,wells,7.238554159800212
5,melville,1368,austen,6.936569323906531
5,melville,1368,fitzgerald,7.717516217912946
5,melville,1368,twain,7.333948755264283
5,melville,1369,train,3.495358419418335
5,melville,1369,baum,7.2346110343933105
5,melville,1369,thompson,7.726483464241028
5,melville,1369,dickens,6.981859254837036
5,melville,1369,melville,6.7227523061964245
5,melville,1369,wells,7.248800834019978
5,melville,1369,austen,6.945972992823674
5,melville,1369,fitzgerald,7.723447254725865
5,melville,1369,twain,7.336316251754761
5,melville,1370,train,3.5020313262939453
5,melville,1370,baum,7.224750280380249
5,melville,1370,thompson,7.727594494819641
5,melville,1370,dickens,6.964642000198364
5,melville,1370,melville,6.720036294725206
5,melville,1370,wells,7.241498867670695
5,melville,1370,austen,6.93623267687284
5,melville,1370,fitzgerald,7.717378003256662
5,melville,1370,twain,7.3476358413696286
5,melville,1371,train,3.501681756973267
5,melville,1371,baum,7.217720150947571
5,melville,1371,thompson,7.709496021270752
5,melville,1371,dickens,6.965696096420288
5,melville,1371,melville,6.720259401533339
5,melville,1371,wells,7.235062519709269
5,melville,1371,austen,6.934736545269306
5,melville,1371,fitzgerald,7.710818495069232
5,melville,1371,twain,7.343082761764526
5,melville,1372,train,3.5148166179656983
5,melville,1372,baum,7.26025652885437
5,melville,1372,thompson,7.753376245498657
5,melville,1372,dickens,6.986570549011231
5,melville,1372,melville,6.734379662407769
5,melville,1372,wells,7.263711373011271
5,melville,1372,austen,6.955908922048716
5,melville,1372,fitzgerald,7.752473013741629
5,melville,1372,twain,7.369902801513672
5,melville,1373,train,3.5178457736969
5,melville,1373,baum,7.229436755180359
5,melville,1373,thompson,7.727241396903992
5,melville,1373,dickens,6.964854701360067
5,melville,1373,melville,6.727053165435791
5,melville,1373,wells,7.2441879113515215
5,melville,1373,austen,6.935512946202205
5,melville,1373,fitzgerald,7.731667246137347
5,melville,1373,twain,7.373177337646484
5,melville,1374,train,3.515079689025879
5,melville,1374,baum,7.227641463279724
5,melville,1374,thompson,7.724029660224914
5,melville,1374,dickens,6.9725370089213055
5,melville,1374,melville,6.71613523695204
5,melville,1374,wells,7.239999055862427
5,melville,1374,austen,6.938764902261587
5,melville,1374,fitzgerald,7.7298054695129395
5,melville,1374,twain,7.35676121711731
5,melville,1375,train,3.4763402938842773
5,melville,1375,baum,7.246288776397705
5,melville,1375,thompson,7.739354610443115
5,melville,1375,dickens,7.000533119837443
5,melville,1375,melville,6.731521288553874
5,melville,1375,wells,7.264528354008992
5,melville,1375,austen,6.966177720289964
5,melville,1375,fitzgerald,7.746505805424282
5,melville,1375,twain,7.35979528427124
5,melville,1376,train,3.49910855293274
5,melville,1376,baum,7.241975903511047
5,melville,1376,thompson,7.734275817871094
5,melville,1376,dickens,7.00578031539917
5,melville,1376,melville,6.731083181169298
5,melville,1376,wells,7.26804534594218
5,melville,1376,austen,6.963951220879188
5,melville,1376,fitzgerald,7.742476803915841
5,melville,1376,twain,7.353663873672485
5,melville,1377,train,3.4846260070800783
5,melville,1377,baum,7.243075609207153
5,melville,1377,thompson,7.73828125
5,melville,1377,dickens,6.980194600423177
5,melville,1377,melville,6.73042090733846
5,melville,1377,wells,7.25261131922404
5,melville,1377,austen,6.940776971670298
5,melville,1377,fitzgerald,7.73327500479562
5,melville,1377,twain,7.363493204116821
5,melville,1378,train,3.511863040924072
5,melville,1378,baum,7.266055464744568
5,melville,1378,thompson,7.764100313186645
5,melville,1378,dickens,7.018290948867798
5,melville,1378,melville,6.749589231279161
5,melville,1378,wells,7.294914722442627
5,melville,1378,austen,6.990875977736253
5,melville,1378,fitzgerald,7.771354130336216
5,melville,1378,twain,7.378205728530884
5,melville,1379,train,3.489331912994385
5,melville,1379,baum,7.272788166999817
5,melville,1379,thompson,7.774559140205383
5,melville,1379,dickens,7.0290222803751625
5,melville,1379,melville,6.752387947506374
5,melville,1379,wells,7.291345914204915
5,melville,1379,austen,6.991681062258207
5,melville,1379,fitzgerald,7.776344163077218
5,melville,1379,twain,7.378848075866699
5,melville,1380,train,3.491678142547608
5,melville,1380,baum,7.263179898262024
5,melville,1380,thompson,7.765379905700684
5,melville,1380,dickens,7.02124400138855
5,melville,1380,melville,6.757237911224365
5,melville,1380,wells,7.299102783203125
5,melville,1380,austen,6.998154566838191
5,melville,1380,fitzgerald,7.771308285849435
5,melville,1380,twain,7.371620988845825
5,melville,1381,train,3.479438829421997
5,melville,1381,baum,7.242469429969788
5,melville,1381,thompson,7.74221408367157
5,melville,1381,dickens,7.003980700174967
5,melville,1381,melville,6.7348288430107965
5,melville,1381,wells,7.270215272903442
5,melville,1381,austen,6.968834987053504
5,melville,1381,fitzgerald,7.740097727094378
5,melville,1381,twain,7.352274417877197
5,melville,1382,train,3.4721868991851808
5,melville,1382,baum,7.249241590499878
5,melville,1382,thompson,7.752123713493347
5,melville,1382,dickens,7.009396171569824
5,melville,1382,melville,6.746303558349609
5,melville,1382,wells,7.285930633544922
5,melville,1382,austen,6.97660493850708
5,melville,1382,fitzgerald,7.754172665732248
5,melville,1382,twain,7.360760354995728
5,melville,1383,train,3.4675968170166014
5,melville,1383,baum,7.268014073371887
5,melville,1383,thompson,7.761048197746277
5,melville,1383,dickens,7.013392925262451
5,melville,1383,melville,6.75626966688368
5,melville,1383,wells,7.29350193341573
5,melville,1383,austen,6.9873426877535305
5,melville,1383,fitzgerald,7.763880320957729
5,melville,1383,twain,7.3848792552948
5,melville,1384,train,3.504822540283203
5,melville,1384,baum,7.260285496711731
5,melville,1384,thompson,7.7558523416519165
5,melville,1384,dickens,7.034799035390218
5,melville,1384,melville,6.753548463185628
5,melville,1384,wells,7.302063465118408
5,melville,1384,austen,7.003253056452825
5,melville,1384,fitzgerald,7.764498846871512
5,melville,1384,twain,7.343759918212891
5,melville,1385,train,3.4824291706085204
5,melville,1385,baum,7.280288338661194
5,melville,1385,thompson,7.770751714706421
5,melville,1385,dickens,7.027384805679321
5,melville,1385,melville,6.758947743309869
5,melville,1385,wells,7.30002498626709
5,melville,1385,austen,6.999457395993746
5,melville,1385,fitzgerald,7.7795500074114114
5,melville,1385,twain,7.359117603302002
5,melville,1386,train,3.4819119453430174
5,melville,1386,baum,7.266972899436951
5,melville,1386,thompson,7.763388395309448
5,melville,1386,dickens,7.034741989771525
5,melville,1386,melville,6.738679462009007
5,melville,1386,wells,7.294564008712768
5,melville,1386,austen,7.000873308915359
5,melville,1386,fitzgerald,7.766814708709717
5,melville,1386,twain,7.3695234775543215
5,melville,1387,train,3.472436237335205
5,melville,1387,baum,7.265134453773498
5,melville,1387,thompson,7.759232997894287
5,melville,1387,dickens,7.008228540420532
5,melville,1387,melville,6.748079140981038
5,melville,1387,wells,7.273349761962891
5,melville,1387,austen,6.978073010077844
5,melville,1387,fitzgerald,7.758395263126919
5,melville,1387,twain,7.379605865478515
5,melville,1388,train,3.4418241500854494
5,melville,1388,baum,7.238557577133179
5,melville,1388,thompson,7.729389667510986
5,melville,1388,dickens,7.003357410430908
5,melville,1388,melville,6.734136051601833
5,melville,1388,wells,7.260942061742146
5,melville,1388,austen,6.964798340430627
5,melville,1388,fitzgerald,7.733452796936035
5,melville,1388,twain,7.357122755050659
5,melville,1389,train,3.486226511001587
5,melville,1389,baum,7.2644734382629395
5,melville,1389,thompson,7.758140206336975
5,melville,1389,dickens,7.015348180135091
5,melville,1389,melville,6.748410701751709
5,melville,1389,wells,7.274160623550415
5,melville,1389,austen,6.980076973254864
5,melville,1389,fitzgerald,7.758437701633999
5,melville,1389,twain,7.372872352600098
5,melville,1390,train,3.524294376373291
5,melville,1390,baum,7.254730820655823
5,melville,1390,thompson,7.744606971740723
5,melville,1390,dickens,7.014683930079142
5,melville,1390,melville,6.74605819914076
5,melville,1390,wells,7.282247543334961
5,melville,1390,austen,6.9846511620741625
5,melville,1390,fitzgerald,7.750030245099749
5,melville,1390,twain,7.366869831085205
5,melville,1391,train,3.468449258804321
5,melville,1391,baum,7.246570467948914
5,melville,1391,thompson,7.740464091300964
5,melville,1391,dickens,7.004377651214599
5,melville,1391,melville,6.739633613162571
5,melville,1391,wells,7.264553546905518
5,melville,1391,austen,6.974762036250188
5,melville,1391,fitzgerald,7.744033064161028
5,melville,1391,twain,7.348617506027222
5,melville,1392,train,3.4387366771698
5,melville,1392,baum,7.263145327568054
5,melville,1392,thompson,7.751217365264893
5,melville,1392,dickens,7.019418700536092
5,melville,1392,melville,6.748240311940511
5,melville,1392,wells,7.282506942749023
5,melville,1392,austen,6.9939132470351
5,melville,1392,fitzgerald,7.760055610111782
5,melville,1392,twain,7.354361438751221
5,melville,1393,train,3.4738415241241456
5,melville,1393,baum,7.263169527053833
5,melville,1393,thompson,7.7628843784332275
5,melville,1393,dickens,7.023831590016683
5,melville,1393,melville,6.755592717064752
5,melville,1393,wells,7.282819588979085
5,melville,1393,austen,6.987535916841948
5,melville,1393,fitzgerald,7.761740684509277
5,melville,1393,twain,7.346242666244507
5,melville,1394,train,3.449370241165161
5,melville,1394,baum,7.27066707611084
5,melville,1394,thompson,7.763556241989136
5,melville,1394,dickens,7.01077610651652
5,melville,1394,melville,6.762321843041314
5,melville,1394,wells,7.277095238367717
5,melville,1394,austen,6.9741704647357645
5,melville,1394,fitzgerald,7.760645253317697
5,melville,1394,twain,7.383007574081421
5,melville,1395,train,3.47532320022583
5,melville,1395,baum,7.260844826698303
5,melville,1395,thompson,7.757440805435181
5,melville,1395,dickens,7.011684640248617
5,melville,1395,melville,6.750760608249241
5,melville,1395,wells,7.276509523391724
5,melville,1395,austen,6.970923900604248
5,melville,1395,fitzgerald,7.757443359919956
5,melville,1395,twain,7.351838636398315
5,melville,1396,train,3.5161234378814696
5,melville,1396,baum,7.285871982574463
5,melville,1396,thompson,7.775989294052124
5,melville,1396,dickens,7.027905670801799
5,melville,1396,melville,6.756369060940212
5,melville,1396,wells,7.298846006393433
5,melville,1396,austen,6.997434616088867
5,melville,1396,fitzgerald,7.775049073355539
5,melville,1396,twain,7.372463226318359
5,melville,1397,train,3.436638879776001
5,melville,1397,baum,7.278840780258179
5,melville,1397,thompson,7.771350502967834
5,melville,1397,dickens,7.027530797322592
5,melville,1397,melville,6.766772535112169
5,melville,1397,wells,7.305639266967773
5,melville,1397,austen,6.996373286614051
5,melville,1397,fitzgerald,7.778444358280727
5,melville,1397,twain,7.357622671127319
5,melville,1398,train,3.462660264968872
5,melville,1398,baum,7.27258563041687
5,melville,1398,thompson,7.769159913063049
5,melville,1398,dickens,7.0116962114969885
5,melville,1398,melville,6.763243251376682
5,melville,1398,wells,7.281632582346599
5,melville,1398,austen,6.9805473914513225
5,melville,1398,fitzgerald,7.769842760903495
5,melville,1398,twain,7.39048056602478
5,melville,1399,train,3.489999532699585
5,melville,1399,baum,7.271168351173401
5,melville,1399,thompson,7.762474060058594
5,melville,1399,dickens,7.023471466700236
5,melville,1399,melville,6.752780225541857
5,melville,1399,wells,7.29307492574056
5,melville,1399,austen,6.993421737964336
5,melville,1399,fitzgerald,7.770438534872873
5,melville,1399,twain,7.363621807098388
5,melville,1400,train,3.4525006294250487
5,melville,1400,baum,7.278989672660828
5,melville,1400,thompson,7.769604563713074
5,melville,1400,dickens,7.030064598719279
5,melville,1400,melville,6.769452624850803
5,melville,1400,wells,7.3053765296936035
5,melville,1400,austen,7.001109966864953
5,melville,1400,fitzgerald,7.777585778917585
5,melville,1400,twain,7.385838508605957
5,melville,1401,train,3.4372297286987306
5,melville,1401,baum,7.283551573753357
5,melville,1401,thompson,7.777825474739075
5,melville,1401,dickens,7.029372549057007
5,melville,1401,melville,6.768172370062934
5,melville,1401,wells,7.303542931874593
5,melville,1401,austen,6.99858100597675
5,melville,1401,fitzgerald,7.784174510410854
5,melville,1401,twain,7.370622205734253
5,melville,1402,train,3.4600788593292235
5,melville,1402,baum,7.288161277770996
5,melville,1402,thompson,7.7871516942977905
5,melville,1402,dickens,7.028586355845134
5,melville,1402,melville,6.76071129904853
5,melville,1402,wells,7.297135353088379
5,melville,1402,austen,7.003074756035438
5,melville,1402,fitzgerald,7.788313865661621
5,melville,1402,twain,7.399940013885498
5,melville,1403,train,3.509868097305298
5,melville,1403,baum,7.264151930809021
5,melville,1403,thompson,7.7663761377334595
5,melville,1403,dickens,7.019829956690471
5,melville,1403,melville,6.753663327958849
5,melville,1403,wells,7.294289906819661
5,melville,1403,austen,6.989013708554781
5,melville,1403,fitzgerald,7.767877101898193
5,melville,1403,twain,7.351942729949951
5,melville,1404,train,3.457984733581543
5,melville,1404,baum,7.280191659927368
5,melville,1404,thompson,7.777083992958069
5,melville,1404,dickens,7.032595523198446
5,melville,1404,melville,6.763860702514648
5,melville,1404,wells,7.305013179779053
5,melville,1404,austen,7.009560401623066
5,melville,1404,fitzgerald,7.784362861088344
5,melville,1404,twain,7.372316122055054
5,melville,1405,train,3.477636289596558
5,melville,1405,baum,7.275567889213562
5,melville,1405,thompson,7.764418840408325
5,melville,1405,dickens,7.029901472727458
5,melville,1405,melville,6.762651125590007
5,melville,1405,wells,7.307931184768677
5,melville,1405,austen,7.007471414712759
5,melville,1405,fitzgerald,7.774042401994977
5,melville,1405,twain,7.35602502822876
5,melville,1406,train,3.4688311576843263
5,melville,1406,baum,7.278186321258545
5,melville,1406,thompson,7.771893382072449
5,melville,1406,dickens,7.016660292943318
5,melville,1406,melville,6.756948682996962
5,melville,1406,wells,7.285589615503947
5,melville,1406,austen,6.985681423774133
5,melville,1406,fitzgerald,7.769958427974156
5,melville,1406,twain,7.378407192230225
5,melville,1407,train,3.4619909286499024
5,melville,1407,baum,7.281819105148315
5,melville,1407,thompson,7.779192566871643
5,melville,1407,dickens,7.0505179564158125
5,melville,1407,melville,6.769961039225261
5,melville,1407,wells,7.315167903900146
5,melville,1407,austen,7.021259858058049
5,melville,1407,fitzgerald,7.783088684082031
5,melville,1407,twain,7.387123346328735
5,melville,1408,train,3.4512194633483886
5,melville,1408,baum,7.270723104476929
5,melville,1408,thompson,7.766048312187195
5,melville,1408,dickens,7.034719244639079
5,melville,1408,melville,6.756823168860541
5,melville,1408,wells,7.29591178894043
5,melville,1408,austen,7.001664895277757
5,melville,1408,fitzgerald,7.769347531454904
5,melville,1408,twain,7.361119079589844
5,melville,1409,train,3.4566320419311523
5,melville,1409,baum,7.300441980361938
5,melville,1409,thompson,7.797351837158203
5,melville,1409,dickens,7.070560646057129
5,melville,1409,melville,6.771196577284071
5,melville,1409,wells,7.331162691116333
5,melville,1409,austen,7.038374534020057
5,melville,1409,fitzgerald,7.800748211996896
5,melville,1409,twain,7.379797315597534
5,melville,1410,train,3.4811401844024656
5,melville,1410,baum,7.274505019187927
5,melville,1410,thompson,7.772022247314453
5,melville,1410,dickens,7.021034574508667
5,melville,1410,melville,6.755474196539985
5,melville,1410,wells,7.287224769592285
5,melville,1410,austen,6.994144696455735
5,melville,1410,fitzgerald,7.775883538382394
5,melville,1410,twain,7.376254653930664
5,melville,1411,train,3.419995927810669
5,melville,1411,baum,7.281291484832764
5,melville,1411,thompson,7.769209146499634
5,melville,1411,dickens,7.027813021341959
5,melville,1411,melville,6.773255454169379
5,melville,1411,wells,7.309126297632853
5,melville,1411,austen,7.015653866987962
5,melville,1411,fitzgerald,7.7821946144104
5,melville,1411,twain,7.379761219024658
5,melville,1412,train,3.455347204208374
5,melville,1412,baum,7.282737970352173
5,melville,1412,thompson,7.780548095703125
5,melville,1412,dickens,7.028137763341268
5,melville,1412,melville,6.768464247385661
5,melville,1412,wells,7.302090406417847
5,melville,1412,austen,7.000381359687219
5,melville,1412,fitzgerald,7.776885509490967
5,melville,1412,twain,7.368246269226074
5,melville,1413,train,3.4719786167144777
5,melville,1413,baum,7.252179503440857
5,melville,1413,thompson,7.756348729133606
5,melville,1413,dickens,7.016816790898641
5,melville,1413,melville,6.759621196322971
5,melville,1413,wells,7.295585552851359
5,melville,1413,austen,6.991334621722881
5,melville,1413,fitzgerald,7.759500026702881
5,melville,1413,twain,7.349650526046753
5,melville,1414,train,3.465333271026611
5,melville,1414,baum,7.273499846458435
5,melville,1414,thompson,7.77589476108551
5,melville,1414,dickens,7.022087049484253
5,melville,1414,melville,6.7611092991299095
5,melville,1414,wells,7.292994817097981
5,melville,1414,austen,6.994544102595403
5,melville,1414,fitzgerald,7.782577310289655
5,melville,1414,twain,7.391095685958862
5,melville,1415,train,3.427519750595093
5,melville,1415,baum,7.281415939331055
5,melville,1415,thompson,7.76723837852478
5,melville,1415,dickens,7.026032892862956
5,melville,1415,melville,6.775076654222277
5,melville,1415,wells,7.313212951024373
5,melville,1415,austen,7.005333973811223
5,melville,1415,fitzgerald,7.7806077003479
5,melville,1415,twain,7.370438003540039
5,melville,1416,train,3.422791767120361
5,melville,1416,baum,7.295036196708679
5,melville,1416,thompson,7.784707188606262
5,melville,1416,dickens,7.039343325297038
5,melville,1416,melville,6.768593364291721
5,melville,1416,wells,7.308604160944621
5,melville,1416,austen,7.011764636406531
5,melville,1416,fitzgerald,7.791215419769287
5,melville,1416,twain,7.383298301696778
5,melville,1417,train,3.456068181991577
5,melville,1417,baum,7.292778253555298
5,melville,1417,thompson,7.790539026260376
5,melville,1417,dickens,7.040217590332031
5,melville,1417,melville,6.774883217281765
5,melville,1417,wells,7.306193431218465
5,melville,1417,austen,7.01637235054603
5,melville,1417,fitzgerald,7.79273305620466
5,melville,1417,twain,7.391051578521728
5,melville,1418,train,3.420288228988648
5,melville,1418,baum,7.273831725120544
5,melville,1418,thompson,7.769951581954956
5,melville,1418,dickens,7.035944763819376
5,melville,1418,melville,6.774418883853489
5,melville,1418,wells,7.3092756271362305
5,melville,1418,austen,7.012661567101111
5,melville,1418,fitzgerald,7.7775388445172995
5,melville,1418,twain,7.361574125289917
5,melville,1419,train,3.427974987030029
5,melville,1419,baum,7.297019481658935
5,melville,1419,thompson,7.784481644630432
5,melville,1419,dickens,7.036692508061727
5,melville,1419,melville,6.769670221540663
5,melville,1419,wells,7.30784273147583
5,melville,1419,austen,7.011863378378061
5,melville,1419,fitzgerald,7.796172959463937
5,melville,1419,twain,7.390705156326294
5,melville,1420,train,3.4543220520019533
5,melville,1420,baum,7.285837888717651
5,melville,1420,thompson,7.775890111923218
5,melville,1420,dickens,7.049795691172282
5,melville,1420,melville,6.7755781809488935
5,melville,1420,wells,7.316960096359253
5,melville,1420,austen,7.015739294198843
5,melville,1420,fitzgerald,7.793818882533482
5,melville,1420,twain,7.37634506225586
5,melville,1421,train,3.4271647930145264
5,melville,1421,baum,7.277738332748413
5,melville,1421,thompson,7.774691462516785
5,melville,1421,dickens,7.043939447402954
5,melville,1421,melville,6.776017983754476
5,melville,1421,wells,7.306881666183472
5,melville,1421,austen,7.013153112851656
5,melville,1421,fitzgerald,7.786287784576416
5,melville,1421,twain,7.381699085235596
5,melville,1422,train,3.428294277191162
5,melville,1422,baum,7.276300430297852
5,melville,1422,thompson,7.776235461235046
5,melville,1422,dickens,7.037745316823323
5,melville,1422,melville,6.779980447557238
5,melville,1422,wells,7.312021573384603
5,melville,1422,austen,7.012481909531814
5,melville,1422,fitzgerald,7.789656298501151
5,melville,1422,twain,7.379436159133911
5,melville,1423,train,3.415366554260254
5,melville,1423,baum,7.292027711868286
5,melville,1423,thompson,7.784184575080872
5,melville,1423,dickens,7.046723016103109
5,melville,1423,melville,6.780764367845324
5,melville,1423,wells,7.316964308420817
5,melville,1423,austen,7.015894596393292
5,melville,1423,fitzgerald,7.797289575849261
5,melville,1423,twain,7.392004013061523
5,melville,1424,train,3.4326443672180176
5,melville,1424,baum,7.287200450897217
5,melville,1424,thompson,7.79730749130249
5,melville,1424,dickens,7.031775903701782
5,melville,1424,melville,6.782183912065294
5,melville,1424,wells,7.310325463612874
5,melville,1424,austen,6.999675714052641
5,melville,1424,fitzgerald,7.8014107431684225
5,melville,1424,twain,7.41270170211792
5,melville,1425,train,3.425162601470947
5,melville,1425,baum,7.299984216690063
5,melville,1425,thompson,7.810602903366089
5,melville,1425,dickens,7.047917397816976
5,melville,1425,melville,6.788444572024876
5,melville,1425,wells,7.325791835784912
5,melville,1425,austen,7.024723126338079
5,melville,1425,fitzgerald,7.817886625017438
5,melville,1425,twain,7.434969520568847
5,melville,1426,train,3.428338861465454
5,melville,1426,baum,7.286891341209412
5,melville,1426,thompson,7.794715881347656
5,melville,1426,dickens,7.057590548197428
5,melville,1426,melville,6.782361507415772
5,melville,1426,wells,7.325791517893474
5,melville,1426,austen,7.030790585737962
5,melville,1426,fitzgerald,7.800895554678781
5,melville,1426,twain,7.38522629737854
5,melville,1427,train,3.409941530227661
5,melville,1427,baum,7.298985838890076
5,melville,1427,thompson,7.786689043045044
5,melville,1427,dickens,7.038433074951172
5,melville,1427,melville,6.783474816216363
5,melville,1427,wells,7.318249305089314
5,melville,1427,austen,7.015135728395903
5,melville,1427,fitzgerald,7.795759882245745
5,melville,1427,twain,7.406636524200439
5,melville,1428,train,3.4113607883453367
5,melville,1428,baum,7.305702567100525
5,melville,1428,thompson,7.805067777633667
5,melville,1428,dickens,7.064677397410075
5,melville,1428,melville,6.775245560540093
5,melville,1428,wells,7.329137961069743
5,melville,1428,austen,7.032466008112981
5,melville,1428,fitzgerald,7.810820443289621
5,melville,1428,twain,7.399410009384155
5,melville,1429,train,3.371471357345581
5,melville,1429,baum,7.314902186393738
5,melville,1429,thompson,7.808577656745911
5,melville,1429,dickens,7.062704467773438
5,melville,1429,melville,6.787028630574544
5,melville,1429,wells,7.334239323933919
5,melville,1429,austen,7.034638184767503
5,melville,1429,fitzgerald,7.810816696711949
5,melville,1429,twain,7.395454597473145
5,melville,1430,train,3.419101428985596
5,melville,1430,baum,7.317221283912659
5,melville,1430,thompson,7.823251605033874
5,melville,1430,dickens,7.071329116821289
5,melville,1430,melville,6.802220821380615
5,melville,1430,wells,7.342443545659383
5,melville,1430,austen,7.041422587174636
5,melville,1430,fitzgerald,7.828629970550537
5,melville,1430,twain,7.436782360076904
5,melville,1431,train,3.416699838638306
5,melville,1431,baum,7.316521644592285
5,melville,1431,thompson,7.819209218025207
5,melville,1431,dickens,7.040943415959676
5,melville,1431,melville,6.792354159884983
5,melville,1431,wells,7.319745620091756
5,melville,1431,austen,7.01703691482544
5,melville,1431,fitzgerald,7.813238688877651
5,melville,1431,twain,7.450499296188354
5,melville,1432,train,3.4013243198394774
5,melville,1432,baum,7.295154452323914
5,melville,1432,thompson,7.789942145347595
5,melville,1432,dickens,7.051912800470988
5,melville,1432,melville,6.788268672095405
5,melville,1432,wells,7.319202343622844
5,melville,1432,austen,7.030658208406889
5,melville,1432,fitzgerald,7.796308721814837
5,melville,1432,twain,7.418470144271851
5,melville,1433,train,3.441057300567627
5,melville,1433,baum,7.314844727516174
5,melville,1433,thompson,7.813702583312988
5,melville,1433,dickens,7.0674298445383705
5,melville,1433,melville,6.790172047085232
5,melville,1433,wells,7.340309937795003
5,melville,1433,austen,7.03869210756742
5,melville,1433,fitzgerald,7.815345968518939
5,melville,1433,twain,7.412154006958008
5,melville,1434,train,3.431648397445678
5,melville,1434,baum,7.3118791580200195
5,melville,1434,thompson,7.809365630149841
5,melville,1434,dickens,7.070515743891398
5,melville,1434,melville,6.803333494398329
5,melville,1434,wells,7.3426064650217695
5,melville,1434,austen,7.043511390686035
5,melville,1434,fitzgerald,7.815767765045166
5,melville,1434,twain,7.420158338546753
5,melville,1435,train,3.4338047981262205
5,melville,1435,baum,7.308729887008667
5,melville,1435,thompson,7.807609677314758
5,melville,1435,dickens,7.078223800659179
5,melville,1435,melville,6.795288191901313
5,melville,1435,wells,7.343264659245809
5,melville,1435,austen,7.040275243612436
5,melville,1435,fitzgerald,7.816420486995152
5,melville,1435,twain,7.3805999755859375
5,melville,1436,train,3.38692102432251
5,melville,1436,baum,7.339892983436584
5,melville,1436,thompson,7.843607902526855
5,melville,1436,dickens,7.100646750132243
5,melville,1436,melville,6.795639408959283
5,melville,1436,wells,7.355404774347941
5,melville,1436,austen,7.066400894751916
5,melville,1436,fitzgerald,7.842825957706997
5,melville,1436,twain,7.43171272277832
5,melville,1437,train,3.414676237106323
5,melville,1437,baum,7.319161057472229
5,melville,1437,thompson,7.817560434341431
5,melville,1437,dickens,7.077419185638428
5,melville,1437,melville,6.802625921037462
5,melville,1437,wells,7.343767801920573
5,melville,1437,austen,7.039200636056753
5,melville,1437,fitzgerald,7.819607870919364
5,melville,1437,twain,7.405131435394287
5,melville,1438,train,3.404087209701538
5,melville,1438,baum,7.332104206085205
5,melville,1438,thompson,7.824013352394104
5,melville,1438,dickens,7.074637285868326
5,melville,1438,melville,6.795810328589545
5,melville,1438,wells,7.334585984547933
5,melville,1438,austen,7.035470265608567
5,melville,1438,fitzgerald,7.828556469508579
5,melville,1438,twain,7.427265453338623
5,melville,1439,train,3.4110806941986085
5,melville,1439,baum,7.325774192810059
5,melville,1439,thompson,7.815305829048157
5,melville,1439,dickens,7.072374184926351
5,melville,1439,melville,6.792771975199382
5,melville,1439,wells,7.339635133743286
5,melville,1439,austen,7.036143522996169
5,melville,1439,fitzgerald,7.816691330501011
5,melville,1439,twain,7.4110805034637455
5,melville,1440,train,3.4060208797454834
5,melville,1440,baum,7.326410174369812
5,melville,1440,thompson,7.82828414440155
5,melville,1440,dickens,7.073354355494181
5,melville,1440,melville,6.796555201212565
5,melville,1440,wells,7.343085924784343
5,melville,1440,austen,7.040134429931641
5,melville,1440,fitzgerald,7.830391883850098
5,melville,1440,twain,7.422880506515503
5,melville,1441,train,3.411271667480469
5,melville,1441,baum,7.342021346092224
5,melville,1441,thompson,7.836386680603027
5,melville,1441,dickens,7.0627320289611815
5,melville,1441,melville,6.801444159613715
5,melville,1441,wells,7.335656563440959
5,melville,1441,austen,7.025663779332088
5,melville,1441,fitzgerald,7.831204686846052
5,melville,1441,twain,7.448114681243896
5,melville,1442,train,3.3788750648498533
5,melville,1442,baum,7.317379117012024
5,melville,1442,thompson,7.8132758140563965
5,melville,1442,dickens,7.082612578074137
5,melville,1442,melville,6.798554844326443
5,melville,1442,wells,7.345779736836751
5,melville,1442,austen,7.051361524141752
5,melville,1442,fitzgerald,7.822318077087402
5,melville,1442,twain,7.413485050201416
5,melville,1443,train,3.4151142597198487
5,melville,1443,baum,7.293866872787476
5,melville,1443,thompson,7.7896488904953
5,melville,1443,dickens,7.063184674580892
5,melville,1443,melville,6.790519555409749
5,melville,1443,wells,7.332180976867676
5,melville,1443,austen,7.030385567591741
5,melville,1443,fitzgerald,7.799286093030657
5,melville,1443,twain,7.388878059387207
5,melville,1444,train,3.386218452453613
5,melville,1444,baum,7.313296794891357
5,melville,1444,thompson,7.817781090736389
5,melville,1444,dickens,7.075440867741903
5,melville,1444,melville,6.797595289018419
5,melville,1444,wells,7.34421428044637
5,melville,1444,austen,7.039684258974516
5,melville,1444,fitzgerald,7.823569978986468
5,melville,1444,twain,7.399509859085083
5,melville,1445,train,3.38928017616272
5,melville,1445,baum,7.308500289916992
5,melville,1445,thompson,7.815258741378784
5,melville,1445,dickens,7.057854255040486
5,melville,1445,melville,6.792229228549534
5,melville,1445,wells,7.328496694564819
5,melville,1445,austen,7.023898931650015
5,melville,1445,fitzgerald,7.80991438456944
5,melville,1445,twain,7.424218082427979
5,melville,1446,train,3.379668951034546
5,melville,1446,baum,7.339468002319336
5,melville,1446,thompson,7.829611539840698
5,melville,1446,dickens,7.089969952901204
5,melville,1446,melville,6.809294435713026
5,melville,1446,wells,7.358411947886149
5,melville,1446,austen,7.061548526470478
5,melville,1446,fitzgerald,7.8463271004813055
5,melville,1446,twain,7.424306917190552
5,melville,1447,train,3.391363096237183
5,melville,1447,baum,7.33346951007843
5,melville,1447,thompson,7.82280421257019
5,melville,1447,dickens,7.091586478551229
5,melville,1447,melville,6.809893661075169
5,melville,1447,wells,7.362724224726359
5,melville,1447,austen,7.069911773388203
5,melville,1447,fitzgerald,7.844282695225307
5,melville,1447,twain,7.43748369216919
5,melville,1448,train,3.391851139068604
5,melville,1448,baum,7.337727189064026
5,melville,1448,thompson,7.832210063934326
5,melville,1448,dickens,7.081317536036173
5,melville,1448,melville,6.801159063975017
5,melville,1448,wells,7.343380292256673
5,melville,1448,austen,7.049851160783034
5,melville,1448,fitzgerald,7.8339466367449075
5,melville,1448,twain,7.420192527770996
5,melville,1449,train,3.3876325607299806
5,melville,1449,baum,7.337854146957397
5,melville,1449,thompson,7.837838768959045
5,melville,1449,dickens,7.107960875829061
5,melville,1449,melville,6.812274403042263
5,melville,1449,wells,7.37429404258728
5,melville,1449,austen,7.078377833733192
5,melville,1449,fitzgerald,7.842700617653983
5,melville,1449,twain,7.420263433456421
5,melville,1450,train,3.4061398983001707
5,melville,1450,baum,7.336183905601501
5,melville,1450,thompson,7.832761287689209
5,melville,1450,dickens,7.083739153544108
5,melville,1450,melville,6.80940760506524
5,melville,1450,wells,7.351433992385864
5,melville,1450,austen,7.052405760838435
5,melville,1450,fitzgerald,7.837377003261021
5,melville,1450,twain,7.426837587356568
5,melville,1451,train,3.371789646148682
5,melville,1451,baum,7.330504655838013
5,melville,1451,thompson,7.830222249031067
5,melville,1451,dickens,7.098319673538208
5,melville,1451,melville,6.809299892849392
5,melville,1451,wells,7.364749193191528
5,melville,1451,austen,7.070015687208909
5,melville,1451,fitzgerald,7.842998368399484
5,melville,1451,twain,7.433469009399414
5,melville,1452,train,3.3900726318359373
5,melville,1452,baum,7.331665754318237
5,melville,1452,thompson,7.837791800498962
5,melville,1452,dickens,7.080727529525757
5,melville,1452,melville,6.803893036312527
5,melville,1452,wells,7.33912181854248
5,melville,1452,austen,7.0513027631319485
5,melville,1452,fitzgerald,7.834531988416399
5,melville,1452,twain,7.430200147628784
5,melville,1453,train,3.407476711273193
5,melville,1453,baum,7.334314703941345
5,melville,1453,thompson,7.832229137420654
5,melville,1453,dickens,7.107426802317302
5,melville,1453,melville,6.821341514587402
5,melville,1453,wells,7.370972156524658
5,melville,1453,austen,7.077469495626596
5,melville,1453,fitzgerald,7.841394356318882
5,melville,1453,twain,7.423156261444092
5,melville,1454,train,3.369481658935547
5,melville,1454,baum,7.321487188339233
5,melville,1454,thompson,7.81486701965332
5,melville,1454,dickens,7.085468562444051
5,melville,1454,melville,6.806164211697048
5,melville,1454,wells,7.350820302963257
5,melville,1454,austen,7.054043329679049
5,melville,1454,fitzgerald,7.82544435773577
5,melville,1454,twain,7.411755895614624
5,melville,1455,train,3.336584520339966
5,melville,1455,baum,7.338924288749695
5,melville,1455,thompson,7.832479000091553
5,melville,1455,dickens,7.107442156473796
5,melville,1455,melville,6.81176397535536
5,melville,1455,wells,7.3690431118011475
5,melville,1455,austen,7.069442418905405
5,melville,1455,fitzgerald,7.841594355446952
5,melville,1455,twain,7.433202075958252
5,melville,1456,train,3.3705109119415284
5,melville,1456,baum,7.355760097503662
5,melville,1456,thompson,7.860816717147827
5,melville,1456,dickens,7.104813814163208
5,melville,1456,melville,6.819529215494792
5,melville,1456,wells,7.370177427927653
5,melville,1456,austen,7.06987634071937
5,melville,1456,fitzgerald,7.860317162105015
5,melville,1456,twain,7.458499383926392
5,melville,1457,train,3.3715259552001955
5,melville,1457,baum,7.355679988861084
5,melville,1457,thompson,7.857143878936768
5,melville,1457,dickens,7.110059467951457
5,melville,1457,melville,6.815562089284261
5,melville,1457,wells,7.36935035387675
5,melville,1457,austen,7.073151955237756
5,melville,1457,fitzgerald,7.856871332441058
5,melville,1457,twain,7.456208276748657
5,melville,1458,train,3.405240678787232
5,melville,1458,baum,7.348475694656372
5,melville,1458,thompson,7.846191644668579
5,melville,1458,dickens,7.102782519658407
5,melville,1458,melville,6.81759140226576
5,melville,1458,wells,7.371046702067058
5,melville,1458,austen,7.069851618546706
5,melville,1458,fitzgerald,7.855551174708775
5,melville,1458,twain,7.432971239089966
5,melville,1459,train,3.379489803314209
5,melville,1459,baum,7.355151057243347
5,melville,1459,thompson,7.850929260253906
5,melville,1459,dickens,7.108150005340576
5,melville,1459,melville,6.817920684814453
5,melville,1459,wells,7.370409965515137
5,melville,1459,austen,7.072657585144043
5,melville,1459,fitzgerald,7.857363087790353
5,melville,1459,twain,7.425337600708008
5,melville,1460,train,3.3679494857788086
5,melville,1460,baum,7.379297733306885
5,melville,1460,thompson,7.870214343070984
5,melville,1460,dickens,7.128781096140544
5,melville,1460,melville,6.8279751141866045
5,melville,1460,wells,7.395933707555135
5,melville,1460,austen,7.102240085601807
5,melville,1460,fitzgerald,7.882772513798305
5,melville,1460,twain,7.471868419647217
5,melville,1461,train,3.3754397869110107
5,melville,1461,baum,7.3456573486328125
5,melville,1461,thompson,7.855042338371277
5,melville,1461,dickens,7.118520832061767
5,melville,1461,melville,6.823746893141005
5,melville,1461,wells,7.374483187993367
5,melville,1461,austen,7.075787250812237
5,melville,1461,fitzgerald,7.857969147818429
5,melville,1461,twain,7.438357257843018
5,melville,1462,train,3.3806018352508547
5,melville,1462,baum,7.346827745437622
5,melville,1462,thompson,7.858807921409607
5,melville,1462,dickens,7.115335845947266
5,melville,1462,melville,6.817377779218885
5,melville,1462,wells,7.381358544031779
5,melville,1462,austen,7.0861795865572414
5,melville,1462,fitzgerald,7.862610340118408
5,melville,1462,twain,7.45337405204773
5,melville,1463,train,3.3609650135040283
5,melville,1463,baum,7.34415602684021
5,melville,1463,thompson,7.849237322807312
5,melville,1463,dickens,7.107169453303019
5,melville,1463,melville,6.815855185190837
5,melville,1463,wells,7.3626729647318525
5,melville,1463,austen,7.05942363005418
5,melville,1463,fitzgerald,7.84986366544451
5,melville,1463,twain,7.44917573928833
5,melville,1464,train,3.327959585189819
5,melville,1464,baum,7.358475208282471
5,melville,1464,thompson,7.855233550071716
5,melville,1464,dickens,7.115427033106486
5,melville,1464,melville,6.830601268344456
5,melville,1464,wells,7.395563364028931
5,melville,1464,austen,7.083065656515268
5,melville,1464,fitzgerald,7.8635446684701105
5,melville,1464,twain,7.450029850006103
5,melville,1465,train,3.338022327423096
5,melville,1465,baum,7.3346240520477295
5,melville,1465,thompson,7.832202672958374
5,melville,1465,dickens,7.095627514521281
5,melville,1465,melville,6.80899010764228
5,melville,1465,wells,7.362091223398845
5,melville,1465,austen,7.059699645409217
5,melville,1465,fitzgerald,7.833909375326974
5,melville,1465,twain,7.437208652496338
5,melville,1466,train,3.3482218265533445
5,melville,1466,baum,7.340362548828125
5,melville,1466,thompson,7.836540341377258
5,melville,1466,dickens,7.087152020136515
5,melville,1466,melville,6.816431310441759
5,melville,1466,wells,7.354990482330322
5,melville,1466,austen,7.051915865678054
5,melville,1466,fitzgerald,7.836359773363386
5,melville,1466,twain,7.436851978302002
5,melville,1467,train,3.372585248947144
5,melville,1467,baum,7.348055005073547
5,melville,1467,thompson,7.838518142700195
5,melville,1467,dickens,7.090989383061727
5,melville,1467,melville,6.813756148020427
5,melville,1467,wells,7.353966395060222
5,melville,1467,austen,7.05602213052603
5,melville,1467,fitzgerald,7.841213294437954
5,melville,1467,twain,7.448646926879883
5,melville,1468,train,3.365296411514282
5,melville,1468,baum,7.381077527999878
5,melville,1468,thompson,7.869602918624878
5,melville,1468,dickens,7.134759839375814
5,melville,1468,melville,6.833606878916423
5,melville,1468,wells,7.397509256998698
5,melville,1468,austen,7.098181761228121
5,melville,1468,fitzgerald,7.873191765376499
5,melville,1468,twain,7.466974639892578
5,melville,1469,train,3.3525352478027344
5,melville,1469,baum,7.366437196731567
5,melville,1469,thompson,7.864212870597839
5,melville,1469,dickens,7.1187528769175215
5,melville,1469,melville,6.818344169192844
5,melville,1469,wells,7.375494162241618
5,melville,1469,austen,7.079849096444937
5,melville,1469,fitzgerald,7.866147245679583
5,melville,1469,twain,7.47794885635376
5,melville,1470,train,3.3577826499938963
5,melville,1470,baum,7.360692977905273
5,melville,1470,thompson,7.855919718742371
5,melville,1470,dickens,7.107564862569173
5,melville,1470,melville,6.816108067830403
5,melville,1470,wells,7.369322617848714
5,melville,1470,austen,7.066438088050256
5,melville,1470,fitzgerald,7.85776594706944
5,melville,1470,twain,7.455636882781983
5,melville,1471,train,3.348823404312134
5,melville,1471,baum,7.384964227676392
5,melville,1471,thompson,7.887812972068787
5,melville,1471,dickens,7.121401119232178
5,melville,1471,melville,6.8330296940273705
5,melville,1471,wells,7.389139572779338
5,melville,1471,austen,7.07841418339656
5,melville,1471,fitzgerald,7.881586756025042
5,melville,1471,twain,7.478317070007324
5,melville,1472,train,3.322152614593506
5,melville,1472,baum,7.36880612373352
5,melville,1472,thompson,7.863670587539673
5,melville,1472,dickens,7.123496262232463
5,melville,1472,melville,6.8341725667317705
5,melville,1472,wells,7.389806509017944
5,melville,1472,austen,7.085524008824275
5,melville,1472,fitzgerald,7.867039544241769
5,melville,1472,twain,7.448726272583007
5,melville,1473,train,3.338050889968872
5,melville,1473,baum,7.379005551338196
5,melville,1473,thompson,7.871189832687378
5,melville,1473,dickens,7.126213757197062
5,melville,1473,melville,6.835401693979899
5,melville,1473,wells,7.389823118845622
5,melville,1473,austen,7.092811291034405
5,melville,1473,fitzgerald,7.872727189745222
5,melville,1473,twain,7.475801563262939
5,melville,1474,train,3.332468128204346
5,melville,1474,baum,7.359364628791809
5,melville,1474,thompson,7.856263995170593
5,melville,1474,dickens,7.101050949096679
5,melville,1474,melville,6.829070832994249
5,melville,1474,wells,7.368806759516398
5,melville,1474,austen,7.060848676241362
5,melville,1474,fitzgerald,7.846097537449428
5,melville,1474,twain,7.444963598251343
5,melville,1475,train,3.37302303314209
5,melville,1475,baum,7.386941075325012
5,melville,1475,thompson,7.893450856208801
5,melville,1475,dickens,7.138064161936442
5,melville,1475,melville,6.834000746409099
5,melville,1475,wells,7.393984079360962
5,melville,1475,austen,7.0971198081970215
5,melville,1475,fitzgerald,7.890400341578892
5,melville,1475,twain,7.473097229003907
5,melville,1476,train,3.332350492477417
5,melville,1476,baum,7.352880477905273
5,melville,1476,thompson,7.857160925865173
5,melville,1476,dickens,7.11513056755066
5,melville,1476,melville,6.837195926242405
5,melville,1476,wells,7.382772127787272
5,melville,1476,austen,7.084262004265418
5,melville,1476,fitzgerald,7.854565143585205
5,melville,1476,twain,7.43096342086792
5,melville,1477,train,3.356012916564941
5,melville,1477,baum,7.376025557518005
5,melville,1477,thompson,7.881256222724914
5,melville,1477,dickens,7.145762395858765
5,melville,1477,melville,6.829374207390679
5,melville,1477,wells,7.398088455200195
5,melville,1477,austen,7.108390624706562
5,melville,1477,fitzgerald,7.878398486546108
5,melville,1477,twain,7.453460597991944
5,melville,1478,train,3.3402428150177004
5,melville,1478,baum,7.370461106300354
5,melville,1478,thompson,7.881366610527039
5,melville,1478,dickens,7.126146618525187
5,melville,1478,melville,6.835772143469916
5,melville,1478,wells,7.386967500050862
5,melville,1478,austen,7.087497197664701
5,melville,1478,fitzgerald,7.870799268995013
5,melville,1478,twain,7.452330684661865
5,melville,1479,train,3.3416666984558105
5,melville,1479,baum,7.383324384689331
5,melville,1479,thompson,7.884560585021973
5,melville,1479,dickens,7.152866093317668
5,melville,1479,melville,6.851598580678304
5,melville,1479,wells,7.418764273325602
5,melville,1479,austen,7.126828927260179
5,melville,1479,fitzgerald,7.892730508531843
5,melville,1479,twain,7.474312353134155
5,melville,1480,train,3.3904068946838377
5,melville,1480,baum,7.366833090782165
5,melville,1480,thompson,7.874102115631103
5,melville,1480,dickens,7.123679176966349
5,melville,1480,melville,6.827735900878906
5,melville,1480,wells,7.390622615814209
5,melville,1480,austen,7.0929550390977125
5,melville,1480,fitzgerald,7.880403859274728
5,melville,1480,twain,7.450501918792725
5,melville,1481,train,3.346689319610596
5,melville,1481,baum,7.377664804458618
5,melville,1481,thompson,7.877233862876892
5,melville,1481,dickens,7.119443321228028
5,melville,1481,melville,6.822655995686849
5,melville,1481,wells,7.37923542658488
5,melville,1481,austen,7.090777800633357
5,melville,1481,fitzgerald,7.875630583081927
5,melville,1481,twain,7.462561416625976
5,melville,1482,train,3.34487738609314
5,melville,1482,baum,7.3693729639053345
5,melville,1482,thompson,7.872446775436401
5,melville,1482,dickens,7.150116809209188
5,melville,1482,melville,6.843452983432346
5,melville,1482,wells,7.406818946202596
5,melville,1482,austen,7.113104526813213
5,melville,1482,fitzgerald,7.8736050469534735
5,melville,1482,twain,7.432480859756469
5,melville,1483,train,3.340324831008912
5,melville,1483,baum,7.351311445236206
5,melville,1483,thompson,7.858000159263611
5,melville,1483,dickens,7.138739506403605
5,melville,1483,melville,6.83445421854655
5,melville,1483,wells,7.405876318613688
5,melville,1483,austen,7.10340587909405
5,melville,1483,fitzgerald,7.8673224449157715
5,melville,1483,twain,7.435785722732544
5,melville,1484,train,3.3367926597595217
5,melville,1484,baum,7.364972472190857
5,melville,1484,thompson,7.869315266609192
5,melville,1484,dickens,7.110772037506104
5,melville,1484,melville,6.826640393998888
5,melville,1484,wells,7.38285764058431
5,melville,1484,austen,7.07672460262592
5,melville,1484,fitzgerald,7.871468544006348
5,melville,1484,twain,7.472212934494019
5,melville,1485,train,3.3371103763580323
5,melville,1485,baum,7.379622936248779
5,melville,1485,thompson,7.88111412525177
5,melville,1485,dickens,7.134072891871134
5,melville,1485,melville,6.8454040951199
5,melville,1485,wells,7.400702317555745
5,melville,1485,austen,7.10242513509897
5,melville,1485,fitzgerald,7.881656442369733
5,melville,1485,twain,7.478552532196045
5,melville,1486,train,3.324093580245972
5,melville,1486,baum,7.361241459846497
5,melville,1486,thompson,7.8679821491241455
5,melville,1486,dickens,7.102163569132487
5,melville,1486,melville,6.827031347486708
5,melville,1486,wells,7.36984920501709
5,melville,1486,austen,7.070427784552941
5,melville,1486,fitzgerald,7.858046736036028
5,melville,1486,twain,7.445253849029541
5,melville,1487,train,3.337683773040772
5,melville,1487,baum,7.375890016555786
5,melville,1487,thompson,7.881610631942749
5,melville,1487,dickens,7.126186243693033
5,melville,1487,melville,6.843747191958958
5,melville,1487,wells,7.401888926823934
5,melville,1487,austen,7.100877981919509
5,melville,1487,fitzgerald,7.888594014304025
5,melville,1487,twain,7.473409748077392
5,melville,1488,train,3.324397325515747
5,melville,1488,baum,7.387444972991943
5,melville,1488,thompson,7.887980699539185
5,melville,1488,dickens,7.133527119954427
5,melville,1488,melville,6.846538649664985
5,melville,1488,wells,7.408893823623657
5,melville,1488,austen,7.100946573110727
5,melville,1488,fitzgerald,7.892261028289795
5,melville,1488,twain,7.458217000961303
5,melville,1489,train,3.3577527523040773
5,melville,1489,baum,7.377822399139404
5,melville,1489,thompson,7.884551167488098
5,melville,1489,dickens,7.137058607737223
5,melville,1489,melville,6.832702053917779
5,melville,1489,wells,7.401518106460571
5,melville,1489,austen,7.108195561629075
5,melville,1489,fitzgerald,7.888783182416644
5,melville,1489,twain,7.465845584869385
5,melville,1490,train,3.326412105560302
5,melville,1490,baum,7.373408079147339
5,melville,1490,thompson,7.878196120262146
5,melville,1490,dickens,7.132684453328451
5,melville,1490,melville,6.836856153276232
5,melville,1490,wells,7.391579310099284
5,melville,1490,austen,7.098896136650672
5,melville,1490,fitzgerald,7.879645756312779
5,melville,1490,twain,7.462041139602661
5,melville,1491,train,3.294997262954712
5,melville,1491,baum,7.367129325866699
5,melville,1491,thompson,7.867567181587219
5,melville,1491,dickens,7.122311369578044
5,melville,1491,melville,6.836084842681885
5,melville,1491,wells,7.380575021107991
5,melville,1491,austen,7.079028349656325
5,melville,1491,fitzgerald,7.859364237104144
5,melville,1491,twain,7.445270490646362
5,melville,1492,train,3.318885946273804
5,melville,1492,baum,7.398653268814087
5,melville,1492,thompson,7.909079194068909
5,melville,1492,dickens,7.14809087117513
5,melville,1492,melville,6.857800324757894
5,melville,1492,wells,7.418311754862468
5,melville,1492,austen,7.115714366619404
5,melville,1492,fitzgerald,7.911661488669259
5,melville,1492,twain,7.491132545471191
5,melville,1493,train,3.316233444213867
5,melville,1493,baum,7.3664469718933105
5,melville,1493,thompson,7.873562574386597
5,melville,1493,dickens,7.116745583216349
5,melville,1493,melville,6.836754375033909
5,melville,1493,wells,7.386859178543091
5,melville,1493,austen,7.084121740781344
5,melville,1493,fitzgerald,7.876347405569894
5,melville,1493,twain,7.4651491165161135
5,melville,1494,train,3.284775638580322
5,melville,1494,baum,7.389201283454895
5,melville,1494,thompson,7.895233154296875
5,melville,1494,dickens,7.153855307896932
5,melville,1494,melville,6.858206801944309
5,melville,1494,wells,7.4274632930755615
5,melville,1494,austen,7.129981371072622
5,melville,1494,fitzgerald,7.908251489911761
5,melville,1494,twain,7.482054042816162
5,melville,1495,train,3.321433973312378
5,melville,1495,baum,7.360177636146545
5,melville,1495,thompson,7.869144320487976
5,melville,1495,dickens,7.122661304473877
5,melville,1495,melville,6.830778704749213
5,melville,1495,wells,7.37940247853597
5,melville,1495,austen,7.085077395805945
5,melville,1495,fitzgerald,7.8646272250584195
5,melville,1495,twain,7.4468464851379395
5,melville,1496,train,3.3117127895355223
5,melville,1496,baum,7.383880257606506
5,melville,1496,thompson,7.88330864906311
5,melville,1496,dickens,7.146877066294352
5,melville,1496,melville,6.850380155775282
5,melville,1496,wells,7.414749304453532
5,melville,1496,austen,7.112467949207012
5,melville,1496,fitzgerald,7.889927319117954
5,melville,1496,twain,7.44937310218811
5,melville,1497,train,3.3142940044403075
5,melville,1497,baum,7.408114433288574
5,melville,1497,thompson,7.907485723495483
5,melville,1497,dickens,7.15981928507487
5,melville,1497,melville,6.851113690270318
5,melville,1497,wells,7.422614733378093
5,melville,1497,austen,7.120383996229905
5,melville,1497,fitzgerald,7.912938594818115
5,melville,1497,twain,7.476167106628418
5,melville,1498,train,3.2791276931762696
5,melville,1498,baum,7.385133504867554
5,melville,1498,thompson,7.8902846574783325
5,melville,1498,dickens,7.150183693567912
5,melville,1498,melville,6.851387182871501
5,melville,1498,wells,7.414751768112183
5,melville,1498,austen,7.111476164597732
5,melville,1498,fitzgerald,7.891086169651577
5,melville,1498,twain,7.454327487945557
5,melville,1499,train,3.3019525051116942
5,melville,1499,baum,7.373298645019531
5,melville,1499,thompson,7.892665147781372
5,melville,1499,dickens,7.14654598236084
5,melville,1499,melville,6.836585786607531
5,melville,1499,wells,7.403169870376587
5,melville,1499,austen,7.10761939562284
5,melville,1499,fitzgerald,7.8899527958461215
5,melville,1499,twain,7.445011758804322
5,melville,1500,train,3.2989327907562256
5,melville,1500,baum,7.407123804092407
5,melville,1500,thompson,7.90813136100769
5,melville,1500,dickens,7.192591540018717
5,melville,1500,melville,6.863871468438043
5,melville,1500,wells,7.44465692838033
5,melville,1500,austen,7.1598531649662895
5,melville,1500,fitzgerald,7.920982565198626
5,melville,1500,twain,7.473290300369262
5,melville,1501,train,3.329309225082397
5,melville,1501,baum,7.3982590436935425
5,melville,1501,thompson,7.905287742614746
5,melville,1501,dickens,7.160070021947225
5,melville,1501,melville,6.853422323862712
5,melville,1501,wells,7.414088487625122
5,melville,1501,austen,7.122501189892109
5,melville,1501,fitzgerald,7.909972940172468
5,melville,1501,twain,7.463931846618652
5,melville,1502,train,3.299346351623535
5,melville,1502,baum,7.412648797035217
5,melville,1502,thompson,7.916623830795288
5,melville,1502,dickens,7.167960039774576
5,melville,1502,melville,6.8658498128255205
5,melville,1502,wells,7.431215047836304
5,melville,1502,austen,7.13728875380296
5,melville,1502,fitzgerald,7.922963891710554
5,melville,1502,twain,7.500880575180053
5,melville,1503,train,3.322256708145141
5,melville,1503,baum,7.400440454483032
5,melville,1503,thompson,7.906526923179626
5,melville,1503,dickens,7.142928727467855
5,melville,1503,melville,6.85573132832845
5,melville,1503,wells,7.416620413462321
5,melville,1503,austen,7.109620461097131
5,melville,1503,fitzgerald,7.910185677664621
5,melville,1503,twain,7.479536771774292
5,melville,1504,train,3.3328364849090577
5,melville,1504,baum,7.414827227592468
5,melville,1504,thompson,7.917902946472168
5,melville,1504,dickens,7.160108264287313
5,melville,1504,melville,6.854216946495904
5,melville,1504,wells,7.422302722930908
5,melville,1504,austen,7.126070939577543
5,melville,1504,fitzgerald,7.919988972800119
5,melville,1504,twain,7.506001377105713
5,melville,1505,train,3.313768815994263
5,melville,1505,baum,7.389890551567078
5,melville,1505,thompson,7.889322519302368
5,melville,1505,dickens,7.154279963175456
5,melville,1505,melville,6.855121241675483
5,melville,1505,wells,7.415350675582886
5,melville,1505,austen,7.120765686035156
5,melville,1505,fitzgerald,7.892989158630371
5,melville,1505,twain,7.464212894439697
5,melville,1506,train,3.2813906192779543
5,melville,1506,baum,7.404519081115723
5,melville,1506,thompson,7.905628681182861
5,melville,1506,dickens,7.173986450831095
5,melville,1506,melville,6.866278171539307
5,melville,1506,wells,7.443148136138916
5,melville,1506,austen,7.151336229764498
5,melville,1506,fitzgerald,7.915347371782575
5,melville,1506,twain,7.468641233444214
5,melville,1507,train,3.2921988487243654
5,melville,1507,baum,7.412082195281982
5,melville,1507,thompson,7.911080360412598
5,melville,1507,dickens,7.151646979649862
5,melville,1507,melville,6.856024053361681
5,melville,1507,wells,7.423487742741902
5,melville,1507,austen,7.127675129817082
5,melville,1507,fitzgerald,7.910487788064139
5,melville,1507,twain,7.486212301254272
5,melville,1508,train,3.3056835651397707
5,melville,1508,baum,7.391676783561706
5,melville,1508,thompson,7.901139140129089
5,melville,1508,dickens,7.165693632761637
5,melville,1508,melville,6.862662103441027
5,melville,1508,wells,7.4415154457092285
5,melville,1508,austen,7.144232163062463
5,melville,1508,fitzgerald,7.90586383002145
5,melville,1508,twain,7.446183776855468
5,melville,1509,train,3.3154608249664306
5,melville,1509,baum,7.420664548873901
5,melville,1509,thompson,7.926351070404053
5,melville,1509,dickens,7.187852732340494
5,melville,1509,melville,6.882458792792426
5,melville,1509,wells,7.455909729003906
5,melville,1509,austen,7.1662809665386495
5,melville,1509,fitzgerald,7.934380258832659
5,melville,1509,twain,7.487037754058837
5,melville,1510,train,3.2740052223205565
5,melville,1510,baum,7.380593538284302
5,melville,1510,thompson,7.893466711044311
5,melville,1510,dickens,7.150707880655925
5,melville,1510,melville,6.859729607899983
5,melville,1510,wells,7.417441368103027
5,melville,1510,austen,7.117991190690261
5,melville,1510,fitzgerald,7.892465455191476
5,melville,1510,twain,7.454308795928955
5,melville,1511,train,3.2785587310791016
5,melville,1511,baum,7.406205058097839
5,melville,1511,thompson,7.925614595413208
5,melville,1511,dickens,7.160496584574381
5,melville,1511,melville,6.8748411072625055
5,melville,1511,wells,7.43109130859375
5,melville,1511,austen,7.131755498739389
5,melville,1511,fitzgerald,7.92162595476423
5,melville,1511,twain,7.493393182754517
5,melville,1512,train,3.26613826751709
5,melville,1512,baum,7.417898654937744
5,melville,1512,thompson,7.925910711288452
5,melville,1512,dickens,7.17921895980835
5,melville,1512,melville,6.86847718556722
5,melville,1512,wells,7.441820462544759
5,melville,1512,austen,7.147740767552302
5,melville,1512,fitzgerald,7.928961890084403
5,melville,1512,twain,7.474615335464477
5,melville,1513,train,3.3134694576263426
5,melville,1513,baum,7.399815440177917
5,melville,1513,thompson,7.908131003379822
5,melville,1513,dickens,7.167115990320841
5,melville,1513,melville,6.869446224636501
5,melville,1513,wells,7.437262137730916
5,melville,1513,austen,7.138036984663743
5,melville,1513,fitzgerald,7.910042013440814
5,melville,1513,twain,7.464857721328736
5,melville,1514,train,3.296856784820557
5,melville,1514,baum,7.395918130874634
5,melville,1514,thompson,7.901341080665588
5,melville,1514,dickens,7.143750937779744
5,melville,1514,melville,6.8695747057596845
5,melville,1514,wells,7.424803018569946
5,melville,1514,austen,7.115785708794227
5,melville,1514,fitzgerald,7.896641118185861
5,melville,1514,twain,7.474896383285523
5,melville,1515,train,3.313271903991699
5,melville,1515,baum,7.408562064170837
5,melville,1515,thompson,7.912771582603455
5,melville,1515,dickens,7.169547494252523
5,melville,1515,melville,6.864290025499132
5,melville,1515,wells,7.43333633740743
5,melville,1515,austen,7.13938779097337
5,melville,1515,fitzgerald,7.918447835104806
5,melville,1515,twain,7.482588815689087
5,melville,1516,train,3.279594278335572
5,melville,1516,baum,7.396656990051269
5,melville,1516,thompson,7.906836867332458
5,melville,1516,dickens,7.143639866511027
5,melville,1516,melville,6.853819741143121
5,melville,1516,wells,7.4072840213775635
5,melville,1516,austen,7.115728745093713
5,melville,1516,fitzgerald,7.899303163800921
5,melville,1516,twain,7.459289598464966
5,melville,1517,train,3.2783927440643312
5,melville,1517,baum,7.429253578186035
5,melville,1517,thompson,7.924899458885193
5,melville,1517,dickens,7.170618947347005
5,melville,1517,melville,6.86539978451199
5,melville,1517,wells,7.435224533081055
5,melville,1517,austen,7.143039996807392
5,melville,1517,fitzgerald,7.923792975289481
5,melville,1517,twain,7.515560865402222
5,melville,1518,train,3.2975266933441163
5,melville,1518,baum,7.404330253601074
5,melville,1518,thompson,7.903035879135132
5,melville,1518,dickens,7.155774593353272
5,melville,1518,melville,6.861614174313015
5,melville,1518,wells,7.419232130050659
5,melville,1518,austen,7.116760107187124
5,melville,1518,fitzgerald,7.905389377049038
5,melville,1518,twain,7.483075952529907
5,melville,1519,train,3.2562525272369385
5,melville,1519,baum,7.4157984256744385
5,melville,1519,thompson,7.916972398757935
5,melville,1519,dickens,7.1822222709655765
5,melville,1519,melville,6.878493944803874
5,melville,1519,wells,7.449746767679851
5,melville,1519,austen,7.1468689258282
5,melville,1519,fitzgerald,7.92652416229248
5,melville,1519,twain,7.478614282608032
5,melville,1520,train,3.279537057876587
5,melville,1520,baum,7.399822473526001
5,melville,1520,thompson,7.900637745857239
5,melville,1520,dickens,7.148601229985555
5,melville,1520,melville,6.859058698018392
5,melville,1520,wells,7.414733091990153
5,melville,1520,austen,7.115118063413179
5,melville,1520,fitzgerald,7.895608152662005
5,melville,1520,twain,7.47282075881958
5,melville,1521,train,3.285842514038086
5,melville,1521,baum,7.429857015609741
5,melville,1521,thompson,7.926664113998413
5,melville,1521,dickens,7.179157972335815
5,melville,1521,melville,6.877356953091091
5,melville,1521,wells,7.453370571136475
5,melville,1521,austen,7.15043332026555
5,melville,1521,fitzgerald,7.930419376918247
5,melville,1521,twain,7.491669607162476
5,melville,1522,train,3.267383098602295
5,melville,1522,baum,7.41932487487793
5,melville,1522,thompson,7.917710065841675
5,melville,1522,dickens,7.178838888804118
5,melville,1522,melville,6.861982504526774
5,melville,1522,wells,7.442846139272054
5,melville,1522,austen,7.1472733937777
5,melville,1522,fitzgerald,7.928256443568638
5,melville,1522,twain,7.49966549873352
5,melville,1523,train,3.2847455978393554
5,melville,1523,baum,7.423897862434387
5,melville,1523,thompson,7.930987238883972
5,melville,1523,dickens,7.201427888870239
5,melville,1523,melville,6.882638083563911
5,melville,1523,wells,7.467129548390706
5,melville,1523,austen,7.1688768313481255
5,melville,1523,fitzgerald,7.942508833748954
5,melville,1523,twain,7.490379190444946
5,melville,1524,train,3.28466534614563
5,melville,1524,baum,7.410722136497498
5,melville,1524,thompson,7.912947416305542
5,melville,1524,dickens,7.160937023162842
5,melville,1524,melville,6.861457612779406
5,melville,1524,wells,7.424519300460815
5,melville,1524,austen,7.132521409254808
5,melville,1524,fitzgerald,7.918683052062988
5,melville,1524,twain,7.495790767669678
5,melville,1525,train,3.2279450416564943
5,melville,1525,baum,7.4245874881744385
5,melville,1525,thompson,7.920637726783752
5,melville,1525,dickens,7.190412330627441
5,melville,1525,melville,6.871496094597711
5,melville,1525,wells,7.449935515721639
5,melville,1525,austen,7.155248165130615
5,melville,1525,fitzgerald,7.934567042759487
5,melville,1525,twain,7.495900630950928
5,melville,1526,train,3.2651673793792724
5,melville,1526,baum,7.4381080865859985
5,melville,1526,thompson,7.943689227104187
5,melville,1526,dickens,7.200507513682047
5,melville,1526,melville,6.883557955423991
5,melville,1526,wells,7.460622072219849
5,melville,1526,austen,7.157839885124793
5,melville,1526,fitzgerald,7.948013646262033
5,melville,1526,twain,7.492688179016113
5,melville,1527,train,3.262714958190918
5,melville,1527,baum,7.413009166717529
5,melville,1527,thompson,7.912526369094849
5,melville,1527,dickens,7.1793326536814375
5,melville,1527,melville,6.863450898064508
5,melville,1527,wells,7.435837586720784
5,melville,1527,austen,7.143155648158147
5,melville,1527,fitzgerald,7.9151385852268765
5,melville,1527,twain,7.4970947265625
5,melville,1528,train,3.273811388015747
5,melville,1528,baum,7.432664752006531
5,melville,1528,thompson,7.936151027679443
5,melville,1528,dickens,7.178253714243571
5,melville,1528,melville,6.875089698367649
5,melville,1528,wells,7.4498856862386065
5,melville,1528,austen,7.15025546000554
5,melville,1528,fitzgerald,7.938500472477505
5,melville,1528,twain,7.51991810798645
5,melville,1529,train,3.282929801940918
5,melville,1529,baum,7.444146633148193
5,melville,1529,thompson,7.947852611541748
5,melville,1529,dickens,7.207056506474813
5,melville,1529,melville,6.883909967210558
5,melville,1529,wells,7.471022446950276
5,melville,1529,austen,7.180351294004
5,melville,1529,fitzgerald,7.952269622257778
5,melville,1529,twain,7.510192394256592
5,melville,1530,train,3.277259683609009
5,melville,1530,baum,7.426066279411316
5,melville,1530,thompson,7.931358695030212
5,melville,1530,dickens,7.179332399368287
5,melville,1530,melville,6.873040941026476
5,melville,1530,wells,7.449012120564778
5,melville,1530,austen,7.149484671079195
5,melville,1530,fitzgerald,7.929456574576242
5,melville,1530,twain,7.502997207641601
5,melville,1531,train,3.2522321224212645
5,melville,1531,baum,7.431280493736267
5,melville,1531,thompson,7.92929220199585
5,melville,1531,dickens,7.182749589284261
5,melville,1531,melville,6.880078050825331
5,melville,1531,wells,7.455055236816406
5,melville,1531,austen,7.146168268643892
5,melville,1531,fitzgerald,7.936030660356794
5,melville,1531,twain,7.511372947692871
5,melville,1532,train,3.272270488739013
5,melville,1532,baum,7.454193830490112
5,melville,1532,thompson,7.956452131271362
5,melville,1532,dickens,7.206441450119018
5,melville,1532,melville,6.8870457543267145
5,melville,1532,wells,7.468179861704509
5,melville,1532,austen,7.168605437645545
5,melville,1532,fitzgerald,7.965261118752616
5,melville,1532,twain,7.533273220062256
5,melville,1533,train,3.2781258106231688
5,melville,1533,baum,7.459085583686829
5,melville,1533,thompson,7.966623544692993
5,melville,1533,dickens,7.194721158345541
5,melville,1533,melville,6.883028083377415
5,melville,1533,wells,7.467046737670898
5,melville,1533,austen,7.162271609673133
5,melville,1533,fitzgerald,7.967518329620361
5,melville,1533,twain,7.543750619888305
5,melville,1534,train,3.2560955047607423
5,melville,1534,baum,7.468567728996277
5,melville,1534,thompson,7.972583770751953
5,melville,1534,dickens,7.2404755592346195
5,melville,1534,melville,6.909128718905979
5,melville,1534,wells,7.501320759455363
5,melville,1534,austen,7.198237419128418
5,melville,1534,fitzgerald,7.983743258884975
5,melville,1534,twain,7.528782224655151
5,melville,1535,train,3.2713968753814697
5,melville,1535,baum,7.446935653686523
5,melville,1535,thompson,7.9567989110946655
5,melville,1535,dickens,7.205966186523438
5,melville,1535,melville,6.881771246592204
5,melville,1535,wells,7.467672824859619
5,melville,1535,austen,7.162599343519944
5,melville,1535,fitzgerald,7.956490448543003
5,melville,1535,twain,7.526194334030151
5,melville,1536,train,3.255987453460693
5,melville,1536,baum,7.456626057624817
5,melville,1536,thompson,7.966081738471985
5,melville,1536,dickens,7.224991226196289
5,melville,1536,melville,6.891538514031304
5,melville,1536,wells,7.488622744878133
5,melville,1536,austen,7.18196362715501
5,melville,1536,fitzgerald,7.966089180537632
5,melville,1536,twain,7.525132703781128
5,melville,1537,train,3.269858741760254
5,melville,1537,baum,7.432262420654297
5,melville,1537,thompson,7.949028849601746
5,melville,1537,dickens,7.193580547968547
5,melville,1537,melville,6.871934466891819
5,melville,1537,wells,7.446884870529175
5,melville,1537,austen,7.144500438983624
5,melville,1537,fitzgerald,7.944677761622837
5,melville,1537,twain,7.522586154937744
5,melville,1538,train,3.277854156494141
5,melville,1538,baum,7.456092715263367
5,melville,1538,thompson,7.966588973999023
5,melville,1538,dickens,7.218557818730672
5,melville,1538,melville,6.882858859168159
5,melville,1538,wells,7.472140471140544
5,melville,1538,austen,7.174102049607497
5,melville,1538,fitzgerald,7.961401530674526
5,melville,1538,twain,7.547970962524414
5,melville,1539,train,3.197482299804688
5,melville,1539,baum,7.471788644790649
5,melville,1539,thompson,7.985338091850281
5,melville,1539,dickens,7.221490716934204
5,melville,1539,melville,6.9022046195136175
5,melville,1539,wells,7.480957269668579
5,melville,1539,austen,7.181287068587083
5,melville,1539,fitzgerald,7.977002552577427
5,melville,1539,twain,7.539741182327271
5,melville,1540,train,3.254567527770996
5,melville,1540,baum,7.457315564155579
5,melville,1540,thompson,7.97276508808136
5,melville,1540,dickens,7.230765851338704
5,melville,1540,melville,6.8935358259412975
5,melville,1540,wells,7.47947891553243
5,melville,1540,austen,7.186684608459473
5,melville,1540,fitzgerald,7.96393312726702
5,melville,1540,twain,7.530742454528808
5,melville,1541,train,3.225111722946167
5,melville,1541,baum,7.434285163879394
5,melville,1541,thompson,7.940571188926697
5,melville,1541,dickens,7.1956197420756025
5,melville,1541,melville,6.889325247870551
5,melville,1541,wells,7.456327358881633
5,melville,1541,austen,7.153827337118296
5,melville,1541,fitzgerald,7.935065473828997
5,melville,1541,twain,7.508104944229126
5,melville,1542,train,3.236613655090332
5,melville,1542,baum,7.476992964744568
5,melville,1542,thompson,7.977777361869812
5,melville,1542,dickens,7.225053819020589
5,melville,1542,melville,6.903300974104139
5,melville,1542,wells,7.48877493540446
5,melville,1542,austen,7.197765643780048
5,melville,1542,fitzgerald,7.9810558046613425
5,melville,1542,twain,7.562484836578369
5,melville,1543,train,3.220857191085816
5,melville,1543,baum,7.447553038597107
5,melville,1543,thompson,7.956518411636352
5,melville,1543,dickens,7.206077035268148
5,melville,1543,melville,6.893745846218533
5,melville,1543,wells,7.468521356582642
5,melville,1543,austen,7.179325030400203
5,melville,1543,fitzgerald,7.959442751748221
5,melville,1543,twain,7.523207569122315
5,melville,1544,train,3.251586389541626
5,melville,1544,baum,7.449759721755981
5,melville,1544,thompson,7.961265325546265
5,melville,1544,dickens,7.21462033589681
5,melville,1544,melville,6.8938057157728405
5,melville,1544,wells,7.462942282358806
5,melville,1544,austen,7.181220201345591
5,melville,1544,fitzgerald,7.952117919921875
5,melville,1544,twain,7.510890483856201
5,melville,1545,train,3.270287609100342
5,melville,1545,baum,7.474363923072815
5,melville,1545,thompson,7.979021072387695
5,melville,1545,dickens,7.235108089447022
5,melville,1545,melville,6.891973654429118
5,melville,1545,wells,7.495664676030477
5,melville,1545,austen,7.206545646374042
5,melville,1545,fitzgerald,7.983542374202183
5,melville,1545,twain,7.533977937698364
5,melville,1546,train,3.251807975769043
5,melville,1546,baum,7.449498176574707
5,melville,1546,thompson,7.954927086830139
5,melville,1546,dickens,7.2064061482747395
5,melville,1546,melville,6.88338581720988
5,melville,1546,wells,7.463874499003093
5,melville,1546,austen,7.16538774050199
5,melville,1546,fitzgerald,7.961828913007464
5,melville,1546,twain,7.515550756454468
5,melville,1547,train,3.228784227371216
5,melville,1547,baum,7.463322639465332
5,melville,1547,thompson,7.968655347824097
5,melville,1547,dickens,7.236784585316976
5,melville,1547,melville,6.895420339372423
5,melville,1547,wells,7.484796285629272
5,melville,1547,austen,7.198186690990742
5,melville,1547,fitzgerald,7.97085326058524
5,melville,1547,twain,7.526395273208618
5,melville,1548,train,3.223936653137207
5,melville,1548,baum,7.452031373977661
5,melville,1548,thompson,7.965184211730957
5,melville,1548,dickens,7.215011485417684
5,melville,1548,melville,6.893429385291205
5,melville,1548,wells,7.475172360738118
5,melville,1548,austen,7.178443065056434
5,melville,1548,fitzgerald,7.963264874049595
5,melville,1548,twain,7.514375638961792
5,melville,1549,train,3.2391876220703124
5,melville,1549,baum,7.446411848068237
5,melville,1549,thompson,7.961215615272522
5,melville,1549,dickens,7.231451908747355
5,melville,1549,melville,6.900826454162598
5,melville,1549,wells,7.491978168487549
5,melville,1549,austen,7.193736479832576
5,melville,1549,fitzgerald,7.967581272125244
5,melville,1549,twain,7.511777925491333
5,melville,1550,train,3.268356513977051
5,melville,1550,baum,7.44263744354248
5,melville,1550,thompson,7.952585935592651
5,melville,1550,dickens,7.2262794971466064
5,melville,1550,melville,6.898012161254883
5,melville,1550,wells,7.484213511149089
5,melville,1550,austen,7.183219726269062
5,melville,1550,fitzgerald,7.957873208182199
5,melville,1550,twain,7.517540979385376
5,melville,1551,train,3.238969850540161
5,melville,1551,baum,7.458842515945435
5,melville,1551,thompson,7.960675239562988
5,melville,1551,dickens,7.208618847529093
5,melville,1551,melville,6.90106397204929
5,melville,1551,wells,7.479819536209106
5,melville,1551,austen,7.181686768165002
5,melville,1551,fitzgerald,7.965689659118652
5,melville,1551,twain,7.522699880599975
5,melville,1552,train,3.224495649337769
5,melville,1552,baum,7.422561883926392
5,melville,1552,thompson,7.928398370742798
5,melville,1552,dickens,7.200285545984904
5,melville,1552,melville,6.894359906514485
5,melville,1552,wells,7.466346104939778
5,melville,1552,austen,7.168118733626145
5,melville,1552,fitzgerald,7.93826825278146
5,melville,1552,twain,7.492244911193848
5,melville,1553,train,3.22515606880188
5,melville,1553,baum,7.452262878417969
5,melville,1553,thompson,7.9563716650009155
5,melville,1553,dickens,7.214702637990316
5,melville,1553,melville,6.901017877790663
5,melville,1553,wells,7.481347004572551
5,melville,1553,austen,7.187792631296011
5,melville,1553,fitzgerald,7.964254787990025
5,melville,1553,twain,7.527987480163574
5,melville,1554,train,3.235221433639526
5,melville,1554,baum,7.478808879852295
5,melville,1554,thompson,7.977138757705688
5,melville,1554,dickens,7.232329813639323
5,melville,1554,melville,6.91035991244846
5,melville,1554,wells,7.500380198160808
5,melville,1554,austen,7.202713599571815
5,melville,1554,fitzgerald,7.984728949410575
5,melville,1554,twain,7.545617532730103
5,melville,1555,train,3.221998405456543
5,melville,1555,baum,7.444270610809326
5,melville,1555,thompson,7.952388048171997
5,melville,1555,dickens,7.218797381718954
5,melville,1555,melville,6.903157816992866
5,melville,1555,wells,7.4859762986501055
5,melville,1555,austen,7.184713253608117
5,melville,1555,fitzgerald,7.955790860312326
5,melville,1555,twain,7.512130308151245
5,melville,1556,train,3.248360300064087
5,melville,1556,baum,7.454264402389526
5,melville,1556,thompson,7.962944269180298
5,melville,1556,dickens,7.238137261072794
5,melville,1556,melville,6.917450798882379
5,melville,1556,wells,7.510619560877482
5,melville,1556,austen,7.214517593383789
5,melville,1556,fitzgerald,7.978147097996303
5,melville,1556,twain,7.525814199447632
5,melville,1557,train,3.189470911026001
5,melville,1557,baum,7.454758644104004
5,melville,1557,thompson,7.963623404502869
5,melville,1557,dickens,7.215827671686808
5,melville,1557,melville,6.894731627570258
5,melville,1557,wells,7.487145821253459
5,melville,1557,austen,7.188707204965445
5,melville,1557,fitzgerald,7.962871619633266
5,melville,1557,twain,7.532475566864013
5,melville,1558,train,3.2351143836975096
5,melville,1558,baum,7.462224960327148
5,melville,1558,thompson,7.970785737037659
5,melville,1558,dickens,7.226916678746542
5,melville,1558,melville,6.906108962164985
5,melville,1558,wells,7.497264862060547
5,melville,1558,austen,7.201623806586633
5,melville,1558,fitzgerald,7.969766071864536
5,melville,1558,twain,7.525684499740601
5,melville,1559,train,3.235971736907959
5,melville,1559,baum,7.459105730056763
5,melville,1559,thompson,7.969370126724243
5,melville,1559,dickens,7.233710225423177
5,melville,1559,melville,6.916085561116536
5,melville,1559,wells,7.502239465713501
5,melville,1559,austen,7.211132526397705
5,melville,1559,fitzgerald,7.976115907941546
5,melville,1559,twain,7.503599452972412
5,melville,1560,train,3.221939039230347
5,melville,1560,baum,7.457192063331604
5,melville,1560,thompson,7.959395408630371
5,melville,1560,dickens,7.24423197110494
5,melville,1560,melville,6.916868527730306
5,melville,1560,wells,7.500764926274617
5,melville,1560,austen,7.219910768362192
5,melville,1560,fitzgerald,7.971407890319824
5,melville,1560,twain,7.531673097610474
5,melville,1561,train,3.2241687297821047
5,melville,1561,baum,7.466712832450867
5,melville,1561,thompson,7.970147013664246
5,melville,1561,dickens,7.236960442860921
5,melville,1561,melville,6.908646159701878
5,melville,1561,wells,7.4967710971832275
5,melville,1561,austen,7.205361989828257
5,melville,1561,fitzgerald,7.975098201206753
5,melville,1561,twain,7.514140367507935
5,melville,1562,train,3.234988641738892
5,melville,1562,baum,7.468028903007507
5,melville,1562,thompson,7.966297745704651
5,melville,1562,dickens,7.244181807835897
5,melville,1562,melville,6.909371217091878
5,melville,1562,wells,7.515002012252808
5,melville,1562,austen,7.213007083305945
5,melville,1562,fitzgerald,7.980180672236851
5,melville,1562,twain,7.52387375831604
5,melville,1563,train,3.2158509731292724
5,melville,1563,baum,7.4696033000946045
5,melville,1563,thompson,7.970320820808411
5,melville,1563,dickens,7.226808881759643
5,melville,1563,melville,6.906615628136529
5,melville,1563,wells,7.482223431269328
5,melville,1563,austen,7.198034653296838
5,melville,1563,fitzgerald,7.965690067836216
5,melville,1563,twain,7.527942419052124
5,melville,1564,train,3.2047780036926268
5,melville,1564,baum,7.464812397956848
5,melville,1564,thompson,7.966259479522705
5,melville,1564,dickens,7.234880940119425
5,melville,1564,melville,6.901503933800592
5,melville,1564,wells,7.491927941640218
5,melville,1564,austen,7.206404209136963
5,melville,1564,fitzgerald,7.969444479261126
5,melville,1564,twain,7.520408964157104
5,melville,1565,train,3.2317667961120606
5,melville,1565,baum,7.438302636146545
5,melville,1565,thompson,7.952463269233704
5,melville,1565,dickens,7.220016368230184
5,melville,1565,melville,6.895514435238308
5,melville,1565,wells,7.478275458017985
5,melville,1565,austen,7.18142608495859
5,melville,1565,fitzgerald,7.944752216339111
5,melville,1565,twain,7.510920763015747
5,melville,1566,train,3.210814619064331
5,melville,1566,baum,7.47238278388977
5,melville,1566,thompson,7.981294870376587
5,melville,1566,dickens,7.225077454249064
5,melville,1566,melville,6.91258430480957
5,melville,1566,wells,7.502069632212321
5,melville,1566,austen,7.199023026686448
5,melville,1566,fitzgerald,7.982036863054548
5,melville,1566,twain,7.537818717956543
5,melville,1567,train,3.219815301895141
5,melville,1567,baum,7.464463949203491
5,melville,1567,thompson,7.97571074962616
5,melville,1567,dickens,7.2283210277557375
5,melville,1567,melville,6.904222806294759
5,melville,1567,wells,7.485008637110392
5,melville,1567,austen,7.190929889678955
5,melville,1567,fitzgerald,7.975521223885672
5,melville,1567,twain,7.566141986846924
5,melville,1568,train,3.20647087097168
5,melville,1568,baum,7.46614944934845
5,melville,1568,thompson,7.979744911193848
5,melville,1568,dickens,7.2384978612264
5,melville,1568,melville,6.917806254492866
5,melville,1568,wells,7.497895320256551
5,melville,1568,austen,7.197652670053335
5,melville,1568,fitzgerald,7.983880315508161
5,melville,1568,twain,7.521096897125244
5,melville,1569,train,3.23168215751648
5,melville,1569,baum,7.462651014328003
5,melville,1569,thompson,7.969657778739929
5,melville,1569,dickens,7.225991439819336
5,melville,1569,melville,6.904963069491917
5,melville,1569,wells,7.485334475835164
5,melville,1569,austen,7.189794283646804
5,melville,1569,fitzgerald,7.9671317509242465
5,melville,1569,twain,7.538196754455567
5,melville,1570,train,3.1914953708648683
5,melville,1570,baum,7.476072549819946
5,melville,1570,thompson,7.991514325141907
5,melville,1570,dickens,7.233466895421346
5,melville,1570,melville,6.920138835906982
5,melville,1570,wells,7.499429782231648
5,melville,1570,austen,7.200319510239821
5,melville,1570,fitzgerald,7.988163471221924
5,melville,1570,twain,7.548035287857056
5,melville,1571,train,3.203979539871216
5,melville,1571,baum,7.472658157348633
5,melville,1571,thompson,7.978123307228088
5,melville,1571,dickens,7.214972496032715
5,melville,1571,melville,6.915719985961914
5,melville,1571,wells,7.49173633257548
5,melville,1571,austen,7.188667627481314
5,melville,1571,fitzgerald,7.976191588810512
5,melville,1571,twain,7.53848009109497
5,melville,1572,train,3.192777919769287
5,melville,1572,baum,7.4781599044799805
5,melville,1572,thompson,7.985871434211731
5,melville,1572,dickens,7.225585190455119
5,melville,1572,melville,6.917700237698025
5,melville,1572,wells,7.500585794448851
5,melville,1572,austen,7.195489076467661
5,melville,1572,fitzgerald,7.988504614148821
5,melville,1572,twain,7.55748438835144
5,melville,1573,train,3.208681344985962
5,melville,1573,baum,7.501044511795044
5,melville,1573,thompson,8.003158688545227
5,melville,1573,dickens,7.249321540196736
5,melville,1573,melville,6.924467881520589
5,melville,1573,wells,7.522045214970906
5,melville,1573,austen,7.221494271205022
5,melville,1573,fitzgerald,8.011356966836113
5,melville,1573,twain,7.55930495262146
5,melville,1574,train,3.1787089824676515
5,melville,1574,baum,7.485155582427978
5,melville,1574,thompson,7.987019658088684
5,melville,1574,dickens,7.250018469492594
5,melville,1574,melville,6.920095549689399
5,melville,1574,wells,7.516763528188069
5,melville,1574,austen,7.218085875877967
5,melville,1574,fitzgerald,7.9932388578142435
5,melville,1574,twain,7.526955318450928
5,melville,1575,train,3.1953970432281493
5,melville,1575,baum,7.4848315715789795
5,melville,1575,thompson,7.99571418762207
5,melville,1575,dickens,7.256429942448934
5,melville,1575,melville,6.932492574055989
5,melville,1575,wells,7.528294086456299
5,melville,1575,austen,7.228804478278527
5,melville,1575,fitzgerald,7.994131428854806
5,melville,1575,twain,7.536562013626098
5,melville,1576,train,3.2166091918945314
5,melville,1576,baum,7.487818837165832
5,melville,1576,thompson,7.993403077125549
5,melville,1576,dickens,7.25327254931132
5,melville,1576,melville,6.917205545637343
5,melville,1576,wells,7.512837092081706
5,melville,1576,austen,7.218042887174166
5,melville,1576,fitzgerald,7.997947488512311
5,melville,1576,twain,7.559536266326904
5,melville,1577,train,3.1648562431335447
5,melville,1577,baum,7.475393295288086
5,melville,1577,thompson,7.981723189353943
5,melville,1577,dickens,7.244564787546794
5,melville,1577,melville,6.924382898542616
5,melville,1577,wells,7.511531035105388
5,melville,1577,austen,7.218028398660513
5,melville,1577,fitzgerald,7.9892755917140414
5,melville,1577,twain,7.555097198486328
5,melville,1578,train,3.209879684448242
5,melville,1578,baum,7.456692934036255
5,melville,1578,thompson,7.971550822257996
5,melville,1578,dickens,7.224166711171468
5,melville,1578,melville,6.908209482828776
5,melville,1578,wells,7.486195007960002
5,melville,1578,austen,7.189081155336821
5,melville,1578,fitzgerald,7.969993591308594
5,melville,1578,twain,7.550213289260864
5,melville,1579,train,3.1965986251831056
5,melville,1579,baum,7.490204572677612
5,melville,1579,thompson,8.002331852912903
5,melville,1579,dickens,7.244634183247884
5,melville,1579,melville,6.921645641326904
5,melville,1579,wells,7.508794943491618
5,melville,1579,austen,7.214592383458064
5,melville,1579,fitzgerald,7.991289411272321
5,melville,1579,twain,7.541634178161621
5,melville,1580,train,3.16977801322937
5,melville,1580,baum,7.488673686981201
5,melville,1580,thompson,7.99601686000824
5,melville,1580,dickens,7.254307317733764
5,melville,1580,melville,6.933032777574328
5,melville,1580,wells,7.527581294377645
5,melville,1580,austen,7.229343120868389
5,melville,1580,fitzgerald,8.001983506338936
5,melville,1580,twain,7.549633979797363
5,melville,1581,train,3.2174643993377687
5,melville,1581,baum,7.491522312164307
5,melville,1581,thompson,8.00040054321289
5,melville,1581,dickens,7.248082876205444
5,melville,1581,melville,6.935248480902778
5,melville,1581,wells,7.520800193150838
5,melville,1581,austen,7.222264913412241
5,melville,1581,fitzgerald,8.00315339224679
5,melville,1581,twain,7.548067426681518
5,melville,1582,train,3.178702878952026
5,melville,1582,baum,7.476320505142212
5,melville,1582,thompson,7.987676501274109
5,melville,1582,dickens,7.242989333470662
5,melville,1582,melville,6.926752302381727
5,melville,1582,wells,7.507436990737915
5,melville,1582,austen,7.210393612201397
5,melville,1582,fitzgerald,7.985313279288156
5,melville,1582,twain,7.540879201889038
5,melville,1583,train,3.170760107040405
5,melville,1583,baum,7.479202151298523
5,melville,1583,thompson,7.990495800971985
5,melville,1583,dickens,7.242413854598999
5,melville,1583,melville,6.926420317755805
5,melville,1583,wells,7.51065182685852
5,melville,1583,austen,7.213440014765813
5,melville,1583,fitzgerald,7.991385459899902
5,melville,1583,twain,7.558702182769776
5,melville,1584,train,3.1898767948150635
5,melville,1584,baum,7.514318108558655
5,melville,1584,thompson,8.018720507621765
5,melville,1584,dickens,7.274362500508626
5,melville,1584,melville,6.94230588277181
5,melville,1584,wells,7.542626619338989
5,melville,1584,austen,7.243060442117544
5,melville,1584,fitzgerald,8.021832602364677
5,melville,1584,twain,7.583341550827026
5,melville,1585,train,3.168339967727661
5,melville,1585,baum,7.494019508361816
5,melville,1585,thompson,7.997977137565613
5,melville,1585,dickens,7.244657325744629
5,melville,1585,melville,6.9310605261060925
5,melville,1585,wells,7.512954473495483
5,melville,1585,austen,7.215926317068247
5,melville,1585,fitzgerald,7.9990555218287875
5,melville,1585,twain,7.559908294677735
5,melville,1586,train,3.1882662773132324
5,melville,1586,baum,7.510234355926514
5,melville,1586,thompson,8.010165452957153
5,melville,1586,dickens,7.25663317044576
5,melville,1586,melville,6.937969790564643
5,melville,1586,wells,7.535677194595337
5,melville,1586,austen,7.237164057218111
5,melville,1586,fitzgerald,8.01883956364223
5,melville,1586,twain,7.587768936157227
5,melville,1587,train,3.15517463684082
5,melville,1587,baum,7.510028004646301
5,melville,1587,thompson,8.01604163646698
5,melville,1587,dickens,7.2509219964345295
5,melville,1587,melville,6.938036971622044
5,melville,1587,wells,7.525911331176758
5,melville,1587,austen,7.222580836369441
5,melville,1587,fitzgerald,8.017796312059675
5,melville,1587,twain,7.578373050689697
5,melville,1588,train,3.1649141788482664
5,melville,1588,baum,7.502816200256348
5,melville,1588,thompson,8.012902855873108
5,melville,1588,dickens,7.261039733886719
5,melville,1588,melville,6.947166919708252
5,melville,1588,wells,7.540491422017415
5,melville,1588,austen,7.240625124711257
5,melville,1588,fitzgerald,8.02350105558123
5,melville,1588,twain,7.586424922943115
5,melville,1589,train,3.1961780071258543
5,melville,1589,baum,7.507435321807861
5,melville,1589,thompson,8.01076054573059
5,melville,1589,dickens,7.253489812215169
5,melville,1589,melville,6.934113396538629
5,melville,1589,wells,7.5259443918863935
5,melville,1589,austen,7.227633072779729
5,melville,1589,fitzgerald,8.01654509135655
5,melville,1589,twain,7.591048908233643
5,melville,1590,train,3.188980722427368
5,melville,1590,baum,7.529170393943787
5,melville,1590,thompson,8.03045928478241
5,melville,1590,dickens,7.26558469136556
5,melville,1590,melville,6.942403316497803
5,melville,1590,wells,7.535068353017171
5,melville,1590,austen,7.239981724665715
5,melville,1590,fitzgerald,8.030420235225133
5,melville,1590,twain,7.577707624435424
5,melville,1591,train,3.164027738571167
5,melville,1591,baum,7.513013005256653
5,melville,1591,thompson,8.019854068756104
5,melville,1591,dickens,7.268189827601115
5,melville,1591,melville,6.948253843519423
5,melville,1591,wells,7.534648736317952
5,melville,1591,austen,7.238128588749812
5,melville,1591,fitzgerald,8.026457514081683
5,melville,1591,twain,7.570070075988769
5,melville,1592,train,3.178818416595459
5,melville,1592,baum,7.509220838546753
5,melville,1592,thompson,8.014611005783081
5,melville,1592,dickens,7.286498260498047
5,melville,1592,melville,6.943990760379368
5,melville,1592,wells,7.543025890986125
5,melville,1592,austen,7.251033012683575
5,melville,1592,fitzgerald,8.02385309764317
5,melville,1592,twain,7.560623931884765
5,melville,1593,train,3.1789260387420653
5,melville,1593,baum,7.512166738510132
5,melville,1593,thompson,8.022466778755188
5,melville,1593,dickens,7.283065748214722
5,melville,1593,melville,6.943425973256429
5,melville,1593,wells,7.553292671839396
5,melville,1593,austen,7.247677839719332
5,melville,1593,fitzgerald,8.02783475603376
5,melville,1593,twain,7.542068147659302
5,melville,1594,train,3.151771259307861
5,melville,1594,baum,7.511046648025513
5,melville,1594,thompson,8.022732734680176
5,melville,1594,dickens,7.296031506856282
5,melville,1594,melville,6.950473785400391
5,melville,1594,wells,7.551082690556844
5,melville,1594,austen,7.258932003608117
5,melville,1594,fitzgerald,8.034136431557792
5,melville,1594,twain,7.580838012695312
5,melville,1595,train,3.1607181549072267
5,melville,1595,baum,7.514353275299072
5,melville,1595,thompson,8.032753229141235
5,melville,1595,dickens,7.29823047320048
5,melville,1595,melville,6.958493073781331
5,melville,1595,wells,7.560916900634766
5,melville,1595,austen,7.260851273169885
5,melville,1595,fitzgerald,8.038176127842494
5,melville,1595,twain,7.563928604125977
5,melville,1596,train,3.1794044971466064
5,melville,1596,baum,7.52971088886261
5,melville,1596,thompson,8.051785469055176
5,melville,1596,dickens,7.294950215021769
5,melville,1596,melville,6.962367693583171
5,melville,1596,wells,7.559702714284261
5,melville,1596,austen,7.25987537090595
5,melville,1596,fitzgerald,8.051532677241735
5,melville,1596,twain,7.584298610687256
5,melville,1597,train,3.143389177322388
5,melville,1597,baum,7.527702808380127
5,melville,1597,thompson,8.036877512931824
5,melville,1597,dickens,7.296902577082316
5,melville,1597,melville,6.952145152621799
5,melville,1597,wells,7.559775352478027
5,melville,1597,austen,7.267883630899282
5,melville,1597,fitzgerald,8.041555949619838
5,melville,1597,twain,7.602704381942749
5,melville,1598,train,3.1668673515319825
5,melville,1598,baum,7.503736615180969
5,melville,1598,thompson,8.017013192176819
5,melville,1598,dickens,7.270775715510051
5,melville,1598,melville,6.943913247850206
5,melville,1598,wells,7.536209185918172
5,melville,1598,austen,7.232175093430739
5,melville,1598,fitzgerald,8.019399574824742
5,melville,1598,twain,7.547325563430786
5,melville,1599,train,3.1629419803619383
5,melville,1599,baum,7.518105745315552
5,melville,1599,thompson,8.025153994560242
5,melville,1599,dickens,7.275279013315837
5,melville,1599,melville,6.94795396592882
5,melville,1599,wells,7.554807980855306
5,melville,1599,austen,7.257396734677828
5,melville,1599,fitzgerald,8.035887718200684
5,melville,1599,twain,7.589326858520508
5,melville,1600,train,3.1776837348937987
5,melville,1600,baum,7.520183444023132
5,melville,1600,thompson,8.030508995056152
5,melville,1600,dickens,7.26339791615804
5,melville,1600,melville,6.944052060445149
5,melville,1600,wells,7.533609787623088
5,melville,1600,austen,7.234060067396897
5,melville,1600,fitzgerald,8.033184732709612
5,melville,1600,twain,7.592689275741577
5,melville,1601,train,3.169647073745728
5,melville,1601,baum,7.534883975982666
5,melville,1601,thompson,8.038854598999023
5,melville,1601,dickens,7.303333457310995
5,melville,1601,melville,6.95198032591078
5,melville,1601,wells,7.572589635848999
5,melville,1601,austen,7.275277431194599
5,melville,1601,fitzgerald,8.058271476200648
5,melville,1601,twain,7.609528827667236
5,melville,1602,train,3.202310085296631
5,melville,1602,baum,7.508550643920898
5,melville,1602,thompson,8.01558232307434
5,melville,1602,dickens,7.269155597686767
5,melville,1602,melville,6.938240263197157
5,melville,1602,wells,7.527674913406372
5,melville,1602,austen,7.23892589715811
5,melville,1602,fitzgerald,8.026061126164027
5,melville,1602,twain,7.585351610183716
5,melville,1603,train,3.142745590209961
5,melville,1603,baum,7.547667860984802
5,melville,1603,thompson,8.045716881752014
5,melville,1603,dickens,7.293019898732504
5,melville,1603,melville,6.958222760094537
5,melville,1603,wells,7.56539781888326
5,melville,1603,austen,7.274202310121977
5,melville,1603,fitzgerald,8.061617715018135
5,melville,1603,twain,7.621500587463378
5,melville,1604,train,3.167075824737549
5,melville,1604,baum,7.52973484992981
5,melville,1604,thompson,8.034934759140015
5,melville,1604,dickens,7.296663761138916
5,melville,1604,melville,6.959650781419542
5,melville,1604,wells,7.563348372777303
5,melville,1604,austen,7.270098649538481
5,melville,1604,fitzgerald,8.051299367632184
5,melville,1604,twain,7.603394508361816
5,melville,1605,train,3.1615663051605223
5,melville,1605,baum,7.531751751899719
5,melville,1605,thompson,8.037005186080933
5,melville,1605,dickens,7.302517954508463
5,melville,1605,melville,6.9649661382039385
5,melville,1605,wells,7.571530183156331
5,melville,1605,austen,7.278072063739483
5,melville,1605,fitzgerald,8.054424149649483
5,melville,1605,twain,7.575255584716797
5,melville,1606,train,3.123388433456421
5,melville,1606,baum,7.534487009048462
5,melville,1606,thompson,8.036117792129517
5,melville,1606,dickens,7.308910878499349
5,melville,1606,melville,6.959185865190294
5,melville,1606,wells,7.569754441579183
5,melville,1606,austen,7.281061612642729
5,melville,1606,fitzgerald,8.048818588256836
5,melville,1606,twain,7.580794858932495
5,melville,1607,train,3.175092458724976
5,melville,1607,baum,7.525088429450989
5,melville,1607,thompson,8.027330994606018
5,melville,1607,dickens,7.264571523666381
5,melville,1607,melville,6.954762882656521
5,melville,1607,wells,7.537272373835246
5,melville,1607,austen,7.246728640336257
5,melville,1607,fitzgerald,8.028076648712158
5,melville,1607,twain,7.588726568222046
5,melville,1608,train,3.1393675327301027
5,melville,1608,baum,7.544110417366028
5,melville,1608,thompson,8.059557318687439
5,melville,1608,dickens,7.320713249842326
5,melville,1608,melville,6.971582094828288
5,melville,1608,wells,7.588233629862468
5,melville,1608,austen,7.300602436065674
5,melville,1608,fitzgerald,8.067189829690117
5,melville,1608,twain,7.598705291748047
5,melville,1609,train,3.145130157470703
5,melville,1609,baum,7.523960113525391
5,melville,1609,thompson,8.033458948135376
5,melville,1609,dickens,7.293664201100667
5,melville,1609,melville,6.960315015580919
5,melville,1609,wells,7.563753604888916
5,melville,1609,austen,7.268713070796086
5,melville,1609,fitzgerald,8.04824549811227
5,melville,1609,twain,7.57713041305542
5,melville,1610,train,3.174447202682495
5,melville,1610,baum,7.530097603797913
5,melville,1610,thompson,8.035837888717651
5,melville,1610,dickens,7.289330530166626
5,melville,1610,melville,6.965643670823839
5,melville,1610,wells,7.564690987269084
5,melville,1610,austen,7.266046303969163
5,melville,1610,fitzgerald,8.044837474822998
5,melville,1610,twain,7.581297206878662
5,melville,1611,train,3.1425050258636475
5,melville,1611,baum,7.521594643592834
5,melville,1611,thompson,8.03226113319397
5,melville,1611,dickens,7.295112307866415
5,melville,1611,melville,6.958868132697211
5,melville,1611,wells,7.551440954208374
5,melville,1611,austen,7.2683401841383715
5,melville,1611,fitzgerald,8.039363179888044
5,melville,1611,twain,7.582541847229004
5,melville,1612,train,3.143801736831665
5,melville,1612,baum,7.52324104309082
5,melville,1612,thompson,8.035781741142273
5,melville,1612,dickens,7.290310446421305
5,melville,1612,melville,6.96742566426595
5,melville,1612,wells,7.55842113494873
5,melville,1612,austen,7.271884294656607
5,melville,1612,fitzgerald,8.046023709433419
5,melville,1612,twain,7.596933603286743
5,melville,1613,train,3.160159635543823
5,melville,1613,baum,7.526479363441467
5,melville,1613,thompson,8.039984107017517
5,melville,1613,dickens,7.298983271916708
5,melville,1613,melville,6.966067208184136
5,melville,1613,wells,7.564980904261271
5,melville,1613,austen,7.271137457627517
5,melville,1613,fitzgerald,8.0478823525565
5,melville,1613,twain,7.583752870559692
5,melville,1614,train,3.1192639827728272
5,melville,1614,baum,7.521299958229065
5,melville,1614,thompson,8.027721643447876
5,melville,1614,dickens,7.295839389165242
5,melville,1614,melville,6.961453384823269
5,melville,1614,wells,7.564920504887898
5,melville,1614,austen,7.258903980255127
5,melville,1614,fitzgerald,8.03435366494315
5,melville,1614,twain,7.565194082260132
5,melville,1615,train,3.1425737857818605
5,melville,1615,baum,7.530368328094482
5,melville,1615,thompson,8.035709619522095
5,melville,1615,dickens,7.297694953282674
5,melville,1615,melville,6.966220961676704
5,melville,1615,wells,7.570800304412842
5,melville,1615,austen,7.271995947911189
5,melville,1615,fitzgerald,8.045339039393834
5,melville,1615,twain,7.577817773818969
5,melville,1616,train,3.138509654998779
5,melville,1616,baum,7.561286091804504
5,melville,1616,thompson,8.069861054420471
5,melville,1616,dickens,7.318058665593465
5,melville,1616,melville,6.977800952063666
5,melville,1616,wells,7.591046810150146
5,melville,1616,austen,7.29250012911283
5,melville,1616,fitzgerald,8.075537749699183
5,melville,1616,twain,7.587547683715821
5,melville,1617,train,3.1610358715057374
5,melville,1617,baum,7.513682723045349
5,melville,1617,thompson,8.025952219963074
5,melville,1617,dickens,7.275309578577677
5,melville,1617,melville,6.949520164065891
5,melville,1617,wells,7.547162373860677
5,melville,1617,austen,7.2492660008944
5,melville,1617,fitzgerald,8.02653626033238
5,melville,1617,twain,7.578613471984863
5,melville,1618,train,3.1404216289520264
5,melville,1618,baum,7.53865921497345
5,melville,1618,thompson,8.052056550979614
5,melville,1618,dickens,7.307718849182128
5,melville,1618,melville,6.969999366336399
5,melville,1618,wells,7.575225989023845
5,melville,1618,austen,7.285442535693829
5,melville,1618,fitzgerald,8.058604444776263
5,melville,1618,twain,7.582222366333008
5,melville,1619,train,3.149569082260132
5,melville,1619,baum,7.539448499679565
5,melville,1619,thompson,8.049988508224487
5,melville,1619,dickens,7.301417032877604
5,melville,1619,melville,6.971335940890842
5,melville,1619,wells,7.5755570729573565
5,melville,1619,austen,7.273080385648287
5,melville,1619,fitzgerald,8.05354745047433
5,melville,1619,twain,7.569703865051269
5,melville,1620,train,3.1421680450439453
5,melville,1620,baum,7.557417750358581
5,melville,1620,thompson,8.0700044631958
5,melville,1620,dickens,7.323697106043498
5,melville,1620,melville,6.981075233883328
5,melville,1620,wells,7.589763323465983
5,melville,1620,austen,7.291618017049936
5,melville,1620,fitzgerald,8.074279989515032
5,melville,1620,twain,7.595177364349365
5,melville,1621,train,3.1428998947143554
5,melville,1621,baum,7.536824941635132
5,melville,1621,thompson,8.037911891937256
5,melville,1621,dickens,7.2848812739054365
5,melville,1621,melville,6.9612740940517845
5,melville,1621,wells,7.55748192469279
5,melville,1621,austen,7.257065883049598
5,melville,1621,fitzgerald,8.043234757014684
5,melville,1621,twain,7.578261661529541
5,melville,1622,train,3.1167542934417725
5,melville,1622,baum,7.56721305847168
5,melville,1622,thompson,8.071974515914917
5,melville,1622,dickens,7.346026515960693
5,melville,1622,melville,6.988960160149468
5,melville,1622,wells,7.607002814610799
5,melville,1622,austen,7.319299881274883
5,melville,1622,fitzgerald,8.089415005275182
5,melville,1622,twain,7.613646745681763
5,melville,1623,train,3.156974124908447
5,melville,1623,baum,7.542882680892944
5,melville,1623,thompson,8.054199695587158
5,melville,1623,dickens,7.311842012405395
5,melville,1623,melville,6.975741068522136
5,melville,1623,wells,7.573026180267334
5,melville,1623,austen,7.283932429093581
5,melville,1623,fitzgerald,8.052839347294398
5,melville,1623,twain,7.6002833366394045
5,melville,1624,train,3.125322961807251
5,melville,1624,baum,7.55397367477417
5,melville,1624,thompson,8.063284993171692
5,melville,1624,dickens,7.318828980127971
5,melville,1624,melville,6.98434771431817
5,melville,1624,wells,7.5890374183654785
5,melville,1624,austen,7.296713719001183
5,melville,1624,fitzgerald,8.066865512302943
5,melville,1624,twain,7.6108238220214846
5,melville,1625,train,3.117021322250366
5,melville,1625,baum,7.562286138534546
5,melville,1625,thompson,8.07449734210968
5,melville,1625,dickens,7.335524829228719
5,melville,1625,melville,6.990967008802626
5,melville,1625,wells,7.601040124893188
5,melville,1625,austen,7.309613888080303
5,melville,1625,fitzgerald,8.081497941698347
5,melville,1625,twain,7.602230739593506
5,melville,1626,train,3.120925855636597
5,melville,1626,baum,7.547863125801086
5,melville,1626,thompson,8.060359239578247
5,melville,1626,dickens,7.304166714350383
5,melville,1626,melville,6.968369960784912
5,melville,1626,wells,7.572222948074341
5,melville,1626,austen,7.285852689009446
5,melville,1626,fitzgerald,8.059433051518031
5,melville,1626,twain,7.605091285705567
5,melville,1627,train,3.1315926551818847
5,melville,1627,baum,7.568350195884705
5,melville,1627,thompson,8.074027419090271
5,melville,1627,dickens,7.31722682317098
5,melville,1627,melville,6.980272558000353
5,melville,1627,wells,7.584617694218953
5,melville,1627,austen,7.295147308936486
5,melville,1627,fitzgerald,8.075346197400775
5,melville,1627,twain,7.623400497436523
5,melville,1628,train,3.084335803985596
5,melville,1628,baum,7.5438374280929565
5,melville,1628,thompson,8.052125453948975
5,melville,1628,dickens,7.305339018503825
5,melville,1628,melville,6.976153108808729
5,melville,1628,wells,7.579737027486165
5,melville,1628,austen,7.278788970066951
5,melville,1628,fitzgerald,8.056471075330462
5,melville,1628,twain,7.603352022171021
5,melville,1629,train,3.127520799636841
5,melville,1629,baum,7.547444462776184
5,melville,1629,thompson,8.053697109222412
5,melville,1629,dickens,7.315637461344401
5,melville,1629,melville,6.96737617916531
5,melville,1629,wells,7.581316073735555
5,melville,1629,austen,7.288400466625507
5,melville,1629,fitzgerald,8.065648351396833
5,melville,1629,twain,7.614015340805054
5,melville,1630,train,3.107448863983154
5,melville,1630,baum,7.540322780609131
5,melville,1630,thompson,8.040412187576294
5,melville,1630,dickens,7.334669796625773
5,melville,1630,melville,6.978571520911323
5,melville,1630,wells,7.598844369252522
5,melville,1630,austen,7.311087461618277
5,melville,1630,fitzgerald,8.065454074314662
5,melville,1630,twain,7.588838577270508
5,melville,1631,train,3.136316156387329
5,melville,1631,baum,7.559045195579529
5,melville,1631,thompson,8.067941427230835
5,melville,1631,dickens,7.331730731328329
5,melville,1631,melville,6.986471652984619
5,melville,1631,wells,7.595173597335815
5,melville,1631,austen,7.307128429412842
5,melville,1631,fitzgerald,8.075571060180664
5,melville,1631,twain,7.605832624435425
5,melville,1632,train,3.1261139869689942
5,melville,1632,baum,7.541966438293457
5,melville,1632,thompson,8.049182295799255
5,melville,1632,dickens,7.305939801534017
5,melville,1632,melville,6.971263620588514
5,melville,1632,wells,7.568421681722005
5,melville,1632,austen,7.273797218616192
5,melville,1632,fitzgerald,8.048328399658203
5,melville,1632,twain,7.597757911682128
5,melville,1633,train,3.122920751571656
5,melville,1633,baum,7.541215419769287
5,melville,1633,thompson,8.056234002113342
5,melville,1633,dickens,7.3153437296549475
5,melville,1633,melville,6.986189736260308
5,melville,1633,wells,7.585803031921387
5,melville,1633,austen,7.289719031407283
5,melville,1633,fitzgerald,8.059412411281041
5,melville,1633,twain,7.582318115234375
5,melville,1634,train,3.1031096458435057
5,melville,1634,baum,7.558975219726562
5,melville,1634,thompson,8.067551970481873
5,melville,1634,dickens,7.340644900004069
5,melville,1634,melville,6.9883378346761065
5,melville,1634,wells,7.601978222529094
5,melville,1634,austen,7.319135042337271
5,melville,1634,fitzgerald,8.072749274117607
5,melville,1634,twain,7.611381530761719
5,melville,1635,train,3.131980133056641
5,melville,1635,baum,7.546304225921631
5,melville,1635,thompson,8.052950263023376
5,melville,1635,dickens,7.326421165466309
5,melville,1635,melville,6.983111487494575
5,melville,1635,wells,7.591078360875447
5,melville,1635,austen,7.299002940838154
5,melville,1635,fitzgerald,8.058689526149205
5,melville,1635,twain,7.593763208389282
5,melville,1636,train,3.0897231578826903
5,melville,1636,baum,7.561251282691956
5,melville,1636,thompson,8.069713354110718
5,melville,1636,dickens,7.325113646189371
5,melville,1636,melville,6.984891785515679
5,melville,1636,wells,7.591220378875732
5,melville,1636,austen,7.300058694986196
5,melville,1636,fitzgerald,8.070850712912423
5,melville,1636,twain,7.613242006301879
5,melville,1637,train,3.133927822113037
5,melville,1637,baum,7.547726273536682
5,melville,1637,thompson,8.061173796653748
5,melville,1637,dickens,7.324978383382161
5,melville,1637,melville,6.987140814463298
5,melville,1637,wells,7.588375488917033
5,melville,1637,austen,7.295656057504507
5,melville,1637,fitzgerald,8.057144165039062
5,melville,1637,twain,7.585513019561768
5,melville,1638,train,3.060282135009765
5,melville,1638,baum,7.562916755676269
5,melville,1638,thompson,8.080928683280945
5,melville,1638,dickens,7.342205444971721
5,melville,1638,melville,6.995440483093262
5,melville,1638,wells,7.5994819800059
5,melville,1638,austen,7.309563746819129
5,melville,1638,fitzgerald,8.076915604727608
5,melville,1638,twain,7.616218185424804
5,melville,1639,train,3.115336227416992
5,melville,1639,baum,7.54967725276947
5,melville,1639,thompson,8.063377141952515
5,melville,1639,dickens,7.324934101104736
5,melville,1639,melville,6.986817412906223
5,melville,1639,wells,7.585191965103149
5,melville,1639,austen,7.287725448608398
5,melville,1639,fitzgerald,8.06038202558245
5,melville,1639,twain,7.610550212860107
5,melville,1640,train,3.128235197067261
5,melville,1640,baum,7.59293794631958
5,melville,1640,thompson,8.099437594413757
5,melville,1640,dickens,7.368870608011881
5,melville,1640,melville,7.008384916517469
5,melville,1640,wells,7.63488523165385
5,melville,1640,austen,7.339566744290865
5,melville,1640,fitzgerald,8.10733073098319
5,melville,1640,twain,7.642288398742676
5,melville,1641,train,3.0769397258758544
5,melville,1641,baum,7.570244073867798
5,melville,1641,thompson,8.075580835342407
5,melville,1641,dickens,7.33428365389506
5,melville,1641,melville,6.996002144283718
5,melville,1641,wells,7.606900850931804
5,melville,1641,austen,7.311099015749418
5,melville,1641,fitzgerald,8.076707363128662
5,melville,1641,twain,7.614038562774658
5,melville,1642,train,3.089985179901123
5,melville,1642,baum,7.603018522262573
5,melville,1642,thompson,8.118155002593994
5,melville,1642,dickens,7.363674179712931
5,melville,1642,melville,7.001094977060954
5,melville,1642,wells,7.628687699635823
5,melville,1642,austen,7.339430735661433
5,melville,1642,fitzgerald,8.11353806086949
5,melville,1642,twain,7.664281272888184
5,melville,1643,train,3.086930179595947
5,melville,1643,baum,7.575374603271484
5,melville,1643,thompson,8.07864534854889
5,melville,1643,dickens,7.340467135111491
5,melville,1643,melville,6.998551633622911
5,melville,1643,wells,7.6165861288706465
5,melville,1643,austen,7.314655854151799
5,melville,1643,fitzgerald,8.082693304334368
5,melville,1643,twain,7.628722286224365
5,melville,1644,train,3.095371866226196
5,melville,1644,baum,7.607307195663452
5,melville,1644,thompson,8.11298131942749
5,melville,1644,dickens,7.37111333211263
5,melville,1644,melville,7.015793323516846
5,melville,1644,wells,7.63679313659668
5,melville,1644,austen,7.346952144916241
5,melville,1644,fitzgerald,8.117741176060267
5,melville,1644,twain,7.662935352325439
5,melville,1645,train,3.138955354690552
5,melville,1645,baum,7.56823468208313
5,melville,1645,thompson,8.083826661109924
5,melville,1645,dickens,7.347523212432861
5,melville,1645,melville,6.9998740090264215
5,melville,1645,wells,7.614475568135579
5,melville,1645,austen,7.326789489159217
5,melville,1645,fitzgerald,8.087664876665388
5,melville,1645,twain,7.635891246795654
5,melville,1646,train,3.07372875213623
5,melville,1646,baum,7.578840970993042
5,melville,1646,thompson,8.098022699356079
5,melville,1646,dickens,7.352180608113607
5,melville,1646,melville,7.014949215783013
5,melville,1646,wells,7.63033143679301
5,melville,1646,austen,7.333880497859075
5,melville,1646,fitzgerald,8.105164051055908
5,melville,1646,twain,7.642200565338134
5,melville,1647,train,3.053440475463867
5,melville,1647,baum,7.568727731704712
5,melville,1647,thompson,8.07797646522522
5,melville,1647,dickens,7.345220899581909
5,melville,1647,melville,6.99847772386339
5,melville,1647,wells,7.616994778315226
5,melville,1647,austen,7.319284402407133
5,melville,1647,fitzgerald,8.08188009262085
5,melville,1647,twain,7.635879755020142
5,melville,1648,train,3.095243215560913
5,melville,1648,baum,7.572441577911377
5,melville,1648,thompson,8.085235714912415
5,melville,1648,dickens,7.340618181228637
5,melville,1648,melville,7.003272109561497
5,melville,1648,wells,7.614109039306641
5,melville,1648,austen,7.317643899184007
5,melville,1648,fitzgerald,8.085582596915108
5,melville,1648,twain,7.623713684082031
5,melville,1649,train,3.060242509841919
5,melville,1649,baum,7.586414933204651
5,melville,1649,thompson,8.091401815414429
5,melville,1649,dickens,7.348234113057455
5,melville,1649,melville,7.012091742621528
5,melville,1649,wells,7.615446408589681
5,melville,1649,austen,7.330956165607159
5,melville,1649,fitzgerald,8.093308925628662
5,melville,1649,twain,7.636515045166016
5,melville,1650,train,3.089011812210083
5,melville,1650,baum,7.576677441596985
5,melville,1650,thompson,8.074529767036438
5,melville,1650,dickens,7.3376203060150145
5,melville,1650,melville,6.997087160746257
5,melville,1650,wells,7.604704141616821
5,melville,1650,austen,7.314393226916973
5,melville,1650,fitzgerald,8.076559747968401
5,melville,1650,twain,7.620203638076783
5,melville,1651,train,3.076526737213135
5,melville,1651,baum,7.585269212722778
5,melville,1651,thompson,8.090816617012024
5,melville,1651,dickens,7.351387468973796
5,melville,1651,melville,7.012213812934028
5,melville,1651,wells,7.614499966303508
5,melville,1651,austen,7.319874323331392
5,melville,1651,fitzgerald,8.091671058109828
5,melville,1651,twain,7.638202667236328
5,melville,1652,train,3.110775089263916
5,melville,1652,baum,7.584434986114502
5,melville,1652,thompson,8.095394730567932
5,melville,1652,dickens,7.360969813664754
5,melville,1652,melville,7.013514677683513
5,melville,1652,wells,7.62384557723999
5,melville,1652,austen,7.329031577477088
5,melville,1652,fitzgerald,8.100174018314906
5,melville,1652,twain,7.626387405395508
5,melville,1653,train,3.0824636459350585
5,melville,1653,baum,7.615108489990234
5,melville,1653,thompson,8.117462754249573
5,melville,1653,dickens,7.392011578877767
5,melville,1653,melville,7.0171960724724665
5,melville,1653,wells,7.648374398549397
5,melville,1653,austen,7.365459038661075
5,melville,1653,fitzgerald,8.121030126299177
5,melville,1653,twain,7.64726767539978
5,melville,1654,train,3.065308666229248
5,melville,1654,baum,7.585114479064941
5,melville,1654,thompson,8.098103880882263
5,melville,1654,dickens,7.35835075378418
5,melville,1654,melville,7.008831606970893
5,melville,1654,wells,7.621520678202311
5,melville,1654,austen,7.33492818245521
5,melville,1654,fitzgerald,8.0953323500497
5,melville,1654,twain,7.631938314437866
5,melville,1655,train,3.098649787902832
5,melville,1655,baum,7.584561705589294
5,melville,1655,thompson,8.087418913841248
5,melville,1655,dickens,7.350701491038005
5,melville,1655,melville,6.999930434756809
5,melville,1655,wells,7.615331808725993
5,melville,1655,austen,7.331691925342266
5,melville,1655,fitzgerald,8.090326241084508
5,melville,1655,twain,7.617839002609253
5,melville,1656,train,3.0942190647125245
5,melville,1656,baum,7.595594048500061
5,melville,1656,thompson,8.097464561462402
5,melville,1656,dickens,7.369156042734782
5,melville,1656,melville,7.017387284172906
5,melville,1656,wells,7.641092538833618
5,melville,1656,austen,7.349802127251258
5,melville,1656,fitzgerald,8.105033602033343
5,melville,1656,twain,7.603830194473266
5,melville,1657,train,3.1170281887054445
5,melville,1657,baum,7.579034805297852
5,melville,1657,thompson,8.081696391105652
5,melville,1657,dickens,7.348969904581706
5,melville,1657,melville,6.996753162807888
5,melville,1657,wells,7.608272393544515
5,melville,1657,austen,7.318292214320256
5,melville,1657,fitzgerald,8.081790447235107
5,melville,1657,twain,7.622703552246094
5,melville,1658,train,3.101880693435669
5,melville,1658,baum,7.574853897094727
5,melville,1658,thompson,8.081061124801636
5,melville,1658,dickens,7.347718811035156
5,melville,1658,melville,6.996722804175483
5,melville,1658,wells,7.612236102422078
5,melville,1658,austen,7.33011612525353
5,melville,1658,fitzgerald,8.08635663986206
5,melville,1658,twain,7.631627750396729
5,melville,1659,train,3.1285780906677245
5,melville,1659,baum,7.62638258934021
5,melville,1659,thompson,8.1314857006073
5,melville,1659,dickens,7.405773337682088
5,melville,1659,melville,7.030415958828396
5,melville,1659,wells,7.665908813476562
5,melville,1659,austen,7.3840119655315695
5,melville,1659,fitzgerald,8.147619111197335
5,melville,1659,twain,7.657309055328369
5,melville,1660,train,3.0631213188171387
5,melville,1660,baum,7.57915723323822
5,melville,1660,thompson,8.089451789855957
5,melville,1660,dickens,7.347529411315918
5,melville,1660,melville,7.008764690823025
5,melville,1660,wells,7.628202358881633
5,melville,1660,austen,7.3298570559575005
5,melville,1660,fitzgerald,8.096135480063301
5,melville,1660,twain,7.610030269622802
5,melville,1661,train,3.072326183319092
5,melville,1661,baum,7.600493669509888
5,melville,1661,thompson,8.109973430633545
5,melville,1661,dickens,7.363716952006022
5,melville,1661,melville,7.013107140858968
5,melville,1661,wells,7.627829233805339
5,melville,1661,austen,7.337366434244009
5,melville,1661,fitzgerald,8.105997698647636
5,melville,1661,twain,7.64572811126709
5,melville,1662,train,3.062358808517456
5,melville,1662,baum,7.583783268928528
5,melville,1662,thompson,8.100197315216064
5,melville,1662,dickens,7.333572959899902
5,melville,1662,melville,7.0082765685187445
5,melville,1662,wells,7.613421201705933
5,melville,1662,austen,7.311454406151404
5,melville,1662,fitzgerald,8.093074253627233
5,melville,1662,twain,7.630811357498169
5,melville,1663,train,3.015192985534668
5,melville,1663,baum,7.59185516834259
5,melville,1663,thompson,8.094950914382935
5,melville,1663,dickens,7.354785919189453
5,melville,1663,melville,7.005868699815538
5,melville,1663,wells,7.617131948471069
5,melville,1663,austen,7.336437078622671
5,melville,1663,fitzgerald,8.0911682673863
5,melville,1663,twain,7.6438319206237795
5,melville,1664,train,3.0767736434936523
5,melville,1664,baum,7.609775066375732
5,melville,1664,thompson,8.116975665092468
5,melville,1664,dickens,7.353856086730957
5,melville,1664,melville,7.021987968020969
5,melville,1664,wells,7.640064160029094
5,melville,1664,austen,7.333985402033879
5,melville,1664,fitzgerald,8.12064266204834
5,melville,1664,twain,7.638523960113526
5,melville,1665,train,3.053107738494873
5,melville,1665,baum,7.605368256568909
5,melville,1665,thompson,8.114468812942505
5,melville,1665,dickens,7.3794828732808435
5,melville,1665,melville,7.01622380150689
5,melville,1665,wells,7.648057063420613
5,melville,1665,austen,7.354411015143762
5,melville,1665,fitzgerald,8.11948047365461
5,melville,1665,twain,7.640852928161621
5,melville,1666,train,3.0421172618865966
5,melville,1666,baum,7.609923124313354
5,melville,1666,thompson,8.115037679672241
5,melville,1666,dickens,7.347938092549642
5,melville,1666,melville,7.016611629062229
5,melville,1666,wells,7.631757497787476
5,melville,1666,austen,7.333433114565336
5,melville,1666,fitzgerald,8.115103585379464
5,melville,1666,twain,7.651003456115722
5,melville,1667,train,3.073464298248291
5,melville,1667,baum,7.618507742881775
5,melville,1667,thompson,8.12606394290924
5,melville,1667,dickens,7.365058326721192
5,melville,1667,melville,7.027623176574707
5,melville,1667,wells,7.64905571937561
5,melville,1667,austen,7.348242172828088
5,melville,1667,fitzgerald,8.132464817592076
5,melville,1667,twain,7.661766767501831
5,melville,1668,train,3.050641584396362
5,melville,1668,baum,7.612871527671814
5,melville,1668,thompson,8.122396230697632
5,melville,1668,dickens,7.377251482009887
5,melville,1668,melville,7.0298141373528376
5,melville,1668,wells,7.646457195281982
5,melville,1668,austen,7.340712767380935
5,melville,1668,fitzgerald,8.124644960675921
5,melville,1668,twain,7.643452501296997
5,melville,1669,train,3.077578401565552
5,melville,1669,baum,7.604673862457275
5,melville,1669,thompson,8.114054560661316
5,melville,1669,dickens,7.380061562856039
5,melville,1669,melville,7.026022381252712
5,melville,1669,wells,7.645122687021892
5,melville,1669,austen,7.352639381702129
5,melville,1669,fitzgerald,8.11648804800851
5,melville,1669,twain,7.663667297363281
5,melville,1670,train,3.0611947536468507
5,melville,1670,baum,7.619347214698791
5,melville,1670,thompson,8.122420907020569
5,melville,1670,dickens,7.393243487675985
5,melville,1670,melville,7.033999813927545
5,melville,1670,wells,7.667023102442424
5,melville,1670,austen,7.361825466156006
5,melville,1670,fitzgerald,8.134965896606445
5,melville,1670,twain,7.657175540924072
5,melville,1671,train,3.101571464538574
5,melville,1671,baum,7.621862411499023
5,melville,1671,thompson,8.12760579586029
5,melville,1671,dickens,7.392235040664673
5,melville,1671,melville,7.035823875003391
5,melville,1671,wells,7.657544294993083
5,melville,1671,austen,7.353909125694861
5,melville,1671,fitzgerald,8.130892072405134
5,melville,1671,twain,7.648007154464722
5,melville,1672,train,3.026434898376465
5,melville,1672,baum,7.624991416931152
5,melville,1672,thompson,8.132927894592285
5,melville,1672,dickens,7.381471935907999
5,melville,1672,melville,7.033838060167101
5,melville,1672,wells,7.653858820597331
5,melville,1672,austen,7.355681566091684
5,melville,1672,fitzgerald,8.134149142674037
5,melville,1672,twain,7.66583104133606
5,melville,1673,train,3.0390758991241453
5,melville,1673,baum,7.617455720901489
5,melville,1673,thompson,8.128381371498108
5,melville,1673,dickens,7.377077356974284
5,melville,1673,melville,7.039090474446614
5,melville,1673,wells,7.654318650563558
5,melville,1673,austen,7.353504951183613
5,melville,1673,fitzgerald,8.126682077135358
5,melville,1673,twain,7.640175294876099
5,melville,1674,train,3.0575328350067137
5,melville,1674,baum,7.619269251823425
5,melville,1674,thompson,8.125702023506165
5,melville,1674,dickens,7.375311962763468
5,melville,1674,melville,7.033790482415093
5,melville,1674,wells,7.638248761494954
5,melville,1674,austen,7.351030459770789
5,melville,1674,fitzgerald,8.125708443777901
5,melville,1674,twain,7.662751007080078
5,melville,1675,train,3.067560052871704
5,melville,1675,baum,7.621079087257385
5,melville,1675,thompson,8.133480787277222
5,melville,1675,dickens,7.398048480351766
5,melville,1675,melville,7.039674176110162
5,melville,1675,wells,7.659131606419881
5,melville,1675,austen,7.373262662153977
5,melville,1675,fitzgerald,8.137032849448067
5,melville,1675,twain,7.6540608406066895
5,melville,1676,train,3.0485763549804688
5,melville,1676,baum,7.639402508735657
5,melville,1676,thompson,8.14587116241455
5,melville,1676,dickens,7.42268336613973
5,melville,1676,melville,7.055535581376818
5,melville,1676,wells,7.69132645924886
5,melville,1676,austen,7.402611329005315
5,melville,1676,fitzgerald,8.15582459313529
5,melville,1676,twain,7.659395694732666
5,melville,1677,train,3.060052013397217
5,melville,1677,baum,7.6121180057525635
5,melville,1677,thompson,8.116101741790771
5,melville,1677,dickens,7.382967058817545
5,melville,1677,melville,7.032376660241021
5,melville,1677,wells,7.651344458262126
5,melville,1677,austen,7.3669424790602465
5,melville,1677,fitzgerald,8.122881412506104
5,melville,1677,twain,7.6523042678833
5,melville,1678,train,3.051697969436645
5,melville,1678,baum,7.6161686182022095
5,melville,1678,thompson,8.120149374008179
5,melville,1678,dickens,7.38216168085734
5,melville,1678,melville,7.033487372928196
5,melville,1678,wells,7.644295374552409
5,melville,1678,austen,7.364260453444261
5,melville,1678,fitzgerald,8.12073380606515
5,melville,1678,twain,7.672270441055298
5,melville,1679,train,3.071530342102051
5,melville,1679,baum,7.626208782196045
5,melville,1679,thompson,8.1297025680542
5,melville,1679,dickens,7.392578887939453
5,melville,1679,melville,7.030029932657878
5,melville,1679,wells,7.659832557042439
5,melville,1679,austen,7.374414443969727
5,melville,1679,fitzgerald,8.133382524762835
5,melville,1679,twain,7.665974950790405
5,melville,1680,train,3.063507413864136
5,melville,1680,baum,7.633016347885132
5,melville,1680,thompson,8.135460615158081
5,melville,1680,dickens,7.400019598007202
5,melville,1680,melville,7.039098527696398
5,melville,1680,wells,7.661407232284546
5,melville,1680,austen,7.375328724200909
5,melville,1680,fitzgerald,8.141666752951485
5,melville,1680,twain,7.666548824310302
5,melville,1681,train,3.0275578022003176
5,melville,1681,baum,7.626303553581238
5,melville,1681,thompson,8.137319207191467
5,melville,1681,dickens,7.404013681411743
5,melville,1681,melville,7.050378057691786
5,melville,1681,wells,7.669290781021118
5,melville,1681,austen,7.38093742957482
5,melville,1681,fitzgerald,8.140077590942383
5,melville,1681,twain,7.654366159439087
5,melville,1682,train,3.0634610176086428
5,melville,1682,baum,7.635332345962524
5,melville,1682,thompson,8.144245862960815
5,melville,1682,dickens,7.399523210525513
5,melville,1682,melville,7.035915904574924
5,melville,1682,wells,7.664198875427246
5,melville,1682,austen,7.372989434462327
5,melville,1682,fitzgerald,8.144235270363945
5,melville,1682,twain,7.658917665481567
5,melville,1683,train,3.0228949069976805
5,melville,1683,baum,7.620222806930542
5,melville,1683,thompson,8.130493521690369
5,melville,1683,dickens,7.368895324071248
5,melville,1683,melville,7.027972115410699
5,melville,1683,wells,7.63987938563029
5,melville,1683,austen,7.351973863748404
5,melville,1683,fitzgerald,8.120871884482247
5,melville,1683,twain,7.667530822753906
5,melville,1684,train,3.063484716415405
5,melville,1684,baum,7.614999294281006
5,melville,1684,thompson,8.12982726097107
5,melville,1684,dickens,7.3965774854024255
5,melville,1684,melville,7.036801338195801
5,melville,1684,wells,7.660343408584595
5,melville,1684,austen,7.372602976285494
5,melville,1684,fitzgerald,8.127157211303711
5,melville,1684,twain,7.654361867904663
5,melville,1685,train,3.034735536575317
5,melville,1685,baum,7.6318206787109375
5,melville,1685,thompson,8.149152159690857
5,melville,1685,dickens,7.39441606203715
5,melville,1685,melville,7.032591819763184
5,melville,1685,wells,7.65180516242981
5,melville,1685,austen,7.360109182504507
5,melville,1685,fitzgerald,8.143074921199254
5,melville,1685,twain,7.669383192062378
5,melville,1686,train,3.029817724227905
5,melville,1686,baum,7.6279250383377075
5,melville,1686,thompson,8.13991093635559
5,melville,1686,dickens,7.414108562469482
5,melville,1686,melville,7.044584804111057
5,melville,1686,wells,7.671474774678548
5,melville,1686,austen,7.3781699033883905
5,melville,1686,fitzgerald,8.134751728602819
5,melville,1686,twain,7.666327571868896
5,melville,1687,train,3.0347197532653807
5,melville,1687,baum,7.656990170478821
5,melville,1687,thompson,8.173666715621948
5,melville,1687,dickens,7.411010122299194
5,melville,1687,melville,7.04981083340115
5,melville,1687,wells,7.672695954640706
5,melville,1687,austen,7.378853211036096
5,melville,1687,fitzgerald,8.165262971605573
5,melville,1687,twain,7.69505877494812
5,melville,1688,train,3.0652962207794188
5,melville,1688,baum,7.653224468231201
5,melville,1688,thompson,8.159460663795471
5,melville,1688,dickens,7.421264378229777
5,melville,1688,melville,7.047733730740017
5,melville,1688,wells,7.682109912236531
5,melville,1688,austen,7.3928680419921875
5,melville,1688,fitzgerald,8.160959448133196
5,melville,1688,twain,7.689943170547485
5,melville,1689,train,3.0500577449798585
5,melville,1689,baum,7.641704320907593
5,melville,1689,thompson,8.149690508842468
5,melville,1689,dickens,7.402838850021363
5,melville,1689,melville,7.041175471411811
5,melville,1689,wells,7.6708401044209795
5,melville,1689,austen,7.382706165313721
5,melville,1689,fitzgerald,8.15708303451538
5,melville,1689,twain,7.680386161804199
5,melville,1690,train,3.024042272567749
5,melville,1690,baum,7.635599136352539
5,melville,1690,thompson,8.141627669334412
5,melville,1690,dickens,7.407921727498373
5,melville,1690,melville,7.042939292060004
5,melville,1690,wells,7.669246673583984
5,melville,1690,austen,7.373316984910232
5,melville,1690,fitzgerald,8.15264708655221
5,melville,1690,twain,7.666345071792603
5,melville,1691,train,3.016934061050415
5,melville,1691,baum,7.633346199989319
5,melville,1691,thompson,8.137438178062439
5,melville,1691,dickens,7.400658861796061
5,melville,1691,melville,7.042004320356581
5,melville,1691,wells,7.665514548619588
5,melville,1691,austen,7.373953305757963
5,melville,1691,fitzgerald,8.14264965057373
5,melville,1691,twain,7.67447190284729
5,melville,1692,train,3.021044111251831
5,melville,1692,baum,7.644181847572327
5,melville,1692,thompson,8.157013773918152
5,melville,1692,dickens,7.414636039733887
5,melville,1692,melville,7.051767190297444
5,melville,1692,wells,7.676991701126099
5,melville,1692,austen,7.394524684319129
5,melville,1692,fitzgerald,8.156896659306117
5,melville,1692,twain,7.691278457641602
5,melville,1693,train,3.0278605461120605
5,melville,1693,baum,7.616252899169922
5,melville,1693,thompson,8.12937307357788
5,melville,1693,dickens,7.382348998387655
5,melville,1693,melville,7.024699105156793
5,melville,1693,wells,7.647450049718221
5,melville,1693,austen,7.356428916637714
5,melville,1693,fitzgerald,8.124481064932686
5,melville,1693,twain,7.671643924713135
5,melville,1694,train,3.025198745727539
5,melville,1694,baum,7.665305018424988
5,melville,1694,thompson,8.181903004646301
5,melville,1694,dickens,7.425087229410807
5,melville,1694,melville,7.060053242577447
5,melville,1694,wells,7.69506851832072
5,melville,1694,austen,7.409312871786264
5,melville,1694,fitzgerald,8.180735656193324
5,melville,1694,twain,7.700183534622193
5,melville,1695,train,3.0373661518096924
5,melville,1695,baum,7.622777581214905
5,melville,1695,thompson,8.141177296638489
5,melville,1695,dickens,7.388205226262411
5,melville,1695,melville,7.043344232771132
5,melville,1695,wells,7.654271364212036
5,melville,1695,austen,7.368146896362305
5,melville,1695,fitzgerald,8.129082952226911
5,melville,1695,twain,7.668394708633423
5,melville,1696,train,3.0311681747436525
5,melville,1696,baum,7.662712574005127
5,melville,1696,thompson,8.17310643196106
5,melville,1696,dickens,7.435594336191813
5,melville,1696,melville,7.060175630781385
5,melville,1696,wells,7.703885396321614
5,melville,1696,austen,7.405754896310659
5,melville,1696,fitzgerald,8.174447672707695
5,melville,1696,twain,7.687366580963134
5,melville,1697,train,3.018506956100464
5,melville,1697,baum,7.638174533843994
5,melville,1697,thompson,8.140232563018799
5,melville,1697,dickens,7.405048179626465
5,melville,1697,melville,7.035486115349664
5,melville,1697,wells,7.664585431416829
5,melville,1697,austen,7.370477199554443
5,melville,1697,fitzgerald,8.143178258623395
5,melville,1697,twain,7.681059694290161
5,melville,1698,train,3.0450672626495363
5,melville,1698,baum,7.6572654247283936
5,melville,1698,thompson,8.166479229927063
5,melville,1698,dickens,7.415938886006673
5,melville,1698,melville,7.05768166648017
5,melville,1698,wells,7.680511315663655
5,melville,1698,austen,7.395063987145057
5,melville,1698,fitzgerald,8.171646526881627
5,melville,1698,twain,7.692761516571045
5,melville,1699,train,3.0041835784912108
5,melville,1699,baum,7.613030672073364
5,melville,1699,thompson,8.121984243392944
5,melville,1699,dickens,7.380943950017293
5,melville,1699,melville,7.039062076144749
5,melville,1699,wells,7.658117373784383
5,melville,1699,austen,7.355823993682861
5,melville,1699,fitzgerald,8.128451687949044
5,melville,1699,twain,7.658426666259766
5,melville,1700,train,3.042973232269288
5,melville,1700,baum,7.616602301597595
5,melville,1700,thompson,8.129121899604797
5,melville,1700,dickens,7.390973822275797
5,melville,1700,melville,7.035544978247748
5,melville,1700,wells,7.6543543338775635
5,melville,1700,austen,7.362595741565411
5,melville,1700,fitzgerald,8.133603777204241
5,melville,1700,twain,7.659702968597412
5,melville,1701,train,3.046437072753906
5,melville,1701,baum,7.627105593681335
5,melville,1701,thompson,8.145667433738708
5,melville,1701,dickens,7.403441985448201
5,melville,1701,melville,7.043670177459717
5,melville,1701,wells,7.66500449180603
5,melville,1701,austen,7.370326262253982
5,melville,1701,fitzgerald,8.136849199022565
5,melville,1701,twain,7.6547645092010494
5,melville,1702,train,3.026352405548096
5,melville,1702,baum,7.622036099433899
5,melville,1702,thompson,8.141557693481445
5,melville,1702,dickens,7.399447107315064
5,melville,1702,melville,7.049012555016412
5,melville,1702,wells,7.6569163004557295
5,melville,1702,austen,7.36168490923368
5,melville,1702,fitzgerald,8.130265508379255
5,melville,1702,twain,7.641322422027588
5,melville,1703,train,3.0458847522735595
5,melville,1703,baum,7.635837197303772
5,melville,1703,thompson,8.147436380386353
5,melville,1703,dickens,7.412740437189738
5,melville,1703,melville,7.053568045298259
5,melville,1703,wells,7.675656874974568
5,melville,1703,austen,7.379815248342661
5,melville,1703,fitzgerald,8.150750160217285
5,melville,1703,twain,7.643852090835571
5,melville,1704,train,3.024102878570557
5,melville,1704,baum,7.637869596481323
5,melville,1704,thompson,8.161253452301025
5,melville,1704,dickens,7.419848744074503
5,melville,1704,melville,7.059559981028239
5,melville,1704,wells,7.679174502690633
5,melville,1704,austen,7.391992128812349
5,melville,1704,fitzgerald,8.152525084359306
5,melville,1704,twain,7.666177558898926
5,melville,1705,train,3.000623941421509
5,melville,1705,baum,7.643020272254944
5,melville,1705,thompson,8.156367897987366
5,melville,1705,dickens,7.398552513122558
5,melville,1705,melville,7.047073311275906
5,melville,1705,wells,7.666040261586507
5,melville,1705,austen,7.3738149129427395
5,melville,1705,fitzgerald,8.154073510851179
5,melville,1705,twain,7.688597393035889
5,melville,1706,train,3.0392587184906006
5,melville,1706,baum,7.6507779359817505
5,melville,1706,thompson,8.161419868469238
5,melville,1706,dickens,7.416706943511963
5,melville,1706,melville,7.056082937452528
5,melville,1706,wells,7.685017188390096
5,melville,1706,austen,7.389843977414644
5,melville,1706,fitzgerald,8.163596766335624
5,melville,1706,twain,7.683048009872436
5,melville,1707,train,3.001841115951538
5,melville,1707,baum,7.655970811843872
5,melville,1707,thompson,8.172407507896423
5,melville,1707,dickens,7.417589902877808
5,melville,1707,melville,7.068307823605007
5,melville,1707,wells,7.689333915710449
5,melville,1707,austen,7.396937590378982
5,melville,1707,fitzgerald,8.165357385362897
5,melville,1707,twain,7.665004682540894
5,melville,1708,train,3.044064331054688
5,melville,1708,baum,7.64837384223938
5,melville,1708,thompson,8.167267680168152
5,melville,1708,dickens,7.430593252182007
5,melville,1708,melville,7.061258580949572
5,melville,1708,wells,7.691888570785522
5,melville,1708,austen,7.405577696286715
5,melville,1708,fitzgerald,8.162946360451835
5,melville,1708,twain,7.669627523422241
5,melville,1709,train,3.012604999542236
5,melville,1709,baum,7.656907558441162
5,melville,1709,thompson,8.176661729812622
5,melville,1709,dickens,7.438339551289876
5,melville,1709,melville,7.064625687069363
5,melville,1709,wells,7.702110926310222
5,melville,1709,austen,7.415572203122652
5,melville,1709,fitzgerald,8.1752347946167
5,melville,1709,twain,7.667583322525024
5,melville,1710,train,3.01080961227417
5,melville,1710,baum,7.649567604064941
5,melville,1710,thompson,8.164137244224548
5,melville,1710,dickens,7.414624087015787
5,melville,1710,melville,7.05853796005249
5,melville,1710,wells,7.6718513170878095
5,melville,1710,austen,7.386005364931547
5,melville,1710,fitzgerald,8.158870015825544
5,melville,1710,twain,7.691358995437622
5,melville,1711,train,2.9850383758544923
5,melville,1711,baum,7.662952542304993
5,melville,1711,thompson,8.17556357383728
5,melville,1711,dickens,7.410769160588583
5,melville,1711,melville,7.058748934004042
5,melville,1711,wells,7.684708436330159
5,melville,1711,austen,7.390259742736816
5,melville,1711,fitzgerald,8.171359743390765
5,melville,1711,twain,7.695979881286621
